1 7 4101 4108 9728 10241 11264 12289 16408 16432 16480 20488 28672 32960 33152 33536 41472 57344 81984 114688 163904 196672 229376
1 7 4101 4108 9728 10241 11264 12289 16408 16432 16480 20488 28672 32960 33152 33536 41472 57344 98368 114688 147520 196672 212992
1 7 4101 4108 9728 10241 11264 12289 16408 16432 16480 20488 28672 32960 33152 33536 41472 57344 114688 147520 163904 212992 229376
1 7 4101 4108 9728 10241 11264 12289 16408 16432 16480 20488 28672 32960 33152 33536 49216 57344 74240 98816 172032 204800 229376
1 7 4101 4108 9728 10241 11264 12289 16408 16432 16480 20488 28672 32960 33152 33536 49216 57344 98816 106496 139776 197120 204800
1 7 4101 4108 9728 10241 11264 12289 16408 16432 16480 20488 28672 32960 33152 33536 49216 57344 98816 139776 172032 197120 229376
1 7 4101 4108 9728 10241 11264 12289 16408 16432 16480 20488 28672 32960 33152 33536 57344 81984 98368 114688 139776 164352 172032
1 7 4101 4108 9728 10241 11264 12289 16408 16432 16480 20488 28672 32960 33152 41472 49216 57344 66304 98560 164352 197120 229376
1 7 4101 4108 9728 10241 11264 12289 16408 16432 16480 20488 28672 32960 33152 41472 49216 57344 98560 98816 131840 196864 197120
1 7 4101 4108 9728 10241 11264 12289 16408 16432 16480 20488 28672 32960 33152 41472 49216 57344 98560 131840 164352 196864 229376
1 7 4101 4108 9728 10241 11264 12289 16408 16432 16480 20488 28672 32960 33152 41472 57344 81984 98368 114688 131840 164096 164352
1 7 4101 4108 9728 10241 11264 12289 16408 16432 16480 20488 28672 32960 33152 49216 57344 66304 74240 98560 172032 204800 229376
1 7 4101 4108 9728 10241 11264 12289 16408 16432 16480 20488 28672 32960 33152 49216 57344 66304 98560 98816 139776 164352 172032
1 7 4101 4108 9728 10241 11264 12289 16408 16432 16480 20488 28672 32960 33152 49216 57344 66304 98560 106496 139776 197120 204800
1 7 4101 4108 9728 10241 11264 12289 16408 16432 16480 20488 28672 32960 33152 49216 57344 66304 98560 139776 172032 197120 229376
1 7 4101 4108 9728 10241 11264 12289 16408 16432 16480 20488 28672 32960 33152 49216 57344 74240 98560 106496 131840 196864 197120
1 7 4101 4108 9728 10241 11264 12289 16408 16432 16480 20488 28672 32960 33152 49216 57344 98560 106496 131840 139776 196864 204800
1 7 4101 4108 9728 10241 11264 12289 16408 16432 16480 20488 28672 32960 33152 49216 57344 98560 131840 139776 172032 196864 229376
1 7 4101 4108 9728 10241 11264 12289 16408 16432 16480 20488 28672 32960 33152 57344 81984 98368 114688 131840 139776 164096 172032
1 7 4101 4108 9728 10241 11264 12289 16408 16432 16480 20488 28672 32960 33536 41472 49216 57344 65920 98432 164096 196864 229376
1 7 4101 4108 9728 10241 11264 12289 16408 16432 16480 20488 28672 32960 33536 41472 49216 57344 98432 98560 131456 196736 196864
1 7 4101 4108 9728 10241 11264 12289 16408 16432 16480 20488 28672 32960 33536 41472 49216 57344 98432 131456 164096 196736 229376
1 7 4101 4108 9728 10241 11264 12289 16408 16432 16480 20488 28672 32960 33536 41472 57344 81984 98368 114688 131456 163968 164096
1 7 4101 4108 9728 10241 11264 12289 16408 16432 16480 20488 28672 32960 33536 49216 57344 65920 98432 98560 139776 164352 172032
1 7 4101 4108 9728 10241 11264 12289 16408 16432 16480 20488 28672 32960 41472 49216 57344 65920 66304 98432 164352 197120 229376
1 7 4101 4108 9728 10241 11264 12289 16408 16432 16480 20488 28672 32960 41472 49216 57344 65920 98432 98560 131840 164096 164352
1 7 4101 4108 9728 10241 11264 12289 16408 16432 16480 20488 28672 32960 41472 49216 57344 65920 98432 98816 131840 196864 197120
1 7 4101 4108 9728 10241 11264 12289 16408 16432 16480 20488 28672 32960 41472 49216 57344 65920 98432 131840 164352 196864 229376
1 7 4101 4108 9728 10241 11264 12289 16408 16432 16480 20488 28672 32960 41472 49216 57344 66304 98432 98816 131456 196736 196864
1 7 4101 4108 9728 10241 11264 12289 16408 16432 16480 20488 28672 32960 41472 49216 57344 98432 98816 131456 131840 196736 197120
1 7 4101 4108 9728 10241 11264 12289 16408 16432 16480 20488 28672 32960 41472 49216 57344 98432 131456 131840 164352 196736 229376
1 7 4101 4108 9728 10241 11264 12289 16408 16432 16480 20488 28672 32960 41472 57344 81984 98368 114688 131456 131840 163968 164352
1 7 4101 4108 9728 10241 11264 12289 16408 16432 16480 20488 28672 32960 49216 57344 65920 66304 74240 98432 172032 204800 229376
1 7 4101 4108 9728 10241 11264 12289 16408 16432 16480 20488 28672 32960 49216 57344 65920 66304 98432 98816 139776 164352 172032
1 7 4101 4108 9728 10241 11264 12289 16408 16432 16480 20488 28672 32960 49216 57344 65920 66304 98432 106496 139776 197120 204800
1 7 4101 4108 9728 10241 11264 12289 16408 16432 16480 20488 28672 32960 49216 57344 65920 66304 98432 139776 172032 197120 229376
1 7 4101 4108 9728 10241 11264 12289 16408 16432 16480 20488 28672 32960 49216 57344 65920 74240 98432 106496 131840 196864 197120
1 7 4101 4108 9728 10241 11264 12289 16408 16432 16480 20488 28672 32960 49216 57344 65920 98432 98560 131840 139776 164096 172032
1 7 4101 4108 9728 10241 11264 12289 16408 16432 16480 20488 28672 32960 49216 57344 65920 98432 106496 131840 139776 196864 204800
1 7 4101 4108 9728 10241 11264 12289 16408 16432 16480 20488 28672 32960 49216 57344 65920 98432 131840 139776 172032 196864 229376
1 7 4101 4108 9728 10241 11264 12289 16408 16432 16480 20488 28672 32960 49216 57344 66304 74240 98432 106496 131456 196736 196864
1 7 4101 4108 9728 10241 11264 12289 16408 16432 16480 20488 28672 32960 49216 57344 74240 98432 106496 131456 131840 196736 197120
1 7 4101 4108 9728 10241 11264 12289 16408 16432 16480 20488 28672 32960 49216 57344 98432 106496 131456 131840 139776 196736 204800
1 7 4101 4108 9728 10241 11264 12289 16408 16432 16480 20488 28672 32960 49216 57344 98432 131456 131840 139776 172032 196736 229376
1 7 4101 4108 9728 10241 11264 12289 16408 16432 16480 20488 28672 32960 57344 81984 98368 114688 131456 131840 139776 163968 172032
1 7 4101 4108 9728 10241 11264 12289 16408 16432 16480 20488 28672 33152 33536 41472 49216 57344 65728 98368 163968 196736 229376
1 7 4101 4108 9728 10241 11264 12289 16408 16432 16480 20488 28672 33152 33536 41472 49216 57344 98368 98432 131264 196672 196736
1 7 4101 4108 9728 10241 11264 12289 16408 16432 16480 20488 28672 33152 33536 41472 49216 57344 98368 131264 163968 196672 229376
1 7 4101 4108 9728 10241 11264 12289 16408 16432 16480 20488 28672 33152 33536 41472 57344 65728 81984 114688 163968 196736 229376
1 7 4101 4108 9728 10241 11264 12289 16408 16432 16480 20488 28672 33152 33536 41472 57344 65728 98432 114688 147520 196672 212992
1 7 4101 4108 9728 10241 11264 12289 16408 16432 16480 20488 28672 33152 33536 41472 57344 81984 98368 114688 131264 163904 163968
1 7 4101 4108 9728 10241 11264 12289 16408 16432 16480 20488 28672 33152 33536 41472 57344 81984 98432 114688 131264 196672 196736
1 7 4101 4108 9728 10241 11264 12289 16408 16432 16480 20488 28672 33152 33536 41472 57344 81984 114688 131264 163968 196672 229376
1 7 4101 4108 9728 10241 11264 12289 16408 16432 16480 20488 28672 33152 33536 41472 57344 98432 114688 131264 147520 196736 212992
1 7 4101 4108 9728 10241 11264 12289 16408 16432 16480 20488 28672 33152 33536 41472 57344 114688 131264 147520 163968 212992 229376
1 7 4101 4108 9728 10241 11264 12289 16408 16432 16480 20488 28672 33152 33536 49216 57344 65728 98368 98432 139776 164352 172032
1 7 4101 4108 9728 10241 11264 12289 16408 16432 16480 20488 28672 33152 33536 57344 65728 81984 98432 114688 139776 164352 172032
1 7 4101 4108 9728 10241 11264 12289 16408 16432 16480 20488 28672 33152 41472 49216 57344 65728 98368 98432 131840 164096 164352
1 7 4101 4108 9728 10241 11264 12289 16408 16432 16480 20488 28672 33152 41472 57344 65728 81984 98432 114688 131840 164096 164352
1 7 4101 4108 9728 10241 11264 12289 16408 16432 16480 20488 28672 33152 49216 57344 65728 98368 98432 131840 139776 164096 172032
1 7 4101 4108 9728 10241 11264 12289 16408 16432 16480 20488 28672 33152 57344 65728 81984 98432 114688 131840 139776 164096 172032
1 7 4101 4108 9728 10241 11264 12289 16408 16432 16480 20488 28672 33536 41472 49216 57344 65728 65920 98368 164096 196864 229376
1 7 4101 4108 9728 10241 11264 12289 16408 16432 16480 20488 28672 33536 41472 49216 57344 65728 98368 98432 131456 163968 164096
1 7 4101 4108 9728 10241 11264 12289 16408 16432 16480 20488 28672 33536 41472 49216 57344 65728 98368 98560 131456 196736 196864
1 7 4101 4108 9728 10241 11264 12289 16408 16432 16480 20488 28672 33536 41472 49216 57344 65728 98368 131456 164096 196736 229376
1 7 4101 4108 9728 10241 11264 12289 16408 16432 16480 20488 28672 33536 41472 49216 57344 65920 98368 98560 131264 196672 196736
1 7 4101 4108 9728 10241 11264 12289 16408 16432 16480 20488 28672 33536 41472 49216 57344 98368 98560 131264 131456 196672 196864
1 7 4101 4108 9728 10241 11264 12289 16408 16432 16480 20488 28672 33536 41472 49216 57344 98368 131264 131456 164096 196672 229376
1 7 4101 4108 9728 10241 11264 12289 16408 16432 16480 20488 28672 33536 41472 57344 65728 65920 81984 114688 164096 196864 229376
1 7 4101 4108 9728 10241 11264 12289 16408 16432 16480 20488 28672 33536 41472 57344 65728 65920 98560 114688 147520 196672 212992
1 7 4101 4108 9728 10241 11264 12289 16408 16432 16480 20488 28672 33536 41472 57344 65728 81984 98432 114688 131456 163968 164096
1 7 4101 4108 9728 10241 11264 12289 16408 16432 16480 20488 28672 33536 41472 57344 65728 81984 98560 114688 131456 196736 196864
1 7 4101 4108 9728 10241 11264 12289 16408 16432 16480 20488 28672 33536 41472 57344 65728 81984 114688 131456 164096 196736 229376
1 7 4101 4108 9728 10241 11264 12289 16408 16432 16480 20488 28672 33536 41472 57344 65920 81984 98560 114688 131264 196672 196736
1 7 4101 4108 9728 10241 11264 12289 16408 16432 16480 20488 28672 33536 41472 57344 65920 98560 114688 131264 147520 196736 212992
1 7 4101 4108 9728 10241 11264 12289 16408 16432 16480 20488 28672 33536 41472 57344 81984 98368 114688 131264 131456 163904 164096
1 7 4101 4108 9728 10241 11264 12289 16408 16432 16480 20488 28672 33536 41472 57344 81984 98560 114688 131264 131456 196672 196864
1 7 4101 4108 9728 10241 11264 12289 16408 16432 16480 20488 28672 33536 41472 57344 81984 114688 131264 131456 164096 196672 229376
1 7 4101 4108 9728 10241 11264 12289 16408 16432 16480 20488 28672 33536 41472 57344 98560 114688 131264 131456 147520 196864 212992
1 7 4101 4108 9728 10241 11264 12289 16408 16432 16480 20488 28672 33536 41472 57344 114688 131264 131456 147520 164096 212992 229376
1 7 4101 4108 9728 10241 11264 12289 16408 16432 16480 20488 28672 33536 49216 57344 65728 65920 98368 98560 139776 164352 172032
1 7 4101 4108 9728 10241 11264 12289 16408 16432 16480 20488 28672 33536 57344 65728 65920 81984 98560 114688 139776 164352 172032
1 7 4101 4108 9728 10241 11264 12289 16408 16432 16480 20488 28672 41472 49216 57344 65728 65920 66304 98368 164352 197120 229376
1 7 4101 4108 9728 10241 11264 12289 16408 16432 16480 20488 28672 41472 49216 57344 65728 65920 98368 98560 131840 164096 164352
1 7 4101 4108 9728 10241 11264 12289 16408 16432 16480 20488 28672 41472 49216 57344 65728 65920 98368 98816 131840 196864 197120
1 7 4101 4108 9728 10241 11264 12289 16408 16432 16480 20488 28672 41472 49216 57344 65728 65920 98368 131840 164352 196864 229376
1 7 4101 4108 9728 10241 11264 12289 16408 16432 16480 20488 28672 41472 49216 57344 65728 66304 98368 98816 131456 196736 196864
1 7 4101 4108 9728 10241 11264 12289 16408 16432 16480 20488 28672 41472 49216 57344 65728 98368 98432 131456 131840 163968 164352
1 7 4101 4108 9728 10241 11264 12289 16408 16432 16480 20488 28672 41472 49216 57344 65728 98368 98816 131456 131840 196736 197120
1 7 4101 4108 9728 10241 11264 12289 16408 16432 16480 20488 28672 41472 49216 57344 65728 98368 131456 131840 164352 196736 229376
1 7 4101 4108 9728 10241 11264 12289 16408 16432 16480 20488 28672 41472 49216 57344 65920 66304 98368 98816 131264 196672 196736
1 7 4101 4108 9728 10241 11264 12289 16408 16432 16480 20488 28672 41472 49216 57344 66304 98368 98816 131264 131456 196672 196864
1 7 4101 4108 9728 10241 11264 12289 16408 16432 16480 20488 28672 41472 49216 57344 98368 98816 131264 131456 131840 196672 197120
1 7 4101 4108 9728 10241 11264 12289 16408 16432 16480 20488 28672 41472 49216 57344 98368 131264 131456 131840 164352 196672 229376
1 7 4101 4108 9728 10241 11264 12289 16408 16432 16480 20488 28672 41472 57344 65728 65920 66304 81984 114688 164352 197120 229376
1 7 4101 4108 9728 10241 11264 12289 16408 16432 16480 20488 28672 41472 57344 65728 65920 66304 98816 114688 147520 196672 212992
1 7 4101 4108 9728 10241 11264 12289 16408 16432 16480 20488 28672 41472 57344 65728 65920 81984 98560 114688 131840 164096 164352
1 7 4101 4108 9728 10241 11264 12289 16408 16432 16480 20488 28672 41472 57344 65728 65920 81984 98816 114688 131840 196864 197120
1 7 4101 4108 9728 10241 11264 12289 16408 16432 16480 20488 28672 41472 57344 65728 65920 81984 114688 131840 164352 196864 229376
1 7 4101 4108 9728 10241 11264 12289 16408 16432 16480 20488 28672 41472 57344 65728 66304 81984 98816 114688 131456 196736 196864
1 7 4101 4108 9728 10241 11264 12289 16408 16432 16480 20488 28672 41472 57344 65728 81984 98432 114688 131456 131840 163968 164352
1 7 4101 4108 9728 10241 11264 12289 16408 16432 16480 20488 28672 41472 57344 65728 81984 98816 114688 131456 131840 196736 197120
1 7 4101 4108 9728 10241 11264 12289 16408 16432 16480 20488 28672 41472 57344 65728 81984 114688 131456 131840 164352 196736 229376
1 7 4101 4108 9728 10241 11264 12289 16408 16432 16480 20488 28672 41472 57344 65920 66304 81984 98816 114688 131264 196672 196736
1 7 4101 4108 9728 10241 11264 12289 16408 16432 16480 20488 28672 41472 57344 65920 66304 98816 114688 131264 147520 196736 212992
1 7 4101 4108 9728 10241 11264 12289 16408 16432 16480 20488 28672 41472 57344 66304 81984 98816 114688 131264 131456 196672 196864
1 7 4101 4108 9728 10241 11264 12289 16408 16432 16480 20488 28672 41472 57344 66304 98816 114688 131264 131456 147520 196864 212992
1 7 4101 4108 9728 10241 11264 12289 16408 16432 16480 20488 28672 41472 57344 81984 98368 114688 131264 131456 131840 163904 164352
1 7 4101 4108 9728 10241 11264 12289 16408 16432 16480 20488 28672 41472 57344 81984 98816 114688 131264 131456 131840 196672 197120
1 7 4101 4108 9728 10241 11264 12289 16408 16432 16480 20488 28672 41472 57344 81984 114688 131264 131456 131840 164352 196672 229376
1 7 4101 4108 9728 10241 11264 12289 16408 16432 16480 20488 28672 41472 57344 98816 114688 131264 131456 131840 147520 197120 212992
1 7 4101 4108 9728 10241 11264 12289 16408 16432 16480 20488 28672 41472 57344 114688 131264 131456 131840 147520 164352 212992 229376
1 7 4101 4108 9728 10241 11264 12289 16408 16432 16480 20488 28672 49216 57344 65728 65920 66304 74240 98368 172032 204800 229376
1 7 4101 4108 9728 10241 11264 12289 16408 16432 16480 20488 28672 49216 57344 65728 65920 66304 98368 98816 139776 164352 172032
1 7 4101 4108 9728 10241 11264 12289 16408 16432 16480 20488 28672 49216 57344 65728 65920 66304 98368 106496 139776 197120 204800
1 7 4101 4108 9728 10241 11264 12289 16408 16432 16480 20488 28672 49216 57344 65728 65920 66304 98368 139776 172032 197120 229376
1 7 4101 4108 9728 10241 11264 12289 16408 16432 16480 20488 28672 49216 57344 65728 65920 74240 98368 106496 131840 196864 197120
1 7 4101 4108 9728 10241 11264 12289 16408 16432 16480 20488 28672 49216 57344 65728 65920 98368 98560 131840 139776 164096 172032
1 7 4101 4108 9728 10241 11264 12289 16408 16432 16480 20488 28672 49216 57344 65728 65920 98368 106496 131840 139776 196864 204800
1 7 4101 4108 9728 10241 11264 12289 16408 16432 16480 20488 28672 49216 57344 65728 65920 98368 131840 139776 172032 196864 229376
1 7 4101 4108 9728 10241 11264 12289 16408 16432 16480 20488 28672 49216 57344 65728 66304 74240 98368 106496 131456 196736 196864
1 7 4101 4108 9728 10241 11264 12289 16408 16432 16480 20488 28672 49216 57344 65728 74240 98368 106496 131456 131840 196736 197120
1 7 4101 4108 9728 10241 11264 12289 16408 16432 16480 20488 28672 49216 57344 65728 98368 98432 131456 131840 139776 163968 172032
1 7 4101 4108 9728 10241 11264 12289 16408 16432 16480 20488 28672 49216 57344 65728 98368 106496 131456 131840 139776 196736 204800
1 7 4101 4108 9728 10241 11264 12289 16408 16432 16480 20488 28672 49216 57344 65728 98368 131456 131840 139776 172032 196736 229376
1 7 4101 4108 9728 10241 11264 12289 16408 16432 16480 20488 28672 49216 57344 65920 66304 74240 98368 106496 131264 196672 196736
1 7 4101 4108 9728 10241 11264 12289 16408 16432 16480 20488 28672 49216 57344 66304 74240 98368 106496 131264 131456 196672 196864
1 7 4101 4108 9728 10241 11264 12289 16408 16432 16480 20488 28672 49216 57344 74240 98368 106496 131264 131456 131840 196672 197120
1 7 4101 4108 9728 10241 11264 12289 16408 16432 16480 20488 28672 49216 57344 98368 106496 131264 131456 131840 139776 196672 204800
1 7 4101 4108 9728 10241 11264 12289 16408 16432 16480 20488 28672 49216 57344 98368 131264 131456 131840 139776 172032 196672 229376
1 7 4101 4108 9728 10241 11264 12289 16408 16432 16480 20488 28672 57344 65728 65920 66304 74240 81984 114688 172032 204800 229376
1 7 4101 4108 9728 10241 11264 12289 16408 16432 16480 20488 28672 57344 65728 65920 66304 74240 106496 114688 147520 196672 212992
1 7 4101 4108 9728 10241 11264 12289 16408 16432 16480 20488 28672 57344 65728 65920 66304 81984 98816 114688 139776 164352 172032
1 7 4101 4108 9728 10241 11264 12289 16408 16432 16480 20488 28672 57344 65728 65920 66304 81984 106496 114688 139776 197120 204800
1 7 4101 4108 9728 10241 11264 12289 16408 16432 16480 20488 28672 57344 65728 65920 66304 81984 114688 139776 172032 197120 229376
1 7 4101 4108 9728 10241 11264 12289 16408 16432 16480 20488 28672 57344 65728 65920 74240 81984 106496 114688 131840 196864 197120
1 7 4101 4108 9728 10241 11264 12289 16408 16432 16480 20488 28672 57344 65728 65920 81984 98560 114688 131840 139776 164096 172032
1 7 4101 4108 9728 10241 11264 12289 16408 16432 16480 20488 28672 57344 65728 65920 81984 106496 114688 131840 139776 196864 204800
1 7 4101 4108 9728 10241 11264 12289 16408 16432 16480 20488 28672 57344 65728 65920 81984 114688 131840 139776 172032 196864 229376
1 7 4101 4108 9728 10241 11264 12289 16408 16432 16480 20488 28672 57344 65728 66304 74240 81984 106496 114688 131456 196736 196864
1 7 4101 4108 9728 10241 11264 12289 16408 16432 16480 20488 28672 57344 65728 74240 81984 106496 114688 131456 131840 196736 197120
1 7 4101 4108 9728 10241 11264 12289 16408 16432 16480 20488 28672 57344 65728 81984 98432 114688 131456 131840 139776 163968 172032
1 7 4101 4108 9728 10241 11264 12289 16408 16432 16480 20488 28672 57344 65728 81984 106496 114688 131456 131840 139776 196736 204800
1 7 4101 4108 9728 10241 11264 12289 16408 16432 16480 20488 28672 57344 65728 81984 114688 131456 131840 139776 172032 196736 229376
1 7 4101 4108 9728 10241 11264 12289 16408 16432 16480 20488 28672 57344 65920 66304 74240 81984 106496 114688 131264 196672 196736
1 7 4101 4108 9728 10241 11264 12289 16408 16432 16480 20488 28672 57344 65920 66304 74240 106496 114688 131264 147520 196736 212992
1 7 4101 4108 9728 10241 11264 12289 16408 16432 16480 20488 28672 57344 66304 74240 81984 106496 114688 131264 131456 196672 196864
1 7 4101 4108 9728 10241 11264 12289 16408 16432 16480 20488 28672 57344 66304 74240 106496 114688 131264 131456 147520 196864 212992
1 7 4101 4108 9728 10241 11264 12289 16408 16432 16480 20488 28672 57344 74240 81984 106496 114688 131264 131456 131840 196672 197120
1 7 4101 4108 9728 10241 11264 12289 16408 16432 16480 20488 28672 57344 74240 106496 114688 131264 131456 131840 147520 197120 212992
1 7 4101 4108 9728 10241 11264 12289 16408 16432 16480 20488 28672 57344 81984 98368 114688 131264 131456 131840 139776 163904 172032
1 7 4101 4108 9728 10241 11264 12289 16408 16432 16480 20488 28672 57344 81984 106496 114688 131264 131456 131840 139776 196672 204800
1 7 4101 4108 9728 10241 11264 12289 16408 16432 16480 20488 28672 57344 81984 114688 131264 131456 131840 139776 172032 196672 229376
1 7 4101 4108 9728 10241 11264 12289 16408 16432 16480 20488 28672 57344 106496 114688 131264 131456 131840 139776 147520 204800 212992
1 7 4101 4108 9728 10241 11264 12289 16408 16432 16480 20488 28672 57344 114688 131264 131456 131840 139776 147520 172032 212992 229376
1 7 4101 4108 9728 10241 11264 12289 16408 16432 16480 28672 32960 33152 33536 41472 49216 57344 69640 81928 151552 200704 212992
1 7 4101 4108 9728 10241 11264 12289 16408 16432 16480 28672 32960 33152 33536 41472 49216 57344 81928 86016 135176 196616 200704
1 7 4101 4108 9728 10241 11264 12289 16408 16432 16480 28672 32960 33152 33536 41472 49216 57344 81928 135176 151552 196616 212992
1 7 4101 4108 9728 10241 11264 12289 16408 16432 16480 28672 32960 33152 33536 41472 57344 81984 98368 114688 135176 147464 151552
1 7 4101 4108 9728 10241 11264 12289 16408 16432 16480 28672 32960 33152 33536 49216 57344 74240 98816 106496 135176 147464 151552
1 7 4101 4108 9728 10241 11264 12289 16408 16432 16480 28672 32960 33152 41472 49216 57344 66304 98560 98816 135176 147464 151552
1 7 4101 4108 9728 10241 11264 12289 16408 16432 16480 28672 32960 33152 49216 57344 66304 74240 98560 106496 135176 147464 151552
1 7 4101 4108 9728 10241 11264 12289 16408 16432 16480 28672 32960 33536 41472 49216 57344 65920 98432 98560 135176 147464 151552
1 7 4101 4108 9728 10241 11264 12289 16408 16432 16480 28672 32960 41472 49216 57344 65920 66304 98432 98816 135176 147464 151552
1 7 4101 4108 9728 10241 11264 12289 16408 16432 16480 28672 32960 49216 57344 65920 66304 74240 98432 106496 135176 147464 151552
1 7 4101 4108 9728 10241 11264 12289 16408 16432 16480 28672 33152 33536 41472 49216 57344 65728 98368 98432 135176 147464 151552
1 7 4101 4108 9728 10241 11264 12289 16408 16432 16480 28672 33152 33536 41472 57344 65728 81984 98432 114688 135176 147464 151552
1 7 4101 4108 9728 10241 11264 12289 16408 16432 16480 28672 33536 41472 49216 57344 65728 65920 98368 98560 135176 147464 151552
1 7 4101 4108 9728 10241 11264 12289 16408 16432 16480 28672 33536 41472 57344 65728 65920 81984 98560 114688 135176 147464 151552
1 7 4101 4108 9728 10241 11264 12289 16408 16432 16480 28672 41472 49216 57344 65728 65920 66304 98368 98816 135176 147464 151552
1 7 4101 4108 9728 10241 11264 12289 16408 16432 16480 28672 41472 57344 65728 65920 66304 81984 98816 114688 135176 147464 151552
1 7 4101 4108 9728 10241 11264 12289 16408 16432 16480 28672 49216 57344 65728 65920 66304 74240 98368 106496 135176 147464 151552
1 7 4101 4108 9728 10241 11264 12289 16408 16432 16480 28672 57344 65728 65920 66304 74240 81984 106496 114688 135176 147464 151552
1 7 4101 4108 9728 10241 11264 12289 16408 16432 20488 28672 32864 32960 33152 49184 57344 66304 74240 98560 172032 204800 229376
1 7 4101 4108 9728 10241 11264 12289 16408 16432 20488 28672 32864 32960 33152 49184 57344 66304 98560 106496 139776 197120 204800
1 7 4101 4108 9728 10241 11264 12289 16408 16432 20488 28672 32864 32960 33152 49184 57344 66304 98560 139776 172032 197120 229376
1 7 4101 4108 9728 10241 11264 12289 16408 16432 20488 28672 32864 32960 33152 49184 57344 74240 98560 106496 131840 196864 197120
1 7 4101 4108 9728 10241 11264 12289 16408 16432 20488 28672 32864 32960 33152 49184 57344 98560 106496 131840 139776 196864 204800
1 7 4101 4108 9728 10241 11264 12289 16408 16432 20488 28672 32864 32960 33152 49184 57344 98560 131840 139776 172032 196864 229376
1 7 4101 4108 9728 10241 11264 12289 16408 16432 20488 28672 32864 32960 33152 57344 81952 98336 114688 131840 139776 164096 172032
1 7 4101 4108 9728 10241 11264 12289 16408 16432 20488 28672 32864 32960 49184 57344 65920 66304 74240 98432 172032 204800 229376
1 7 4101 4108 9728 10241 11264 12289 16408 16432 20488 28672 32864 32960 49184 57344 65920 66304 98432 106496 139776 197120 204800
1 7 4101 4108 9728 10241 11264 12289 16408 16432 20488 28672 32864 32960 49184 57344 65920 66304 98432 139776 172032 197120 229376
1 7 4101 4108 9728 10241 11264 12289 16408 16432 20488 28672 32864 32960 49184 57344 65920 74240 98432 106496 131840 196864 197120
1 7 4101 4108 9728 10241 11264 12289 16408 16432 20488 28672 32864 32960 49184 57344 65920 98432 98560 131840 139776 164096 172032
1 7 4101 4108 9728 10241 11264 12289 16408 16432 20488 28672 32864 32960 49184 57344 65920 98432 106496 131840 139776 196864 204800
1 7 4101 4108 9728 10241 11264 12289 16408 16432 20488 28672 32864 32960 49184 57344 65920 98432 131840 139776 172032 196864 229376
1 7 4101 4108 9728 10241 11264 12289 16408 16432 20488 28672 32864 32960 49184 57344 66304 74240 98432 106496 131456 196736 196864
1 7 4101 4108 9728 10241 11264 12289 16408 16432 20488 28672 32864 32960 49184 57344 74240 98432 106496 131456 131840 196736 197120
1 7 4101 4108 9728 10241 11264 12289 16408 16432 20488 28672 32864 32960 49184 57344 98432 106496 131456 131840 139776 196736 204800
1 7 4101 4108 9728 10241 11264 12289 16408 16432 20488 28672 32864 32960 49184 57344 98432 131456 131840 139776 172032 196736 229376
1 7 4101 4108 9728 10241 11264 12289 16408 16432 20488 28672 32864 32960 57344 81952 98336 114688 131456 131840 139776 163968 172032
1 7 4101 4108 9728 10241 11264 12289 16408 16432 20488 28672 32864 33152 49184 57344 65728 98368 98432 131840 139776 164096 172032
1 7 4101 4108 9728 10241 11264 12289 16408 16432 20488 28672 32864 49184 57344 65728 65920 66304 74240 98368 172032 204800 229376
1 7 4101 4108 9728 10241 11264 12289 16408 16432 20488 28672 32864 49184 57344 65728 65920 66304 98368 106496 139776 197120 204800
1 7 4101 4108 9728 10241 11264 12289 16408 16432 20488 28672 32864 49184 57344 65728 65920 66304 98368 139776 172032 197120 229376
1 7 4101 4108 9728 10241 11264 12289 16408 16432 20488 28672 32864 49184 57344 65728 65920 74240 98368 106496 131840 196864 197120
1 7 4101 4108 9728 10241 11264 12289 16408 16432 20488 28672 32864 49184 57344 65728 65920 98368 98560 131840 139776 164096 172032
1 7 4101 4108 9728 10241 11264 12289 16408 16432 20488 28672 32864 49184 57344 65728 65920 98368 106496 131840 139776 196864 204800
1 7 4101 4108 9728 10241 11264 12289 16408 16432 20488 28672 32864 49184 57344 65728 65920 98368 131840 139776 172032 196864 229376
1 7 4101 4108 9728 10241 11264 12289 16408 16432 20488 28672 32864 49184 57344 65728 66304 74240 98368 106496 131456 196736 196864
1 7 4101 4108 9728 10241 11264 12289 16408 16432 20488 28672 32864 49184 57344 65728 74240 98368 106496 131456 131840 196736 197120
1 7 4101 4108 9728 10241 11264 12289 16408 16432 20488 28672 32864 49184 57344 65728 98368 98432 131456 131840 139776 163968 172032
1 7 4101 4108 9728 10241 11264 12289 16408 16432 20488 28672 32864 49184 57344 65728 98368 106496 131456 131840 139776 196736 204800
1 7 4101 4108 9728 10241 11264 12289 16408 16432 20488 28672 32864 49184 57344 65728 98368 131456 131840 139776 172032 196736 229376
1 7 4101 4108 9728 10241 11264 12289 16408 16432 20488 28672 32864 49184 57344 65920 66304 74240 98368 106496 131264 196672 196736
1 7 4101 4108 9728 10241 11264 12289 16408 16432 20488 28672 32864 49184 57344 66304 74240 98368 106496 131264 131456 196672 196864
1 7 4101 4108 9728 10241 11264 12289 16408 16432 20488 28672 32864 49184 57344 74240 98368 106496 131264 131456 131840 196672 197120
1 7 4101 4108 9728 10241 11264 12289 16408 16432 20488 28672 32864 49184 57344 98368 106496 131264 131456 131840 139776 196672 204800
1 7 4101 4108 9728 10241 11264 12289 16408 16432 20488 28672 32864 49184 57344 98368 131264 131456 131840 139776 172032 196672 229376
1 7 4101 4108 9728 10241 11264 12289 16408 16432 20488 28672 32864 57344 81952 98336 114688 131264 131456 131840 139776 163904 172032
1 7 4101 4108 9728 10241 11264 12289 16408 16432 20488 28672 32960 33152 33536 41472 49216 57344 65632 81984 147488 196640 212992
1 7 4101 4108 9728 10241 11264 12289 16408 16432 20488 28672 32960 33152 33536 41472 49216 57344 81952 81984 131168 196640 196672
1 7 4101 4108 9728 10241 11264 12289 16408 16432 20488 28672 32960 33152 33536 41472 49216 57344 81984 131168 147488 196672 212992
1 7 4101 4108 9728 10241 11264 12289 16408 16432 20488 28672 32960 33152 33536 41472 57344 65632 81952 114688 163904 196672 229376
1 7 4101 4108 9728 10241 11264 12289 16408 16432 20488 28672 32960 33152 33536 41472 57344 65632 98368 114688 147488 196640 212992
1 7 4101 4108 9728 10241 11264 12289 16408 16432 20488 28672 32960 33152 33536 41472 57344 81952 98368 114688 131168 196640 196672
1 7 4101 4108 9728 10241 11264 12289 16408 16432 20488 28672 32960 33152 33536 41472 57344 81952 114688 131168 163904 196640 229376
1 7 4101 4108 9728 10241 11264 12289 16408 16432 20488 28672 32960 33152 33536 41472 57344 81984 98368 114688 131168 147488 147520
1 7 4101 4108 9728 10241 11264 12289 16408 16432 20488 28672 32960 33152 33536 41472 57344 98368 114688 131168 147488 196672 212992
1 7 4101 4108 9728 10241 11264 12289 16408 16432 20488 28672 32960 33152 33536 41472 57344 114688 131168 147488 163904 212992 229376
1 7 4101 4108 9728 10241 11264 12289 16408 16432 20488 28672 32960 33152 33536 49216 57344 74240 98816 106496 131168 147488 147520
1 7 4101 4108 9728 10241 11264 12289 16408 16432 20488 28672 32960 33152 33536 57344 65632 81952 98368 114688 139776 164352 172032
1 7 4101 4108 9728 10241 11264 12289 16408 16432 20488 28672 32960 33152 41472 49216 57344 66304 98560 98816 131168 147488 147520
1 7 4101 4108 9728 10241 11264 12289 16408 16432 20488 28672 32960 33152 41472 57344 65632 81952 98368 114688 131840 164096 164352
1 7 4101 4108 9728 10241 11264 12289 16408 16432 20488 28672 32960 33152 49184 57344 65632 98336 98368 131840 139776 164096 172032
1 7 4101 4108 9728 10241 11264 12289 16408 16432 20488 28672 32960 33152 49216 57344 66304 74240 98560 106496 131168 147488 147520
1 7 4101 4108 9728 10241 11264 12289 16408 16432 20488 28672 32960 33152 57344 65632 81952 98368 114688 131840 139776 164096 172032
1 7 4101 4108 9728 10241 11264 12289 16408 16432 20488 28672 32960 33536 41472 49216 57344 65920 98432 98560 131168 147488 147520
1 7 4101 4108 9728 10241 11264 12289 16408 16432 20488 28672 32960 33536 41472 57344 65632 81952 98368 114688 131456 163968 164096
1 7 4101 4108 9728 10241 11264 12289 16408 16432 20488 28672 32960 41472 49216 57344 65920 66304 98432 98816 131168 147488 147520
1 7 4101 4108 9728 10241 11264 12289 16408 16432 20488 28672 32960 41472 57344 65632 81952 98368 114688 131456 131840 163968 164352
1 7 4101 4108 9728 10241 11264 12289 16408 16432 20488 28672 32960 49184 57344 65632 98336 98368 131456 131840 139776 163968 172032
1 7 4101 4108 9728 10241 11264 12289 16408 16432 20488 28672 32960 49216 57344 65920 66304 74240 98432 106496 131168 147488 147520
1 7 4101 4108 9728 10241 11264 12289 16408 16432 20488 28672 32960 57344 65632 81952 98368 114688 131456 131840 139776 163968 172032
1 7 4101 4108 9728 10241 11264 12289 16408 16432 20488 28672 33152 33536 41472 49216 57344 65728 98368 98432 131168 147488 147520
1 7 4101 4108 9728 10241 11264 12289 16408 16432 20488 28672 33152 33536 41472 57344 65632 65728 81952 114688 163968 196736 229376
1 7 4101 4108 9728 10241 11264 12289 16408 16432 20488 28672 33152 33536 41472 57344 65632 65728 98432 114688 147488 196640 212992
1 7 4101 4108 9728 10241 11264 12289 16408 16432 20488 28672 33152 33536 41472 57344 65632 81952 98368 114688 131264 163904 163968
1 7 4101 4108 9728 10241 11264 12289 16408 16432 20488 28672 33152 33536 41472 57344 65632 81952 98432 114688 131264 196672 196736
1 7 4101 4108 9728 10241 11264 12289 16408 16432 20488 28672 33152 33536 41472 57344 65632 81952 114688 131264 163968 196672 229376
1 7 4101 4108 9728 10241 11264 12289 16408 16432 20488 28672 33152 33536 41472 57344 65728 81952 98432 114688 131168 196640 196672
1 7 4101 4108 9728 10241 11264 12289 16408 16432 20488 28672 33152 33536 41472 57344 65728 81984 98432 114688 131168 147488 147520
1 7 4101 4108 9728 10241 11264 12289 16408 16432 20488 28672 33152 33536 41472 57344 65728 98432 114688 131168 147488 196672 212992
1 7 4101 4108 9728 10241 11264 12289 16408 16432 20488 28672 33152 33536 41472 57344 81952 98432 114688 131168 131264 196640 196736
1 7 4101 4108 9728 10241 11264 12289 16408 16432 20488 28672 33152 33536 41472 57344 81952 114688 131168 131264 163968 196640 229376
1 7 4101 4108 9728 10241 11264 12289 16408 16432 20488 28672 33152 33536 41472 57344 98432 114688 131168 131264 147488 196736 212992
1 7 4101 4108 9728 10241 11264 12289 16408 16432 20488 28672 33152 33536 41472 57344 114688 131168 131264 147488 163968 212992 229376
1 7 4101 4108 9728 10241 11264 12289 16408 16432 20488 28672 33152 33536 57344 65632 65728 81952 98432 114688 139776 164352 172032
1 7 4101 4108 9728 10241 11264 12289 16408 16432 20488 28672 33152 41472 57344 65632 65728 81952 98432 114688 131840 164096 164352
1 7 4101 4108 9728 10241 11264 12289 16408 16432 20488 28672 33152 49184 57344 65632 65728 98336 98432 131840 139776 164096 172032
1 7 4101 4108 9728 10241 11264 12289 16408 16432 20488 28672 33152 57344 65632 65728 81952 98432 114688 131840 139776 164096 172032
1 7 4101 4108 9728 10241 11264 12289 16408 16432 20488 28672 33536 41472 49216 57344 65728 65920 98368 98560 131168 147488 147520
1 7 4101 4108 9728 10241 11264 12289 16408 16432 20488 28672 33536 41472 57344 65632 65728 65920 81952 114688 164096 196864 229376
1 7 4101 4108 9728 10241 11264 12289 16408 16432 20488 28672 33536 41472 57344 65632 65728 65920 98560 114688 147488 196640 212992
1 7 4101 4108 9728 10241 11264 12289 16408 16432 20488 28672 33536 41472 57344 65632 65728 81952 98432 114688 131456 163968 164096
1 7 4101 4108 9728 10241 11264 12289 16408 16432 20488 28672 33536 41472 57344 65632 65728 81952 98560 114688 131456 196736 196864
1 7 4101 4108 9728 10241 11264 12289 16408 16432 20488 28672 33536 41472 57344 65632 65728 81952 114688 131456 164096 196736 229376
1 7 4101 4108 9728 10241 11264 12289 16408 16432 20488 28672 33536 41472 57344 65632 65920 81952 98560 114688 131264 196672 196736
1 7 4101 4108 9728 10241 11264 12289 16408 16432 20488 28672 33536 41472 57344 65632 81952 98368 114688 131264 131456 163904 164096
1 7 4101 4108 9728 10241 11264 12289 16408 16432 20488 28672 33536 41472 57344 65632 81952 98560 114688 131264 131456 196672 196864
1 7 4101 4108 9728 10241 11264 12289 16408 16432 20488 28672 33536 41472 57344 65632 81952 114688 131264 131456 164096 196672 229376
1 7 4101 4108 9728 10241 11264 12289 16408 16432 20488 28672 33536 41472 57344 65728 65920 81952 98560 114688 131168 196640 196672
1 7 4101 4108 9728 10241 11264 12289 16408 16432 20488 28672 33536 41472 57344 65728 65920 81984 98560 114688 131168 147488 147520
1 7 4101 4108 9728 10241 11264 12289 16408 16432 20488 28672 33536 41472 57344 65728 65920 98560 114688 131168 147488 196672 212992
1 7 4101 4108 9728 10241 11264 12289 16408 16432 20488 28672 33536 41472 57344 65920 81952 98560 114688 131168 131264 196640 196736
1 7 4101 4108 9728 10241 11264 12289 16408 16432 20488 28672 33536 41472 57344 65920 98560 114688 131168 131264 147488 196736 212992
1 7 4101 4108 9728 10241 11264 12289 16408 16432 20488 28672 33536 41472 57344 81952 98560 114688 131168 131264 131456 196640 196864
1 7 4101 4108 9728 10241 11264 12289 16408 16432 20488 28672 33536 41472 57344 81952 114688 131168 131264 131456 164096 196640 229376
1 7 4101 4108 9728 10241 11264 12289 16408 16432 20488 28672 33536 41472 57344 98560 114688 131168 131264 131456 147488 196864 212992
1 7 4101 4108 9728 10241 11264 12289 16408 16432 20488 28672 33536 41472 57344 114688 131168 131264 131456 147488 164096 212992 229376
1 7 4101 4108 9728 10241 11264 12289 16408 16432 20488 28672 33536 57344 65632 65728 65920 81952 98560 114688 139776 164352 172032
1 7 4101 4108 9728 10241 11264 12289 16408 16432 20488 28672 41472 49216 57344 65728 65920 66304 98368 98816 131168 147488 147520
1 7 4101 4108 9728 10241 11264 12289 16408 16432 20488 28672 41472 57344 65632 65728 65920 81952 98560 114688 131840 164096 164352
1 7 4101 4108 9728 10241 11264 12289 16408 16432 20488 28672 41472 57344 65632 65728 65920 81952 114688 131840 164352 196864 229376
1 7 4101 4108 9728 10241 11264 12289 16408 16432 20488 28672 41472 57344 65632 65728 81952 98432 114688 131456 131840 163968 164352
1 7 4101 4108 9728 10241 11264 12289 16408 16432 20488 28672 41472 57344 65632 65728 81952 114688 131456 131840 164352 196736 229376
1 7 4101 4108 9728 10241 11264 12289 16408 16432 20488 28672 41472 57344 65632 81952 98368 114688 131264 131456 131840 163904 164352
1 7 4101 4108 9728 10241 11264 12289 16408 16432 20488 28672 41472 57344 65632 81952 114688 131264 131456 131840 164352 196672 229376
1 7 4101 4108 9728 10241 11264 12289 16408 16432 20488 28672 41472 57344 65728 65920 66304 81984 98816 114688 131168 147488 147520
1 7 4101 4108 9728 10241 11264 12289 16408 16432 20488 28672 41472 57344 65728 65920 66304 98816 114688 131168 147488 196672 212992
1 7 4101 4108 9728 10241 11264 12289 16408 16432 20488 28672 41472 57344 65920 66304 98816 114688 131168 131264 147488 196736 212992
1 7 4101 4108 9728 10241 11264 12289 16408 16432 20488 28672 41472 57344 66304 98816 114688 131168 131264 131456 147488 196864 212992
1 7 4101 4108 9728 10241 11264 12289 16408 16432 20488 28672 49184 57344 65632 65728 65920 98336 98560 131840 139776 164096 172032
1 7 4101 4108 9728 10241 11264 12289 16408 16432 20488 28672 49184 57344 65632 65728 65920 98336 106496 131840 139776 196864 204800
1 7 4101 4108 9728 10241 11264 12289 16408 16432 20488 28672 49184 57344 65632 65728 65920 98336 131840 139776 172032 196864 229376
1 7 4101 4108 9728 10241 11264 12289 16408 16432 20488 28672 49184 57344 65632 65728 98336 98432 131456 131840 139776 163968 172032
1 7 4101 4108 9728 10241 11264 12289 16408 16432 20488 28672 49184 57344 65632 65728 98336 106496 131456 131840 139776 196736 204800
1 7 4101 4108 9728 10241 11264 12289 16408 16432 20488 28672 49184 57344 65632 65728 98336 131456 131840 139776 172032 196736 229376
1 7 4101 4108 9728 10241 11264 12289 16408 16432 20488 28672 49184 57344 65632 98336 98368 131264 131456 131840 139776 163904 172032
1 7 4101 4108 9728 10241 11264 12289 16408 16432 20488 28672 49184 57344 65632 98336 106496 131264 131456 131840 139776 196672 204800
1 7 4101 4108 9728 10241 11264 12289 16408 16432 20488 28672 49184 57344 65632 98336 131264 131456 131840 139776 172032 196672 229376
1 7 4101 4108 9728 10241 11264 12289 16408 16432 20488 28672 49216 57344 65728 65920 66304 74240 98368 106496 131168 147488 147520
1 7 4101 4108 9728 10241 11264 12289 16408 16432 20488 28672 57344 65632 65728 65920 81952 98560 114688 131840 139776 164096 172032
1 7 4101 4108 9728 10241 11264 12289 16408 16432 20488 28672 57344 65632 65728 65920 81952 106496 114688 131840 139776 196864 204800
1 7 4101 4108 9728 10241 11264 12289 16408 16432 20488 28672 57344 65632 65728 65920 81952 114688 131840 139776 172032 196864 229376
1 7 4101 4108 9728 10241 11264 12289 16408 16432 20488 28672 57344 65632 65728 81952 98432 114688 131456 131840 139776 163968 172032
1 7 4101 4108 9728 10241 11264 12289 16408 16432 20488 28672 57344 65632 65728 81952 106496 114688 131456 131840 139776 196736 204800
1 7 4101 4108 9728 10241 11264 12289 16408 16432 20488 28672 57344 65632 65728 81952 114688 131456 131840 139776 172032 196736 229376
1 7 4101 4108 9728 10241 11264 12289 16408 16432 20488 28672 57344 65632 81952 98368 114688 131264 131456 131840 139776 163904 172032
1 7 4101 4108 9728 10241 11264 12289 16408 16432 20488 28672 57344 65632 81952 106496 114688 131264 131456 131840 139776 196672 204800
1 7 4101 4108 9728 10241 11264 12289 16408 16432 20488 28672 57344 65632 81952 114688 131264 131456 131840 139776 172032 196672 229376
1 7 4101 4108 9728 10241 11264 12289 16408 16432 20488 28672 57344 65728 65920 66304 74240 81984 106496 114688 131168 147488 147520
1 7 4101 4108 9728 10241 11264 12289 16408 16432 20488 28672 57344 65728 65920 66304 74240 106496 114688 131168 147488 196672 212992
1 7 4101 4108 9728 10241 11264 12289 16408 16432 20488 28672 57344 65920 66304 74240 106496 114688 131168 131264 147488 196736 212992
1 7 4101 4108 9728 10241 11264 12289 16408 16432 20488 28672 57344 66304 74240 106496 114688 131168 131264 131456 147488 196864 212992
1 7 4101 4108 9728 10241 11264 12289 16408 16432 28672 32864 32960 33152 49184 57344 66304 74240 98560 106496 135176 147464 151552
1 7 4101 4108 9728 10241 11264 12289 16408 16432 28672 32864 32960 49184 57344 65920 66304 74240 98432 106496 135176 147464 151552
1 7 4101 4108 9728 10241 11264 12289 16408 16432 28672 32864 49184 57344 65728 65920 66304 74240 98368 106496 135176 147464 151552
1 7 4101 4108 9728 10241 11264 12289 16408 16432 28672 32960 33152 33536 41472 49216 57344 65632 81952 81984 135176 147464 151552
1 7 4101 4108 9728 10241 11264 12289 16408 16432 28672 32960 33152 33536 41472 57344 65632 81952 98368 114688 135176 147464 151552
1 7 4101 4108 9728 10241 11264 12289 16408 16432 28672 33152 33536 41472 57344 65632 65728 81952 98432 114688 135176 147464 151552
1 7 4101 4108 9728 10241 11264 12289 16408 16432 28672 33536 41472 57344 65632 65728 65920 81952 98560 114688 135176 147464 151552
1 7 4101 4108 9728 10241 11264 12289 16408 16480 20488 28672 32960 33152 33536 41472 49216 57344 65584 81952 147472 196624 212992
1 7 4101 4108 9728 10241 11264 12289 16408 16480 20488 28672 32960 33152 33536 41472 49216 57344 81936 81952 131120 196624 196640
1 7 4101 4108 9728 10241 11264 12289 16408 16480 20488 28672 32960 33152 33536 41472 49216 57344 81952 131120 147472 196640 212992
1 7 4101 4108 9728 10241 11264 12289 16408 16480 20488 28672 32960 33152 33536 41472 57344 81984 98368 114688 131120 147472 147488
1 7 4101 4108 9728 10241 11264 12289 16408 16480 20488 28672 32960 33152 33536 49216 57344 74240 98816 106496 131120 147472 147488
1 7 4101 4108 9728 10241 11264 12289 16408 16480 20488 28672 32960 33152 41472 49216 57344 66304 98560 98816 131120 147472 147488
1 7 4101 4108 9728 10241 11264 12289 16408 16480 20488 28672 32960 33152 49216 57344 66304 74240 98560 106496 131120 147472 147488
1 7 4101 4108 9728 10241 11264 12289 16408 16480 20488 28672 32960 33536 41472 49216 57344 65920 98432 98560 131120 147472 147488
1 7 4101 4108 9728 10241 11264 12289 16408 16480 20488 28672 32960 41472 49216 57344 65920 66304 98432 98816 131120 147472 147488
1 7 4101 4108 9728 10241 11264 12289 16408 16480 20488 28672 32960 49216 57344 65920 66304 74240 98432 106496 131120 147472 147488
1 7 4101 4108 9728 10241 11264 12289 16408 16480 20488 28672 33152 33536 41472 49216 57344 65728 98368 98432 131120 147472 147488
1 7 4101 4108 9728 10241 11264 12289 16408 16480 20488 28672 33152 33536 41472 57344 65728 81984 98432 114688 131120 147472 147488
1 7 4101 4108 9728 10241 11264 12289 16408 16480 20488 28672 33536 41472 49216 57344 65728 65920 98368 98560 131120 147472 147488
1 7 4101 4108 9728 10241 11264 12289 16408 16480 20488 28672 33536 41472 57344 65728 65920 81984 98560 114688 131120 147472 147488
1 7 4101 4108 9728 10241 11264 12289 16408 16480 20488 28672 41472 49216 57344 65728 65920 66304 98368 98816 131120 147472 147488
1 7 4101 4108 9728 10241 11264 12289 16408 16480 20488 28672 41472 57344 65728 65920 66304 81984 98816 114688 131120 147472 147488
1 7 4101 4108 9728 10241 11264 12289 16408 16480 20488 28672 49216 57344 65728 65920 66304 74240 98368 106496 131120 147472 147488
1 7 4101 4108 9728 10241 11264 12289 16408 16480 20488 28672 57344 65728 65920 66304 74240 81984 106496 114688 131120 147472 147488
1 7 4101 4108 9728 10241 11264 12289 16408 16480 28672 32960 33152 33536 41472 49216 57344 65584 81936 81952 135176 147464 151552
1 7 4101 4108 9728 10241 11264 12289 16408 20488 28672 32816 32864 32960 49168 57344 65920 66304 74240 98432 172032 204800 229376
1 7 4101 4108 9728 10241 11264 12289 16408 20488 28672 32816 32864 32960 49168 57344 65920 66304 98432 106496 139776 197120 204800
1 7 4101 4108 9728 10241 11264 12289 16408 20488 28672 32816 32864 32960 49168 57344 65920 66304 98432 139776 172032 197120 229376
1 7 4101 4108 9728 10241 11264 12289 16408 20488 28672 32816 32864 32960 49168 57344 65920 74240 98432 106496 131840 196864 197120
1 7 4101 4108 9728 10241 11264 12289 16408 20488 28672 32816 32864 32960 49168 57344 65920 98432 106496 131840 139776 196864 204800
1 7 4101 4108 9728 10241 11264 12289 16408 20488 28672 32816 32864 32960 49168 57344 65920 98432 131840 139776 172032 196864 229376
1 7 4101 4108 9728 10241 11264 12289 16408 20488 28672 32816 32864 32960 49168 57344 66304 74240 98432 106496 131456 196736 196864
1 7 4101 4108 9728 10241 11264 12289 16408 20488 28672 32816 32864 32960 49168 57344 74240 98432 106496 131456 131840 196736 197120
1 7 4101 4108 9728 10241 11264 12289 16408 20488 28672 32816 32864 32960 49168 57344 98432 106496 131456 131840 139776 196736 204800
1 7 4101 4108 9728 10241 11264 12289 16408 20488 28672 32816 32864 32960 49168 57344 98432 131456 131840 139776 172032 196736 229376
1 7 4101 4108 9728 10241 11264 12289 16408 20488 28672 32816 32864 32960 57344 81936 98320 114688 131456 131840 139776 163968 172032
1 7 4101 4108 9728 10241 11264 12289 16408 20488 28672 32816 32864 49168 57344 65728 65920 66304 74240 98368 172032 204800 229376
1 7 4101 4108 9728 10241 11264 12289 16408 20488 28672 32816 32864 49168 57344 65728 65920 66304 98368 106496 139776 197120 204800
1 7 4101 4108 9728 10241 11264 12289 16408 20488 28672 32816 32864 49168 57344 65728 65920 66304 98368 139776 172032 197120 229376
1 7 4101 4108 9728 10241 11264 12289 16408 20488 28672 32816 32864 49168 57344 65728 65920 74240 98368 106496 131840 196864 197120
1 7 4101 4108 9728 10241 11264 12289 16408 20488 28672 32816 32864 49168 57344 65728 65920 98368 106496 131840 139776 196864 204800
1 7 4101 4108 9728 10241 11264 12289 16408 20488 28672 32816 32864 49168 57344 65728 65920 98368 131840 139776 172032 196864 229376
1 7 4101 4108 9728 10241 11264 12289 16408 20488 28672 32816 32864 49168 57344 65728 66304 74240 98368 106496 131456 196736 196864
1 7 4101 4108 9728 10241 11264 12289 16408 20488 28672 32816 32864 49168 57344 65728 74240 98368 106496 131456 131840 196736 197120
1 7 4101 4108 9728 10241 11264 12289 16408 20488 28672 32816 32864 49168 57344 65728 98368 98432 131456 131840 139776 163968 172032
1 7 4101 4108 9728 10241 11264 12289 16408 20488 28672 32816 32864 49168 57344 65728 98368 106496 131456 131840 139776 196736 204800
1 7 4101 4108 9728 10241 11264 12289 16408 20488 28672 32816 32864 49168 57344 65728 98368 131456 131840 139776 172032 196736 229376
1 7 4101 4108 9728 10241 11264 12289 16408 20488 28672 32816 32864 49168 57344 65920 66304 74240 98368 106496 131264 196672 196736
1 7 4101 4108 9728 10241 11264 12289 16408 20488 28672 32816 32864 49168 57344 66304 74240 98368 106496 131264 131456 196672 196864
1 7 4101 4108 9728 10241 11264 12289 16408 20488 28672 32816 32864 49168 57344 74240 98368 106496 131264 131456 131840 196672 197120
1 7 4101 4108 9728 10241 11264 12289 16408 20488 28672 32816 32864 49168 57344 98368 106496 131264 131456 131840 139776 196672 204800
1 7 4101 4108 9728 10241 11264 12289 16408 20488 28672 32816 32864 49168 57344 98368 131264 131456 131840 139776 172032 196672 229376
1 7 4101 4108 9728 10241 11264 12289 16408 20488 28672 32816 32864 57344 81936 98320 114688 131264 131456 131840 139776 163904 172032
1 7 4101 4108 9728 10241 11264 12289 16408 20488 28672 32816 32960 49168 57344 65632 98336 98368 131456 131840 139776 163968 172032
1 7 4101 4108 9728 10241 11264 12289 16408 20488 28672 32816 49168 57344 65632 65728 65920 98336 106496 131840 139776 196864 204800
1 7 4101 4108 9728 10241 11264 12289 16408 20488 28672 32816 49168 57344 65632 65728 65920 98336 131840 139776 172032 196864 229376
1 7 4101 4108 9728 10241 11264 12289 16408 20488 28672 32816 49168 57344 65632 65728 98336 98432 131456 131840 139776 163968 172032
1 7 4101 4108 9728 10241 11264 12289 16408 20488 28672 32816 49168 57344 65632 65728 98336 106496 131456 131840 139776 196736 204800
1 7 4101 4108 9728 10241 11264 12289 16408 20488 28672 32816 49168 57344 65632 65728 98336 131456 131840 139776 172032 196736 229376
1 7 4101 4108 9728 10241 11264 12289 16408 20488 28672 32816 49168 57344 65632 98336 98368 131264 131456 131840 139776 163904 172032
1 7 4101 4108 9728 10241 11264 12289 16408 20488 28672 32816 49168 57344 65632 98336 106496 131264 131456 131840 139776 196672 204800
1 7 4101 4108 9728 10241 11264 12289 16408 20488 28672 32816 49168 57344 65632 98336 131264 131456 131840 139776 172032 196672 229376
1 7 4101 4108 9728 10241 11264 12289 16408 20488 28672 32864 32960 33152 49184 57344 66304 74240 98560 106496 131120 147472 147488
1 7 4101 4108 9728 10241 11264 12289 16408 20488 28672 32864 32960 33152 57344 65584 81936 98336 114688 131840 139776 164096 172032
1 7 4101 4108 9728 10241 11264 12289 16408 20488 28672 32864 32960 49168 57344 65584 98320 98336 131456 131840 139776 163968 172032
1 7 4101 4108 9728 10241 11264 12289 16408 20488 28672 32864 32960 49184 57344 65920 66304 74240 98432 106496 131120 147472 147488
1 7 4101 4108 9728 10241 11264 12289 16408 20488 28672 32864 32960 57344 65584 81936 98336 114688 131456 131840 139776 163968 172032
1 7 4101 4108 9728 10241 11264 12289 16408 20488 28672 32864 49168 57344 65584 98320 98336 131264 131456 131840 139776 163904 172032
1 7 4101 4108 9728 10241 11264 12289 16408 20488 28672 32864 49184 57344 65728 65920 66304 74240 98368 106496 131120 147472 147488
1 7 4101 4108 9728 10241 11264 12289 16408 20488 28672 32864 57344 65584 81936 98336 114688 131264 131456 131840 139776 163904 172032
1 7 4101 4108 9728 10241 11264 12289 16408 20488 28672 32960 33152 33536 41472 49216 57344 65584 65632 81984 147472 196624 212992
1 7 4101 4108 9728 10241 11264 12289 16408 20488 28672 32960 33152 33536 41472 49216 57344 65584 81936 81984 131168 196640 196672
1 7 4101 4108 9728 10241 11264 12289 16408 20488 28672 32960 33152 33536 41472 49216 57344 65632 81936 81984 131120 196624 196640
1 7 4101 4108 9728 10241 11264 12289 16408 20488 28672 32960 33152 33536 41472 49216 57344 65632 81952 81984 131120 147472 147488
1 7 4101 4108 9728 10241 11264 12289 16408 20488 28672 32960 33152 33536 41472 49216 57344 65632 81984 131120 147472 196640 212992
1 7 4101 4108 9728 10241 11264 12289 16408 20488 28672 32960 33152 33536 41472 49216 57344 81936 81984 131120 131168 196624 196672
1 7 4101 4108 9728 10241 11264 12289 16408 20488 28672 32960 33152 33536 41472 49216 57344 81984 131120 131168 147472 196672 212992
1 7 4101 4108 9728 10241 11264 12289 16408 20488 28672 32960 33152 33536 41472 57344 65584 65632 81936 114688 163904 196672 229376
1 7 4101 4108 9728 10241 11264 12289 16408 20488 28672 32960 33152 33536 41472 57344 65584 65632 98368 114688 147472 196624 212992
1 7 4101 4108 9728 10241 11264 12289 16408 20488 28672 32960 33152 33536 41472 57344 65584 81936 98368 114688 131168 196640 196672
1 7 4101 4108 9728 10241 11264 12289 16408 20488 28672 32960 33152 33536 41472 57344 65584 81936 114688 131168 163904 196640 229376
1 7 4101 4108 9728 10241 11264 12289 16408 20488 28672 32960 33152 33536 41472 57344 65632 81936 98368 114688 131120 196624 196640
1 7 4101 4108 9728 10241 11264 12289 16408 20488 28672 32960 33152 33536 41472 57344 65632 81952 98368 114688 131120 147472 147488
1 7 4101 4108 9728 10241 11264 12289 16408 20488 28672 32960 33152 33536 41472 57344 65632 98368 114688 131120 147472 196640 212992
1 7 4101 4108 9728 10241 11264 12289 16408 20488 28672 32960 33152 33536 41472 57344 81936 98368 114688 131120 131168 196624 196672
1 7 4101 4108 9728 10241 11264 12289 16408 20488 28672 32960 33152 33536 41472 57344 81936 114688 131120 131168 163904 196624 229376
1 7 4101 4108 9728 10241 11264 12289 16408 20488 28672 32960 33152 33536 41472 57344 81984 98368 114688 131120 131168 147472 147520
1 7 4101 4108 9728 10241 11264 12289 16408 20488 28672 32960 33152 33536 41472 57344 98368 114688 131120 131168 147472 196672 212992
1 7 4101 4108 9728 10241 11264 12289 16408 20488 28672 32960 33152 33536 41472 57344 114688 131120 131168 147472 163904 212992 229376
1 7 4101 4108 9728 10241 11264 12289 16408 20488 28672 32960 33152 33536 49216 57344 74240 98816 106496 131120 131168 147472 147520
1 7 4101 4108 9728 10241 11264 12289 16408 20488 28672 32960 33152 33536 57344 65584 65632 81936 98368 114688 139776 164352 172032
1 7 4101 4108 9728 10241 11264 12289 16408 20488 28672 32960 33152 41472 49216 57344 66304 98560 98816 131120 131168 147472 147520
1 7 4101 4108 9728 10241 11264 12289 16408 20488 28672 32960 33152 41472 57344 65584 65632 81936 98368 114688 131840 164096 164352
1 7 4101 4108 9728 10241 11264 12289 16408 20488 28672 32960 33152 49216 57344 66304 74240 98560 106496 131120 131168 147472 147520
1 7 4101 4108 9728 10241 11264 12289 16408 20488 28672 32960 33152 57344 65584 65632 81936 98368 114688 131840 139776 164096 172032
1 7 4101 4108 9728 10241 11264 12289 16408 20488 28672 32960 33536 41472 49216 57344 65920 98432 98560 131120 131168 147472 147520
1 7 4101 4108 9728 10241 11264 12289 16408 20488 28672 32960 33536 41472 57344 65584 65632 81936 98368 114688 131456 163968 164096
1 7 4101 4108 9728 10241 11264 12289 16408 20488 28672 32960 41472 49216 57344 65920 66304 98432 98816 131120 131168 147472 147520
1 7 4101 4108 9728 10241 11264 12289 16408 20488 28672 32960 41472 57344 65584 65632 81936 98368 114688 131456 131840 163968 164352
1 7 4101 4108 9728 10241 11264 12289 16408 20488 28672 32960 49168 57344 65584 65632 98320 98368 131456 131840 139776 163968 172032
1 7 4101 4108 9728 10241 11264 12289 16408 20488 28672 32960 49216 57344 65920 66304 74240 98432 106496 131120 131168 147472 147520
1 7 4101 4108 9728 10241 11264 12289 16408 20488 28672 32960 57344 65584 65632 81936 98368 114688 131456 131840 139776 163968 172032
1 7 4101 4108 9728 10241 11264 12289 16408 20488 28672 33152 33536 41472 49216 57344 65728 98368 98432 131120 131168 147472 147520
1 7 4101 4108 9728 10241 11264 12289 16408 20488 28672 33152 33536 41472 57344 65584 65632 65728 81936 114688 163968 196736 229376
1 7 4101 4108 9728 10241 11264 12289 16408 20488 28672 33152 33536 41472 57344 65584 65632 65728 98432 114688 147472 196624 212992
1 7 4101 4108 9728 10241 11264 12289 16408 20488 28672 33152 33536 41472 57344 65584 65632 81936 98368 114688 131264 163904 163968
1 7 4101 4108 9728 10241 11264 12289 16408 20488 28672 33152 33536 41472 57344 65584 65632 81936 98432 114688 131264 196672 196736
1 7 4101 4108 9728 10241 11264 12289 16408 20488 28672 33152 33536 41472 57344 65584 65632 81936 114688 131264 163968 196672 229376
1 7 4101 4108 9728 10241 11264 12289 16408 20488 28672 33152 33536 41472 57344 65584 65728 81936 98432 114688 131168 196640 196672
1 7 4101 4108 9728 10241 11264 12289 16408 20488 28672 33152 33536 41472 57344 65584 81936 98432 114688 131168 131264 196640 196736
1 7 4101 4108 9728 10241 11264 12289 16408 20488 28672 33152 33536 41472 57344 65584 81936 114688 131168 131264 163968 196640 229376
1 7 4101 4108 9728 10241 11264 12289 16408 20488 28672 33152 33536 41472 57344 65632 65728 81936 98432 114688 131120 196624 196640
1 7 4101 4108 9728 10241 11264 12289 16408 20488 28672 33152 33536 41472 57344 65632 65728 81952 98432 114688 131120 147472 147488
1 7 4101 4108 9728 10241 11264 12289 16408 20488 28672 33152 33536 41472 57344 65632 65728 98432 114688 131120 147472 196640 212992
1 7 4101 4108 9728 10241 11264 12289 16408 20488 28672 33152 33536 41472 57344 65728 81936 98432 114688 131120 131168 196624 196672
1 7 4101 4108 9728 10241 11264 12289 16408 20488 28672 33152 33536 41472 57344 65728 81984 98432 114688 131120 131168 147472 147520
1 7 4101 4108 9728 10241 11264 12289 16408 20488 28672 33152 33536 41472 57344 65728 98432 114688 131120 131168 147472 196672 212992
1 7 4101 4108 9728 10241 11264 12289 16408 20488 28672 33152 33536 41472 57344 81936 98432 114688 131120 131168 131264 196624 196736
1 7 4101 4108 9728 10241 11264 12289 16408 20488 28672 33152 33536 41472 57344 81936 114688 131120 131168 131264 163968 196624 229376
1 7 4101 4108 9728 10241 11264 12289 16408 20488 28672 33152 33536 41472 57344 98432 114688 131120 131168 131264 147472 196736 212992
1 7 4101 4108 9728 10241 11264 12289 16408 20488 28672 33152 33536 41472 57344 114688 131120 131168 131264 147472 163968 212992 229376
1 7 4101 4108 9728 10241 11264 12289 16408 20488 28672 33152 33536 57344 65584 65632 65728 81936 98432 114688 139776 164352 172032
1 7 4101 4108 9728 10241 11264 12289 16408 20488 28672 33152 41472 57344 65584 65632 65728 81936 98432 114688 131840 164096 164352
1 7 4101 4108 9728 10241 11264 12289 16408 20488 28672 33152 57344 65584 65632 65728 81936 98432 114688 131840 139776 164096 172032
1 7 4101 4108 9728 10241 11264 12289 16408 20488 28672 33536 41472 49216 57344 65728 65920 98368 98560 131120 131168 147472 147520
1 7 4101 4108 9728 10241 11264 12289 16408 20488 28672 33536 41472 57344 65584 65632 65728 81936 98432 114688 131456 163968 164096
1 7 4101 4108 9728 10241 11264 12289 16408 20488 28672 33536 41472 57344 65584 65632 65728 81936 114688 131456 164096 196736 229376
1 7 4101 4108 9728 10241 11264 12289 16408 20488 28672 33536 41472 57344 65584 65632 81936 98368 114688 131264 131456 163904 164096
1 7 4101 4108 9728 10241 11264 12289 16408 20488 28672 33536 41472 57344 65584 65632 81936 114688 131264 131456 164096 196672 229376
1 7 4101 4108 9728 10241 11264 12289 16408 20488 28672 33536 41472 57344 65584 81936 114688 131168 131264 131456 164096 196640 229376
1 7 4101 4108 9728 10241 11264 12289 16408 20488 28672 33536 41472 57344 65632 65728 65920 81952 98560 114688 131120 147472 147488
1 7 4101 4108 9728 10241 11264 12289 16408 20488 28672 33536 41472 57344 65632 65728 65920 98560 114688 131120 147472 196640 212992
1 7 4101 4108 9728 10241 11264 12289 16408 20488 28672 33536 41472 57344 65728 65920 81984 98560 114688 131120 131168 147472 147520
1 7 4101 4108 9728 10241 11264 12289 16408 20488 28672 33536 41472 57344 65728 65920 98560 114688 131120 131168 147472 196672 212992
1 7 4101 4108 9728 10241 11264 12289 16408 20488 28672 33536 41472 57344 65920 98560 114688 131120 131168 131264 147472 196736 212992
1 7 4101 4108 9728 10241 11264 12289 16408 20488 28672 41472 49216 57344 65728 65920 66304 98368 98816 131120 131168 147472 147520
1 7 4101 4108 9728 10241 11264 12289 16408 20488 28672 41472 57344 65584 65632 65728 81936 98432 114688 131456 131840 163968 164352
1 7 4101 4108 9728 10241 11264 12289 16408 20488 28672 41472 57344 65584 65632 65728 81936 114688 131456 131840 164352 196736 229376
1 7 4101 4108 9728 10241 11264 12289 16408 20488 28672 41472 57344 65584 65632 81936 98368 114688 131264 131456 131840 163904 164352
1 7 4101 4108 9728 10241 11264 12289 16408 20488 28672 41472 57344 65584 65632 81936 114688 131264 131456 131840 164352 196672 229376
1 7 4101 4108 9728 10241 11264 12289 16408 20488 28672 41472 57344 65728 65920 66304 81984 98816 114688 131120 131168 147472 147520
1 7 4101 4108 9728 10241 11264 12289 16408 20488 28672 41472 57344 65728 65920 66304 98816 114688 131120 131168 147472 196672 212992
1 7 4101 4108 9728 10241 11264 12289 16408 20488 28672 41472 57344 65920 66304 98816 114688 131120 131168 131264 147472 196736 212992
1 7 4101 4108 9728 10241 11264 12289 16408 20488 28672 49168 57344 65584 65632 65728 98320 98432 131456 131840 139776 163968 172032
1 7 4101 4108 9728 10241 11264 12289 16408 20488 28672 49168 57344 65584 65632 65728 98320 106496 131456 131840 139776 196736 204800
1 7 4101 4108 9728 10241 11264 12289 16408 20488 28672 49168 57344 65584 65632 65728 98320 131456 131840 139776 172032 196736 229376
1 7 4101 4108 9728 10241 11264 12289 16408 20488 28672 49168 57344 65584 65632 98320 98368 131264 131456 131840 139776 163904 172032
1 7 4101 4108 9728 10241 11264 12289 16408 20488 28672 49168 57344 65584 65632 98320 106496 131264 131456 131840 139776 196672 204800
1 7 4101 4108 9728 10241 11264 12289 16408 20488 28672 49168 57344 65584 65632 98320 131264 131456 131840 139776 172032 196672 229376
1 7 4101 4108 9728 10241 11264 12289 16408 20488 28672 49216 57344 65728 65920 66304 74240 98368 106496 131120 131168 147472 147520
1 7 4101 4108 9728 10241 11264 12289 16408 20488 28672 57344 65584 65632 65728 81936 98432 114688 131456 131840 139776 163968 172032
1 7 4101 4108 9728 10241 11264 12289 16408 20488 28672 57344 65584 65632 65728 81936 106496 114688 131456 131840 139776 196736 204800
1 7 4101 4108 9728 10241 11264 12289 16408 20488 28672 57344 65584 65632 65728 81936 114688 131456 131840 139776 172032 196736 229376
1 7 4101 4108 9728 10241 11264 12289 16408 20488 28672 57344 65584 65632 81936 98368 114688 131264 131456 131840 139776 163904 172032
1 7 4101 4108 9728 10241 11264 12289 16408 20488 28672 57344 65584 65632 81936 106496 114688 131264 131456 131840 139776 196672 204800
1 7 4101 4108 9728 10241 11264 12289 16408 20488 28672 57344 65584 65632 81936 114688 131264 131456 131840 139776 172032 196672 229376
1 7 4101 4108 9728 10241 11264 12289 16408 20488 28672 57344 65728 65920 66304 74240 81984 106496 114688 131120 131168 147472 147520
1 7 4101 4108 9728 10241 11264 12289 16408 20488 28672 57344 65728 65920 66304 74240 106496 114688 131120 131168 147472 196672 212992
1 7 4101 4108 9728 10241 11264 12289 16408 20488 28672 57344 65920 66304 74240 106496 114688 131120 131168 131264 147472 196736 212992
1 7 4101 4108 9728 10241 11264 12289 16408 28672 32816 32864 32960 49168 57344 65920 66304 74240 98432 106496 135176 147464 151552
1 7 4101 4108 9728 10241 11264 12289 16408 28672 32816 32864 49168 57344 65728 65920 66304 74240 98368 106496 135176 147464 151552
1 7 4101 4108 9728 10241 11264 12289 16408 28672 32960 33152 33536 41472 49216 57344 65584 65632 81936 81984 135176 147464 151552
1 7 4101 4108 9728 10241 11264 12289 16408 28672 32960 33152 33536 41472 57344 65584 65632 81936 98368 114688 135176 147464 151552
1 7 4101 4108 9728 10241 11264 12289 16408 28672 33152 33536 41472 57344 65584 65632 65728 81936 98432 114688 135176 147464 151552
1 7 4101 4108 9728 10241 11264 12289 16432 16480 16576 28672 33152 33536 41472 49280 57344 65560 69640 81936 151552 200704 212992
1 7 4101 4108 9728 10241 11264 12289 16432 16480 16576 28672 33152 33536 41472 49280 57344 65560 81936 86016 135176 196616 200704
1 7 4101 4108 9728 10241 11264 12289 16432 16480 16576 28672 33152 33536 41472 49280 57344 65560 81936 135176 151552 196616 212992
1 7 4101 4108 9728 10241 11264 12289 16432 16480 16576 28672 33152 33536 41472 49280 57344 69640 81936 86016 131096 196616 196624
1 7 4101 4108 9728 10241 11264 12289 16432 16480 16576 28672 33152 33536 41472 49280 57344 81936 86016 131096 135176 196624 200704
1 7 4101 4108 9728 10241 11264 12289 16432 16480 16576 28672 33152 33536 41472 49280 57344 81936 131096 135176 151552 196624 212992
1 7 4101 4108 9728 10241 11264 12289 16432 16480 16576 28672 33152 33536 41472 57344 82048 98432 114688 131096 135176 147472 151552
1 7 4101 4108 9728 10241 11264 12289 16432 16480 16576 28672 33152 33536 49280 57344 74240 98816 106496 131096 135176 147472 151552
1 7 4101 4108 9728 10241 11264 12289 16432 16480 16576 28672 33152 41472 49280 57344 66304 98560 98816 131096 135176 147472 151552
1 7 4101 4108 9728 10241 11264 12289 16432 16480 16576 28672 33152 49280 57344 66304 74240 98560 106496 131096 135176 147472 151552
1 7 4101 4108 9728 10241 11264 12289 16432 16480 16576 28672 33536 41472 49280 57344 65920 98432 98560 131096 135176 147472 151552
1 7 4101 4108 9728 10241 11264 12289 16432 16480 16576 28672 33536 41472 57344 65920 82048 98560 114688 131096 135176 147472 151552
1 7 4101 4108 9728 10241 11264 12289 16432 16480 16576 28672 41472 49280 57344 65920 66304 98432 98816 131096 135176 147472 151552
1 7 4101 4108 9728 10241 11264 12289 16432 16480 16576 28672 41472 57344 65920 66304 82048 98816 114688 131096 135176 147472 151552
1 7 4101 4108 9728 10241 11264 12289 16432 16480 16576 28672 49280 57344 65920 66304 74240 98432 106496 131096 135176 147472 151552
1 7 4101 4108 9728 10241 11264 12289 16432 16480 16576 28672 57344 65920 66304 74240 82048 106496 114688 131096 135176 147472 151552
1 7 4101 4108 9728 10241 11264 12289 16432 16480 20488 28672 32960 33152 33536 41472 49216 57344 65560 81936 147464 196616 212992
1 7 4101 4108 9728 10241 11264 12289 16432 16480 20488 28672 32960 33152 33536 41472 49216 57344 81928 81936 131096 196616 196624
1 7 4101 4108 9728 10241 11264 12289 16432 16480 20488 28672 32960 33152 33536 41472 49216 57344 81936 131096 147464 196624 212992
1 7 4101 4108 9728 10241 11264 12289 16432 16480 20488 28672 32960 33152 33536 41472 57344 81984 98368 114688 131096 147464 147472
1 7 4101 4108 9728 10241 11264 12289 16432 16480 20488 28672 32960 33152 33536 49216 57344 74240 98816 106496 131096 147464 147472
1 7 4101 4108 9728 10241 11264 12289 16432 16480 20488 28672 32960 33152 41472 49216 57344 66304 98560 98816 131096 147464 147472
1 7 4101 4108 9728 10241 11264 12289 16432 16480 20488 28672 32960 33152 49216 57344 66304 74240 98560 106496 131096 147464 147472
1 7 4101 4108 9728 10241 11264 12289 16432 16480 20488 28672 32960 33536 41472 49216 57344 65920 98432 98560 131096 147464 147472
1 7 4101 4108 9728 10241 11264 12289 16432 16480 20488 28672 32960 41472 49216 57344 65920 66304 98432 98816 131096 147464 147472
1 7 4101 4108 9728 10241 11264 12289 16432 16480 20488 28672 32960 49216 57344 65920 66304 74240 98432 106496 131096 147464 147472
1 7 4101 4108 9728 10241 11264 12289 16432 16480 20488 28672 33152 33536 41472 49216 57344 65728 98368 98432 131096 147464 147472
1 7 4101 4108 9728 10241 11264 12289 16432 16480 20488 28672 33152 33536 41472 57344 65728 81984 98432 114688 131096 147464 147472
1 7 4101 4108 9728 10241 11264 12289 16432 16480 20488 28672 33536 41472 49216 57344 65728 65920 98368 98560 131096 147464 147472
1 7 4101 4108 9728 10241 11264 12289 16432 16480 20488 28672 33536 41472 57344 65728 65920 81984 98560 114688 131096 147464 147472
1 7 4101 4108 9728 10241 11264 12289 16432 16480 20488 28672 41472 49216 57344 65728 65920 66304 98368 98816 131096 147464 147472
1 7 4101 4108 9728 10241 11264 12289 16432 16480 20488 28672 41472 57344 65728 65920 66304 81984 98816 114688 131096 147464 147472
1 7 4101 4108 9728 10241 11264 12289 16432 16480 20488 28672 49216 57344 65728 65920 66304 74240 98368 106496 131096 147464 147472
1 7 4101 4108 9728 10241 11264 12289 16432 16480 20488 28672 57344 65728 65920 66304 74240 81984 106496 114688 131096 147464 147472
1 7 4101 4108 9728 10241 11264 12289 16432 16480 28672 32960 33152 33536 41472 49216 57344 65560 69640 81936 151552 200704 212992
1 7 4101 4108 9728 10241 11264 12289 16432 16480 28672 32960 33152 33536 41472 49216 57344 65560 81928 81936 135176 147464 151552
1 7 4101 4108 9728 10241 11264 12289 16432 16480 28672 32960 33152 33536 41472 49216 57344 65560 81936 86016 135176 196616 200704
1 7 4101 4108 9728 10241 11264 12289 16432 16480 28672 32960 33152 33536 41472 49216 57344 65560 81936 135176 151552 196616 212992
1 7 4101 4108 9728 10241 11264 12289 16432 16480 28672 32960 33152 33536 41472 49216 57344 69640 81936 86016 131096 196616 196624
1 7 4101 4108 9728 10241 11264 12289 16432 16480 28672 32960 33152 33536 41472 49216 57344 81936 86016 131096 135176 196624 200704
1 7 4101 4108 9728 10241 11264 12289 16432 16480 28672 32960 33152 33536 41472 49216 57344 81936 131096 135176 151552 196624 212992
1 7 4101 4108 9728 10241 11264 12289 16432 16480 28672 32960 33152 33536 41472 57344 81984 98368 114688 131096 135176 147472 151552
1 7 4101 4108 9728 10241 11264 12289 16432 16480 28672 32960 33152 33536 49216 57344 74240 98816 106496 131096 135176 147472 151552
1 7 4101 4108 9728 10241 11264 12289 16432 16480 28672 32960 33152 41472 49216 57344 66304 98560 98816 131096 135176 147472 151552
1 7 4101 4108 9728 10241 11264 12289 16432 16480 28672 32960 33152 49216 57344 66304 74240 98560 106496 131096 135176 147472 151552
1 7 4101 4108 9728 10241 11264 12289 16432 16480 28672 32960 33536 41472 49216 57344 65920 98432 98560 131096 135176 147472 151552
1 7 4101 4108 9728 10241 11264 12289 16432 16480 28672 32960 41472 49216 57344 65920 66304 98432 98816 131096 135176 147472 151552
1 7 4101 4108 9728 10241 11264 12289 16432 16480 28672 32960 49216 57344 65920 66304 74240 98432 106496 131096 135176 147472 151552
1 7 4101 4108 9728 10241 11264 12289 16432 16480 28672 33152 33536 41472 49216 57344 65728 98368 98432 131096 135176 147472 151552
1 7 4101 4108 9728 10241 11264 12289 16432 16480 28672 33152 33536 41472 49280 57344 65728 81984 82048 131096 135176 147472 151552
1 7 4101 4108 9728 10241 11264 12289 16432 16480 28672 33152 33536 41472 57344 65728 81984 98432 114688 131096 135176 147472 151552
1 7 4101 4108 9728 10241 11264 12289 16432 16480 28672 33536 41472 49216 57344 65728 65920 98368 98560 131096 135176 147472 151552
1 7 4101 4108 9728 10241 11264 12289 16432 16480 28672 33536 41472 57344 65728 65920 81984 98560 114688 131096 135176 147472 151552
1 7 4101 4108 9728 10241 11264 12289 16432 16480 28672 41472 49216 57344 65728 65920 66304 98368 98816 131096 135176 147472 151552
1 7 4101 4108 9728 10241 11264 12289 16432 16480 28672 41472 57344 65728 65920 66304 81984 98816 114688 131096 135176 147472 151552
1 7 4101 4108 9728 10241 11264 12289 16432 16480 28672 49216 57344 65728 65920 66304 74240 98368 106496 131096 135176 147472 151552
1 7 4101 4108 9728 10241 11264 12289 16432 16480 28672 57344 65728 65920 66304 74240 81984 106496 114688 131096 135176 147472 151552
1 7 4101 4108 9728 10241 11264 12289 16432 16576 28672 33152 33536 41472 49280 57344 65632 81952 81984 131096 135176 147472 151552
1 7 4101 4108 9728 10241 11264 12289 16432 20488 28672 32864 32960 33152 49184 57344 66304 74240 98560 106496 131096 147464 147472
1 7 4101 4108 9728 10241 11264 12289 16432 20488 28672 32864 32960 49184 57344 65920 66304 74240 98432 106496 131096 147464 147472
1 7 4101 4108 9728 10241 11264 12289 16432 20488 28672 32864 49184 57344 65728 65920 66304 74240 98368 106496 131096 147464 147472
1 7 4101 4108 9728 10241 11264 12289 16432 20488 28672 32960 33152 33536 41472 49216 57344 65632 81952 81984 131096 147464 147472
1 7 4101 4108 9728 10241 11264 12289 16432 20488 28672 32960 33152 33536 41472 57344 65632 81952 98368 114688 131096 147464 147472
1 7 4101 4108 9728 10241 11264 12289 16432 20488 28672 33152 33536 41472 57344 65632 65728 81952 98432 114688 131096 147464 147472
1 7 4101 4108 9728 10241 11264 12289 16432 20488 28672 33536 41472 57344 65632 65728 65920 81952 98560 114688 131096 147464 147472
1 7 4101 4108 9728 10241 11264 12289 16432 28672 32864 32960 33152 49184 57344 66304 74240 98560 106496 131096 135176 147472 151552
1 7 4101 4108 9728 10241 11264 12289 16432 28672 32864 32960 49184 57344 65920 66304 74240 98432 106496 131096 135176 147472 151552
1 7 4101 4108 9728 10241 11264 12289 16432 28672 32864 49184 57344 65728 65920 66304 74240 98368 106496 131096 135176 147472 151552
1 7 4101 4108 9728 10241 11264 12289 16432 28672 32960 33152 33536 41472 49216 57344 65632 81952 81984 131096 135176 147472 151552
1 7 4101 4108 9728 10241 11264 12289 16432 28672 32960 33152 33536 41472 57344 65632 81952 98368 114688 131096 135176 147472 151552
1 7 4101 4108 9728 10241 11264 12289 16432 28672 33152 33536 41472 49280 57344 65632 65728 81952 82048 131096 135176 147472 151552
1 7 4101 4108 9728 10241 11264 12289 16432 28672 33152 33536 41472 57344 65632 65728 81952 98432 114688 131096 135176 147472 151552
1 7 4101 4108 9728 10241 11264 12289 16432 28672 33536 41472 57344 65632 65728 65920 81952 98560 114688 131096 135176 147472 151552
1 7 4101 4108 9728 10241 11264 12289 16480 16576 16768 28672 33536 41472 49408 57344 65560 65584 69640 81952 151552 200704 212992
1 7 4101 4108 9728 10241 11264 12289 16480 16576 16768 28672 33536 41472 49408 57344 65560 65584 81952 86016 135176 196616 200704
1 7 4101 4108 9728 10241 11264 12289 16480 16576 16768 28672 33536 41472 49408 57344 65560 65584 81952 135176 151552 196616 212992
1 7 4101 4108 9728 10241 11264 12289 16480 16576 16768 28672 33536 41472 49408 57344 65560 69640 81952 86016 131120 196624 196640
1 7 4101 4108 9728 10241 11264 12289 16480 16576 16768 28672 33536 41472 49408 57344 65584 69640 81952 86016 131096 196616 196624
1 7 4101 4108 9728 10241 11264 12289 16480 16576 16768 28672 33536 41472 49408 57344 65584 81952 86016 131096 135176 196624 200704
1 7 4101 4108 9728 10241 11264 12289 16480 16576 16768 28672 33536 41472 49408 57344 65584 81952 131096 135176 151552 196624 212992
1 7 4101 4108 9728 10241 11264 12289 16480 16576 16768 28672 33536 41472 49408 57344 69640 81952 86016 131096 131120 196616 196640
1 7 4101 4108 9728 10241 11264 12289 16480 16576 16768 28672 33536 41472 49408 57344 81952 86016 131096 131120 135176 196640 200704
1 7 4101 4108 9728 10241 11264 12289 16480 16576 16768 28672 33536 41472 49408 57344 81952 131096 131120 135176 151552 196640 212992
1 7 4101 4108 9728 10241 11264 12289 16480 16576 16768 28672 33536 41472 57344 82176 98560 114688 131096 131120 135176 147488 151552
1 7 4101 4108 9728 10241 11264 12289 16480 16576 16768 28672 33536 49408 57344 74240 98816 106496 131096 131120 135176 147488 151552
1 7 4101 4108 9728 10241 11264 12289 16480 16576 16768 28672 41472 49408 57344 66304 98560 98816 131096 131120 135176 147488 151552
1 7 4101 4108 9728 10241 11264 12289 16480 16576 16768 28672 41472 57344 66304 82176 98816 114688 131096 131120 135176 147488 151552
1 7 4101 4108 9728 10241 11264 12289 16480 16576 16768 28672 49408 57344 66304 74240 98560 106496 131096 131120 135176 147488 151552
1 7 4101 4108 9728 10241 11264 12289 16480 16576 16768 28672 57344 66304 74240 82176 106496 114688 131096 131120 135176 147488 151552
1 7 4101 4108 9728 10241 11264 12289 16480 16576 28672 33152 33536 41472 49280 57344 65560 65584 69640 81952 151552 200704 212992
1 7 4101 4108 9728 10241 11264 12289 16480 16576 28672 33152 33536 41472 49280 57344 65560 65584 81952 86016 135176 196616 200704
1 7 4101 4108 9728 10241 11264 12289 16480 16576 28672 33152 33536 41472 49280 57344 65560 65584 81952 135176 151552 196616 212992
1 7 4101 4108 9728 10241 11264 12289 16480 16576 28672 33152 33536 41472 49280 57344 65560 69640 81952 86016 131120 196624 196640
1 7 4101 4108 9728 10241 11264 12289 16480 16576 28672 33152 33536 41472 49280 57344 65584 69640 81952 86016 131096 196616 196624
1 7 4101 4108 9728 10241 11264 12289 16480 16576 28672 33152 33536 41472 49280 57344 65584 81936 81952 131096 135176 147472 151552
1 7 4101 4108 9728 10241 11264 12289 16480 16576 28672 33152 33536 41472 49280 57344 65584 81952 86016 131096 135176 196624 200704
1 7 4101 4108 9728 10241 11264 12289 16480 16576 28672 33152 33536 41472 49280 57344 65584 81952 131096 135176 151552 196624 212992
1 7 4101 4108 9728 10241 11264 12289 16480 16576 28672 33152 33536 41472 49280 57344 69640 81952 86016 131096 131120 196616 196640
1 7 4101 4108 9728 10241 11264 12289 16480 16576 28672 33152 33536 41472 49280 57344 81952 86016 131096 131120 135176 196640 200704
1 7 4101 4108 9728 10241 11264 12289 16480 16576 28672 33152 33536 41472 49280 57344 81952 131096 131120 135176 151552 196640 212992
1 7 4101 4108 9728 10241 11264 12289 16480 16576 28672 33152 33536 41472 57344 82048 98432 114688 131096 131120 135176 147488 151552
1 7 4101 4108 9728 10241 11264 12289 16480 16576 28672 33152 33536 49280 57344 74240 98816 106496 131096 131120 135176 147488 151552
1 7 4101 4108 9728 10241 11264 12289 16480 16576 28672 33152 41472 49280 57344 66304 98560 98816 131096 131120 135176 147488 151552
1 7 4101 4108 9728 10241 11264 12289 16480 16576 28672 33152 49280 57344 66304 74240 98560 106496 131096 131120 135176 147488 151552
1 7 4101 4108 9728 10241 11264 12289 16480 16576 28672 33536 41472 49280 57344 65920 98432 98560 131096 131120 135176 147488 151552
1 7 4101 4108 9728 10241 11264 12289 16480 16576 28672 33536 41472 49408 57344 65920 82048 82176 131096 131120 135176 147488 151552
1 7 4101 4108 9728 10241 11264 12289 16480 16576 28672 33536 41472 57344 65920 82048 98560 114688 131096 131120 135176 147488 151552
1 7 4101 4108 9728 10241 11264 12289 16480 16576 28672 41472 49280 57344 65920 66304 98432 98816 131096 131120 135176 147488 151552
1 7 4101 4108 9728 10241 11264 12289 16480 16576 28672 41472 57344 65920 66304 82048 98816 114688 131096 131120 135176 147488 151552
1 7 4101 4108 9728 10241 11264 12289 16480 16576 28672 49280 57344 65920 66304 74240 98432 106496 131096 131120 135176 147488 151552
1 7 4101 4108 9728 10241 11264 12289 16480 16576 28672 57344 65920 66304 74240 82048 106496 114688 131096 131120 135176 147488 151552
1 7 4101 4108 9728 10241 11264 12289 16480 16768 28672 33536 41472 49408 57344 65728 81984 82048 131096 131120 135176 147488 151552
1 7 4101 4108 9728 10241 11264 12289 16480 20488 28672 32960 33152 33536 41472 49216 57344 65560 65584 81952 147464 196616 212992
1 7 4101 4108 9728 10241 11264 12289 16480 20488 28672 32960 33152 33536 41472 49216 57344 65560 81928 81952 131120 196624 196640
1 7 4101 4108 9728 10241 11264 12289 16480 20488 28672 32960 33152 33536 41472 49216 57344 65584 81928 81952 131096 196616 196624
1 7 4101 4108 9728 10241 11264 12289 16480 20488 28672 32960 33152 33536 41472 49216 57344 65584 81936 81952 131096 147464 147472
1 7 4101 4108 9728 10241 11264 12289 16480 20488 28672 32960 33152 33536 41472 49216 57344 65584 81952 131096 147464 196624 212992
1 7 4101 4108 9728 10241 11264 12289 16480 20488 28672 32960 33152 33536 41472 49216 57344 81928 81952 131096 131120 196616 196640
1 7 4101 4108 9728 10241 11264 12289 16480 20488 28672 32960 33152 33536 41472 49216 57344 81952 131096 131120 147464 196640 212992
1 7 4101 4108 9728 10241 11264 12289 16480 20488 28672 32960 33152 33536 41472 57344 81984 98368 114688 131096 131120 147464 147488
1 7 4101 4108 9728 10241 11264 12289 16480 20488 28672 32960 33152 33536 49216 57344 74240 98816 106496 131096 131120 147464 147488
1 7 4101 4108 9728 10241 11264 12289 16480 20488 28672 32960 33152 41472 49216 57344 66304 98560 98816 131096 131120 147464 147488
1 7 4101 4108 9728 10241 11264 12289 16480 20488 28672 32960 33152 49216 57344 66304 74240 98560 106496 131096 131120 147464 147488
1 7 4101 4108 9728 10241 11264 12289 16480 20488 28672 32960 33536 41472 49216 57344 65920 98432 98560 131096 131120 147464 147488
1 7 4101 4108 9728 10241 11264 12289 16480 20488 28672 32960 41472 49216 57344 65920 66304 98432 98816 131096 131120 147464 147488
1 7 4101 4108 9728 10241 11264 12289 16480 20488 28672 32960 49216 57344 65920 66304 74240 98432 106496 131096 131120 147464 147488
1 7 4101 4108 9728 10241 11264 12289 16480 20488 28672 33152 33536 41472 49216 57344 65728 98368 98432 131096 131120 147464 147488
1 7 4101 4108 9728 10241 11264 12289 16480 20488 28672 33152 33536 41472 57344 65728 81984 98432 114688 131096 131120 147464 147488
1 7 4101 4108 9728 10241 11264 12289 16480 20488 28672 33536 41472 49216 57344 65728 65920 98368 98560 131096 131120 147464 147488
1 7 4101 4108 9728 10241 11264 12289 16480 20488 28672 33536 41472 57344 65728 65920 81984 98560 114688 131096 131120 147464 147488
1 7 4101 4108 9728 10241 11264 12289 16480 20488 28672 41472 49216 57344 65728 65920 66304 98368 98816 131096 131120 147464 147488
1 7 4101 4108 9728 10241 11264 12289 16480 20488 28672 41472 57344 65728 65920 66304 81984 98816 114688 131096 131120 147464 147488
1 7 4101 4108 9728 10241 11264 12289 16480 20488 28672 49216 57344 65728 65920 66304 74240 98368 106496 131096 131120 147464 147488
1 7 4101 4108 9728 10241 11264 12289 16480 20488 28672 57344 65728 65920 66304 74240 81984 106496 114688 131096 131120 147464 147488
1 7 4101 4108 9728 10241 11264 12289 16480 28672 32960 33152 33536 41472 49216 57344 65560 65584 69640 81952 151552 200704 212992
1 7 4101 4108 9728 10241 11264 12289 16480 28672 32960 33152 33536 41472 49216 57344 65560 65584 81928 81952 135176 147464 151552
1 7 4101 4108 9728 10241 11264 12289 16480 28672 32960 33152 33536 41472 49216 57344 65560 65584 81952 86016 135176 196616 200704
1 7 4101 4108 9728 10241 11264 12289 16480 28672 32960 33152 33536 41472 49216 57344 65560 65584 81952 135176 151552 196616 212992
1 7 4101 4108 9728 10241 11264 12289 16480 28672 32960 33152 33536 41472 49216 57344 65560 69640 81952 86016 131120 196624 196640
1 7 4101 4108 9728 10241 11264 12289 16480 28672 32960 33152 33536 41472 49216 57344 65584 69640 81952 86016 131096 196616 196624
1 7 4101 4108 9728 10241 11264 12289 16480 28672 32960 33152 33536 41472 49216 57344 65584 81936 81952 131096 135176 147472 151552
1 7 4101 4108 9728 10241 11264 12289 16480 28672 32960 33152 33536 41472 49216 57344 65584 81952 86016 131096 135176 196624 200704
1 7 4101 4108 9728 10241 11264 12289 16480 28672 32960 33152 33536 41472 49216 57344 65584 81952 131096 135176 151552 196624 212992
1 7 4101 4108 9728 10241 11264 12289 16480 28672 32960 33152 33536 41472 49216 57344 69640 81952 86016 131096 131120 196616 196640
1 7 4101 4108 9728 10241 11264 12289 16480 28672 32960 33152 33536 41472 49216 57344 81952 86016 131096 131120 135176 196640 200704
1 7 4101 4108 9728 10241 11264 12289 16480 28672 32960 33152 33536 41472 49216 57344 81952 131096 131120 135176 151552 196640 212992
1 7 4101 4108 9728 10241 11264 12289 16480 28672 32960 33152 33536 41472 57344 81984 98368 114688 131096 131120 135176 147488 151552
1 7 4101 4108 9728 10241 11264 12289 16480 28672 32960 33152 33536 49216 57344 74240 98816 106496 131096 131120 135176 147488 151552
1 7 4101 4108 9728 10241 11264 12289 16480 28672 32960 33152 41472 49216 57344 66304 98560 98816 131096 131120 135176 147488 151552
1 7 4101 4108 9728 10241 11264 12289 16480 28672 32960 33152 49216 57344 66304 74240 98560 106496 131096 131120 135176 147488 151552
1 7 4101 4108 9728 10241 11264 12289 16480 28672 32960 33536 41472 49216 57344 65920 98432 98560 131096 131120 135176 147488 151552
1 7 4101 4108 9728 10241 11264 12289 16480 28672 32960 41472 49216 57344 65920 66304 98432 98816 131096 131120 135176 147488 151552
1 7 4101 4108 9728 10241 11264 12289 16480 28672 32960 49216 57344 65920 66304 74240 98432 106496 131096 131120 135176 147488 151552
1 7 4101 4108 9728 10241 11264 12289 16480 28672 33152 33536 41472 49216 57344 65728 98368 98432 131096 131120 135176 147488 151552
1 7 4101 4108 9728 10241 11264 12289 16480 28672 33152 33536 41472 49280 57344 65728 81984 82048 131096 131120 135176 147488 151552
1 7 4101 4108 9728 10241 11264 12289 16480 28672 33152 33536 41472 57344 65728 81984 98432 114688 131096 131120 135176 147488 151552
1 7 4101 4108 9728 10241 11264 12289 16480 28672 33536 41472 49216 57344 65728 65920 98368 98560 131096 131120 135176 147488 151552
1 7 4101 4108 9728 10241 11264 12289 16480 28672 33536 41472 49408 57344 65728 65920 81984 82176 131096 131120 135176 147488 151552
1 7 4101 4108 9728 10241 11264 12289 16480 28672 33536 41472 57344 65728 65920 81984 98560 114688 131096 131120 135176 147488 151552
1 7 4101 4108 9728 10241 11264 12289 16480 28672 41472 49216 57344 65728 65920 66304 98368 98816 131096 131120 135176 147488 151552
1 7 4101 4108 9728 10241 11264 12289 16480 28672 41472 57344 65728 65920 66304 81984 98816 114688 131096 131120 135176 147488 151552
1 7 4101 4108 9728 10241 11264 12289 16480 28672 49216 57344 65728 65920 66304 74240 98368 106496 131096 131120 135176 147488 151552
1 7 4101 4108 9728 10241 11264 12289 16480 28672 57344 65728 65920 66304 74240 81984 106496 114688 131096 131120 135176 147488 151552
1 7 4101 4108 9728 10241 11264 12289 16576 16768 17152 25088 28672 32792 32816 32864 36872 49216 86016 114688 167936 200704 229376
1 7 4101 4108 9728 10241 11264 12289 16576 16768 17152 25088 28672 32792 32816 32864 36872 49216 102400 114688 151552 200704 212992
1 7 4101 4108 9728 10241 11264 12289 16576 16768 17152 25088 28672 32792 32816 32864 36872 49216 114688 151552 167936 212992 229376
1 7 4101 4108 9728 10241 11264 12289 16576 16768 17152 25088 28672 32792 32816 32864 49216 53248 69640 102400 163848 196616 229376
1 7 4101 4108 9728 10241 11264 12289 16576 16768 17152 25088 28672 32792 32816 32864 49216 53248 98312 102400 135176 196616 200704
1 7 4101 4108 9728 10241 11264 12289 16576 16768 17152 25088 28672 32792 32816 32864 49216 53248 102400 135176 163848 200704 229376
1 7 4101 4108 9728 10241 11264 12289 16576 16768 17152 25088 28672 32792 32816 32864 49216 69640 86016 114688 163848 196616 229376
1 7 4101 4108 9728 10241 11264 12289 16576 16768 17152 25088 28672 32792 32816 32864 49216 69640 98312 114688 151552 200704 212992
1 7 4101 4108 9728 10241 11264 12289 16576 16768 17152 25088 28672 32792 32816 32864 49216 86016 98312 114688 135176 196616 200704
1 7 4101 4108 9728 10241 11264 12289 16576 16768 17152 25088 28672 32792 32816 32864 49216 86016 102400 114688 135176 163848 167936
1 7 4101 4108 9728 10241 11264 12289 16576 16768 17152 25088 28672 32792 32816 32864 49216 86016 114688 135176 163848 200704 229376
1 7 4101 4108 9728 10241 11264 12289 16576 16768 17152 25088 28672 32792 32816 32864 49216 98312 114688 135176 151552 196616 212992
1 7 4101 4108 9728 10241 11264 12289 16576 16768 17152 25088 28672 32792 32816 32864 49216 114688 135176 151552 163848 212992 229376
1 7 4101 4108 9728 10241 11264 12289 16576 16768 17152 25088 28672 32792 32816 36872 49216 53248 65632 98336 163904 196672 229376
1 7 4101 4108 9728 10241 11264 12289 16576 16768 17152 25088 28672 32792 32816 36872 49216 53248 98336 98368 131168 196640 196672
1 7 4101 4108 9728 10241 11264 12289 16576 16768 17152 25088 28672 32792 32816 36872 49216 53248 98336 131168 163904 196640 229376
1 7 4101 4108 9728 10241 11264 12289 16576 16768 17152 25088 28672 32792 32816 36872 49216 86016 102400 114688 131168 163872 163904
1 7 4101 4108 9728 10241 11264 12289 16576 16768 17152 25088 28672 32792 32816 49216 53248 69640 98312 102400 131168 163872 163904
1 7 4101 4108 9728 10241 11264 12289 16576 16768 17152 25088 28672 32792 32816 49216 69640 86016 98312 114688 131168 163872 163904
1 7 4101 4108 9728 10241 11264 12289 16576 16768 17152 25088 28672 32792 32864 36872 49216 53248 65584 98320 163872 196640 229376
1 7 4101 4108 9728 10241 11264 12289 16576 16768 17152 25088 28672 32792 32864 36872 49216 53248 98320 98336 131120 196624 196640
1 7 4101 4108 9728 10241 11264 12289 16576 16768 17152 25088 28672 32792 32864 36872 49216 53248 98320 131120 163872 196624 229376
1 7 4101 4108 9728 10241 11264 12289 16576 16768 17152 25088 28672 32792 32864 36872 49216 86016 102400 114688 131120 163856 163872
1 7 4101 4108 9728 10241 11264 12289 16576 16768 17152 25088 28672 32792 32864 49216 53248 69640 98312 102400 131120 163856 163872
1 7 4101 4108 9728 10241 11264 12289 16576 16768 17152 25088 28672 32792 32864 49216 69640 86016 98312 114688 131120 163856 163872
1 7 4101 4108 9728 10241 11264 12289 16576 16768 17152 25088 28672 32792 36872 49216 53248 65584 65632 98320 163904 196672 229376
1 7 4101 4108 9728 10241 11264 12289 16576 16768 17152 25088 28672 32792 36872 49216 53248 65584 98320 98336 131168 163872 163904
1 7 4101 4108 9728 10241 11264 12289 16576 16768 17152 25088 28672 32792 36872 49216 53248 65584 98320 98368 131168 196640 196672
1 7 4101 4108 9728 10241 11264 12289 16576 16768 17152 25088 28672 32792 36872 49216 53248 65584 98320 131168 163904 196640 229376
1 7 4101 4108 9728 10241 11264 12289 16576 16768 17152 25088 28672 32792 36872 49216 53248 65632 98320 98368 131120 196624 196640
1 7 4101 4108 9728 10241 11264 12289 16576 16768 17152 25088 28672 32792 36872 49216 53248 98320 98368 131120 131168 196624 196672
1 7 4101 4108 9728 10241 11264 12289 16576 16768 17152 25088 28672 32792 36872 49216 53248 98320 131120 131168 163904 196624 229376
1 7 4101 4108 9728 10241 11264 12289 16576 16768 17152 25088 28672 32792 36872 49216 86016 102400 114688 131120 131168 163856 163904
1 7 4101 4108 9728 10241 11264 12289 16576 16768 17152 25088 28672 32792 49216 53248 69640 98312 102400 131120 131168 163856 163904
1 7 4101 4108 9728 10241 11264 12289 16576 16768 17152 25088 28672 32792 49216 69640 86016 98312 114688 131120 131168 163856 163904
1 7 4101 4108 9728 10241 11264 12289 16576 16768 17152 25088 28672 32816 32864 36872 49216 53248 65560 98312 163856 196624 229376
1 7 4101 4108 9728 10241 11264 12289 16576 16768 17152 25088 28672 32816 32864 36872 49216 53248 98312 98320 131096 196616 196624
1 7 4101 4108 9728 10241 11264 12289 16576 16768 17152 25088 28672 32816 32864 36872 49216 53248 98312 131096 163856 196616 229376
1 7 4101 4108 9728 10241 11264 12289 16576 16768 17152 25088 28672 32816 32864 36872 49216 86016 102400 114688 131096 163848 163856
1 7 4101 4108 9728 10241 11264 12289 16576 16768 17152 25088 28672 32816 32864 49216 53248 65560 69640 102400 163856 196624 229376
1 7 4101 4108 9728 10241 11264 12289 16576 16768 17152 25088 28672 32816 32864 49216 53248 65560 98320 102400 135176 196616 200704
1 7 4101 4108 9728 10241 11264 12289 16576 16768 17152 25088 28672 32816 32864 49216 53248 69640 98312 102400 131096 163848 163856
1 7 4101 4108 9728 10241 11264 12289 16576 16768 17152 25088 28672 32816 32864 49216 53248 69640 98320 102400 131096 196616 196624
1 7 4101 4108 9728 10241 11264 12289 16576 16768 17152 25088 28672 32816 32864 49216 53248 69640 102400 131096 163856 196616 229376
1 7 4101 4108 9728 10241 11264 12289 16576 16768 17152 25088 28672 32816 32864 49216 53248 98320 102400 131096 135176 196624 200704
1 7 4101 4108 9728 10241 11264 12289 16576 16768 17152 25088 28672 32816 32864 49216 53248 102400 131096 135176 163856 200704 229376
1 7 4101 4108 9728 10241 11264 12289 16576 16768 17152 25088 28672 32816 32864 49216 65560 69640 86016 114688 163856 196624 229376
1 7 4101 4108 9728 10241 11264 12289 16576 16768 17152 25088 28672 32816 32864 49216 65560 69640 98320 114688 151552 200704 212992
1 7 4101 4108 9728 10241 11264 12289 16576 16768 17152 25088 28672 32816 32864 49216 65560 86016 98320 114688 135176 196616 200704
1 7 4101 4108 9728 10241 11264 12289 16576 16768 17152 25088 28672 32816 32864 49216 65560 98320 114688 135176 151552 196616 212992
1 7 4101 4108 9728 10241 11264 12289 16576 16768 17152 25088 28672 32816 32864 49216 69640 86016 98312 114688 131096 163848 163856
1 7 4101 4108 9728 10241 11264 12289 16576 16768 17152 25088 28672 32816 32864 49216 69640 86016 98320 114688 131096 196616 196624
1 7 4101 4108 9728 10241 11264 12289 16576 16768 17152 25088 28672 32816 32864 49216 69640 86016 114688 131096 163856 196616 229376
1 7 4101 4108 9728 10241 11264 12289 16576 16768 17152 25088 28672 32816 32864 49216 86016 98320 114688 131096 135176 196624 200704
1 7 4101 4108 9728 10241 11264 12289 16576 16768 17152 25088 28672 32816 32864 49216 86016 102400 114688 131096 135176 163856 167936
1 7 4101 4108 9728 10241 11264 12289 16576 16768 17152 25088 28672 32816 32864 49216 86016 114688 131096 135176 163856 200704 229376
1 7 4101 4108 9728 10241 11264 12289 16576 16768 17152 25088 28672 32816 32864 49216 98320 114688 131096 135176 151552 196624 212992
1 7 4101 4108 9728 10241 11264 12289 16576 16768 17152 25088 28672 32816 32864 49216 114688 131096 135176 151552 163856 212992 229376
1 7 4101 4108 9728 10241 11264 12289 16576 16768 17152 25088 28672 32816 36872 49216 53248 65560 98312 98320 131168 163872 163904
1 7 4101 4108 9728 10241 11264 12289 16576 16768 17152 25088 28672 32816 49216 53248 65560 69640 98320 102400 131168 163872 163904
1 7 4101 4108 9728 10241 11264 12289 16576 16768 17152 25088 28672 32816 49216 65560 69640 86016 98320 114688 131168 163872 163904
1 7 4101 4108 9728 10241 11264 12289 16576 16768 17152 25088 28672 32864 36872 49216 53248 65560 65584 98312 163872 196640 229376
1 7 4101 4108 9728 10241 11264 12289 16576 16768 17152 25088 28672 32864 36872 49216 53248 65560 98312 98320 131120 163856 163872
1 7 4101 4108 9728 10241 11264 12289 16576 16768 17152 25088 28672 32864 36872 49216 53248 65560 98312 98336 131120 196624 196640
1 7 4101 4108 9728 10241 11264 12289 16576 16768 17152 25088 28672 32864 36872 49216 53248 65560 98312 131120 163872 196624 229376
1 7 4101 4108 9728 10241 11264 12289 16576 16768 17152 25088 28672 32864 36872 49216 53248 65584 98312 98336 131096 196616 196624
1 7 4101 4108 9728 10241 11264 12289 16576 16768 17152 25088 28672 32864 36872 49216 53248 98312 98336 131096 131120 196616 196640
1 7 4101 4108 9728 10241 11264 12289 16576 16768 17152 25088 28672 32864 36872 49216 53248 98312 131096 131120 163872 196616 229376
1 7 4101 4108 9728 10241 11264 12289 16576 16768 17152 25088 28672 32864 36872 49216 86016 102400 114688 131096 131120 163848 163872
1 7 4101 4108 9728 10241 11264 12289 16576 16768 17152 25088 28672 32864 49216 53248 65560 65584 69640 102400 163872 196640 229376
1 7 4101 4108 9728 10241 11264 12289 16576 16768 17152 25088 28672 32864 49216 53248 65560 65584 98336 102400 135176 196616 200704
1 7 4101 4108 9728 10241 11264 12289 16576 16768 17152 25088 28672 32864 49216 53248 65560 69640 98320 102400 131120 163856 163872
1 7 4101 4108 9728 10241 11264 12289 16576 16768 17152 25088 28672 32864 49216 53248 65560 69640 98336 102400 131120 196624 196640
1 7 4101 4108 9728 10241 11264 12289 16576 16768 17152 25088 28672 32864 49216 53248 65560 69640 102400 131120 163872 196624 229376
1 7 4101 4108 9728 10241 11264 12289 16576 16768 17152 25088 28672 32864 49216 53248 65584 69640 98336 102400 131096 196616 196624
1 7 4101 4108 9728 10241 11264 12289 16576 16768 17152 25088 28672 32864 49216 53248 65584 98336 102400 131096 135176 196624 200704
1 7 4101 4108 9728 10241 11264 12289 16576 16768 17152 25088 28672 32864 49216 53248 69640 98312 102400 131096 131120 163848 163872
1 7 4101 4108 9728 10241 11264 12289 16576 16768 17152 25088 28672 32864 49216 53248 69640 98336 102400 131096 131120 196616 196640
1 7 4101 4108 9728 10241 11264 12289 16576 16768 17152 25088 28672 32864 49216 53248 69640 102400 131096 131120 163872 196616 229376
1 7 4101 4108 9728 10241 11264 12289 16576 16768 17152 25088 28672 32864 49216 53248 98336 102400 131096 131120 135176 196640 200704
1 7 4101 4108 9728 10241 11264 12289 16576 16768 17152 25088 28672 32864 49216 53248 102400 131096 131120 135176 163872 200704 229376
1 7 4101 4108 9728 10241 11264 12289 16576 16768 17152 25088 28672 32864 49216 65560 65584 69640 86016 114688 163872 196640 229376
1 7 4101 4108 9728 10241 11264 12289 16576 16768 17152 25088 28672 32864 49216 65560 65584 69640 98336 114688 151552 200704 212992
1 7 4101 4108 9728 10241 11264 12289 16576 16768 17152 25088 28672 32864 49216 65560 65584 86016 98336 114688 135176 196616 200704
1 7 4101 4108 9728 10241 11264 12289 16576 16768 17152 25088 28672 32864 49216 65560 65584 98336 114688 135176 151552 196616 212992
1 7 4101 4108 9728 10241 11264 12289 16576 16768 17152 25088 28672 32864 49216 65560 69640 86016 98320 114688 131120 163856 163872
1 7 4101 4108 9728 10241 11264 12289 16576 16768 17152 25088 28672 32864 49216 65560 69640 86016 98336 114688 131120 196624 196640
1 7 4101 4108 9728 10241 11264 12289 16576 16768 17152 25088 28672 32864 49216 65560 69640 86016 114688 131120 163872 196624 229376
1 7 4101 4108 9728 10241 11264 12289 16576 16768 17152 25088 28672 32864 49216 65584 69640 86016 98336 114688 131096 196616 196624
1 7 4101 4108 9728 10241 11264 12289 16576 16768 17152 25088 28672 32864 49216 65584 86016 98336 114688 131096 135176 196624 200704
1 7 4101 4108 9728 10241 11264 12289 16576 16768 17152 25088 28672 32864 49216 65584 98336 114688 131096 135176 151552 196624 212992
1 7 4101 4108 9728 10241 11264 12289 16576 16768 17152 25088 28672 32864 49216 69640 86016 98312 114688 131096 131120 163848 163872
1 7 4101 4108 9728 10241 11264 12289 16576 16768 17152 25088 28672 32864 49216 69640 86016 98336 114688 131096 131120 196616 196640
1 7 4101 4108 9728 10241 11264 12289 16576 16768 17152 25088 28672 32864 49216 69640 86016 114688 131096 131120 163872 196616 229376
1 7 4101 4108 9728 10241 11264 12289 16576 16768 17152 25088 28672 32864 49216 86016 98336 114688 131096 131120 135176 196640 200704
1 7 4101 4108 9728 10241 11264 12289 16576 16768 17152 25088 28672 32864 49216 86016 102400 114688 131096 131120 135176 163872 167936
1 7 4101 4108 9728 10241 11264 12289 16576 16768 17152 25088 28672 32864 49216 86016 114688 131096 131120 135176 163872 200704 229376
1 7 4101 4108 9728 10241 11264 12289 16576 16768 17152 25088 28672 32864 49216 98336 114688 131096 131120 135176 151552 196640 212992
1 7 4101 4108 9728 10241 11264 12289 16576 16768 17152 25088 28672 32864 49216 114688 131096 131120 135176 151552 163872 212992 229376
1 7 4101 4108 9728 10241 11264 12289 16576 16768 17152 25088 28672 36872 49216 53248 65560 65584 65632 98312 163904 196672 229376
1 7 4101 4108 9728 10241 11264 12289 16576 16768 17152 25088 28672 36872 49216 53248 65560 65584 98312 98336 131168 163872 163904
1 7 4101 4108 9728 10241 11264 12289 16576 16768 17152 25088 28672 36872 49216 53248 65560 65584 98312 98368 131168 196640 196672
1 7 4101 4108 9728 10241 11264 12289 16576 16768 17152 25088 28672 36872 49216 53248 65560 65584 98312 131168 163904 196640 229376
1 7 4101 4108 9728 10241 11264 12289 16576 16768 17152 25088 28672 36872 49216 53248 65560 65632 98312 98368 131120 196624 196640
1 7 4101 4108 9728 10241 11264 12289 16576 16768 17152 25088 28672 36872 49216 53248 65560 98312 98320 131120 131168 163856 163904
1 7 4101 4108 9728 10241 11264 12289 16576 16768 17152 25088 28672 36872 49216 53248 65560 98312 98368 131120 131168 196624 196672
1 7 4101 4108 9728 10241 11264 12289 16576 16768 17152 25088 28672 36872 49216 53248 65560 98312 131120 131168 163904 196624 229376
1 7 4101 4108 9728 10241 11264 12289 16576 16768 17152 25088 28672 36872 49216 53248 65584 65632 98312 98368 131096 196616 196624
1 7 4101 4108 9728 10241 11264 12289 16576 16768 17152 25088 28672 36872 49216 53248 65632 98312 98368 131096 131120 196616 196640
1 7 4101 4108 9728 10241 11264 12289 16576 16768 17152 25088 28672 36872 49216 53248 98312 98368 131096 131120 131168 196616 196672
1 7 4101 4108 9728 10241 11264 12289 16576 16768 17152 25088 28672 36872 49216 53248 98312 131096 131120 131168 163904 196616 229376
1 7 4101 4108 9728 10241 11264 12289 16576 16768 17152 25088 28672 36872 49216 86016 102400 114688 131096 131120 131168 163848 163904
1 7 4101 4108 9728 10241 11264 12289 16576 16768 17152 25088 28672 49216 53248 65560 65584 65632 69640 102400 163904 196672 229376
1 7 4101 4108 9728 10241 11264 12289 16576 16768 17152 25088 28672 49216 53248 65560 65584 65632 98368 102400 135176 196616 200704
1 7 4101 4108 9728 10241 11264 12289 16576 16768 17152 25088 28672 49216 53248 65560 65584 69640 98336 102400 131168 163872 163904
1 7 4101 4108 9728 10241 11264 12289 16576 16768 17152 25088 28672 49216 53248 65560 65584 69640 98368 102400 131168 196640 196672
1 7 4101 4108 9728 10241 11264 12289 16576 16768 17152 25088 28672 49216 53248 65560 65584 69640 102400 131168 163904 196640 229376
1 7 4101 4108 9728 10241 11264 12289 16576 16768 17152 25088 28672 49216 53248 65560 65632 69640 98368 102400 131120 196624 196640
1 7 4101 4108 9728 10241 11264 12289 16576 16768 17152 25088 28672 49216 53248 65560 69640 98320 102400 131120 131168 163856 163904
1 7 4101 4108 9728 10241 11264 12289 16576 16768 17152 25088 28672 49216 53248 65560 69640 98368 102400 131120 131168 196624 196672
1 7 4101 4108 9728 10241 11264 12289 16576 16768 17152 25088 28672 49216 53248 65560 69640 102400 131120 131168 163904 196624 229376
1 7 4101 4108 9728 10241 11264 12289 16576 16768 17152 25088 28672 49216 53248 65584 65632 69640 98368 102400 131096 196616 196624
1 7 4101 4108 9728 10241 11264 12289 16576 16768 17152 25088 28672 49216 53248 65584 65632 98368 102400 131096 135176 196624 200704
1 7 4101 4108 9728 10241 11264 12289 16576 16768 17152 25088 28672 49216 53248 65632 69640 98368 102400 131096 131120 196616 196640
1 7 4101 4108 9728 10241 11264 12289 16576 16768 17152 25088 28672 49216 53248 65632 98368 102400 131096 131120 135176 196640 200704
1 7 4101 4108 9728 10241 11264 12289 16576 16768 17152 25088 28672 49216 53248 69640 98312 102400 131096 131120 131168 163848 163904
1 7 4101 4108 9728 10241 11264 12289 16576 16768 17152 25088 28672 49216 53248 69640 98368 102400 131096 131120 131168 196616 196672
1 7 4101 4108 9728 10241 11264 12289 16576 16768 17152 25088 28672 49216 53248 69640 102400 131096 131120 131168 163904 196616 229376
1 7 4101 4108 9728 10241 11264 12289 16576 16768 17152 25088 28672 49216 53248 98368 102400 131096 131120 131168 135176 196672 200704
1 7 4101 4108 9728 10241 11264 12289 16576 16768 17152 25088 28672 49216 53248 102400 131096 131120 131168 135176 163904 200704 229376
1 7 4101 4108 9728 10241 11264 12289 16576 16768 17152 25088 28672 49216 65560 65584 65632 69640 86016 114688 163904 196672 229376
1 7 4101 4108 9728 10241 11264 12289 16576 16768 17152 25088 28672 49216 65560 65584 65632 69640 98368 114688 151552 200704 212992
1 7 4101 4108 9728 10241 11264 12289 16576 16768 17152 25088 28672 49216 65560 65584 65632 86016 98368 114688 135176 196616 200704
1 7 4101 4108 9728 10241 11264 12289 16576 16768 17152 25088 28672 49216 65560 65584 65632 98368 114688 135176 151552 196616 212992
1 7 4101 4108 9728 10241 11264 12289 16576 16768 17152 25088 28672 49216 65560 65584 69640 86016 98336 114688 131168 163872 163904
1 7 4101 4108 9728 10241 11264 12289 16576 16768 17152 25088 28672 49216 65560 65584 69640 86016 98368 114688 131168 196640 196672
1 7 4101 4108 9728 10241 11264 12289 16576 16768 17152 25088 28672 49216 65560 65584 69640 86016 114688 131168 163904 196640 229376
1 7 4101 4108 9728 10241 11264 12289 16576 16768 17152 25088 28672 49216 65560 65632 69640 86016 98368 114688 131120 196624 196640
1 7 4101 4108 9728 10241 11264 12289 16576 16768 17152 25088 28672 49216 65560 69640 86016 98320 114688 131120 131168 163856 163904
1 7 4101 4108 9728 10241 11264 12289 16576 16768 17152 25088 28672 49216 65560 69640 86016 98368 114688 131120 131168 196624 196672
1 7 4101 4108 9728 10241 11264 12289 16576 16768 17152 25088 28672 49216 65560 69640 86016 114688 131120 131168 163904 196624 229376
1 7 4101 4108 9728 10241 11264 12289 16576 16768 17152 25088 28672 49216 65584 65632 69640 86016 98368 114688 131096 196616 196624
1 7 4101 4108 9728 10241 11264 12289 16576 16768 17152 25088 28672 49216 65584 65632 86016 98368 114688 131096 135176 196624 200704
1 7 4101 4108 9728 10241 11264 12289 16576 16768 17152 25088 28672 49216 65584 65632 98368 114688 131096 135176 151552 196624 212992
1 7 4101 4108 9728 10241 11264 12289 16576 16768 17152 25088 28672 49216 65632 69640 86016 98368 114688 131096 131120 196616 196640
1 7 4101 4108 9728 10241 11264 12289 16576 16768 17152 25088 28672 49216 65632 86016 98368 114688 131096 131120 135176 196640 200704
1 7 4101 4108 9728 10241 11264 12289 16576 16768 17152 25088 28672 49216 65632 98368 114688 131096 131120 135176 151552 196640 212992
1 7 4101 4108 9728 10241 11264 12289 16576 16768 17152 25088 28672 49216 69640 86016 98312 114688 131096 131120 131168 163848 163904
1 7 4101 4108 9728 10241 11264 12289 16576 16768 17152 25088 28672 49216 69640 86016 98368 114688 131096 131120 131168 196616 196672
1 7 4101 4108 9728 10241 11264 12289 16576 16768 17152 25088 28672 49216 69640 86016 114688 131096 131120 131168 163904 196616 229376
1 7 4101 4108 9728 10241 11264 12289 16576 16768 17152 25088 28672 49216 86016 98368 114688 131096 131120 131168 135176 196672 200704
1 7 4101 4108 9728 10241 11264 12289 16576 16768 17152 25088 28672 49216 86016 102400 114688 131096 131120 131168 135176 163904 167936
1 7 4101 4108 9728 10241 11264 12289 16576 16768 17152 25088 28672 49216 86016 114688 131096 131120 131168 135176 163904 200704 229376
1 7 4101 4108 9728 10241 11264 12289 16576 16768 17152 25088 28672 49216 98368 114688 131096 131120 131168 135176 151552 196672 212992
1 7 4101 4108 9728 10241 11264 12289 16576 16768 17152 25088 28672 49216 114688 131096 131120 131168 135176 151552 163904 212992 229376
1 7 4101 4108 9728 10241 11264 12289 16576 16768 17152 28672 41472 49664 57344 65560 65584 65632 69640 81984 151552 200704 212992
1 7 4101 4108 9728 10241 11264 12289 16576 16768 17152 28672 41472 49664 57344 65560 65584 65632 81984 86016 135176 196616 200704
1 7 4101 4108 9728 10241 11264 12289 16576 16768 17152 28672 41472 49664 57344 65560 65584 65632 81984 135176 151552 196616 212992
1 7 4101 4108 9728 10241 11264 12289 16576 16768 17152 28672 41472 49664 57344 65560 65584 69640 81984 86016 131168 196640 196672
1 7 4101 4108 9728 10241 11264 12289 16576 16768 17152 28672 41472 49664 57344 65560 65632 69640 81984 86016 131120 196624 196640
1 7 4101 4108 9728 10241 11264 12289 16576 16768 17152 28672 41472 49664 57344 65560 69640 81984 86016 131120 131168 196624 196672
1 7 4101 4108 9728 10241 11264 12289 16576 16768 17152 28672 41472 49664 57344 65584 65632 69640 81984 86016 131096 196616 196624
1 7 4101 4108 9728 10241 11264 12289 16576 16768 17152 28672 41472 49664 57344 65584 65632 81984 86016 131096 135176 196624 200704
1 7 4101 4108 9728 10241 11264 12289 16576 16768 17152 28672 41472 49664 57344 65584 65632 81984 131096 135176 151552 196624 212992
1 7 4101 4108 9728 10241 11264 12289 16576 16768 17152 28672 41472 49664 57344 65632 69640 81984 86016 131096 131120 196616 196640
1 7 4101 4108 9728 10241 11264 12289 16576 16768 17152 28672 41472 49664 57344 65632 81984 86016 131096 131120 135176 196640 200704
1 7 4101 4108 9728 10241 11264 12289 16576 16768 17152 28672 41472 49664 57344 65632 81984 131096 131120 135176 151552 196640 212992
1 7 4101 4108 9728 10241 11264 12289 16576 16768 17152 28672 41472 49664 57344 69640 81984 86016 131096 131120 131168 196616 196672
1 7 4101 4108 9728 10241 11264 12289 16576 16768 17152 28672 41472 49664 57344 81984 86016 131096 131120 131168 135176 196672 200704
1 7 4101 4108 9728 10241 11264 12289 16576 16768 17152 28672 41472 49664 57344 81984 131096 131120 131168 135176 151552 196672 212992
1 7 4101 4108 9728 10241 11264 12289 16576 16768 17152 28672 41472 57344 82432 98816 114688 131096 131120 131168 135176 147520 151552
1 7 4101 4108 9728 10241 11264 12289 16576 16768 17152 28672 49664 57344 74240 98816 106496 131096 131120 131168 135176 147520 151552
1 7 4101 4108 9728 10241 11264 12289 16576 16768 17152 28672 57344 74240 82432 106496 114688 131096 131120 131168 135176 147520 151552
1 7 4101 4108 9728 10241 11264 12289 16576 16768 25088 28672 33536 49408 49664 65560 65584 65632 69640 81984 151552 200704 212992
1 7 4101 4108 9728 10241 11264 12289 16576 16768 25088 28672 33536 49408 49664 65560 65584 65632 81984 86016 135176 196616 200704
1 7 4101 4108 9728 10241 11264 12289 16576 16768 25088 28672 33536 49408 49664 65560 65584 65632 81984 135176 151552 196616 212992
1 7 4101 4108 9728 10241 11264 12289 16576 16768 25088 28672 33536 49408 49664 65560 65584 69640 81984 86016 131168 196640 196672
1 7 4101 4108 9728 10241 11264 12289 16576 16768 25088 28672 33536 49408 49664 65560 65632 69640 81984 86016 131120 196624 196640
1 7 4101 4108 9728 10241 11264 12289 16576 16768 25088 28672 33536 49408 49664 65560 69640 81984 86016 131120 131168 196624 196672
1 7 4101 4108 9728 10241 11264 12289 16576 16768 25088 28672 33536 49408 49664 65584 65632 69640 81984 86016 131096 196616 196624
1 7 4101 4108 9728 10241 11264 12289 16576 16768 25088 28672 33536 49408 49664 65584 65632 81984 86016 131096 135176 196624 200704
1 7 4101 4108 9728 10241 11264 12289 16576 16768 25088 28672 33536 49408 49664 65584 65632 81984 131096 135176 151552 196624 212992
1 7 4101 4108 9728 10241 11264 12289 16576 16768 25088 28672 33536 49408 49664 65632 69640 81984 86016 131096 131120 196616 196640
1 7 4101 4108 9728 10241 11264 12289 16576 16768 25088 28672 33536 49408 49664 65632 81984 86016 131096 131120 135176 196640 200704
1 7 4101 4108 9728 10241 11264 12289 16576 16768 25088 28672 33536 49408 49664 65632 81984 131096 131120 135176 151552 196640 212992
1 7 4101 4108 9728 10241 11264 12289 16576 16768 25088 28672 33536 49408 49664 69640 81984 86016 131096 131120 131168 196616 196672
1 7 4101 4108 9728 10241 11264 12289 16576 16768 25088 28672 33536 49408 49664 81984 86016 131096 131120 131168 135176 196672 200704
1 7 4101 4108 9728 10241 11264 12289 16576 16768 25088 28672 33536 49408 49664 81984 131096 131120 131168 135176 151552 196672 212992
1 7 4101 4108 9728 10241 11264 12289 16576 16768 25088 28672 33536 49664 82176 98560 114688 131096 131120 131168 135176 147520 151552
1 7 4101 4108 9728 10241 11264 12289 16576 16768 25088 28672 49408 49664 66304 98560 98816 131096 131120 131168 135176 147520 151552
1 7 4101 4108 9728 10241 11264 12289 16576 16768 25088 28672 49664 66304 82176 98816 114688 131096 131120 131168 135176 147520 151552
1 7 4101 4108 9728 10241 11264 12289 16576 16768 28672 33536 41472 49408 57344 65560 65584 65632 69640 81984 151552 200704 212992
1 7 4101 4108 9728 10241 11264 12289 16576 16768 28672 33536 41472 49408 57344 65560 65584 65632 81984 86016 135176 196616 200704
1 7 4101 4108 9728 10241 11264 12289 16576 16768 28672 33536 41472 49408 57344 65560 65584 65632 81984 135176 151552 196616 212992
1 7 4101 4108 9728 10241 11264 12289 16576 16768 28672 33536 41472 49408 57344 65560 65584 69640 81984 86016 131168 196640 196672
1 7 4101 4108 9728 10241 11264 12289 16576 16768 28672 33536 41472 49408 57344 65560 65632 69640 81984 86016 131120 196624 196640
1 7 4101 4108 9728 10241 11264 12289 16576 16768 28672 33536 41472 49408 57344 65560 69640 81984 86016 131120 131168 196624 196672
1 7 4101 4108 9728 10241 11264 12289 16576 16768 28672 33536 41472 49408 57344 65584 65632 69640 81984 86016 131096 196616 196624
1 7 4101 4108 9728 10241 11264 12289 16576 16768 28672 33536 41472 49408 57344 65584 65632 81984 86016 131096 135176 196624 200704
1 7 4101 4108 9728 10241 11264 12289 16576 16768 28672 33536 41472 49408 57344 65584 65632 81984 131096 135176 151552 196624 212992
1 7 4101 4108 9728 10241 11264 12289 16576 16768 28672 33536 41472 49408 57344 65632 69640 81984 86016 131096 131120 196616 196640
1 7 4101 4108 9728 10241 11264 12289 16576 16768 28672 33536 41472 49408 57344 65632 81952 81984 131096 131120 135176 147488 151552
1 7 4101 4108 9728 10241 11264 12289 16576 16768 28672 33536 41472 49408 57344 65632 81984 86016 131096 131120 135176 196640 200704
1 7 4101 4108 9728 10241 11264 12289 16576 16768 28672 33536 41472 49408 57344 65632 81984 131096 131120 135176 151552 196640 212992
1 7 4101 4108 9728 10241 11264 12289 16576 16768 28672 33536 41472 49408 57344 69640 81984 86016 131096 131120 131168 196616 196672
1 7 4101 4108 9728 10241 11264 12289 16576 16768 28672 33536 41472 49408 57344 81984 86016 131096 131120 131168 135176 196672 200704
1 7 4101 4108 9728 10241 11264 12289 16576 16768 28672 33536 41472 49408 57344 81984 131096 131120 131168 135176 151552 196672 212992
1 7 4101 4108 9728 10241 11264 12289 16576 16768 28672 33536 41472 57344 82176 98560 114688 131096 131120 131168 135176 147520 151552
1 7 4101 4108 9728 10241 11264 12289 16576 16768 28672 33536 49408 57344 74240 98816 106496 131096 131120 131168 135176 147520 151552
1 7 4101 4108 9728 10241 11264 12289 16576 16768 28672 41472 49408 57344 66304 98560 98816 131096 131120 131168 135176 147520 151552
1 7 4101 4108 9728 10241 11264 12289 16576 16768 28672 41472 49664 57344 66304 82176 82432 131096 131120 131168 135176 147520 151552
1 7 4101 4108 9728 10241 11264 12289 16576 16768 28672 41472 57344 66304 82176 98816 114688 131096 131120 131168 135176 147520 151552
1 7 4101 4108 9728 10241 11264 12289 16576 16768 28672 49408 57344 66304 74240 98560 106496 131096 131120 131168 135176 147520 151552
1 7 4101 4108 9728 10241 11264 12289 16576 16768 28672 57344 66304 74240 82176 106496 114688 131096 131120 131168 135176 147520 151552
1 7 4101 4108 9728 10241 11264 12289 16576 17152 25088 28672 33152 49280 49408 65560 65584 65632 69640 81984 151552 200704 212992
1 7 4101 4108 9728 10241 11264 12289 16576 17152 25088 28672 33152 49280 49408 65560 65584 65632 81984 86016 135176 196616 200704
1 7 4101 4108 9728 10241 11264 12289 16576 17152 25088 28672 33152 49280 49408 65560 65584 65632 81984 135176 151552 196616 212992
1 7 4101 4108 9728 10241 11264 12289 16576 17152 25088 28672 33152 49280 49408 65560 65584 69640 81984 86016 131168 196640 196672
1 7 4101 4108 9728 10241 11264 12289 16576 17152 25088 28672 33152 49280 49408 65560 65632 69640 81984 86016 131120 196624 196640
1 7 4101 4108 9728 10241 11264 12289 16576 17152 25088 28672 33152 49280 49408 65560 69640 81984 86016 131120 131168 196624 196672
1 7 4101 4108 9728 10241 11264 12289 16576 17152 25088 28672 33152 49280 49408 65584 65632 69640 81984 86016 131096 196616 196624
1 7 4101 4108 9728 10241 11264 12289 16576 17152 25088 28672 33152 49280 49408 65584 65632 81984 86016 131096 135176 196624 200704
1 7 4101 4108 9728 10241 11264 12289 16576 17152 25088 28672 33152 49280 49408 65584 65632 81984 131096 135176 151552 196624 212992
1 7 4101 4108 9728 10241 11264 12289 16576 17152 25088 28672 33152 49280 49408 65632 69640 81984 86016 131096 131120 196616 196640
1 7 4101 4108 9728 10241 11264 12289 16576 17152 25088 28672 33152 49280 49408 65632 81984 86016 131096 131120 135176 196640 200704
1 7 4101 4108 9728 10241 11264 12289 16576 17152 25088 28672 33152 49280 49408 65632 81984 131096 131120 135176 151552 196640 212992
1 7 4101 4108 9728 10241 11264 12289 16576 17152 25088 28672 33152 49280 49408 69640 81984 86016 131096 131120 131168 196616 196672
1 7 4101 4108 9728 10241 11264 12289 16576 17152 25088 28672 33152 49280 49408 81984 86016 131096 131120 131168 135176 196672 200704
1 7 4101 4108 9728 10241 11264 12289 16576 17152 25088 28672 33152 49280 49408 81984 131096 131120 131168 135176 151552 196672 212992
1 7 4101 4108 9728 10241 11264 12289 16576 17152 25088 28672 33152 49408 82048 98432 114688 131096 131120 131168 135176 147520 151552
1 7 4101 4108 9728 10241 11264 12289 16576 17152 25088 28672 49280 49408 65920 98432 98560 131096 131120 131168 135176 147520 151552
1 7 4101 4108 9728 10241 11264 12289 16576 17152 25088 28672 49408 65920 82048 98560 114688 131096 131120 131168 135176 147520 151552
1 7 4101 4108 9728 10241 11264 12289 16576 17152 28672 41472 49664 57344 65920 82048 82176 131096 131120 131168 135176 147520 151552
1 7 4101 4108 9728 10241 11264 12289 16576 25088 28672 33152 33536 49280 49664 65560 65584 65632 69640 81984 151552 200704 212992
1 7 4101 4108 9728 10241 11264 12289 16576 25088 28672 33152 33536 49280 49664 65560 65584 65632 81984 86016 135176 196616 200704
1 7 4101 4108 9728 10241 11264 12289 16576 25088 28672 33152 33536 49280 49664 65560 65584 65632 81984 135176 151552 196616 212992
1 7 4101 4108 9728 10241 11264 12289 16576 25088 28672 33152 33536 49280 49664 65560 65584 69640 81984 86016 131168 196640 196672
1 7 4101 4108 9728 10241 11264 12289 16576 25088 28672 33152 33536 49280 49664 65560 65632 69640 81984 86016 131120 196624 196640
1 7 4101 4108 9728 10241 11264 12289 16576 25088 28672 33152 33536 49280 49664 65560 69640 81984 86016 131120 131168 196624 196672
1 7 4101 4108 9728 10241 11264 12289 16576 25088 28672 33152 33536 49280 49664 65584 65632 69640 81984 86016 131096 196616 196624
1 7 4101 4108 9728 10241 11264 12289 16576 25088 28672 33152 33536 49280 49664 65584 65632 81984 86016 131096 135176 196624 200704
1 7 4101 4108 9728 10241 11264 12289 16576 25088 28672 33152 33536 49280 49664 65584 65632 81984 131096 135176 151552 196624 212992
1 7 4101 4108 9728 10241 11264 12289 16576 25088 28672 33152 33536 49280 49664 65632 69640 81984 86016 131096 131120 196616 196640
1 7 4101 4108 9728 10241 11264 12289 16576 25088 28672 33152 33536 49280 49664 65632 81984 86016 131096 131120 135176 196640 200704
1 7 4101 4108 9728 10241 11264 12289 16576 25088 28672 33152 33536 49280 49664 65632 81984 131096 131120 135176 151552 196640 212992
1 7 4101 4108 9728 10241 11264 12289 16576 25088 28672 33152 33536 49280 49664 69640 81984 86016 131096 131120 131168 196616 196672
1 7 4101 4108 9728 10241 11264 12289 16576 25088 28672 33152 33536 49280 49664 81984 86016 131096 131120 131168 135176 196672 200704
1 7 4101 4108 9728 10241 11264 12289 16576 25088 28672 33152 33536 49280 49664 81984 131096 131120 131168 135176 151552 196672 212992
1 7 4101 4108 9728 10241 11264 12289 16576 25088 28672 33152 33536 49664 82048 98432 114688 131096 131120 131168 135176 147520 151552
1 7 4101 4108 9728 10241 11264 12289 16576 25088 28672 33152 49280 49664 66304 98560 98816 131096 131120 131168 135176 147520 151552
1 7 4101 4108 9728 10241 11264 12289 16576 25088 28672 33536 49280 49664 65920 98432 98560 131096 131120 131168 135176 147520 151552
1 7 4101 4108 9728 10241 11264 12289 16576 25088 28672 33536 49408 49664 65920 82048 82176 131096 131120 131168 135176 147520 151552
1 7 4101 4108 9728 10241 11264 12289 16576 25088 28672 33536 49664 65920 82048 98560 114688 131096 131120 131168 135176 147520 151552
1 7 4101 4108 9728 10241 11264 12289 16576 25088 28672 49280 49664 65920 66304 98432 98816 131096 131120 131168 135176 147520 151552
1 7 4101 4108 9728 10241 11264 12289 16576 25088 28672 49664 65920 66304 82048 98816 114688 131096 131120 131168 135176 147520 151552
1 7 4101 4108 9728 10241 11264 12289 16576 28672 33152 33536 41472 49280 57344 65560 65584 65632 69640 81984 151552 200704 212992
1 7 4101 4108 9728 10241 11264 12289 16576 28672 33152 33536 41472 49280 57344 65560 65584 65632 81984 86016 135176 196616 200704
1 7 4101 4108 9728 10241 11264 12289 16576 28672 33152 33536 41472 49280 57344 65560 65584 65632 81984 135176 151552 196616 212992
1 7 4101 4108 9728 10241 11264 12289 16576 28672 33152 33536 41472 49280 57344 65560 65584 69640 81984 86016 131168 196640 196672
1 7 4101 4108 9728 10241 11264 12289 16576 28672 33152 33536 41472 49280 57344 65560 65632 69640 81984 86016 131120 196624 196640
1 7 4101 4108 9728 10241 11264 12289 16576 28672 33152 33536 41472 49280 57344 65560 69640 81984 86016 131120 131168 196624 196672
1 7 4101 4108 9728 10241 11264 12289 16576 28672 33152 33536 41472 49280 57344 65584 65632 69640 81984 86016 131096 196616 196624
1 7 4101 4108 9728 10241 11264 12289 16576 28672 33152 33536 41472 49280 57344 65584 65632 81936 81984 131096 135176 147472 151552
1 7 4101 4108 9728 10241 11264 12289 16576 28672 33152 33536 41472 49280 57344 65584 65632 81984 86016 131096 135176 196624 200704
1 7 4101 4108 9728 10241 11264 12289 16576 28672 33152 33536 41472 49280 57344 65584 65632 81984 131096 135176 151552 196624 212992
1 7 4101 4108 9728 10241 11264 12289 16576 28672 33152 33536 41472 49280 57344 65632 69640 81984 86016 131096 131120 196616 196640
1 7 4101 4108 9728 10241 11264 12289 16576 28672 33152 33536 41472 49280 57344 65632 81952 81984 131096 131120 135176 147488 151552
1 7 4101 4108 9728 10241 11264 12289 16576 28672 33152 33536 41472 49280 57344 65632 81984 86016 131096 131120 135176 196640 200704
1 7 4101 4108 9728 10241 11264 12289 16576 28672 33152 33536 41472 49280 57344 65632 81984 131096 131120 135176 151552 196640 212992
1 7 4101 4108 9728 10241 11264 12289 16576 28672 33152 33536 41472 49280 57344 69640 81984 86016 131096 131120 131168 196616 196672
1 7 4101 4108 9728 10241 11264 12289 16576 28672 33152 33536 41472 49280 57344 81984 86016 131096 131120 131168 135176 196672 200704
1 7 4101 4108 9728 10241 11264 12289 16576 28672 33152 33536 41472 49280 57344 81984 131096 131120 131168 135176 151552 196672 212992
1 7 4101 4108 9728 10241 11264 12289 16576 28672 33152 33536 41472 57344 82048 98432 114688 131096 131120 131168 135176 147520 151552
1 7 4101 4108 9728 10241 11264 12289 16576 28672 33152 33536 49280 57344 74240 98816 106496 131096 131120 131168 135176 147520 151552
1 7 4101 4108 9728 10241 11264 12289 16576 28672 33152 41472 49280 57344 66304 98560 98816 131096 131120 131168 135176 147520 151552
1 7 4101 4108 9728 10241 11264 12289 16576 28672 33152 49280 57344 66304 74240 98560 106496 131096 131120 131168 135176 147520 151552
1 7 4101 4108 9728 10241 11264 12289 16576 28672 33536 41472 49280 57344 65920 98432 98560 131096 131120 131168 135176 147520 151552
1 7 4101 4108 9728 10241 11264 12289 16576 28672 33536 41472 49408 57344 65920 82048 82176 131096 131120 131168 135176 147520 151552
1 7 4101 4108 9728 10241 11264 12289 16576 28672 33536 41472 57344 65920 82048 98560 114688 131096 131120 131168 135176 147520 151552
1 7 4101 4108 9728 10241 11264 12289 16576 28672 41472 49280 57344 65920 66304 98432 98816 131096 131120 131168 135176 147520 151552
1 7 4101 4108 9728 10241 11264 12289 16576 28672 41472 49664 57344 65920 66304 82048 82432 131096 131120 131168 135176 147520 151552
1 7 4101 4108 9728 10241 11264 12289 16576 28672 41472 57344 65920 66304 82048 98816 114688 131096 131120 131168 135176 147520 151552
1 7 4101 4108 9728 10241 11264 12289 16576 28672 49280 57344 65920 66304 74240 98432 106496 131096 131120 131168 135176 147520 151552
1 7 4101 4108 9728 10241 11264 12289 16576 28672 57344 65920 66304 74240 82048 106496 114688 131096 131120 131168 135176 147520 151552
1 7 4101 4108 9728 10241 11264 12289 16768 17152 25088 28672 32816 32864 32960 49280 53248 65560 69640 98320 167936 200704 229376
1 7 4101 4108 9728 10241 11264 12289 16768 17152 25088 28672 32816 32864 32960 49280 53248 65560 98320 102400 135176 196616 200704
1 7 4101 4108 9728 10241 11264 12289 16768 17152 25088 28672 32816 32864 32960 49280 53248 65560 98320 135176 167936 196616 229376
1 7 4101 4108 9728 10241 11264 12289 16768 17152 25088 28672 32816 32864 32960 49280 53248 69640 98320 102400 131096 196616 196624
1 7 4101 4108 9728 10241 11264 12289 16768 17152 25088 28672 32816 32864 32960 49280 53248 98320 102400 131096 135176 196624 200704
1 7 4101 4108 9728 10241 11264 12289 16768 17152 25088 28672 32816 32864 32960 49280 53248 98320 131096 135176 167936 196624 229376
1 7 4101 4108 9728 10241 11264 12289 16768 17152 25088 28672 32816 32864 32960 49280 65560 69640 86016 98320 180224 212992 229376
1 7 4101 4108 9728 10241 11264 12289 16768 17152 25088 28672 32816 32864 32960 49280 65560 69640 98320 102400 151552 167936 180224
1 7 4101 4108 9728 10241 11264 12289 16768 17152 25088 28672 32816 32864 32960 49280 65560 69640 98320 114688 151552 200704 212992
1 7 4101 4108 9728 10241 11264 12289 16768 17152 25088 28672 32816 32864 32960 49280 65560 69640 98320 151552 180224 200704 229376
1 7 4101 4108 9728 10241 11264 12289 16768 17152 25088 28672 32816 32864 32960 49280 65560 86016 98320 114688 135176 196616 200704
1 7 4101 4108 9728 10241 11264 12289 16768 17152 25088 28672 32816 32864 32960 49280 65560 98320 114688 135176 151552 196616 212992
1 7 4101 4108 9728 10241 11264 12289 16768 17152 25088 28672 32816 32864 32960 49280 65560 98320 135176 151552 180224 196616 229376
1 7 4101 4108 9728 10241 11264 12289 16768 17152 25088 28672 32816 32864 32960 49280 69640 86016 98320 114688 131096 196616 196624
1 7 4101 4108 9728 10241 11264 12289 16768 17152 25088 28672 32816 32864 32960 49280 86016 98320 114688 131096 135176 196624 200704
1 7 4101 4108 9728 10241 11264 12289 16768 17152 25088 28672 32816 32864 32960 49280 98320 114688 131096 135176 151552 196624 212992
1 7 4101 4108 9728 10241 11264 12289 16768 17152 25088 28672 32816 32864 32960 49280 98320 131096 135176 151552 180224 196624 229376
1 7 4101 4108 9728 10241 11264 12289 16768 17152 25088 28672 32816 32864 49280 53248 65728 98368 98432 131096 135176 163856 167936
1 7 4101 4108 9728 10241 11264 12289 16768 17152 25088 28672 32816 32864 49280 65728 98368 98432 131096 135176 151552 163856 180224
1 7 4101 4108 9728 10241 11264 12289 16768 17152 25088 28672 32816 32960 49280 53248 65632 98336 98368 131096 135176 163856 167936
1 7 4101 4108 9728 10241 11264 12289 16768 17152 25088 28672 32816 32960 49280 65632 98336 98368 131096 135176 151552 163856 180224
1 7 4101 4108 9728 10241 11264 12289 16768 17152 25088 28672 32816 49280 53248 65632 65728 98336 98432 131096 135176 163856 167936
1 7 4101 4108 9728 10241 11264 12289 16768 17152 25088 28672 32816 49280 65632 65728 98336 98432 131096 135176 151552 163856 180224
1 7 4101 4108 9728 10241 11264 12289 16768 17152 25088 28672 32864 32960 49280 53248 65560 65584 69640 98336 167936 200704 229376
1 7 4101 4108 9728 10241 11264 12289 16768 17152 25088 28672 32864 32960 49280 53248 65560 65584 98336 102400 135176 196616 200704
1 7 4101 4108 9728 10241 11264 12289 16768 17152 25088 28672 32864 32960 49280 53248 65560 65584 98336 135176 167936 196616 229376
1 7 4101 4108 9728 10241 11264 12289 16768 17152 25088 28672 32864 32960 49280 53248 65560 69640 98336 102400 131120 196624 196640
1 7 4101 4108 9728 10241 11264 12289 16768 17152 25088 28672 32864 32960 49280 53248 65584 69640 98336 102400 131096 196616 196624
1 7 4101 4108 9728 10241 11264 12289 16768 17152 25088 28672 32864 32960 49280 53248 65584 98320 98336 131096 135176 163856 167936
1 7 4101 4108 9728 10241 11264 12289 16768 17152 25088 28672 32864 32960 49280 53248 65584 98336 102400 131096 135176 196624 200704
1 7 4101 4108 9728 10241 11264 12289 16768 17152 25088 28672 32864 32960 49280 53248 65584 98336 131096 135176 167936 196624 229376
1 7 4101 4108 9728 10241 11264 12289 16768 17152 25088 28672 32864 32960 49280 53248 69640 98336 102400 131096 131120 196616 196640
1 7 4101 4108 9728 10241 11264 12289 16768 17152 25088 28672 32864 32960 49280 53248 98336 102400 131096 131120 135176 196640 200704
1 7 4101 4108 9728 10241 11264 12289 16768 17152 25088 28672 32864 32960 49280 53248 98336 131096 131120 135176 167936 196640 229376
1 7 4101 4108 9728 10241 11264 12289 16768 17152 25088 28672 32864 32960 49280 65560 65584 69640 86016 98336 180224 212992 229376
1 7 4101 4108 9728 10241 11264 12289 16768 17152 25088 28672 32864 32960 49280 65560 65584 69640 98336 102400 151552 167936 180224
1 7 4101 4108 9728 10241 11264 12289 16768 17152 25088 28672 32864 32960 49280 65560 65584 69640 98336 114688 151552 200704 212992
1 7 4101 4108 9728 10241 11264 12289 16768 17152 25088 28672 32864 32960 49280 65560 65584 69640 98336 151552 180224 200704 229376
1 7 4101 4108 9728 10241 11264 12289 16768 17152 25088 28672 32864 32960 49280 65560 65584 86016 98336 114688 135176 196616 200704
1 7 4101 4108 9728 10241 11264 12289 16768 17152 25088 28672 32864 32960 49280 65560 65584 98336 114688 135176 151552 196616 212992
1 7 4101 4108 9728 10241 11264 12289 16768 17152 25088 28672 32864 32960 49280 65560 65584 98336 135176 151552 180224 196616 229376
1 7 4101 4108 9728 10241 11264 12289 16768 17152 25088 28672 32864 32960 49280 65560 69640 86016 98336 114688 131120 196624 196640
1 7 4101 4108 9728 10241 11264 12289 16768 17152 25088 28672 32864 32960 49280 65584 69640 86016 98336 114688 131096 196616 196624
1 7 4101 4108 9728 10241 11264 12289 16768 17152 25088 28672 32864 32960 49280 65584 86016 98336 114688 131096 135176 196624 200704
1 7 4101 4108 9728 10241 11264 12289 16768 17152 25088 28672 32864 32960 49280 65584 98320 98336 131096 135176 151552 163856 180224
1 7 4101 4108 9728 10241 11264 12289 16768 17152 25088 28672 32864 32960 49280 65584 98336 114688 131096 135176 151552 196624 212992
1 7 4101 4108 9728 10241 11264 12289 16768 17152 25088 28672 32864 32960 49280 65584 98336 131096 135176 151552 180224 196624 229376
1 7 4101 4108 9728 10241 11264 12289 16768 17152 25088 28672 32864 32960 49280 69640 86016 98336 114688 131096 131120 196616 196640
1 7 4101 4108 9728 10241 11264 12289 16768 17152 25088 28672 32864 32960 49280 86016 98336 114688 131096 131120 135176 196640 200704
1 7 4101 4108 9728 10241 11264 12289 16768 17152 25088 28672 32864 32960 49280 98336 114688 131096 131120 135176 151552 196640 212992
1 7 4101 4108 9728 10241 11264 12289 16768 17152 25088 28672 32864 32960 49280 98336 131096 131120 135176 151552 180224 196640 229376
1 7 4101 4108 9728 10241 11264 12289 16768 17152 25088 28672 32864 49280 53248 65728 98368 98432 131096 131120 135176 163872 167936
1 7 4101 4108 9728 10241 11264 12289 16768 17152 25088 28672 32864 49280 65728 98368 98432 131096 131120 135176 151552 163872 180224
1 7 4101 4108 9728 10241 11264 12289 16768 17152 25088 28672 32960 49216 49280 65560 65584 65632 69640 81984 151552 200704 212992
1 7 4101 4108 9728 10241 11264 12289 16768 17152 25088 28672 32960 49216 49280 65560 65584 65632 81984 86016 135176 196616 200704
1 7 4101 4108 9728 10241 11264 12289 16768 17152 25088 28672 32960 49216 49280 65560 65584 65632 81984 135176 151552 196616 212992
1 7 4101 4108 9728 10241 11264 12289 16768 17152 25088 28672 32960 49216 49280 65560 65584 69640 81984 86016 131168 196640 196672
1 7 4101 4108 9728 10241 11264 12289 16768 17152 25088 28672 32960 49216 49280 65560 65632 69640 81984 86016 131120 196624 196640
1 7 4101 4108 9728 10241 11264 12289 16768 17152 25088 28672 32960 49216 49280 65560 69640 81984 86016 131120 131168 196624 196672
1 7 4101 4108 9728 10241 11264 12289 16768 17152 25088 28672 32960 49216 49280 65584 65632 69640 81984 86016 131096 196616 196624
1 7 4101 4108 9728 10241 11264 12289 16768 17152 25088 28672 32960 49216 49280 65584 65632 81984 86016 131096 135176 196624 200704
1 7 4101 4108 9728 10241 11264 12289 16768 17152 25088 28672 32960 49216 49280 65584 65632 81984 131096 135176 151552 196624 212992
1 7 4101 4108 9728 10241 11264 12289 16768 17152 25088 28672 32960 49216 49280 65632 69640 81984 86016 131096 131120 196616 196640
1 7 4101 4108 9728 10241 11264 12289 16768 17152 25088 28672 32960 49216 49280 65632 81984 86016 131096 131120 135176 196640 200704
1 7 4101 4108 9728 10241 11264 12289 16768 17152 25088 28672 32960 49216 49280 65632 81984 131096 131120 135176 151552 196640 212992
1 7 4101 4108 9728 10241 11264 12289 16768 17152 25088 28672 32960 49216 49280 69640 81984 86016 131096 131120 131168 196616 196672
1 7 4101 4108 9728 10241 11264 12289 16768 17152 25088 28672 32960 49216 49280 81984 86016 131096 131120 131168 135176 196672 200704
1 7 4101 4108 9728 10241 11264 12289 16768 17152 25088 28672 32960 49216 49280 81984 131096 131120 131168 135176 151552 196672 212992
1 7 4101 4108 9728 10241 11264 12289 16768 17152 25088 28672 32960 49280 53248 65560 65584 65632 69640 98368 167936 200704 229376
1 7 4101 4108 9728 10241 11264 12289 16768 17152 25088 28672 32960 49280 53248 65560 65584 65632 98368 102400 135176 196616 200704
1 7 4101 4108 9728 10241 11264 12289 16768 17152 25088 28672 32960 49280 53248 65560 65584 65632 98368 135176 167936 196616 229376
1 7 4101 4108 9728 10241 11264 12289 16768 17152 25088 28672 32960 49280 53248 65560 65584 69640 98368 102400 131168 196640 196672
1 7 4101 4108 9728 10241 11264 12289 16768 17152 25088 28672 32960 49280 53248 65560 65632 69640 98368 102400 131120 196624 196640
1 7 4101 4108 9728 10241 11264 12289 16768 17152 25088 28672 32960 49280 53248 65560 69640 98368 102400 131120 131168 196624 196672
1 7 4101 4108 9728 10241 11264 12289 16768 17152 25088 28672 32960 49280 53248 65584 65632 69640 98368 102400 131096 196616 196624
1 7 4101 4108 9728 10241 11264 12289 16768 17152 25088 28672 32960 49280 53248 65584 65632 98320 98368 131096 135176 163856 167936
1 7 4101 4108 9728 10241 11264 12289 16768 17152 25088 28672 32960 49280 53248 65584 65632 98368 102400 131096 135176 196624 200704
1 7 4101 4108 9728 10241 11264 12289 16768 17152 25088 28672 32960 49280 53248 65584 65632 98368 131096 135176 167936 196624 229376
1 7 4101 4108 9728 10241 11264 12289 16768 17152 25088 28672 32960 49280 53248 65632 69640 98368 102400 131096 131120 196616 196640
1 7 4101 4108 9728 10241 11264 12289 16768 17152 25088 28672 32960 49280 53248 65632 98336 98368 131096 131120 135176 163872 167936
1 7 4101 4108 9728 10241 11264 12289 16768 17152 25088 28672 32960 49280 53248 65632 98368 102400 131096 131120 135176 196640 200704
1 7 4101 4108 9728 10241 11264 12289 16768 17152 25088 28672 32960 49280 53248 65632 98368 131096 131120 135176 167936 196640 229376
1 7 4101 4108 9728 10241 11264 12289 16768 17152 25088 28672 32960 49280 53248 69640 98368 102400 131096 131120 131168 196616 196672
1 7 4101 4108 9728 10241 11264 12289 16768 17152 25088 28672 32960 49280 53248 98368 102400 131096 131120 131168 135176 196672 200704
1 7 4101 4108 9728 10241 11264 12289 16768 17152 25088 28672 32960 49280 53248 98368 131096 131120 131168 135176 167936 196672 229376
1 7 4101 4108 9728 10241 11264 12289 16768 17152 25088 28672 32960 49280 65560 65584 65632 69640 86016 98368 180224 212992 229376
1 7 4101 4108 9728 10241 11264 12289 16768 17152 25088 28672 32960 49280 65560 65584 65632 69640 98368 102400 151552 167936 180224
1 7 4101 4108 9728 10241 11264 12289 16768 17152 25088 28672 32960 49280 65560 65584 65632 69640 98368 114688 151552 200704 212992
1 7 4101 4108 9728 10241 11264 12289 16768 17152 25088 28672 32960 49280 65560 65584 65632 69640 98368 151552 180224 200704 229376
1 7 4101 4108 9728 10241 11264 12289 16768 17152 25088 28672 32960 49280 65560 65584 65632 86016 98368 114688 135176 196616 200704
1 7 4101 4108 9728 10241 11264 12289 16768 17152 25088 28672 32960 49280 65560 65584 65632 98368 114688 135176 151552 196616 212992
1 7 4101 4108 9728 10241 11264 12289 16768 17152 25088 28672 32960 49280 65560 65584 65632 98368 135176 151552 180224 196616 229376
1 7 4101 4108 9728 10241 11264 12289 16768 17152 25088 28672 32960 49280 65560 65584 69640 86016 98368 114688 131168 196640 196672
1 7 4101 4108 9728 10241 11264 12289 16768 17152 25088 28672 32960 49280 65560 65632 69640 86016 98368 114688 131120 196624 196640
1 7 4101 4108 9728 10241 11264 12289 16768 17152 25088 28672 32960 49280 65560 69640 86016 98368 114688 131120 131168 196624 196672
1 7 4101 4108 9728 10241 11264 12289 16768 17152 25088 28672 32960 49280 65584 65632 69640 86016 98368 114688 131096 196616 196624
1 7 4101 4108 9728 10241 11264 12289 16768 17152 25088 28672 32960 49280 65584 65632 86016 98368 114688 131096 135176 196624 200704
1 7 4101 4108 9728 10241 11264 12289 16768 17152 25088 28672 32960 49280 65584 65632 98320 98368 131096 135176 151552 163856 180224
1 7 4101 4108 9728 10241 11264 12289 16768 17152 25088 28672 32960 49280 65584 65632 98368 114688 131096 135176 151552 196624 212992
1 7 4101 4108 9728 10241 11264 12289 16768 17152 25088 28672 32960 49280 65584 65632 98368 131096 135176 151552 180224 196624 229376
1 7 4101 4108 9728 10241 11264 12289 16768 17152 25088 28672 32960 49280 65632 69640 86016 98368 114688 131096 131120 196616 196640
1 7 4101 4108 9728 10241 11264 12289 16768 17152 25088 28672 32960 49280 65632 86016 98368 114688 131096 131120 135176 196640 200704
1 7 4101 4108 9728 10241 11264 12289 16768 17152 25088 28672 32960 49280 65632 98336 98368 131096 131120 135176 151552 163872 180224
1 7 4101 4108 9728 10241 11264 12289 16768 17152 25088 28672 32960 49280 65632 98368 114688 131096 131120 135176 151552 196640 212992
1 7 4101 4108 9728 10241 11264 12289 16768 17152 25088 28672 32960 49280 65632 98368 131096 131120 135176 151552 180224 196640 229376
1 7 4101 4108 9728 10241 11264 12289 16768 17152 25088 28672 32960 49280 69640 86016 98368 114688 131096 131120 131168 196616 196672
1 7 4101 4108 9728 10241 11264 12289 16768 17152 25088 28672 32960 49280 81984 98368 114688 131096 131120 131168 135176 147520 151552
1 7 4101 4108 9728 10241 11264 12289 16768 17152 25088 28672 32960 49280 86016 98368 114688 131096 131120 131168 135176 196672 200704
1 7 4101 4108 9728 10241 11264 12289 16768 17152 25088 28672 32960 49280 98368 114688 131096 131120 131168 135176 151552 196672 212992
1 7 4101 4108 9728 10241 11264 12289 16768 17152 25088 28672 32960 49280 98368 131096 131120 131168 135176 151552 180224 196672 229376
1 7 4101 4108 9728 10241 11264 12289 16768 17152 25088 28672 49216 49280 65728 98368 98432 131096 131120 131168 135176 147520 151552
1 7 4101 4108 9728 10241 11264 12289 16768 17152 25088 28672 49280 53248 65584 65632 65728 98320 98432 131096 135176 163856 167936
1 7 4101 4108 9728 10241 11264 12289 16768 17152 25088 28672 49280 53248 65584 65632 65728 98432 102400 131096 135176 196624 200704
1 7 4101 4108 9728 10241 11264 12289 16768 17152 25088 28672 49280 53248 65584 65632 65728 98432 131096 135176 167936 196624 229376
1 7 4101 4108 9728 10241 11264 12289 16768 17152 25088 28672 49280 53248 65632 65728 98336 98432 131096 131120 135176 163872 167936
1 7 4101 4108 9728 10241 11264 12289 16768 17152 25088 28672 49280 53248 65632 65728 98432 102400 131096 131120 135176 196640 200704
1 7 4101 4108 9728 10241 11264 12289 16768 17152 25088 28672 49280 53248 65632 65728 98432 131096 131120 135176 167936 196640 229376
1 7 4101 4108 9728 10241 11264 12289 16768 17152 25088 28672 49280 53248 65728 98368 98432 131096 131120 131168 135176 163904 167936
1 7 4101 4108 9728 10241 11264 12289 16768 17152 25088 28672 49280 53248 65728 98432 102400 131096 131120 131168 135176 196672 200704
1 7 4101 4108 9728 10241 11264 12289 16768 17152 25088 28672 49280 53248 65728 98432 131096 131120 131168 135176 167936 196672 229376
1 7 4101 4108 9728 10241 11264 12289 16768 17152 25088 28672 49280 65584 65632 65728 86016 98432 114688 131096 135176 196624 200704
1 7 4101 4108 9728 10241 11264 12289 16768 17152 25088 28672 49280 65584 65632 65728 98320 98432 131096 135176 151552 163856 180224
1 7 4101 4108 9728 10241 11264 12289 16768 17152 25088 28672 49280 65584 65632 65728 98432 114688 131096 135176 151552 196624 212992
1 7 4101 4108 9728 10241 11264 12289 16768 17152 25088 28672 49280 65584 65632 65728 98432 131096 135176 151552 180224 196624 229376
1 7 4101 4108 9728 10241 11264 12289 16768 17152 25088 28672 49280 65632 65728 86016 98432 114688 131096 131120 135176 196640 200704
1 7 4101 4108 9728 10241 11264 12289 16768 17152 25088 28672 49280 65632 65728 98336 98432 131096 131120 135176 151552 163872 180224
1 7 4101 4108 9728 10241 11264 12289 16768 17152 25088 28672 49280 65632 65728 98432 114688 131096 131120 135176 151552 196640 212992
1 7 4101 4108 9728 10241 11264 12289 16768 17152 25088 28672 49280 65632 65728 98432 131096 131120 135176 151552 180224 196640 229376
1 7 4101 4108 9728 10241 11264 12289 16768 17152 25088 28672 49280 65728 81984 98432 114688 131096 131120 131168 135176 147520 151552
1 7 4101 4108 9728 10241 11264 12289 16768 17152 25088 28672 49280 65728 86016 98432 114688 131096 131120 131168 135176 196672 200704
1 7 4101 4108 9728 10241 11264 12289 16768 17152 25088 28672 49280 65728 98368 98432 131096 131120 131168 135176 151552 163904 180224
1 7 4101 4108 9728 10241 11264 12289 16768 17152 25088 28672 49280 65728 98432 114688 131096 131120 131168 135176 151552 196672 212992
1 7 4101 4108 9728 10241 11264 12289 16768 17152 25088 28672 49280 65728 98432 131096 131120 131168 135176 151552 180224 196672 229376
1 7 4101 4108 9728 10241 11264 12289 16768 17152 28672 41472 49664 57344 65584 65632 65728 82048 86016 131096 135176 196624 200704
1 7 4101 4108 9728 10241 11264 12289 16768 17152 28672 41472 49664 57344 65584 65632 65728 82048 131096 135176 151552 196624 212992
1 7 4101 4108 9728 10241 11264 12289 16768 17152 28672 41472 49664 57344 65632 65728 82048 86016 131096 131120 135176 196640 200704
1 7 4101 4108 9728 10241 11264 12289 16768 17152 28672 41472 49664 57344 65632 65728 82048 131096 131120 135176 151552 196640 212992
1 7 4101 4108 9728 10241 11264 12289 16768 17152 28672 41472 49664 57344 65728 81984 82048 131096 131120 131168 135176 147520 151552
1 7 4101 4108 9728 10241 11264 12289 16768 17152 28672 41472 49664 57344 65728 82048 86016 131096 131120 131168 135176 196672 200704
1 7 4101 4108 9728 10241 11264 12289 16768 17152 28672 41472 49664 57344 65728 82048 131096 131120 131168 135176 151552 196672 212992
1 7 4101 4108 9728 10241 11264 12289 16768 25088 28672 33536 49408 49664 65584 65632 65728 82048 86016 131096 135176 196624 200704
1 7 4101 4108 9728 10241 11264 12289 16768 25088 28672 33536 49408 49664 65584 65632 65728 82048 131096 135176 151552 196624 212992
1 7 4101 4108 9728 10241 11264 12289 16768 25088 28672 33536 49408 49664 65632 65728 82048 86016 131096 131120 135176 196640 200704
1 7 4101 4108 9728 10241 11264 12289 16768 25088 28672 33536 49408 49664 65632 65728 82048 131096 131120 135176 151552 196640 212992
1 7 4101 4108 9728 10241 11264 12289 16768 25088 28672 33536 49408 49664 65728 81984 82048 131096 131120 131168 135176 147520 151552
1 7 4101 4108 9728 10241 11264 12289 16768 25088 28672 33536 49408 49664 65728 82048 86016 131096 131120 131168 135176 196672 200704
1 7 4101 4108 9728 10241 11264 12289 16768 25088 28672 33536 49408 49664 65728 82048 131096 131120 131168 135176 151552 196672 212992
1 7 4101 4108 9728 10241 11264 12289 16768 28672 33536 41472 49408 57344 65584 65632 65728 82048 86016 131096 135176 196624 200704
1 7 4101 4108 9728 10241 11264 12289 16768 28672 33536 41472 49408 57344 65584 65632 65728 82048 131096 135176 151552 196624 212992
1 7 4101 4108 9728 10241 11264 12289 16768 28672 33536 41472 49408 57344 65632 65728 81952 82048 131096 131120 135176 147488 151552
1 7 4101 4108 9728 10241 11264 12289 16768 28672 33536 41472 49408 57344 65632 65728 82048 86016 131096 131120 135176 196640 200704
1 7 4101 4108 9728 10241 11264 12289 16768 28672 33536 41472 49408 57344 65632 65728 82048 131096 131120 135176 151552 196640 212992
1 7 4101 4108 9728 10241 11264 12289 16768 28672 33536 41472 49408 57344 65728 81984 82048 131096 131120 131168 135176 147520 151552
1 7 4101 4108 9728 10241 11264 12289 16768 28672 33536 41472 49408 57344 65728 82048 86016 131096 131120 131168 135176 196672 200704
1 7 4101 4108 9728 10241 11264 12289 16768 28672 33536 41472 49408 57344 65728 82048 131096 131120 131168 135176 151552 196672 212992
1 7 4101 4108 9728 10241 11264 12289 17152 25088 28672 32864 32960 33152 49408 53248 65560 65584 69640 102400 163872 196640 229376
1 7 4101 4108 9728 10241 11264 12289 17152 25088 28672 32864 32960 33152 49408 53248 65560 65584 98336 102400 135176 196616 200704
1 7 4101 4108 9728 10241 11264 12289 17152 25088 28672 32864 32960 33152 49408 53248 65560 69640 98336 102400 131120 196624 196640
1 7 4101 4108 9728 10241 11264 12289 17152 25088 28672 32864 32960 33152 49408 53248 65560 69640 102400 131120 163872 196624 229376
1 7 4101 4108 9728 10241 11264 12289 17152 25088 28672 32864 32960 33152 49408 53248 65584 69640 98336 102400 131096 196616 196624
1 7 4101 4108 9728 10241 11264 12289 17152 25088 28672 32864 32960 33152 49408 53248 65584 98336 102400 131096 135176 196624 200704
1 7 4101 4108 9728 10241 11264 12289 17152 25088 28672 32864 32960 33152 49408 53248 69640 98336 102400 131096 131120 196616 196640
1 7 4101 4108 9728 10241 11264 12289 17152 25088 28672 32864 32960 33152 49408 53248 69640 102400 131096 131120 163872 196616 229376
1 7 4101 4108 9728 10241 11264 12289 17152 25088 28672 32864 32960 33152 49408 53248 98336 102400 131096 131120 135176 196640 200704
1 7 4101 4108 9728 10241 11264 12289 17152 25088 28672 32864 32960 33152 49408 53248 102400 131096 131120 135176 163872 200704 229376
1 7 4101 4108 9728 10241 11264 12289 17152 25088 28672 32864 32960 33152 49408 65560 65584 69640 86016 114688 163872 196640 229376
1 7 4101 4108 9728 10241 11264 12289 17152 25088 28672 32864 32960 33152 49408 65560 65584 69640 98336 114688 151552 200704 212992
1 7 4101 4108 9728 10241 11264 12289 17152 25088 28672 32864 32960 33152 49408 65560 65584 86016 98336 114688 135176 196616 200704
1 7 4101 4108 9728 10241 11264 12289 17152 25088 28672 32864 32960 33152 49408 65560 65584 98336 114688 135176 151552 196616 212992
1 7 4101 4108 9728 10241 11264 12289 17152 25088 28672 32864 32960 33152 49408 65560 69640 86016 98336 114688 131120 196624 196640
1 7 4101 4108 9728 10241 11264 12289 17152 25088 28672 32864 32960 33152 49408 65560 69640 86016 114688 131120 163872 196624 229376
1 7 4101 4108 9728 10241 11264 12289 17152 25088 28672 32864 32960 33152 49408 65584 69640 86016 98336 114688 131096 196616 196624
1 7 4101 4108 9728 10241 11264 12289 17152 25088 28672 32864 32960 33152 49408 65584 86016 98336 114688 131096 135176 196624 200704
1 7 4101 4108 9728 10241 11264 12289 17152 25088 28672 32864 32960 33152 49408 65584 98336 114688 131096 135176 151552 196624 212992
1 7 4101 4108 9728 10241 11264 12289 17152 25088 28672 32864 32960 33152 49408 69640 86016 98336 114688 131096 131120 196616 196640
1 7 4101 4108 9728 10241 11264 12289 17152 25088 28672 32864 32960 33152 49408 69640 86016 114688 131096 131120 163872 196616 229376
1 7 4101 4108 9728 10241 11264 12289 17152 25088 28672 32864 32960 33152 49408 86016 98336 114688 131096 131120 135176 196640 200704
1 7 4101 4108 9728 10241 11264 12289 17152 25088 28672 32864 32960 33152 49408 86016 102400 114688 131096 131120 135176 163872 167936
1 7 4101 4108 9728 10241 11264 12289 17152 25088 28672 32864 32960 33152 49408 86016 114688 131096 131120 135176 163872 200704 229376
1 7 4101 4108 9728 10241 11264 12289 17152 25088 28672 32864 32960 33152 49408 98336 114688 131096 131120 135176 151552 196640 212992
1 7 4101 4108 9728 10241 11264 12289 17152 25088 28672 32864 32960 33152 49408 114688 131096 131120 135176 151552 163872 212992 229376
1 7 4101 4108 9728 10241 11264 12289 17152 25088 28672 32864 32960 49408 53248 65560 65584 69640 98336 102400 131456 163968 164096
1 7 4101 4108 9728 10241 11264 12289 17152 25088 28672 32864 32960 49408 65560 65584 69640 86016 98336 114688 131456 163968 164096
1 7 4101 4108 9728 10241 11264 12289 17152 25088 28672 32864 33152 49408 53248 65560 65584 69640 98336 102400 131264 163904 163968
1 7 4101 4108 9728 10241 11264 12289 17152 25088 28672 32864 33152 49408 65560 65584 69640 86016 98336 114688 131264 163904 163968
1 7 4101 4108 9728 10241 11264 12289 17152 25088 28672 32864 49408 53248 65560 65584 69640 98336 102400 131264 131456 163904 164096
1 7 4101 4108 9728 10241 11264 12289 17152 25088 28672 32864 49408 65560 65584 69640 86016 98336 114688 131264 131456 163904 164096
1 7 4101 4108 9728 10241 11264 12289 17152 25088 28672 32960 33152 49216 49408 65560 65584 65632 69640 81984 151552 200704 212992
1 7 4101 4108 9728 10241 11264 12289 17152 25088 28672 32960 33152 49216 49408 65560 65584 65632 81984 86016 135176 196616 200704
1 7 4101 4108 9728 10241 11264 12289 17152 25088 28672 32960 33152 49216 49408 65560 65584 65632 81984 135176 151552 196616 212992
1 7 4101 4108 9728 10241 11264 12289 17152 25088 28672 32960 33152 49216 49408 65560 65584 69640 81984 86016 131168 196640 196672
1 7 4101 4108 9728 10241 11264 12289 17152 25088 28672 32960 33152 49216 49408 65560 65632 69640 81984 86016 131120 196624 196640
1 7 4101 4108 9728 10241 11264 12289 17152 25088 28672 32960 33152 49216 49408 65560 69640 81984 86016 131120 131168 196624 196672
1 7 4101 4108 9728 10241 11264 12289 17152 25088 28672 32960 33152 49216 49408 65584 65632 69640 81984 86016 131096 196616 196624
1 7 4101 4108 9728 10241 11264 12289 17152 25088 28672 32960 33152 49216 49408 65584 65632 81984 86016 131096 135176 196624 200704
1 7 4101 4108 9728 10241 11264 12289 17152 25088 28672 32960 33152 49216 49408 65584 65632 81984 131096 135176 151552 196624 212992
1 7 4101 4108 9728 10241 11264 12289 17152 25088 28672 32960 33152 49216 49408 65632 69640 81984 86016 131096 131120 196616 196640
1 7 4101 4108 9728 10241 11264 12289 17152 25088 28672 32960 33152 49216 49408 65632 81984 86016 131096 131120 135176 196640 200704
1 7 4101 4108 9728 10241 11264 12289 17152 25088 28672 32960 33152 49216 49408 65632 81984 131096 131120 135176 151552 196640 212992
1 7 4101 4108 9728 10241 11264 12289 17152 25088 28672 32960 33152 49216 49408 69640 81984 86016 131096 131120 131168 196616 196672
1 7 4101 4108 9728 10241 11264 12289 17152 25088 28672 32960 33152 49216 49408 81984 86016 131096 131120 131168 135176 196672 200704
1 7 4101 4108 9728 10241 11264 12289 17152 25088 28672 32960 33152 49216 49408 81984 131096 131120 131168 135176 151552 196672 212992
1 7 4101 4108 9728 10241 11264 12289 17152 25088 28672 32960 33152 49408 53248 65560 65584 65632 69640 102400 163904 196672 229376
1 7 4101 4108 9728 10241 11264 12289 17152 25088 28672 32960 33152 49408 53248 65560 65584 65632 98368 102400 135176 196616 200704
1 7 4101 4108 9728 10241 11264 12289 17152 25088 28672 32960 33152 49408 53248 65560 65584 69640 98336 102400 131168 163872 163904
1 7 4101 4108 9728 10241 11264 12289 17152 25088 28672 32960 33152 49408 53248 65560 65584 69640 98368 102400 131168 196640 196672
1 7 4101 4108 9728 10241 11264 12289 17152 25088 28672 32960 33152 49408 53248 65560 65584 69640 102400 131168 163904 196640 229376
1 7 4101 4108 9728 10241 11264 12289 17152 25088 28672 32960 33152 49408 53248 65560 65632 69640 98368 102400 131120 196624 196640
1 7 4101 4108 9728 10241 11264 12289 17152 25088 28672 32960 33152 49408 53248 65560 69640 98368 102400 131120 131168 196624 196672
1 7 4101 4108 9728 10241 11264 12289 17152 25088 28672 32960 33152 49408 53248 65560 69640 102400 131120 131168 163904 196624 229376
1 7 4101 4108 9728 10241 11264 12289 17152 25088 28672 32960 33152 49408 53248 65584 65632 69640 98368 102400 131096 196616 196624
1 7 4101 4108 9728 10241 11264 12289 17152 25088 28672 32960 33152 49408 53248 65584 65632 98368 102400 131096 135176 196624 200704
1 7 4101 4108 9728 10241 11264 12289 17152 25088 28672 32960 33152 49408 53248 65632 69640 98368 102400 131096 131120 196616 196640
1 7 4101 4108 9728 10241 11264 12289 17152 25088 28672 32960 33152 49408 53248 65632 98368 102400 131096 131120 135176 196640 200704
1 7 4101 4108 9728 10241 11264 12289 17152 25088 28672 32960 33152 49408 53248 69640 98368 102400 131096 131120 131168 196616 196672
1 7 4101 4108 9728 10241 11264 12289 17152 25088 28672 32960 33152 49408 53248 69640 102400 131096 131120 131168 163904 196616 229376
1 7 4101 4108 9728 10241 11264 12289 17152 25088 28672 32960 33152 49408 53248 98368 102400 131096 131120 131168 135176 196672 200704
1 7 4101 4108 9728 10241 11264 12289 17152 25088 28672 32960 33152 49408 53248 102400 131096 131120 131168 135176 163904 200704 229376
1 7 4101 4108 9728 10241 11264 12289 17152 25088 28672 32960 33152 49408 65560 65584 65632 69640 86016 114688 163904 196672 229376
1 7 4101 4108 9728 10241 11264 12289 17152 25088 28672 32960 33152 49408 65560 65584 65632 69640 98368 114688 151552 200704 212992
1 7 4101 4108 9728 10241 11264 12289 17152 25088 28672 32960 33152 49408 65560 65584 65632 86016 98368 114688 135176 196616 200704
1 7 4101 4108 9728 10241 11264 12289 17152 25088 28672 32960 33152 49408 65560 65584 65632 98368 114688 135176 151552 196616 212992
1 7 4101 4108 9728 10241 11264 12289 17152 25088 28672 32960 33152 49408 65560 65584 69640 86016 98336 114688 131168 163872 163904
1 7 4101 4108 9728 10241 11264 12289 17152 25088 28672 32960 33152 49408 65560 65584 69640 86016 98368 114688 131168 196640 196672
1 7 4101 4108 9728 10241 11264 12289 17152 25088 28672 32960 33152 49408 65560 65584 69640 86016 114688 131168 163904 196640 229376
1 7 4101 4108 9728 10241 11264 12289 17152 25088 28672 32960 33152 49408 65560 65632 69640 86016 98368 114688 131120 196624 196640
1 7 4101 4108 9728 10241 11264 12289 17152 25088 28672 32960 33152 49408 65560 69640 86016 98368 114688 131120 131168 196624 196672
1 7 4101 4108 9728 10241 11264 12289 17152 25088 28672 32960 33152 49408 65560 69640 86016 114688 131120 131168 163904 196624 229376
1 7 4101 4108 9728 10241 11264 12289 17152 25088 28672 32960 33152 49408 65584 65632 69640 86016 98368 114688 131096 196616 196624
1 7 4101 4108 9728 10241 11264 12289 17152 25088 28672 32960 33152 49408 65584 65632 86016 98368 114688 131096 135176 196624 200704
1 7 4101 4108 9728 10241 11264 12289 17152 25088 28672 32960 33152 49408 65584 65632 98368 114688 131096 135176 151552 196624 212992
1 7 4101 4108 9728 10241 11264 12289 17152 25088 28672 32960 33152 49408 65632 69640 86016 98368 114688 131096 131120 196616 196640
1 7 4101 4108 9728 10241 11264 12289 17152 25088 28672 32960 33152 49408 65632 86016 98368 114688 131096 131120 135176 196640 200704
1 7 4101 4108 9728 10241 11264 12289 17152 25088 28672 32960 33152 49408 65632 98368 114688 131096 131120 135176 151552 196640 212992
1 7 4101 4108 9728 10241 11264 12289 17152 25088 28672 32960 33152 49408 69640 86016 98368 114688 131096 131120 131168 196616 196672
1 7 4101 4108 9728 10241 11264 12289 17152 25088 28672 32960 33152 49408 69640 86016 114688 131096 131120 131168 163904 196616 229376
1 7 4101 4108 9728 10241 11264 12289 17152 25088 28672 32960 33152 49408 81984 98368 114688 131096 131120 131168 135176 147520 151552
1 7 4101 4108 9728 10241 11264 12289 17152 25088 28672 32960 33152 49408 86016 98368 114688 131096 131120 131168 135176 196672 200704
1 7 4101 4108 9728 10241 11264 12289 17152 25088 28672 32960 33152 49408 86016 102400 114688 131096 131120 131168 135176 163904 167936
1 7 4101 4108 9728 10241 11264 12289 17152 25088 28672 32960 33152 49408 86016 114688 131096 131120 131168 135176 163904 200704 229376
1 7 4101 4108 9728 10241 11264 12289 17152 25088 28672 32960 33152 49408 98368 114688 131096 131120 131168 135176 151552 196672 212992
1 7 4101 4108 9728 10241 11264 12289 17152 25088 28672 32960 33152 49408 114688 131096 131120 131168 135176 151552 163904 212992 229376
1 7 4101 4108 9728 10241 11264 12289 17152 25088 28672 32960 49216 49408 65920 98432 98560 131096 131120 131168 135176 147520 151552
1 7 4101 4108 9728 10241 11264 12289 17152 25088 28672 32960 49408 53248 65560 65584 65632 69640 98368 102400 131456 163968 164096
1 7 4101 4108 9728 10241 11264 12289 17152 25088 28672 32960 49408 65560 65584 65632 69640 86016 98368 114688 131456 163968 164096
1 7 4101 4108 9728 10241 11264 12289 17152 25088 28672 33152 49216 49408 65728 98368 98432 131096 131120 131168 135176 147520 151552
1 7 4101 4108 9728 10241 11264 12289 17152 25088 28672 33152 49280 49408 65584 65632 65728 82048 86016 131096 135176 196624 200704
1 7 4101 4108 9728 10241 11264 12289 17152 25088 28672 33152 49280 49408 65584 65632 65728 82048 131096 135176 151552 196624 212992
1 7 4101 4108 9728 10241 11264 12289 17152 25088 28672 33152 49280 49408 65632 65728 82048 86016 131096 131120 135176 196640 200704
1 7 4101 4108 9728 10241 11264 12289 17152 25088 28672 33152 49280 49408 65632 65728 82048 131096 131120 135176 151552 196640 212992
1 7 4101 4108 9728 10241 11264 12289 17152 25088 28672 33152 49280 49408 65728 81984 82048 131096 131120 131168 135176 147520 151552
1 7 4101 4108 9728 10241 11264 12289 17152 25088 28672 33152 49280 49408 65728 82048 86016 131096 131120 131168 135176 196672 200704
1 7 4101 4108 9728 10241 11264 12289 17152 25088 28672 33152 49280 49408 65728 82048 131096 131120 131168 135176 151552 196672 212992
1 7 4101 4108 9728 10241 11264 12289 17152 25088 28672 33152 49408 53248 65560 65584 65632 69640 98368 102400 131264 163904 163968
1 7 4101 4108 9728 10241 11264 12289 17152 25088 28672 33152 49408 53248 65560 65584 65632 69640 102400 131264 163968 196672 229376
1 7 4101 4108 9728 10241 11264 12289 17152 25088 28672 33152 49408 53248 65560 65584 69640 98336 102400 131168 131264 163872 163968
1 7 4101 4108 9728 10241 11264 12289 17152 25088 28672 33152 49408 53248 65560 65584 69640 102400 131168 131264 163968 196640 229376
1 7 4101 4108 9728 10241 11264 12289 17152 25088 28672 33152 49408 53248 65560 69640 102400 131120 131168 131264 163968 196624 229376
1 7 4101 4108 9728 10241 11264 12289 17152 25088 28672 33152 49408 53248 65584 65632 65728 98432 102400 131096 135176 196624 200704
1 7 4101 4108 9728 10241 11264 12289 17152 25088 28672 33152 49408 53248 65632 65728 98432 102400 131096 131120 135176 196640 200704
1 7 4101 4108 9728 10241 11264 12289 17152 25088 28672 33152 49408 53248 65728 98432 102400 131096 131120 131168 135176 196672 200704
1 7 4101 4108 9728 10241 11264 12289 17152 25088 28672 33152 49408 65560 65584 65632 69640 86016 98368 114688 131264 163904 163968
1 7 4101 4108 9728 10241 11264 12289 17152 25088 28672 33152 49408 65560 65584 65632 69640 86016 114688 131264 163968 196672 229376
1 7 4101 4108 9728 10241 11264 12289 17152 25088 28672 33152 49408 65560 65584 69640 86016 98336 114688 131168 131264 163872 163968
1 7 4101 4108 9728 10241 11264 12289 17152 25088 28672 33152 49408 65560 65584 69640 86016 114688 131168 131264 163968 196640 229376
1 7 4101 4108 9728 10241 11264 12289 17152 25088 28672 33152 49408 65560 69640 86016 114688 131120 131168 131264 163968 196624 229376
1 7 4101 4108 9728 10241 11264 12289 17152 25088 28672 33152 49408 65584 65632 65728 86016 98432 114688 131096 135176 196624 200704
1 7 4101 4108 9728 10241 11264 12289 17152 25088 28672 33152 49408 65584 65632 65728 98432 114688 131096 135176 151552 196624 212992
1 7 4101 4108 9728 10241 11264 12289 17152 25088 28672 33152 49408 65632 65728 86016 98432 114688 131096 131120 135176 196640 200704
1 7 4101 4108 9728 10241 11264 12289 17152 25088 28672 33152 49408 65632 65728 98432 114688 131096 131120 135176 151552 196640 212992
1 7 4101 4108 9728 10241 11264 12289 17152 25088 28672 33152 49408 65728 81984 98432 114688 131096 131120 131168 135176 147520 151552
1 7 4101 4108 9728 10241 11264 12289 17152 25088 28672 33152 49408 65728 86016 98432 114688 131096 131120 131168 135176 196672 200704
1 7 4101 4108 9728 10241 11264 12289 17152 25088 28672 33152 49408 65728 98432 114688 131096 131120 131168 135176 151552 196672 212992
1 7 4101 4108 9728 10241 11264 12289 17152 25088 28672 49216 49408 65728 65920 98368 98560 131096 131120 131168 135176 147520 151552
1 7 4101 4108 9728 10241 11264 12289 17152 25088 28672 49408 53248 65560 65584 65632 69640 98368 102400 131264 131456 163904 164096
1 7 4101 4108 9728 10241 11264 12289 17152 25088 28672 49408 53248 65560 65584 65632 69640 102400 131264 131456 164096 196672 229376
1 7 4101 4108 9728 10241 11264 12289 17152 25088 28672 49408 53248 65560 65584 69640 98336 102400 131168 131264 131456 163872 164096
1 7 4101 4108 9728 10241 11264 12289 17152 25088 28672 49408 53248 65560 65584 69640 102400 131168 131264 131456 164096 196640 229376
1 7 4101 4108 9728 10241 11264 12289 17152 25088 28672 49408 53248 65632 65728 65920 98560 102400 131096 131120 135176 196640 200704
1 7 4101 4108 9728 10241 11264 12289 17152 25088 28672 49408 53248 65728 65920 98560 102400 131096 131120 131168 135176 196672 200704
1 7 4101 4108 9728 10241 11264 12289 17152 25088 28672 49408 65560 65584 65632 69640 86016 98368 114688 131264 131456 163904 164096
1 7 4101 4108 9728 10241 11264 12289 17152 25088 28672 49408 65560 65584 65632 69640 86016 114688 131264 131456 164096 196672 229376
1 7 4101 4108 9728 10241 11264 12289 17152 25088 28672 49408 65560 65584 69640 86016 98336 114688 131168 131264 131456 163872 164096
1 7 4101 4108 9728 10241 11264 12289 17152 25088 28672 49408 65560 65584 69640 86016 114688 131168 131264 131456 164096 196640 229376
1 7 4101 4108 9728 10241 11264 12289 17152 25088 28672 49408 65632 65728 65920 86016 98560 114688 131096 131120 135176 196640 200704
1 7 4101 4108 9728 10241 11264 12289 17152 25088 28672 49408 65632 65728 65920 98560 114688 131096 131120 135176 151552 196640 212992
1 7 4101 4108 9728 10241 11264 12289 17152 25088 28672 49408 65728 65920 81984 98560 114688 131096 131120 131168 135176 147520 151552
1 7 4101 4108 9728 10241 11264 12289 17152 25088 28672 49408 65728 65920 86016 98560 114688 131096 131120 131168 135176 196672 200704
1 7 4101 4108 9728 10241 11264 12289 17152 25088 28672 49408 65728 65920 98560 114688 131096 131120 131168 135176 151552 196672 212992
1 7 4101 4108 9728 10241 11264 12289 17152 28672 41472 49664 57344 65632 65728 65920 82176 86016 131096 131120 135176 196640 200704
1 7 4101 4108 9728 10241 11264 12289 17152 28672 41472 49664 57344 65632 65728 65920 82176 131096 131120 135176 151552 196640 212992
1 7 4101 4108 9728 10241 11264 12289 17152 28672 41472 49664 57344 65728 65920 81984 82176 131096 131120 131168 135176 147520 151552
1 7 4101 4108 9728 10241 11264 12289 17152 28672 41472 49664 57344 65728 65920 82176 86016 131096 131120 131168 135176 196672 200704
1 7 4101 4108 9728 10241 11264 12289 17152 28672 41472 49664 57344 65728 65920 82176 131096 131120 131168 135176 151552 196672 212992
1 7 4101 4108 9728 10241 11264 12289 20488 28672 32792 32816 32864 49160 57344 65728 65920 66304 74240 98368 172032 204800 229376
1 7 4101 4108 9728 10241 11264 12289 20488 28672 32792 32816 32864 49160 57344 65728 65920 66304 98368 106496 139776 197120 204800
1 7 4101 4108 9728 10241 11264 12289 20488 28672 32792 32816 32864 49160 57344 65728 65920 66304 98368 139776 172032 197120 229376
1 7 4101 4108 9728 10241 11264 12289 20488 28672 32792 32816 32864 49160 57344 65728 65920 74240 98368 106496 131840 196864 197120
1 7 4101 4108 9728 10241 11264 12289 20488 28672 32792 32816 32864 49160 57344 65728 65920 98368 106496 131840 139776 196864 204800
1 7 4101 4108 9728 10241 11264 12289 20488 28672 32792 32816 32864 49160 57344 65728 65920 98368 131840 139776 172032 196864 229376
1 7 4101 4108 9728 10241 11264 12289 20488 28672 32792 32816 32864 49160 57344 65728 66304 74240 98368 106496 131456 196736 196864
1 7 4101 4108 9728 10241 11264 12289 20488 28672 32792 32816 32864 49160 57344 65728 74240 98368 106496 131456 131840 196736 197120
1 7 4101 4108 9728 10241 11264 12289 20488 28672 32792 32816 32864 49160 57344 65728 98368 106496 131456 131840 139776 196736 204800
1 7 4101 4108 9728 10241 11264 12289 20488 28672 32792 32816 32864 49160 57344 65728 98368 131456 131840 139776 172032 196736 229376
1 7 4101 4108 9728 10241 11264 12289 20488 28672 32792 32816 32864 49160 57344 65920 66304 74240 98368 106496 131264 196672 196736
1 7 4101 4108 9728 10241 11264 12289 20488 28672 32792 32816 32864 49160 57344 66304 74240 98368 106496 131264 131456 196672 196864
1 7 4101 4108 9728 10241 11264 12289 20488 28672 32792 32816 32864 49160 57344 74240 98368 106496 131264 131456 131840 196672 197120
1 7 4101 4108 9728 10241 11264 12289 20488 28672 32792 32816 32864 49160 57344 98368 106496 131264 131456 131840 139776 196672 204800
1 7 4101 4108 9728 10241 11264 12289 20488 28672 32792 32816 32864 49160 57344 98368 131264 131456 131840 139776 172032 196672 229376
1 7 4101 4108 9728 10241 11264 12289 20488 28672 32792 32816 32864 57344 81928 98312 114688 131264 131456 131840 139776 163904 172032
1 7 4101 4108 9728 10241 11264 12289 20488 28672 32792 32816 49160 57344 65632 65728 65920 98336 106496 131840 139776 196864 204800
1 7 4101 4108 9728 10241 11264 12289 20488 28672 32792 32816 49160 57344 65632 65728 65920 98336 131840 139776 172032 196864 229376
1 7 4101 4108 9728 10241 11264 12289 20488 28672 32792 32816 49160 57344 65632 65728 98336 106496 131456 131840 139776 196736 204800
1 7 4101 4108 9728 10241 11264 12289 20488 28672 32792 32816 49160 57344 65632 65728 98336 131456 131840 139776 172032 196736 229376
1 7 4101 4108 9728 10241 11264 12289 20488 28672 32792 32816 49160 57344 65632 98336 98368 131264 131456 131840 139776 163904 172032
1 7 4101 4108 9728 10241 11264 12289 20488 28672 32792 32816 49160 57344 65632 98336 106496 131264 131456 131840 139776 196672 204800
1 7 4101 4108 9728 10241 11264 12289 20488 28672 32792 32816 49160 57344 65632 98336 131264 131456 131840 139776 172032 196672 229376
1 7 4101 4108 9728 10241 11264 12289 20488 28672 32792 32864 49160 57344 65584 98320 98336 131264 131456 131840 139776 163904 172032
1 7 4101 4108 9728 10241 11264 12289 20488 28672 32792 49160 57344 65584 65632 65728 98320 106496 131456 131840 139776 196736 204800
1 7 4101 4108 9728 10241 11264 12289 20488 28672 32792 49160 57344 65584 65632 65728 98320 131456 131840 139776 172032 196736 229376
1 7 4101 4108 9728 10241 11264 12289 20488 28672 32792 49160 57344 65584 65632 98320 98368 131264 131456 131840 139776 163904 172032
1 7 4101 4108 9728 10241 11264 12289 20488 28672 32792 49160 57344 65584 65632 98320 106496 131264 131456 131840 139776 196672 204800
1 7 4101 4108 9728 10241 11264 12289 20488 28672 32792 49160 57344 65584 65632 98320 131264 131456 131840 139776 172032 196672 229376
1 7 4101 4108 9728 10241 11264 12289 20488 28672 32816 32864 32960 49168 57344 65920 66304 74240 98432 106496 131096 147464 147472
1 7 4101 4108 9728 10241 11264 12289 20488 28672 32816 32864 32960 57344 65560 81928 98320 114688 131456 131840 139776 163968 172032
1 7 4101 4108 9728 10241 11264 12289 20488 28672 32816 32864 49160 57344 65560 98312 98320 131264 131456 131840 139776 163904 172032
1 7 4101 4108 9728 10241 11264 12289 20488 28672 32816 32864 49168 57344 65728 65920 66304 74240 98368 106496 131096 147464 147472
1 7 4101 4108 9728 10241 11264 12289 20488 28672 32816 32864 57344 65560 81928 98320 114688 131264 131456 131840 139776 163904 172032
1 7 4101 4108 9728 10241 11264 12289 20488 28672 32864 32960 33152 49184 57344 66304 74240 98560 106496 131096 131120 147464 147488
1 7 4101 4108 9728 10241 11264 12289 20488 28672 32864 32960 33152 57344 65560 65584 81928 98336 114688 131840 139776 164096 172032
1 7 4101 4108 9728 10241 11264 12289 20488 28672 32864 32960 49184 57344 65920 66304 74240 98432 106496 131096 131120 147464 147488
1 7 4101 4108 9728 10241 11264 12289 20488 28672 32864 32960 57344 65560 65584 81928 98336 114688 131456 131840 139776 163968 172032
1 7 4101 4108 9728 10241 11264 12289 20488 28672 32864 49160 57344 65560 65584 98312 98336 131264 131456 131840 139776 163904 172032
1 7 4101 4108 9728 10241 11264 12289 20488 28672 32864 49184 57344 65728 65920 66304 74240 98368 106496 131096 131120 147464 147488
1 7 4101 4108 9728 10241 11264 12289 20488 28672 32864 57344 65560 65584 81928 98336 114688 131264 131456 131840 139776 163904 172032
1 7 4101 4108 9728 10241 11264 12289 20488 28672 32960 33152 33536 41472 49216 57344 65560 65584 65632 81984 147464 196616 212992
1 7 4101 4108 9728 10241 11264 12289 20488 28672 32960 33152 33536 41472 49216 57344 65560 65584 81928 81984 131168 196640 196672
1 7 4101 4108 9728 10241 11264 12289 20488 28672 32960 33152 33536 41472 49216 57344 65560 65632 81928 81984 131120 196624 196640
1 7 4101 4108 9728 10241 11264 12289 20488 28672 32960 33152 33536 41472 49216 57344 65560 81928 81984 131120 131168 196624 196672
1 7 4101 4108 9728 10241 11264 12289 20488 28672 32960 33152 33536 41472 49216 57344 65584 65632 81928 81984 131096 196616 196624
1 7 4101 4108 9728 10241 11264 12289 20488 28672 32960 33152 33536 41472 49216 57344 65584 65632 81936 81984 131096 147464 147472
1 7 4101 4108 9728 10241 11264 12289 20488 28672 32960 33152 33536 41472 49216 57344 65584 65632 81984 131096 147464 196624 212992
1 7 4101 4108 9728 10241 11264 12289 20488 28672 32960 33152 33536 41472 49216 57344 65632 81928 81984 131096 131120 196616 196640
1 7 4101 4108 9728 10241 11264 12289 20488 28672 32960 33152 33536 41472 49216 57344 65632 81952 81984 131096 131120 147464 147488
1 7 4101 4108 9728 10241 11264 12289 20488 28672 32960 33152 33536 41472 49216 57344 65632 81984 131096 131120 147464 196640 212992
1 7 4101 4108 9728 10241 11264 12289 20488 28672 32960 33152 33536 41472 49216 57344 81928 81984 131096 131120 131168 196616 196672
1 7 4101 4108 9728 10241 11264 12289 20488 28672 32960 33152 33536 41472 49216 57344 81984 131096 131120 131168 147464 196672 212992
1 7 4101 4108 9728 10241 11264 12289 20488 28672 32960 33152 33536 41472 57344 65560 65584 65632 81928 114688 163904 196672 229376
1 7 4101 4108 9728 10241 11264 12289 20488 28672 32960 33152 33536 41472 57344 65560 65584 65632 98368 114688 147464 196616 212992
1 7 4101 4108 9728 10241 11264 12289 20488 28672 32960 33152 33536 41472 57344 65560 65584 81928 98368 114688 131168 196640 196672
1 7 4101 4108 9728 10241 11264 12289 20488 28672 32960 33152 33536 41472 57344 65560 65584 81928 114688 131168 163904 196640 229376
1 7 4101 4108 9728 10241 11264 12289 20488 28672 32960 33152 33536 41472 57344 65560 65632 81928 98368 114688 131120 196624 196640
1 7 4101 4108 9728 10241 11264 12289 20488 28672 32960 33152 33536 41472 57344 65560 81928 98368 114688 131120 131168 196624 196672
1 7 4101 4108 9728 10241 11264 12289 20488 28672 32960 33152 33536 41472 57344 65560 81928 114688 131120 131168 163904 196624 229376
1 7 4101 4108 9728 10241 11264 12289 20488 28672 32960 33152 33536 41472 57344 65584 65632 81928 98368 114688 131096 196616 196624
1 7 4101 4108 9728 10241 11264 12289 20488 28672 32960 33152 33536 41472 57344 65584 65632 81936 98368 114688 131096 147464 147472
1 7 4101 4108 9728 10241 11264 12289 20488 28672 32960 33152 33536 41472 57344 65584 65632 98368 114688 131096 147464 196624 212992
1 7 4101 4108 9728 10241 11264 12289 20488 28672 32960 33152 33536 41472 57344 65632 81928 98368 114688 131096 131120 196616 196640
1 7 4101 4108 9728 10241 11264 12289 20488 28672 32960 33152 33536 41472 57344 65632 81952 98368 114688 131096 131120 147464 147488
1 7 4101 4108 9728 10241 11264 12289 20488 28672 32960 33152 33536 41472 57344 65632 98368 114688 131096 131120 147464 196640 212992
1 7 4101 4108 9728 10241 11264 12289 20488 28672 32960 33152 33536 41472 57344 81928 98368 114688 131096 131120 131168 196616 196672
1 7 4101 4108 9728 10241 11264 12289 20488 28672 32960 33152 33536 41472 57344 81928 114688 131096 131120 131168 163904 196616 229376
1 7 4101 4108 9728 10241 11264 12289 20488 28672 32960 33152 33536 41472 57344 81984 98368 114688 131096 131120 131168 147464 147520
1 7 4101 4108 9728 10241 11264 12289 20488 28672 32960 33152 33536 41472 57344 98368 114688 131096 131120 131168 147464 196672 212992
1 7 4101 4108 9728 10241 11264 12289 20488 28672 32960 33152 33536 41472 57344 114688 131096 131120 131168 147464 163904 212992 229376
1 7 4101 4108 9728 10241 11264 12289 20488 28672 32960 33152 33536 49216 57344 74240 98816 106496 131096 131120 131168 147464 147520
1 7 4101 4108 9728 10241 11264 12289 20488 28672 32960 33152 33536 57344 65560 65584 65632 81928 98368 114688 139776 164352 172032
1 7 4101 4108 9728 10241 11264 12289 20488 28672 32960 33152 41472 49216 57344 66304 98560 98816 131096 131120 131168 147464 147520
1 7 4101 4108 9728 10241 11264 12289 20488 28672 32960 33152 41472 57344 65560 65584 65632 81928 98368 114688 131840 164096 164352
1 7 4101 4108 9728 10241 11264 12289 20488 28672 32960 33152 49216 57344 66304 74240 98560 106496 131096 131120 131168 147464 147520
1 7 4101 4108 9728 10241 11264 12289 20488 28672 32960 33152 57344 65560 65584 65632 81928 98368 114688 131840 139776 164096 172032
1 7 4101 4108 9728 10241 11264 12289 20488 28672 32960 33536 41472 49216 57344 65920 98432 98560 131096 131120 131168 147464 147520
1 7 4101 4108 9728 10241 11264 12289 20488 28672 32960 33536 41472 57344 65560 65584 65632 81928 98368 114688 131456 163968 164096
1 7 4101 4108 9728 10241 11264 12289 20488 28672 32960 41472 49216 57344 65920 66304 98432 98816 131096 131120 131168 147464 147520
1 7 4101 4108 9728 10241 11264 12289 20488 28672 32960 41472 57344 65560 65584 65632 81928 98368 114688 131456 131840 163968 164352
1 7 4101 4108 9728 10241 11264 12289 20488 28672 32960 49216 57344 65920 66304 74240 98432 106496 131096 131120 131168 147464 147520
1 7 4101 4108 9728 10241 11264 12289 20488 28672 32960 57344 65560 65584 65632 81928 98368 114688 131456 131840 139776 163968 172032
1 7 4101 4108 9728 10241 11264 12289 20488 28672 33152 33536 41472 49216 57344 65728 98368 98432 131096 131120 131168 147464 147520
1 7 4101 4108 9728 10241 11264 12289 20488 28672 33152 33536 41472 57344 65560 65584 65632 81928 98368 114688 131264 163904 163968
1 7 4101 4108 9728 10241 11264 12289 20488 28672 33152 33536 41472 57344 65560 65584 65632 81928 114688 131264 163968 196672 229376
1 7 4101 4108 9728 10241 11264 12289 20488 28672 33152 33536 41472 57344 65560 65584 81928 114688 131168 131264 163968 196640 229376
1 7 4101 4108 9728 10241 11264 12289 20488 28672 33152 33536 41472 57344 65560 81928 114688 131120 131168 131264 163968 196624 229376
1 7 4101 4108 9728 10241 11264 12289 20488 28672 33152 33536 41472 57344 65584 65632 65728 81936 98432 114688 131096 147464 147472
1 7 4101 4108 9728 10241 11264 12289 20488 28672 33152 33536 41472 57344 65584 65632 65728 98432 114688 131096 147464 196624 212992
1 7 4101 4108 9728 10241 11264 12289 20488 28672 33152 33536 41472 57344 65632 65728 81952 98432 114688 131096 131120 147464 147488
1 7 4101 4108 9728 10241 11264 12289 20488 28672 33152 33536 41472 57344 65632 65728 98432 114688 131096 131120 147464 196640 212992
1 7 4101 4108 9728 10241 11264 12289 20488 28672 33152 33536 41472 57344 65728 81984 98432 114688 131096 131120 131168 147464 147520
1 7 4101 4108 9728 10241 11264 12289 20488 28672 33152 33536 41472 57344 65728 98432 114688 131096 131120 131168 147464 196672 212992
1 7 4101 4108 9728 10241 11264 12289 20488 28672 33536 41472 49216 57344 65728 65920 98368 98560 131096 131120 131168 147464 147520
1 7 4101 4108 9728 10241 11264 12289 20488 28672 33536 41472 57344 65560 65584 65632 81928 98368 114688 131264 131456 163904 164096
1 7 4101 4108 9728 10241 11264 12289 20488 28672 33536 41472 57344 65560 65584 65632 81928 114688 131264 131456 164096 196672 229376
1 7 4101 4108 9728 10241 11264 12289 20488 28672 33536 41472 57344 65560 65584 81928 114688 131168 131264 131456 164096 196640 229376
1 7 4101 4108 9728 10241 11264 12289 20488 28672 33536 41472 57344 65632 65728 65920 81952 98560 114688 131096 131120 147464 147488
1 7 4101 4108 9728 10241 11264 12289 20488 28672 33536 41472 57344 65632 65728 65920 98560 114688 131096 131120 147464 196640 212992
1 7 4101 4108 9728 10241 11264 12289 20488 28672 33536 41472 57344 65728 65920 81984 98560 114688 131096 131120 131168 147464 147520
1 7 4101 4108 9728 10241 11264 12289 20488 28672 33536 41472 57344 65728 65920 98560 114688 131096 131120 131168 147464 196672 212992
1 7 4101 4108 9728 10241 11264 12289 20488 28672 41472 49216 57344 65728 65920 66304 98368 98816 131096 131120 131168 147464 147520
1 7 4101 4108 9728 10241 11264 12289 20488 28672 41472 57344 65560 65584 65632 81928 98368 114688 131264 131456 131840 163904 164352
1 7 4101 4108 9728 10241 11264 12289 20488 28672 41472 57344 65560 65584 65632 81928 114688 131264 131456 131840 164352 196672 229376
1 7 4101 4108 9728 10241 11264 12289 20488 28672 41472 57344 65728 65920 66304 81984 98816 114688 131096 131120 131168 147464 147520
1 7 4101 4108 9728 10241 11264 12289 20488 28672 41472 57344 65728 65920 66304 98816 114688 131096 131120 131168 147464 196672 212992
1 7 4101 4108 9728 10241 11264 12289 20488 28672 49160 57344 65560 65584 65632 98312 98368 131264 131456 131840 139776 163904 172032
1 7 4101 4108 9728 10241 11264 12289 20488 28672 49160 57344 65560 65584 65632 98312 106496 131264 131456 131840 139776 196672 204800
1 7 4101 4108 9728 10241 11264 12289 20488 28672 49160 57344 65560 65584 65632 98312 131264 131456 131840 139776 172032 196672 229376
1 7 4101 4108 9728 10241 11264 12289 20488 28672 49216 57344 65728 65920 66304 74240 98368 106496 131096 131120 131168 147464 147520
1 7 4101 4108 9728 10241 11264 12289 20488 28672 57344 65560 65584 65632 81928 98368 114688 131264 131456 131840 139776 163904 172032
1 7 4101 4108 9728 10241 11264 12289 20488 28672 57344 65560 65584 65632 81928 106496 114688 131264 131456 131840 139776 196672 204800
1 7 4101 4108 9728 10241 11264 12289 20488 28672 57344 65560 65584 65632 81928 114688 131264 131456 131840 139776 172032 196672 229376
1 7 4101 4108 9728 10241 11264 12289 20488 28672 57344 65728 65920 66304 74240 81984 106496 114688 131096 131120 131168 147464 147520
1 7 4101 4108 9728 10241 11264 12289 20488 28672 57344 65728 65920 66304 74240 106496 114688 131096 131120 131168 147464 196672 212992
1 7 4101 4108 9728 10241 11264 12289 25088 28672 32960 33152 33536 49216 49664 65560 65584 65632 69640 81984 151552 200704 212992
1 7 4101 4108 9728 10241 11264 12289 25088 28672 32960 33152 33536 49216 49664 65560 65584 65632 81984 86016 135176 196616 200704
1 7 4101 4108 9728 10241 11264 12289 25088 28672 32960 33152 33536 49216 49664 65560 65584 65632 81984 135176 151552 196616 212992
1 7 4101 4108 9728 10241 11264 12289 25088 28672 32960 33152 33536 49216 49664 65560 65584 69640 81984 86016 131168 196640 196672
1 7 4101 4108 9728 10241 11264 12289 25088 28672 32960 33152 33536 49216 49664 65560 65632 69640 81984 86016 131120 196624 196640
1 7 4101 4108 9728 10241 11264 12289 25088 28672 32960 33152 33536 49216 49664 65560 69640 81984 86016 131120 131168 196624 196672
1 7 4101 4108 9728 10241 11264 12289 25088 28672 32960 33152 33536 49216 49664 65584 65632 69640 81984 86016 131096 196616 196624
1 7 4101 4108 9728 10241 11264 12289 25088 28672 32960 33152 33536 49216 49664 65584 65632 81984 86016 131096 135176 196624 200704
1 7 4101 4108 9728 10241 11264 12289 25088 28672 32960 33152 33536 49216 49664 65584 65632 81984 131096 135176 151552 196624 212992
1 7 4101 4108 9728 10241 11264 12289 25088 28672 32960 33152 33536 49216 49664 65632 69640 81984 86016 131096 131120 196616 196640
1 7 4101 4108 9728 10241 11264 12289 25088 28672 32960 33152 33536 49216 49664 65632 81984 86016 131096 131120 135176 196640 200704
1 7 4101 4108 9728 10241 11264 12289 25088 28672 32960 33152 33536 49216 49664 65632 81984 131096 131120 135176 151552 196640 212992
1 7 4101 4108 9728 10241 11264 12289 25088 28672 32960 33152 33536 49216 49664 69640 81984 86016 131096 131120 131168 196616 196672
1 7 4101 4108 9728 10241 11264 12289 25088 28672 32960 33152 33536 49216 49664 81984 86016 131096 131120 131168 135176 196672 200704
1 7 4101 4108 9728 10241 11264 12289 25088 28672 32960 33152 33536 49216 49664 81984 131096 131120 131168 135176 151552 196672 212992
1 7 4101 4108 9728 10241 11264 12289 25088 28672 32960 33152 33536 49664 53248 65560 65584 65632 69640 98368 167936 200704 229376
1 7 4101 4108 9728 10241 11264 12289 25088 28672 32960 33152 33536 49664 53248 65560 65584 65632 98368 102400 135176 196616 200704
1 7 4101 4108 9728 10241 11264 12289 25088 28672 32960 33152 33536 49664 53248 65560 65584 65632 98368 135176 167936 196616 229376
1 7 4101 4108 9728 10241 11264 12289 25088 28672 32960 33152 33536 49664 53248 65560 65584 69640 98368 102400 131168 196640 196672
1 7 4101 4108 9728 10241 11264 12289 25088 28672 32960 33152 33536 49664 53248 65560 65632 69640 98368 102400 131120 196624 196640
1 7 4101 4108 9728 10241 11264 12289 25088 28672 32960 33152 33536 49664 53248 65560 69640 98368 102400 131120 131168 196624 196672
1 7 4101 4108 9728 10241 11264 12289 25088 28672 32960 33152 33536 49664 53248 65584 65632 69640 98368 102400 131096 196616 196624
1 7 4101 4108 9728 10241 11264 12289 25088 28672 32960 33152 33536 49664 53248 65584 65632 98368 102400 131096 135176 196624 200704
1 7 4101 4108 9728 10241 11264 12289 25088 28672 32960 33152 33536 49664 53248 65584 65632 98368 131096 135176 167936 196624 229376
1 7 4101 4108 9728 10241 11264 12289 25088 28672 32960 33152 33536 49664 53248 65632 69640 98368 102400 131096 131120 196616 196640
1 7 4101 4108 9728 10241 11264 12289 25088 28672 32960 33152 33536 49664 53248 65632 98368 102400 131096 131120 135176 196640 200704
1 7 4101 4108 9728 10241 11264 12289 25088 28672 32960 33152 33536 49664 53248 65632 98368 131096 131120 135176 167936 196640 229376
1 7 4101 4108 9728 10241 11264 12289 25088 28672 32960 33152 33536 49664 53248 69640 98368 102400 131096 131120 131168 196616 196672
1 7 4101 4108 9728 10241 11264 12289 25088 28672 32960 33152 33536 49664 53248 98368 102400 131096 131120 131168 135176 196672 200704
1 7 4101 4108 9728 10241 11264 12289 25088 28672 32960 33152 33536 49664 53248 98368 131096 131120 131168 135176 167936 196672 229376
1 7 4101 4108 9728 10241 11264 12289 25088 28672 32960 33152 33536 49664 65560 65584 65632 69640 86016 98368 180224 212992 229376
1 7 4101 4108 9728 10241 11264 12289 25088 28672 32960 33152 33536 49664 65560 65584 65632 69640 98368 102400 151552 167936 180224
1 7 4101 4108 9728 10241 11264 12289 25088 28672 32960 33152 33536 49664 65560 65584 65632 69640 98368 114688 151552 200704 212992
1 7 4101 4108 9728 10241 11264 12289 25088 28672 32960 33152 33536 49664 65560 65584 65632 69640 98368 151552 180224 200704 229376
1 7 4101 4108 9728 10241 11264 12289 25088 28672 32960 33152 33536 49664 65560 65584 65632 86016 98368 114688 135176 196616 200704
1 7 4101 4108 9728 10241 11264 12289 25088 28672 32960 33152 33536 49664 65560 65584 65632 98368 114688 135176 151552 196616 212992
1 7 4101 4108 9728 10241 11264 12289 25088 28672 32960 33152 33536 49664 65560 65584 65632 98368 135176 151552 180224 196616 229376
1 7 4101 4108 9728 10241 11264 12289 25088 28672 32960 33152 33536 49664 65560 65584 69640 86016 98368 114688 131168 196640 196672
1 7 4101 4108 9728 10241 11264 12289 25088 28672 32960 33152 33536 49664 65560 65632 69640 86016 98368 114688 131120 196624 196640
1 7 4101 4108 9728 10241 11264 12289 25088 28672 32960 33152 33536 49664 65560 69640 86016 98368 114688 131120 131168 196624 196672
1 7 4101 4108 9728 10241 11264 12289 25088 28672 32960 33152 33536 49664 65584 65632 69640 86016 98368 114688 131096 196616 196624
1 7 4101 4108 9728 10241 11264 12289 25088 28672 32960 33152 33536 49664 65584 65632 86016 98368 114688 131096 135176 196624 200704
1 7 4101 4108 9728 10241 11264 12289 25088 28672 32960 33152 33536 49664 65584 65632 98368 114688 131096 135176 151552 196624 212992
1 7 4101 4108 9728 10241 11264 12289 25088 28672 32960 33152 33536 49664 65584 65632 98368 131096 135176 151552 180224 196624 229376
1 7 4101 4108 9728 10241 11264 12289 25088 28672 32960 33152 33536 49664 65632 69640 86016 98368 114688 131096 131120 196616 196640
1 7 4101 4108 9728 10241 11264 12289 25088 28672 32960 33152 33536 49664 65632 86016 98368 114688 131096 131120 135176 196640 200704
1 7 4101 4108 9728 10241 11264 12289 25088 28672 32960 33152 33536 49664 65632 98368 114688 131096 131120 135176 151552 196640 212992
1 7 4101 4108 9728 10241 11264 12289 25088 28672 32960 33152 33536 49664 65632 98368 131096 131120 135176 151552 180224 196640 229376
1 7 4101 4108 9728 10241 11264 12289 25088 28672 32960 33152 33536 49664 69640 86016 98368 114688 131096 131120 131168 196616 196672
1 7 4101 4108 9728 10241 11264 12289 25088 28672 32960 33152 33536 49664 81984 98368 114688 131096 131120 131168 135176 147520 151552
1 7 4101 4108 9728 10241 11264 12289 25088 28672 32960 33152 33536 49664 86016 98368 114688 131096 131120 131168 135176 196672 200704
1 7 4101 4108 9728 10241 11264 12289 25088 28672 32960 33152 33536 49664 98368 114688 131096 131120 131168 135176 151552 196672 212992
1 7 4101 4108 9728 10241 11264 12289 25088 28672 32960 33152 33536 49664 98368 131096 131120 131168 135176 151552 180224 196672 229376
1 7 4101 4108 9728 10241 11264 12289 25088 28672 32960 33152 49216 49664 66304 98560 98816 131096 131120 131168 135176 147520 151552
1 7 4101 4108 9728 10241 11264 12289 25088 28672 32960 33152 49664 53248 66304 98560 98816 131096 131120 131168 135176 163904 167936
1 7 4101 4108 9728 10241 11264 12289 25088 28672 32960 33152 49664 66304 98560 98816 131096 131120 131168 135176 151552 163904 180224
1 7 4101 4108 9728 10241 11264 12289 25088 28672 32960 33536 49216 49664 65920 98432 98560 131096 131120 131168 135176 147520 151552
1 7 4101 4108 9728 10241 11264 12289 25088 28672 32960 33536 49664 53248 65920 98432 98560 131096 131120 131168 135176 163904 167936
1 7 4101 4108 9728 10241 11264 12289 25088 28672 32960 33536 49664 65920 98432 98560 131096 131120 131168 135176 151552 163904 180224
1 7 4101 4108 9728 10241 11264 12289 25088 28672 32960 49216 49664 65920 66304 98432 98816 131096 131120 131168 135176 147520 151552
1 7 4101 4108 9728 10241 11264 12289 25088 28672 32960 49664 53248 65920 66304 98432 98816 131096 131120 131168 135176 163904 167936
1 7 4101 4108 9728 10241 11264 12289 25088 28672 32960 49664 65920 66304 98432 98816 131096 131120 131168 135176 151552 163904 180224
1 7 4101 4108 9728 10241 11264 12289 25088 28672 33152 33536 49216 49664 65728 98368 98432 131096 131120 131168 135176 147520 151552
1 7 4101 4108 9728 10241 11264 12289 25088 28672 33152 33536 49280 49664 65584 65632 65728 82048 86016 131096 135176 196624 200704
1 7 4101 4108 9728 10241 11264 12289 25088 28672 33152 33536 49280 49664 65584 65632 65728 82048 131096 135176 151552 196624 212992
1 7 4101 4108 9728 10241 11264 12289 25088 28672 33152 33536 49280 49664 65632 65728 82048 86016 131096 131120 135176 196640 200704
1 7 4101 4108 9728 10241 11264 12289 25088 28672 33152 33536 49280 49664 65632 65728 82048 131096 131120 135176 151552 196640 212992
1 7 4101 4108 9728 10241 11264 12289 25088 28672 33152 33536 49280 49664 65728 81984 82048 131096 131120 131168 135176 147520 151552
1 7 4101 4108 9728 10241 11264 12289 25088 28672 33152 33536 49280 49664 65728 82048 86016 131096 131120 131168 135176 196672 200704
1 7 4101 4108 9728 10241 11264 12289 25088 28672 33152 33536 49280 49664 65728 82048 131096 131120 131168 135176 151552 196672 212992
1 7 4101 4108 9728 10241 11264 12289 25088 28672 33152 33536 49664 53248 65584 65632 65728 98432 102400 131096 135176 196624 200704
1 7 4101 4108 9728 10241 11264 12289 25088 28672 33152 33536 49664 53248 65584 65632 65728 98432 131096 135176 167936 196624 229376
1 7 4101 4108 9728 10241 11264 12289 25088 28672 33152 33536 49664 53248 65632 65728 98432 102400 131096 131120 135176 196640 200704
1 7 4101 4108 9728 10241 11264 12289 25088 28672 33152 33536 49664 53248 65632 65728 98432 131096 131120 135176 167936 196640 229376
1 7 4101 4108 9728 10241 11264 12289 25088 28672 33152 33536 49664 53248 65728 98368 98432 131096 131120 131168 135176 163904 167936
1 7 4101 4108 9728 10241 11264 12289 25088 28672 33152 33536 49664 53248 65728 98432 102400 131096 131120 131168 135176 196672 200704
1 7 4101 4108 9728 10241 11264 12289 25088 28672 33152 33536 49664 53248 65728 98432 131096 131120 131168 135176 167936 196672 229376
1 7 4101 4108 9728 10241 11264 12289 25088 28672 33152 33536 49664 65584 65632 65728 86016 98432 114688 131096 135176 196624 200704
1 7 4101 4108 9728 10241 11264 12289 25088 28672 33152 33536 49664 65584 65632 65728 98432 114688 131096 135176 151552 196624 212992
1 7 4101 4108 9728 10241 11264 12289 25088 28672 33152 33536 49664 65584 65632 65728 98432 131096 135176 151552 180224 196624 229376
1 7 4101 4108 9728 10241 11264 12289 25088 28672 33152 33536 49664 65632 65728 86016 98432 114688 131096 131120 135176 196640 200704
1 7 4101 4108 9728 10241 11264 12289 25088 28672 33152 33536 49664 65632 65728 98432 114688 131096 131120 135176 151552 196640 212992
1 7 4101 4108 9728 10241 11264 12289 25088 28672 33152 33536 49664 65632 65728 98432 131096 131120 135176 151552 180224 196640 229376
1 7 4101 4108 9728 10241 11264 12289 25088 28672 33152 33536 49664 65728 81984 98432 114688 131096 131120 131168 135176 147520 151552
1 7 4101 4108 9728 10241 11264 12289 25088 28672 33152 33536 49664 65728 86016 98432 114688 131096 131120 131168 135176 196672 200704
1 7 4101 4108 9728 10241 11264 12289 25088 28672 33152 33536 49664 65728 98368 98432 131096 131120 131168 135176 151552 163904 180224
1 7 4101 4108 9728 10241 11264 12289 25088 28672 33152 33536 49664 65728 98432 114688 131096 131120 131168 135176 151552 196672 212992
1 7 4101 4108 9728 10241 11264 12289 25088 28672 33152 33536 49664 65728 98432 131096 131120 131168 135176 151552 180224 196672 229376
1 7 4101 4108 9728 10241 11264 12289 25088 28672 33536 49216 49664 65728 65920 98368 98560 131096 131120 131168 135176 147520 151552
1 7 4101 4108 9728 10241 11264 12289 25088 28672 33536 49408 49664 65632 65728 65920 82176 86016 131096 131120 135176 196640 200704
1 7 4101 4108 9728 10241 11264 12289 25088 28672 33536 49408 49664 65632 65728 65920 82176 131096 131120 135176 151552 196640 212992
1 7 4101 4108 9728 10241 11264 12289 25088 28672 33536 49408 49664 65728 65920 81984 82176 131096 131120 131168 135176 147520 151552
1 7 4101 4108 9728 10241 11264 12289 25088 28672 33536 49408 49664 65728 65920 82176 86016 131096 131120 131168 135176 196672 200704
1 7 4101 4108 9728 10241 11264 12289 25088 28672 33536 49408 49664 65728 65920 82176 131096 131120 131168 135176 151552 196672 212992
1 7 4101 4108 9728 10241 11264 12289 25088 28672 33536 49664 53248 65632 65728 65920 98560 102400 131096 131120 135176 196640 200704
1 7 4101 4108 9728 10241 11264 12289 25088 28672 33536 49664 53248 65632 65728 65920 98560 131096 131120 135176 167936 196640 229376
1 7 4101 4108 9728 10241 11264 12289 25088 28672 33536 49664 53248 65728 65920 98368 98560 131096 131120 131168 135176 163904 167936
1 7 4101 4108 9728 10241 11264 12289 25088 28672 33536 49664 53248 65728 65920 98560 102400 131096 131120 131168 135176 196672 200704
1 7 4101 4108 9728 10241 11264 12289 25088 28672 33536 49664 53248 65728 65920 98560 131096 131120 131168 135176 167936 196672 229376
1 7 4101 4108 9728 10241 11264 12289 25088 28672 33536 49664 65632 65728 65920 86016 98560 114688 131096 131120 135176 196640 200704
1 7 4101 4108 9728 10241 11264 12289 25088 28672 33536 49664 65632 65728 65920 98560 114688 131096 131120 135176 151552 196640 212992
1 7 4101 4108 9728 10241 11264 12289 25088 28672 33536 49664 65632 65728 65920 98560 131096 131120 135176 151552 180224 196640 229376
1 7 4101 4108 9728 10241 11264 12289 25088 28672 33536 49664 65728 65920 81984 98560 114688 131096 131120 131168 135176 147520 151552
1 7 4101 4108 9728 10241 11264 12289 25088 28672 33536 49664 65728 65920 86016 98560 114688 131096 131120 131168 135176 196672 200704
1 7 4101 4108 9728 10241 11264 12289 25088 28672 33536 49664 65728 65920 98368 98560 131096 131120 131168 135176 151552 163904 180224
1 7 4101 4108 9728 10241 11264 12289 25088 28672 33536 49664 65728 65920 98560 114688 131096 131120 131168 135176 151552 196672 212992
1 7 4101 4108 9728 10241 11264 12289 25088 28672 33536 49664 65728 65920 98560 131096 131120 131168 135176 151552 180224 196672 229376
1 7 4101 4108 9728 10241 11264 12289 25088 28672 49216 49664 65728 65920 66304 98368 98816 131096 131120 131168 135176 147520 151552
1 7 4101 4108 9728 10241 11264 12289 25088 28672 49664 53248 65728 65920 66304 98368 98816 131096 131120 131168 135176 163904 167936
1 7 4101 4108 9728 10241 11264 12289 25088 28672 49664 53248 65728 65920 66304 98816 102400 131096 131120 131168 135176 196672 200704
1 7 4101 4108 9728 10241 11264 12289 25088 28672 49664 53248 65728 65920 66304 98816 131096 131120 131168 135176 167936 196672 229376
1 7 4101 4108 9728 10241 11264 12289 25088 28672 49664 65728 65920 66304 81984 98816 114688 131096 131120 131168 135176 147520 151552
1 7 4101 4108 9728 10241 11264 12289 25088 28672 49664 65728 65920 66304 86016 98816 114688 131096 131120 131168 135176 196672 200704
1 7 4101 4108 9728 10241 11264 12289 25088 28672 49664 65728 65920 66304 98368 98816 131096 131120 131168 135176 151552 163904 180224
1 7 4101 4108 9728 10241 11264 12289 25088 28672 49664 65728 65920 66304 98816 114688 131096 131120 131168 135176 151552 196672 212992
1 7 4101 4108 9728 10241 11264 12289 25088 28672 49664 65728 65920 66304 98816 131096 131120 131168 135176 151552 180224 196672 229376
1 7 4101 4108 9728 10241 11264 12289 28672 32792 32816 32864 36872 53248 57344 65728 65920 66304 74240 98368 172032 204800 229376
1 7 4101 4108 9728 10241 11264 12289 28672 32792 32816 32864 36872 53248 57344 65728 65920 66304 98368 106496 139776 197120 204800
1 7 4101 4108 9728 10241 11264 12289 28672 32792 32816 32864 36872 53248 57344 65728 65920 66304 98368 139776 172032 197120 229376
1 7 4101 4108 9728 10241 11264 12289 28672 32792 32816 32864 36872 53248 57344 65728 65920 74240 98368 106496 131840 196864 197120
1 7 4101 4108 9728 10241 11264 12289 28672 32792 32816 32864 36872 53248 57344 65728 65920 98368 106496 131840 139776 196864 204800
1 7 4101 4108 9728 10241 11264 12289 28672 32792 32816 32864 36872 53248 57344 65728 65920 98368 131840 139776 172032 196864 229376
1 7 4101 4108 9728 10241 11264 12289 28672 32792 32816 32864 36872 53248 57344 65728 66304 74240 98368 106496 131456 196736 196864
1 7 4101 4108 9728 10241 11264 12289 28672 32792 32816 32864 36872 53248 57344 65728 74240 98368 106496 131456 131840 196736 197120
1 7 4101 4108 9728 10241 11264 12289 28672 32792 32816 32864 36872 53248 57344 65728 98368 106496 131456 131840 139776 196736 204800
1 7 4101 4108 9728 10241 11264 12289 28672 32792 32816 32864 36872 53248 57344 65728 98368 131456 131840 139776 172032 196736 229376
1 7 4101 4108 9728 10241 11264 12289 28672 32792 32816 32864 36872 53248 57344 65920 66304 74240 98368 106496 131264 196672 196736
1 7 4101 4108 9728 10241 11264 12289 28672 32792 32816 32864 36872 53248 57344 66304 74240 98368 106496 131264 131456 196672 196864
1 7 4101 4108 9728 10241 11264 12289 28672 32792 32816 32864 36872 53248 57344 74240 98368 106496 131264 131456 131840 196672 197120
1 7 4101 4108 9728 10241 11264 12289 28672 32792 32816 32864 36872 53248 57344 98368 106496 131264 131456 131840 139776 196672 204800
1 7 4101 4108 9728 10241 11264 12289 28672 32792 32816 32864 36872 53248 57344 98368 131264 131456 131840 139776 172032 196672 229376
1 7 4101 4108 9728 10241 11264 12289 28672 32792 32816 32864 36872 57344 86016 102400 114688 131264 131456 131840 139776 163904 172032
1 7 4101 4108 9728 10241 11264 12289 28672 32792 32816 32864 49160 57344 65728 65920 66304 74240 98368 106496 135176 147464 151552
1 7 4101 4108 9728 10241 11264 12289 28672 32792 32816 32864 53248 57344 69640 98312 102400 131264 131456 131840 139776 163904 172032
1 7 4101 4108 9728 10241 11264 12289 28672 32792 32816 32864 57344 69640 86016 98312 114688 131264 131456 131840 139776 163904 172032
1 7 4101 4108 9728 10241 11264 12289 28672 32792 32816 36872 53248 57344 65632 65728 65920 98336 106496 131840 139776 196864 204800
1 7 4101 4108 9728 10241 11264 12289 28672 32792 32816 36872 53248 57344 65632 65728 65920 98336 131840 139776 172032 196864 229376
1 7 4101 4108 9728 10241 11264 12289 28672 32792 32816 36872 53248 57344 65632 65728 98336 106496 131456 131840 139776 196736 204800
1 7 4101 4108 9728 10241 11264 12289 28672 32792 32816 36872 53248 57344 65632 65728 98336 131456 131840 139776 172032 196736 229376
1 7 4101 4108 9728 10241 11264 12289 28672 32792 32816 36872 53248 57344 65632 98336 98368 131264 131456 131840 139776 163904 172032
1 7 4101 4108 9728 10241 11264 12289 28672 32792 32816 36872 53248 57344 65632 98336 106496 131264 131456 131840 139776 196672 204800
1 7 4101 4108 9728 10241 11264 12289 28672 32792 32816 36872 53248 57344 65632 98336 131264 131456 131840 139776 172032 196672 229376
1 7 4101 4108 9728 10241 11264 12289 28672 32792 32864 36872 53248 57344 65584 98320 98336 131264 131456 131840 139776 163904 172032
1 7 4101 4108 9728 10241 11264 12289 28672 32792 36872 53248 57344 65584 65632 65728 98320 106496 131456 131840 139776 196736 204800
1 7 4101 4108 9728 10241 11264 12289 28672 32792 36872 53248 57344 65584 65632 65728 98320 131456 131840 139776 172032 196736 229376
1 7 4101 4108 9728 10241 11264 12289 28672 32792 36872 53248 57344 65584 65632 98320 98368 131264 131456 131840 139776 163904 172032
1 7 4101 4108 9728 10241 11264 12289 28672 32792 36872 53248 57344 65584 65632 98320 106496 131264 131456 131840 139776 196672 204800
1 7 4101 4108 9728 10241 11264 12289 28672 32792 36872 53248 57344 65584 65632 98320 131264 131456 131840 139776 172032 196672 229376
1 7 4101 4108 9728 10241 11264 12289 28672 32816 32864 32960 49168 57344 65920 66304 74240 98432 106496 131096 135176 147472 151552
1 7 4101 4108 9728 10241 11264 12289 28672 32816 32864 32960 53248 57344 65560 69640 98320 102400 131456 131840 139776 163968 172032
1 7 4101 4108 9728 10241 11264 12289 28672 32816 32864 32960 57344 65560 69640 86016 98320 114688 131456 131840 139776 163968 172032
1 7 4101 4108 9728 10241 11264 12289 28672 32816 32864 36872 53248 57344 65560 98312 98320 131264 131456 131840 139776 163904 172032
1 7 4101 4108 9728 10241 11264 12289 28672 32816 32864 49168 57344 65728 65920 66304 74240 98368 106496 131096 135176 147472 151552
1 7 4101 4108 9728 10241 11264 12289 28672 32816 32864 53248 57344 65560 69640 98320 102400 131264 131456 131840 139776 163904 172032
1 7 4101 4108 9728 10241 11264 12289 28672 32816 32864 57344 65560 69640 86016 98320 114688 131264 131456 131840 139776 163904 172032
1 7 4101 4108 9728 10241 11264 12289 28672 32864 32960 33152 49184 57344 66304 74240 98560 106496 131096 131120 135176 147488 151552
1 7 4101 4108 9728 10241 11264 12289 28672 32864 32960 33152 53248 57344 65560 65584 69640 98336 102400 131840 139776 164096 172032
1 7 4101 4108 9728 10241 11264 12289 28672 32864 32960 33152 57344 65560 65584 69640 86016 98336 114688 131840 139776 164096 172032
1 7 4101 4108 9728 10241 11264 12289 28672 32864 32960 49184 57344 65920 66304 74240 98432 106496 131096 131120 135176 147488 151552
1 7 4101 4108 9728 10241 11264 12289 28672 32864 32960 53248 57344 65560 65584 69640 98336 102400 131456 131840 139776 163968 172032
1 7 4101 4108 9728 10241 11264 12289 28672 32864 32960 57344 65560 65584 69640 86016 98336 114688 131456 131840 139776 163968 172032
1 7 4101 4108 9728 10241 11264 12289 28672 32864 36872 53248 57344 65560 65584 98312 98336 131264 131456 131840 139776 163904 172032
1 7 4101 4108 9728 10241 11264 12289 28672 32864 49184 57344 65728 65920 66304 74240 98368 106496 131096 131120 135176 147488 151552
1 7 4101 4108 9728 10241 11264 12289 28672 32864 53248 57344 65560 65584 69640 98336 102400 131264 131456 131840 139776 163904 172032
1 7 4101 4108 9728 10241 11264 12289 28672 32864 57344 65560 65584 69640 86016 98336 114688 131264 131456 131840 139776 163904 172032
1 7 4101 4108 9728 10241 11264 12289 28672 32960 33152 33536 41472 49216 57344 65560 65584 65632 69640 81984 151552 200704 212992
1 7 4101 4108 9728 10241 11264 12289 28672 32960 33152 33536 41472 49216 57344 65560 65584 65632 81928 81984 135176 147464 151552
1 7 4101 4108 9728 10241 11264 12289 28672 32960 33152 33536 41472 49216 57344 65560 65584 65632 81984 86016 135176 196616 200704
1 7 4101 4108 9728 10241 11264 12289 28672 32960 33152 33536 41472 49216 57344 65560 65584 65632 81984 135176 151552 196616 212992
1 7 4101 4108 9728 10241 11264 12289 28672 32960 33152 33536 41472 49216 57344 65560 65584 69640 81984 86016 131168 196640 196672
1 7 4101 4108 9728 10241 11264 12289 28672 32960 33152 33536 41472 49216 57344 65560 65632 69640 81984 86016 131120 196624 196640
1 7 4101 4108 9728 10241 11264 12289 28672 32960 33152 33536 41472 49216 57344 65560 69640 81984 86016 131120 131168 196624 196672
1 7 4101 4108 9728 10241 11264 12289 28672 32960 33152 33536 41472 49216 57344 65584 65632 69640 81984 86016 131096 196616 196624
1 7 4101 4108 9728 10241 11264 12289 28672 32960 33152 33536 41472 49216 57344 65584 65632 81936 81984 131096 135176 147472 151552
1 7 4101 4108 9728 10241 11264 12289 28672 32960 33152 33536 41472 49216 57344 65584 65632 81984 86016 131096 135176 196624 200704
1 7 4101 4108 9728 10241 11264 12289 28672 32960 33152 33536 41472 49216 57344 65584 65632 81984 131096 135176 151552 196624 212992
1 7 4101 4108 9728 10241 11264 12289 28672 32960 33152 33536 41472 49216 57344 65632 69640 81984 86016 131096 131120 196616 196640
1 7 4101 4108 9728 10241 11264 12289 28672 32960 33152 33536 41472 49216 57344 65632 81952 81984 131096 131120 135176 147488 151552
1 7 4101 4108 9728 10241 11264 12289 28672 32960 33152 33536 41472 49216 57344 65632 81984 86016 131096 131120 135176 196640 200704
1 7 4101 4108 9728 10241 11264 12289 28672 32960 33152 33536 41472 49216 57344 65632 81984 131096 131120 135176 151552 196640 212992
1 7 4101 4108 9728 10241 11264 12289 28672 32960 33152 33536 41472 49216 57344 69640 81984 86016 131096 131120 131168 196616 196672
1 7 4101 4108 9728 10241 11264 12289 28672 32960 33152 33536 41472 49216 57344 81984 86016 131096 131120 131168 135176 196672 200704
1 7 4101 4108 9728 10241 11264 12289 28672 32960 33152 33536 41472 49216 57344 81984 131096 131120 131168 135176 151552 196672 212992
1 7 4101 4108 9728 10241 11264 12289 28672 32960 33152 33536 41472 53248 57344 65560 65584 65632 69640 102400 163904 196672 229376
1 7 4101 4108 9728 10241 11264 12289 28672 32960 33152 33536 41472 53248 57344 65560 65584 65632 98368 102400 135176 196616 200704
1 7 4101 4108 9728 10241 11264 12289 28672 32960 33152 33536 41472 53248 57344 65560 65584 69640 98368 102400 131168 196640 196672
1 7 4101 4108 9728 10241 11264 12289 28672 32960 33152 33536 41472 53248 57344 65560 65584 69640 102400 131168 163904 196640 229376
1 7 4101 4108 9728 10241 11264 12289 28672 32960 33152 33536 41472 53248 57344 65560 65632 69640 98368 102400 131120 196624 196640
1 7 4101 4108 9728 10241 11264 12289 28672 32960 33152 33536 41472 53248 57344 65560 69640 98368 102400 131120 131168 196624 196672
1 7 4101 4108 9728 10241 11264 12289 28672 32960 33152 33536 41472 53248 57344 65560 69640 102400 131120 131168 163904 196624 229376
1 7 4101 4108 9728 10241 11264 12289 28672 32960 33152 33536 41472 53248 57344 65584 65632 69640 98368 102400 131096 196616 196624
1 7 4101 4108 9728 10241 11264 12289 28672 32960 33152 33536 41472 53248 57344 65584 65632 98368 102400 131096 135176 196624 200704
1 7 4101 4108 9728 10241 11264 12289 28672 32960 33152 33536 41472 53248 57344 65632 69640 98368 102400 131096 131120 196616 196640
1 7 4101 4108 9728 10241 11264 12289 28672 32960 33152 33536 41472 53248 57344 65632 98368 102400 131096 131120 135176 196640 200704
1 7 4101 4108 9728 10241 11264 12289 28672 32960 33152 33536 41472 53248 57344 69640 98368 102400 131096 131120 131168 196616 196672
1 7 4101 4108 9728 10241 11264 12289 28672 32960 33152 33536 41472 53248 57344 69640 102400 131096 131120 131168 163904 196616 229376
1 7 4101 4108 9728 10241 11264 12289 28672 32960 33152 33536 41472 53248 57344 98368 102400 131096 131120 131168 135176 196672 200704
1 7 4101 4108 9728 10241 11264 12289 28672 32960 33152 33536 41472 53248 57344 102400 131096 131120 131168 135176 163904 200704 229376
1 7 4101 4108 9728 10241 11264 12289 28672 32960 33152 33536 41472 57344 65560 65584 65632 69640 86016 114688 163904 196672 229376
1 7 4101 4108 9728 10241 11264 12289 28672 32960 33152 33536 41472 57344 65560 65584 65632 69640 98368 114688 151552 200704 212992
1 7 4101 4108 9728 10241 11264 12289 28672 32960 33152 33536 41472 57344 65560 65584 65632 81928 98368 114688 135176 147464 151552
1 7 4101 4108 9728 10241 11264 12289 28672 32960 33152 33536 41472 57344 65560 65584 65632 86016 98368 114688 135176 196616 200704
1 7 4101 4108 9728 10241 11264 12289 28672 32960 33152 33536 41472 57344 65560 65584 65632 98368 114688 135176 151552 196616 212992
1 7 4101 4108 9728 10241 11264 12289 28672 32960 33152 33536 41472 57344 65560 65584 69640 86016 98368 114688 131168 196640 196672
1 7 4101 4108 9728 10241 11264 12289 28672 32960 33152 33536 41472 57344 65560 65584 69640 86016 114688 131168 163904 196640 229376
1 7 4101 4108 9728 10241 11264 12289 28672 32960 33152 33536 41472 57344 65560 65632 69640 86016 98368 114688 131120 196624 196640
1 7 4101 4108 9728 10241 11264 12289 28672 32960 33152 33536 41472 57344 65560 69640 86016 98368 114688 131120 131168 196624 196672
1 7 4101 4108 9728 10241 11264 12289 28672 32960 33152 33536 41472 57344 65560 69640 86016 114688 131120 131168 163904 196624 229376
1 7 4101 4108 9728 10241 11264 12289 28672 32960 33152 33536 41472 57344 65584 65632 69640 86016 98368 114688 131096 196616 196624
1 7 4101 4108 9728 10241 11264 12289 28672 32960 33152 33536 41472 57344 65584 65632 81936 98368 114688 131096 135176 147472 151552
1 7 4101 4108 9728 10241 11264 12289 28672 32960 33152 33536 41472 57344 65584 65632 86016 98368 114688 131096 135176 196624 200704
1 7 4101 4108 9728 10241 11264 12289 28672 32960 33152 33536 41472 57344 65584 65632 98368 114688 131096 135176 151552 196624 212992
1 7 4101 4108 9728 10241 11264 12289 28672 32960 33152 33536 41472 57344 65632 69640 86016 98368 114688 131096 131120 196616 196640
1 7 4101 4108 9728 10241 11264 12289 28672 32960 33152 33536 41472 57344 65632 81952 98368 114688 131096 131120 135176 147488 151552
1 7 4101 4108 9728 10241 11264 12289 28672 32960 33152 33536 41472 57344 65632 86016 98368 114688 131096 131120 135176 196640 200704
1 7 4101 4108 9728 10241 11264 12289 28672 32960 33152 33536 41472 57344 65632 98368 114688 131096 131120 135176 151552 196640 212992
1 7 4101 4108 9728 10241 11264 12289 28672 32960 33152 33536 41472 57344 69640 86016 98368 114688 131096 131120 131168 196616 196672
1 7 4101 4108 9728 10241 11264 12289 28672 32960 33152 33536 41472 57344 69640 86016 114688 131096 131120 131168 163904 196616 229376
1 7 4101 4108 9728 10241 11264 12289 28672 32960 33152 33536 41472 57344 81984 98368 114688 131096 131120 131168 135176 147520 151552
1 7 4101 4108 9728 10241 11264 12289 28672 32960 33152 33536 41472 57344 86016 98368 114688 131096 131120 131168 135176 196672 200704
1 7 4101 4108 9728 10241 11264 12289 28672 32960 33152 33536 41472 57344 86016 102400 114688 131096 131120 131168 135176 163904 167936
1 7 4101 4108 9728 10241 11264 12289 28672 32960 33152 33536 41472 57344 86016 114688 131096 131120 131168 135176 163904 200704 229376
1 7 4101 4108 9728 10241 11264 12289 28672 32960 33152 33536 41472 57344 98368 114688 131096 131120 131168 135176 151552 196672 212992
1 7 4101 4108 9728 10241 11264 12289 28672 32960 33152 33536 41472 57344 114688 131096 131120 131168 135176 151552 163904 212992 229376
1 7 4101 4108 9728 10241 11264 12289 28672 32960 33152 33536 49216 57344 74240 98816 106496 131096 131120 131168 135176 147520 151552
1 7 4101 4108 9728 10241 11264 12289 28672 32960 33152 33536 53248 57344 65560 65584 65632 69640 98368 102400 139776 164352 172032
1 7 4101 4108 9728 10241 11264 12289 28672 32960 33152 33536 57344 65560 65584 65632 69640 86016 98368 114688 139776 164352 172032
1 7 4101 4108 9728 10241 11264 12289 28672 32960 33152 41472 49216 57344 66304 98560 98816 131096 131120 131168 135176 147520 151552
1 7 4101 4108 9728 10241 11264 12289 28672 32960 33152 41472 53248 57344 65560 65584 65632 69640 98368 102400 131840 164096 164352
1 7 4101 4108 9728 10241 11264 12289 28672 32960 33152 41472 57344 65560 65584 65632 69640 86016 98368 114688 131840 164096 164352
1 7 4101 4108 9728 10241 11264 12289 28672 32960 33152 49216 57344 66304 74240 98560 106496 131096 131120 131168 135176 147520 151552
1 7 4101 4108 9728 10241 11264 12289 28672 32960 33152 53248 57344 65560 65584 65632 69640 98368 102400 131840 139776 164096 172032
1 7 4101 4108 9728 10241 11264 12289 28672 32960 33152 57344 65560 65584 65632 69640 86016 98368 114688 131840 139776 164096 172032
1 7 4101 4108 9728 10241 11264 12289 28672 32960 33536 41472 49216 57344 65920 98432 98560 131096 131120 131168 135176 147520 151552
1 7 4101 4108 9728 10241 11264 12289 28672 32960 33536 41472 53248 57344 65560 65584 65632 69640 98368 102400 131456 163968 164096
1 7 4101 4108 9728 10241 11264 12289 28672 32960 33536 41472 57344 65560 65584 65632 69640 86016 98368 114688 131456 163968 164096
1 7 4101 4108 9728 10241 11264 12289 28672 32960 41472 49216 57344 65920 66304 98432 98816 131096 131120 131168 135176 147520 151552
1 7 4101 4108 9728 10241 11264 12289 28672 32960 41472 53248 57344 65560 65584 65632 69640 98368 102400 131456 131840 163968 164352
1 7 4101 4108 9728 10241 11264 12289 28672 32960 41472 57344 65560 65584 65632 69640 86016 98368 114688 131456 131840 163968 164352
1 7 4101 4108 9728 10241 11264 12289 28672 32960 49216 57344 65920 66304 74240 98432 106496 131096 131120 131168 135176 147520 151552
1 7 4101 4108 9728 10241 11264 12289 28672 32960 53248 57344 65560 65584 65632 69640 98368 102400 131456 131840 139776 163968 172032
1 7 4101 4108 9728 10241 11264 12289 28672 32960 57344 65560 65584 65632 69640 86016 98368 114688 131456 131840 139776 163968 172032
1 7 4101 4108 9728 10241 11264 12289 28672 33152 33536 41472 49216 57344 65728 98368 98432 131096 131120 131168 135176 147520 151552
1 7 4101 4108 9728 10241 11264 12289 28672 33152 33536 41472 49280 57344 65584 65632 65728 81936 82048 131096 135176 147472 151552
1 7 4101 4108 9728 10241 11264 12289 28672 33152 33536 41472 49280 57344 65584 65632 65728 82048 86016 131096 135176 196624 200704
1 7 4101 4108 9728 10241 11264 12289 28672 33152 33536 41472 49280 57344 65584 65632 65728 82048 131096 135176 151552 196624 212992
1 7 4101 4108 9728 10241 11264 12289 28672 33152 33536 41472 49280 57344 65632 65728 81952 82048 131096 131120 135176 147488 151552
1 7 4101 4108 9728 10241 11264 12289 28672 33152 33536 41472 49280 57344 65632 65728 82048 86016 131096 131120 135176 196640 200704
1 7 4101 4108 9728 10241 11264 12289 28672 33152 33536 41472 49280 57344 65632 65728 82048 131096 131120 135176 151552 196640 212992
1 7 4101 4108 9728 10241 11264 12289 28672 33152 33536 41472 49280 57344 65728 81984 82048 131096 131120 131168 135176 147520 151552
1 7 4101 4108 9728 10241 11264 12289 28672 33152 33536 41472 49280 57344 65728 82048 86016 131096 131120 131168 135176 196672 200704
1 7 4101 4108 9728 10241 11264 12289 28672 33152 33536 41472 49280 57344 65728 82048 131096 131120 131168 135176 151552 196672 212992
1 7 4101 4108 9728 10241 11264 12289 28672 33152 33536 41472 53248 57344 65560 65584 65632 69640 98368 102400 131264 163904 163968
1 7 4101 4108 9728 10241 11264 12289 28672 33152 33536 41472 53248 57344 65560 65584 65632 69640 102400 131264 163968 196672 229376
1 7 4101 4108 9728 10241 11264 12289 28672 33152 33536 41472 53248 57344 65560 65584 69640 102400 131168 131264 163968 196640 229376
1 7 4101 4108 9728 10241 11264 12289 28672 33152 33536 41472 53248 57344 65560 69640 102400 131120 131168 131264 163968 196624 229376
1 7 4101 4108 9728 10241 11264 12289 28672 33152 33536 41472 53248 57344 65584 65632 65728 98432 102400 131096 135176 196624 200704
1 7 4101 4108 9728 10241 11264 12289 28672 33152 33536 41472 53248 57344 65632 65728 98432 102400 131096 131120 135176 196640 200704
1 7 4101 4108 9728 10241 11264 12289 28672 33152 33536 41472 53248 57344 65728 98432 102400 131096 131120 131168 135176 196672 200704
1 7 4101 4108 9728 10241 11264 12289 28672 33152 33536 41472 57344 65560 65584 65632 69640 86016 98368 114688 131264 163904 163968
1 7 4101 4108 9728 10241 11264 12289 28672 33152 33536 41472 57344 65560 65584 65632 69640 86016 114688 131264 163968 196672 229376
1 7 4101 4108 9728 10241 11264 12289 28672 33152 33536 41472 57344 65560 65584 69640 86016 114688 131168 131264 163968 196640 229376
1 7 4101 4108 9728 10241 11264 12289 28672 33152 33536 41472 57344 65560 69640 86016 114688 131120 131168 131264 163968 196624 229376
1 7 4101 4108 9728 10241 11264 12289 28672 33152 33536 41472 57344 65584 65632 65728 81936 98432 114688 131096 135176 147472 151552
1 7 4101 4108 9728 10241 11264 12289 28672 33152 33536 41472 57344 65584 65632 65728 86016 98432 114688 131096 135176 196624 200704
1 7 4101 4108 9728 10241 11264 12289 28672 33152 33536 41472 57344 65584 65632 65728 98432 114688 131096 135176 151552 196624 212992
1 7 4101 4108 9728 10241 11264 12289 28672 33152 33536 41472 57344 65632 65728 81952 98432 114688 131096 131120 135176 147488 151552
1 7 4101 4108 9728 10241 11264 12289 28672 33152 33536 41472 57344 65632 65728 86016 98432 114688 131096 131120 135176 196640 200704
1 7 4101 4108 9728 10241 11264 12289 28672 33152 33536 41472 57344 65632 65728 98432 114688 131096 131120 135176 151552 196640 212992
1 7 4101 4108 9728 10241 11264 12289 28672 33152 33536 41472 57344 65728 81984 98432 114688 131096 131120 131168 135176 147520 151552
1 7 4101 4108 9728 10241 11264 12289 28672 33152 33536 41472 57344 65728 86016 98432 114688 131096 131120 131168 135176 196672 200704
1 7 4101 4108 9728 10241 11264 12289 28672 33152 33536 41472 57344 65728 98432 114688 131096 131120 131168 135176 151552 196672 212992
1 7 4101 4108 9728 10241 11264 12289 28672 33536 41472 49216 57344 65728 65920 98368 98560 131096 131120 131168 135176 147520 151552
1 7 4101 4108 9728 10241 11264 12289 28672 33536 41472 49408 57344 65632 65728 65920 81952 82176 131096 131120 135176 147488 151552
1 7 4101 4108 9728 10241 11264 12289 28672 33536 41472 49408 57344 65632 65728 65920 82176 86016 131096 131120 135176 196640 200704
1 7 4101 4108 9728 10241 11264 12289 28672 33536 41472 49408 57344 65632 65728 65920 82176 131096 131120 135176 151552 196640 212992
1 7 4101 4108 9728 10241 11264 12289 28672 33536 41472 49408 57344 65728 65920 81984 82176 131096 131120 131168 135176 147520 151552
1 7 4101 4108 9728 10241 11264 12289 28672 33536 41472 49408 57344 65728 65920 82176 86016 131096 131120 131168 135176 196672 200704
1 7 4101 4108 9728 10241 11264 12289 28672 33536 41472 49408 57344 65728 65920 82176 131096 131120 131168 135176 151552 196672 212992
1 7 4101 4108 9728 10241 11264 12289 28672 33536 41472 53248 57344 65560 65584 65632 69640 98368 102400 131264 131456 163904 164096
1 7 4101 4108 9728 10241 11264 12289 28672 33536 41472 53248 57344 65560 65584 65632 69640 102400 131264 131456 164096 196672 229376
1 7 4101 4108 9728 10241 11264 12289 28672 33536 41472 53248 57344 65560 65584 69640 102400 131168 131264 131456 164096 196640 229376
1 7 4101 4108 9728 10241 11264 12289 28672 33536 41472 53248 57344 65632 65728 65920 98560 102400 131096 131120 135176 196640 200704
1 7 4101 4108 9728 10241 11264 12289 28672 33536 41472 53248 57344 65728 65920 98560 102400 131096 131120 131168 135176 196672 200704
1 7 4101 4108 9728 10241 11264 12289 28672 33536 41472 57344 65560 65584 65632 69640 86016 98368 114688 131264 131456 163904 164096
1 7 4101 4108 9728 10241 11264 12289 28672 33536 41472 57344 65560 65584 65632 69640 86016 114688 131264 131456 164096 196672 229376
1 7 4101 4108 9728 10241 11264 12289 28672 33536 41472 57344 65560 65584 69640 86016 114688 131168 131264 131456 164096 196640 229376
1 7 4101 4108 9728 10241 11264 12289 28672 33536 41472 57344 65632 65728 65920 81952 98560 114688 131096 131120 135176 147488 151552
1 7 4101 4108 9728 10241 11264 12289 28672 33536 41472 57344 65632 65728 65920 86016 98560 114688 131096 131120 135176 196640 200704
1 7 4101 4108 9728 10241 11264 12289 28672 33536 41472 57344 65632 65728 65920 98560 114688 131096 131120 135176 151552 196640 212992
1 7 4101 4108 9728 10241 11264 12289 28672 33536 41472 57344 65728 65920 81984 98560 114688 131096 131120 131168 135176 147520 151552
1 7 4101 4108 9728 10241 11264 12289 28672 33536 41472 57344 65728 65920 86016 98560 114688 131096 131120 131168 135176 196672 200704
1 7 4101 4108 9728 10241 11264 12289 28672 33536 41472 57344 65728 65920 98560 114688 131096 131120 131168 135176 151552 196672 212992
1 7 4101 4108 9728 10241 11264 12289 28672 36872 53248 57344 65560 65584 65632 98312 98368 131264 131456 131840 139776 163904 172032
1 7 4101 4108 9728 10241 11264 12289 28672 36872 53248 57344 65560 65584 65632 98312 106496 131264 131456 131840 139776 196672 204800
1 7 4101 4108 9728 10241 11264 12289 28672 36872 53248 57344 65560 65584 65632 98312 131264 131456 131840 139776 172032 196672 229376
1 7 4101 4108 9728 10241 11264 12289 28672 41472 49216 57344 65728 65920 66304 98368 98816 131096 131120 131168 135176 147520 151552
1 7 4101 4108 9728 10241 11264 12289 28672 41472 49664 57344 65728 65920 66304 81984 82432 131096 131120 131168 135176 147520 151552
1 7 4101 4108 9728 10241 11264 12289 28672 41472 49664 57344 65728 65920 66304 82432 86016 131096 131120 131168 135176 196672 200704
1 7 4101 4108 9728 10241 11264 12289 28672 41472 49664 57344 65728 65920 66304 82432 131096 131120 131168 135176 151552 196672 212992
1 7 4101 4108 9728 10241 11264 12289 28672 41472 53248 57344 65560 65584 65632 69640 98368 102400 131264 131456 131840 163904 164352
1 7 4101 4108 9728 10241 11264 12289 28672 41472 53248 57344 65560 65584 65632 69640 102400 131264 131456 131840 164352 196672 229376
1 7 4101 4108 9728 10241 11264 12289 28672 41472 53248 57344 65728 65920 66304 98816 102400 131096 131120 131168 135176 196672 200704
1 7 4101 4108 9728 10241 11264 12289 28672 41472 57344 65560 65584 65632 69640 86016 98368 114688 131264 131456 131840 163904 164352
1 7 4101 4108 9728 10241 11264 12289 28672 41472 57344 65560 65584 65632 69640 86016 114688 131264 131456 131840 164352 196672 229376
1 7 4101 4108 9728 10241 11264 12289 28672 41472 57344 65728 65920 66304 81984 98816 114688 131096 131120 131168 135176 147520 151552
1 7 4101 4108 9728 10241 11264 12289 28672 41472 57344 65728 65920 66304 86016 98816 114688 131096 131120 131168 135176 196672 200704
1 7 4101 4108 9728 10241 11264 12289 28672 41472 57344 65728 65920 66304 98816 114688 131096 131120 131168 135176 151552 196672 212992
1 7 4101 4108 9728 10241 11264 12289 28672 49216 57344 65728 65920 66304 74240 98368 106496 131096 131120 131168 135176 147520 151552
1 7 4101 4108 9728 10241 11264 12289 28672 53248 57344 65560 65584 65632 69640 98368 102400 131264 131456 131840 139776 163904 172032
1 7 4101 4108 9728 10241 11264 12289 28672 53248 57344 65560 65584 65632 69640 102400 106496 131264 131456 131840 139776 196672 204800
1 7 4101 4108 9728 10241 11264 12289 28672 53248 57344 65560 65584 65632 69640 102400 131264 131456 131840 139776 172032 196672 229376
1 7 4101 4108 9728 10241 11264 12289 28672 53248 57344 65728 65920 66304 74240 102400 106496 131096 131120 131168 135176 196672 200704
1 7 4101 4108 9728 10241 11264 12289 28672 57344 65560 65584 65632 69640 86016 98368 114688 131264 131456 131840 139776 163904 172032
1 7 4101 4108 9728 10241 11264 12289 28672 57344 65560 65584 65632 69640 86016 106496 114688 131264 131456 131840 139776 196672 204800
1 7 4101 4108 9728 10241 11264 12289 28672 57344 65560 65584 65632 69640 86016 114688 131264 131456 131840 139776 172032 196672 229376
1 7 4101 4108 9728 10241 11264 12289 28672 57344 65728 65920 66304 74240 81984 106496 114688 131096 131120 131168 135176 147520 151552
1 7 4101 4108 9728 10241 11264 12289 28672 57344 65728 65920 66304 74240 86016 106496 114688 131096 131120 131168 135176 196672 200704
1 7 4101 4108 9728 10241 11264 12289 28672 57344 65728 65920 66304 74240 106496 114688 131096 131120 131168 135176 151552 196672 212992
1 7 4101 4108 9728 10241 12289 16408 16432 16480 20488 28672 32960 33152 33536 41472 49216 57344 68608 74752 141312 198656 204800
1 7 4101 4108 9728 10241 12289 16408 16432 16480 20488 28672 32960 33152 33536 41472 49216 57344 74752 75776 134144 197632 198656
1 7 4101 4108 9728 10241 12289 16408 16432 16480 20488 28672 32960 33152 33536 41472 49216 57344 74752 134144 141312 197632 204800
1 7 4101 4108 9728 10241 12289 16408 16432 16480 20488 28672 32960 33152 33536 41472 57344 81984 98368 114688 134144 140288 141312
1 7 4101 4108 9728 10241 12289 16408 16432 16480 20488 28672 32960 33152 33536 49216 57344 74240 98816 106496 134144 140288 141312
1 7 4101 4108 9728 10241 12289 16408 16432 16480 20488 28672 32960 33152 41472 49216 57344 66304 98560 98816 134144 140288 141312
1 7 4101 4108 9728 10241 12289 16408 16432 16480 20488 28672 32960 33152 49216 57344 66304 74240 98560 106496 134144 140288 141312
1 7 4101 4108 9728 10241 12289 16408 16432 16480 20488 28672 32960 33536 41472 49216 57344 65920 98432 98560 134144 140288 141312
1 7 4101 4108 9728 10241 12289 16408 16432 16480 20488 28672 32960 41472 49216 57344 65920 66304 98432 98816 134144 140288 141312
1 7 4101 4108 9728 10241 12289 16408 16432 16480 20488 28672 32960 49216 57344 65920 66304 74240 98432 106496 134144 140288 141312
1 7 4101 4108 9728 10241 12289 16408 16432 16480 20488 28672 33152 33536 41472 49216 57344 65728 98368 98432 134144 140288 141312
1 7 4101 4108 9728 10241 12289 16408 16432 16480 20488 28672 33152 33536 41472 57344 65728 81984 98432 114688 134144 140288 141312
1 7 4101 4108 9728 10241 12289 16408 16432 16480 20488 28672 33536 41472 49216 57344 65728 65920 98368 98560 134144 140288 141312
1 7 4101 4108 9728 10241 12289 16408 16432 16480 20488 28672 33536 41472 57344 65728 65920 81984 98560 114688 134144 140288 141312
1 7 4101 4108 9728 10241 12289 16408 16432 16480 20488 28672 41472 49216 57344 65728 65920 66304 98368 98816 134144 140288 141312
1 7 4101 4108 9728 10241 12289 16408 16432 16480 20488 28672 41472 57344 65728 65920 66304 81984 98816 114688 134144 140288 141312
1 7 4101 4108 9728 10241 12289 16408 16432 16480 20488 28672 49216 57344 65728 65920 66304 74240 98368 106496 134144 140288 141312
1 7 4101 4108 9728 10241 12289 16408 16432 16480 20488 28672 57344 65728 65920 66304 74240 81984 106496 114688 134144 140288 141312
1 7 4101 4108 9728 10241 12289 16408 16432 16480 28672 32960 33152 33536 41472 49216 57344 68608 74752 75776 135176 147464 151552
1 7 4101 4108 9728 10241 12289 16408 16432 20488 28672 32864 32960 33152 49184 57344 66304 74240 98560 106496 134144 140288 141312
1 7 4101 4108 9728 10241 12289 16408 16432 20488 28672 32864 32960 49184 57344 65920 66304 74240 98432 106496 134144 140288 141312
1 7 4101 4108 9728 10241 12289 16408 16432 20488 28672 32864 49184 57344 65728 65920 66304 74240 98368 106496 134144 140288 141312
1 7 4101 4108 9728 10241 12289 16408 16432 20488 28672 32960 33152 33536 41472 49216 57344 68608 74752 75776 131168 147488 147520
1 7 4101 4108 9728 10241 12289 16408 16432 20488 28672 32960 33152 33536 41472 57344 65632 81952 98368 114688 134144 140288 141312
1 7 4101 4108 9728 10241 12289 16408 16432 20488 28672 33152 33536 41472 57344 65632 65728 81952 98432 114688 134144 140288 141312
1 7 4101 4108 9728 10241 12289 16408 16432 20488 28672 33536 41472 57344 65632 65728 65920 81952 98560 114688 134144 140288 141312
1 7 4101 4108 9728 10241 12289 16408 16480 20488 28672 32960 33152 33536 41472 49216 57344 68608 74752 75776 131120 147472 147488
1 7 4101 4108 9728 10241 12289 16408 20488 28672 32816 32864 32960 49168 57344 65920 66304 74240 98432 106496 134144 140288 141312
1 7 4101 4108 9728 10241 12289 16408 20488 28672 32816 32864 49168 57344 65728 65920 66304 74240 98368 106496 134144 140288 141312
1 7 4101 4108 9728 10241 12289 16408 20488 28672 32960 33152 33536 41472 49216 57344 68608 74752 75776 131120 131168 147472 147520
1 7 4101 4108 9728 10241 12289 16408 20488 28672 32960 33152 33536 41472 57344 65584 65632 81936 98368 114688 134144 140288 141312
1 7 4101 4108 9728 10241 12289 16408 20488 28672 33152 33536 41472 57344 65584 65632 65728 81936 98432 114688 134144 140288 141312
1 7 4101 4108 9728 10241 12289 16432 16480 16576 28672 33152 33536 41472 49280 57344 68608 74752 75776 131096 135176 147472 151552
1 7 4101 4108 9728 10241 12289 16432 16480 20488 28672 32960 33152 33536 41472 49216 57344 68608 74752 75776 131096 147464 147472
1 7 4101 4108 9728 10241 12289 16432 16480 28672 32960 33152 33536 41472 49216 57344 68608 74752 75776 131096 135176 147472 151552
1 7 4101 4108 9728 10241 12289 16480 16576 16768 28672 33536 41472 49408 57344 68608 74752 75776 131096 131120 135176 147488 151552
1 7 4101 4108 9728 10241 12289 16480 16576 28672 33152 33536 41472 49280 57344 68608 74752 75776 131096 131120 135176 147488 151552
1 7 4101 4108 9728 10241 12289 16480 20488 28672 32960 33152 33536 41472 49216 57344 68608 74752 75776 131096 131120 147464 147488
1 7 4101 4108 9728 10241 12289 16480 28672 32960 33152 33536 41472 49216 57344 68608 74752 75776 131096 131120 135176 147488 151552
1 7 4101 4108 9728 10241 12289 16576 16768 17152 25088 28672 32792 32816 32864 36872 49216 53248 68608 74752 141312 198656 204800
1 7 4101 4108 9728 10241 12289 16576 16768 17152 25088 28672 32792 32816 32864 36872 49216 53248 74752 75776 134144 197632 198656
1 7 4101 4108 9728 10241 12289 16576 16768 17152 25088 28672 32792 32816 32864 36872 49216 53248 74752 134144 141312 197632 204800
1 7 4101 4108 9728 10241 12289 16576 16768 17152 25088 28672 32792 32816 32864 36872 49216 86016 102400 114688 134144 140288 141312
1 7 4101 4108 9728 10241 12289 16576 16768 17152 25088 28672 32792 32816 32864 49216 53248 69640 98312 102400 134144 140288 141312
1 7 4101 4108 9728 10241 12289 16576 16768 17152 25088 28672 32792 32816 32864 49216 69640 86016 98312 114688 134144 140288 141312
1 7 4101 4108 9728 10241 12289 16576 16768 17152 25088 28672 32792 32816 36872 49216 53248 65632 98336 98368 134144 140288 141312
1 7 4101 4108 9728 10241 12289 16576 16768 17152 25088 28672 32792 32864 36872 49216 53248 65584 98320 98336 134144 140288 141312
1 7 4101 4108 9728 10241 12289 16576 16768 17152 25088 28672 32792 36872 49216 53248 65584 65632 98320 98368 134144 140288 141312
1 7 4101 4108 9728 10241 12289 16576 16768 17152 25088 28672 32816 32864 36872 49216 53248 65560 98312 98320 134144 140288 141312
1 7 4101 4108 9728 10241 12289 16576 16768 17152 25088 28672 32816 32864 49216 53248 65560 69640 98320 102400 134144 140288 141312
1 7 4101 4108 9728 10241 12289 16576 16768 17152 25088 28672 32816 32864 49216 65560 69640 86016 98320 114688 134144 140288 141312
1 7 4101 4108 9728 10241 12289 16576 16768 17152 25088 28672 32864 36872 49216 53248 65560 65584 98312 98336 134144 140288 141312
1 7 4101 4108 9728 10241 12289 16576 16768 17152 25088 28672 32864 49216 53248 65560 65584 69640 98336 102400 134144 140288 141312
1 7 4101 4108 9728 10241 12289 16576 16768 17152 25088 28672 32864 49216 65560 65584 69640 86016 98336 114688 134144 140288 141312
1 7 4101 4108 9728 10241 12289 16576 16768 17152 25088 28672 36872 49216 53248 65560 65584 65632 98312 98368 134144 140288 141312
1 7 4101 4108 9728 10241 12289 16576 16768 17152 25088 28672 49216 53248 65560 65584 65632 69640 98368 102400 134144 140288 141312
1 7 4101 4108 9728 10241 12289 16576 16768 17152 25088 28672 49216 65560 65584 65632 69640 86016 98368 114688 134144 140288 141312
1 7 4101 4108 9728 10241 12289 16576 16768 17152 28672 41472 49664 57344 68608 74752 75776 131096 131120 131168 135176 147520 151552
1 7 4101 4108 9728 10241 12289 16576 16768 25088 28672 33536 49408 49664 65560 65584 65632 69640 81984 86016 134144 140288 141312
1 7 4101 4108 9728 10241 12289 16576 16768 28672 33536 41472 49408 57344 68608 74752 75776 131096 131120 131168 135176 147520 151552
1 7 4101 4108 9728 10241 12289 16576 17152 25088 28672 33152 49280 49408 65560 65584 65632 69640 81984 86016 134144 140288 141312
1 7 4101 4108 9728 10241 12289 16576 25088 28672 33152 33536 49280 49664 65560 65584 65632 69640 81984 86016 134144 140288 141312
1 7 4101 4108 9728 10241 12289 16576 28672 33152 33536 41472 49280 57344 68608 74752 75776 131096 131120 131168 135176 147520 151552
1 7 4101 4108 9728 10241 12289 16768 17152 25088 28672 32816 32864 32960 49280 53248 65560 69640 98320 102400 134144 140288 141312
1 7 4101 4108 9728 10241 12289 16768 17152 25088 28672 32816 32864 32960 49280 65560 69640 86016 98320 114688 134144 140288 141312
1 7 4101 4108 9728 10241 12289 16768 17152 25088 28672 32864 32960 49280 53248 65560 65584 69640 98336 102400 134144 140288 141312
1 7 4101 4108 9728 10241 12289 16768 17152 25088 28672 32864 32960 49280 65560 65584 69640 86016 98336 114688 134144 140288 141312
1 7 4101 4108 9728 10241 12289 16768 17152 25088 28672 32960 49216 49280 65560 65584 65632 69640 81984 86016 134144 140288 141312
1 7 4101 4108 9728 10241 12289 16768 17152 25088 28672 32960 49280 53248 65560 65584 65632 69640 98368 102400 134144 140288 141312
1 7 4101 4108 9728 10241 12289 16768 17152 25088 28672 32960 49280 65560 65584 65632 69640 86016 98368 114688 134144 140288 141312
1 7 4101 4108 9728 10241 12289 17152 25088 28672 32864 32960 33152 49408 53248 65560 65584 69640 98336 102400 134144 140288 141312
1 7 4101 4108 9728 10241 12289 17152 25088 28672 32864 32960 33152 49408 65560 65584 69640 86016 98336 114688 134144 140288 141312
1 7 4101 4108 9728 10241 12289 17152 25088 28672 32960 33152 49216 49408 65560 65584 65632 69640 81984 86016 134144 140288 141312
1 7 4101 4108 9728 10241 12289 17152 25088 28672 32960 33152 49408 53248 65560 65584 65632 69640 98368 102400 134144 140288 141312
1 7 4101 4108 9728 10241 12289 17152 25088 28672 32960 33152 49408 65560 65584 65632 69640 86016 98368 114688 134144 140288 141312
1 7 4101 4108 9728 10241 12289 20488 28672 32792 32816 32864 49160 57344 65728 65920 66304 74240 98368 106496 134144 140288 141312
1 7 4101 4108 9728 10241 12289 20488 28672 32960 33152 33536 41472 49216 57344 68608 74752 75776 131096 131120 131168 147464 147520
1 7 4101 4108 9728 10241 12289 20488 28672 32960 33152 33536 41472 57344 65560 65584 65632 81928 98368 114688 134144 140288 141312
1 7 4101 4108 9728 10241 12289 25088 28672 32960 33152 33536 49216 49664 65560 65584 65632 69640 81984 86016 134144 140288 141312
1 7 4101 4108 9728 10241 12289 25088 28672 32960 33152 33536 49664 53248 65560 65584 65632 69640 98368 102400 134144 140288 141312
1 7 4101 4108 9728 10241 12289 25088 28672 32960 33152 33536 49664 65560 65584 65632 69640 86016 98368 114688 134144 140288 141312
1 7 4101 4108 9728 10241 12289 28672 32792 32816 32864 36872 53248 57344 65728 65920 66304 74240 98368 106496 134144 140288 141312
1 7 4101 4108 9728 10241 12289 28672 32960 33152 33536 41472 49216 57344 68608 74752 75776 131096 131120 131168 135176 147520 151552
1 7 4101 4108 9728 10241 12289 28672 32960 33152 33536 41472 53248 57344 65560 65584 65632 69640 98368 102400 134144 140288 141312
1 7 4101 4108 9728 10241 12289 28672 32960 33152 33536 41472 57344 65560 65584 65632 69640 86016 98368 114688 134144 140288 141312
1 7 4101 4108 9728 11264 12289 16408 16432 16480 20488 28672 32960 33152 33536 41472 49216 57344 67585 75776 139265 196609 204800
1 7 4101 4108 9728 11264 12289 16408 16432 16480 20488 28672 32960 33152 33536 41472 49216 57344 73729 75776 133121 196609 198656
1 7 4101 4108 9728 11264 12289 16408 16432 16480 20488 28672 32960 33152 33536 41472 49216 57344 75776 133121 139265 198656 204800
1 7 4101 4108 9728 11264 12289 16408 16432 16480 20488 28672 32960 33152 33536 41472 57344 81984 98368 114688 133121 139265 141312
1 7 4101 4108 9728 11264 12289 16408 16432 16480 20488 28672 32960 33152 33536 49216 57344 74240 98816 106496 133121 139265 141312
1 7 4101 4108 9728 11264 12289 16408 16432 16480 20488 28672 32960 33152 41472 49216 57344 66304 98560 98816 133121 139265 141312
1 7 4101 4108 9728 11264 12289 16408 16432 16480 20488 28672 32960 33152 49216 57344 66304 74240 98560 106496 133121 139265 141312
1 7 4101 4108 9728 11264 12289 16408 16432 16480 20488 28672 32960 33536 41472 49216 57344 65920 98432 98560 133121 139265 141312
1 7 4101 4108 9728 11264 12289 16408 16432 16480 20488 28672 32960 41472 49216 57344 65920 66304 98432 98816 133121 139265 141312
1 7 4101 4108 9728 11264 12289 16408 16432 16480 20488 28672 32960 49216 57344 65920 66304 74240 98432 106496 133121 139265 141312
1 7 4101 4108 9728 11264 12289 16408 16432 16480 20488 28672 33152 33536 41472 49216 57344 65728 98368 98432 133121 139265 141312
1 7 4101 4108 9728 11264 12289 16408 16432 16480 20488 28672 33152 33536 41472 57344 65728 81984 98432 114688 133121 139265 141312
1 7 4101 4108 9728 11264 12289 16408 16432 16480 20488 28672 33536 41472 49216 57344 65728 65920 98368 98560 133121 139265 141312
1 7 4101 4108 9728 11264 12289 16408 16432 16480 20488 28672 33536 41472 57344 65728 65920 81984 98560 114688 133121 139265 141312
1 7 4101 4108 9728 11264 12289 16408 16432 16480 20488 28672 41472 49216 57344 65728 65920 66304 98368 98816 133121 139265 141312
1 7 4101 4108 9728 11264 12289 16408 16432 16480 20488 28672 41472 57344 65728 65920 66304 81984 98816 114688 133121 139265 141312
1 7 4101 4108 9728 11264 12289 16408 16432 16480 20488 28672 49216 57344 65728 65920 66304 74240 98368 106496 133121 139265 141312
1 7 4101 4108 9728 11264 12289 16408 16432 16480 20488 28672 57344 65728 65920 66304 74240 81984 106496 114688 133121 139265 141312
1 7 4101 4108 9728 11264 12289 16408 16432 16480 28672 32960 33152 33536 41472 49216 57344 67585 73729 75776 135176 147464 151552
1 7 4101 4108 9728 11264 12289 16408 16432 20488 28672 32864 32960 33152 49184 57344 66304 74240 98560 106496 133121 139265 141312
1 7 4101 4108 9728 11264 12289 16408 16432 20488 28672 32864 32960 49184 57344 65920 66304 74240 98432 106496 133121 139265 141312
1 7 4101 4108 9728 11264 12289 16408 16432 20488 28672 32864 49184 57344 65728 65920 66304 74240 98368 106496 133121 139265 141312
1 7 4101 4108 9728 11264 12289 16408 16432 20488 28672 32960 33152 33536 41472 49216 57344 67585 73729 75776 131168 147488 147520
1 7 4101 4108 9728 11264 12289 16408 16432 20488 28672 32960 33152 33536 41472 57344 65632 81952 98368 114688 133121 139265 141312
1 7 4101 4108 9728 11264 12289 16408 16432 20488 28672 33152 33536 41472 57344 65632 65728 81952 98432 114688 133121 139265 141312
1 7 4101 4108 9728 11264 12289 16408 16432 20488 28672 33536 41472 57344 65632 65728 65920 81952 98560 114688 133121 139265 141312
1 7 4101 4108 9728 11264 12289 16408 16480 20488 28672 32960 33152 33536 41472 49216 57344 67585 73729 75776 131120 147472 147488
1 7 4101 4108 9728 11264 12289 16408 20488 28672 32816 32864 32960 49168 57344 65920 66304 74240 98432 106496 133121 139265 141312
1 7 4101 4108 9728 11264 12289 16408 20488 28672 32816 32864 49168 57344 65728 65920 66304 74240 98368 106496 133121 139265 141312
1 7 4101 4108 9728 11264 12289 16408 20488 28672 32960 33152 33536 41472 49216 57344 67585 73729 75776 131120 131168 147472 147520
1 7 4101 4108 9728 11264 12289 16408 20488 28672 32960 33152 33536 41472 57344 65584 65632 81936 98368 114688 133121 139265 141312
1 7 4101 4108 9728 11264 12289 16408 20488 28672 33152 33536 41472 57344 65584 65632 65728 81936 98432 114688 133121 139265 141312
1 7 4101 4108 9728 11264 12289 16432 16480 16576 28672 33152 33536 41472 49280 57344 67585 73729 75776 131096 135176 147472 151552
1 7 4101 4108 9728 11264 12289 16432 16480 20488 28672 32960 33152 33536 41472 49216 57344 67585 73729 75776 131096 147464 147472
1 7 4101 4108 9728 11264 12289 16432 16480 28672 32960 33152 33536 41472 49216 57344 67585 73729 75776 131096 135176 147472 151552
1 7 4101 4108 9728 11264 12289 16480 16576 16768 28672 33536 41472 49408 57344 67585 73729 75776 131096 131120 135176 147488 151552
1 7 4101 4108 9728 11264 12289 16480 16576 28672 33152 33536 41472 49280 57344 67585 73729 75776 131096 131120 135176 147488 151552
1 7 4101 4108 9728 11264 12289 16480 20488 28672 32960 33152 33536 41472 49216 57344 67585 73729 75776 131096 131120 147464 147488
1 7 4101 4108 9728 11264 12289 16480 28672 32960 33152 33536 41472 49216 57344 67585 73729 75776 131096 131120 135176 147488 151552
1 7 4101 4108 9728 11264 12289 16576 16768 17152 25088 28672 32792 32816 32864 36872 49216 53248 67585 75776 139265 196609 204800
1 7 4101 4108 9728 11264 12289 16576 16768 17152 25088 28672 32792 32816 32864 36872 49216 53248 73729 75776 133121 196609 198656
1 7 4101 4108 9728 11264 12289 16576 16768 17152 25088 28672 32792 32816 32864 36872 49216 53248 75776 133121 139265 198656 204800
1 7 4101 4108 9728 11264 12289 16576 16768 17152 25088 28672 32792 32816 32864 36872 49216 86016 102400 114688 133121 139265 141312
1 7 4101 4108 9728 11264 12289 16576 16768 17152 25088 28672 32792 32816 32864 49216 53248 69640 98312 102400 133121 139265 141312
1 7 4101 4108 9728 11264 12289 16576 16768 17152 25088 28672 32792 32816 32864 49216 69640 86016 98312 114688 133121 139265 141312
1 7 4101 4108 9728 11264 12289 16576 16768 17152 25088 28672 32792 32816 36872 49216 53248 65632 98336 98368 133121 139265 141312
1 7 4101 4108 9728 11264 12289 16576 16768 17152 25088 28672 32792 32864 36872 49216 53248 65584 98320 98336 133121 139265 141312
1 7 4101 4108 9728 11264 12289 16576 16768 17152 25088 28672 32792 36872 49216 53248 65584 65632 98320 98368 133121 139265 141312
1 7 4101 4108 9728 11264 12289 16576 16768 17152 25088 28672 32816 32864 36872 49216 53248 65560 98312 98320 133121 139265 141312
1 7 4101 4108 9728 11264 12289 16576 16768 17152 25088 28672 32816 32864 49216 53248 65560 69640 98320 102400 133121 139265 141312
1 7 4101 4108 9728 11264 12289 16576 16768 17152 25088 28672 32816 32864 49216 65560 69640 86016 98320 114688 133121 139265 141312
1 7 4101 4108 9728 11264 12289 16576 16768 17152 25088 28672 32864 36872 49216 53248 65560 65584 98312 98336 133121 139265 141312
1 7 4101 4108 9728 11264 12289 16576 16768 17152 25088 28672 32864 49216 53248 65560 65584 69640 98336 102400 133121 139265 141312
1 7 4101 4108 9728 11264 12289 16576 16768 17152 25088 28672 32864 49216 65560 65584 69640 86016 98336 114688 133121 139265 141312
1 7 4101 4108 9728 11264 12289 16576 16768 17152 25088 28672 36872 49216 53248 65560 65584 65632 98312 98368 133121 139265 141312
1 7 4101 4108 9728 11264 12289 16576 16768 17152 25088 28672 49216 53248 65560 65584 65632 69640 98368 102400 133121 139265 141312
1 7 4101 4108 9728 11264 12289 16576 16768 17152 25088 28672 49216 65560 65584 65632 69640 86016 98368 114688 133121 139265 141312
1 7 4101 4108 9728 11264 12289 16576 16768 17152 28672 41472 49664 57344 67585 73729 75776 131096 131120 131168 135176 147520 151552
1 7 4101 4108 9728 11264 12289 16576 16768 25088 28672 33536 49408 49664 65560 65584 65632 69640 81984 86016 133121 139265 141312
1 7 4101 4108 9728 11264 12289 16576 16768 28672 33536 41472 49408 57344 67585 73729 75776 131096 131120 131168 135176 147520 151552
1 7 4101 4108 9728 11264 12289 16576 17152 25088 28672 33152 49280 49408 65560 65584 65632 69640 81984 86016 133121 139265 141312
1 7 4101 4108 9728 11264 12289 16576 25088 28672 33152 33536 49280 49664 65560 65584 65632 69640 81984 86016 133121 139265 141312
1 7 4101 4108 9728 11264 12289 16576 28672 33152 33536 41472 49280 57344 67585 73729 75776 131096 131120 131168 135176 147520 151552
1 7 4101 4108 9728 11264 12289 16768 17152 25088 28672 32816 32864 32960 49280 53248 65560 69640 98320 102400 133121 139265 141312
1 7 4101 4108 9728 11264 12289 16768 17152 25088 28672 32816 32864 32960 49280 65560 69640 86016 98320 114688 133121 139265 141312
1 7 4101 4108 9728 11264 12289 16768 17152 25088 28672 32864 32960 49280 53248 65560 65584 69640 98336 102400 133121 139265 141312
1 7 4101 4108 9728 11264 12289 16768 17152 25088 28672 32864 32960 49280 65560 65584 69640 86016 98336 114688 133121 139265 141312
1 7 4101 4108 9728 11264 12289 16768 17152 25088 28672 32960 49216 49280 65560 65584 65632 69640 81984 86016 133121 139265 141312
1 7 4101 4108 9728 11264 12289 16768 17152 25088 28672 32960 49280 53248 65560 65584 65632 69640 98368 102400 133121 139265 141312
1 7 4101 4108 9728 11264 12289 16768 17152 25088 28672 32960 49280 65560 65584 65632 69640 86016 98368 114688 133121 139265 141312
1 7 4101 4108 9728 11264 12289 17152 25088 28672 32864 32960 33152 49408 53248 65560 65584 69640 98336 102400 133121 139265 141312
1 7 4101 4108 9728 11264 12289 17152 25088 28672 32864 32960 33152 49408 65560 65584 69640 86016 98336 114688 133121 139265 141312
1 7 4101 4108 9728 11264 12289 17152 25088 28672 32960 33152 49216 49408 65560 65584 65632 69640 81984 86016 133121 139265 141312
1 7 4101 4108 9728 11264 12289 17152 25088 28672 32960 33152 49408 53248 65560 65584 65632 69640 98368 102400 133121 139265 141312
1 7 4101 4108 9728 11264 12289 17152 25088 28672 32960 33152 49408 65560 65584 65632 69640 86016 98368 114688 133121 139265 141312
1 7 4101 4108 9728 11264 12289 20488 28672 32792 32816 32864 49160 57344 65728 65920 66304 74240 98368 106496 133121 139265 141312
1 7 4101 4108 9728 11264 12289 20488 28672 32960 33152 33536 41472 49216 57344 67585 73729 75776 131096 131120 131168 147464 147520
1 7 4101 4108 9728 11264 12289 20488 28672 32960 33152 33536 41472 57344 65560 65584 65632 81928 98368 114688 133121 139265 141312
1 7 4101 4108 9728 11264 12289 25088 28672 32960 33152 33536 49216 49664 65560 65584 65632 69640 81984 86016 133121 139265 141312
1 7 4101 4108 9728 11264 12289 25088 28672 32960 33152 33536 49664 53248 65560 65584 65632 69640 98368 102400 133121 139265 141312
1 7 4101 4108 9728 11264 12289 25088 28672 32960 33152 33536 49664 65560 65584 65632 69640 86016 98368 114688 133121 139265 141312
1 7 4101 4108 9728 11264 12289 28672 32792 32816 32864 36872 53248 57344 65728 65920 66304 74240 98368 106496 133121 139265 141312
1 7 4101 4108 9728 11264 12289 28672 32960 33152 33536 41472 49216 57344 67585 73729 75776 131096 131120 131168 135176 147520 151552
1 7 4101 4108 9728 11264 12289 28672 32960 33152 33536 41472 53248 57344 65560 65584 65632 69640 98368 102400 133121 139265 141312
1 7 4101 4108 9728 11264 12289 28672 32960 33152 33536 41472 57344 65560 65584 65632 69640 86016 98368 114688 133121 139265 141312
1 7 4101 4108 9728 12289 16408 16432 16480 20488 28672 32960 33152 33536 41472 49216 57344 67585 68608 74752 139265 196609 204800
1 7 4101 4108 9728 12289 16408 16432 16480 20488 28672 32960 33152 33536 41472 49216 57344 67585 73729 74752 134144 197632 198656
1 7 4101 4108 9728 12289 16408 16432 16480 20488 28672 32960 33152 33536 41472 49216 57344 68608 73729 74752 133121 196609 198656
1 7 4101 4108 9728 12289 16408 16432 16480 20488 28672 32960 33152 33536 41472 49216 57344 68608 74752 75776 133121 139265 141312
1 7 4101 4108 9728 12289 16408 16432 16480 20488 28672 32960 33152 33536 41472 49216 57344 68608 74752 133121 139265 198656 204800
1 7 4101 4108 9728 12289 16408 16432 16480 20488 28672 32960 33152 33536 41472 49216 57344 73729 74752 133121 134144 196609 197632
1 7 4101 4108 9728 12289 16408 16432 16480 20488 28672 32960 33152 33536 41472 49216 57344 74752 133121 134144 139265 197632 204800
1 7 4101 4108 9728 12289 16408 16432 16480 20488 28672 32960 33152 33536 41472 57344 81984 98368 114688 133121 134144 139265 140288
1 7 4101 4108 9728 12289 16408 16432 16480 20488 28672 32960 33152 33536 49216 57344 74240 98816 106496 133121 134144 139265 140288
1 7 4101 4108 9728 12289 16408 16432 16480 20488 28672 32960 33152 41472 49216 57344 66304 98560 98816 133121 134144 139265 140288
1 7 4101 4108 9728 12289 16408 16432 16480 20488 28672 32960 33152 49216 57344 66304 74240 98560 106496 133121 134144 139265 140288
1 7 4101 4108 9728 12289 16408 16432 16480 20488 28672 32960 33536 41472 49216 57344 65920 98432 98560 133121 134144 139265 140288
1 7 4101 4108 9728 12289 16408 16432 16480 20488 28672 32960 41472 49216 57344 65920 66304 98432 98816 133121 134144 139265 140288
1 7 4101 4108 9728 12289 16408 16432 16480 20488 28672 32960 49216 57344 65920 66304 74240 98432 106496 133121 134144 139265 140288
1 7 4101 4108 9728 12289 16408 16432 16480 20488 28672 33152 33536 41472 49216 57344 65728 98368 98432 133121 134144 139265 140288
1 7 4101 4108 9728 12289 16408 16432 16480 20488 28672 33152 33536 41472 57344 65728 81984 98432 114688 133121 134144 139265 140288
1 7 4101 4108 9728 12289 16408 16432 16480 20488 28672 33536 41472 49216 57344 65728 65920 98368 98560 133121 134144 139265 140288
1 7 4101 4108 9728 12289 16408 16432 16480 20488 28672 33536 41472 57344 65728 65920 81984 98560 114688 133121 134144 139265 140288
1 7 4101 4108 9728 12289 16408 16432 16480 20488 28672 41472 49216 57344 65728 65920 66304 98368 98816 133121 134144 139265 140288
1 7 4101 4108 9728 12289 16408 16432 16480 20488 28672 41472 57344 65728 65920 66304 81984 98816 114688 133121 134144 139265 140288
1 7 4101 4108 9728 12289 16408 16432 16480 20488 28672 49216 57344 65728 65920 66304 74240 98368 106496 133121 134144 139265 140288
1 7 4101 4108 9728 12289 16408 16432 16480 20488 28672 57344 65728 65920 66304 74240 81984 106496 114688 133121 134144 139265 140288
1 7 4101 4108 9728 12289 16408 16432 16480 28672 32960 33152 33536 41472 49216 57344 67585 68608 73729 74752 135176 147464 151552
1 7 4101 4108 9728 12289 16408 16432 20488 28672 32864 32960 33152 49184 57344 66304 74240 98560 106496 133121 134144 139265 140288
1 7 4101 4108 9728 12289 16408 16432 20488 28672 32864 32960 49184 57344 65920 66304 74240 98432 106496 133121 134144 139265 140288
1 7 4101 4108 9728 12289 16408 16432 20488 28672 32864 49184 57344 65728 65920 66304 74240 98368 106496 133121 134144 139265 140288
1 7 4101 4108 9728 12289 16408 16432 20488 28672 32960 33152 33536 41472 49216 57344 67585 68608 73729 74752 131168 147488 147520
1 7 4101 4108 9728 12289 16408 16432 20488 28672 32960 33152 33536 41472 57344 65632 81952 98368 114688 133121 134144 139265 140288
1 7 4101 4108 9728 12289 16408 16432 20488 28672 33152 33536 41472 57344 65632 65728 81952 98432 114688 133121 134144 139265 140288
1 7 4101 4108 9728 12289 16408 16432 20488 28672 33536 41472 57344 65632 65728 65920 81952 98560 114688 133121 134144 139265 140288
1 7 4101 4108 9728 12289 16408 16480 20488 28672 32960 33152 33536 41472 49216 57344 67585 68608 73729 74752 131120 147472 147488
1 7 4101 4108 9728 12289 16408 20488 28672 32816 32864 32960 49168 57344 65920 66304 74240 98432 106496 133121 134144 139265 140288
1 7 4101 4108 9728 12289 16408 20488 28672 32816 32864 49168 57344 65728 65920 66304 74240 98368 106496 133121 134144 139265 140288
1 7 4101 4108 9728 12289 16408 20488 28672 32960 33152 33536 41472 49216 57344 67585 68608 73729 74752 131120 131168 147472 147520
1 7 4101 4108 9728 12289 16408 20488 28672 32960 33152 33536 41472 57344 65584 65632 81936 98368 114688 133121 134144 139265 140288
1 7 4101 4108 9728 12289 16408 20488 28672 33152 33536 41472 57344 65584 65632 65728 81936 98432 114688 133121 134144 139265 140288
1 7 4101 4108 9728 12289 16432 16480 16576 28672 33152 33536 41472 49280 57344 67585 68608 73729 74752 131096 135176 147472 151552
1 7 4101 4108 9728 12289 16432 16480 20488 28672 32960 33152 33536 41472 49216 57344 67585 68608 73729 74752 131096 147464 147472
1 7 4101 4108 9728 12289 16432 16480 28672 32960 33152 33536 41472 49216 57344 67585 68608 73729 74752 131096 135176 147472 151552
1 7 4101 4108 9728 12289 16480 16576 16768 28672 33536 41472 49408 57344 67585 68608 73729 74752 131096 131120 135176 147488 151552
1 7 4101 4108 9728 12289 16480 16576 28672 33152 33536 41472 49280 57344 67585 68608 73729 74752 131096 131120 135176 147488 151552
1 7 4101 4108 9728 12289 16480 20488 28672 32960 33152 33536 41472 49216 57344 67585 68608 73729 74752 131096 131120 147464 147488
1 7 4101 4108 9728 12289 16480 28672 32960 33152 33536 41472 49216 57344 67585 68608 73729 74752 131096 131120 135176 147488 151552
1 7 4101 4108 9728 12289 16576 16768 17152 25088 28672 32792 32816 32864 36872 49216 53248 67585 68608 74752 139265 196609 204800
1 7 4101 4108 9728 12289 16576 16768 17152 25088 28672 32792 32816 32864 36872 49216 53248 67585 73729 74752 134144 197632 198656
1 7 4101 4108 9728 12289 16576 16768 17152 25088 28672 32792 32816 32864 36872 49216 53248 68608 73729 74752 133121 196609 198656
1 7 4101 4108 9728 12289 16576 16768 17152 25088 28672 32792 32816 32864 36872 49216 53248 68608 74752 75776 133121 139265 141312
1 7 4101 4108 9728 12289 16576 16768 17152 25088 28672 32792 32816 32864 36872 49216 53248 68608 74752 133121 139265 198656 204800
1 7 4101 4108 9728 12289 16576 16768 17152 25088 28672 32792 32816 32864 36872 49216 53248 73729 74752 133121 134144 196609 197632
1 7 4101 4108 9728 12289 16576 16768 17152 25088 28672 32792 32816 32864 36872 49216 53248 74752 133121 134144 139265 197632 204800
1 7 4101 4108 9728 12289 16576 16768 17152 25088 28672 32792 32816 32864 36872 49216 86016 102400 114688 133121 134144 139265 140288
1 7 4101 4108 9728 12289 16576 16768 17152 25088 28672 32792 32816 32864 49216 53248 69640 98312 102400 133121 134144 139265 140288
1 7 4101 4108 9728 12289 16576 16768 17152 25088 28672 32792 32816 32864 49216 69640 86016 98312 114688 133121 134144 139265 140288
1 7 4101 4108 9728 12289 16576 16768 17152 25088 28672 32792 32816 36872 49216 53248 65632 98336 98368 133121 134144 139265 140288
1 7 4101 4108 9728 12289 16576 16768 17152 25088 28672 32792 32864 36872 49216 53248 65584 98320 98336 133121 134144 139265 140288
1 7 4101 4108 9728 12289 16576 16768 17152 25088 28672 32792 36872 49216 53248 65584 65632 98320 98368 133121 134144 139265 140288
1 7 4101 4108 9728 12289 16576 16768 17152 25088 28672 32816 32864 36872 49216 53248 65560 98312 98320 133121 134144 139265 140288
1 7 4101 4108 9728 12289 16576 16768 17152 25088 28672 32816 32864 49216 53248 65560 69640 98320 102400 133121 134144 139265 140288
1 7 4101 4108 9728 12289 16576 16768 17152 25088 28672 32816 32864 49216 65560 69640 86016 98320 114688 133121 134144 139265 140288
1 7 4101 4108 9728 12289 16576 16768 17152 25088 28672 32864 36872 49216 53248 65560 65584 98312 98336 133121 134144 139265 140288
1 7 4101 4108 9728 12289 16576 16768 17152 25088 28672 32864 49216 53248 65560 65584 69640 98336 102400 133121 134144 139265 140288
1 7 4101 4108 9728 12289 16576 16768 17152 25088 28672 32864 49216 65560 65584 69640 86016 98336 114688 133121 134144 139265 140288
1 7 4101 4108 9728 12289 16576 16768 17152 25088 28672 36872 49216 53248 65560 65584 65632 98312 98368 133121 134144 139265 140288
1 7 4101 4108 9728 12289 16576 16768 17152 25088 28672 49216 53248 65560 65584 65632 69640 98368 102400 133121 134144 139265 140288
1 7 4101 4108 9728 12289 16576 16768 17152 25088 28672 49216 65560 65584 65632 69640 86016 98368 114688 133121 134144 139265 140288
1 7 4101 4108 9728 12289 16576 16768 17152 28672 41472 49664 57344 67585 68608 73729 74752 131096 131120 131168 135176 147520 151552
1 7 4101 4108 9728 12289 16576 16768 25088 28672 33536 49408 49664 65560 65584 65632 69640 81984 86016 133121 134144 139265 140288
1 7 4101 4108 9728 12289 16576 16768 28672 33536 41472 49408 57344 67585 68608 73729 74752 131096 131120 131168 135176 147520 151552
1 7 4101 4108 9728 12289 16576 17152 25088 28672 33152 49280 49408 65560 65584 65632 69640 81984 86016 133121 134144 139265 140288
1 7 4101 4108 9728 12289 16576 25088 28672 33152 33536 49280 49664 65560 65584 65632 69640 81984 86016 133121 134144 139265 140288
1 7 4101 4108 9728 12289 16576 28672 33152 33536 41472 49280 57344 67585 68608 73729 74752 131096 131120 131168 135176 147520 151552
1 7 4101 4108 9728 12289 16768 17152 25088 28672 32816 32864 32960 49280 53248 65560 69640 98320 102400 133121 134144 139265 140288
1 7 4101 4108 9728 12289 16768 17152 25088 28672 32816 32864 32960 49280 65560 69640 86016 98320 114688 133121 134144 139265 140288
1 7 4101 4108 9728 12289 16768 17152 25088 28672 32864 32960 49280 53248 65560 65584 69640 98336 102400 133121 134144 139265 140288
1 7 4101 4108 9728 12289 16768 17152 25088 28672 32864 32960 49280 65560 65584 69640 86016 98336 114688 133121 134144 139265 140288
1 7 4101 4108 9728 12289 16768 17152 25088 28672 32960 49216 49280 65560 65584 65632 69640 81984 86016 133121 134144 139265 140288
1 7 4101 4108 9728 12289 16768 17152 25088 28672 32960 49280 53248 65560 65584 65632 69640 98368 102400 133121 134144 139265 140288
1 7 4101 4108 9728 12289 16768 17152 25088 28672 32960 49280 65560 65584 65632 69640 86016 98368 114688 133121 134144 139265 140288
1 7 4101 4108 9728 12289 17152 25088 28672 32864 32960 33152 49408 53248 65560 65584 69640 98336 102400 133121 134144 139265 140288
1 7 4101 4108 9728 12289 17152 25088 28672 32864 32960 33152 49408 65560 65584 69640 86016 98336 114688 133121 134144 139265 140288
1 7 4101 4108 9728 12289 17152 25088 28672 32960 33152 49216 49408 65560 65584 65632 69640 81984 86016 133121 134144 139265 140288
1 7 4101 4108 9728 12289 17152 25088 28672 32960 33152 49408 53248 65560 65584 65632 69640 98368 102400 133121 134144 139265 140288
1 7 4101 4108 9728 12289 17152 25088 28672 32960 33152 49408 65560 65584 65632 69640 86016 98368 114688 133121 134144 139265 140288
1 7 4101 4108 9728 12289 20488 28672 32792 32816 32864 49160 57344 65728 65920 66304 74240 98368 106496 133121 134144 139265 140288
1 7 4101 4108 9728 12289 20488 28672 32960 33152 33536 41472 49216 57344 67585 68608 73729 74752 131096 131120 131168 147464 147520
1 7 4101 4108 9728 12289 20488 28672 32960 33152 33536 41472 57344 65560 65584 65632 81928 98368 114688 133121 134144 139265 140288
1 7 4101 4108 9728 12289 25088 28672 32960 33152 33536 49216 49664 65560 65584 65632 69640 81984 86016 133121 134144 139265 140288
1 7 4101 4108 9728 12289 25088 28672 32960 33152 33536 49664 53248 65560 65584 65632 69640 98368 102400 133121 134144 139265 140288
1 7 4101 4108 9728 12289 25088 28672 32960 33152 33536 49664 65560 65584 65632 69640 86016 98368 114688 133121 134144 139265 140288
1 7 4101 4108 9728 12289 28672 32792 32816 32864 36872 53248 57344 65728 65920 66304 74240 98368 106496 133121 134144 139265 140288
1 7 4101 4108 9728 12289 28672 32960 33152 33536 41472 49216 57344 67585 68608 73729 74752 131096 131120 131168 135176 147520 151552
1 7 4101 4108 9728 12289 28672 32960 33152 33536 41472 53248 57344 65560 65584 65632 69640 98368 102400 133121 134144 139265 140288
1 7 4101 4108 9728 12289 28672 32960 33152 33536 41472 57344 65560 65584 65632 69640 86016 98368 114688 133121 134144 139265 140288
1 7 4101 4108 10241 11264 12289 16408 16432 16480 20488 28672 32960 33152 33536 41472 49216 57344 67072 74240 140288 197632 204800
1 7 4101 4108 10241 11264 12289 16408 16432 16480 20488 28672 32960 33152 33536 41472 49216 57344 74240 74752 132608 197120 197632
1 7 4101 4108 10241 11264 12289 16408 16432 16480 20488 28672 32960 33152 33536 41472 49216 57344 74240 132608 140288 197120 204800
1 7 4101 4108 10241 11264 12289 16408 16432 16480 20488 28672 32960 33152 33536 41472 57344 81984 98368 114688 132608 139776 140288
1 7 4101 4108 10241 11264 12289 16408 16432 16480 20488 28672 32960 33152 33536 49216 57344 67072 74752 98816 172032 204800 229376
1 7 4101 4108 10241 11264 12289 16408 16432 16480 20488 28672 32960 33152 33536 49216 57344 67072 98816 106496 140288 197632 204800
1 7 4101 4108 10241 11264 12289 16408 16432 16480 20488 28672 32960 33152 33536 49216 57344 67072 98816 140288 172032 197632 229376
1 7 4101 4108 10241 11264 12289 16408 16432 16480 20488 28672 32960 33152 33536 49216 57344 74240 98816 106496 132608 139776 140288
1 7 4101 4108 10241 11264 12289 16408 16432 16480 20488 28672 32960 33152 33536 49216 57344 74752 98816 106496 132608 197120 197632
1 7 4101 4108 10241 11264 12289 16408 16432 16480 20488 28672 32960 33152 33536 49216 57344 98816 106496 132608 140288 197120 204800
1 7 4101 4108 10241 11264 12289 16408 16432 16480 20488 28672 32960 33152 33536 49216 57344 98816 132608 140288 172032 197120 229376
1 7 4101 4108 10241 11264 12289 16408 16432 16480 20488 28672 32960 33152 33536 57344 81984 98368 114688 132608 140288 164352 172032
1 7 4101 4108 10241 11264 12289 16408 16432 16480 20488 28672 32960 33152 41472 49216 57344 66304 98560 98816 132608 139776 140288
1 7 4101 4108 10241 11264 12289 16408 16432 16480 20488 28672 32960 33152 49216 57344 66304 67072 74752 98560 172032 204800 229376
1 7 4101 4108 10241 11264 12289 16408 16432 16480 20488 28672 32960 33152 49216 57344 66304 67072 98560 106496 140288 197632 204800
1 7 4101 4108 10241 11264 12289 16408 16432 16480 20488 28672 32960 33152 49216 57344 66304 67072 98560 140288 172032 197632 229376
1 7 4101 4108 10241 11264 12289 16408 16432 16480 20488 28672 32960 33152 49216 57344 66304 74240 98560 106496 132608 139776 140288
1 7 4101 4108 10241 11264 12289 16408 16432 16480 20488 28672 32960 33152 49216 57344 66304 74752 98560 106496 132608 197120 197632
1 7 4101 4108 10241 11264 12289 16408 16432 16480 20488 28672 32960 33152 49216 57344 66304 98560 98816 132608 140288 164352 172032
1 7 4101 4108 10241 11264 12289 16408 16432 16480 20488 28672 32960 33152 49216 57344 66304 98560 106496 132608 140288 197120 204800
1 7 4101 4108 10241 11264 12289 16408 16432 16480 20488 28672 32960 33152 49216 57344 66304 98560 132608 140288 172032 197120 229376
1 7 4101 4108 10241 11264 12289 16408 16432 16480 20488 28672 32960 33152 49216 57344 67072 74752 98560 106496 131840 196864 197120
1 7 4101 4108 10241 11264 12289 16408 16432 16480 20488 28672 32960 33152 49216 57344 74752 98560 106496 131840 132608 196864 197632
1 7 4101 4108 10241 11264 12289 16408 16432 16480 20488 28672 32960 33152 49216 57344 98560 106496 131840 132608 140288 196864 204800
1 7 4101 4108 10241 11264 12289 16408 16432 16480 20488 28672 32960 33152 49216 57344 98560 131840 132608 140288 172032 196864 229376
1 7 4101 4108 10241 11264 12289 16408 16432 16480 20488 28672 32960 33152 57344 81984 98368 114688 131840 132608 140288 164096 172032
1 7 4101 4108 10241 11264 12289 16408 16432 16480 20488 28672 32960 33536 41472 49216 57344 65920 98432 98560 132608 139776 140288
1 7 4101 4108 10241 11264 12289 16408 16432 16480 20488 28672 32960 33536 49216 57344 65920 98432 98560 132608 140288 164352 172032
1 7 4101 4108 10241 11264 12289 16408 16432 16480 20488 28672 32960 41472 49216 57344 65920 66304 98432 98816 132608 139776 140288
1 7 4101 4108 10241 11264 12289 16408 16432 16480 20488 28672 32960 49216 57344 65920 66304 74240 98432 106496 132608 139776 140288
1 7 4101 4108 10241 11264 12289 16408 16432 16480 20488 28672 32960 49216 57344 65920 66304 98432 98816 132608 140288 164352 172032
1 7 4101 4108 10241 11264 12289 16408 16432 16480 20488 28672 32960 49216 57344 65920 66304 98432 106496 132608 140288 197120 204800
1 7 4101 4108 10241 11264 12289 16408 16432 16480 20488 28672 32960 49216 57344 65920 66304 98432 132608 140288 172032 197120 229376
1 7 4101 4108 10241 11264 12289 16408 16432 16480 20488 28672 32960 49216 57344 65920 98432 98560 131840 132608 140288 164096 172032
1 7 4101 4108 10241 11264 12289 16408 16432 16480 20488 28672 32960 49216 57344 65920 98432 106496 131840 132608 140288 196864 204800
1 7 4101 4108 10241 11264 12289 16408 16432 16480 20488 28672 32960 49216 57344 65920 98432 131840 132608 140288 172032 196864 229376
1 7 4101 4108 10241 11264 12289 16408 16432 16480 20488 28672 33152 33536 41472 49216 57344 65728 98368 98432 132608 139776 140288
1 7 4101 4108 10241 11264 12289 16408 16432 16480 20488 28672 33152 33536 41472 57344 65728 81984 98432 114688 132608 139776 140288
1 7 4101 4108 10241 11264 12289 16408 16432 16480 20488 28672 33152 33536 49216 57344 65728 98368 98432 132608 140288 164352 172032
1 7 4101 4108 10241 11264 12289 16408 16432 16480 20488 28672 33152 33536 57344 65728 81984 98432 114688 132608 140288 164352 172032
1 7 4101 4108 10241 11264 12289 16408 16432 16480 20488 28672 33152 49216 57344 65728 98368 98432 131840 132608 140288 164096 172032
1 7 4101 4108 10241 11264 12289 16408 16432 16480 20488 28672 33152 57344 65728 81984 98432 114688 131840 132608 140288 164096 172032
1 7 4101 4108 10241 11264 12289 16408 16432 16480 20488 28672 33536 34304 41984 57344 65728 65920 81984 114688 164096 196864 229376
1 7 4101 4108 10241 11264 12289 16408 16432 16480 20488 28672 33536 34304 41984 57344 65728 65920 98560 114688 147520 196672 212992
1 7 4101 4108 10241 11264 12289 16408 16432 16480 20488 28672 33536 34304 41984 57344 65728 81984 98560 114688 131456 196736 196864
1 7 4101 4108 10241 11264 12289 16408 16432 16480 20488 28672 33536 34304 41984 57344 65728 81984 114688 131456 164096 196736 229376
1 7 4101 4108 10241 11264 12289 16408 16432 16480 20488 28672 33536 34304 41984 57344 65920 81984 98560 114688 131264 196672 196736
1 7 4101 4108 10241 11264 12289 16408 16432 16480 20488 28672 33536 34304 41984 57344 65920 98560 114688 131264 147520 196736 212992
1 7 4101 4108 10241 11264 12289 16408 16432 16480 20488 28672 33536 34304 41984 57344 81984 98560 114688 131264 131456 196672 196864
1 7 4101 4108 10241 11264 12289 16408 16432 16480 20488 28672 33536 34304 41984 57344 81984 114688 131264 131456 164096 196672 229376
1 7 4101 4108 10241 11264 12289 16408 16432 16480 20488 28672 33536 34304 41984 57344 98560 114688 131264 131456 147520 196864 212992
1 7 4101 4108 10241 11264 12289 16408 16432 16480 20488 28672 33536 34304 41984 57344 114688 131264 131456 147520 164096 212992 229376
1 7 4101 4108 10241 11264 12289 16408 16432 16480 20488 28672 33536 34304 57344 65728 65920 81984 98560 114688 140288 164864 172032
1 7 4101 4108 10241 11264 12289 16408 16432 16480 20488 28672 33536 41472 49216 57344 65728 65920 98368 98560 132608 139776 140288
1 7 4101 4108 10241 11264 12289 16408 16432 16480 20488 28672 33536 41472 57344 65728 65920 81984 98560 114688 132608 139776 140288
1 7 4101 4108 10241 11264 12289 16408 16432 16480 20488 28672 33536 41984 57344 65728 65920 81984 98560 114688 132608 164352 164864
1 7 4101 4108 10241 11264 12289 16408 16432 16480 20488 28672 33536 49216 57344 65728 65920 98368 98560 132608 140288 164352 172032
1 7 4101 4108 10241 11264 12289 16408 16432 16480 20488 28672 33536 57344 65728 65920 81984 98560 114688 132608 140288 164352 172032
1 7 4101 4108 10241 11264 12289 16408 16432 16480 20488 28672 34304 41984 57344 65728 65920 66304 81984 114688 164352 197120 229376
1 7 4101 4108 10241 11264 12289 16408 16432 16480 20488 28672 34304 41984 57344 65728 65920 66304 98816 114688 147520 196672 212992
1 7 4101 4108 10241 11264 12289 16408 16432 16480 20488 28672 34304 41984 57344 65728 65920 81984 98560 114688 131840 164096 164352
1 7 4101 4108 10241 11264 12289 16408 16432 16480 20488 28672 34304 41984 57344 65728 65920 81984 98816 114688 131840 196864 197120
1 7 4101 4108 10241 11264 12289 16408 16432 16480 20488 28672 34304 41984 57344 65728 65920 81984 114688 131840 164352 196864 229376
1 7 4101 4108 10241 11264 12289 16408 16432 16480 20488 28672 34304 41984 57344 65728 66304 81984 98816 114688 131456 196736 196864
1 7 4101 4108 10241 11264 12289 16408 16432 16480 20488 28672 34304 41984 57344 65728 81984 98816 114688 131456 131840 196736 197120
1 7 4101 4108 10241 11264 12289 16408 16432 16480 20488 28672 34304 41984 57344 65728 81984 114688 131456 131840 164352 196736 229376
1 7 4101 4108 10241 11264 12289 16408 16432 16480 20488 28672 34304 41984 57344 65920 66304 81984 98816 114688 131264 196672 196736
1 7 4101 4108 10241 11264 12289 16408 16432 16480 20488 28672 34304 41984 57344 65920 66304 98816 114688 131264 147520 196736 212992
1 7 4101 4108 10241 11264 12289 16408 16432 16480 20488 28672 34304 41984 57344 66304 81984 98816 114688 131264 131456 196672 196864
1 7 4101 4108 10241 11264 12289 16408 16432 16480 20488 28672 34304 41984 57344 66304 98816 114688 131264 131456 147520 196864 212992
1 7 4101 4108 10241 11264 12289 16408 16432 16480 20488 28672 34304 41984 57344 81984 98816 114688 131264 131456 131840 196672 197120
1 7 4101 4108 10241 11264 12289 16408 16432 16480 20488 28672 34304 41984 57344 81984 114688 131264 131456 131840 164352 196672 229376
1 7 4101 4108 10241 11264 12289 16408 16432 16480 20488 28672 34304 41984 57344 98816 114688 131264 131456 131840 147520 197120 212992
1 7 4101 4108 10241 11264 12289 16408 16432 16480 20488 28672 34304 41984 57344 114688 131264 131456 131840 147520 164352 212992 229376
1 7 4101 4108 10241 11264 12289 16408 16432 16480 20488 28672 34304 57344 65728 65920 66304 81984 98816 114688 140288 164864 172032
1 7 4101 4108 10241 11264 12289 16408 16432 16480 20488 28672 41472 49216 57344 65728 65920 66304 98368 98816 132608 139776 140288
1 7 4101 4108 10241 11264 12289 16408 16432 16480 20488 28672 41472 57344 65728 65920 66304 81984 98816 114688 132608 139776 140288
1 7 4101 4108 10241 11264 12289 16408 16432 16480 20488 28672 41984 57344 65728 65920 66304 81984 98816 114688 132608 164352 164864
1 7 4101 4108 10241 11264 12289 16408 16432 16480 20488 28672 41984 57344 65728 65920 66304 81984 114688 132608 164864 197120 229376
1 7 4101 4108 10241 11264 12289 16408 16432 16480 20488 28672 41984 57344 65728 65920 81984 98560 114688 131840 132608 164096 164864
1 7 4101 4108 10241 11264 12289 16408 16432 16480 20488 28672 41984 57344 65728 65920 81984 114688 131840 132608 164864 196864 229376
1 7 4101 4108 10241 11264 12289 16408 16432 16480 20488 28672 41984 57344 66304 67072 99328 114688 131264 131456 147520 196864 212992
1 7 4101 4108 10241 11264 12289 16408 16432 16480 20488 28672 41984 57344 67072 99328 114688 131264 131456 131840 147520 197120 212992
1 7 4101 4108 10241 11264 12289 16408 16432 16480 20488 28672 49216 57344 65728 65920 66304 74240 98368 106496 132608 139776 140288
1 7 4101 4108 10241 11264 12289 16408 16432 16480 20488 28672 49216 57344 65728 65920 66304 98368 98816 132608 140288 164352 172032
1 7 4101 4108 10241 11264 12289 16408 16432 16480 20488 28672 49216 57344 65728 65920 66304 98368 106496 132608 140288 197120 204800
1 7 4101 4108 10241 11264 12289 16408 16432 16480 20488 28672 49216 57344 65728 65920 66304 98368 132608 140288 172032 197120 229376
1 7 4101 4108 10241 11264 12289 16408 16432 16480 20488 28672 49216 57344 65728 65920 98368 98560 131840 132608 140288 164096 172032
1 7 4101 4108 10241 11264 12289 16408 16432 16480 20488 28672 49216 57344 65728 65920 98368 106496 131840 132608 140288 196864 204800
1 7 4101 4108 10241 11264 12289 16408 16432 16480 20488 28672 49216 57344 65728 65920 98368 131840 132608 140288 172032 196864 229376
1 7 4101 4108 10241 11264 12289 16408 16432 16480 20488 28672 57344 65728 65920 66304 74240 81984 106496 114688 132608 139776 140288
1 7 4101 4108 10241 11264 12289 16408 16432 16480 20488 28672 57344 65728 65920 66304 81984 98816 114688 132608 140288 164352 172032
1 7 4101 4108 10241 11264 12289 16408 16432 16480 20488 28672 57344 65728 65920 66304 81984 106496 114688 132608 140288 197120 204800
1 7 4101 4108 10241 11264 12289 16408 16432 16480 20488 28672 57344 65728 65920 66304 81984 114688 132608 140288 172032 197120 229376
1 7 4101 4108 10241 11264 12289 16408 16432 16480 20488 28672 57344 65728 65920 81984 98560 114688 131840 132608 140288 164096 172032
1 7 4101 4108 10241 11264 12289 16408 16432 16480 20488 28672 57344 65728 65920 81984 106496 114688 131840 132608 140288 196864 204800
1 7 4101 4108 10241 11264 12289 16408 16432 16480 20488 28672 57344 65728 65920 81984 114688 131840 132608 140288 172032 196864 229376
1 7 4101 4108 10241 11264 12289 16408 16432 16480 20488 28672 57344 66304 67072 74752 106496 114688 131264 131456 147520 196864 212992
1 7 4101 4108 10241 11264 12289 16408 16432 16480 20488 28672 57344 67072 74752 106496 114688 131264 131456 131840 147520 197120 212992
1 7 4101 4108 10241 11264 12289 16408 16432 16480 28672 32960 33152 33536 41472 49216 57344 67072 74240 74752 135176 147464 151552
1 7 4101 4108 10241 11264 12289 16408 16432 16480 28672 32960 33152 33536 49216 57344 67072 74752 98816 106496 135176 147464 151552
1 7 4101 4108 10241 11264 12289 16408 16432 16480 28672 32960 33152 49216 57344 66304 67072 74752 98560 106496 135176 147464 151552
1 7 4101 4108 10241 11264 12289 16408 16432 16480 28672 33536 34304 41984 57344 65728 65920 81984 98560 114688 135176 147464 151552
1 7 4101 4108 10241 11264 12289 16408 16432 16480 28672 34304 41984 57344 65728 65920 66304 81984 98816 114688 135176 147464 151552
1 7 4101 4108 10241 11264 12289 16408 16432 20488 28672 32864 32960 33152 49184 57344 66304 67072 74752 98560 172032 204800 229376
1 7 4101 4108 10241 11264 12289 16408 16432 20488 28672 32864 32960 33152 49184 57344 66304 67072 98560 106496 140288 197632 204800
1 7 4101 4108 10241 11264 12289 16408 16432 20488 28672 32864 32960 33152 49184 57344 66304 67072 98560 140288 172032 197632 229376
1 7 4101 4108 10241 11264 12289 16408 16432 20488 28672 32864 32960 33152 49184 57344 66304 74240 98560 106496 132608 139776 140288
1 7 4101 4108 10241 11264 12289 16408 16432 20488 28672 32864 32960 33152 49184 57344 66304 74752 98560 106496 132608 197120 197632
1 7 4101 4108 10241 11264 12289 16408 16432 20488 28672 32864 32960 33152 49184 57344 66304 98560 106496 132608 140288 197120 204800
1 7 4101 4108 10241 11264 12289 16408 16432 20488 28672 32864 32960 33152 49184 57344 66304 98560 132608 140288 172032 197120 229376
1 7 4101 4108 10241 11264 12289 16408 16432 20488 28672 32864 32960 33152 49184 57344 67072 74752 98560 106496 131840 196864 197120
1 7 4101 4108 10241 11264 12289 16408 16432 20488 28672 32864 32960 33152 49184 57344 74752 98560 106496 131840 132608 196864 197632
1 7 4101 4108 10241 11264 12289 16408 16432 20488 28672 32864 32960 33152 49184 57344 98560 106496 131840 132608 140288 196864 204800
1 7 4101 4108 10241 11264 12289 16408 16432 20488 28672 32864 32960 33152 49184 57344 98560 131840 132608 140288 172032 196864 229376
1 7 4101 4108 10241 11264 12289 16408 16432 20488 28672 32864 32960 33152 57344 81952 98336 114688 131840 132608 140288 164096 172032
1 7 4101 4108 10241 11264 12289 16408 16432 20488 28672 32864 32960 49184 57344 65920 66304 67072 74752 98432 172032 204800 229376
1 7 4101 4108 10241 11264 12289 16408 16432 20488 28672 32864 32960 49184 57344 65920 66304 67072 98432 106496 140288 197632 204800
1 7 4101 4108 10241 11264 12289 16408 16432 20488 28672 32864 32960 49184 57344 65920 66304 67072 98432 140288 172032 197632 229376
1 7 4101 4108 10241 11264 12289 16408 16432 20488 28672 32864 32960 49184 57344 65920 66304 74240 98432 106496 132608 139776 140288
1 7 4101 4108 10241 11264 12289 16408 16432 20488 28672 32864 32960 49184 57344 65920 66304 74752 98432 106496 132608 197120 197632
1 7 4101 4108 10241 11264 12289 16408 16432 20488 28672 32864 32960 49184 57344 65920 66304 98432 106496 132608 140288 197120 204800
1 7 4101 4108 10241 11264 12289 16408 16432 20488 28672 32864 32960 49184 57344 65920 66304 98432 132608 140288 172032 197120 229376
1 7 4101 4108 10241 11264 12289 16408 16432 20488 28672 32864 32960 49184 57344 65920 67072 74752 98432 106496 131840 196864 197120
1 7 4101 4108 10241 11264 12289 16408 16432 20488 28672 32864 32960 49184 57344 65920 74752 98432 106496 131840 132608 196864 197632
1 7 4101 4108 10241 11264 12289 16408 16432 20488 28672 32864 32960 49184 57344 65920 98432 98560 131840 132608 140288 164096 172032
1 7 4101 4108 10241 11264 12289 16408 16432 20488 28672 32864 32960 49184 57344 65920 98432 106496 131840 132608 140288 196864 204800
1 7 4101 4108 10241 11264 12289 16408 16432 20488 28672 32864 32960 49184 57344 65920 98432 131840 132608 140288 172032 196864 229376
1 7 4101 4108 10241 11264 12289 16408 16432 20488 28672 32864 32960 49184 57344 66304 67072 74752 98432 106496 131456 196736 196864
1 7 4101 4108 10241 11264 12289 16408 16432 20488 28672 32864 32960 49184 57344 67072 74752 98432 106496 131456 131840 196736 197120
1 7 4101 4108 10241 11264 12289 16408 16432 20488 28672 32864 32960 49184 57344 74752 98432 106496 131456 131840 132608 196736 197632
1 7 4101 4108 10241 11264 12289 16408 16432 20488 28672 32864 32960 49184 57344 98432 106496 131456 131840 132608 140288 196736 204800
1 7 4101 4108 10241 11264 12289 16408 16432 20488 28672 32864 32960 49184 57344 98432 131456 131840 132608 140288 172032 196736 229376
1 7 4101 4108 10241 11264 12289 16408 16432 20488 28672 32864 32960 57344 81952 98336 114688 131456 131840 132608 140288 163968 172032
1 7 4101 4108 10241 11264 12289 16408 16432 20488 28672 32864 33152 49184 57344 65728 98368 98432 131840 132608 140288 164096 172032
1 7 4101 4108 10241 11264 12289 16408 16432 20488 28672 32864 49184 57344 65728 65920 66304 74240 98368 106496 132608 139776 140288
1 7 4101 4108 10241 11264 12289 16408 16432 20488 28672 32864 49184 57344 65728 65920 66304 98368 106496 132608 140288 197120 204800
1 7 4101 4108 10241 11264 12289 16408 16432 20488 28672 32864 49184 57344 65728 65920 66304 98368 132608 140288 172032 197120 229376
1 7 4101 4108 10241 11264 12289 16408 16432 20488 28672 32864 49184 57344 65728 65920 98368 98560 131840 132608 140288 164096 172032
1 7 4101 4108 10241 11264 12289 16408 16432 20488 28672 32864 49184 57344 65728 65920 98368 106496 131840 132608 140288 196864 204800
1 7 4101 4108 10241 11264 12289 16408 16432 20488 28672 32864 49184 57344 65728 65920 98368 131840 132608 140288 172032 196864 229376
1 7 4101 4108 10241 11264 12289 16408 16432 20488 28672 32864 49184 57344 65728 98368 98432 131456 131840 132608 140288 163968 172032
1 7 4101 4108 10241 11264 12289 16408 16432 20488 28672 32864 49184 57344 65728 98368 106496 131456 131840 132608 140288 196736 204800
1 7 4101 4108 10241 11264 12289 16408 16432 20488 28672 32864 49184 57344 65728 98368 131456 131840 132608 140288 172032 196736 229376
1 7 4101 4108 10241 11264 12289 16408 16432 20488 28672 32960 33152 33536 41472 49216 57344 67072 74240 74752 131168 147488 147520
1 7 4101 4108 10241 11264 12289 16408 16432 20488 28672 32960 33152 33536 41472 57344 65632 81952 98368 114688 132608 139776 140288
1 7 4101 4108 10241 11264 12289 16408 16432 20488 28672 32960 33152 33536 49216 57344 67072 74752 98816 106496 131168 147488 147520
1 7 4101 4108 10241 11264 12289 16408 16432 20488 28672 32960 33152 33536 57344 65632 81952 98368 114688 132608 140288 164352 172032
1 7 4101 4108 10241 11264 12289 16408 16432 20488 28672 32960 33152 49184 57344 65632 98336 98368 131840 132608 140288 164096 172032
1 7 4101 4108 10241 11264 12289 16408 16432 20488 28672 32960 33152 49216 57344 66304 67072 74752 98560 106496 131168 147488 147520
1 7 4101 4108 10241 11264 12289 16408 16432 20488 28672 32960 33152 57344 65632 81952 98368 114688 131840 132608 140288 164096 172032
1 7 4101 4108 10241 11264 12289 16408 16432 20488 28672 32960 49184 57344 65632 98336 98368 131456 131840 132608 140288 163968 172032
1 7 4101 4108 10241 11264 12289 16408 16432 20488 28672 32960 57344 65632 81952 98368 114688 131456 131840 132608 140288 163968 172032
1 7 4101 4108 10241 11264 12289 16408 16432 20488 28672 33152 33536 34304 41984 57344 65632 65728 81952 114688 163968 196736 229376
1 7 4101 4108 10241 11264 12289 16408 16432 20488 28672 33152 33536 34304 41984 57344 65632 65728 98432 114688 147488 196640 212992
1 7 4101 4108 10241 11264 12289 16408 16432 20488 28672 33152 33536 34304 41984 57344 65632 81952 98432 114688 131264 196672 196736
1 7 4101 4108 10241 11264 12289 16408 16432 20488 28672 33152 33536 34304 41984 57344 65632 81952 114688 131264 163968 196672 229376
1 7 4101 4108 10241 11264 12289 16408 16432 20488 28672 33152 33536 34304 41984 57344 65728 81952 98432 114688 131168 196640 196672
1 7 4101 4108 10241 11264 12289 16408 16432 20488 28672 33152 33536 34304 41984 57344 65728 98432 114688 131168 147488 196672 212992
1 7 4101 4108 10241 11264 12289 16408 16432 20488 28672 33152 33536 34304 41984 57344 81952 98432 114688 131168 131264 196640 196736
1 7 4101 4108 10241 11264 12289 16408 16432 20488 28672 33152 33536 34304 41984 57344 81952 114688 131168 131264 163968 196640 229376
1 7 4101 4108 10241 11264 12289 16408 16432 20488 28672 33152 33536 34304 41984 57344 98432 114688 131168 131264 147488 196736 212992
1 7 4101 4108 10241 11264 12289 16408 16432 20488 28672 33152 33536 34304 41984 57344 114688 131168 131264 147488 163968 212992 229376
1 7 4101 4108 10241 11264 12289 16408 16432 20488 28672 33152 33536 34304 57344 65632 65728 81952 98432 114688 140288 164864 172032
1 7 4101 4108 10241 11264 12289 16408 16432 20488 28672 33152 33536 41472 57344 65632 65728 81952 98432 114688 132608 139776 140288
1 7 4101 4108 10241 11264 12289 16408 16432 20488 28672 33152 33536 41984 57344 65632 65728 81952 98432 114688 132608 164352 164864
1 7 4101 4108 10241 11264 12289 16408 16432 20488 28672 33152 33536 57344 65632 65728 81952 98432 114688 132608 140288 164352 172032
1 7 4101 4108 10241 11264 12289 16408 16432 20488 28672 33152 34304 41984 57344 65632 65728 81952 98432 114688 131840 164096 164352
1 7 4101 4108 10241 11264 12289 16408 16432 20488 28672 33152 41984 57344 65632 65728 81952 98432 114688 131840 132608 164096 164864
1 7 4101 4108 10241 11264 12289 16408 16432 20488 28672 33152 49184 57344 65632 65728 98336 98432 131840 132608 140288 164096 172032
1 7 4101 4108 10241 11264 12289 16408 16432 20488 28672 33152 57344 65632 65728 81952 98432 114688 131840 132608 140288 164096 172032
1 7 4101 4108 10241 11264 12289 16408 16432 20488 28672 33536 34304 41984 57344 65632 65728 65920 81952 114688 164096 196864 229376
1 7 4101 4108 10241 11264 12289 16408 16432 20488 28672 33536 34304 41984 57344 65632 65728 65920 98560 114688 147488 196640 212992
1 7 4101 4108 10241 11264 12289 16408 16432 20488 28672 33536 34304 41984 57344 65632 65728 81952 98432 114688 131456 163968 164096
1 7 4101 4108 10241 11264 12289 16408 16432 20488 28672 33536 34304 41984 57344 65632 65728 81952 98560 114688 131456 196736 196864
1 7 4101 4108 10241 11264 12289 16408 16432 20488 28672 33536 34304 41984 57344 65632 65728 81952 114688 131456 164096 196736 229376
1 7 4101 4108 10241 11264 12289 16408 16432 20488 28672 33536 34304 41984 57344 65632 65920 81952 98560 114688 131264 196672 196736
1 7 4101 4108 10241 11264 12289 16408 16432 20488 28672 33536 34304 41984 57344 65632 81952 98560 114688 131264 131456 196672 196864
1 7 4101 4108 10241 11264 12289 16408 16432 20488 28672 33536 34304 41984 57344 65632 81952 114688 131264 131456 164096 196672 229376
1 7 4101 4108 10241 11264 12289 16408 16432 20488 28672 33536 34304 41984 57344 65728 65920 81952 98560 114688 131168 196640 196672
1 7 4101 4108 10241 11264 12289 16408 16432 20488 28672 33536 34304 41984 57344 65728 65920 81984 98560 114688 131168 147488 147520
1 7 4101 4108 10241 11264 12289 16408 16432 20488 28672 33536 34304 41984 57344 65728 65920 98560 114688 131168 147488 196672 212992
1 7 4101 4108 10241 11264 12289 16408 16432 20488 28672 33536 34304 41984 57344 65920 81952 98560 114688 131168 131264 196640 196736
1 7 4101 4108 10241 11264 12289 16408 16432 20488 28672 33536 34304 41984 57344 65920 98560 114688 131168 131264 147488 196736 212992
1 7 4101 4108 10241 11264 12289 16408 16432 20488 28672 33536 34304 41984 57344 81952 98560 114688 131168 131264 131456 196640 196864
1 7 4101 4108 10241 11264 12289 16408 16432 20488 28672 33536 34304 41984 57344 81952 114688 131168 131264 131456 164096 196640 229376
1 7 4101 4108 10241 11264 12289 16408 16432 20488 28672 33536 34304 41984 57344 98560 114688 131168 131264 131456 147488 196864 212992
1 7 4101 4108 10241 11264 12289 16408 16432 20488 28672 33536 34304 41984 57344 114688 131168 131264 131456 147488 164096 212992 229376
1 7 4101 4108 10241 11264 12289 16408 16432 20488 28672 33536 34304 57344 65632 65728 65920 81952 98560 114688 140288 164864 172032
1 7 4101 4108 10241 11264 12289 16408 16432 20488 28672 33536 41472 57344 65632 65728 65920 81952 98560 114688 132608 139776 140288
1 7 4101 4108 10241 11264 12289 16408 16432 20488 28672 33536 41984 57344 65632 65728 65920 81952 98560 114688 132608 164352 164864
1 7 4101 4108 10241 11264 12289 16408 16432 20488 28672 33536 57344 65632 65728 65920 81952 98560 114688 132608 140288 164352 172032
1 7 4101 4108 10241 11264 12289 16408 16432 20488 28672 34304 41984 57344 65632 65728 65920 81952 98560 114688 131840 164096 164352
1 7 4101 4108 10241 11264 12289 16408 16432 20488 28672 34304 41984 57344 65632 65728 65920 81952 114688 131840 164352 196864 229376
1 7 4101 4108 10241 11264 12289 16408 16432 20488 28672 34304 41984 57344 65632 65728 81952 98432 114688 131456 131840 163968 164352
1 7 4101 4108 10241 11264 12289 16408 16432 20488 28672 34304 41984 57344 65632 65728 81952 114688 131456 131840 164352 196736 229376
1 7 4101 4108 10241 11264 12289 16408 16432 20488 28672 34304 41984 57344 65632 81952 114688 131264 131456 131840 164352 196672 229376
1 7 4101 4108 10241 11264 12289 16408 16432 20488 28672 34304 41984 57344 65728 65920 66304 81984 98816 114688 131168 147488 147520
1 7 4101 4108 10241 11264 12289 16408 16432 20488 28672 34304 41984 57344 65728 65920 66304 98816 114688 131168 147488 196672 212992
1 7 4101 4108 10241 11264 12289 16408 16432 20488 28672 34304 41984 57344 65920 66304 98816 114688 131168 131264 147488 196736 212992
1 7 4101 4108 10241 11264 12289 16408 16432 20488 28672 34304 41984 57344 66304 98816 114688 131168 131264 131456 147488 196864 212992
1 7 4101 4108 10241 11264 12289 16408 16432 20488 28672 41984 57344 65632 65728 65920 81952 98560 114688 131840 132608 164096 164864
1 7 4101 4108 10241 11264 12289 16408 16432 20488 28672 41984 57344 65632 65728 65920 81952 114688 131840 132608 164864 196864 229376
1 7 4101 4108 10241 11264 12289 16408 16432 20488 28672 41984 57344 65632 65728 81952 98432 114688 131456 131840 132608 163968 164864
1 7 4101 4108 10241 11264 12289 16408 16432 20488 28672 41984 57344 65632 65728 81952 114688 131456 131840 132608 164864 196736 229376
1 7 4101 4108 10241 11264 12289 16408 16432 20488 28672 41984 57344 65920 66304 67072 99328 114688 131168 131264 147488 196736 212992
1 7 4101 4108 10241 11264 12289 16408 16432 20488 28672 41984 57344 66304 67072 99328 114688 131168 131264 131456 147488 196864 212992
1 7 4101 4108 10241 11264 12289 16408 16432 20488 28672 49184 57344 65632 65728 65920 98336 98560 131840 132608 140288 164096 172032
1 7 4101 4108 10241 11264 12289 16408 16432 20488 28672 49184 57344 65632 65728 65920 98336 106496 131840 132608 140288 196864 204800
1 7 4101 4108 10241 11264 12289 16408 16432 20488 28672 49184 57344 65632 65728 65920 98336 131840 132608 140288 172032 196864 229376
1 7 4101 4108 10241 11264 12289 16408 16432 20488 28672 49184 57344 65632 65728 98336 98432 131456 131840 132608 140288 163968 172032
1 7 4101 4108 10241 11264 12289 16408 16432 20488 28672 49184 57344 65632 65728 98336 106496 131456 131840 132608 140288 196736 204800
1 7 4101 4108 10241 11264 12289 16408 16432 20488 28672 49184 57344 65632 65728 98336 131456 131840 132608 140288 172032 196736 229376
1 7 4101 4108 10241 11264 12289 16408 16432 20488 28672 57344 65632 65728 65920 81952 98560 114688 131840 132608 140288 164096 172032
1 7 4101 4108 10241 11264 12289 16408 16432 20488 28672 57344 65632 65728 65920 81952 106496 114688 131840 132608 140288 196864 204800
1 7 4101 4108 10241 11264 12289 16408 16432 20488 28672 57344 65632 65728 65920 81952 114688 131840 132608 140288 172032 196864 229376
1 7 4101 4108 10241 11264 12289 16408 16432 20488 28672 57344 65632 65728 81952 98432 114688 131456 131840 132608 140288 163968 172032
1 7 4101 4108 10241 11264 12289 16408 16432 20488 28672 57344 65632 65728 81952 106496 114688 131456 131840 132608 140288 196736 204800
1 7 4101 4108 10241 11264 12289 16408 16432 20488 28672 57344 65632 65728 81952 114688 131456 131840 132608 140288 172032 196736 229376
1 7 4101 4108 10241 11264 12289 16408 16432 20488 28672 57344 65920 66304 67072 74752 106496 114688 131168 131264 147488 196736 212992
1 7 4101 4108 10241 11264 12289 16408 16432 20488 28672 57344 66304 67072 74752 106496 114688 131168 131264 131456 147488 196864 212992
1 7 4101 4108 10241 11264 12289 16408 16432 28672 32864 32960 33152 49184 57344 66304 67072 74752 98560 106496 135176 147464 151552
1 7 4101 4108 10241 11264 12289 16408 16432 28672 32864 32960 49184 57344 65920 66304 67072 74752 98432 106496 135176 147464 151552
1 7 4101 4108 10241 11264 12289 16408 16432 28672 33152 33536 34304 41984 57344 65632 65728 81952 98432 114688 135176 147464 151552
1 7 4101 4108 10241 11264 12289 16408 16432 28672 33536 34304 41984 57344 65632 65728 65920 81952 98560 114688 135176 147464 151552
1 7 4101 4108 10241 11264 12289 16408 16480 20488 28672 32960 33152 33536 41472 49216 57344 67072 74240 74752 131120 147472 147488
1 7 4101 4108 10241 11264 12289 16408 16480 20488 28672 32960 33152 33536 49216 57344 67072 74752 98816 106496 131120 147472 147488
1 7 4101 4108 10241 11264 12289 16408 16480 20488 28672 32960 33152 49216 57344 66304 67072 74752 98560 106496 131120 147472 147488
1 7 4101 4108 10241 11264 12289 16408 16480 20488 28672 33536 34304 41984 57344 65728 65920 81984 98560 114688 131120 147472 147488
1 7 4101 4108 10241 11264 12289 16408 16480 20488 28672 34304 41984 57344 65728 65920 66304 81984 98816 114688 131120 147472 147488
1 7 4101 4108 10241 11264 12289 16408 20488 28672 32816 32864 32960 49168 57344 65920 66304 67072 74752 98432 172032 204800 229376
1 7 4101 4108 10241 11264 12289 16408 20488 28672 32816 32864 32960 49168 57344 65920 66304 67072 98432 106496 140288 197632 204800
1 7 4101 4108 10241 11264 12289 16408 20488 28672 32816 32864 32960 49168 57344 65920 66304 67072 98432 140288 172032 197632 229376
1 7 4101 4108 10241 11264 12289 16408 20488 28672 32816 32864 32960 49168 57344 65920 66304 74240 98432 106496 132608 139776 140288
1 7 4101 4108 10241 11264 12289 16408 20488 28672 32816 32864 32960 49168 57344 65920 66304 74752 98432 106496 132608 197120 197632
1 7 4101 4108 10241 11264 12289 16408 20488 28672 32816 32864 32960 49168 57344 65920 66304 98432 106496 132608 140288 197120 204800
1 7 4101 4108 10241 11264 12289 16408 20488 28672 32816 32864 32960 49168 57344 65920 66304 98432 132608 140288 172032 197120 229376
1 7 4101 4108 10241 11264 12289 16408 20488 28672 32816 32864 32960 49168 57344 65920 67072 74752 98432 106496 131840 196864 197120
1 7 4101 4108 10241 11264 12289 16408 20488 28672 32816 32864 32960 49168 57344 65920 74752 98432 106496 131840 132608 196864 197632
1 7 4101 4108 10241 11264 12289 16408 20488 28672 32816 32864 32960 49168 57344 65920 98432 106496 131840 132608 140288 196864 204800
1 7 4101 4108 10241 11264 12289 16408 20488 28672 32816 32864 32960 49168 57344 65920 98432 131840 132608 140288 172032 196864 229376
1 7 4101 4108 10241 11264 12289 16408 20488 28672 32816 32864 32960 49168 57344 66304 67072 74752 98432 106496 131456 196736 196864
1 7 4101 4108 10241 11264 12289 16408 20488 28672 32816 32864 32960 49168 57344 67072 74752 98432 106496 131456 131840 196736 197120
1 7 4101 4108 10241 11264 12289 16408 20488 28672 32816 32864 32960 49168 57344 74752 98432 106496 131456 131840 132608 196736 197632
1 7 4101 4108 10241 11264 12289 16408 20488 28672 32816 32864 32960 49168 57344 98432 106496 131456 131840 132608 140288 196736 204800
1 7 4101 4108 10241 11264 12289 16408 20488 28672 32816 32864 32960 49168 57344 98432 131456 131840 132608 140288 172032 196736 229376
1 7 4101 4108 10241 11264 12289 16408 20488 28672 32816 32864 32960 57344 81936 98320 114688 131456 131840 132608 140288 163968 172032
1 7 4101 4108 10241 11264 12289 16408 20488 28672 32816 32864 49168 57344 65728 65920 66304 74240 98368 106496 132608 139776 140288
1 7 4101 4108 10241 11264 12289 16408 20488 28672 32816 32864 49168 57344 65728 65920 66304 98368 106496 132608 140288 197120 204800
1 7 4101 4108 10241 11264 12289 16408 20488 28672 32816 32864 49168 57344 65728 65920 66304 98368 132608 140288 172032 197120 229376
1 7 4101 4108 10241 11264 12289 16408 20488 28672 32816 32864 49168 57344 65728 65920 98368 106496 131840 132608 140288 196864 204800
1 7 4101 4108 10241 11264 12289 16408 20488 28672 32816 32864 49168 57344 65728 65920 98368 131840 132608 140288 172032 196864 229376
1 7 4101 4108 10241 11264 12289 16408 20488 28672 32816 32864 49168 57344 65728 98368 98432 131456 131840 132608 140288 163968 172032
1 7 4101 4108 10241 11264 12289 16408 20488 28672 32816 32864 49168 57344 65728 98368 106496 131456 131840 132608 140288 196736 204800
1 7 4101 4108 10241 11264 12289 16408 20488 28672 32816 32864 49168 57344 65728 98368 131456 131840 132608 140288 172032 196736 229376
1 7 4101 4108 10241 11264 12289 16408 20488 28672 32816 32960 49168 57344 65632 98336 98368 131456 131840 132608 140288 163968 172032
1 7 4101 4108 10241 11264 12289 16408 20488 28672 32816 49168 57344 65632 65728 65920 98336 106496 131840 132608 140288 196864 204800
1 7 4101 4108 10241 11264 12289 16408 20488 28672 32816 49168 57344 65632 65728 65920 98336 131840 132608 140288 172032 196864 229376
1 7 4101 4108 10241 11264 12289 16408 20488 28672 32816 49168 57344 65632 65728 98336 98432 131456 131840 132608 140288 163968 172032
1 7 4101 4108 10241 11264 12289 16408 20488 28672 32816 49168 57344 65632 65728 98336 106496 131456 131840 132608 140288 196736 204800
1 7 4101 4108 10241 11264 12289 16408 20488 28672 32816 49168 57344 65632 65728 98336 131456 131840 132608 140288 172032 196736 229376
1 7 4101 4108 10241 11264 12289 16408 20488 28672 32864 32960 33152 49184 57344 66304 67072 74752 98560 106496 131120 147472 147488
1 7 4101 4108 10241 11264 12289 16408 20488 28672 32864 32960 33152 57344 65584 81936 98336 114688 131840 132608 140288 164096 172032
1 7 4101 4108 10241 11264 12289 16408 20488 28672 32864 32960 49168 57344 65584 98320 98336 131456 131840 132608 140288 163968 172032
1 7 4101 4108 10241 11264 12289 16408 20488 28672 32864 32960 49184 57344 65920 66304 67072 74752 98432 106496 131120 147472 147488
1 7 4101 4108 10241 11264 12289 16408 20488 28672 32864 32960 57344 65584 81936 98336 114688 131456 131840 132608 140288 163968 172032
1 7 4101 4108 10241 11264 12289 16408 20488 28672 32960 33152 33536 41472 49216 57344 67072 74240 74752 131120 131168 147472 147520
1 7 4101 4108 10241 11264 12289 16408 20488 28672 32960 33152 33536 41472 57344 65584 65632 81936 98368 114688 132608 139776 140288
1 7 4101 4108 10241 11264 12289 16408 20488 28672 32960 33152 33536 49216 57344 67072 74752 98816 106496 131120 131168 147472 147520
1 7 4101 4108 10241 11264 12289 16408 20488 28672 32960 33152 33536 57344 65584 65632 81936 98368 114688 132608 140288 164352 172032
1 7 4101 4108 10241 11264 12289 16408 20488 28672 32960 33152 49216 57344 66304 67072 74752 98560 106496 131120 131168 147472 147520
1 7 4101 4108 10241 11264 12289 16408 20488 28672 32960 33152 57344 65584 65632 81936 98368 114688 131840 132608 140288 164096 172032
1 7 4101 4108 10241 11264 12289 16408 20488 28672 32960 49168 57344 65584 65632 98320 98368 131456 131840 132608 140288 163968 172032
1 7 4101 4108 10241 11264 12289 16408 20488 28672 32960 57344 65584 65632 81936 98368 114688 131456 131840 132608 140288 163968 172032
1 7 4101 4108 10241 11264 12289 16408 20488 28672 33152 33536 34304 41984 57344 65584 65632 65728 81936 114688 163968 196736 229376
1 7 4101 4108 10241 11264 12289 16408 20488 28672 33152 33536 34304 41984 57344 65584 65632 65728 98432 114688 147472 196624 212992
1 7 4101 4108 10241 11264 12289 16408 20488 28672 33152 33536 34304 41984 57344 65584 65632 81936 98432 114688 131264 196672 196736
1 7 4101 4108 10241 11264 12289 16408 20488 28672 33152 33536 34304 41984 57344 65584 65632 81936 114688 131264 163968 196672 229376
1 7 4101 4108 10241 11264 12289 16408 20488 28672 33152 33536 34304 41984 57344 65584 65728 81936 98432 114688 131168 196640 196672
1 7 4101 4108 10241 11264 12289 16408 20488 28672 33152 33536 34304 41984 57344 65584 81936 98432 114688 131168 131264 196640 196736
1 7 4101 4108 10241 11264 12289 16408 20488 28672 33152 33536 34304 41984 57344 65584 81936 114688 131168 131264 163968 196640 229376
1 7 4101 4108 10241 11264 12289 16408 20488 28672 33152 33536 34304 41984 57344 65632 65728 81936 98432 114688 131120 196624 196640
1 7 4101 4108 10241 11264 12289 16408 20488 28672 33152 33536 34304 41984 57344 65632 65728 81952 98432 114688 131120 147472 147488
1 7 4101 4108 10241 11264 12289 16408 20488 28672 33152 33536 34304 41984 57344 65632 65728 98432 114688 131120 147472 196640 212992
1 7 4101 4108 10241 11264 12289 16408 20488 28672 33152 33536 34304 41984 57344 65728 81936 98432 114688 131120 131168 196624 196672
1 7 4101 4108 10241 11264 12289 16408 20488 28672 33152 33536 34304 41984 57344 65728 98432 114688 131120 131168 147472 196672 212992
1 7 4101 4108 10241 11264 12289 16408 20488 28672 33152 33536 34304 41984 57344 81936 98432 114688 131120 131168 131264 196624 196736
1 7 4101 4108 10241 11264 12289 16408 20488 28672 33152 33536 34304 41984 57344 81936 114688 131120 131168 131264 163968 196624 229376
1 7 4101 4108 10241 11264 12289 16408 20488 28672 33152 33536 34304 41984 57344 98432 114688 131120 131168 131264 147472 196736 212992
1 7 4101 4108 10241 11264 12289 16408 20488 28672 33152 33536 34304 41984 57344 114688 131120 131168 131264 147472 163968 212992 229376
1 7 4101 4108 10241 11264 12289 16408 20488 28672 33152 33536 34304 57344 65584 65632 65728 81936 98432 114688 140288 164864 172032
1 7 4101 4108 10241 11264 12289 16408 20488 28672 33152 33536 41472 57344 65584 65632 65728 81936 98432 114688 132608 139776 140288
1 7 4101 4108 10241 11264 12289 16408 20488 28672 33152 33536 41984 57344 65584 65632 65728 81936 98432 114688 132608 164352 164864
1 7 4101 4108 10241 11264 12289 16408 20488 28672 33152 33536 57344 65584 65632 65728 81936 98432 114688 132608 140288 164352 172032
1 7 4101 4108 10241 11264 12289 16408 20488 28672 33152 34304 41984 57344 65584 65632 65728 81936 98432 114688 131840 164096 164352
1 7 4101 4108 10241 11264 12289 16408 20488 28672 33152 41984 57344 65584 65632 65728 81936 98432 114688 131840 132608 164096 164864
1 7 4101 4108 10241 11264 12289 16408 20488 28672 33152 57344 65584 65632 65728 81936 98432 114688 131840 132608 140288 164096 172032
1 7 4101 4108 10241 11264 12289 16408 20488 28672 33536 34304 41984 57344 65584 65632 65728 81936 98432 114688 131456 163968 164096
1 7 4101 4108 10241 11264 12289 16408 20488 28672 33536 34304 41984 57344 65584 65632 65728 81936 114688 131456 164096 196736 229376
1 7 4101 4108 10241 11264 12289 16408 20488 28672 33536 34304 41984 57344 65584 65632 81936 114688 131264 131456 164096 196672 229376
1 7 4101 4108 10241 11264 12289 16408 20488 28672 33536 34304 41984 57344 65584 81936 114688 131168 131264 131456 164096 196640 229376
1 7 4101 4108 10241 11264 12289 16408 20488 28672 33536 34304 41984 57344 65632 65728 65920 81952 98560 114688 131120 147472 147488
1 7 4101 4108 10241 11264 12289 16408 20488 28672 33536 34304 41984 57344 65632 65728 65920 98560 114688 131120 147472 196640 212992
1 7 4101 4108 10241 11264 12289 16408 20488 28672 33536 34304 41984 57344 65728 65920 81984 98560 114688 131120 131168 147472 147520
1 7 4101 4108 10241 11264 12289 16408 20488 28672 33536 34304 41984 57344 65728 65920 98560 114688 131120 131168 147472 196672 212992
1 7 4101 4108 10241 11264 12289 16408 20488 28672 33536 34304 41984 57344 65920 98560 114688 131120 131168 131264 147472 196736 212992
1 7 4101 4108 10241 11264 12289 16408 20488 28672 34304 41984 57344 65584 65632 65728 81936 98432 114688 131456 131840 163968 164352
1 7 4101 4108 10241 11264 12289 16408 20488 28672 34304 41984 57344 65584 65632 65728 81936 114688 131456 131840 164352 196736 229376
1 7 4101 4108 10241 11264 12289 16408 20488 28672 34304 41984 57344 65584 65632 81936 114688 131264 131456 131840 164352 196672 229376
1 7 4101 4108 10241 11264 12289 16408 20488 28672 34304 41984 57344 65728 65920 66304 81984 98816 114688 131120 131168 147472 147520
1 7 4101 4108 10241 11264 12289 16408 20488 28672 34304 41984 57344 65728 65920 66304 98816 114688 131120 131168 147472 196672 212992
1 7 4101 4108 10241 11264 12289 16408 20488 28672 34304 41984 57344 65920 66304 98816 114688 131120 131168 131264 147472 196736 212992
1 7 4101 4108 10241 11264 12289 16408 20488 28672 41984 57344 65584 65632 65728 81936 98432 114688 131456 131840 132608 163968 164864
1 7 4101 4108 10241 11264 12289 16408 20488 28672 41984 57344 65584 65632 65728 81936 114688 131456 131840 132608 164864 196736 229376
1 7 4101 4108 10241 11264 12289 16408 20488 28672 41984 57344 65920 66304 67072 99328 114688 131120 131168 131264 147472 196736 212992
1 7 4101 4108 10241 11264 12289 16408 20488 28672 49168 57344 65584 65632 65728 98320 98432 131456 131840 132608 140288 163968 172032
1 7 4101 4108 10241 11264 12289 16408 20488 28672 49168 57344 65584 65632 65728 98320 106496 131456 131840 132608 140288 196736 204800
1 7 4101 4108 10241 11264 12289 16408 20488 28672 49168 57344 65584 65632 65728 98320 131456 131840 132608 140288 172032 196736 229376
1 7 4101 4108 10241 11264 12289 16408 20488 28672 57344 65584 65632 65728 81936 98432 114688 131456 131840 132608 140288 163968 172032
1 7 4101 4108 10241 11264 12289 16408 20488 28672 57344 65584 65632 65728 81936 106496 114688 131456 131840 132608 140288 196736 204800
1 7 4101 4108 10241 11264 12289 16408 20488 28672 57344 65584 65632 65728 81936 114688 131456 131840 132608 140288 172032 196736 229376
1 7 4101 4108 10241 11264 12289 16408 20488 28672 57344 65920 66304 67072 74752 106496 114688 131120 131168 131264 147472 196736 212992
1 7 4101 4108 10241 11264 12289 16408 28672 32816 32864 32960 49168 57344 65920 66304 67072 74752 98432 106496 135176 147464 151552
1 7 4101 4108 10241 11264 12289 16408 28672 33152 33536 34304 41984 57344 65584 65632 65728 81936 98432 114688 135176 147464 151552
1 7 4101 4108 10241 11264 12289 16432 16480 16576 28672 33152 33536 34304 41984 49280 57344 65560 69640 81936 151552 200704 212992
1 7 4101 4108 10241 11264 12289 16432 16480 16576 28672 33152 33536 34304 41984 49280 57344 65560 81936 86016 135176 196616 200704
1 7 4101 4108 10241 11264 12289 16432 16480 16576 28672 33152 33536 34304 41984 49280 57344 65560 81936 135176 151552 196616 212992
1 7 4101 4108 10241 11264 12289 16432 16480 16576 28672 33152 33536 34304 41984 49280 57344 69640 81936 86016 131096 196616 196624
1 7 4101 4108 10241 11264 12289 16432 16480 16576 28672 33152 33536 34304 41984 49280 57344 81936 86016 131096 135176 196624 200704
1 7 4101 4108 10241 11264 12289 16432 16480 16576 28672 33152 33536 34304 41984 49280 57344 81936 131096 135176 151552 196624 212992
1 7 4101 4108 10241 11264 12289 16432 16480 16576 28672 33152 33536 34304 41984 57344 82048 98432 114688 131096 135176 147472 151552
1 7 4101 4108 10241 11264 12289 16432 16480 16576 28672 33152 33536 34304 49280 57344 74752 99328 106496 131096 135176 147472 151552
1 7 4101 4108 10241 11264 12289 16432 16480 16576 28672 33152 33536 41472 49280 57344 67072 74240 74752 131096 135176 147472 151552
1 7 4101 4108 10241 11264 12289 16432 16480 16576 28672 33152 33536 41984 49280 57344 67072 98816 99328 131096 135176 147472 151552
1 7 4101 4108 10241 11264 12289 16432 16480 16576 28672 33152 33536 49280 57344 67072 74752 98816 106496 131096 135176 147472 151552
1 7 4101 4108 10241 11264 12289 16432 16480 16576 28672 33152 34304 41984 49280 57344 66304 98560 98816 131096 135176 147472 151552
1 7 4101 4108 10241 11264 12289 16432 16480 16576 28672 33152 41984 49280 57344 66304 67072 98560 99328 131096 135176 147472 151552
1 7 4101 4108 10241 11264 12289 16432 16480 16576 28672 33152 49280 57344 66304 67072 74752 98560 106496 131096 135176 147472 151552
1 7 4101 4108 10241 11264 12289 16432 16480 16576 28672 33536 34304 41984 49280 57344 65920 98432 98560 131096 135176 147472 151552
1 7 4101 4108 10241 11264 12289 16432 16480 16576 28672 33536 34304 41984 57344 65920 82048 98560 114688 131096 135176 147472 151552
1 7 4101 4108 10241 11264 12289 16432 16480 16576 28672 34304 41984 49280 57344 65920 66304 98432 98816 131096 135176 147472 151552
1 7 4101 4108 10241 11264 12289 16432 16480 16576 28672 34304 41984 57344 65920 66304 82048 98816 114688 131096 135176 147472 151552
1 7 4101 4108 10241 11264 12289 16432 16480 16576 28672 41984 49280 57344 65920 66304 67072 98432 99328 131096 135176 147472 151552
1 7 4101 4108 10241 11264 12289 16432 16480 16576 28672 41984 57344 65920 66304 67072 82048 99328 114688 131096 135176 147472 151552
1 7 4101 4108 10241 11264 12289 16432 16480 16576 28672 49280 57344 65920 66304 67072 74752 98432 106496 131096 135176 147472 151552
1 7 4101 4108 10241 11264 12289 16432 16480 16576 28672 57344 65920 66304 67072 74752 82048 106496 114688 131096 135176 147472 151552
1 7 4101 4108 10241 11264 12289 16432 16480 20488 28672 32960 33152 33536 41472 49216 57344 67072 74240 74752 131096 147464 147472
1 7 4101 4108 10241 11264 12289 16432 16480 20488 28672 32960 33152 33536 49216 57344 67072 74752 98816 106496 131096 147464 147472
1 7 4101 4108 10241 11264 12289 16432 16480 20488 28672 32960 33152 49216 57344 66304 67072 74752 98560 106496 131096 147464 147472
1 7 4101 4108 10241 11264 12289 16432 16480 20488 28672 33536 34304 41984 57344 65728 65920 81984 98560 114688 131096 147464 147472
1 7 4101 4108 10241 11264 12289 16432 16480 20488 28672 34304 41984 57344 65728 65920 66304 81984 98816 114688 131096 147464 147472
1 7 4101 4108 10241 11264 12289 16432 16480 28672 32960 33152 33536 41472 49216 57344 67072 74240 74752 131096 135176 147472 151552
1 7 4101 4108 10241 11264 12289 16432 16480 28672 32960 33152 33536 49216 57344 67072 74752 98816 106496 131096 135176 147472 151552
1 7 4101 4108 10241 11264 12289 16432 16480 28672 32960 33152 49216 57344 66304 67072 74752 98560 106496 131096 135176 147472 151552
1 7 4101 4108 10241 11264 12289 16432 16480 28672 32960 49216 57344 65920 66304 67072 74752 98432 106496 131096 135176 147472 151552
1 7 4101 4108 10241 11264 12289 16432 16480 28672 33152 33536 34304 41984 49280 57344 65728 81984 82048 131096 135176 147472 151552
1 7 4101 4108 10241 11264 12289 16432 16480 28672 33152 33536 34304 41984 57344 65728 81984 98432 114688 131096 135176 147472 151552
1 7 4101 4108 10241 11264 12289 16432 16480 28672 33536 34304 41984 57344 65728 65920 81984 98560 114688 131096 135176 147472 151552
1 7 4101 4108 10241 11264 12289 16432 16480 28672 34304 41984 57344 65728 65920 66304 81984 98816 114688 131096 135176 147472 151552
1 7 4101 4108 10241 11264 12289 16432 16576 28672 33152 33536 34304 41984 49280 57344 65632 81952 81984 131096 135176 147472 151552
1 7 4101 4108 10241 11264 12289 16432 20488 28672 32864 32960 33152 49184 57344 66304 67072 74752 98560 106496 131096 147464 147472
1 7 4101 4108 10241 11264 12289 16432 20488 28672 32864 32960 49184 57344 65920 66304 67072 74752 98432 106496 131096 147464 147472
1 7 4101 4108 10241 11264 12289 16432 20488 28672 33152 33536 34304 41984 57344 65632 65728 81952 98432 114688 131096 147464 147472
1 7 4101 4108 10241 11264 12289 16432 20488 28672 33536 34304 41984 57344 65632 65728 65920 81952 98560 114688 131096 147464 147472
1 7 4101 4108 10241 11264 12289 16432 28672 32864 32960 33152 49184 57344 66304 67072 74752 98560 106496 131096 135176 147472 151552
1 7 4101 4108 10241 11264 12289 16432 28672 32864 32960 49184 57344 65920 66304 67072 74752 98432 106496 131096 135176 147472 151552
1 7 4101 4108 10241 11264 12289 16432 28672 33152 33536 34304 41984 49280 57344 65632 65728 81952 82048 131096 135176 147472 151552
1 7 4101 4108 10241 11264 12289 16432 28672 33152 33536 34304 41984 57344 65632 65728 81952 98432 114688 131096 135176 147472 151552
1 7 4101 4108 10241 11264 12289 16432 28672 33536 34304 41984 57344 65632 65728 65920 81952 98560 114688 131096 135176 147472 151552
1 7 4101 4108 10241 11264 12289 16480 16576 16768 28672 33536 34304 41984 49408 57344 65560 65584 69640 81952 151552 200704 212992
1 7 4101 4108 10241 11264 12289 16480 16576 16768 28672 33536 34304 41984 49408 57344 65560 65584 81952 86016 135176 196616 200704
1 7 4101 4108 10241 11264 12289 16480 16576 16768 28672 33536 34304 41984 49408 57344 65560 65584 81952 135176 151552 196616 212992
1 7 4101 4108 10241 11264 12289 16480 16576 16768 28672 33536 34304 41984 49408 57344 65560 69640 81952 86016 131120 196624 196640
1 7 4101 4108 10241 11264 12289 16480 16576 16768 28672 33536 34304 41984 49408 57344 65584 69640 81952 86016 131096 196616 196624
1 7 4101 4108 10241 11264 12289 16480 16576 16768 28672 33536 34304 41984 49408 57344 65584 81952 86016 131096 135176 196624 200704
1 7 4101 4108 10241 11264 12289 16480 16576 16768 28672 33536 34304 41984 49408 57344 65584 81952 131096 135176 151552 196624 212992
1 7 4101 4108 10241 11264 12289 16480 16576 16768 28672 33536 34304 41984 49408 57344 69640 81952 86016 131096 131120 196616 196640
1 7 4101 4108 10241 11264 12289 16480 16576 16768 28672 33536 34304 41984 49408 57344 81952 86016 131096 131120 135176 196640 200704
1 7 4101 4108 10241 11264 12289 16480 16576 16768 28672 33536 34304 41984 49408 57344 81952 131096 131120 135176 151552 196640 212992
1 7 4101 4108 10241 11264 12289 16480 16576 16768 28672 33536 34304 41984 57344 82176 98560 114688 131096 131120 135176 147488 151552
1 7 4101 4108 10241 11264 12289 16480 16576 16768 28672 33536 34304 49408 57344 74752 99328 106496 131096 131120 135176 147488 151552
1 7 4101 4108 10241 11264 12289 16480 16576 16768 28672 33536 41472 49408 57344 67072 74240 74752 131096 131120 135176 147488 151552
1 7 4101 4108 10241 11264 12289 16480 16576 16768 28672 33536 41984 49408 57344 67072 98816 99328 131096 131120 135176 147488 151552
1 7 4101 4108 10241 11264 12289 16480 16576 16768 28672 33536 49408 57344 67072 74752 98816 106496 131096 131120 135176 147488 151552
1 7 4101 4108 10241 11264 12289 16480 16576 16768 28672 34304 41984 49408 57344 66304 98560 98816 131096 131120 135176 147488 151552
1 7 4101 4108 10241 11264 12289 16480 16576 16768 28672 34304 41984 57344 66304 82176 98816 114688 131096 131120 135176 147488 151552
1 7 4101 4108 10241 11264 12289 16480 16576 16768 28672 41984 49408 57344 66304 67072 98560 99328 131096 131120 135176 147488 151552
1 7 4101 4108 10241 11264 12289 16480 16576 16768 28672 41984 57344 66304 67072 82176 99328 114688 131096 131120 135176 147488 151552
1 7 4101 4108 10241 11264 12289 16480 16576 16768 28672 49408 57344 66304 67072 74752 98560 106496 131096 131120 135176 147488 151552
1 7 4101 4108 10241 11264 12289 16480 16576 16768 28672 57344 66304 67072 74752 82176 106496 114688 131096 131120 135176 147488 151552
1 7 4101 4108 10241 11264 12289 16480 16576 28672 33152 33536 34304 41984 49280 57344 65560 65584 69640 81952 151552 200704 212992
1 7 4101 4108 10241 11264 12289 16480 16576 28672 33152 33536 34304 41984 49280 57344 65560 65584 81952 86016 135176 196616 200704
1 7 4101 4108 10241 11264 12289 16480 16576 28672 33152 33536 34304 41984 49280 57344 65560 65584 81952 135176 151552 196616 212992
1 7 4101 4108 10241 11264 12289 16480 16576 28672 33152 33536 34304 41984 49280 57344 65560 69640 81952 86016 131120 196624 196640
1 7 4101 4108 10241 11264 12289 16480 16576 28672 33152 33536 34304 41984 49280 57344 65584 69640 81952 86016 131096 196616 196624
1 7 4101 4108 10241 11264 12289 16480 16576 28672 33152 33536 34304 41984 49280 57344 65584 81936 81952 131096 135176 147472 151552
1 7 4101 4108 10241 11264 12289 16480 16576 28672 33152 33536 34304 41984 49280 57344 65584 81952 86016 131096 135176 196624 200704
1 7 4101 4108 10241 11264 12289 16480 16576 28672 33152 33536 34304 41984 49280 57344 65584 81952 131096 135176 151552 196624 212992
1 7 4101 4108 10241 11264 12289 16480 16576 28672 33152 33536 34304 41984 49280 57344 69640 81952 86016 131096 131120 196616 196640
1 7 4101 4108 10241 11264 12289 16480 16576 28672 33152 33536 34304 41984 49280 57344 81952 86016 131096 131120 135176 196640 200704
1 7 4101 4108 10241 11264 12289 16480 16576 28672 33152 33536 34304 41984 49280 57344 81952 131096 131120 135176 151552 196640 212992
1 7 4101 4108 10241 11264 12289 16480 16576 28672 33152 33536 34304 41984 57344 82048 98432 114688 131096 131120 135176 147488 151552
1 7 4101 4108 10241 11264 12289 16480 16576 28672 33152 33536 34304 49280 57344 74752 99328 106496 131096 131120 135176 147488 151552
1 7 4101 4108 10241 11264 12289 16480 16576 28672 33152 33536 41472 49280 57344 67072 74240 74752 131096 131120 135176 147488 151552
1 7 4101 4108 10241 11264 12289 16480 16576 28672 33152 33536 41984 49280 57344 67072 98816 99328 131096 131120 135176 147488 151552
1 7 4101 4108 10241 11264 12289 16480 16576 28672 33152 33536 49280 57344 67072 74752 98816 106496 131096 131120 135176 147488 151552
1 7 4101 4108 10241 11264 12289 16480 16576 28672 33152 34304 41984 49280 57344 66304 98560 98816 131096 131120 135176 147488 151552
1 7 4101 4108 10241 11264 12289 16480 16576 28672 33152 41984 49280 57344 66304 67072 98560 99328 131096 131120 135176 147488 151552
1 7 4101 4108 10241 11264 12289 16480 16576 28672 33152 49280 57344 66304 67072 74752 98560 106496 131096 131120 135176 147488 151552
1 7 4101 4108 10241 11264 12289 16480 16576 28672 33536 34304 41984 49280 57344 65920 98432 98560 131096 131120 135176 147488 151552
1 7 4101 4108 10241 11264 12289 16480 16576 28672 33536 34304 41984 49408 57344 65920 82048 82176 131096 131120 135176 147488 151552
1 7 4101 4108 10241 11264 12289 16480 16576 28672 33536 34304 41984 57344 65920 82048 98560 114688 131096 131120 135176 147488 151552
1 7 4101 4108 10241 11264 12289 16480 16576 28672 34304 41984 49280 57344 65920 66304 98432 98816 131096 131120 135176 147488 151552
1 7 4101 4108 10241 11264 12289 16480 16576 28672 34304 41984 57344 65920 66304 82048 98816 114688 131096 131120 135176 147488 151552
1 7 4101 4108 10241 11264 12289 16480 16576 28672 41984 49280 57344 65920 66304 67072 98432 99328 131096 131120 135176 147488 151552
1 7 4101 4108 10241 11264 12289 16480 16576 28672 41984 57344 65920 66304 67072 82048 99328 114688 131096 131120 135176 147488 151552
1 7 4101 4108 10241 11264 12289 16480 16576 28672 49280 57344 65920 66304 67072 74752 98432 106496 131096 131120 135176 147488 151552
1 7 4101 4108 10241 11264 12289 16480 16576 28672 57344 65920 66304 67072 74752 82048 106496 114688 131096 131120 135176 147488 151552
1 7 4101 4108 10241 11264 12289 16480 16768 28672 33536 34304 41984 49408 57344 65728 81984 82048 131096 131120 135176 147488 151552
1 7 4101 4108 10241 11264 12289 16480 20488 28672 32960 33152 33536 41472 49216 57344 67072 74240 74752 131096 131120 147464 147488
1 7 4101 4108 10241 11264 12289 16480 20488 28672 32960 33152 33536 49216 57344 67072 74752 98816 106496 131096 131120 147464 147488
1 7 4101 4108 10241 11264 12289 16480 20488 28672 32960 33152 49216 57344 66304 67072 74752 98560 106496 131096 131120 147464 147488
1 7 4101 4108 10241 11264 12289 16480 20488 28672 33536 34304 41984 57344 65728 65920 81984 98560 114688 131096 131120 147464 147488
1 7 4101 4108 10241 11264 12289 16480 20488 28672 34304 41984 57344 65728 65920 66304 81984 98816 114688 131096 131120 147464 147488
1 7 4101 4108 10241 11264 12289 16480 28672 32960 33152 33536 41472 49216 57344 67072 74240 74752 131096 131120 135176 147488 151552
1 7 4101 4108 10241 11264 12289 16480 28672 32960 33152 33536 49216 57344 67072 74752 98816 106496 131096 131120 135176 147488 151552
1 7 4101 4108 10241 11264 12289 16480 28672 32960 33152 49216 57344 66304 67072 74752 98560 106496 131096 131120 135176 147488 151552
1 7 4101 4108 10241 11264 12289 16480 28672 32960 49216 57344 65920 66304 67072 74752 98432 106496 131096 131120 135176 147488 151552
1 7 4101 4108 10241 11264 12289 16480 28672 33152 33536 34304 41984 49280 57344 65728 81984 82048 131096 131120 135176 147488 151552
1 7 4101 4108 10241 11264 12289 16480 28672 33152 33536 34304 41984 57344 65728 81984 98432 114688 131096 131120 135176 147488 151552
1 7 4101 4108 10241 11264 12289 16480 28672 33536 34304 41984 49408 57344 65728 65920 81984 82176 131096 131120 135176 147488 151552
1 7 4101 4108 10241 11264 12289 16480 28672 33536 34304 41984 57344 65728 65920 81984 98560 114688 131096 131120 135176 147488 151552
1 7 4101 4108 10241 11264 12289 16480 28672 34304 41984 57344 65728 65920 66304 81984 98816 114688 131096 131120 135176 147488 151552
1 7 4101 4108 10241 11264 12289 16576 16768 17152 25088 28672 32792 32816 32864 36872 49216 53248 67072 74240 140288 197632 204800
1 7 4101 4108 10241 11264 12289 16576 16768 17152 25088 28672 32792 32816 32864 36872 49216 53248 74240 74752 132608 197120 197632
1 7 4101 4108 10241 11264 12289 16576 16768 17152 25088 28672 32792 32816 32864 36872 49216 53248 74240 132608 140288 197120 204800
1 7 4101 4108 10241 11264 12289 16576 16768 17152 25088 28672 32792 32816 32864 36872 49216 86016 102400 114688 132608 139776 140288
1 7 4101 4108 10241 11264 12289 16576 16768 17152 25088 28672 32792 32816 32864 49216 53248 69640 98312 102400 132608 139776 140288
1 7 4101 4108 10241 11264 12289 16576 16768 17152 25088 28672 32792 32816 32864 49216 69640 86016 98312 114688 132608 139776 140288
1 7 4101 4108 10241 11264 12289 16576 16768 17152 25088 28672 32792 32816 36872 49216 53248 65632 98336 98368 132608 139776 140288
1 7 4101 4108 10241 11264 12289 16576 16768 17152 25088 28672 32792 32864 36872 49216 53248 65584 98320 98336 132608 139776 140288
1 7 4101 4108 10241 11264 12289 16576 16768 17152 25088 28672 32792 36872 49216 53248 65584 65632 98320 98368 132608 139776 140288
1 7 4101 4108 10241 11264 12289 16576 16768 17152 25088 28672 32816 32864 36872 49216 53248 65560 98312 98320 132608 139776 140288
1 7 4101 4108 10241 11264 12289 16576 16768 17152 25088 28672 32816 32864 49216 53248 65560 69640 98320 102400 132608 139776 140288
1 7 4101 4108 10241 11264 12289 16576 16768 17152 25088 28672 32816 32864 49216 65560 69640 86016 98320 114688 132608 139776 140288
1 7 4101 4108 10241 11264 12289 16576 16768 17152 25088 28672 32864 36872 49216 53248 65560 65584 98312 98336 132608 139776 140288
1 7 4101 4108 10241 11264 12289 16576 16768 17152 25088 28672 32864 49216 53248 65560 65584 69640 98336 102400 132608 139776 140288
1 7 4101 4108 10241 11264 12289 16576 16768 17152 25088 28672 32864 49216 65560 65584 69640 86016 98336 114688 132608 139776 140288
1 7 4101 4108 10241 11264 12289 16576 16768 17152 25088 28672 36872 49216 53248 65560 65584 65632 98312 98368 132608 139776 140288
1 7 4101 4108 10241 11264 12289 16576 16768 17152 25088 28672 49216 53248 65560 65584 65632 69640 98368 102400 132608 139776 140288
1 7 4101 4108 10241 11264 12289 16576 16768 17152 25088 28672 49216 65560 65584 65632 69640 86016 98368 114688 132608 139776 140288
1 7 4101 4108 10241 11264 12289 16576 16768 17152 28672 34304 41984 49664 57344 65560 65584 65632 69640 81984 151552 200704 212992
1 7 4101 4108 10241 11264 12289 16576 16768 17152 28672 34304 41984 49664 57344 65560 65584 65632 81984 86016 135176 196616 200704
1 7 4101 4108 10241 11264 12289 16576 16768 17152 28672 34304 41984 49664 57344 65560 65584 65632 81984 135176 151552 196616 212992
1 7 4101 4108 10241 11264 12289 16576 16768 17152 28672 34304 41984 49664 57344 65560 65584 69640 81984 86016 131168 196640 196672
1 7 4101 4108 10241 11264 12289 16576 16768 17152 28672 34304 41984 49664 57344 65560 65632 69640 81984 86016 131120 196624 196640
1 7 4101 4108 10241 11264 12289 16576 16768 17152 28672 34304 41984 49664 57344 65560 69640 81984 86016 131120 131168 196624 196672
1 7 4101 4108 10241 11264 12289 16576 16768 17152 28672 34304 41984 49664 57344 65584 65632 69640 81984 86016 131096 196616 196624
1 7 4101 4108 10241 11264 12289 16576 16768 17152 28672 34304 41984 49664 57344 65584 65632 81984 86016 131096 135176 196624 200704
1 7 4101 4108 10241 11264 12289 16576 16768 17152 28672 34304 41984 49664 57344 65584 65632 81984 131096 135176 151552 196624 212992
1 7 4101 4108 10241 11264 12289 16576 16768 17152 28672 34304 41984 49664 57344 65632 69640 81984 86016 131096 131120 196616 196640
1 7 4101 4108 10241 11264 12289 16576 16768 17152 28672 34304 41984 49664 57344 65632 81984 86016 131096 131120 135176 196640 200704
1 7 4101 4108 10241 11264 12289 16576 16768 17152 28672 34304 41984 49664 57344 65632 81984 131096 131120 135176 151552 196640 212992
1 7 4101 4108 10241 11264 12289 16576 16768 17152 28672 34304 41984 49664 57344 69640 81984 86016 131096 131120 131168 196616 196672
1 7 4101 4108 10241 11264 12289 16576 16768 17152 28672 34304 41984 49664 57344 81984 86016 131096 131120 131168 135176 196672 200704
1 7 4101 4108 10241 11264 12289 16576 16768 17152 28672 34304 41984 49664 57344 81984 131096 131120 131168 135176 151552 196672 212992
1 7 4101 4108 10241 11264 12289 16576 16768 17152 28672 34304 41984 57344 82432 98816 114688 131096 131120 131168 135176 147520 151552
1 7 4101 4108 10241 11264 12289 16576 16768 17152 28672 34304 49664 57344 74752 99328 106496 131096 131120 131168 135176 147520 151552
1 7 4101 4108 10241 11264 12289 16576 16768 17152 28672 41472 49664 57344 67072 74240 74752 131096 131120 131168 135176 147520 151552
1 7 4101 4108 10241 11264 12289 16576 16768 17152 28672 41984 49664 57344 67072 98816 99328 131096 131120 131168 135176 147520 151552
1 7 4101 4108 10241 11264 12289 16576 16768 17152 28672 41984 57344 67072 82432 99328 114688 131096 131120 131168 135176 147520 151552
1 7 4101 4108 10241 11264 12289 16576 16768 17152 28672 49664 57344 67072 74752 98816 106496 131096 131120 131168 135176 147520 151552
1 7 4101 4108 10241 11264 12289 16576 16768 17152 28672 57344 67072 74752 82432 106496 114688 131096 131120 131168 135176 147520 151552
1 7 4101 4108 10241 11264 12289 16576 16768 25088 28672 33536 49408 49664 65560 65584 65632 69640 81984 86016 132608 139776 140288
1 7 4101 4108 10241 11264 12289 16576 16768 28672 33536 34304 41984 49408 57344 65560 65584 65632 69640 81984 151552 200704 212992
1 7 4101 4108 10241 11264 12289 16576 16768 28672 33536 34304 41984 49408 57344 65560 65584 65632 81984 86016 135176 196616 200704
1 7 4101 4108 10241 11264 12289 16576 16768 28672 33536 34304 41984 49408 57344 65560 65584 65632 81984 135176 151552 196616 212992
1 7 4101 4108 10241 11264 12289 16576 16768 28672 33536 34304 41984 49408 57344 65560 65584 69640 81984 86016 131168 196640 196672
1 7 4101 4108 10241 11264 12289 16576 16768 28672 33536 34304 41984 49408 57344 65560 65632 69640 81984 86016 131120 196624 196640
1 7 4101 4108 10241 11264 12289 16576 16768 28672 33536 34304 41984 49408 57344 65560 69640 81984 86016 131120 131168 196624 196672
1 7 4101 4108 10241 11264 12289 16576 16768 28672 33536 34304 41984 49408 57344 65584 65632 69640 81984 86016 131096 196616 196624
1 7 4101 4108 10241 11264 12289 16576 16768 28672 33536 34304 41984 49408 57344 65584 65632 81984 86016 131096 135176 196624 200704
1 7 4101 4108 10241 11264 12289 16576 16768 28672 33536 34304 41984 49408 57344 65584 65632 81984 131096 135176 151552 196624 212992
1 7 4101 4108 10241 11264 12289 16576 16768 28672 33536 34304 41984 49408 57344 65632 69640 81984 86016 131096 131120 196616 196640
1 7 4101 4108 10241 11264 12289 16576 16768 28672 33536 34304 41984 49408 57344 65632 81952 81984 131096 131120 135176 147488 151552
1 7 4101 4108 10241 11264 12289 16576 16768 28672 33536 34304 41984 49408 57344 65632 81984 86016 131096 131120 135176 196640 200704
1 7 4101 4108 10241 11264 12289 16576 16768 28672 33536 34304 41984 49408 57344 65632 81984 131096 131120 135176 151552 196640 212992
1 7 4101 4108 10241 11264 12289 16576 16768 28672 33536 34304 41984 49408 57344 69640 81984 86016 131096 131120 131168 196616 196672
1 7 4101 4108 10241 11264 12289 16576 16768 28672 33536 34304 41984 49408 57344 81984 86016 131096 131120 131168 135176 196672 200704
1 7 4101 4108 10241 11264 12289 16576 16768 28672 33536 34304 41984 49408 57344 81984 131096 131120 131168 135176 151552 196672 212992
1 7 4101 4108 10241 11264 12289 16576 16768 28672 33536 34304 41984 57344 82176 98560 114688 131096 131120 131168 135176 147520 151552
1 7 4101 4108 10241 11264 12289 16576 16768 28672 33536 34304 49408 57344 74752 99328 106496 131096 131120 131168 135176 147520 151552
1 7 4101 4108 10241 11264 12289 16576 16768 28672 33536 41472 49408 57344 67072 74240 74752 131096 131120 131168 135176 147520 151552
1 7 4101 4108 10241 11264 12289 16576 16768 28672 33536 41984 49408 57344 67072 98816 99328 131096 131120 131168 135176 147520 151552
1 7 4101 4108 10241 11264 12289 16576 16768 28672 33536 49408 57344 67072 74752 98816 106496 131096 131120 131168 135176 147520 151552
1 7 4101 4108 10241 11264 12289 16576 16768 28672 34304 41984 49408 57344 66304 98560 98816 131096 131120 131168 135176 147520 151552
1 7 4101 4108 10241 11264 12289 16576 16768 28672 34304 41984 49664 57344 66304 82176 82432 131096 131120 131168 135176 147520 151552
1 7 4101 4108 10241 11264 12289 16576 16768 28672 34304 41984 57344 66304 82176 98816 114688 131096 131120 131168 135176 147520 151552
1 7 4101 4108 10241 11264 12289 16576 16768 28672 41984 49408 57344 66304 67072 98560 99328 131096 131120 131168 135176 147520 151552
1 7 4101 4108 10241 11264 12289 16576 16768 28672 41984 57344 66304 67072 82176 99328 114688 131096 131120 131168 135176 147520 151552
1 7 4101 4108 10241 11264 12289 16576 16768 28672 49408 57344 66304 67072 74752 98560 106496 131096 131120 131168 135176 147520 151552
1 7 4101 4108 10241 11264 12289 16576 16768 28672 57344 66304 67072 74752 82176 106496 114688 131096 131120 131168 135176 147520 151552
1 7 4101 4108 10241 11264 12289 16576 17152 25088 28672 33152 49280 49408 65560 65584 65632 69640 81984 86016 132608 139776 140288
1 7 4101 4108 10241 11264 12289 16576 17152 28672 34304 41984 49664 57344 65920 82048 82176 131096 131120 131168 135176 147520 151552
1 7 4101 4108 10241 11264 12289 16576 25088 28672 33152 33536 49280 49664 65560 65584 65632 69640 81984 86016 132608 139776 140288
1 7 4101 4108 10241 11264 12289 16576 28672 33152 33536 34304 41984 49280 57344 65584 65632 81936 81984 131096 135176 147472 151552
1 7 4101 4108 10241 11264 12289 16576 28672 33152 33536 34304 41984 49280 57344 65584 65632 81984 86016 131096 135176 196624 200704
1 7 4101 4108 10241 11264 12289 16576 28672 33152 33536 34304 41984 49280 57344 65584 65632 81984 131096 135176 151552 196624 212992
1 7 4101 4108 10241 11264 12289 16576 28672 33152 33536 34304 41984 49280 57344 65632 81952 81984 131096 131120 135176 147488 151552
1 7 4101 4108 10241 11264 12289 16576 28672 33152 33536 34304 41984 49280 57344 65632 81984 86016 131096 131120 135176 196640 200704
1 7 4101 4108 10241 11264 12289 16576 28672 33152 33536 34304 41984 49280 57344 65632 81984 131096 131120 135176 151552 196640 212992
1 7 4101 4108 10241 11264 12289 16576 28672 33152 33536 41472 49280 57344 67072 74240 74752 131096 131120 131168 135176 147520 151552
1 7 4101 4108 10241 11264 12289 16576 28672 33152 33536 49280 57344 67072 74752 98816 106496 131096 131120 131168 135176 147520 151552
1 7 4101 4108 10241 11264 12289 16576 28672 33152 49280 57344 66304 67072 74752 98560 106496 131096 131120 131168 135176 147520 151552
1 7 4101 4108 10241 11264 12289 16576 28672 33536 34304 41984 49408 57344 65920 82048 82176 131096 131120 131168 135176 147520 151552
1 7 4101 4108 10241 11264 12289 16576 28672 33536 34304 41984 57344 65920 82048 98560 114688 131096 131120 131168 135176 147520 151552
1 7 4101 4108 10241 11264 12289 16576 28672 34304 41984 49664 57344 65920 66304 82048 82432 131096 131120 131168 135176 147520 151552
1 7 4101 4108 10241 11264 12289 16576 28672 34304 41984 57344 65920 66304 82048 98816 114688 131096 131120 131168 135176 147520 151552
1 7 4101 4108 10241 11264 12289 16768 17152 17920 25600 28672 32816 32864 32960 49280 53248 65560 69640 102400 163856 196624 229376
1 7 4101 4108 10241 11264 12289 16768 17152 17920 25600 28672 32816 32864 32960 49280 53248 65560 98320 102400 135176 196616 200704
1 7 4101 4108 10241 11264 12289 16768 17152 17920 25600 28672 32816 32864 32960 49280 53248 69640 98320 102400 131096 196616 196624
1 7 4101 4108 10241 11264 12289 16768 17152 17920 25600 28672 32816 32864 32960 49280 53248 69640 102400 131096 163856 196616 229376
1 7 4101 4108 10241 11264 12289 16768 17152 17920 25600 28672 32816 32864 32960 49280 53248 98320 102400 131096 135176 196624 200704
1 7 4101 4108 10241 11264 12289 16768 17152 17920 25600 28672 32816 32864 32960 49280 53248 102400 131096 135176 163856 200704 229376
1 7 4101 4108 10241 11264 12289 16768 17152 17920 25600 28672 32816 32864 32960 49280 65560 69640 86016 114688 163856 196624 229376
1 7 4101 4108 10241 11264 12289 16768 17152 17920 25600 28672 32816 32864 32960 49280 65560 69640 98320 114688 151552 200704 212992
1 7 4101 4108 10241 11264 12289 16768 17152 17920 25600 28672 32816 32864 32960 49280 65560 86016 98320 114688 135176 196616 200704
1 7 4101 4108 10241 11264 12289 16768 17152 17920 25600 28672 32816 32864 32960 49280 65560 98320 114688 135176 151552 196616 212992
1 7 4101 4108 10241 11264 12289 16768 17152 17920 25600 28672 32816 32864 32960 49280 69640 86016 98320 114688 131096 196616 196624
1 7 4101 4108 10241 11264 12289 16768 17152 17920 25600 28672 32816 32864 32960 49280 69640 86016 114688 131096 163856 196616 229376
1 7 4101 4108 10241 11264 12289 16768 17152 17920 25600 28672 32816 32864 32960 49280 86016 98320 114688 131096 135176 196624 200704
1 7 4101 4108 10241 11264 12289 16768 17152 17920 25600 28672 32816 32864 32960 49280 86016 102400 114688 131096 135176 163856 167936
1 7 4101 4108 10241 11264 12289 16768 17152 17920 25600 28672 32816 32864 32960 49280 86016 114688 131096 135176 163856 200704 229376
1 7 4101 4108 10241 11264 12289 16768 17152 17920 25600 28672 32816 32864 32960 49280 98320 114688 131096 135176 151552 196624 212992
1 7 4101 4108 10241 11264 12289 16768 17152 17920 25600 28672 32816 32864 32960 49280 114688 131096 135176 151552 163856 212992 229376
1 7 4101 4108 10241 11264 12289 16768 17152 17920 25600 28672 32816 32864 49280 53248 65560 69640 98320 102400 131264 163904 163968
1 7 4101 4108 10241 11264 12289 16768 17152 17920 25600 28672 32816 32864 49280 65560 69640 86016 98320 114688 131264 163904 163968
1 7 4101 4108 10241 11264 12289 16768 17152 17920 25600 28672 32816 32960 49280 53248 65560 69640 98320 102400 131168 163872 163904
1 7 4101 4108 10241 11264 12289 16768 17152 17920 25600 28672 32816 32960 49280 65560 69640 86016 98320 114688 131168 163872 163904
1 7 4101 4108 10241 11264 12289 16768 17152 17920 25600 28672 32816 49280 53248 65560 69640 98320 102400 131168 131264 163872 163968
1 7 4101 4108 10241 11264 12289 16768 17152 17920 25600 28672 32816 49280 65560 69640 86016 98320 114688 131168 131264 163872 163968
1 7 4101 4108 10241 11264 12289 16768 17152 17920 25600 28672 32864 32960 49280 53248 65560 65584 69640 102400 163872 196640 229376
1 7 4101 4108 10241 11264 12289 16768 17152 17920 25600 28672 32864 32960 49280 53248 65560 65584 98336 102400 135176 196616 200704
1 7 4101 4108 10241 11264 12289 16768 17152 17920 25600 28672 32864 32960 49280 53248 65560 69640 98320 102400 131120 163856 163872
1 7 4101 4108 10241 11264 12289 16768 17152 17920 25600 28672 32864 32960 49280 53248 65560 69640 98336 102400 131120 196624 196640
1 7 4101 4108 10241 11264 12289 16768 17152 17920 25600 28672 32864 32960 49280 53248 65560 69640 102400 131120 163872 196624 229376
1 7 4101 4108 10241 11264 12289 16768 17152 17920 25600 28672 32864 32960 49280 53248 65584 69640 98336 102400 131096 196616 196624
1 7 4101 4108 10241 11264 12289 16768 17152 17920 25600 28672 32864 32960 49280 53248 65584 98336 102400 131096 135176 196624 200704
1 7 4101 4108 10241 11264 12289 16768 17152 17920 25600 28672 32864 32960 49280 53248 69640 98336 102400 131096 131120 196616 196640
1 7 4101 4108 10241 11264 12289 16768 17152 17920 25600 28672 32864 32960 49280 53248 69640 102400 131096 131120 163872 196616 229376
1 7 4101 4108 10241 11264 12289 16768 17152 17920 25600 28672 32864 32960 49280 53248 98336 102400 131096 131120 135176 196640 200704
1 7 4101 4108 10241 11264 12289 16768 17152 17920 25600 28672 32864 32960 49280 53248 102400 131096 131120 135176 163872 200704 229376
1 7 4101 4108 10241 11264 12289 16768 17152 17920 25600 28672 32864 32960 49280 65560 65584 69640 86016 114688 163872 196640 229376
1 7 4101 4108 10241 11264 12289 16768 17152 17920 25600 28672 32864 32960 49280 65560 65584 69640 98336 114688 151552 200704 212992
1 7 4101 4108 10241 11264 12289 16768 17152 17920 25600 28672 32864 32960 49280 65560 65584 86016 98336 114688 135176 196616 200704
1 7 4101 4108 10241 11264 12289 16768 17152 17920 25600 28672 32864 32960 49280 65560 65584 98336 114688 135176 151552 196616 212992
1 7 4101 4108 10241 11264 12289 16768 17152 17920 25600 28672 32864 32960 49280 65560 69640 86016 98320 114688 131120 163856 163872
1 7 4101 4108 10241 11264 12289 16768 17152 17920 25600 28672 32864 32960 49280 65560 69640 86016 98336 114688 131120 196624 196640
1 7 4101 4108 10241 11264 12289 16768 17152 17920 25600 28672 32864 32960 49280 65560 69640 86016 114688 131120 163872 196624 229376
1 7 4101 4108 10241 11264 12289 16768 17152 17920 25600 28672 32864 32960 49280 65584 69640 86016 98336 114688 131096 196616 196624
1 7 4101 4108 10241 11264 12289 16768 17152 17920 25600 28672 32864 32960 49280 65584 86016 98336 114688 131096 135176 196624 200704
1 7 4101 4108 10241 11264 12289 16768 17152 17920 25600 28672 32864 32960 49280 65584 98336 114688 131096 135176 151552 196624 212992
1 7 4101 4108 10241 11264 12289 16768 17152 17920 25600 28672 32864 32960 49280 69640 86016 98336 114688 131096 131120 196616 196640
1 7 4101 4108 10241 11264 12289 16768 17152 17920 25600 28672 32864 32960 49280 69640 86016 114688 131096 131120 163872 196616 229376
1 7 4101 4108 10241 11264 12289 16768 17152 17920 25600 28672 32864 32960 49280 86016 98336 114688 131096 131120 135176 196640 200704
1 7 4101 4108 10241 11264 12289 16768 17152 17920 25600 28672 32864 32960 49280 86016 102400 114688 131096 131120 135176 163872 167936
1 7 4101 4108 10241 11264 12289 16768 17152 17920 25600 28672 32864 32960 49280 86016 114688 131096 131120 135176 163872 200704 229376
1 7 4101 4108 10241 11264 12289 16768 17152 17920 25600 28672 32864 32960 49280 98336 114688 131096 131120 135176 151552 196640 212992
1 7 4101 4108 10241 11264 12289 16768 17152 17920 25600 28672 32864 32960 49280 114688 131096 131120 135176 151552 163872 212992 229376
1 7 4101 4108 10241 11264 12289 16768 17152 17920 25600 28672 32864 49280 53248 65560 65584 69640 98336 102400 131264 163904 163968
1 7 4101 4108 10241 11264 12289 16768 17152 17920 25600 28672 32864 49280 65560 65584 69640 86016 98336 114688 131264 163904 163968
1 7 4101 4108 10241 11264 12289 16768 17152 17920 25600 28672 32960 49280 53248 65560 65584 69640 98336 102400 131168 163872 163904
1 7 4101 4108 10241 11264 12289 16768 17152 17920 25600 28672 32960 49280 53248 65560 65584 69640 102400 131168 163904 196640 229376
1 7 4101 4108 10241 11264 12289 16768 17152 17920 25600 28672 32960 49280 53248 65560 69640 98320 102400 131120 131168 163856 163904
1 7 4101 4108 10241 11264 12289 16768 17152 17920 25600 28672 32960 49280 53248 65560 69640 102400 131120 131168 163904 196624 229376
1 7 4101 4108 10241 11264 12289 16768 17152 17920 25600 28672 32960 49280 53248 65584 65632 98368 102400 131096 135176 196624 200704
1 7 4101 4108 10241 11264 12289 16768 17152 17920 25600 28672 32960 49280 53248 65632 98368 102400 131096 131120 135176 196640 200704
1 7 4101 4108 10241 11264 12289 16768 17152 17920 25600 28672 32960 49280 65560 65584 69640 86016 98336 114688 131168 163872 163904
1 7 4101 4108 10241 11264 12289 16768 17152 17920 25600 28672 32960 49280 65560 65584 69640 86016 114688 131168 163904 196640 229376
1 7 4101 4108 10241 11264 12289 16768 17152 17920 25600 28672 32960 49280 65560 69640 86016 98320 114688 131120 131168 163856 163904
1 7 4101 4108 10241 11264 12289 16768 17152 17920 25600 28672 32960 49280 65560 69640 86016 114688 131120 131168 163904 196624 229376
1 7 4101 4108 10241 11264 12289 16768 17152 17920 25600 28672 32960 49280 65584 65632 86016 98368 114688 131096 135176 196624 200704
1 7 4101 4108 10241 11264 12289 16768 17152 17920 25600 28672 32960 49280 65584 65632 98368 114688 131096 135176 151552 196624 212992
1 7 4101 4108 10241 11264 12289 16768 17152 17920 25600 28672 32960 49280 65632 86016 98368 114688 131096 131120 135176 196640 200704
1 7 4101 4108 10241 11264 12289 16768 17152 17920 25600 28672 32960 49280 65632 98368 114688 131096 131120 135176 151552 196640 212992
1 7 4101 4108 10241 11264 12289 16768 17152 17920 25600 28672 49280 53248 65560 65584 69640 98336 102400 131168 131264 163872 163968
1 7 4101 4108 10241 11264 12289 16768 17152 17920 25600 28672 49280 53248 65560 65584 69640 102400 131168 131264 163968 196640 229376
1 7 4101 4108 10241 11264 12289 16768 17152 17920 25600 28672 49280 53248 65560 69640 98320 102400 131120 131168 131264 163856 163968
1 7 4101 4108 10241 11264 12289 16768 17152 17920 25600 28672 49280 53248 65560 69640 102400 131120 131168 131264 163968 196624 229376
1 7 4101 4108 10241 11264 12289 16768 17152 17920 25600 28672 49280 53248 65584 65632 65728 98432 102400 131096 135176 196624 200704
1 7 4101 4108 10241 11264 12289 16768 17152 17920 25600 28672 49280 53248 65632 65728 98432 102400 131096 131120 135176 196640 200704
1 7 4101 4108 10241 11264 12289 16768 17152 17920 25600 28672 49280 65560 65584 69640 86016 98336 114688 131168 131264 163872 163968
1 7 4101 4108 10241 11264 12289 16768 17152 17920 25600 28672 49280 65560 65584 69640 86016 114688 131168 131264 163968 196640 229376
1 7 4101 4108 10241 11264 12289 16768 17152 17920 25600 28672 49280 65560 69640 86016 98320 114688 131120 131168 131264 163856 163968
1 7 4101 4108 10241 11264 12289 16768 17152 17920 25600 28672 49280 65560 69640 86016 114688 131120 131168 131264 163968 196624 229376
1 7 4101 4108 10241 11264 12289 16768 17152 17920 25600 28672 49280 65584 65632 65728 86016 98432 114688 131096 135176 196624 200704
1 7 4101 4108 10241 11264 12289 16768 17152 17920 25600 28672 49280 65584 65632 65728 98432 114688 131096 135176 151552 196624 212992
1 7 4101 4108 10241 11264 12289 16768 17152 17920 25600 28672 49280 65632 65728 86016 98432 114688 131096 131120 135176 196640 200704
1 7 4101 4108 10241 11264 12289 16768 17152 17920 25600 28672 49280 65632 65728 98432 114688 131096 131120 135176 151552 196640 212992
1 7 4101 4108 10241 11264 12289 16768 17152 17920 28672 41984 50176 57344 65584 65632 65728 82048 86016 131096 135176 196624 200704
1 7 4101 4108 10241 11264 12289 16768 17152 17920 28672 41984 50176 57344 65584 65632 65728 82048 131096 135176 151552 196624 212992
1 7 4101 4108 10241 11264 12289 16768 17152 17920 28672 41984 50176 57344 65632 65728 82048 86016 131096 131120 135176 196640 200704
1 7 4101 4108 10241 11264 12289 16768 17152 17920 28672 41984 50176 57344 65632 65728 82048 131096 131120 135176 151552 196640 212992
1 7 4101 4108 10241 11264 12289 16768 17152 25088 28672 32816 32864 32960 49280 53248 65560 69640 98320 102400 132608 139776 140288
1 7 4101 4108 10241 11264 12289 16768 17152 25088 28672 32816 32864 32960 49280 65560 69640 86016 98320 114688 132608 139776 140288
1 7 4101 4108 10241 11264 12289 16768 17152 25088 28672 32864 32960 49280 53248 65560 65584 69640 98336 102400 132608 139776 140288
1 7 4101 4108 10241 11264 12289 16768 17152 25088 28672 32864 32960 49280 65560 65584 69640 86016 98336 114688 132608 139776 140288
1 7 4101 4108 10241 11264 12289 16768 17152 25088 28672 32960 49216 49280 65560 65584 65632 69640 81984 86016 132608 139776 140288
1 7 4101 4108 10241 11264 12289 16768 17152 25088 28672 32960 49280 53248 65560 65584 65632 69640 98368 102400 132608 139776 140288
1 7 4101 4108 10241 11264 12289 16768 17152 25088 28672 32960 49280 65560 65584 65632 69640 86016 98368 114688 132608 139776 140288
1 7 4101 4108 10241 11264 12289 16768 17152 25600 28672 34304 49664 50176 65584 65632 65728 82048 86016 131096 135176 196624 200704
1 7 4101 4108 10241 11264 12289 16768 17152 25600 28672 34304 49664 50176 65584 65632 65728 82048 131096 135176 151552 196624 212992
1 7 4101 4108 10241 11264 12289 16768 17152 25600 28672 34304 49664 50176 65632 65728 82048 86016 131096 131120 135176 196640 200704
1 7 4101 4108 10241 11264 12289 16768 17152 25600 28672 34304 49664 50176 65632 65728 82048 131096 131120 135176 151552 196640 212992
1 7 4101 4108 10241 11264 12289 16768 17152 28672 34304 41984 49664 57344 65584 65632 65728 82048 86016 131096 135176 196624 200704
1 7 4101 4108 10241 11264 12289 16768 17152 28672 34304 41984 49664 57344 65584 65632 65728 82048 131096 135176 151552 196624 212992
1 7 4101 4108 10241 11264 12289 16768 17152 28672 34304 41984 49664 57344 65632 65728 82048 86016 131096 131120 135176 196640 200704
1 7 4101 4108 10241 11264 12289 16768 17152 28672 34304 41984 49664 57344 65632 65728 82048 131096 131120 135176 151552 196640 212992
1 7 4101 4108 10241 11264 12289 16768 17152 28672 34304 41984 49664 57344 65728 81984 82048 131096 131120 131168 135176 147520 151552
1 7 4101 4108 10241 11264 12289 16768 17152 28672 34304 41984 49664 57344 65728 82048 86016 131096 131120 131168 135176 196672 200704
1 7 4101 4108 10241 11264 12289 16768 17152 28672 34304 41984 49664 57344 65728 82048 131096 131120 131168 135176 151552 196672 212992
1 7 4101 4108 10241 11264 12289 16768 17920 25600 28672 33536 49408 49664 65584 65632 65728 82048 86016 131096 135176 196624 200704
1 7 4101 4108 10241 11264 12289 16768 17920 25600 28672 33536 49408 49664 65584 65632 65728 82048 131096 135176 151552 196624 212992
1 7 4101 4108 10241 11264 12289 16768 17920 25600 28672 33536 49408 49664 65632 65728 82048 86016 131096 131120 135176 196640 200704
1 7 4101 4108 10241 11264 12289 16768 17920 25600 28672 33536 49408 49664 65632 65728 82048 131096 131120 135176 151552 196640 212992
1 7 4101 4108 10241 11264 12289 16768 25600 28672 33536 34304 49408 50176 65584 65632 65728 82048 86016 131096 135176 196624 200704
1 7 4101 4108 10241 11264 12289 16768 25600 28672 33536 34304 49408 50176 65584 65632 65728 82048 131096 135176 151552 196624 212992
1 7 4101 4108 10241 11264 12289 16768 25600 28672 33536 34304 49408 50176 65632 65728 82048 86016 131096 131120 135176 196640 200704
1 7 4101 4108 10241 11264 12289 16768 25600 28672 33536 34304 49408 50176 65632 65728 82048 131096 131120 135176 151552 196640 212992
1 7 4101 4108 10241 11264 12289 16768 28672 33536 34304 41984 49408 57344 65584 65632 65728 82048 86016 131096 135176 196624 200704
1 7 4101 4108 10241 11264 12289 16768 28672 33536 34304 41984 49408 57344 65584 65632 65728 82048 131096 135176 151552 196624 212992
1 7 4101 4108 10241 11264 12289 16768 28672 33536 34304 41984 49408 57344 65632 65728 81952 82048 131096 131120 135176 147488 151552
1 7 4101 4108 10241 11264 12289 16768 28672 33536 34304 41984 49408 57344 65632 65728 82048 86016 131096 131120 135176 196640 200704
1 7 4101 4108 10241 11264 12289 16768 28672 33536 34304 41984 49408 57344 65632 65728 82048 131096 131120 135176 151552 196640 212992
1 7 4101 4108 10241 11264 12289 16768 28672 33536 34304 41984 49408 57344 65728 81984 82048 131096 131120 131168 135176 147520 151552
1 7 4101 4108 10241 11264 12289 16768 28672 33536 34304 41984 49408 57344 65728 82048 86016 131096 131120 131168 135176 196672 200704
1 7 4101 4108 10241 11264 12289 16768 28672 33536 34304 41984 49408 57344 65728 82048 131096 131120 131168 135176 151552 196672 212992
1 7 4101 4108 10241 11264 12289 17152 17920 25600 28672 32864 32960 33152 49408 53248 65560 65584 69640 98336 167936 200704 229376
1 7 4101 4108 10241 11264 12289 17152 17920 25600 28672 32864 32960 33152 49408 53248 65560 65584 98336 102400 135176 196616 200704
1 7 4101 4108 10241 11264 12289 17152 17920 25600 28672 32864 32960 33152 49408 53248 65560 65584 98336 135176 167936 196616 229376
1 7 4101 4108 10241 11264 12289 17152 17920 25600 28672 32864 32960 33152 49408 53248 65560 69640 98336 102400 131120 196624 196640
1 7 4101 4108 10241 11264 12289 17152 17920 25600 28672 32864 32960 33152 49408 53248 65584 69640 98336 102400 131096 196616 196624
1 7 4101 4108 10241 11264 12289 17152 17920 25600 28672 32864 32960 33152 49408 53248 65584 98336 102400 131096 135176 196624 200704
1 7 4101 4108 10241 11264 12289 17152 17920 25600 28672 32864 32960 33152 49408 53248 65584 98336 131096 135176 167936 196624 229376
1 7 4101 4108 10241 11264 12289 17152 17920 25600 28672 32864 32960 33152 49408 53248 69640 98336 102400 131096 131120 196616 196640
1 7 4101 4108 10241 11264 12289 17152 17920 25600 28672 32864 32960 33152 49408 53248 98336 102400 131096 131120 135176 196640 200704
1 7 4101 4108 10241 11264 12289 17152 17920 25600 28672 32864 32960 33152 49408 53248 98336 131096 131120 135176 167936 196640 229376
1 7 4101 4108 10241 11264 12289 17152 17920 25600 28672 32864 32960 33152 49408 65560 65584 69640 86016 98336 180224 212992 229376
1 7 4101 4108 10241 11264 12289 17152 17920 25600 28672 32864 32960 33152 49408 65560 65584 69640 98336 102400 151552 167936 180224
1 7 4101 4108 10241 11264 12289 17152 17920 25600 28672 32864 32960 33152 49408 65560 65584 69640 98336 114688 151552 200704 212992
1 7 4101 4108 10241 11264 12289 17152 17920 25600 28672 32864 32960 33152 49408 65560 65584 69640 98336 151552 180224 200704 229376
1 7 4101 4108 10241 11264 12289 17152 17920 25600 28672 32864 32960 33152 49408 65560 65584 86016 98336 114688 135176 196616 200704
1 7 4101 4108 10241 11264 12289 17152 17920 25600 28672 32864 32960 33152 49408 65560 65584 98336 114688 135176 151552 196616 212992
1 7 4101 4108 10241 11264 12289 17152 17920 25600 28672 32864 32960 33152 49408 65560 65584 98336 135176 151552 180224 196616 229376
1 7 4101 4108 10241 11264 12289 17152 17920 25600 28672 32864 32960 33152 49408 65560 69640 86016 98336 114688 131120 196624 196640
1 7 4101 4108 10241 11264 12289 17152 17920 25600 28672 32864 32960 33152 49408 65584 69640 86016 98336 114688 131096 196616 196624
1 7 4101 4108 10241 11264 12289 17152 17920 25600 28672 32864 32960 33152 49408 65584 86016 98336 114688 131096 135176 196624 200704
1 7 4101 4108 10241 11264 12289 17152 17920 25600 28672 32864 32960 33152 49408 65584 98336 114688 131096 135176 151552 196624 212992
1 7 4101 4108 10241 11264 12289 17152 17920 25600 28672 32864 32960 33152 49408 65584 98336 131096 135176 151552 180224 196624 229376
1 7 4101 4108 10241 11264 12289 17152 17920 25600 28672 32864 32960 33152 49408 69640 86016 98336 114688 131096 131120 196616 196640
1 7 4101 4108 10241 11264 12289 17152 17920 25600 28672 32864 32960 33152 49408 86016 98336 114688 131096 131120 135176 196640 200704
1 7 4101 4108 10241 11264 12289 17152 17920 25600 28672 32864 32960 33152 49408 98336 114688 131096 131120 135176 151552 196640 212992
1 7 4101 4108 10241 11264 12289 17152 17920 25600 28672 32864 32960 33152 49408 98336 131096 131120 135176 151552 180224 196640 229376
1 7 4101 4108 10241 11264 12289 17152 17920 25600 28672 32864 32960 49408 53248 65920 98432 98560 131096 131120 135176 163872 167936
1 7 4101 4108 10241 11264 12289 17152 17920 25600 28672 32864 32960 49408 65920 98432 98560 131096 131120 135176 151552 163872 180224
1 7 4101 4108 10241 11264 12289 17152 17920 25600 28672 32864 33152 49408 53248 65728 98368 98432 131096 131120 135176 163872 167936
1 7 4101 4108 10241 11264 12289 17152 17920 25600 28672 32864 33152 49408 65728 98368 98432 131096 131120 135176 151552 163872 180224
1 7 4101 4108 10241 11264 12289 17152 17920 25600 28672 32864 49408 53248 65728 65920 98368 98560 131096 131120 135176 163872 167936
1 7 4101 4108 10241 11264 12289 17152 17920 25600 28672 32864 49408 65728 65920 98368 98560 131096 131120 135176 151552 163872 180224
1 7 4101 4108 10241 11264 12289 17152 17920 25600 28672 32960 33152 49408 53248 65560 65584 65632 69640 98368 167936 200704 229376
1 7 4101 4108 10241 11264 12289 17152 17920 25600 28672 32960 33152 49408 53248 65560 65584 65632 98368 102400 135176 196616 200704
1 7 4101 4108 10241 11264 12289 17152 17920 25600 28672 32960 33152 49408 53248 65560 65584 65632 98368 135176 167936 196616 229376
1 7 4101 4108 10241 11264 12289 17152 17920 25600 28672 32960 33152 49408 53248 65560 65584 69640 98368 102400 131168 196640 196672
1 7 4101 4108 10241 11264 12289 17152 17920 25600 28672 32960 33152 49408 53248 65560 65632 69640 98368 102400 131120 196624 196640
1 7 4101 4108 10241 11264 12289 17152 17920 25600 28672 32960 33152 49408 53248 65560 69640 98368 102400 131120 131168 196624 196672
1 7 4101 4108 10241 11264 12289 17152 17920 25600 28672 32960 33152 49408 53248 65584 65632 69640 98368 102400 131096 196616 196624
1 7 4101 4108 10241 11264 12289 17152 17920 25600 28672 32960 33152 49408 53248 65584 65632 98368 102400 131096 135176 196624 200704
1 7 4101 4108 10241 11264 12289 17152 17920 25600 28672 32960 33152 49408 53248 65584 65632 98368 131096 135176 167936 196624 229376
1 7 4101 4108 10241 11264 12289 17152 17920 25600 28672 32960 33152 49408 53248 65632 69640 98368 102400 131096 131120 196616 196640
1 7 4101 4108 10241 11264 12289 17152 17920 25600 28672 32960 33152 49408 53248 65632 98336 98368 131096 131120 135176 163872 167936
1 7 4101 4108 10241 11264 12289 17152 17920 25600 28672 32960 33152 49408 53248 65632 98368 102400 131096 131120 135176 196640 200704
1 7 4101 4108 10241 11264 12289 17152 17920 25600 28672 32960 33152 49408 53248 65632 98368 131096 131120 135176 167936 196640 229376
1 7 4101 4108 10241 11264 12289 17152 17920 25600 28672 32960 33152 49408 53248 69640 98368 102400 131096 131120 131168 196616 196672
1 7 4101 4108 10241 11264 12289 17152 17920 25600 28672 32960 33152 49408 53248 98368 102400 131096 131120 131168 135176 196672 200704
1 7 4101 4108 10241 11264 12289 17152 17920 25600 28672 32960 33152 49408 53248 98368 131096 131120 131168 135176 167936 196672 229376
1 7 4101 4108 10241 11264 12289 17152 17920 25600 28672 32960 33152 49408 65560 65584 65632 69640 86016 98368 180224 212992 229376
1 7 4101 4108 10241 11264 12289 17152 17920 25600 28672 32960 33152 49408 65560 65584 65632 69640 98368 102400 151552 167936 180224
1 7 4101 4108 10241 11264 12289 17152 17920 25600 28672 32960 33152 49408 65560 65584 65632 69640 98368 114688 151552 200704 212992
1 7 4101 4108 10241 11264 12289 17152 17920 25600 28672 32960 33152 49408 65560 65584 65632 69640 98368 151552 180224 200704 229376
1 7 4101 4108 10241 11264 12289 17152 17920 25600 28672 32960 33152 49408 65560 65584 65632 86016 98368 114688 135176 196616 200704
1 7 4101 4108 10241 11264 12289 17152 17920 25600 28672 32960 33152 49408 65560 65584 65632 98368 114688 135176 151552 196616 212992
1 7 4101 4108 10241 11264 12289 17152 17920 25600 28672 32960 33152 49408 65560 65584 65632 98368 135176 151552 180224 196616 229376
1 7 4101 4108 10241 11264 12289 17152 17920 25600 28672 32960 33152 49408 65560 65584 69640 86016 98368 114688 131168 196640 196672
1 7 4101 4108 10241 11264 12289 17152 17920 25600 28672 32960 33152 49408 65560 65632 69640 86016 98368 114688 131120 196624 196640
1 7 4101 4108 10241 11264 12289 17152 17920 25600 28672 32960 33152 49408 65560 69640 86016 98368 114688 131120 131168 196624 196672
1 7 4101 4108 10241 11264 12289 17152 17920 25600 28672 32960 33152 49408 65584 65632 69640 86016 98368 114688 131096 196616 196624
1 7 4101 4108 10241 11264 12289 17152 17920 25600 28672 32960 33152 49408 65584 65632 86016 98368 114688 131096 135176 196624 200704
1 7 4101 4108 10241 11264 12289 17152 17920 25600 28672 32960 33152 49408 65584 65632 98368 114688 131096 135176 151552 196624 212992
1 7 4101 4108 10241 11264 12289 17152 17920 25600 28672 32960 33152 49408 65584 65632 98368 131096 135176 151552 180224 196624 229376
1 7 4101 4108 10241 11264 12289 17152 17920 25600 28672 32960 33152 49408 65632 69640 86016 98368 114688 131096 131120 196616 196640
1 7 4101 4108 10241 11264 12289 17152 17920 25600 28672 32960 33152 49408 65632 86016 98368 114688 131096 131120 135176 196640 200704
1 7 4101 4108 10241 11264 12289 17152 17920 25600 28672 32960 33152 49408 65632 98336 98368 131096 131120 135176 151552 163872 180224
1 7 4101 4108 10241 11264 12289 17152 17920 25600 28672 32960 33152 49408 65632 98368 114688 131096 131120 135176 151552 196640 212992
1 7 4101 4108 10241 11264 12289 17152 17920 25600 28672 32960 33152 49408 65632 98368 131096 131120 135176 151552 180224 196640 229376
1 7 4101 4108 10241 11264 12289 17152 17920 25600 28672 32960 33152 49408 69640 86016 98368 114688 131096 131120 131168 196616 196672
1 7 4101 4108 10241 11264 12289 17152 17920 25600 28672 32960 33152 49408 86016 98368 114688 131096 131120 131168 135176 196672 200704
1 7 4101 4108 10241 11264 12289 17152 17920 25600 28672 32960 33152 49408 98368 114688 131096 131120 131168 135176 151552 196672 212992
1 7 4101 4108 10241 11264 12289 17152 17920 25600 28672 32960 33152 49408 98368 131096 131120 131168 135176 151552 180224 196672 229376
1 7 4101 4108 10241 11264 12289 17152 17920 25600 28672 32960 49408 53248 65920 98432 98560 131096 131120 131168 135176 163904 167936
1 7 4101 4108 10241 11264 12289 17152 17920 25600 28672 32960 49408 65920 98432 98560 131096 131120 131168 135176 151552 163904 180224
1 7 4101 4108 10241 11264 12289 17152 17920 25600 28672 33152 49280 49408 65584 65632 65728 82048 86016 131096 135176 196624 200704
1 7 4101 4108 10241 11264 12289 17152 17920 25600 28672 33152 49280 49408 65584 65632 65728 82048 131096 135176 151552 196624 212992
1 7 4101 4108 10241 11264 12289 17152 17920 25600 28672 33152 49280 49408 65632 65728 82048 86016 131096 131120 135176 196640 200704
1 7 4101 4108 10241 11264 12289 17152 17920 25600 28672 33152 49280 49408 65632 65728 82048 131096 131120 135176 151552 196640 212992
1 7 4101 4108 10241 11264 12289 17152 17920 25600 28672 33152 49408 53248 65584 65632 65728 98432 102400 131096 135176 196624 200704
1 7 4101 4108 10241 11264 12289 17152 17920 25600 28672 33152 49408 53248 65584 65632 65728 98432 131096 135176 167936 196624 229376
1 7 4101 4108 10241 11264 12289 17152 17920 25600 28672 33152 49408 53248 65632 65728 98336 98432 131096 131120 135176 163872 167936
1 7 4101 4108 10241 11264 12289 17152 17920 25600 28672 33152 49408 53248 65632 65728 98432 102400 131096 131120 135176 196640 200704
1 7 4101 4108 10241 11264 12289 17152 17920 25600 28672 33152 49408 53248 65632 65728 98432 131096 131120 135176 167936 196640 229376
1 7 4101 4108 10241 11264 12289 17152 17920 25600 28672 33152 49408 53248 65728 98368 98432 131096 131120 131168 135176 163904 167936
1 7 4101 4108 10241 11264 12289 17152 17920 25600 28672 33152 49408 53248 65728 98432 102400 131096 131120 131168 135176 196672 200704
1 7 4101 4108 10241 11264 12289 17152 17920 25600 28672 33152 49408 53248 65728 98432 131096 131120 131168 135176 167936 196672 229376
1 7 4101 4108 10241 11264 12289 17152 17920 25600 28672 33152 49408 65584 65632 65728 86016 98432 114688 131096 135176 196624 200704
1 7 4101 4108 10241 11264 12289 17152 17920 25600 28672 33152 49408 65584 65632 65728 98432 114688 131096 135176 151552 196624 212992
1 7 4101 4108 10241 11264 12289 17152 17920 25600 28672 33152 49408 65584 65632 65728 98432 131096 135176 151552 180224 196624 229376
1 7 4101 4108 10241 11264 12289 17152 17920 25600 28672 33152 49408 65632 65728 86016 98432 114688 131096 131120 135176 196640 200704
1 7 4101 4108 10241 11264 12289 17152 17920 25600 28672 33152 49408 65632 65728 98336 98432 131096 131120 135176 151552 163872 180224
1 7 4101 4108 10241 11264 12289 17152 17920 25600 28672 33152 49408 65632 65728 98432 114688 131096 131120 135176 151552 196640 212992
1 7 4101 4108 10241 11264 12289 17152 17920 25600 28672 33152 49408 65632 65728 98432 131096 131120 135176 151552 180224 196640 229376
1 7 4101 4108 10241 11264 12289 17152 17920 25600 28672 33152 49408 65728 86016 98432 114688 131096 131120 131168 135176 196672 200704
1 7 4101 4108 10241 11264 12289 17152 17920 25600 28672 33152 49408 65728 98368 98432 131096 131120 131168 135176 151552 163904 180224
1 7 4101 4108 10241 11264 12289 17152 17920 25600 28672 33152 49408 65728 98432 114688 131096 131120 131168 135176 151552 196672 212992
1 7 4101 4108 10241 11264 12289 17152 17920 25600 28672 33152 49408 65728 98432 131096 131120 131168 135176 151552 180224 196672 229376
1 7 4101 4108 10241 11264 12289 17152 17920 25600 28672 49408 53248 65632 65728 65920 98336 98560 131096 131120 135176 163872 167936
1 7 4101 4108 10241 11264 12289 17152 17920 25600 28672 49408 53248 65632 65728 65920 98560 102400 131096 131120 135176 196640 200704
1 7 4101 4108 10241 11264 12289 17152 17920 25600 28672 49408 53248 65632 65728 65920 98560 131096 131120 135176 167936 196640 229376
1 7 4101 4108 10241 11264 12289 17152 17920 25600 28672 49408 53248 65728 65920 98368 98560 131096 131120 131168 135176 163904 167936
1 7 4101 4108 10241 11264 12289 17152 17920 25600 28672 49408 53248 65728 65920 98560 102400 131096 131120 131168 135176 196672 200704
1 7 4101 4108 10241 11264 12289 17152 17920 25600 28672 49408 53248 65728 65920 98560 131096 131120 131168 135176 167936 196672 229376
1 7 4101 4108 10241 11264 12289 17152 17920 25600 28672 49408 65632 65728 65920 86016 98560 114688 131096 131120 135176 196640 200704
1 7 4101 4108 10241 11264 12289 17152 17920 25600 28672 49408 65632 65728 65920 98336 98560 131096 131120 135176 151552 163872 180224
1 7 4101 4108 10241 11264 12289 17152 17920 25600 28672 49408 65632 65728 65920 98560 114688 131096 131120 135176 151552 196640 212992
1 7 4101 4108 10241 11264 12289 17152 17920 25600 28672 49408 65632 65728 65920 98560 131096 131120 135176 151552 180224 196640 229376
1 7 4101 4108 10241 11264 12289 17152 17920 25600 28672 49408 65728 65920 86016 98560 114688 131096 131120 131168 135176 196672 200704
1 7 4101 4108 10241 11264 12289 17152 17920 25600 28672 49408 65728 65920 98368 98560 131096 131120 131168 135176 151552 163904 180224
1 7 4101 4108 10241 11264 12289 17152 17920 25600 28672 49408 65728 65920 98560 114688 131096 131120 131168 135176 151552 196672 212992
1 7 4101 4108 10241 11264 12289 17152 17920 25600 28672 49408 65728 65920 98560 131096 131120 131168 135176 151552 180224 196672 229376
1 7 4101 4108 10241 11264 12289 17152 17920 28672 41984 50176 57344 65632 65728 65920 82176 86016 131096 131120 135176 196640 200704
1 7 4101 4108 10241 11264 12289 17152 17920 28672 41984 50176 57344 65632 65728 65920 82176 131096 131120 135176 151552 196640 212992
1 7 4101 4108 10241 11264 12289 17152 17920 28672 41984 50176 57344 65728 65920 82176 86016 131096 131120 131168 135176 196672 200704
1 7 4101 4108 10241 11264 12289 17152 17920 28672 41984 50176 57344 65728 65920 82176 131096 131120 131168 135176 151552 196672 212992
1 7 4101 4108 10241 11264 12289 17152 25088 28672 32864 32960 33152 49408 53248 65560 65584 69640 98336 102400 132608 139776 140288
1 7 4101 4108 10241 11264 12289 17152 25088 28672 32864 32960 33152 49408 65560 65584 69640 86016 98336 114688 132608 139776 140288
1 7 4101 4108 10241 11264 12289 17152 25088 28672 32960 33152 49216 49408 65560 65584 65632 69640 81984 86016 132608 139776 140288
1 7 4101 4108 10241 11264 12289 17152 25088 28672 32960 33152 49408 53248 65560 65584 65632 69640 98368 102400 132608 139776 140288
1 7 4101 4108 10241 11264 12289 17152 25088 28672 32960 33152 49408 65560 65584 65632 69640 86016 98368 114688 132608 139776 140288
1 7 4101 4108 10241 11264 12289 17152 25600 28672 34304 49664 50176 65632 65728 65920 82176 86016 131096 131120 135176 196640 200704
1 7 4101 4108 10241 11264 12289 17152 25600 28672 34304 49664 50176 65632 65728 65920 82176 131096 131120 135176 151552 196640 212992
1 7 4101 4108 10241 11264 12289 17152 25600 28672 34304 49664 50176 65728 65920 82176 86016 131096 131120 131168 135176 196672 200704
1 7 4101 4108 10241 11264 12289 17152 25600 28672 34304 49664 50176 65728 65920 82176 131096 131120 131168 135176 151552 196672 212992
1 7 4101 4108 10241 11264 12289 17152 28672 34304 41984 49664 57344 65632 65728 65920 82176 86016 131096 131120 135176 196640 200704
1 7 4101 4108 10241 11264 12289 17152 28672 34304 41984 49664 57344 65632 65728 65920 82176 131096 131120 135176 151552 196640 212992
1 7 4101 4108 10241 11264 12289 17152 28672 34304 41984 49664 57344 65728 65920 81984 82176 131096 131120 131168 135176 147520 151552
1 7 4101 4108 10241 11264 12289 17152 28672 34304 41984 49664 57344 65728 65920 82176 86016 131096 131120 131168 135176 196672 200704
1 7 4101 4108 10241 11264 12289 17152 28672 34304 41984 49664 57344 65728 65920 82176 131096 131120 131168 135176 151552 196672 212992
1 7 4101 4108 10241 11264 12289 17920 25600 28672 32960 33152 33536 49664 53248 65560 65584 65632 69640 102400 163904 196672 229376
1 7 4101 4108 10241 11264 12289 17920 25600 28672 32960 33152 33536 49664 53248 65560 65584 65632 98368 102400 135176 196616 200704
1 7 4101 4108 10241 11264 12289 17920 25600 28672 32960 33152 33536 49664 53248 65560 65584 69640 98368 102400 131168 196640 196672
1 7 4101 4108 10241 11264 12289 17920 25600 28672 32960 33152 33536 49664 53248 65560 65584 69640 102400 131168 163904 196640 229376
1 7 4101 4108 10241 11264 12289 17920 25600 28672 32960 33152 33536 49664 53248 65560 65632 69640 98368 102400 131120 196624 196640
1 7 4101 4108 10241 11264 12289 17920 25600 28672 32960 33152 33536 49664 53248 65560 69640 98368 102400 131120 131168 196624 196672
1 7 4101 4108 10241 11264 12289 17920 25600 28672 32960 33152 33536 49664 53248 65560 69640 102400 131120 131168 163904 196624 229376
1 7 4101 4108 10241 11264 12289 17920 25600 28672 32960 33152 33536 49664 53248 65584 65632 69640 98368 102400 131096 196616 196624
1 7 4101 4108 10241 11264 12289 17920 25600 28672 32960 33152 33536 49664 53248 65584 65632 98368 102400 131096 135176 196624 200704
1 7 4101 4108 10241 11264 12289 17920 25600 28672 32960 33152 33536 49664 53248 65632 69640 98368 102400 131096 131120 196616 196640
1 7 4101 4108 10241 11264 12289 17920 25600 28672 32960 33152 33536 49664 53248 65632 98368 102400 131096 131120 135176 196640 200704
1 7 4101 4108 10241 11264 12289 17920 25600 28672 32960 33152 33536 49664 53248 69640 98368 102400 131096 131120 131168 196616 196672
1 7 4101 4108 10241 11264 12289 17920 25600 28672 32960 33152 33536 49664 53248 69640 102400 131096 131120 131168 163904 196616 229376
1 7 4101 4108 10241 11264 12289 17920 25600 28672 32960 33152 33536 49664 53248 98368 102400 131096 131120 131168 135176 196672 200704
1 7 4101 4108 10241 11264 12289 17920 25600 28672 32960 33152 33536 49664 53248 102400 131096 131120 131168 135176 163904 200704 229376
1 7 4101 4108 10241 11264 12289 17920 25600 28672 32960 33152 33536 49664 65560 65584 65632 69640 86016 114688 163904 196672 229376
1 7 4101 4108 10241 11264 12289 17920 25600 28672 32960 33152 33536 49664 65560 65584 65632 69640 98368 114688 151552 200704 212992
1 7 4101 4108 10241 11264 12289 17920 25600 28672 32960 33152 33536 49664 65560 65584 65632 86016 98368 114688 135176 196616 200704
1 7 4101 4108 10241 11264 12289 17920 25600 28672 32960 33152 33536 49664 65560 65584 65632 98368 114688 135176 151552 196616 212992
1 7 4101 4108 10241 11264 12289 17920 25600 28672 32960 33152 33536 49664 65560 65584 69640 86016 98368 114688 131168 196640 196672
1 7 4101 4108 10241 11264 12289 17920 25600 28672 32960 33152 33536 49664 65560 65584 69640 86016 114688 131168 163904 196640 229376
1 7 4101 4108 10241 11264 12289 17920 25600 28672 32960 33152 33536 49664 65560 65632 69640 86016 98368 114688 131120 196624 196640
1 7 4101 4108 10241 11264 12289 17920 25600 28672 32960 33152 33536 49664 65560 69640 86016 98368 114688 131120 131168 196624 196672
1 7 4101 4108 10241 11264 12289 17920 25600 28672 32960 33152 33536 49664 65560 69640 86016 114688 131120 131168 163904 196624 229376
1 7 4101 4108 10241 11264 12289 17920 25600 28672 32960 33152 33536 49664 65584 65632 69640 86016 98368 114688 131096 196616 196624
1 7 4101 4108 10241 11264 12289 17920 25600 28672 32960 33152 33536 49664 65584 65632 86016 98368 114688 131096 135176 196624 200704
1 7 4101 4108 10241 11264 12289 17920 25600 28672 32960 33152 33536 49664 65584 65632 98368 114688 131096 135176 151552 196624 212992
1 7 4101 4108 10241 11264 12289 17920 25600 28672 32960 33152 33536 49664 65632 69640 86016 98368 114688 131096 131120 196616 196640
1 7 4101 4108 10241 11264 12289 17920 25600 28672 32960 33152 33536 49664 65632 86016 98368 114688 131096 131120 135176 196640 200704
1 7 4101 4108 10241 11264 12289 17920 25600 28672 32960 33152 33536 49664 65632 98368 114688 131096 131120 135176 151552 196640 212992
1 7 4101 4108 10241 11264 12289 17920 25600 28672 32960 33152 33536 49664 69640 86016 98368 114688 131096 131120 131168 196616 196672
1 7 4101 4108 10241 11264 12289 17920 25600 28672 32960 33152 33536 49664 69640 86016 114688 131096 131120 131168 163904 196616 229376
1 7 4101 4108 10241 11264 12289 17920 25600 28672 32960 33152 33536 49664 86016 98368 114688 131096 131120 131168 135176 196672 200704
1 7 4101 4108 10241 11264 12289 17920 25600 28672 32960 33152 33536 49664 86016 102400 114688 131096 131120 131168 135176 163904 167936
1 7 4101 4108 10241 11264 12289 17920 25600 28672 32960 33152 33536 49664 86016 114688 131096 131120 131168 135176 163904 200704 229376
1 7 4101 4108 10241 11264 12289 17920 25600 28672 32960 33152 33536 49664 98368 114688 131096 131120 131168 135176 151552 196672 212992
1 7 4101 4108 10241 11264 12289 17920 25600 28672 32960 33152 33536 49664 114688 131096 131120 131168 135176 151552 163904 212992 229376
1 7 4101 4108 10241 11264 12289 17920 25600 28672 32960 33152 49664 53248 65560 65584 65632 69640 98368 102400 131840 164096 164352
1 7 4101 4108 10241 11264 12289 17920 25600 28672 32960 33152 49664 65560 65584 65632 69640 86016 98368 114688 131840 164096 164352
1 7 4101 4108 10241 11264 12289 17920 25600 28672 32960 33536 49664 53248 65560 65584 65632 69640 98368 102400 131456 163968 164096
1 7 4101 4108 10241 11264 12289 17920 25600 28672 32960 33536 49664 65560 65584 65632 69640 86016 98368 114688 131456 163968 164096
1 7 4101 4108 10241 11264 12289 17920 25600 28672 32960 49664 53248 65560 65584 65632 69640 98368 102400 131456 131840 163968 164352
1 7 4101 4108 10241 11264 12289 17920 25600 28672 32960 49664 65560 65584 65632 69640 86016 98368 114688 131456 131840 163968 164352
1 7 4101 4108 10241 11264 12289 17920 25600 28672 33152 33536 49280 49664 65584 65632 65728 82048 86016 131096 135176 196624 200704
1 7 4101 4108 10241 11264 12289 17920 25600 28672 33152 33536 49280 49664 65584 65632 65728 82048 131096 135176 151552 196624 212992
1 7 4101 4108 10241 11264 12289 17920 25600 28672 33152 33536 49280 49664 65632 65728 82048 86016 131096 131120 135176 196640 200704
1 7 4101 4108 10241 11264 12289 17920 25600 28672 33152 33536 49280 49664 65632 65728 82048 131096 131120 135176 151552 196640 212992
1 7 4101 4108 10241 11264 12289 17920 25600 28672 33152 33536 49664 53248 65560 65584 65632 69640 98368 102400 131264 163904 163968
1 7 4101 4108 10241 11264 12289 17920 25600 28672 33152 33536 49664 53248 65560 65584 65632 69640 102400 131264 163968 196672 229376
1 7 4101 4108 10241 11264 12289 17920 25600 28672 33152 33536 49664 53248 65560 65584 69640 102400 131168 131264 163968 196640 229376
1 7 4101 4108 10241 11264 12289 17920 25600 28672 33152 33536 49664 53248 65560 69640 102400 131120 131168 131264 163968 196624 229376
1 7 4101 4108 10241 11264 12289 17920 25600 28672 33152 33536 49664 53248 65584 65632 65728 98432 102400 131096 135176 196624 200704
1 7 4101 4108 10241 11264 12289 17920 25600 28672 33152 33536 49664 53248 65632 65728 98432 102400 131096 131120 135176 196640 200704
1 7 4101 4108 10241 11264 12289 17920 25600 28672 33152 33536 49664 53248 65728 98432 102400 131096 131120 131168 135176 196672 200704
1 7 4101 4108 10241 11264 12289 17920 25600 28672 33152 33536 49664 65560 65584 65632 69640 86016 98368 114688 131264 163904 163968
1 7 4101 4108 10241 11264 12289 17920 25600 28672 33152 33536 49664 65560 65584 65632 69640 86016 114688 131264 163968 196672 229376
1 7 4101 4108 10241 11264 12289 17920 25600 28672 33152 33536 49664 65560 65584 69640 86016 114688 131168 131264 163968 196640 229376
1 7 4101 4108 10241 11264 12289 17920 25600 28672 33152 33536 49664 65560 69640 86016 114688 131120 131168 131264 163968 196624 229376
1 7 4101 4108 10241 11264 12289 17920 25600 28672 33152 33536 49664 65584 65632 65728 86016 98432 114688 131096 135176 196624 200704
1 7 4101 4108 10241 11264 12289 17920 25600 28672 33152 33536 49664 65584 65632 65728 98432 114688 131096 135176 151552 196624 212992
1 7 4101 4108 10241 11264 12289 17920 25600 28672 33152 33536 49664 65632 65728 86016 98432 114688 131096 131120 135176 196640 200704
1 7 4101 4108 10241 11264 12289 17920 25600 28672 33152 33536 49664 65632 65728 98432 114688 131096 131120 135176 151552 196640 212992
1 7 4101 4108 10241 11264 12289 17920 25600 28672 33152 33536 49664 65728 86016 98432 114688 131096 131120 131168 135176 196672 200704
1 7 4101 4108 10241 11264 12289 17920 25600 28672 33152 33536 49664 65728 98432 114688 131096 131120 131168 135176 151552 196672 212992
1 7 4101 4108 10241 11264 12289 17920 25600 28672 33536 49408 49664 65632 65728 65920 82176 86016 131096 131120 135176 196640 200704
1 7 4101 4108 10241 11264 12289 17920 25600 28672 33536 49408 49664 65632 65728 65920 82176 131096 131120 135176 151552 196640 212992
1 7 4101 4108 10241 11264 12289 17920 25600 28672 33536 49408 49664 65728 65920 82176 86016 131096 131120 131168 135176 196672 200704
1 7 4101 4108 10241 11264 12289 17920 25600 28672 33536 49408 49664 65728 65920 82176 131096 131120 131168 135176 151552 196672 212992
1 7 4101 4108 10241 11264 12289 17920 25600 28672 33536 49664 53248 65560 65584 65632 69640 98368 102400 131264 131456 163904 164096
1 7 4101 4108 10241 11264 12289 17920 25600 28672 33536 49664 53248 65560 65584 65632 69640 102400 131264 131456 164096 196672 229376
1 7 4101 4108 10241 11264 12289 17920 25600 28672 33536 49664 53248 65560 65584 69640 102400 131168 131264 131456 164096 196640 229376
1 7 4101 4108 10241 11264 12289 17920 25600 28672 33536 49664 53248 65632 65728 65920 98560 102400 131096 131120 135176 196640 200704
1 7 4101 4108 10241 11264 12289 17920 25600 28672 33536 49664 53248 65728 65920 98560 102400 131096 131120 131168 135176 196672 200704
1 7 4101 4108 10241 11264 12289 17920 25600 28672 33536 49664 65560 65584 65632 69640 86016 98368 114688 131264 131456 163904 164096
1 7 4101 4108 10241 11264 12289 17920 25600 28672 33536 49664 65560 65584 65632 69640 86016 114688 131264 131456 164096 196672 229376
1 7 4101 4108 10241 11264 12289 17920 25600 28672 33536 49664 65560 65584 69640 86016 114688 131168 131264 131456 164096 196640 229376
1 7 4101 4108 10241 11264 12289 17920 25600 28672 33536 49664 65632 65728 65920 86016 98560 114688 131096 131120 135176 196640 200704
1 7 4101 4108 10241 11264 12289 17920 25600 28672 33536 49664 65632 65728 65920 98560 114688 131096 131120 135176 151552 196640 212992
1 7 4101 4108 10241 11264 12289 17920 25600 28672 33536 49664 65728 65920 86016 98560 114688 131096 131120 131168 135176 196672 200704
1 7 4101 4108 10241 11264 12289 17920 25600 28672 33536 49664 65728 65920 98560 114688 131096 131120 131168 135176 151552 196672 212992
1 7 4101 4108 10241 11264 12289 17920 25600 28672 49664 53248 65560 65584 65632 69640 98368 102400 131264 131456 131840 163904 164352
1 7 4101 4108 10241 11264 12289 17920 25600 28672 49664 53248 65560 65584 65632 69640 102400 131264 131456 131840 164352 196672 229376
1 7 4101 4108 10241 11264 12289 17920 25600 28672 49664 53248 65728 65920 66304 98816 102400 131096 131120 131168 135176 196672 200704
1 7 4101 4108 10241 11264 12289 17920 25600 28672 49664 65560 65584 65632 69640 86016 98368 114688 131264 131456 131840 163904 164352
1 7 4101 4108 10241 11264 12289 17920 25600 28672 49664 65560 65584 65632 69640 86016 114688 131264 131456 131840 164352 196672 229376
1 7 4101 4108 10241 11264 12289 17920 25600 28672 49664 65728 65920 66304 86016 98816 114688 131096 131120 131168 135176 196672 200704
1 7 4101 4108 10241 11264 12289 17920 25600 28672 49664 65728 65920 66304 98816 114688 131096 131120 131168 135176 151552 196672 212992
1 7 4101 4108 10241 11264 12289 17920 28672 41984 50176 57344 65728 65920 66304 82432 86016 131096 131120 131168 135176 196672 200704
1 7 4101 4108 10241 11264 12289 17920 28672 41984 50176 57344 65728 65920 66304 82432 131096 131120 131168 135176 151552 196672 212992
1 7 4101 4108 10241 11264 12289 20488 28672 32792 32816 32864 49160 57344 65728 65920 66304 74240 98368 106496 132608 139776 140288
1 7 4101 4108 10241 11264 12289 20488 28672 32792 32816 32864 49160 57344 65728 65920 66304 98368 106496 132608 140288 197120 204800
1 7 4101 4108 10241 11264 12289 20488 28672 32792 32816 32864 49160 57344 65728 65920 66304 98368 132608 140288 172032 197120 229376
1 7 4101 4108 10241 11264 12289 20488 28672 32792 32816 32864 49160 57344 65728 65920 98368 106496 131840 132608 140288 196864 204800
1 7 4101 4108 10241 11264 12289 20488 28672 32792 32816 32864 49160 57344 65728 65920 98368 131840 132608 140288 172032 196864 229376
1 7 4101 4108 10241 11264 12289 20488 28672 32792 32816 49160 57344 65632 65728 65920 98336 106496 131840 132608 140288 196864 204800
1 7 4101 4108 10241 11264 12289 20488 28672 32792 32816 49160 57344 65632 65728 65920 98336 131840 132608 140288 172032 196864 229376
1 7 4101 4108 10241 11264 12289 20488 28672 32792 32816 49160 57344 65632 65728 98336 106496 131456 131840 132608 140288 196736 204800
1 7 4101 4108 10241 11264 12289 20488 28672 32792 32816 49160 57344 65632 65728 98336 131456 131840 132608 140288 172032 196736 229376
1 7 4101 4108 10241 11264 12289 20488 28672 32792 49160 57344 65584 65632 65728 98320 106496 131456 131840 132608 140288 196736 204800
1 7 4101 4108 10241 11264 12289 20488 28672 32792 49160 57344 65584 65632 65728 98320 131456 131840 132608 140288 172032 196736 229376
1 7 4101 4108 10241 11264 12289 20488 28672 32816 32864 32960 49168 57344 65920 66304 67072 74752 98432 106496 131096 147464 147472
1 7 4101 4108 10241 11264 12289 20488 28672 32816 32864 32960 57344 65560 81928 98320 114688 131456 131840 132608 140288 163968 172032
1 7 4101 4108 10241 11264 12289 20488 28672 32864 32960 33152 49184 57344 66304 67072 74752 98560 106496 131096 131120 147464 147488
1 7 4101 4108 10241 11264 12289 20488 28672 32864 32960 33152 57344 65560 65584 81928 98336 114688 131840 132608 140288 164096 172032
1 7 4101 4108 10241 11264 12289 20488 28672 32864 32960 49184 57344 65920 66304 67072 74752 98432 106496 131096 131120 147464 147488
1 7 4101 4108 10241 11264 12289 20488 28672 32864 32960 57344 65560 65584 81928 98336 114688 131456 131840 132608 140288 163968 172032
1 7 4101 4108 10241 11264 12289 20488 28672 32960 33152 33536 41472 49216 57344 67072 74240 74752 131096 131120 131168 147464 147520
1 7 4101 4108 10241 11264 12289 20488 28672 32960 33152 33536 41472 57344 65560 65584 65632 81928 98368 114688 132608 139776 140288
1 7 4101 4108 10241 11264 12289 20488 28672 32960 33152 33536 49216 57344 67072 74752 98816 106496 131096 131120 131168 147464 147520
1 7 4101 4108 10241 11264 12289 20488 28672 32960 33152 33536 57344 65560 65584 65632 81928 98368 114688 132608 140288 164352 172032
1 7 4101 4108 10241 11264 12289 20488 28672 32960 33152 49216 57344 66304 67072 74752 98560 106496 131096 131120 131168 147464 147520
1 7 4101 4108 10241 11264 12289 20488 28672 32960 33152 57344 65560 65584 65632 81928 98368 114688 131840 132608 140288 164096 172032
1 7 4101 4108 10241 11264 12289 20488 28672 33152 33536 34304 41984 57344 65560 65584 81928 114688 131168 131264 163968 196640 229376
1 7 4101 4108 10241 11264 12289 20488 28672 33152 33536 34304 41984 57344 65560 81928 114688 131120 131168 131264 163968 196624 229376
1 7 4101 4108 10241 11264 12289 20488 28672 33152 33536 34304 41984 57344 65584 65632 65728 81936 98432 114688 131096 147464 147472
1 7 4101 4108 10241 11264 12289 20488 28672 33152 33536 34304 41984 57344 65584 65632 65728 98432 114688 131096 147464 196624 212992
1 7 4101 4108 10241 11264 12289 20488 28672 33152 33536 34304 41984 57344 65632 65728 81952 98432 114688 131096 131120 147464 147488
1 7 4101 4108 10241 11264 12289 20488 28672 33152 33536 34304 41984 57344 65632 65728 98432 114688 131096 131120 147464 196640 212992
1 7 4101 4108 10241 11264 12289 20488 28672 33536 34304 41984 57344 65560 65584 65632 81928 114688 131264 131456 164096 196672 229376
1 7 4101 4108 10241 11264 12289 20488 28672 33536 34304 41984 57344 65560 65584 81928 114688 131168 131264 131456 164096 196640 229376
1 7 4101 4108 10241 11264 12289 20488 28672 33536 34304 41984 57344 65632 65728 65920 81952 98560 114688 131096 131120 147464 147488
1 7 4101 4108 10241 11264 12289 20488 28672 33536 34304 41984 57344 65632 65728 65920 98560 114688 131096 131120 147464 196640 212992
1 7 4101 4108 10241 11264 12289 20488 28672 33536 34304 41984 57344 65728 65920 81984 98560 114688 131096 131120 131168 147464 147520
1 7 4101 4108 10241 11264 12289 20488 28672 33536 34304 41984 57344 65728 65920 98560 114688 131096 131120 131168 147464 196672 212992
1 7 4101 4108 10241 11264 12289 20488 28672 34304 41984 57344 65560 65584 65632 81928 114688 131264 131456 131840 164352 196672 229376
1 7 4101 4108 10241 11264 12289 20488 28672 34304 41984 57344 65728 65920 66304 81984 98816 114688 131096 131120 131168 147464 147520
1 7 4101 4108 10241 11264 12289 20488 28672 34304 41984 57344 65728 65920 66304 98816 114688 131096 131120 131168 147464 196672 212992
1 7 4101 4108 10241 11264 12289 25088 28672 32960 33152 33536 49216 49664 65560 65584 65632 69640 81984 86016 132608 139776 140288
1 7 4101 4108 10241 11264 12289 25088 28672 32960 33152 33536 49664 53248 65560 65584 65632 69640 98368 102400 132608 139776 140288
1 7 4101 4108 10241 11264 12289 25088 28672 32960 33152 33536 49664 65560 65584 65632 69640 86016 98368 114688 132608 139776 140288
1 7 4101 4108 10241 11264 12289 25600 28672 33152 33536 34304 49280 50176 65584 65632 65728 82048 86016 131096 135176 196624 200704
1 7 4101 4108 10241 11264 12289 25600 28672 33152 33536 34304 49280 50176 65584 65632 65728 82048 131096 135176 151552 196624 212992
1 7 4101 4108 10241 11264 12289 25600 28672 33152 33536 34304 49280 50176 65632 65728 82048 86016 131096 131120 135176 196640 200704
1 7 4101 4108 10241 11264 12289 25600 28672 33152 33536 34304 49280 50176 65632 65728 82048 131096 131120 135176 151552 196640 212992
1 7 4101 4108 10241 11264 12289 25600 28672 33152 33536 34304 50176 53248 65584 65632 65728 98432 102400 131096 135176 196624 200704
1 7 4101 4108 10241 11264 12289 25600 28672 33152 33536 34304 50176 53248 65584 65632 65728 98432 131096 135176 167936 196624 229376
1 7 4101 4108 10241 11264 12289 25600 28672 33152 33536 34304 50176 53248 65632 65728 98432 102400 131096 131120 135176 196640 200704
1 7 4101 4108 10241 11264 12289 25600 28672 33152 33536 34304 50176 53248 65632 65728 98432 131096 131120 135176 167936 196640 229376
1 7 4101 4108 10241 11264 12289 25600 28672 33152 33536 34304 50176 65584 65632 65728 86016 98432 114688 131096 135176 196624 200704
1 7 4101 4108 10241 11264 12289 25600 28672 33152 33536 34304 50176 65584 65632 65728 98432 114688 131096 135176 151552 196624 212992
1 7 4101 4108 10241 11264 12289 25600 28672 33152 33536 34304 50176 65584 65632 65728 98432 131096 135176 151552 180224 196624 229376
1 7 4101 4108 10241 11264 12289 25600 28672 33152 33536 34304 50176 65632 65728 86016 98432 114688 131096 131120 135176 196640 200704
1 7 4101 4108 10241 11264 12289 25600 28672 33152 33536 34304 50176 65632 65728 98432 114688 131096 131120 135176 151552 196640 212992
1 7 4101 4108 10241 11264 12289 25600 28672 33152 33536 34304 50176 65632 65728 98432 131096 131120 135176 151552 180224 196640 229376
1 7 4101 4108 10241 11264 12289 25600 28672 33536 34304 49408 50176 65632 65728 65920 82176 86016 131096 131120 135176 196640 200704
1 7 4101 4108 10241 11264 12289 25600 28672 33536 34304 49408 50176 65632 65728 65920 82176 131096 131120 135176 151552 196640 212992
1 7 4101 4108 10241 11264 12289 25600 28672 33536 34304 49408 50176 65728 65920 82176 86016 131096 131120 131168 135176 196672 200704
1 7 4101 4108 10241 11264 12289 25600 28672 33536 34304 49408 50176 65728 65920 82176 131096 131120 131168 135176 151552 196672 212992
1 7 4101 4108 10241 11264 12289 25600 28672 33536 34304 50176 53248 65632 65728 65920 98560 102400 131096 131120 135176 196640 200704
1 7 4101 4108 10241 11264 12289 25600 28672 33536 34304 50176 53248 65632 65728 65920 98560 131096 131120 135176 167936 196640 229376
1 7 4101 4108 10241 11264 12289 25600 28672 33536 34304 50176 53248 65728 65920 98560 102400 131096 131120 131168 135176 196672 200704
1 7 4101 4108 10241 11264 12289 25600 28672 33536 34304 50176 53248 65728 65920 98560 131096 131120 131168 135176 167936 196672 229376
1 7 4101 4108 10241 11264 12289 25600 28672 33536 34304 50176 65632 65728 65920 86016 98560 114688 131096 131120 135176 196640 200704
1 7 4101 4108 10241 11264 12289 25600 28672 33536 34304 50176 65632 65728 65920 98560 114688 131096 131120 135176 151552 196640 212992
1 7 4101 4108 10241 11264 12289 25600 28672 33536 34304 50176 65632 65728 65920 98560 131096 131120 135176 151552 180224 196640 229376
1 7 4101 4108 10241 11264 12289 25600 28672 33536 34304 50176 65728 65920 86016 98560 114688 131096 131120 131168 135176 196672 200704
1 7 4101 4108 10241 11264 12289 25600 28672 33536 34304 50176 65728 65920 98560 114688 131096 131120 131168 135176 151552 196672 212992
1 7 4101 4108 10241 11264 12289 25600 28672 33536 34304 50176 65728 65920 98560 131096 131120 131168 135176 151552 180224 196672 229376
1 7 4101 4108 10241 11264 12289 25600 28672 34304 49664 50176 65728 65920 66304 82432 86016 131096 131120 131168 135176 196672 200704
1 7 4101 4108 10241 11264 12289 25600 28672 34304 49664 50176 65728 65920 66304 82432 131096 131120 131168 135176 151552 196672 212992
1 7 4101 4108 10241 11264 12289 25600 28672 34304 50176 53248 65728 65920 66304 98816 102400 131096 131120 131168 135176 196672 200704
1 7 4101 4108 10241 11264 12289 25600 28672 34304 50176 53248 65728 65920 66304 98816 131096 131120 131168 135176 167936 196672 229376
1 7 4101 4108 10241 11264 12289 25600 28672 34304 50176 65728 65920 66304 86016 98816 114688 131096 131120 131168 135176 196672 200704
1 7 4101 4108 10241 11264 12289 25600 28672 34304 50176 65728 65920 66304 98816 114688 131096 131120 131168 135176 151552 196672 212992
1 7 4101 4108 10241 11264 12289 25600 28672 34304 50176 65728 65920 66304 98816 131096 131120 131168 135176 151552 180224 196672 229376
1 7 4101 4108 10241 11264 12289 28672 32792 32816 32864 36872 53248 57344 65728 65920 66304 74240 98368 106496 132608 139776 140288
1 7 4101 4108 10241 11264 12289 28672 32792 32816 32864 36872 53248 57344 65728 65920 66304 98368 106496 132608 140288 197120 204800
1 7 4101 4108 10241 11264 12289 28672 32792 32816 32864 36872 53248 57344 65728 65920 66304 98368 132608 140288 172032 197120 229376
1 7 4101 4108 10241 11264 12289 28672 32792 32816 32864 36872 53248 57344 65728 65920 98368 106496 131840 132608 140288 196864 204800
1 7 4101 4108 10241 11264 12289 28672 32792 32816 32864 36872 53248 57344 65728 65920 98368 131840 132608 140288 172032 196864 229376
1 7 4101 4108 10241 11264 12289 28672 32792 32816 36872 53248 57344 65632 65728 65920 98336 106496 131840 132608 140288 196864 204800
1 7 4101 4108 10241 11264 12289 28672 32792 32816 36872 53248 57344 65632 65728 65920 98336 131840 132608 140288 172032 196864 229376
1 7 4101 4108 10241 11264 12289 28672 32792 32816 36872 53248 57344 65632 65728 98336 106496 131456 131840 132608 140288 196736 204800
1 7 4101 4108 10241 11264 12289 28672 32792 32816 36872 53248 57344 65632 65728 98336 131456 131840 132608 140288 172032 196736 229376
1 7 4101 4108 10241 11264 12289 28672 32792 36872 53248 57344 65584 65632 65728 98320 106496 131456 131840 132608 140288 196736 204800
1 7 4101 4108 10241 11264 12289 28672 32792 36872 53248 57344 65584 65632 65728 98320 131456 131840 132608 140288 172032 196736 229376
1 7 4101 4108 10241 11264 12289 28672 32816 32864 32960 49168 57344 65920 66304 67072 74752 98432 106496 131096 135176 147472 151552
1 7 4101 4108 10241 11264 12289 28672 32816 32864 32960 53248 57344 65560 69640 98320 102400 131456 131840 132608 140288 163968 172032
1 7 4101 4108 10241 11264 12289 28672 32816 32864 32960 57344 65560 69640 86016 98320 114688 131456 131840 132608 140288 163968 172032
1 7 4101 4108 10241 11264 12289 28672 32864 32960 33152 49184 57344 66304 67072 74752 98560 106496 131096 131120 135176 147488 151552
1 7 4101 4108 10241 11264 12289 28672 32864 32960 33152 53248 57344 65560 65584 69640 98336 102400 131840 132608 140288 164096 172032
1 7 4101 4108 10241 11264 12289 28672 32864 32960 33152 57344 65560 65584 69640 86016 98336 114688 131840 132608 140288 164096 172032
1 7 4101 4108 10241 11264 12289 28672 32864 32960 49184 57344 65920 66304 67072 74752 98432 106496 131096 131120 135176 147488 151552
1 7 4101 4108 10241 11264 12289 28672 32864 32960 53248 57344 65560 65584 69640 98336 102400 131456 131840 132608 140288 163968 172032
1 7 4101 4108 10241 11264 12289 28672 32864 32960 57344 65560 65584 69640 86016 98336 114688 131456 131840 132608 140288 163968 172032
1 7 4101 4108 10241 11264 12289 28672 32960 33152 33536 41472 49216 57344 67072 74240 74752 131096 131120 131168 135176 147520 151552
1 7 4101 4108 10241 11264 12289 28672 32960 33152 33536 41472 53248 57344 65560 65584 65632 69640 98368 102400 132608 139776 140288
1 7 4101 4108 10241 11264 12289 28672 32960 33152 33536 41472 57344 65560 65584 65632 69640 86016 98368 114688 132608 139776 140288
1 7 4101 4108 10241 11264 12289 28672 32960 33152 33536 49216 57344 67072 74752 98816 106496 131096 131120 131168 135176 147520 151552
1 7 4101 4108 10241 11264 12289 28672 32960 33152 33536 53248 57344 65560 65584 65632 69640 98368 102400 132608 140288 164352 172032
1 7 4101 4108 10241 11264 12289 28672 32960 33152 33536 57344 65560 65584 65632 69640 86016 98368 114688 132608 140288 164352 172032
1 7 4101 4108 10241 11264 12289 28672 32960 33152 49216 57344 66304 67072 74752 98560 106496 131096 131120 131168 135176 147520 151552
1 7 4101 4108 10241 11264 12289 28672 32960 33152 53248 57344 65560 65584 65632 69640 98368 102400 131840 132608 140288 164096 172032
1 7 4101 4108 10241 11264 12289 28672 32960 33152 57344 65560 65584 65632 69640 86016 98368 114688 131840 132608 140288 164096 172032
1 7 4101 4108 10241 11264 12289 28672 33152 33536 34304 41984 49280 57344 65584 65632 65728 81936 82048 131096 135176 147472 151552
1 7 4101 4108 10241 11264 12289 28672 33152 33536 34304 41984 49280 57344 65584 65632 65728 82048 86016 131096 135176 196624 200704
1 7 4101 4108 10241 11264 12289 28672 33152 33536 34304 41984 49280 57344 65584 65632 65728 82048 131096 135176 151552 196624 212992
1 7 4101 4108 10241 11264 12289 28672 33152 33536 34304 41984 49280 57344 65632 65728 81952 82048 131096 131120 135176 147488 151552
1 7 4101 4108 10241 11264 12289 28672 33152 33536 34304 41984 49280 57344 65632 65728 82048 86016 131096 131120 135176 196640 200704
1 7 4101 4108 10241 11264 12289 28672 33152 33536 34304 41984 49280 57344 65632 65728 82048 131096 131120 135176 151552 196640 212992
1 7 4101 4108 10241 11264 12289 28672 33152 33536 34304 41984 53248 57344 65560 65584 69640 102400 131168 131264 163968 196640 229376
1 7 4101 4108 10241 11264 12289 28672 33152 33536 34304 41984 53248 57344 65560 69640 102400 131120 131168 131264 163968 196624 229376
1 7 4101 4108 10241 11264 12289 28672 33152 33536 34304 41984 53248 57344 65584 65632 65728 98432 102400 131096 135176 196624 200704
1 7 4101 4108 10241 11264 12289 28672 33152 33536 34304 41984 53248 57344 65632 65728 98432 102400 131096 131120 135176 196640 200704
1 7 4101 4108 10241 11264 12289 28672 33152 33536 34304 41984 57344 65560 65584 69640 86016 114688 131168 131264 163968 196640 229376
1 7 4101 4108 10241 11264 12289 28672 33152 33536 34304 41984 57344 65560 69640 86016 114688 131120 131168 131264 163968 196624 229376
1 7 4101 4108 10241 11264 12289 28672 33152 33536 34304 41984 57344 65584 65632 65728 81936 98432 114688 131096 135176 147472 151552
1 7 4101 4108 10241 11264 12289 28672 33152 33536 34304 41984 57344 65584 65632 65728 86016 98432 114688 131096 135176 196624 200704
1 7 4101 4108 10241 11264 12289 28672 33152 33536 34304 41984 57344 65584 65632 65728 98432 114688 131096 135176 151552 196624 212992
1 7 4101 4108 10241 11264 12289 28672 33152 33536 34304 41984 57344 65632 65728 81952 98432 114688 131096 131120 135176 147488 151552
1 7 4101 4108 10241 11264 12289 28672 33152 33536 34304 41984 57344 65632 65728 86016 98432 114688 131096 131120 135176 196640 200704
1 7 4101 4108 10241 11264 12289 28672 33152 33536 34304 41984 57344 65632 65728 98432 114688 131096 131120 135176 151552 196640 212992
1 7 4101 4108 10241 11264 12289 28672 33536 34304 41984 49408 57344 65632 65728 65920 81952 82176 131096 131120 135176 147488 151552
1 7 4101 4108 10241 11264 12289 28672 33536 34304 41984 49408 57344 65632 65728 65920 82176 86016 131096 131120 135176 196640 200704
1 7 4101 4108 10241 11264 12289 28672 33536 34304 41984 49408 57344 65632 65728 65920 82176 131096 131120 135176 151552 196640 212992
1 7 4101 4108 10241 11264 12289 28672 33536 34304 41984 49408 57344 65728 65920 81984 82176 131096 131120 131168 135176 147520 151552
1 7 4101 4108 10241 11264 12289 28672 33536 34304 41984 49408 57344 65728 65920 82176 86016 131096 131120 131168 135176 196672 200704
1 7 4101 4108 10241 11264 12289 28672 33536 34304 41984 49408 57344 65728 65920 82176 131096 131120 131168 135176 151552 196672 212992
1 7 4101 4108 10241 11264 12289 28672 33536 34304 41984 53248 57344 65560 65584 65632 69640 102400 131264 131456 164096 196672 229376
1 7 4101 4108 10241 11264 12289 28672 33536 34304 41984 53248 57344 65560 65584 69640 102400 131168 131264 131456 164096 196640 229376
1 7 4101 4108 10241 11264 12289 28672 33536 34304 41984 53248 57344 65632 65728 65920 98560 102400 131096 131120 135176 196640 200704
1 7 4101 4108 10241 11264 12289 28672 33536 34304 41984 53248 57344 65728 65920 98560 102400 131096 131120 131168 135176 196672 200704
1 7 4101 4108 10241 11264 12289 28672 33536 34304 41984 57344 65560 65584 65632 69640 86016 114688 131264 131456 164096 196672 229376
1 7 4101 4108 10241 11264 12289 28672 33536 34304 41984 57344 65560 65584 69640 86016 114688 131168 131264 131456 164096 196640 229376
1 7 4101 4108 10241 11264 12289 28672 33536 34304 41984 57344 65632 65728 65920 81952 98560 114688 131096 131120 135176 147488 151552
1 7 4101 4108 10241 11264 12289 28672 33536 34304 41984 57344 65632 65728 65920 86016 98560 114688 131096 131120 135176 196640 200704
1 7 4101 4108 10241 11264 12289 28672 33536 34304 41984 57344 65632 65728 65920 98560 114688 131096 131120 135176 151552 196640 212992
1 7 4101 4108 10241 11264 12289 28672 33536 34304 41984 57344 65728 65920 81984 98560 114688 131096 131120 131168 135176 147520 151552
1 7 4101 4108 10241 11264 12289 28672 33536 34304 41984 57344 65728 65920 86016 98560 114688 131096 131120 131168 135176 196672 200704
1 7 4101 4108 10241 11264 12289 28672 33536 34304 41984 57344 65728 65920 98560 114688 131096 131120 131168 135176 151552 196672 212992
1 7 4101 4108 10241 11264 12289 28672 34304 41984 49664 57344 65728 65920 66304 81984 82432 131096 131120 131168 135176 147520 151552
1 7 4101 4108 10241 11264 12289 28672 34304 41984 49664 57344 65728 65920 66304 82432 86016 131096 131120 131168 135176 196672 200704
1 7 4101 4108 10241 11264 12289 28672 34304 41984 49664 57344 65728 65920 66304 82432 131096 131120 131168 135176 151552 196672 212992
1 7 4101 4108 10241 11264 12289 28672 34304 41984 53248 57344 65560 65584 65632 69640 102400 131264 131456 131840 164352 196672 229376
1 7 4101 4108 10241 11264 12289 28672 34304 41984 53248 57344 65728 65920 66304 98816 102400 131096 131120 131168 135176 196672 200704
1 7 4101 4108 10241 11264 12289 28672 34304 41984 57344 65560 65584 65632 69640 86016 114688 131264 131456 131840 164352 196672 229376
1 7 4101 4108 10241 11264 12289 28672 34304 41984 57344 65728 65920 66304 81984 98816 114688 131096 131120 131168 135176 147520 151552
1 7 4101 4108 10241 11264 12289 28672 34304 41984 57344 65728 65920 66304 86016 98816 114688 131096 131120 131168 135176 196672 200704
1 7 4101 4108 10241 11264 12289 28672 34304 41984 57344 65728 65920 66304 98816 114688 131096 131120 131168 135176 151552 196672 212992
1 7 4101 4108 10241 12289 16408 16432 16480 20488 28672 32960 33152 33536 41472 49216 57344 67072 68608 74240 141312 198656 204800
1 7 4101 4108 10241 12289 16408 16432 16480 20488 28672 32960 33152 33536 41472 49216 57344 67072 74240 74752 134144 140288 141312
1 7 4101 4108 10241 12289 16408 16432 16480 20488 28672 32960 33152 33536 41472 49216 57344 67072 74240 75776 134144 197632 198656
1 7 4101 4108 10241 12289 16408 16432 16480 20488 28672 32960 33152 33536 41472 49216 57344 67072 74240 134144 141312 197632 204800
1 7 4101 4108 10241 12289 16408 16432 16480 20488 28672 32960 33152 33536 41472 49216 57344 68608 74240 75776 132608 197120 197632
1 7 4101 4108 10241 12289 16408 16432 16480 20488 28672 32960 33152 33536 41472 49216 57344 74240 75776 132608 134144 197120 198656
1 7 4101 4108 10241 12289 16408 16432 16480 20488 28672 32960 33152 33536 41472 49216 57344 74240 132608 134144 141312 197120 204800
1 7 4101 4108 10241 12289 16408 16432 16480 20488 28672 32960 33152 33536 41472 57344 81984 98368 114688 132608 134144 139776 141312
1 7 4101 4108 10241 12289 16408 16432 16480 20488 28672 32960 33152 33536 49216 57344 67072 68608 75776 98816 172032 204800 229376
1 7 4101 4108 10241 12289 16408 16432 16480 20488 28672 32960 33152 33536 49216 57344 67072 68608 98816 106496 141312 198656 204800
1 7 4101 4108 10241 12289 16408 16432 16480 20488 28672 32960 33152 33536 49216 57344 67072 68608 98816 141312 172032 198656 229376
1 7 4101 4108 10241 12289 16408 16432 16480 20488 28672 32960 33152 33536 49216 57344 67072 74752 98816 106496 134144 140288 141312
1 7 4101 4108 10241 12289 16408 16432 16480 20488 28672 32960 33152 33536 49216 57344 67072 75776 98816 106496 134144 197632 198656
1 7 4101 4108 10241 12289 16408 16432 16480 20488 28672 32960 33152 33536 49216 57344 67072 98816 106496 134144 141312 197632 204800
1 7 4101 4108 10241 12289 16408 16432 16480 20488 28672 32960 33152 33536 49216 57344 67072 98816 134144 141312 172032 197632 229376
1 7 4101 4108 10241 12289 16408 16432 16480 20488 28672 32960 33152 33536 49216 57344 68608 75776 98816 106496 132608 197120 197632
1 7 4101 4108 10241 12289 16408 16432 16480 20488 28672 32960 33152 33536 49216 57344 74240 98816 106496 132608 134144 139776 141312
1 7 4101 4108 10241 12289 16408 16432 16480 20488 28672 32960 33152 33536 49216 57344 75776 98816 106496 132608 134144 197120 198656
1 7 4101 4108 10241 12289 16408 16432 16480 20488 28672 32960 33152 33536 49216 57344 98816 106496 132608 134144 141312 197120 204800
1 7 4101 4108 10241 12289 16408 16432 16480 20488 28672 32960 33152 33536 49216 57344 98816 132608 134144 141312 172032 197120 229376
1 7 4101 4108 10241 12289 16408 16432 16480 20488 28672 32960 33152 33536 57344 81984 98368 114688 132608 134144 141312 164352 172032
1 7 4101 4108 10241 12289 16408 16432 16480 20488 28672 32960 33152 41472 49216 57344 66304 98560 98816 132608 134144 139776 141312
1 7 4101 4108 10241 12289 16408 16432 16480 20488 28672 32960 33152 49216 57344 66304 67072 74752 98560 106496 134144 140288 141312
1 7 4101 4108 10241 12289 16408 16432 16480 20488 28672 32960 33152 49216 57344 66304 67072 98560 106496 134144 141312 197632 204800
1 7 4101 4108 10241 12289 16408 16432 16480 20488 28672 32960 33152 49216 57344 66304 67072 98560 134144 141312 172032 197632 229376
1 7 4101 4108 10241 12289 16408 16432 16480 20488 28672 32960 33152 49216 57344 66304 74240 98560 106496 132608 134144 139776 141312
1 7 4101 4108 10241 12289 16408 16432 16480 20488 28672 32960 33152 49216 57344 66304 98560 98816 132608 134144 141312 164352 172032
1 7 4101 4108 10241 12289 16408 16432 16480 20488 28672 32960 33152 49216 57344 66304 98560 106496 132608 134144 141312 197120 204800
1 7 4101 4108 10241 12289 16408 16432 16480 20488 28672 32960 33152 49216 57344 66304 98560 132608 134144 141312 172032 197120 229376
1 7 4101 4108 10241 12289 16408 16432 16480 20488 28672 32960 33536 41472 49216 57344 65920 98432 98560 132608 134144 139776 141312
1 7 4101 4108 10241 12289 16408 16432 16480 20488 28672 32960 33536 49216 57344 65920 98432 98560 132608 134144 141312 164352 172032
1 7 4101 4108 10241 12289 16408 16432 16480 20488 28672 32960 41472 49216 57344 65920 66304 98432 98816 132608 134144 139776 141312
1 7 4101 4108 10241 12289 16408 16432 16480 20488 28672 32960 49216 57344 65920 66304 74240 98432 106496 132608 134144 139776 141312
1 7 4101 4108 10241 12289 16408 16432 16480 20488 28672 32960 49216 57344 65920 66304 98432 98816 132608 134144 141312 164352 172032
1 7 4101 4108 10241 12289 16408 16432 16480 20488 28672 32960 49216 57344 65920 66304 98432 106496 132608 134144 141312 197120 204800
1 7 4101 4108 10241 12289 16408 16432 16480 20488 28672 32960 49216 57344 65920 66304 98432 132608 134144 141312 172032 197120 229376
1 7 4101 4108 10241 12289 16408 16432 16480 20488 28672 33152 33536 41472 49216 57344 65728 98368 98432 132608 134144 139776 141312
1 7 4101 4108 10241 12289 16408 16432 16480 20488 28672 33152 33536 41472 57344 65728 81984 98432 114688 132608 134144 139776 141312
1 7 4101 4108 10241 12289 16408 16432 16480 20488 28672 33152 33536 49216 57344 65728 98368 98432 132608 134144 141312 164352 172032
1 7 4101 4108 10241 12289 16408 16432 16480 20488 28672 33152 33536 57344 65728 81984 98432 114688 132608 134144 141312 164352 172032
1 7 4101 4108 10241 12289 16408 16432 16480 20488 28672 33536 34304 41984 57344 65728 65920 81984 98560 114688 134144 140288 141312
1 7 4101 4108 10241 12289 16408 16432 16480 20488 28672 33536 34304 57344 65728 65920 81984 98560 114688 134144 141312 164864 172032
1 7 4101 4108 10241 12289 16408 16432 16480 20488 28672 33536 41472 49216 57344 65728 65920 98368 98560 132608 134144 139776 141312
1 7 4101 4108 10241 12289 16408 16432 16480 20488 28672 33536 41472 57344 65728 65920 81984 98560 114688 132608 134144 139776 141312
1 7 4101 4108 10241 12289 16408 16432 16480 20488 28672 33536 49216 57344 65728 65920 98368 98560 132608 134144 141312 164352 172032
1 7 4101 4108 10241 12289 16408 16432 16480 20488 28672 33536 57344 65728 65920 81984 98560 114688 132608 134144 141312 164352 172032
1 7 4101 4108 10241 12289 16408 16432 16480 20488 28672 34304 35840 43008 57344 65728 65920 66304 81984 114688 164352 197120 229376
1 7 4101 4108 10241 12289 16408 16432 16480 20488 28672 34304 35840 43008 57344 65728 65920 66304 98816 114688 147520 196672 212992
1 7 4101 4108 10241 12289 16408 16432 16480 20488 28672 34304 35840 43008 57344 65728 65920 81984 98816 114688 131840 196864 197120
1 7 4101 4108 10241 12289 16408 16432 16480 20488 28672 34304 35840 43008 57344 65728 65920 81984 114688 131840 164352 196864 229376
1 7 4101 4108 10241 12289 16408 16432 16480 20488 28672 34304 35840 43008 57344 65728 66304 81984 98816 114688 131456 196736 196864
1 7 4101 4108 10241 12289 16408 16432 16480 20488 28672 34304 35840 43008 57344 65728 81984 98816 114688 131456 131840 196736 197120
1 7 4101 4108 10241 12289 16408 16432 16480 20488 28672 34304 35840 43008 57344 65728 81984 114688 131456 131840 164352 196736 229376
1 7 4101 4108 10241 12289 16408 16432 16480 20488 28672 34304 35840 43008 57344 65920 66304 81984 98816 114688 131264 196672 196736
1 7 4101 4108 10241 12289 16408 16432 16480 20488 28672 34304 35840 43008 57344 65920 66304 98816 114688 131264 147520 196736 212992
1 7 4101 4108 10241 12289 16408 16432 16480 20488 28672 34304 35840 43008 57344 66304 81984 98816 114688 131264 131456 196672 196864
1 7 4101 4108 10241 12289 16408 16432 16480 20488 28672 34304 35840 43008 57344 66304 98816 114688 131264 131456 147520 196864 212992
1 7 4101 4108 10241 12289 16408 16432 16480 20488 28672 34304 35840 43008 57344 81984 98816 114688 131264 131456 131840 196672 197120
1 7 4101 4108 10241 12289 16408 16432 16480 20488 28672 34304 35840 43008 57344 81984 114688 131264 131456 131840 164352 196672 229376
1 7 4101 4108 10241 12289 16408 16432 16480 20488 28672 34304 35840 43008 57344 98816 114688 131264 131456 131840 147520 197120 212992
1 7 4101 4108 10241 12289 16408 16432 16480 20488 28672 34304 35840 43008 57344 114688 131264 131456 131840 147520 164352 212992 229376
1 7 4101 4108 10241 12289 16408 16432 16480 20488 28672 34304 35840 57344 65728 65920 66304 81984 98816 114688 141312 165888 172032
1 7 4101 4108 10241 12289 16408 16432 16480 20488 28672 34304 41984 57344 65728 65920 66304 81984 98816 114688 134144 140288 141312
1 7 4101 4108 10241 12289 16408 16432 16480 20488 28672 34304 43008 57344 65728 65920 66304 81984 98816 114688 134144 164864 165888
1 7 4101 4108 10241 12289 16408 16432 16480 20488 28672 34304 57344 65728 65920 66304 81984 98816 114688 134144 141312 164864 172032
1 7 4101 4108 10241 12289 16408 16432 16480 20488 28672 35840 43008 57344 65728 65920 66304 81984 98816 114688 132608 164352 164864
1 7 4101 4108 10241 12289 16408 16432 16480 20488 28672 35840 43008 57344 65728 65920 66304 81984 114688 132608 164864 197120 229376
1 7 4101 4108 10241 12289 16408 16432 16480 20488 28672 35840 43008 57344 65728 65920 81984 114688 131840 132608 164864 196864 229376
1 7 4101 4108 10241 12289 16408 16432 16480 20488 28672 35840 43008 57344 66304 67072 99328 114688 131264 131456 147520 196864 212992
1 7 4101 4108 10241 12289 16408 16432 16480 20488 28672 35840 43008 57344 67072 99328 114688 131264 131456 131840 147520 197120 212992
1 7 4101 4108 10241 12289 16408 16432 16480 20488 28672 41472 49216 57344 65728 65920 66304 98368 98816 132608 134144 139776 141312
1 7 4101 4108 10241 12289 16408 16432 16480 20488 28672 41472 57344 65728 65920 66304 81984 98816 114688 132608 134144 139776 141312
1 7 4101 4108 10241 12289 16408 16432 16480 20488 28672 43008 57344 65728 65920 66304 81984 98816 114688 132608 134144 164352 165888
1 7 4101 4108 10241 12289 16408 16432 16480 20488 28672 43008 57344 65728 65920 66304 81984 114688 132608 134144 165888 197120 229376
1 7 4101 4108 10241 12289 16408 16432 16480 20488 28672 43008 57344 67072 68608 100352 114688 131264 131456 131840 147520 197120 212992
1 7 4101 4108 10241 12289 16408 16432 16480 20488 28672 49216 57344 65728 65920 66304 74240 98368 106496 132608 134144 139776 141312
1 7 4101 4108 10241 12289 16408 16432 16480 20488 28672 49216 57344 65728 65920 66304 98368 98816 132608 134144 141312 164352 172032
1 7 4101 4108 10241 12289 16408 16432 16480 20488 28672 49216 57344 65728 65920 66304 98368 106496 132608 134144 141312 197120 204800
1 7 4101 4108 10241 12289 16408 16432 16480 20488 28672 49216 57344 65728 65920 66304 98368 132608 134144 141312 172032 197120 229376
1 7 4101 4108 10241 12289 16408 16432 16480 20488 28672 57344 65728 65920 66304 74240 81984 106496 114688 132608 134144 139776 141312
1 7 4101 4108 10241 12289 16408 16432 16480 20488 28672 57344 65728 65920 66304 81984 98816 114688 132608 134144 141312 164352 172032
1 7 4101 4108 10241 12289 16408 16432 16480 20488 28672 57344 65728 65920 66304 81984 106496 114688 132608 134144 141312 197120 204800
1 7 4101 4108 10241 12289 16408 16432 16480 20488 28672 57344 65728 65920 66304 81984 114688 132608 134144 141312 172032 197120 229376
1 7 4101 4108 10241 12289 16408 16432 16480 20488 28672 57344 67072 68608 75776 106496 114688 131264 131456 131840 147520 197120 212992
1 7 4101 4108 10241 12289 16408 16432 16480 28672 32960 33152 33536 41472 49216 57344 67072 68608 74240 75776 135176 147464 151552
1 7 4101 4108 10241 12289 16408 16432 16480 28672 32960 33152 33536 49216 57344 67072 68608 75776 98816 106496 135176 147464 151552
1 7 4101 4108 10241 12289 16408 16432 16480 28672 34304 35840 43008 57344 65728 65920 66304 81984 98816 114688 135176 147464 151552
1 7 4101 4108 10241 12289 16408 16432 20488 28672 32864 32960 33152 49184 57344 66304 67072 68608 75776 98560 172032 204800 229376
1 7 4101 4108 10241 12289 16408 16432 20488 28672 32864 32960 33152 49184 57344 66304 67072 68608 98560 106496 141312 198656 204800
1 7 4101 4108 10241 12289 16408 16432 20488 28672 32864 32960 33152 49184 57344 66304 67072 68608 98560 141312 172032 198656 229376
1 7 4101 4108 10241 12289 16408 16432 20488 28672 32864 32960 33152 49184 57344 66304 67072 74752 98560 106496 134144 140288 141312
1 7 4101 4108 10241 12289 16408 16432 20488 28672 32864 32960 33152 49184 57344 66304 67072 75776 98560 106496 134144 197632 198656
1 7 4101 4108 10241 12289 16408 16432 20488 28672 32864 32960 33152 49184 57344 66304 67072 98560 106496 134144 141312 197632 204800
1 7 4101 4108 10241 12289 16408 16432 20488 28672 32864 32960 33152 49184 57344 66304 67072 98560 134144 141312 172032 197632 229376
1 7 4101 4108 10241 12289 16408 16432 20488 28672 32864 32960 33152 49184 57344 66304 68608 75776 98560 106496 132608 197120 197632
1 7 4101 4108 10241 12289 16408 16432 20488 28672 32864 32960 33152 49184 57344 66304 74240 98560 106496 132608 134144 139776 141312
1 7 4101 4108 10241 12289 16408 16432 20488 28672 32864 32960 33152 49184 57344 66304 75776 98560 106496 132608 134144 197120 198656
1 7 4101 4108 10241 12289 16408 16432 20488 28672 32864 32960 33152 49184 57344 66304 98560 106496 132608 134144 141312 197120 204800
1 7 4101 4108 10241 12289 16408 16432 20488 28672 32864 32960 33152 49184 57344 66304 98560 132608 134144 141312 172032 197120 229376
1 7 4101 4108 10241 12289 16408 16432 20488 28672 32864 32960 33152 49184 57344 67072 68608 75776 98560 106496 131840 196864 197120
1 7 4101 4108 10241 12289 16408 16432 20488 28672 32864 32960 33152 49184 57344 68608 75776 98560 106496 131840 132608 196864 197632
1 7 4101 4108 10241 12289 16408 16432 20488 28672 32864 32960 33152 49184 57344 75776 98560 106496 131840 132608 134144 196864 198656
1 7 4101 4108 10241 12289 16408 16432 20488 28672 32864 32960 33152 49184 57344 98560 106496 131840 132608 134144 141312 196864 204800
1 7 4101 4108 10241 12289 16408 16432 20488 28672 32864 32960 33152 49184 57344 98560 131840 132608 134144 141312 172032 196864 229376
1 7 4101 4108 10241 12289 16408 16432 20488 28672 32864 32960 33152 57344 81952 98336 114688 131840 132608 134144 141312 164096 172032
1 7 4101 4108 10241 12289 16408 16432 20488 28672 32864 32960 49184 57344 65920 66304 67072 74752 98432 106496 134144 140288 141312
1 7 4101 4108 10241 12289 16408 16432 20488 28672 32864 32960 49184 57344 65920 66304 67072 98432 106496 134144 141312 197632 204800
1 7 4101 4108 10241 12289 16408 16432 20488 28672 32864 32960 49184 57344 65920 66304 67072 98432 134144 141312 172032 197632 229376
1 7 4101 4108 10241 12289 16408 16432 20488 28672 32864 32960 49184 57344 65920 66304 74240 98432 106496 132608 134144 139776 141312
1 7 4101 4108 10241 12289 16408 16432 20488 28672 32864 32960 49184 57344 65920 66304 98432 106496 132608 134144 141312 197120 204800
1 7 4101 4108 10241 12289 16408 16432 20488 28672 32864 32960 49184 57344 65920 66304 98432 132608 134144 141312 172032 197120 229376
1 7 4101 4108 10241 12289 16408 16432 20488 28672 32864 32960 49184 57344 65920 98432 98560 131840 132608 134144 141312 164096 172032
1 7 4101 4108 10241 12289 16408 16432 20488 28672 32864 32960 49184 57344 65920 98432 106496 131840 132608 134144 141312 196864 204800
1 7 4101 4108 10241 12289 16408 16432 20488 28672 32864 32960 49184 57344 65920 98432 131840 132608 134144 141312 172032 196864 229376
1 7 4101 4108 10241 12289 16408 16432 20488 28672 32864 33152 49184 57344 65728 98368 98432 131840 132608 134144 141312 164096 172032
1 7 4101 4108 10241 12289 16408 16432 20488 28672 32864 49184 57344 65728 65920 66304 74240 98368 106496 132608 134144 139776 141312
1 7 4101 4108 10241 12289 16408 16432 20488 28672 32864 49184 57344 65728 65920 66304 98368 106496 132608 134144 141312 197120 204800
1 7 4101 4108 10241 12289 16408 16432 20488 28672 32864 49184 57344 65728 65920 66304 98368 132608 134144 141312 172032 197120 229376
1 7 4101 4108 10241 12289 16408 16432 20488 28672 32864 49184 57344 65728 65920 98368 98560 131840 132608 134144 141312 164096 172032
1 7 4101 4108 10241 12289 16408 16432 20488 28672 32864 49184 57344 65728 65920 98368 106496 131840 132608 134144 141312 196864 204800
1 7 4101 4108 10241 12289 16408 16432 20488 28672 32864 49184 57344 65728 65920 98368 131840 132608 134144 141312 172032 196864 229376
1 7 4101 4108 10241 12289 16408 16432 20488 28672 32960 33152 33536 41472 49216 57344 67072 68608 74240 75776 131168 147488 147520
1 7 4101 4108 10241 12289 16408 16432 20488 28672 32960 33152 33536 41472 57344 65632 81952 98368 114688 132608 134144 139776 141312
1 7 4101 4108 10241 12289 16408 16432 20488 28672 32960 33152 33536 49216 57344 67072 68608 75776 98816 106496 131168 147488 147520
1 7 4101 4108 10241 12289 16408 16432 20488 28672 32960 33152 33536 57344 65632 81952 98368 114688 132608 134144 141312 164352 172032
1 7 4101 4108 10241 12289 16408 16432 20488 28672 32960 33152 49184 57344 65632 98336 98368 131840 132608 134144 141312 164096 172032
1 7 4101 4108 10241 12289 16408 16432 20488 28672 32960 33152 57344 65632 81952 98368 114688 131840 132608 134144 141312 164096 172032
1 7 4101 4108 10241 12289 16408 16432 20488 28672 33152 33536 34304 41984 57344 65632 65728 81952 98432 114688 134144 140288 141312
1 7 4101 4108 10241 12289 16408 16432 20488 28672 33152 33536 34304 57344 65632 65728 81952 98432 114688 134144 141312 164864 172032
1 7 4101 4108 10241 12289 16408 16432 20488 28672 33152 33536 41472 57344 65632 65728 81952 98432 114688 132608 134144 139776 141312
1 7 4101 4108 10241 12289 16408 16432 20488 28672 33152 33536 57344 65632 65728 81952 98432 114688 132608 134144 141312 164352 172032
1 7 4101 4108 10241 12289 16408 16432 20488 28672 33152 49184 57344 65632 65728 98336 98432 131840 132608 134144 141312 164096 172032
1 7 4101 4108 10241 12289 16408 16432 20488 28672 33152 57344 65632 65728 81952 98432 114688 131840 132608 134144 141312 164096 172032
1 7 4101 4108 10241 12289 16408 16432 20488 28672 33536 34304 35840 43008 57344 65632 65728 65920 81952 114688 164096 196864 229376
1 7 4101 4108 10241 12289 16408 16432 20488 28672 33536 34304 35840 43008 57344 65632 65728 65920 98560 114688 147488 196640 212992
1 7 4101 4108 10241 12289 16408 16432 20488 28672 33536 34304 35840 43008 57344 65632 65728 81952 98560 114688 131456 196736 196864
1 7 4101 4108 10241 12289 16408 16432 20488 28672 33536 34304 35840 43008 57344 65632 65728 81952 114688 131456 164096 196736 229376
1 7 4101 4108 10241 12289 16408 16432 20488 28672 33536 34304 35840 43008 57344 65632 65920 81952 98560 114688 131264 196672 196736
1 7 4101 4108 10241 12289 16408 16432 20488 28672 33536 34304 35840 43008 57344 65632 81952 98560 114688 131264 131456 196672 196864
1 7 4101 4108 10241 12289 16408 16432 20488 28672 33536 34304 35840 43008 57344 65632 81952 114688 131264 131456 164096 196672 229376
1 7 4101 4108 10241 12289 16408 16432 20488 28672 33536 34304 35840 43008 57344 65728 65920 81952 98560 114688 131168 196640 196672
1 7 4101 4108 10241 12289 16408 16432 20488 28672 33536 34304 35840 43008 57344 65728 65920 98560 114688 131168 147488 196672 212992
1 7 4101 4108 10241 12289 16408 16432 20488 28672 33536 34304 35840 43008 57344 65920 81952 98560 114688 131168 131264 196640 196736
1 7 4101 4108 10241 12289 16408 16432 20488 28672 33536 34304 35840 43008 57344 65920 98560 114688 131168 131264 147488 196736 212992
1 7 4101 4108 10241 12289 16408 16432 20488 28672 33536 34304 35840 43008 57344 81952 98560 114688 131168 131264 131456 196640 196864
1 7 4101 4108 10241 12289 16408 16432 20488 28672 33536 34304 35840 43008 57344 81952 114688 131168 131264 131456 164096 196640 229376
1 7 4101 4108 10241 12289 16408 16432 20488 28672 33536 34304 35840 43008 57344 98560 114688 131168 131264 131456 147488 196864 212992
1 7 4101 4108 10241 12289 16408 16432 20488 28672 33536 34304 35840 43008 57344 114688 131168 131264 131456 147488 164096 212992 229376
1 7 4101 4108 10241 12289 16408 16432 20488 28672 33536 34304 35840 57344 65632 65728 65920 81952 98560 114688 141312 165888 172032
1 7 4101 4108 10241 12289 16408 16432 20488 28672 33536 34304 41984 57344 65632 65728 65920 81952 98560 114688 134144 140288 141312
1 7 4101 4108 10241 12289 16408 16432 20488 28672 33536 34304 43008 57344 65632 65728 65920 81952 98560 114688 134144 164864 165888
1 7 4101 4108 10241 12289 16408 16432 20488 28672 33536 34304 57344 65632 65728 65920 81952 98560 114688 134144 141312 164864 172032
1 7 4101 4108 10241 12289 16408 16432 20488 28672 33536 35840 43008 57344 65632 65728 65920 81952 98560 114688 132608 164352 164864
1 7 4101 4108 10241 12289 16408 16432 20488 28672 33536 41472 57344 65632 65728 65920 81952 98560 114688 132608 134144 139776 141312
1 7 4101 4108 10241 12289 16408 16432 20488 28672 33536 43008 57344 65632 65728 65920 81952 98560 114688 132608 134144 164352 165888
1 7 4101 4108 10241 12289 16408 16432 20488 28672 33536 57344 65632 65728 65920 81952 98560 114688 132608 134144 141312 164352 172032
1 7 4101 4108 10241 12289 16408 16432 20488 28672 34304 35840 43008 57344 65632 65728 65920 81952 98560 114688 131840 164096 164352
1 7 4101 4108 10241 12289 16408 16432 20488 28672 34304 35840 43008 57344 65632 65728 65920 81952 114688 131840 164352 196864 229376
1 7 4101 4108 10241 12289 16408 16432 20488 28672 34304 35840 43008 57344 65632 65728 81952 114688 131456 131840 164352 196736 229376
1 7 4101 4108 10241 12289 16408 16432 20488 28672 34304 35840 43008 57344 65632 81952 114688 131264 131456 131840 164352 196672 229376
1 7 4101 4108 10241 12289 16408 16432 20488 28672 34304 35840 43008 57344 65728 65920 66304 81984 98816 114688 131168 147488 147520
1 7 4101 4108 10241 12289 16408 16432 20488 28672 34304 35840 43008 57344 65728 65920 66304 98816 114688 131168 147488 196672 212992
1 7 4101 4108 10241 12289 16408 16432 20488 28672 34304 35840 43008 57344 65920 66304 98816 114688 131168 131264 147488 196736 212992
1 7 4101 4108 10241 12289 16408 16432 20488 28672 34304 35840 43008 57344 66304 98816 114688 131168 131264 131456 147488 196864 212992
1 7 4101 4108 10241 12289 16408 16432 20488 28672 35840 43008 57344 65632 65728 65920 81952 98560 114688 131840 132608 164096 164864
1 7 4101 4108 10241 12289 16408 16432 20488 28672 35840 43008 57344 65632 65728 65920 81952 114688 131840 132608 164864 196864 229376
1 7 4101 4108 10241 12289 16408 16432 20488 28672 35840 43008 57344 65632 65728 81952 114688 131456 131840 132608 164864 196736 229376
1 7 4101 4108 10241 12289 16408 16432 20488 28672 35840 43008 57344 65920 66304 67072 99328 114688 131168 131264 147488 196736 212992
1 7 4101 4108 10241 12289 16408 16432 20488 28672 35840 43008 57344 66304 67072 99328 114688 131168 131264 131456 147488 196864 212992
1 7 4101 4108 10241 12289 16408 16432 20488 28672 43008 57344 65632 65728 65920 81952 98560 114688 131840 132608 134144 164096 165888
1 7 4101 4108 10241 12289 16408 16432 20488 28672 43008 57344 65632 65728 65920 81952 114688 131840 132608 134144 165888 196864 229376
1 7 4101 4108 10241 12289 16408 16432 20488 28672 43008 57344 66304 67072 68608 100352 114688 131168 131264 131456 147488 196864 212992
1 7 4101 4108 10241 12289 16408 16432 20488 28672 49184 57344 65632 65728 65920 98336 98560 131840 132608 134144 141312 164096 172032
1 7 4101 4108 10241 12289 16408 16432 20488 28672 49184 57344 65632 65728 65920 98336 106496 131840 132608 134144 141312 196864 204800
1 7 4101 4108 10241 12289 16408 16432 20488 28672 49184 57344 65632 65728 65920 98336 131840 132608 134144 141312 172032 196864 229376
1 7 4101 4108 10241 12289 16408 16432 20488 28672 57344 65632 65728 65920 81952 98560 114688 131840 132608 134144 141312 164096 172032
1 7 4101 4108 10241 12289 16408 16432 20488 28672 57344 65632 65728 65920 81952 106496 114688 131840 132608 134144 141312 196864 204800
1 7 4101 4108 10241 12289 16408 16432 20488 28672 57344 65632 65728 65920 81952 114688 131840 132608 134144 141312 172032 196864 229376
1 7 4101 4108 10241 12289 16408 16432 20488 28672 57344 66304 67072 68608 75776 106496 114688 131168 131264 131456 147488 196864 212992
1 7 4101 4108 10241 12289 16408 16432 28672 32864 32960 33152 49184 57344 66304 67072 68608 75776 98560 106496 135176 147464 151552
1 7 4101 4108 10241 12289 16408 16432 28672 33536 34304 35840 43008 57344 65632 65728 65920 81952 98560 114688 135176 147464 151552
1 7 4101 4108 10241 12289 16408 16480 20488 28672 32960 33152 33536 41472 49216 57344 67072 68608 74240 75776 131120 147472 147488
1 7 4101 4108 10241 12289 16408 16480 20488 28672 32960 33152 33536 49216 57344 67072 68608 75776 98816 106496 131120 147472 147488
1 7 4101 4108 10241 12289 16408 16480 20488 28672 34304 35840 43008 57344 65728 65920 66304 81984 98816 114688 131120 147472 147488
1 7 4101 4108 10241 12289 16408 20488 28672 32816 32864 32960 49168 57344 65920 66304 67072 74752 98432 106496 134144 140288 141312
1 7 4101 4108 10241 12289 16408 20488 28672 32816 32864 32960 49168 57344 65920 66304 67072 98432 106496 134144 141312 197632 204800
1 7 4101 4108 10241 12289 16408 20488 28672 32816 32864 32960 49168 57344 65920 66304 67072 98432 134144 141312 172032 197632 229376
1 7 4101 4108 10241 12289 16408 20488 28672 32816 32864 32960 49168 57344 65920 66304 74240 98432 106496 132608 134144 139776 141312
1 7 4101 4108 10241 12289 16408 20488 28672 32816 32864 32960 49168 57344 65920 66304 98432 106496 132608 134144 141312 197120 204800
1 7 4101 4108 10241 12289 16408 20488 28672 32816 32864 32960 49168 57344 65920 66304 98432 132608 134144 141312 172032 197120 229376
1 7 4101 4108 10241 12289 16408 20488 28672 32816 32864 49168 57344 65728 65920 66304 74240 98368 106496 132608 134144 139776 141312
1 7 4101 4108 10241 12289 16408 20488 28672 32816 32864 49168 57344 65728 65920 66304 98368 106496 132608 134144 141312 197120 204800
1 7 4101 4108 10241 12289 16408 20488 28672 32816 32864 49168 57344 65728 65920 66304 98368 132608 134144 141312 172032 197120 229376
1 7 4101 4108 10241 12289 16408 20488 28672 32816 32864 49168 57344 65728 65920 98368 106496 131840 132608 134144 141312 196864 204800
1 7 4101 4108 10241 12289 16408 20488 28672 32816 32864 49168 57344 65728 65920 98368 131840 132608 134144 141312 172032 196864 229376
1 7 4101 4108 10241 12289 16408 20488 28672 32816 49168 57344 65632 65728 65920 98336 106496 131840 132608 134144 141312 196864 204800
1 7 4101 4108 10241 12289 16408 20488 28672 32816 49168 57344 65632 65728 65920 98336 131840 132608 134144 141312 172032 196864 229376
1 7 4101 4108 10241 12289 16408 20488 28672 32864 32960 33152 49184 57344 66304 67072 68608 75776 98560 106496 131120 147472 147488
1 7 4101 4108 10241 12289 16408 20488 28672 32864 32960 33152 57344 65584 81936 98336 114688 131840 132608 134144 141312 164096 172032
1 7 4101 4108 10241 12289 16408 20488 28672 32960 33152 33536 41472 49216 57344 67072 68608 74240 75776 131120 131168 147472 147520
1 7 4101 4108 10241 12289 16408 20488 28672 32960 33152 33536 41472 57344 65584 65632 81936 98368 114688 132608 134144 139776 141312
1 7 4101 4108 10241 12289 16408 20488 28672 32960 33152 33536 49216 57344 67072 68608 75776 98816 106496 131120 131168 147472 147520
1 7 4101 4108 10241 12289 16408 20488 28672 32960 33152 33536 57344 65584 65632 81936 98368 114688 132608 134144 141312 164352 172032
1 7 4101 4108 10241 12289 16408 20488 28672 32960 33152 57344 65584 65632 81936 98368 114688 131840 132608 134144 141312 164096 172032
1 7 4101 4108 10241 12289 16408 20488 28672 33152 33536 34304 41984 57344 65584 65632 65728 81936 98432 114688 134144 140288 141312
1 7 4101 4108 10241 12289 16408 20488 28672 33152 33536 34304 57344 65584 65632 65728 81936 98432 114688 134144 141312 164864 172032
1 7 4101 4108 10241 12289 16408 20488 28672 33152 33536 41472 57344 65584 65632 65728 81936 98432 114688 132608 134144 139776 141312
1 7 4101 4108 10241 12289 16408 20488 28672 33152 33536 57344 65584 65632 65728 81936 98432 114688 132608 134144 141312 164352 172032
1 7 4101 4108 10241 12289 16408 20488 28672 33536 34304 35840 43008 57344 65584 65632 81936 114688 131264 131456 164096 196672 229376
1 7 4101 4108 10241 12289 16408 20488 28672 33536 34304 35840 43008 57344 65584 81936 114688 131168 131264 131456 164096 196640 229376
1 7 4101 4108 10241 12289 16408 20488 28672 33536 34304 35840 43008 57344 65632 65728 65920 81952 98560 114688 131120 147472 147488
1 7 4101 4108 10241 12289 16408 20488 28672 33536 34304 35840 43008 57344 65632 65728 65920 98560 114688 131120 147472 196640 212992
1 7 4101 4108 10241 12289 16408 20488 28672 33536 34304 35840 43008 57344 65728 65920 98560 114688 131120 131168 147472 196672 212992
1 7 4101 4108 10241 12289 16408 20488 28672 34304 35840 43008 57344 65584 65632 65728 81936 114688 131456 131840 164352 196736 229376
1 7 4101 4108 10241 12289 16408 20488 28672 34304 35840 43008 57344 65584 65632 81936 114688 131264 131456 131840 164352 196672 229376
1 7 4101 4108 10241 12289 16408 20488 28672 34304 35840 43008 57344 65728 65920 66304 81984 98816 114688 131120 131168 147472 147520
1 7 4101 4108 10241 12289 16408 20488 28672 34304 35840 43008 57344 65728 65920 66304 98816 114688 131120 131168 147472 196672 212992
1 7 4101 4108 10241 12289 16408 20488 28672 34304 35840 43008 57344 65920 66304 98816 114688 131120 131168 131264 147472 196736 212992
1 7 4101 4108 10241 12289 16408 20488 28672 35840 43008 57344 65584 65632 65728 81936 114688 131456 131840 132608 164864 196736 229376
1 7 4101 4108 10241 12289 16408 20488 28672 35840 43008 57344 65920 66304 67072 99328 114688 131120 131168 131264 147472 196736 212992
1 7 4101 4108 10241 12289 16432 16480 16576 28672 33152 33536 34304 41984 49280 57344 68608 74752 75776 131096 135176 147472 151552
1 7 4101 4108 10241 12289 16432 16480 16576 28672 33152 33536 34304 49280 57344 68608 75776 99328 106496 131096 135176 147472 151552
1 7 4101 4108 10241 12289 16432 16480 16576 28672 33152 33536 41472 49280 57344 67072 68608 74240 75776 131096 135176 147472 151552
1 7 4101 4108 10241 12289 16432 16480 16576 28672 33152 33536 49280 57344 67072 68608 75776 98816 106496 131096 135176 147472 151552
1 7 4101 4108 10241 12289 16432 16480 16576 28672 34304 35840 43008 57344 65920 66304 82048 98816 114688 131096 135176 147472 151552
1 7 4101 4108 10241 12289 16432 16480 16576 28672 35840 43008 57344 65920 66304 67072 82048 99328 114688 131096 135176 147472 151552
1 7 4101 4108 10241 12289 16432 16480 20488 28672 32960 33152 33536 41472 49216 57344 67072 68608 74240 75776 131096 147464 147472
1 7 4101 4108 10241 12289 16432 16480 20488 28672 32960 33152 33536 49216 57344 67072 68608 75776 98816 106496 131096 147464 147472
1 7 4101 4108 10241 12289 16432 16480 20488 28672 34304 35840 43008 57344 65728 65920 66304 81984 98816 114688 131096 147464 147472
1 7 4101 4108 10241 12289 16432 16480 28672 32960 33152 33536 41472 49216 57344 67072 68608 74240 75776 131096 135176 147472 151552
1 7 4101 4108 10241 12289 16432 16480 28672 32960 33152 33536 49216 57344 67072 68608 75776 98816 106496 131096 135176 147472 151552
1 7 4101 4108 10241 12289 16432 16480 28672 32960 33152 49216 57344 66304 67072 68608 75776 98560 106496 131096 135176 147472 151552
1 7 4101 4108 10241 12289 16432 16480 28672 33536 34304 35840 43008 57344 65728 65920 81984 98560 114688 131096 135176 147472 151552
1 7 4101 4108 10241 12289 16432 16480 28672 34304 35840 43008 57344 65728 65920 66304 81984 98816 114688 131096 135176 147472 151552
1 7 4101 4108 10241 12289 16432 20488 28672 32864 32960 33152 49184 57344 66304 67072 68608 75776 98560 106496 131096 147464 147472
1 7 4101 4108 10241 12289 16432 20488 28672 33536 34304 35840 43008 57344 65632 65728 65920 81952 98560 114688 131096 147464 147472
1 7 4101 4108 10241 12289 16432 28672 32864 32960 33152 49184 57344 66304 67072 68608 75776 98560 106496 131096 135176 147472 151552
1 7 4101 4108 10241 12289 16432 28672 33536 34304 35840 43008 57344 65632 65728 65920 81952 98560 114688 131096 135176 147472 151552
1 7 4101 4108 10241 12289 16480 16576 16768 28672 33536 34304 35840 43008 49408 57344 65560 65584 69640 81952 151552 200704 212992
1 7 4101 4108 10241 12289 16480 16576 16768 28672 33536 34304 35840 43008 49408 57344 65560 65584 81952 86016 135176 196616 200704
1 7 4101 4108 10241 12289 16480 16576 16768 28672 33536 34304 35840 43008 49408 57344 65560 65584 81952 135176 151552 196616 212992
1 7 4101 4108 10241 12289 16480 16576 16768 28672 33536 34304 35840 43008 49408 57344 65560 69640 81952 86016 131120 196624 196640
1 7 4101 4108 10241 12289 16480 16576 16768 28672 33536 34304 35840 43008 49408 57344 65584 69640 81952 86016 131096 196616 196624
1 7 4101 4108 10241 12289 16480 16576 16768 28672 33536 34304 35840 43008 49408 57344 65584 81952 86016 131096 135176 196624 200704
1 7 4101 4108 10241 12289 16480 16576 16768 28672 33536 34304 35840 43008 49408 57344 65584 81952 131096 135176 151552 196624 212992
1 7 4101 4108 10241 12289 16480 16576 16768 28672 33536 34304 35840 43008 49408 57344 69640 81952 86016 131096 131120 196616 196640
1 7 4101 4108 10241 12289 16480 16576 16768 28672 33536 34304 35840 43008 49408 57344 81952 86016 131096 131120 135176 196640 200704
1 7 4101 4108 10241 12289 16480 16576 16768 28672 33536 34304 35840 43008 49408 57344 81952 131096 131120 135176 151552 196640 212992
1 7 4101 4108 10241 12289 16480 16576 16768 28672 33536 34304 35840 43008 57344 82176 98560 114688 131096 131120 135176 147488 151552
1 7 4101 4108 10241 12289 16480 16576 16768 28672 33536 34304 35840 49408 57344 75776 100352 106496 131096 131120 135176 147488 151552
1 7 4101 4108 10241 12289 16480 16576 16768 28672 33536 34304 41984 49408 57344 68608 74752 75776 131096 131120 135176 147488 151552
1 7 4101 4108 10241 12289 16480 16576 16768 28672 33536 34304 43008 49408 57344 68608 99328 100352 131096 131120 135176 147488 151552
1 7 4101 4108 10241 12289 16480 16576 16768 28672 33536 34304 49408 57344 68608 75776 99328 106496 131096 131120 135176 147488 151552
1 7 4101 4108 10241 12289 16480 16576 16768 28672 33536 35840 43008 49408 57344 67072 98816 99328 131096 131120 135176 147488 151552
1 7 4101 4108 10241 12289 16480 16576 16768 28672 33536 41472 49408 57344 67072 68608 74240 75776 131096 131120 135176 147488 151552
1 7 4101 4108 10241 12289 16480 16576 16768 28672 33536 43008 49408 57344 67072 68608 98816 100352 131096 131120 135176 147488 151552
1 7 4101 4108 10241 12289 16480 16576 16768 28672 33536 49408 57344 67072 68608 75776 98816 106496 131096 131120 135176 147488 151552
1 7 4101 4108 10241 12289 16480 16576 16768 28672 34304 35840 43008 49408 57344 66304 98560 98816 131096 131120 135176 147488 151552
1 7 4101 4108 10241 12289 16480 16576 16768 28672 34304 35840 43008 57344 66304 82176 98816 114688 131096 131120 135176 147488 151552
1 7 4101 4108 10241 12289 16480 16576 16768 28672 35840 43008 49408 57344 66304 67072 98560 99328 131096 131120 135176 147488 151552
1 7 4101 4108 10241 12289 16480 16576 16768 28672 35840 43008 57344 66304 67072 82176 99328 114688 131096 131120 135176 147488 151552
1 7 4101 4108 10241 12289 16480 16576 16768 28672 43008 49408 57344 66304 67072 68608 98560 100352 131096 131120 135176 147488 151552
1 7 4101 4108 10241 12289 16480 16576 16768 28672 43008 57344 66304 67072 68608 82176 100352 114688 131096 131120 135176 147488 151552
1 7 4101 4108 10241 12289 16480 16576 16768 28672 49408 57344 66304 67072 68608 75776 98560 106496 131096 131120 135176 147488 151552
1 7 4101 4108 10241 12289 16480 16576 16768 28672 57344 66304 67072 68608 75776 82176 106496 114688 131096 131120 135176 147488 151552
1 7 4101 4108 10241 12289 16480 16576 28672 33152 33536 34304 41984 49280 57344 68608 74752 75776 131096 131120 135176 147488 151552
1 7 4101 4108 10241 12289 16480 16576 28672 33152 33536 34304 49280 57344 68608 75776 99328 106496 131096 131120 135176 147488 151552
1 7 4101 4108 10241 12289 16480 16576 28672 33152 33536 41472 49280 57344 67072 68608 74240 75776 131096 131120 135176 147488 151552
1 7 4101 4108 10241 12289 16480 16576 28672 33152 33536 49280 57344 67072 68608 75776 98816 106496 131096 131120 135176 147488 151552
1 7 4101 4108 10241 12289 16480 16576 28672 33152 49280 57344 66304 67072 68608 75776 98560 106496 131096 131120 135176 147488 151552
1 7 4101 4108 10241 12289 16480 16576 28672 33536 34304 35840 43008 49408 57344 65920 82048 82176 131096 131120 135176 147488 151552
1 7 4101 4108 10241 12289 16480 16576 28672 33536 34304 35840 43008 57344 65920 82048 98560 114688 131096 131120 135176 147488 151552
1 7 4101 4108 10241 12289 16480 16576 28672 34304 35840 43008 57344 65920 66304 82048 98816 114688 131096 131120 135176 147488 151552
1 7 4101 4108 10241 12289 16480 16576 28672 35840 43008 57344 65920 66304 67072 82048 99328 114688 131096 131120 135176 147488 151552
1 7 4101 4108 10241 12289 16480 16768 28672 33536 34304 35840 43008 49408 57344 65728 81984 82048 131096 131120 135176 147488 151552
1 7 4101 4108 10241 12289 16480 20488 28672 32960 33152 33536 41472 49216 57344 67072 68608 74240 75776 131096 131120 147464 147488
1 7 4101 4108 10241 12289 16480 20488 28672 32960 33152 33536 49216 57344 67072 68608 75776 98816 106496 131096 131120 147464 147488
1 7 4101 4108 10241 12289 16480 20488 28672 34304 35840 43008 57344 65728 65920 66304 81984 98816 114688 131096 131120 147464 147488
1 7 4101 4108 10241 12289 16480 28672 32960 33152 33536 41472 49216 57344 67072 68608 74240 75776 131096 131120 135176 147488 151552
1 7 4101 4108 10241 12289 16480 28672 32960 33152 33536 49216 57344 67072 68608 75776 98816 106496 131096 131120 135176 147488 151552
1 7 4101 4108 10241 12289 16480 28672 32960 33152 49216 57344 66304 67072 68608 75776 98560 106496 131096 131120 135176 147488 151552
1 7 4101 4108 10241 12289 16480 28672 33536 34304 35840 43008 49408 57344 65728 65920 81984 82176 131096 131120 135176 147488 151552
1 7 4101 4108 10241 12289 16480 28672 33536 34304 35840 43008 57344 65728 65920 81984 98560 114688 131096 131120 135176 147488 151552
1 7 4101 4108 10241 12289 16480 28672 34304 35840 43008 57344 65728 65920 66304 81984 98816 114688 131096 131120 135176 147488 151552
1 7 4101 4108 10241 12289 16576 16768 17152 25088 28672 32792 32816 32864 36872 49216 53248 67072 68608 74240 141312 198656 204800
1 7 4101 4108 10241 12289 16576 16768 17152 25088 28672 32792 32816 32864 36872 49216 53248 67072 74240 74752 134144 140288 141312
1 7 4101 4108 10241 12289 16576 16768 17152 25088 28672 32792 32816 32864 36872 49216 53248 67072 74240 75776 134144 197632 198656
1 7 4101 4108 10241 12289 16576 16768 17152 25088 28672 32792 32816 32864 36872 49216 53248 67072 74240 134144 141312 197632 204800
1 7 4101 4108 10241 12289 16576 16768 17152 25088 28672 32792 32816 32864 36872 49216 53248 68608 74240 75776 132608 197120 197632
1 7 4101 4108 10241 12289 16576 16768 17152 25088 28672 32792 32816 32864 36872 49216 53248 74240 75776 132608 134144 197120 198656
1 7 4101 4108 10241 12289 16576 16768 17152 25088 28672 32792 32816 32864 36872 49216 53248 74240 132608 134144 141312 197120 204800
1 7 4101 4108 10241 12289 16576 16768 17152 25088 28672 32792 32816 32864 36872 49216 86016 102400 114688 132608 134144 139776 141312
1 7 4101 4108 10241 12289 16576 16768 17152 25088 28672 32792 32816 32864 49216 53248 69640 98312 102400 132608 134144 139776 141312
1 7 4101 4108 10241 12289 16576 16768 17152 25088 28672 32792 32816 32864 49216 69640 86016 98312 114688 132608 134144 139776 141312
1 7 4101 4108 10241 12289 16576 16768 17152 25088 28672 32792 32816 36872 49216 53248 65632 98336 98368 132608 134144 139776 141312
1 7 4101 4108 10241 12289 16576 16768 17152 25088 28672 32792 32864 36872 49216 53248 65584 98320 98336 132608 134144 139776 141312
1 7 4101 4108 10241 12289 16576 16768 17152 25088 28672 32792 36872 49216 53248 65584 65632 98320 98368 132608 134144 139776 141312
1 7 4101 4108 10241 12289 16576 16768 17152 25088 28672 32816 32864 36872 49216 53248 65560 98312 98320 132608 134144 139776 141312
1 7 4101 4108 10241 12289 16576 16768 17152 25088 28672 32816 32864 49216 53248 65560 69640 98320 102400 132608 134144 139776 141312
1 7 4101 4108 10241 12289 16576 16768 17152 25088 28672 32816 32864 49216 65560 69640 86016 98320 114688 132608 134144 139776 141312
1 7 4101 4108 10241 12289 16576 16768 17152 25088 28672 32864 36872 49216 53248 65560 65584 98312 98336 132608 134144 139776 141312
1 7 4101 4108 10241 12289 16576 16768 17152 25088 28672 32864 49216 53248 65560 65584 69640 98336 102400 132608 134144 139776 141312
1 7 4101 4108 10241 12289 16576 16768 17152 25088 28672 32864 49216 65560 65584 69640 86016 98336 114688 132608 134144 139776 141312
1 7 4101 4108 10241 12289 16576 16768 17152 25088 28672 36872 49216 53248 65560 65584 65632 98312 98368 132608 134144 139776 141312
1 7 4101 4108 10241 12289 16576 16768 17152 25088 28672 49216 53248 65560 65584 65632 69640 98368 102400 132608 134144 139776 141312
1 7 4101 4108 10241 12289 16576 16768 17152 25088 28672 49216 65560 65584 65632 69640 86016 98368 114688 132608 134144 139776 141312
1 7 4101 4108 10241 12289 16576 16768 17152 28672 34304 35840 43008 49664 57344 65560 65584 65632 69640 81984 151552 200704 212992
1 7 4101 4108 10241 12289 16576 16768 17152 28672 34304 35840 43008 49664 57344 65560 65584 65632 81984 86016 135176 196616 200704
1 7 4101 4108 10241 12289 16576 16768 17152 28672 34304 35840 43008 49664 57344 65560 65584 65632 81984 135176 151552 196616 212992
1 7 4101 4108 10241 12289 16576 16768 17152 28672 34304 35840 43008 49664 57344 65560 65584 69640 81984 86016 131168 196640 196672
1 7 4101 4108 10241 12289 16576 16768 17152 28672 34304 35840 43008 49664 57344 65560 65632 69640 81984 86016 131120 196624 196640
1 7 4101 4108 10241 12289 16576 16768 17152 28672 34304 35840 43008 49664 57344 65560 69640 81984 86016 131120 131168 196624 196672
1 7 4101 4108 10241 12289 16576 16768 17152 28672 34304 35840 43008 49664 57344 65584 65632 69640 81984 86016 131096 196616 196624
1 7 4101 4108 10241 12289 16576 16768 17152 28672 34304 35840 43008 49664 57344 65584 65632 81984 86016 131096 135176 196624 200704
1 7 4101 4108 10241 12289 16576 16768 17152 28672 34304 35840 43008 49664 57344 65584 65632 81984 131096 135176 151552 196624 212992
1 7 4101 4108 10241 12289 16576 16768 17152 28672 34304 35840 43008 49664 57344 65632 69640 81984 86016 131096 131120 196616 196640
1 7 4101 4108 10241 12289 16576 16768 17152 28672 34304 35840 43008 49664 57344 65632 81984 86016 131096 131120 135176 196640 200704
1 7 4101 4108 10241 12289 16576 16768 17152 28672 34304 35840 43008 49664 57344 65632 81984 131096 131120 135176 151552 196640 212992
1 7 4101 4108 10241 12289 16576 16768 17152 28672 34304 35840 43008 49664 57344 69640 81984 86016 131096 131120 131168 196616 196672
1 7 4101 4108 10241 12289 16576 16768 17152 28672 34304 35840 43008 49664 57344 81984 86016 131096 131120 131168 135176 196672 200704
1 7 4101 4108 10241 12289 16576 16768 17152 28672 34304 35840 43008 49664 57344 81984 131096 131120 131168 135176 151552 196672 212992
1 7 4101 4108 10241 12289 16576 16768 17152 28672 34304 35840 43008 57344 82432 98816 114688 131096 131120 131168 135176 147520 151552
1 7 4101 4108 10241 12289 16576 16768 17152 28672 34304 35840 49664 57344 75776 100352 106496 131096 131120 131168 135176 147520 151552
1 7 4101 4108 10241 12289 16576 16768 17152 28672 34304 41984 49664 57344 68608 74752 75776 131096 131120 131168 135176 147520 151552
1 7 4101 4108 10241 12289 16576 16768 17152 28672 34304 43008 49664 57344 68608 99328 100352 131096 131120 131168 135176 147520 151552
1 7 4101 4108 10241 12289 16576 16768 17152 28672 34304 49664 57344 68608 75776 99328 106496 131096 131120 131168 135176 147520 151552
1 7 4101 4108 10241 12289 16576 16768 17152 28672 35840 43008 49664 57344 67072 98816 99328 131096 131120 131168 135176 147520 151552
1 7 4101 4108 10241 12289 16576 16768 17152 28672 35840 43008 57344 67072 82432 99328 114688 131096 131120 131168 135176 147520 151552
1 7 4101 4108 10241 12289 16576 16768 17152 28672 41472 49664 57344 67072 68608 74240 75776 131096 131120 131168 135176 147520 151552
1 7 4101 4108 10241 12289 16576 16768 17152 28672 43008 49664 57344 67072 68608 98816 100352 131096 131120 131168 135176 147520 151552
1 7 4101 4108 10241 12289 16576 16768 17152 28672 43008 57344 67072 68608 82432 100352 114688 131096 131120 131168 135176 147520 151552
1 7 4101 4108 10241 12289 16576 16768 17152 28672 49664 57344 67072 68608 75776 98816 106496 131096 131120 131168 135176 147520 151552
1 7 4101 4108 10241 12289 16576 16768 17152 28672 57344 67072 68608 75776 82432 106496 114688 131096 131120 131168 135176 147520 151552
1 7 4101 4108 10241 12289 16576 16768 25088 28672 33536 49408 49664 65560 65584 65632 69640 81984 86016 132608 134144 139776 141312
1 7 4101 4108 10241 12289 16576 16768 28672 33536 34304 35840 43008 49408 57344 65584 65632 81984 86016 131096 135176 196624 200704
1 7 4101 4108 10241 12289 16576 16768 28672 33536 34304 35840 43008 49408 57344 65584 65632 81984 131096 135176 151552 196624 212992
1 7 4101 4108 10241 12289 16576 16768 28672 33536 34304 35840 43008 49408 57344 65632 81952 81984 131096 131120 135176 147488 151552
1 7 4101 4108 10241 12289 16576 16768 28672 33536 34304 35840 43008 49408 57344 65632 81984 86016 131096 131120 135176 196640 200704
1 7 4101 4108 10241 12289 16576 16768 28672 33536 34304 35840 43008 49408 57344 65632 81984 131096 131120 135176 151552 196640 212992
1 7 4101 4108 10241 12289 16576 16768 28672 33536 34304 41984 49408 57344 68608 74752 75776 131096 131120 131168 135176 147520 151552
1 7 4101 4108 10241 12289 16576 16768 28672 33536 34304 49408 57344 68608 75776 99328 106496 131096 131120 131168 135176 147520 151552
1 7 4101 4108 10241 12289 16576 16768 28672 33536 41472 49408 57344 67072 68608 74240 75776 131096 131120 131168 135176 147520 151552
1 7 4101 4108 10241 12289 16576 16768 28672 33536 49408 57344 67072 68608 75776 98816 106496 131096 131120 131168 135176 147520 151552
1 7 4101 4108 10241 12289 16576 16768 28672 34304 35840 43008 49664 57344 66304 82176 82432 131096 131120 131168 135176 147520 151552
1 7 4101 4108 10241 12289 16576 16768 28672 34304 35840 43008 57344 66304 82176 98816 114688 131096 131120 131168 135176 147520 151552
1 7 4101 4108 10241 12289 16576 16768 28672 35840 43008 57344 66304 67072 82176 99328 114688 131096 131120 131168 135176 147520 151552
1 7 4101 4108 10241 12289 16576 17152 25088 28672 33152 49280 49408 65560 65584 65632 69640 81984 86016 132608 134144 139776 141312
1 7 4101 4108 10241 12289 16576 17152 28672 34304 35840 43008 49664 57344 65920 82048 82176 131096 131120 131168 135176 147520 151552
1 7 4101 4108 10241 12289 16576 25088 28672 33152 33536 49280 49664 65560 65584 65632 69640 81984 86016 132608 134144 139776 141312
1 7 4101 4108 10241 12289 16576 28672 33152 33536 41472 49280 57344 67072 68608 74240 75776 131096 131120 131168 135176 147520 151552
1 7 4101 4108 10241 12289 16576 28672 33152 33536 49280 57344 67072 68608 75776 98816 106496 131096 131120 131168 135176 147520 151552
1 7 4101 4108 10241 12289 16576 28672 34304 35840 43008 49664 57344 65920 66304 82048 82432 131096 131120 131168 135176 147520 151552
1 7 4101 4108 10241 12289 16576 28672 34304 35840 43008 57344 65920 66304 82048 98816 114688 131096 131120 131168 135176 147520 151552
1 7 4101 4108 10241 12289 16768 17152 17920 25600 28672 32816 32864 32960 49280 53248 65560 69640 98320 102400 134144 140288 141312
1 7 4101 4108 10241 12289 16768 17152 17920 25600 28672 32816 32864 32960 49280 65560 69640 86016 98320 114688 134144 140288 141312
1 7 4101 4108 10241 12289 16768 17152 17920 25600 28672 32864 32960 49280 53248 65560 65584 69640 98336 102400 134144 140288 141312
1 7 4101 4108 10241 12289 16768 17152 17920 25600 28672 32864 32960 49280 65560 65584 69640 86016 98336 114688 134144 140288 141312
1 7 4101 4108 10241 12289 16768 17152 17920 28672 35840 43008 50176 57344 65584 65632 65728 82048 86016 131096 135176 196624 200704
1 7 4101 4108 10241 12289 16768 17152 17920 28672 35840 43008 50176 57344 65584 65632 65728 82048 131096 135176 151552 196624 212992
1 7 4101 4108 10241 12289 16768 17152 17920 28672 35840 43008 50176 57344 65632 65728 82048 86016 131096 131120 135176 196640 200704
1 7 4101 4108 10241 12289 16768 17152 17920 28672 35840 43008 50176 57344 65632 65728 82048 131096 131120 135176 151552 196640 212992
1 7 4101 4108 10241 12289 16768 17152 25088 28672 32816 32864 32960 49280 53248 65560 69640 98320 102400 132608 134144 139776 141312
1 7 4101 4108 10241 12289 16768 17152 25088 28672 32816 32864 32960 49280 65560 69640 86016 98320 114688 132608 134144 139776 141312
1 7 4101 4108 10241 12289 16768 17152 25088 28672 32864 32960 49280 53248 65560 65584 69640 98336 102400 132608 134144 139776 141312
1 7 4101 4108 10241 12289 16768 17152 25088 28672 32864 32960 49280 65560 65584 69640 86016 98336 114688 132608 134144 139776 141312
1 7 4101 4108 10241 12289 16768 17152 25088 28672 32960 49216 49280 65560 65584 65632 69640 81984 86016 132608 134144 139776 141312
1 7 4101 4108 10241 12289 16768 17152 25088 28672 32960 49280 53248 65560 65584 65632 69640 98368 102400 132608 134144 139776 141312
1 7 4101 4108 10241 12289 16768 17152 25088 28672 32960 49280 65560 65584 65632 69640 86016 98368 114688 132608 134144 139776 141312
1 7 4101 4108 10241 12289 16768 17152 28672 34304 35840 43008 49664 57344 65584 65632 65728 82048 86016 131096 135176 196624 200704
1 7 4101 4108 10241 12289 16768 17152 28672 34304 35840 43008 49664 57344 65584 65632 65728 82048 131096 135176 151552 196624 212992
1 7 4101 4108 10241 12289 16768 17152 28672 34304 35840 43008 49664 57344 65632 65728 82048 86016 131096 131120 135176 196640 200704
1 7 4101 4108 10241 12289 16768 17152 28672 34304 35840 43008 49664 57344 65632 65728 82048 131096 131120 135176 151552 196640 212992
1 7 4101 4108 10241 12289 16768 17152 28672 34304 35840 43008 49664 57344 65728 81984 82048 131096 131120 131168 135176 147520 151552
1 7 4101 4108 10241 12289 16768 17152 28672 34304 35840 43008 49664 57344 65728 82048 86016 131096 131120 131168 135176 196672 200704
1 7 4101 4108 10241 12289 16768 17152 28672 34304 35840 43008 49664 57344 65728 82048 131096 131120 131168 135176 151552 196672 212992
1 7 4101 4108 10241 12289 16768 28672 33536 34304 35840 43008 49408 57344 65632 65728 81952 82048 131096 131120 135176 147488 151552
1 7 4101 4108 10241 12289 16768 28672 33536 34304 35840 43008 49408 57344 65632 65728 82048 86016 131096 131120 135176 196640 200704
1 7 4101 4108 10241 12289 16768 28672 33536 34304 35840 43008 49408 57344 65632 65728 82048 131096 131120 135176 151552 196640 212992
1 7 4101 4108 10241 12289 17152 17920 19456 26624 28672 32864 32960 33152 49408 53248 65560 65584 69640 102400 163872 196640 229376
1 7 4101 4108 10241 12289 17152 17920 19456 26624 28672 32864 32960 33152 49408 53248 65560 65584 98336 102400 135176 196616 200704
1 7 4101 4108 10241 12289 17152 17920 19456 26624 28672 32864 32960 33152 49408 53248 65560 69640 98336 102400 131120 196624 196640
1 7 4101 4108 10241 12289 17152 17920 19456 26624 28672 32864 32960 33152 49408 53248 65560 69640 102400 131120 163872 196624 229376
1 7 4101 4108 10241 12289 17152 17920 19456 26624 28672 32864 32960 33152 49408 53248 65584 69640 98336 102400 131096 196616 196624
1 7 4101 4108 10241 12289 17152 17920 19456 26624 28672 32864 32960 33152 49408 53248 65584 98336 102400 131096 135176 196624 200704
1 7 4101 4108 10241 12289 17152 17920 19456 26624 28672 32864 32960 33152 49408 53248 69640 98336 102400 131096 131120 196616 196640
1 7 4101 4108 10241 12289 17152 17920 19456 26624 28672 32864 32960 33152 49408 53248 69640 102400 131096 131120 163872 196616 229376
1 7 4101 4108 10241 12289 17152 17920 19456 26624 28672 32864 32960 33152 49408 53248 98336 102400 131096 131120 135176 196640 200704
1 7 4101 4108 10241 12289 17152 17920 19456 26624 28672 32864 32960 33152 49408 53248 102400 131096 131120 135176 163872 200704 229376
1 7 4101 4108 10241 12289 17152 17920 19456 26624 28672 32864 32960 33152 49408 65560 65584 69640 86016 114688 163872 196640 229376
1 7 4101 4108 10241 12289 17152 17920 19456 26624 28672 32864 32960 33152 49408 65560 65584 69640 98336 114688 151552 200704 212992
1 7 4101 4108 10241 12289 17152 17920 19456 26624 28672 32864 32960 33152 49408 65560 65584 86016 98336 114688 135176 196616 200704
1 7 4101 4108 10241 12289 17152 17920 19456 26624 28672 32864 32960 33152 49408 65560 65584 98336 114688 135176 151552 196616 212992
1 7 4101 4108 10241 12289 17152 17920 19456 26624 28672 32864 32960 33152 49408 65560 69640 86016 98336 114688 131120 196624 196640
1 7 4101 4108 10241 12289 17152 17920 19456 26624 28672 32864 32960 33152 49408 65560 69640 86016 114688 131120 163872 196624 229376
1 7 4101 4108 10241 12289 17152 17920 19456 26624 28672 32864 32960 33152 49408 65584 69640 86016 98336 114688 131096 196616 196624
1 7 4101 4108 10241 12289 17152 17920 19456 26624 28672 32864 32960 33152 49408 65584 86016 98336 114688 131096 135176 196624 200704
1 7 4101 4108 10241 12289 17152 17920 19456 26624 28672 32864 32960 33152 49408 65584 98336 114688 131096 135176 151552 196624 212992
1 7 4101 4108 10241 12289 17152 17920 19456 26624 28672 32864 32960 33152 49408 69640 86016 98336 114688 131096 131120 196616 196640
1 7 4101 4108 10241 12289 17152 17920 19456 26624 28672 32864 32960 33152 49408 69640 86016 114688 131096 131120 163872 196616 229376
1 7 4101 4108 10241 12289 17152 17920 19456 26624 28672 32864 32960 33152 49408 86016 98336 114688 131096 131120 135176 196640 200704
1 7 4101 4108 10241 12289 17152 17920 19456 26624 28672 32864 32960 33152 49408 86016 102400 114688 131096 131120 135176 163872 167936
1 7 4101 4108 10241 12289 17152 17920 19456 26624 28672 32864 32960 33152 49408 86016 114688 131096 131120 135176 163872 200704 229376
1 7 4101 4108 10241 12289 17152 17920 19456 26624 28672 32864 32960 33152 49408 98336 114688 131096 131120 135176 151552 196640 212992
1 7 4101 4108 10241 12289 17152 17920 19456 26624 28672 32864 32960 33152 49408 114688 131096 131120 135176 151552 163872 212992 229376
1 7 4101 4108 10241 12289 17152 17920 19456 26624 28672 32864 32960 49408 53248 65560 65584 69640 98336 102400 131456 163968 164096
1 7 4101 4108 10241 12289 17152 17920 19456 26624 28672 32864 32960 49408 65560 65584 69640 86016 98336 114688 131456 163968 164096
1 7 4101 4108 10241 12289 17152 17920 19456 26624 28672 32864 33152 49408 53248 65560 65584 69640 98336 102400 131264 163904 163968
1 7 4101 4108 10241 12289 17152 17920 19456 26624 28672 32864 33152 49408 65560 65584 69640 86016 98336 114688 131264 163904 163968
1 7 4101 4108 10241 12289 17152 17920 19456 26624 28672 32864 49408 53248 65560 65584 69640 98336 102400 131264 131456 163904 164096
1 7 4101 4108 10241 12289 17152 17920 19456 26624 28672 32864 49408 65560 65584 69640 86016 98336 114688 131264 131456 163904 164096
1 7 4101 4108 10241 12289 17152 17920 19456 26624 28672 32960 33152 49408 53248 65560 65584 69640 98336 102400 131168 163872 163904
1 7 4101 4108 10241 12289 17152 17920 19456 26624 28672 32960 33152 49408 53248 65560 65584 69640 102400 131168 163904 196640 229376
1 7 4101 4108 10241 12289 17152 17920 19456 26624 28672 32960 33152 49408 53248 65560 69640 102400 131120 131168 163904 196624 229376
1 7 4101 4108 10241 12289 17152 17920 19456 26624 28672 32960 33152 49408 53248 65584 65632 98368 102400 131096 135176 196624 200704
1 7 4101 4108 10241 12289 17152 17920 19456 26624 28672 32960 33152 49408 53248 65632 98368 102400 131096 131120 135176 196640 200704
1 7 4101 4108 10241 12289 17152 17920 19456 26624 28672 32960 33152 49408 65560 65584 69640 86016 98336 114688 131168 163872 163904
1 7 4101 4108 10241 12289 17152 17920 19456 26624 28672 32960 33152 49408 65560 65584 69640 86016 114688 131168 163904 196640 229376
1 7 4101 4108 10241 12289 17152 17920 19456 26624 28672 32960 33152 49408 65560 69640 86016 114688 131120 131168 163904 196624 229376
1 7 4101 4108 10241 12289 17152 17920 19456 26624 28672 32960 33152 49408 65584 65632 86016 98368 114688 131096 135176 196624 200704
1 7 4101 4108 10241 12289 17152 17920 19456 26624 28672 32960 33152 49408 65584 65632 98368 114688 131096 135176 151552 196624 212992
1 7 4101 4108 10241 12289 17152 17920 19456 26624 28672 32960 33152 49408 65632 86016 98368 114688 131096 131120 135176 196640 200704
1 7 4101 4108 10241 12289 17152 17920 19456 26624 28672 32960 33152 49408 65632 98368 114688 131096 131120 135176 151552 196640 212992
1 7 4101 4108 10241 12289 17152 17920 19456 26624 28672 33152 49408 53248 65560 65584 69640 98336 102400 131168 131264 163872 163968
1 7 4101 4108 10241 12289 17152 17920 19456 26624 28672 33152 49408 53248 65560 65584 69640 102400 131168 131264 163968 196640 229376
1 7 4101 4108 10241 12289 17152 17920 19456 26624 28672 33152 49408 53248 65632 65728 98432 102400 131096 131120 135176 196640 200704
1 7 4101 4108 10241 12289 17152 17920 19456 26624 28672 33152 49408 65560 65584 69640 86016 98336 114688 131168 131264 163872 163968
1 7 4101 4108 10241 12289 17152 17920 19456 26624 28672 33152 49408 65560 65584 69640 86016 114688 131168 131264 163968 196640 229376
1 7 4101 4108 10241 12289 17152 17920 19456 26624 28672 33152 49408 65632 65728 86016 98432 114688 131096 131120 135176 196640 200704
1 7 4101 4108 10241 12289 17152 17920 19456 26624 28672 33152 49408 65632 65728 98432 114688 131096 131120 135176 151552 196640 212992
1 7 4101 4108 10241 12289 17152 17920 19456 26624 28672 49408 53248 65560 65584 69640 98336 102400 131168 131264 131456 163872 164096
1 7 4101 4108 10241 12289 17152 17920 19456 26624 28672 49408 53248 65560 65584 69640 102400 131168 131264 131456 164096 196640 229376
1 7 4101 4108 10241 12289 17152 17920 19456 26624 28672 49408 53248 65632 65728 65920 98560 102400 131096 131120 135176 196640 200704
1 7 4101 4108 10241 12289 17152 17920 19456 26624 28672 49408 65560 65584 69640 86016 98336 114688 131168 131264 131456 163872 164096
1 7 4101 4108 10241 12289 17152 17920 19456 26624 28672 49408 65560 65584 69640 86016 114688 131168 131264 131456 164096 196640 229376
1 7 4101 4108 10241 12289 17152 17920 19456 26624 28672 49408 65632 65728 65920 86016 98560 114688 131096 131120 135176 196640 200704
1 7 4101 4108 10241 12289 17152 17920 19456 26624 28672 49408 65632 65728 65920 98560 114688 131096 131120 135176 151552 196640 212992
1 7 4101 4108 10241 12289 17152 17920 19456 28672 43008 51200 57344 65632 65728 65920 82176 86016 131096 131120 135176 196640 200704
1 7 4101 4108 10241 12289 17152 17920 19456 28672 43008 51200 57344 65632 65728 65920 82176 131096 131120 135176 151552 196640 212992
1 7 4101 4108 10241 12289 17152 17920 25600 28672 32864 32960 33152 49408 53248 65560 65584 69640 98336 102400 134144 140288 141312
1 7 4101 4108 10241 12289 17152 17920 25600 28672 32864 32960 33152 49408 65560 65584 69640 86016 98336 114688 134144 140288 141312
1 7 4101 4108 10241 12289 17152 17920 25600 28672 32960 33152 49408 53248 65560 65584 65632 69640 98368 102400 134144 140288 141312
1 7 4101 4108 10241 12289 17152 17920 25600 28672 32960 33152 49408 65560 65584 65632 69640 86016 98368 114688 134144 140288 141312
1 7 4101 4108 10241 12289 17152 17920 26624 28672 35840 50176 51200 65632 65728 65920 82176 86016 131096 131120 135176 196640 200704
1 7 4101 4108 10241 12289 17152 17920 26624 28672 35840 50176 51200 65632 65728 65920 82176 131096 131120 135176 151552 196640 212992
1 7 4101 4108 10241 12289 17152 17920 28672 35840 43008 50176 57344 65632 65728 65920 82176 86016 131096 131120 135176 196640 200704
1 7 4101 4108 10241 12289 17152 17920 28672 35840 43008 50176 57344 65632 65728 65920 82176 131096 131120 135176 151552 196640 212992
1 7 4101 4108 10241 12289 17152 17920 28672 35840 43008 50176 57344 65728 65920 82176 86016 131096 131120 131168 135176 196672 200704
1 7 4101 4108 10241 12289 17152 17920 28672 35840 43008 50176 57344 65728 65920 82176 131096 131120 131168 135176 151552 196672 212992
1 7 4101 4108 10241 12289 17152 19456 26624 28672 34304 49664 50176 65632 65728 65920 82176 86016 131096 131120 135176 196640 200704
1 7 4101 4108 10241 12289 17152 19456 26624 28672 34304 49664 50176 65632 65728 65920 82176 131096 131120 135176 151552 196640 212992
1 7 4101 4108 10241 12289 17152 25088 28672 32864 32960 33152 49408 53248 65560 65584 69640 98336 102400 132608 134144 139776 141312
1 7 4101 4108 10241 12289 17152 25088 28672 32864 32960 33152 49408 65560 65584 69640 86016 98336 114688 132608 134144 139776 141312
1 7 4101 4108 10241 12289 17152 25088 28672 32960 33152 49216 49408 65560 65584 65632 69640 81984 86016 132608 134144 139776 141312
1 7 4101 4108 10241 12289 17152 25088 28672 32960 33152 49408 53248 65560 65584 65632 69640 98368 102400 132608 134144 139776 141312
1 7 4101 4108 10241 12289 17152 25088 28672 32960 33152 49408 65560 65584 65632 69640 86016 98368 114688 132608 134144 139776 141312
1 7 4101 4108 10241 12289 17152 26624 28672 34304 35840 49664 51200 65632 65728 65920 82176 86016 131096 131120 135176 196640 200704
1 7 4101 4108 10241 12289 17152 26624 28672 34304 35840 49664 51200 65632 65728 65920 82176 131096 131120 135176 151552 196640 212992
1 7 4101 4108 10241 12289 17152 28672 34304 35840 43008 49664 57344 65632 65728 65920 82176 86016 131096 131120 135176 196640 200704
1 7 4101 4108 10241 12289 17152 28672 34304 35840 43008 49664 57344 65632 65728 65920 82176 131096 131120 135176 151552 196640 212992
1 7 4101 4108 10241 12289 17152 28672 34304 35840 43008 49664 57344 65728 65920 81984 82176 131096 131120 131168 135176 147520 151552
1 7 4101 4108 10241 12289 17152 28672 34304 35840 43008 49664 57344 65728 65920 82176 86016 131096 131120 131168 135176 196672 200704
1 7 4101 4108 10241 12289 17152 28672 34304 35840 43008 49664 57344 65728 65920 82176 131096 131120 131168 135176 151552 196672 212992
1 7 4101 4108 10241 12289 17920 19456 26624 28672 32960 33152 33536 49664 53248 65560 65584 65632 69640 98368 167936 200704 229376
1 7 4101 4108 10241 12289 17920 19456 26624 28672 32960 33152 33536 49664 53248 65560 65584 65632 98368 102400 135176 196616 200704
1 7 4101 4108 10241 12289 17920 19456 26624 28672 32960 33152 33536 49664 53248 65560 65584 65632 98368 135176 167936 196616 229376
1 7 4101 4108 10241 12289 17920 19456 26624 28672 32960 33152 33536 49664 53248 65560 65584 69640 98368 102400 131168 196640 196672
1 7 4101 4108 10241 12289 17920 19456 26624 28672 32960 33152 33536 49664 53248 65560 65632 69640 98368 102400 131120 196624 196640
1 7 4101 4108 10241 12289 17920 19456 26624 28672 32960 33152 33536 49664 53248 65560 69640 98368 102400 131120 131168 196624 196672
1 7 4101 4108 10241 12289 17920 19456 26624 28672 32960 33152 33536 49664 53248 65584 65632 69640 98368 102400 131096 196616 196624
1 7 4101 4108 10241 12289 17920 19456 26624 28672 32960 33152 33536 49664 53248 65584 65632 98368 102400 131096 135176 196624 200704
1 7 4101 4108 10241 12289 17920 19456 26624 28672 32960 33152 33536 49664 53248 65584 65632 98368 131096 135176 167936 196624 229376
1 7 4101 4108 10241 12289 17920 19456 26624 28672 32960 33152 33536 49664 53248 65632 69640 98368 102400 131096 131120 196616 196640
1 7 4101 4108 10241 12289 17920 19456 26624 28672 32960 33152 33536 49664 53248 65632 98368 102400 131096 131120 135176 196640 200704
1 7 4101 4108 10241 12289 17920 19456 26624 28672 32960 33152 33536 49664 53248 65632 98368 131096 131120 135176 167936 196640 229376
1 7 4101 4108 10241 12289 17920 19456 26624 28672 32960 33152 33536 49664 53248 69640 98368 102400 131096 131120 131168 196616 196672
1 7 4101 4108 10241 12289 17920 19456 26624 28672 32960 33152 33536 49664 53248 98368 102400 131096 131120 131168 135176 196672 200704
1 7 4101 4108 10241 12289 17920 19456 26624 28672 32960 33152 33536 49664 53248 98368 131096 131120 131168 135176 167936 196672 229376
1 7 4101 4108 10241 12289 17920 19456 26624 28672 32960 33152 33536 49664 65560 65584 65632 69640 86016 98368 180224 212992 229376
1 7 4101 4108 10241 12289 17920 19456 26624 28672 32960 33152 33536 49664 65560 65584 65632 69640 98368 102400 151552 167936 180224
1 7 4101 4108 10241 12289 17920 19456 26624 28672 32960 33152 33536 49664 65560 65584 65632 69640 98368 114688 151552 200704 212992
1 7 4101 4108 10241 12289 17920 19456 26624 28672 32960 33152 33536 49664 65560 65584 65632 69640 98368 151552 180224 200704 229376
1 7 4101 4108 10241 12289 17920 19456 26624 28672 32960 33152 33536 49664 65560 65584 65632 86016 98368 114688 135176 196616 200704
1 7 4101 4108 10241 12289 17920 19456 26624 28672 32960 33152 33536 49664 65560 65584 65632 98368 114688 135176 151552 196616 212992
1 7 4101 4108 10241 12289 17920 19456 26624 28672 32960 33152 33536 49664 65560 65584 65632 98368 135176 151552 180224 196616 229376
1 7 4101 4108 10241 12289 17920 19456 26624 28672 32960 33152 33536 49664 65560 65584 69640 86016 98368 114688 131168 196640 196672
1 7 4101 4108 10241 12289 17920 19456 26624 28672 32960 33152 33536 49664 65560 65632 69640 86016 98368 114688 131120 196624 196640
1 7 4101 4108 10241 12289 17920 19456 26624 28672 32960 33152 33536 49664 65560 69640 86016 98368 114688 131120 131168 196624 196672
1 7 4101 4108 10241 12289 17920 19456 26624 28672 32960 33152 33536 49664 65584 65632 69640 86016 98368 114688 131096 196616 196624
1 7 4101 4108 10241 12289 17920 19456 26624 28672 32960 33152 33536 49664 65584 65632 86016 98368 114688 131096 135176 196624 200704
1 7 4101 4108 10241 12289 17920 19456 26624 28672 32960 33152 33536 49664 65584 65632 98368 114688 131096 135176 151552 196624 212992
1 7 4101 4108 10241 12289 17920 19456 26624 28672 32960 33152 33536 49664 65584 65632 98368 131096 135176 151552 180224 196624 229376
1 7 4101 4108 10241 12289 17920 19456 26624 28672 32960 33152 33536 49664 65632 69640 86016 98368 114688 131096 131120 196616 196640
1 7 4101 4108 10241 12289 17920 19456 26624 28672 32960 33152 33536 49664 65632 86016 98368 114688 131096 131120 135176 196640 200704
1 7 4101 4108 10241 12289 17920 19456 26624 28672 32960 33152 33536 49664 65632 98368 114688 131096 131120 135176 151552 196640 212992
1 7 4101 4108 10241 12289 17920 19456 26624 28672 32960 33152 33536 49664 65632 98368 131096 131120 135176 151552 180224 196640 229376
1 7 4101 4108 10241 12289 17920 19456 26624 28672 32960 33152 33536 49664 69640 86016 98368 114688 131096 131120 131168 196616 196672
1 7 4101 4108 10241 12289 17920 19456 26624 28672 32960 33152 33536 49664 86016 98368 114688 131096 131120 131168 135176 196672 200704
1 7 4101 4108 10241 12289 17920 19456 26624 28672 32960 33152 33536 49664 98368 114688 131096 131120 131168 135176 151552 196672 212992
1 7 4101 4108 10241 12289 17920 19456 26624 28672 32960 33152 33536 49664 98368 131096 131120 131168 135176 151552 180224 196672 229376
1 7 4101 4108 10241 12289 17920 19456 26624 28672 32960 33152 49664 53248 66304 98560 98816 131096 131120 131168 135176 163904 167936
1 7 4101 4108 10241 12289 17920 19456 26624 28672 32960 33152 49664 66304 98560 98816 131096 131120 131168 135176 151552 163904 180224
1 7 4101 4108 10241 12289 17920 19456 26624 28672 32960 33536 49664 53248 65920 98432 98560 131096 131120 131168 135176 163904 167936
1 7 4101 4108 10241 12289 17920 19456 26624 28672 32960 33536 49664 65920 98432 98560 131096 131120 131168 135176 151552 163904 180224
1 7 4101 4108 10241 12289 17920 19456 26624 28672 32960 49664 53248 65920 66304 98432 98816 131096 131120 131168 135176 163904 167936
1 7 4101 4108 10241 12289 17920 19456 26624 28672 32960 49664 65920 66304 98432 98816 131096 131120 131168 135176 151552 163904 180224
1 7 4101 4108 10241 12289 17920 19456 26624 28672 33152 33536 49664 53248 65584 65632 65728 98432 102400 131096 135176 196624 200704
1 7 4101 4108 10241 12289 17920 19456 26624 28672 33152 33536 49664 53248 65584 65632 65728 98432 131096 135176 167936 196624 229376
1 7 4101 4108 10241 12289 17920 19456 26624 28672 33152 33536 49664 53248 65632 65728 98432 102400 131096 131120 135176 196640 200704
1 7 4101 4108 10241 12289 17920 19456 26624 28672 33152 33536 49664 53248 65632 65728 98432 131096 131120 135176 167936 196640 229376
1 7 4101 4108 10241 12289 17920 19456 26624 28672 33152 33536 49664 53248 65728 98368 98432 131096 131120 131168 135176 163904 167936
1 7 4101 4108 10241 12289 17920 19456 26624 28672 33152 33536 49664 53248 65728 98432 102400 131096 131120 131168 135176 196672 200704
1 7 4101 4108 10241 12289 17920 19456 26624 28672 33152 33536 49664 53248 65728 98432 131096 131120 131168 135176 167936 196672 229376
1 7 4101 4108 10241 12289 17920 19456 26624 28672 33152 33536 49664 65584 65632 65728 86016 98432 114688 131096 135176 196624 200704
1 7 4101 4108 10241 12289 17920 19456 26624 28672 33152 33536 49664 65584 65632 65728 98432 114688 131096 135176 151552 196624 212992
1 7 4101 4108 10241 12289 17920 19456 26624 28672 33152 33536 49664 65584 65632 65728 98432 131096 135176 151552 180224 196624 229376
1 7 4101 4108 10241 12289 17920 19456 26624 28672 33152 33536 49664 65632 65728 86016 98432 114688 131096 131120 135176 196640 200704
1 7 4101 4108 10241 12289 17920 19456 26624 28672 33152 33536 49664 65632 65728 98432 114688 131096 131120 135176 151552 196640 212992
1 7 4101 4108 10241 12289 17920 19456 26624 28672 33152 33536 49664 65632 65728 98432 131096 131120 135176 151552 180224 196640 229376
1 7 4101 4108 10241 12289 17920 19456 26624 28672 33152 33536 49664 65728 86016 98432 114688 131096 131120 131168 135176 196672 200704
1 7 4101 4108 10241 12289 17920 19456 26624 28672 33152 33536 49664 65728 98368 98432 131096 131120 131168 135176 151552 163904 180224
1 7 4101 4108 10241 12289 17920 19456 26624 28672 33152 33536 49664 65728 98432 114688 131096 131120 131168 135176 151552 196672 212992
1 7 4101 4108 10241 12289 17920 19456 26624 28672 33152 33536 49664 65728 98432 131096 131120 131168 135176 151552 180224 196672 229376
1 7 4101 4108 10241 12289 17920 19456 26624 28672 33536 49408 49664 65632 65728 65920 82176 86016 131096 131120 135176 196640 200704
1 7 4101 4108 10241 12289 17920 19456 26624 28672 33536 49408 49664 65632 65728 65920 82176 131096 131120 135176 151552 196640 212992
1 7 4101 4108 10241 12289 17920 19456 26624 28672 33536 49664 53248 65632 65728 65920 98560 102400 131096 131120 135176 196640 200704
1 7 4101 4108 10241 12289 17920 19456 26624 28672 33536 49664 53248 65632 65728 65920 98560 131096 131120 135176 167936 196640 229376
1 7 4101 4108 10241 12289 17920 19456 26624 28672 33536 49664 53248 65728 65920 98368 98560 131096 131120 131168 135176 163904 167936
1 7 4101 4108 10241 12289 17920 19456 26624 28672 33536 49664 53248 65728 65920 98560 102400 131096 131120 131168 135176 196672 200704
1 7 4101 4108 10241 12289 17920 19456 26624 28672 33536 49664 53248 65728 65920 98560 131096 131120 131168 135176 167936 196672 229376
1 7 4101 4108 10241 12289 17920 19456 26624 28672 33536 49664 65632 65728 65920 86016 98560 114688 131096 131120 135176 196640 200704
1 7 4101 4108 10241 12289 17920 19456 26624 28672 33536 49664 65632 65728 65920 98560 114688 131096 131120 135176 151552 196640 212992
1 7 4101 4108 10241 12289 17920 19456 26624 28672 33536 49664 65632 65728 65920 98560 131096 131120 135176 151552 180224 196640 229376
1 7 4101 4108 10241 12289 17920 19456 26624 28672 33536 49664 65728 65920 86016 98560 114688 131096 131120 131168 135176 196672 200704
1 7 4101 4108 10241 12289 17920 19456 26624 28672 33536 49664 65728 65920 98368 98560 131096 131120 131168 135176 151552 163904 180224
1 7 4101 4108 10241 12289 17920 19456 26624 28672 33536 49664 65728 65920 98560 114688 131096 131120 131168 135176 151552 196672 212992
1 7 4101 4108 10241 12289 17920 19456 26624 28672 33536 49664 65728 65920 98560 131096 131120 131168 135176 151552 180224 196672 229376
1 7 4101 4108 10241 12289 17920 19456 26624 28672 49664 53248 65728 65920 66304 98368 98816 131096 131120 131168 135176 163904 167936
1 7 4101 4108 10241 12289 17920 19456 26624 28672 49664 53248 65728 65920 66304 98816 102400 131096 131120 131168 135176 196672 200704
1 7 4101 4108 10241 12289 17920 19456 26624 28672 49664 53248 65728 65920 66304 98816 131096 131120 131168 135176 167936 196672 229376
1 7 4101 4108 10241 12289 17920 19456 26624 28672 49664 65728 65920 66304 86016 98816 114688 131096 131120 131168 135176 196672 200704
1 7 4101 4108 10241 12289 17920 19456 26624 28672 49664 65728 65920 66304 98368 98816 131096 131120 131168 135176 151552 163904 180224
1 7 4101 4108 10241 12289 17920 19456 26624 28672 49664 65728 65920 66304 98816 114688 131096 131120 131168 135176 151552 196672 212992
1 7 4101 4108 10241 12289 17920 19456 26624 28672 49664 65728 65920 66304 98816 131096 131120 131168 135176 151552 180224 196672 229376
1 7 4101 4108 10241 12289 17920 19456 28672 43008 51200 57344 65728 65920 66304 82432 86016 131096 131120 131168 135176 196672 200704
1 7 4101 4108 10241 12289 17920 19456 28672 43008 51200 57344 65728 65920 66304 82432 131096 131120 131168 135176 151552 196672 212992
1 7 4101 4108 10241 12289 17920 25600 28672 32960 33152 33536 49664 53248 65560 65584 65632 69640 98368 102400 134144 140288 141312
1 7 4101 4108 10241 12289 17920 25600 28672 32960 33152 33536 49664 65560 65584 65632 69640 86016 98368 114688 134144 140288 141312
1 7 4101 4108 10241 12289 17920 26624 28672 35840 50176 51200 65728 65920 66304 82432 86016 131096 131120 131168 135176 196672 200704
1 7 4101 4108 10241 12289 17920 26624 28672 35840 50176 51200 65728 65920 66304 82432 131096 131120 131168 135176 151552 196672 212992
1 7 4101 4108 10241 12289 17920 28672 35840 43008 50176 57344 65728 65920 66304 82432 86016 131096 131120 131168 135176 196672 200704
1 7 4101 4108 10241 12289 17920 28672 35840 43008 50176 57344 65728 65920 66304 82432 131096 131120 131168 135176 151552 196672 212992
1 7 4101 4108 10241 12289 19456 26624 28672 33152 33536 34304 50176 53248 65560 65584 69640 102400 131168 131264 163968 196640 229376
1 7 4101 4108 10241 12289 19456 26624 28672 33152 33536 34304 50176 53248 65560 69640 102400 131120 131168 131264 163968 196624 229376
1 7 4101 4108 10241 12289 19456 26624 28672 33152 33536 34304 50176 53248 65584 65632 65728 98432 102400 131096 135176 196624 200704
1 7 4101 4108 10241 12289 19456 26624 28672 33152 33536 34304 50176 53248 65632 65728 98432 102400 131096 131120 135176 196640 200704
1 7 4101 4108 10241 12289 19456 26624 28672 33152 33536 34304 50176 65560 65584 69640 86016 114688 131168 131264 163968 196640 229376
1 7 4101 4108 10241 12289 19456 26624 28672 33152 33536 34304 50176 65560 69640 86016 114688 131120 131168 131264 163968 196624 229376
1 7 4101 4108 10241 12289 19456 26624 28672 33152 33536 34304 50176 65584 65632 65728 86016 98432 114688 131096 135176 196624 200704
1 7 4101 4108 10241 12289 19456 26624 28672 33152 33536 34304 50176 65584 65632 65728 98432 114688 131096 135176 151552 196624 212992
1 7 4101 4108 10241 12289 19456 26624 28672 33152 33536 34304 50176 65632 65728 86016 98432 114688 131096 131120 135176 196640 200704
1 7 4101 4108 10241 12289 19456 26624 28672 33152 33536 34304 50176 65632 65728 98432 114688 131096 131120 135176 151552 196640 212992
1 7 4101 4108 10241 12289 19456 26624 28672 33536 34304 49408 50176 65632 65728 65920 82176 86016 131096 131120 135176 196640 200704
1 7 4101 4108 10241 12289 19456 26624 28672 33536 34304 49408 50176 65632 65728 65920 82176 131096 131120 135176 151552 196640 212992
1 7 4101 4108 10241 12289 19456 26624 28672 33536 34304 50176 53248 65560 65584 65632 69640 102400 131264 131456 164096 196672 229376
1 7 4101 4108 10241 12289 19456 26624 28672 33536 34304 50176 53248 65560 65584 69640 102400 131168 131264 131456 164096 196640 229376
1 7 4101 4108 10241 12289 19456 26624 28672 33536 34304 50176 53248 65632 65728 65920 98560 102400 131096 131120 135176 196640 200704
1 7 4101 4108 10241 12289 19456 26624 28672 33536 34304 50176 53248 65728 65920 98560 102400 131096 131120 131168 135176 196672 200704
1 7 4101 4108 10241 12289 19456 26624 28672 33536 34304 50176 65560 65584 65632 69640 86016 114688 131264 131456 164096 196672 229376
1 7 4101 4108 10241 12289 19456 26624 28672 33536 34304 50176 65560 65584 69640 86016 114688 131168 131264 131456 164096 196640 229376
1 7 4101 4108 10241 12289 19456 26624 28672 33536 34304 50176 65632 65728 65920 86016 98560 114688 131096 131120 135176 196640 200704
1 7 4101 4108 10241 12289 19456 26624 28672 33536 34304 50176 65632 65728 65920 98560 114688 131096 131120 135176 151552 196640 212992
1 7 4101 4108 10241 12289 19456 26624 28672 33536 34304 50176 65728 65920 86016 98560 114688 131096 131120 131168 135176 196672 200704
1 7 4101 4108 10241 12289 19456 26624 28672 33536 34304 50176 65728 65920 98560 114688 131096 131120 131168 135176 151552 196672 212992
1 7 4101 4108 10241 12289 19456 26624 28672 34304 49664 50176 65728 65920 66304 82432 86016 131096 131120 131168 135176 196672 200704
1 7 4101 4108 10241 12289 19456 26624 28672 34304 49664 50176 65728 65920 66304 82432 131096 131120 131168 135176 151552 196672 212992
1 7 4101 4108 10241 12289 19456 26624 28672 34304 50176 53248 65560 65584 65632 69640 102400 131264 131456 131840 164352 196672 229376
1 7 4101 4108 10241 12289 19456 26624 28672 34304 50176 53248 65728 65920 66304 98816 102400 131096 131120 131168 135176 196672 200704
1 7 4101 4108 10241 12289 19456 26624 28672 34304 50176 65560 65584 65632 69640 86016 114688 131264 131456 131840 164352 196672 229376
1 7 4101 4108 10241 12289 19456 26624 28672 34304 50176 65728 65920 66304 86016 98816 114688 131096 131120 131168 135176 196672 200704
1 7 4101 4108 10241 12289 19456 26624 28672 34304 50176 65728 65920 66304 98816 114688 131096 131120 131168 135176 151552 196672 212992
1 7 4101 4108 10241 12289 20488 28672 32792 32816 32864 49160 57344 65728 65920 66304 74240 98368 106496 132608 134144 139776 141312
1 7 4101 4108 10241 12289 20488 28672 32792 32816 32864 49160 57344 65728 65920 66304 98368 106496 132608 134144 141312 197120 204800
1 7 4101 4108 10241 12289 20488 28672 32792 32816 32864 49160 57344 65728 65920 66304 98368 132608 134144 141312 172032 197120 229376
1 7 4101 4108 10241 12289 20488 28672 32792 32816 49160 57344 65632 65728 65920 98336 106496 131840 132608 134144 141312 196864 204800
1 7 4101 4108 10241 12289 20488 28672 32792 32816 49160 57344 65632 65728 65920 98336 131840 132608 134144 141312 172032 196864 229376
1 7 4101 4108 10241 12289 20488 28672 32864 32960 33152 49184 57344 66304 67072 68608 75776 98560 106496 131096 131120 147464 147488
1 7 4101 4108 10241 12289 20488 28672 32864 32960 33152 57344 65560 65584 81928 98336 114688 131840 132608 134144 141312 164096 172032
1 7 4101 4108 10241 12289 20488 28672 32960 33152 33536 41472 49216 57344 67072 68608 74240 75776 131096 131120 131168 147464 147520
1 7 4101 4108 10241 12289 20488 28672 32960 33152 33536 41472 57344 65560 65584 65632 81928 98368 114688 132608 134144 139776 141312
1 7 4101 4108 10241 12289 20488 28672 32960 33152 33536 49216 57344 67072 68608 75776 98816 106496 131096 131120 131168 147464 147520
1 7 4101 4108 10241 12289 20488 28672 32960 33152 33536 57344 65560 65584 65632 81928 98368 114688 132608 134144 141312 164352 172032
1 7 4101 4108 10241 12289 20488 28672 33536 34304 35840 43008 57344 65560 65584 81928 114688 131168 131264 131456 164096 196640 229376
1 7 4101 4108 10241 12289 20488 28672 33536 34304 35840 43008 57344 65632 65728 65920 81952 98560 114688 131096 131120 147464 147488
1 7 4101 4108 10241 12289 20488 28672 33536 34304 35840 43008 57344 65632 65728 65920 98560 114688 131096 131120 147464 196640 212992
1 7 4101 4108 10241 12289 20488 28672 34304 35840 43008 57344 65560 65584 65632 81928 114688 131264 131456 131840 164352 196672 229376
1 7 4101 4108 10241 12289 20488 28672 34304 35840 43008 57344 65728 65920 66304 81984 98816 114688 131096 131120 131168 147464 147520
1 7 4101 4108 10241 12289 20488 28672 34304 35840 43008 57344 65728 65920 66304 98816 114688 131096 131120 131168 147464 196672 212992
1 7 4101 4108 10241 12289 25088 28672 32960 33152 33536 49216 49664 65560 65584 65632 69640 81984 86016 132608 134144 139776 141312
1 7 4101 4108 10241 12289 25088 28672 32960 33152 33536 49664 53248 65560 65584 65632 69640 98368 102400 132608 134144 139776 141312
1 7 4101 4108 10241 12289 25088 28672 32960 33152 33536 49664 65560 65584 65632 69640 86016 98368 114688 132608 134144 139776 141312
1 7 4101 4108 10241 12289 26624 28672 33536 34304 35840 49408 51200 65632 65728 65920 82176 86016 131096 131120 135176 196640 200704
1 7 4101 4108 10241 12289 26624 28672 33536 34304 35840 49408 51200 65632 65728 65920 82176 131096 131120 135176 151552 196640 212992
1 7 4101 4108 10241 12289 26624 28672 33536 34304 35840 51200 53248 65632 65728 65920 98560 102400 131096 131120 135176 196640 200704
1 7 4101 4108 10241 12289 26624 28672 33536 34304 35840 51200 53248 65632 65728 65920 98560 131096 131120 135176 167936 196640 229376
1 7 4101 4108 10241 12289 26624 28672 33536 34304 35840 51200 65632 65728 65920 86016 98560 114688 131096 131120 135176 196640 200704
1 7 4101 4108 10241 12289 26624 28672 33536 34304 35840 51200 65632 65728 65920 98560 114688 131096 131120 135176 151552 196640 212992
1 7 4101 4108 10241 12289 26624 28672 33536 34304 35840 51200 65632 65728 65920 98560 131096 131120 135176 151552 180224 196640 229376
1 7 4101 4108 10241 12289 26624 28672 34304 35840 49664 51200 65728 65920 66304 82432 86016 131096 131120 131168 135176 196672 200704
1 7 4101 4108 10241 12289 26624 28672 34304 35840 49664 51200 65728 65920 66304 82432 131096 131120 131168 135176 151552 196672 212992
1 7 4101 4108 10241 12289 26624 28672 34304 35840 51200 53248 65728 65920 66304 98816 102400 131096 131120 131168 135176 196672 200704
1 7 4101 4108 10241 12289 26624 28672 34304 35840 51200 53248 65728 65920 66304 98816 131096 131120 131168 135176 167936 196672 229376
1 7 4101 4108 10241 12289 26624 28672 34304 35840 51200 65728 65920 66304 86016 98816 114688 131096 131120 131168 135176 196672 200704
1 7 4101 4108 10241 12289 26624 28672 34304 35840 51200 65728 65920 66304 98816 114688 131096 131120 131168 135176 151552 196672 212992
1 7 4101 4108 10241 12289 26624 28672 34304 35840 51200 65728 65920 66304 98816 131096 131120 131168 135176 151552 180224 196672 229376
1 7 4101 4108 10241 12289 28672 32792 32816 32864 36872 53248 57344 65728 65920 66304 74240 98368 106496 132608 134144 139776 141312
1 7 4101 4108 10241 12289 28672 32792 32816 32864 36872 53248 57344 65728 65920 66304 98368 106496 132608 134144 141312 197120 204800
1 7 4101 4108 10241 12289 28672 32792 32816 32864 36872 53248 57344 65728 65920 66304 98368 132608 134144 141312 172032 197120 229376
1 7 4101 4108 10241 12289 28672 32792 32816 36872 53248 57344 65632 65728 65920 98336 106496 131840 132608 134144 141312 196864 204800
1 7 4101 4108 10241 12289 28672 32792 32816 36872 53248 57344 65632 65728 65920 98336 131840 132608 134144 141312 172032 196864 229376
1 7 4101 4108 10241 12289 28672 32864 32960 33152 49184 57344 66304 67072 68608 75776 98560 106496 131096 131120 135176 147488 151552
1 7 4101 4108 10241 12289 28672 32864 32960 33152 53248 57344 65560 65584 69640 98336 102400 131840 132608 134144 141312 164096 172032
1 7 4101 4108 10241 12289 28672 32864 32960 33152 57344 65560 65584 69640 86016 98336 114688 131840 132608 134144 141312 164096 172032
1 7 4101 4108 10241 12289 28672 32960 33152 33536 41472 49216 57344 67072 68608 74240 75776 131096 131120 131168 135176 147520 151552
1 7 4101 4108 10241 12289 28672 32960 33152 33536 41472 53248 57344 65560 65584 65632 69640 98368 102400 132608 134144 139776 141312
1 7 4101 4108 10241 12289 28672 32960 33152 33536 41472 57344 65560 65584 65632 69640 86016 98368 114688 132608 134144 139776 141312
1 7 4101 4108 10241 12289 28672 32960 33152 33536 49216 57344 67072 68608 75776 98816 106496 131096 131120 131168 135176 147520 151552
1 7 4101 4108 10241 12289 28672 32960 33152 33536 53248 57344 65560 65584 65632 69640 98368 102400 132608 134144 141312 164352 172032
1 7 4101 4108 10241 12289 28672 32960 33152 33536 57344 65560 65584 65632 69640 86016 98368 114688 132608 134144 141312 164352 172032
1 7 4101 4108 10241 12289 28672 33536 34304 35840 43008 49408 57344 65632 65728 65920 81952 82176 131096 131120 135176 147488 151552
1 7 4101 4108 10241 12289 28672 33536 34304 35840 43008 49408 57344 65632 65728 65920 82176 86016 131096 131120 135176 196640 200704
1 7 4101 4108 10241 12289 28672 33536 34304 35840 43008 49408 57344 65632 65728 65920 82176 131096 131120 135176 151552 196640 212992
1 7 4101 4108 10241 12289 28672 33536 34304 35840 43008 53248 57344 65560 65584 69640 102400 131168 131264 131456 164096 196640 229376
1 7 4101 4108 10241 12289 28672 33536 34304 35840 43008 53248 57344 65632 65728 65920 98560 102400 131096 131120 135176 196640 200704
1 7 4101 4108 10241 12289 28672 33536 34304 35840 43008 57344 65560 65584 69640 86016 114688 131168 131264 131456 164096 196640 229376
1 7 4101 4108 10241 12289 28672 33536 34304 35840 43008 57344 65632 65728 65920 81952 98560 114688 131096 131120 135176 147488 151552
1 7 4101 4108 10241 12289 28672 33536 34304 35840 43008 57344 65632 65728 65920 86016 98560 114688 131096 131120 135176 196640 200704
1 7 4101 4108 10241 12289 28672 33536 34304 35840 43008 57344 65632 65728 65920 98560 114688 131096 131120 135176 151552 196640 212992
1 7 4101 4108 10241 12289 28672 34304 35840 43008 49664 57344 65728 65920 66304 81984 82432 131096 131120 131168 135176 147520 151552
1 7 4101 4108 10241 12289 28672 34304 35840 43008 49664 57344 65728 65920 66304 82432 86016 131096 131120 131168 135176 196672 200704
1 7 4101 4108 10241 12289 28672 34304 35840 43008 49664 57344 65728 65920 66304 82432 131096 131120 131168 135176 151552 196672 212992
1 7 4101 4108 10241 12289 28672 34304 35840 43008 53248 57344 65560 65584 65632 69640 102400 131264 131456 131840 164352 196672 229376
1 7 4101 4108 10241 12289 28672 34304 35840 43008 53248 57344 65728 65920 66304 98816 102400 131096 131120 131168 135176 196672 200704
1 7 4101 4108 10241 12289 28672 34304 35840 43008 57344 65560 65584 65632 69640 86016 114688 131264 131456 131840 164352 196672 229376
1 7 4101 4108 10241 12289 28672 34304 35840 43008 57344 65728 65920 66304 81984 98816 114688 131096 131120 131168 135176 147520 151552
1 7 4101 4108 10241 12289 28672 34304 35840 43008 57344 65728 65920 66304 86016 98816 114688 131096 131120 131168 135176 196672 200704
1 7 4101 4108 10241 12289 28672 34304 35840 43008 57344 65728 65920 66304 98816 114688 131096 131120 131168 135176 151552 196672 212992
1 7 4101 4108 11264 12289 16408 16432 16480 20488 28672 32960 33152 33536 41472 49216 57344 67072 74240 74752 133121 139265 141312
1 7 4101 4108 11264 12289 16408 16432 16480 20488 28672 32960 33152 33536 49216 57344 67072 74752 98816 106496 133121 139265 141312
1 7 4101 4108 11264 12289 16408 16432 16480 20488 28672 32960 33152 49216 57344 66304 67072 74752 98560 106496 133121 139265 141312
1 7 4101 4108 11264 12289 16408 16432 16480 20488 28672 33536 34304 41984 57344 65728 65920 81984 98560 114688 133121 139265 141312
1 7 4101 4108 11264 12289 16408 16432 16480 20488 28672 34304 41984 57344 65728 65920 66304 81984 98816 114688 133121 139265 141312
1 7 4101 4108 11264 12289 16408 16432 20488 28672 32864 32960 33152 49184 57344 66304 67072 74752 98560 106496 133121 139265 141312
1 7 4101 4108 11264 12289 16408 16432 20488 28672 32864 32960 49184 57344 65920 66304 67072 74752 98432 106496 133121 139265 141312
1 7 4101 4108 11264 12289 16408 16432 20488 28672 33152 33536 34304 41984 57344 65632 65728 81952 98432 114688 133121 139265 141312
1 7 4101 4108 11264 12289 16408 16432 20488 28672 33536 34304 41984 57344 65632 65728 65920 81952 98560 114688 133121 139265 141312
1 7 4101 4108 11264 12289 16408 20488 28672 32816 32864 32960 49168 57344 65920 66304 67072 74752 98432 106496 133121 139265 141312
1 7 4101 4108 11264 12289 16408 20488 28672 33152 33536 34304 41984 57344 65584 65632 65728 81936 98432 114688 133121 139265 141312
1 7 4101 4108 11264 12289 16432 16480 16576 28672 33152 33536 34304 41984 49280 57344 67585 73729 75776 131096 135176 147472 151552
1 7 4101 4108 11264 12289 16480 16576 16768 28672 33536 34304 41984 49408 57344 67585 73729 75776 131096 131120 135176 147488 151552
1 7 4101 4108 11264 12289 16480 16576 28672 33152 33536 34304 41984 49280 57344 67585 73729 75776 131096 131120 135176 147488 151552
1 7 4101 4108 11264 12289 16576 16768 17152 25088 28672 32792 32816 32864 36872 49216 53248 67072 74240 74752 133121 139265 141312
1 7 4101 4108 11264 12289 16576 16768 17152 28672 34304 41984 49664 57344 67585 73729 75776 131096 131120 131168 135176 147520 151552
1 7 4101 4108 11264 12289 16576 16768 28672 33536 34304 41984 49408 57344 67585 73729 75776 131096 131120 131168 135176 147520 151552
1 7 4101 4108 11264 12289 16768 17152 17920 25600 28672 32816 32864 32960 49280 53248 65560 69640 98320 102400 133121 139265 141312
1 7 4101 4108 11264 12289 16768 17152 17920 25600 28672 32816 32864 32960 49280 65560 69640 86016 98320 114688 133121 139265 141312
1 7 4101 4108 11264 12289 16768 17152 17920 25600 28672 32864 32960 49280 53248 65560 65584 69640 98336 102400 133121 139265 141312
1 7 4101 4108 11264 12289 16768 17152 17920 25600 28672 32864 32960 49280 65560 65584 69640 86016 98336 114688 133121 139265 141312
1 7 4101 4108 11264 12289 17152 17920 25600 28672 32864 32960 33152 49408 53248 65560 65584 69640 98336 102400 133121 139265 141312
1 7 4101 4108 11264 12289 17152 17920 25600 28672 32864 32960 33152 49408 65560 65584 69640 86016 98336 114688 133121 139265 141312
1 7 4101 4108 11264 12289 17152 17920 25600 28672 32960 33152 49408 53248 65560 65584 65632 69640 98368 102400 133121 139265 141312
1 7 4101 4108 11264 12289 17152 17920 25600 28672 32960 33152 49408 65560 65584 65632 69640 86016 98368 114688 133121 139265 141312
1 7 4101 4108 11264 12289 17920 25600 28672 32960 33152 33536 49664 53248 65560 65584 65632 69640 98368 102400 133121 139265 141312
1 7 4101 4108 11264 12289 17920 25600 28672 32960 33152 33536 49664 65560 65584 65632 69640 86016 98368 114688 133121 139265 141312
1 7 4101 4108 12289 12296 16408 16432 16480 24584 32960 33152 33536 49216 57344 67072 67585 68608 73729 98816 172032 204800 229376
1 7 4101 4108 12289 12296 16408 16432 16480 24584 32960 33152 33536 49216 57344 67072 67585 68608 98816 106496 139265 196609 204800
1 7 4101 4108 12289 12296 16408 16432 16480 24584 32960 33152 33536 49216 57344 67072 67585 68608 98816 139265 172032 196609 229376
1 7 4101 4108 12289 12296 16408 16432 16480 24584 32960 33152 33536 49216 57344 67072 67585 73729 98816 106496 134144 197632 198656
1 7 4101 4108 12289 12296 16408 16432 16480 24584 32960 33152 33536 49216 57344 67072 68608 73729 98816 106496 133121 196609 198656
1 7 4101 4108 12289 12296 16408 16432 16480 24584 32960 33152 33536 49216 57344 67072 68608 98816 106496 133121 139265 198656 204800
1 7 4101 4108 12289 12296 16408 16432 16480 24584 32960 33152 33536 49216 57344 67072 68608 98816 133121 139265 172032 198656 229376
1 7 4101 4108 12289 12296 16408 16432 16480 24584 32960 33152 33536 49216 57344 67072 73729 98816 106496 133121 134144 196609 197632
1 7 4101 4108 12289 12296 16408 16432 16480 24584 32960 33152 33536 49216 57344 67072 98816 106496 133121 134144 139265 197632 204800
1 7 4101 4108 12289 12296 16408 16432 16480 24584 32960 33152 33536 49216 57344 67072 98816 133121 134144 139265 172032 197632 229376
1 7 4101 4108 12289 12296 16408 16432 16480 24584 32960 33152 33536 49216 57344 67585 68608 73729 98816 106496 132608 197120 197632
1 7 4101 4108 12289 12296 16408 16432 16480 24584 32960 33152 33536 49216 57344 67585 73729 98816 106496 132608 134144 197120 198656
1 7 4101 4108 12289 12296 16408 16432 16480 24584 32960 33152 33536 49216 57344 73729 98816 106496 132608 133121 134144 196609 197120
1 7 4101 4108 12289 12296 16408 16432 16480 24584 32960 33152 33536 49216 57344 98816 106496 132608 133121 134144 139265 197120 204800
1 7 4101 4108 12289 12296 16408 16432 16480 24584 32960 33152 33536 49216 57344 98816 132608 133121 134144 139265 172032 197120 229376
1 7 4101 4108 12289 12296 16408 16432 16480 24584 32960 33152 33536 49216 67072 67585 68608 73729 90112 98816 180224 212992 229376
1 7 4101 4108 12289 12296 16408 16432 16480 24584 32960 33152 33536 49216 67072 67585 68608 73729 98816 106496 155648 172032 180224
1 7 4101 4108 12289 12296 16408 16432 16480 24584 32960 33152 33536 49216 67072 67585 68608 73729 98816 114688 155648 204800 212992
1 7 4101 4108 12289 12296 16408 16432 16480 24584 32960 33152 33536 49216 67072 67585 68608 73729 98816 155648 180224 204800 229376
1 7 4101 4108 12289 12296 16408 16432 16480 24584 32960 33152 33536 49216 67072 67585 68608 90112 98816 114688 139265 196609 204800
1 7 4101 4108 12289 12296 16408 16432 16480 24584 32960 33152 33536 49216 67072 67585 68608 98816 114688 139265 155648 196609 212992
1 7 4101 4108 12289 12296 16408 16432 16480 24584 32960 33152 33536 49216 67072 67585 68608 98816 139265 155648 180224 196609 229376
1 7 4101 4108 12289 12296 16408 16432 16480 24584 32960 33152 33536 49216 67072 67585 73729 90112 98816 114688 134144 197632 198656
1 7 4101 4108 12289 12296 16408 16432 16480 24584 32960 33152 33536 49216 67072 68608 73729 90112 98816 114688 133121 196609 198656
1 7 4101 4108 12289 12296 16408 16432 16480 24584 32960 33152 33536 49216 67072 68608 90112 98816 114688 133121 139265 198656 204800
1 7 4101 4108 12289 12296 16408 16432 16480 24584 32960 33152 33536 49216 67072 68608 98816 114688 133121 139265 155648 198656 212992
1 7 4101 4108 12289 12296 16408 16432 16480 24584 32960 33152 33536 49216 67072 68608 98816 133121 139265 155648 180224 198656 229376
1 7 4101 4108 12289 12296 16408 16432 16480 24584 32960 33152 33536 49216 67072 73729 90112 98816 114688 133121 134144 196609 197632
1 7 4101 4108 12289 12296 16408 16432 16480 24584 32960 33152 33536 49216 67072 90112 98816 114688 133121 134144 139265 197632 204800
1 7 4101 4108 12289 12296 16408 16432 16480 24584 32960 33152 33536 49216 67072 98816 114688 133121 134144 139265 155648 197632 212992
1 7 4101 4108 12289 12296 16408 16432 16480 24584 32960 33152 33536 49216 67072 98816 133121 134144 139265 155648 180224 197632 229376
1 7 4101 4108 12289 12296 16408 16432 16480 24584 32960 33152 33536 49216 67585 68608 73729 90112 98816 114688 132608 197120 197632
1 7 4101 4108 12289 12296 16408 16432 16480 24584 32960 33152 33536 49216 67585 73729 90112 98816 114688 132608 134144 197120 198656
1 7 4101 4108 12289 12296 16408 16432 16480 24584 32960 33152 33536 49216 73729 90112 98816 114688 132608 133121 134144 196609 197120
1 7 4101 4108 12289 12296 16408 16432 16480 24584 32960 33152 33536 49216 90112 98816 114688 132608 133121 134144 139265 197120 204800
1 7 4101 4108 12289 12296 16408 16432 16480 24584 32960 33152 33536 49216 98816 114688 132608 133121 134144 139265 155648 197120 212992
1 7 4101 4108 12289 12296 16408 16432 16480 24584 32960 33152 33536 49216 98816 132608 133121 134144 139265 155648 180224 197120 229376
1 7 4101 4108 12289 12296 16408 16432 16480 24584 32960 33152 49216 57344 66304 67072 98560 106496 133121 134144 139265 197632 204800
1 7 4101 4108 12289 12296 16408 16432 16480 24584 32960 33152 49216 57344 66304 67072 98560 133121 134144 139265 172032 197632 229376
1 7 4101 4108 12289 12296 16408 16432 16480 24584 32960 33152 49216 57344 66304 98560 98816 132608 133121 134144 139265 164352 172032
1 7 4101 4108 12289 12296 16408 16432 16480 24584 32960 33152 49216 57344 66304 98560 106496 132608 133121 134144 139265 197120 204800
1 7 4101 4108 12289 12296 16408 16432 16480 24584 32960 33152 49216 57344 66304 98560 132608 133121 134144 139265 172032 197120 229376
1 7 4101 4108 12289 12296 16408 16432 16480 24584 32960 33152 49216 66304 67072 90112 98560 114688 133121 134144 139265 197632 204800
1 7 4101 4108 12289 12296 16408 16432 16480 24584 32960 33152 49216 66304 67072 98560 114688 133121 134144 139265 155648 197632 212992
1 7 4101 4108 12289 12296 16408 16432 16480 24584 32960 33152 49216 66304 67072 98560 133121 134144 139265 155648 180224 197632 229376
1 7 4101 4108 12289 12296 16408 16432 16480 24584 32960 33152 49216 66304 90112 98560 114688 132608 133121 134144 139265 197120 204800
1 7 4101 4108 12289 12296 16408 16432 16480 24584 32960 33152 49216 66304 98560 98816 132608 133121 134144 139265 155648 164352 180224
1 7 4101 4108 12289 12296 16408 16432 16480 24584 32960 33152 49216 66304 98560 114688 132608 133121 134144 139265 155648 197120 212992
1 7 4101 4108 12289 12296 16408 16432 16480 24584 32960 33152 49216 66304 98560 132608 133121 134144 139265 155648 180224 197120 229376
1 7 4101 4108 12289 12296 16408 16432 16480 24584 32960 33536 49216 57344 65920 98432 98560 132608 133121 134144 139265 164352 172032
1 7 4101 4108 12289 12296 16408 16432 16480 24584 32960 33536 49216 65920 98432 98560 132608 133121 134144 139265 155648 164352 180224
1 7 4101 4108 12289 12296 16408 16432 16480 24584 32960 49216 57344 65920 66304 98432 98816 132608 133121 134144 139265 164352 172032
1 7 4101 4108 12289 12296 16408 16432 16480 24584 32960 49216 57344 65920 66304 98432 106496 132608 133121 134144 139265 197120 204800
1 7 4101 4108 12289 12296 16408 16432 16480 24584 32960 49216 57344 65920 66304 98432 132608 133121 134144 139265 172032 197120 229376
1 7 4101 4108 12289 12296 16408 16432 16480 24584 32960 49216 65920 66304 90112 98432 114688 132608 133121 134144 139265 197120 204800
1 7 4101 4108 12289 12296 16408 16432 16480 24584 32960 49216 65920 66304 98432 98816 132608 133121 134144 139265 155648 164352 180224
1 7 4101 4108 12289 12296 16408 16432 16480 24584 32960 49216 65920 66304 98432 114688 132608 133121 134144 139265 155648 197120 212992
1 7 4101 4108 12289 12296 16408 16432 16480 24584 32960 49216 65920 66304 98432 132608 133121 134144 139265 155648 180224 197120 229376
1 7 4101 4108 12289 12296 16408 16432 16480 24584 33152 33536 49216 57344 65728 98368 98432 132608 133121 134144 139265 164352 172032
1 7 4101 4108 12289 12296 16408 16432 16480 24584 33152 33536 49216 65728 98368 98432 132608 133121 134144 139265 155648 164352 180224
1 7 4101 4108 12289 12296 16408 16432 16480 24584 33536 49216 57344 65728 65920 98368 98560 132608 133121 134144 139265 164352 172032
1 7 4101 4108 12289 12296 16408 16432 16480 24584 33536 49216 65728 65920 98368 98560 132608 133121 134144 139265 155648 164352 180224
1 7 4101 4108 12289 12296 16408 16432 16480 24584 49216 57344 65728 65920 66304 98368 98816 132608 133121 134144 139265 164352 172032
1 7 4101 4108 12289 12296 16408 16432 16480 24584 49216 57344 65728 65920 66304 98368 106496 132608 133121 134144 139265 197120 204800
1 7 4101 4108 12289 12296 16408 16432 16480 24584 49216 57344 65728 65920 66304 98368 132608 133121 134144 139265 172032 197120 229376
1 7 4101 4108 12289 12296 16408 16432 16480 24584 49216 65728 65920 66304 90112 98368 114688 132608 133121 134144 139265 197120 204800
1 7 4101 4108 12289 12296 16408 16432 16480 24584 49216 65728 65920 66304 98368 98816 132608 133121 134144 139265 155648 164352 180224
1 7 4101 4108 12289 12296 16408 16432 16480 24584 49216 65728 65920 66304 98368 114688 132608 133121 134144 139265 155648 197120 212992
1 7 4101 4108 12289 12296 16408 16432 16480 24584 49216 65728 65920 66304 98368 132608 133121 134144 139265 155648 180224 197120 229376
1 7 4101 4108 12289 12296 16408 16432 24584 32864 32960 33152 49184 57344 66304 67072 68608 98560 106496 133121 139265 198656 204800
1 7 4101 4108 12289 12296 16408 16432 24584 32864 32960 33152 49184 57344 66304 67072 98560 106496 133121 134144 139265 197632 204800
1 7 4101 4108 12289 12296 16408 16432 24584 32864 32960 33152 49184 57344 66304 98560 106496 132608 133121 134144 139265 197120 204800
1 7 4101 4108 12289 12296 16408 16432 24584 32864 32960 33152 49184 57344 67072 67585 68608 73729 106496 131840 164096 197120 229376
1 7 4101 4108 12289 12296 16408 16432 24584 32864 32960 33152 49184 57344 67585 68608 73729 106496 131840 132608 164096 197632 229376
1 7 4101 4108 12289 12296 16408 16432 24584 32864 32960 33152 49184 57344 67585 73729 106496 131840 132608 134144 164096 198656 229376
1 7 4101 4108 12289 12296 16408 16432 24584 32864 32960 33152 49184 66304 67072 68608 90112 98560 114688 133121 139265 198656 204800
1 7 4101 4108 12289 12296 16408 16432 24584 32864 32960 33152 49184 66304 67072 68608 98560 114688 133121 139265 155648 198656 212992
1 7 4101 4108 12289 12296 16408 16432 24584 32864 32960 33152 49184 66304 67072 90112 98560 114688 133121 134144 139265 197632 204800
1 7 4101 4108 12289 12296 16408 16432 24584 32864 32960 33152 49184 66304 67072 98560 114688 133121 134144 139265 155648 197632 212992
1 7 4101 4108 12289 12296 16408 16432 24584 32864 32960 33152 49184 66304 90112 98560 114688 132608 133121 134144 139265 197120 204800
1 7 4101 4108 12289 12296 16408 16432 24584 32864 32960 33152 49184 66304 98560 114688 132608 133121 134144 139265 155648 197120 212992
1 7 4101 4108 12289 12296 16408 16432 24584 32864 32960 33152 49184 67072 67585 68608 73729 90112 114688 131840 164096 197120 229376
1 7 4101 4108 12289 12296 16408 16432 24584 32864 32960 33152 49184 67585 68608 73729 90112 114688 131840 132608 164096 197632 229376
1 7 4101 4108 12289 12296 16408 16432 24584 32864 32960 33152 49184 67585 73729 90112 114688 131840 132608 134144 164096 198656 229376
1 7 4101 4108 12289 12296 16408 16432 24584 32864 32960 49184 57344 65920 66304 67072 98432 106496 133121 134144 139265 197632 204800
1 7 4101 4108 12289 12296 16408 16432 24584 32864 32960 49184 57344 65920 66304 98432 106496 132608 133121 134144 139265 197120 204800
1 7 4101 4108 12289 12296 16408 16432 24584 32864 32960 49184 57344 67072 67585 68608 73729 106496 131456 131840 163968 197120 229376
1 7 4101 4108 12289 12296 16408 16432 24584 32864 32960 49184 57344 67585 68608 73729 106496 131456 131840 132608 163968 197632 229376
1 7 4101 4108 12289 12296 16408 16432 24584 32864 32960 49184 65920 66304 67072 90112 98432 114688 133121 134144 139265 197632 204800
1 7 4101 4108 12289 12296 16408 16432 24584 32864 32960 49184 65920 66304 67072 98432 114688 133121 134144 139265 155648 197632 212992
1 7 4101 4108 12289 12296 16408 16432 24584 32864 32960 49184 65920 66304 90112 98432 114688 132608 133121 134144 139265 197120 204800
1 7 4101 4108 12289 12296 16408 16432 24584 32864 32960 49184 65920 66304 98432 114688 132608 133121 134144 139265 155648 197120 212992
1 7 4101 4108 12289 12296 16408 16432 24584 32864 32960 49184 67072 67585 68608 73729 90112 114688 131456 131840 163968 197120 229376
1 7 4101 4108 12289 12296 16408 16432 24584 32864 32960 49184 67585 68608 73729 90112 114688 131456 131840 132608 163968 197632 229376
1 7 4101 4108 12289 12296 16408 16432 24584 32864 49184 49216 65728 65920 66304 81984 90112 132608 133121 134144 139265 197120 204800
1 7 4101 4108 12289 12296 16408 16432 24584 32864 49184 49216 65728 65920 66304 81984 132608 133121 134144 139265 155648 197120 212992
1 7 4101 4108 12289 12296 16408 16432 24584 32864 49184 57344 65728 65920 66304 98368 106496 132608 133121 134144 139265 197120 204800
1 7 4101 4108 12289 12296 16408 16432 24584 32864 49184 57344 67072 67585 68608 73729 106496 131264 131456 131840 163904 197120 229376
1 7 4101 4108 12289 12296 16408 16432 24584 32864 49184 65728 65920 66304 90112 98368 114688 132608 133121 134144 139265 197120 204800
1 7 4101 4108 12289 12296 16408 16432 24584 32864 49184 65728 65920 66304 98368 114688 132608 133121 134144 139265 155648 197120 212992
1 7 4101 4108 12289 12296 16408 16432 24584 32864 49184 67072 67585 68608 73729 90112 114688 131264 131456 131840 163904 197120 229376
1 7 4101 4108 12289 12296 16408 16480 24584 32816 49168 49184 65728 65920 66304 81984 90112 132608 133121 134144 139265 197120 204800
1 7 4101 4108 12289 12296 16408 16480 24584 32816 49168 49184 65728 65920 66304 81984 132608 133121 134144 139265 155648 197120 212992
1 7 4101 4108 12289 12296 16408 24584 32816 32864 32960 49168 57344 65920 66304 67072 98432 106496 133121 134144 139265 197632 204800
1 7 4101 4108 12289 12296 16408 24584 32816 32864 32960 49168 57344 65920 66304 67072 98432 133121 134144 139265 172032 197632 229376
1 7 4101 4108 12289 12296 16408 24584 32816 32864 32960 49168 57344 65920 66304 98432 106496 132608 133121 134144 139265 197120 204800
1 7 4101 4108 12289 12296 16408 24584 32816 32864 32960 49168 57344 65920 66304 98432 132608 133121 134144 139265 172032 197120 229376
1 7 4101 4108 12289 12296 16408 24584 32816 32864 32960 49168 65920 66304 67072 90112 98432 114688 133121 134144 139265 197632 204800
1 7 4101 4108 12289 12296 16408 24584 32816 32864 32960 49168 65920 66304 67072 98432 114688 133121 134144 139265 155648 197632 212992
1 7 4101 4108 12289 12296 16408 24584 32816 32864 32960 49168 65920 66304 67072 98432 133121 134144 139265 155648 180224 197632 229376
1 7 4101 4108 12289 12296 16408 24584 32816 32864 32960 49168 65920 66304 90112 98432 114688 132608 133121 134144 139265 197120 204800
1 7 4101 4108 12289 12296 16408 24584 32816 32864 32960 49168 65920 66304 98432 114688 132608 133121 134144 139265 155648 197120 212992
1 7 4101 4108 12289 12296 16408 24584 32816 32864 32960 49168 65920 66304 98432 132608 133121 134144 139265 155648 180224 197120 229376
1 7 4101 4108 12289 12296 16408 24584 32816 32864 49168 49216 65728 65920 66304 81984 90112 132608 133121 134144 139265 197120 204800
1 7 4101 4108 12289 12296 16408 24584 32816 32864 49168 49216 65728 65920 66304 81984 132608 133121 134144 139265 155648 197120 212992
1 7 4101 4108 12289 12296 16408 24584 32816 32864 49168 57344 65728 65920 66304 98368 106496 132608 133121 134144 139265 197120 204800
1 7 4101 4108 12289 12296 16408 24584 32816 32864 49168 57344 65728 65920 66304 98368 132608 133121 134144 139265 172032 197120 229376
1 7 4101 4108 12289 12296 16408 24584 32816 32864 49168 65728 65920 66304 90112 98368 114688 132608 133121 134144 139265 197120 204800
1 7 4101 4108 12289 12296 16408 24584 32816 32864 49168 65728 65920 66304 98368 114688 132608 133121 134144 139265 155648 197120 212992
1 7 4101 4108 12289 12296 16408 24584 32816 32864 49168 65728 65920 66304 98368 132608 133121 134144 139265 155648 180224 197120 229376
1 7 4101 4108 12289 12296 16432 16480 24584 32792 49160 49168 65728 65920 66304 81984 90112 132608 133121 134144 139265 197120 204800
1 7 4101 4108 12289 12296 16432 16480 24584 32792 49160 49168 65728 65920 66304 81984 132608 133121 134144 139265 155648 197120 212992
1 7 4101 4108 12289 12296 16480 24584 32792 32816 49160 49184 65728 65920 66304 81984 90112 132608 133121 134144 139265 197120 204800
1 7 4101 4108 12289 12296 16480 24584 32792 32816 49160 49184 65728 65920 66304 81984 132608 133121 134144 139265 155648 197120 212992
1 7 4101 4108 12289 12296 24577 24584 32792 32816 32864 49160 65728 65920 66304 98368 114688 132608 133121 134144 147457 197120 212992
1 7 4101 4108 12289 12296 24577 24584 32792 32816 32864 49160 67072 67585 68608 81921 114688 131264 131456 131840 163904 197120 229376
1 7 4101 4108 12289 12296 24584 32792 32816 32864 49160 49216 65728 65920 66304 81984 90112 132608 133121 134144 139265 197120 204800
1 7 4101 4108 12289 12296 24584 32792 32816 32864 49160 49216 65728 65920 66304 81984 132608 133121 134144 139265 155648 197120 212992
1 7 4101 4108 12289 12296 24584 32792 32816 32864 49160 57344 65728 65920 66304 98368 106496 132608 133121 134144 139265 197120 204800
1 7 4101 4108 12289 12296 24584 32792 32816 32864 49160 57344 67072 67585 68608 73729 106496 131264 131456 131840 163904 197120 229376
1 7 4101 4108 12289 12296 24584 32792 32816 32864 49160 65728 65920 66304 90112 98368 114688 132608 133121 134144 139265 197120 204800
1 7 4101 4108 12289 12296 24584 32792 32816 32864 49160 65728 65920 66304 98368 114688 132608 133121 134144 139265 155648 197120 212992
1 7 4101 4108 12289 12296 24584 32792 32816 32864 49160 67072 67585 68608 73729 90112 114688 131264 131456 131840 163904 197120 229376
1 7 4101 4108 12289 16408 16432 16480 20488 28672 32960 33152 33536 41472 49216 57344 67072 67585 68608 74240 139265 196609 204800
1 7 4101 4108 12289 16408 16432 16480 20488 28672 32960 33152 33536 41472 49216 57344 67072 67585 73729 74240 134144 197632 198656
1 7 4101 4108 12289 16408 16432 16480 20488 28672 32960 33152 33536 41472 49216 57344 67072 68608 73729 74240 133121 196609 198656
1 7 4101 4108 12289 16408 16432 16480 20488 28672 32960 33152 33536 41472 49216 57344 67072 68608 74240 75776 133121 139265 141312
1 7 4101 4108 12289 16408 16432 16480 20488 28672 32960 33152 33536 41472 49216 57344 67072 68608 74240 133121 139265 198656 204800
1 7 4101 4108 12289 16408 16432 16480 20488 28672 32960 33152 33536 41472 49216 57344 67072 73729 74240 133121 134144 196609 197632
1 7 4101 4108 12289 16408 16432 16480 20488 28672 32960 33152 33536 41472 49216 57344 67072 74240 74752 133121 134144 139265 140288
1 7 4101 4108 12289 16408 16432 16480 20488 28672 32960 33152 33536 41472 49216 57344 67072 74240 133121 134144 139265 197632 204800
1 7 4101 4108 12289 16408 16432 16480 20488 28672 32960 33152 33536 41472 49216 57344 67585 68608 73729 74240 132608 197120 197632
1 7 4101 4108 12289 16408 16432 16480 20488 28672 32960 33152 33536 41472 49216 57344 67585 73729 74240 132608 134144 197120 198656
1 7 4101 4108 12289 16408 16432 16480 20488 28672 32960 33152 33536 41472 49216 57344 73729 74240 132608 133121 134144 196609 197120
1 7 4101 4108 12289 16408 16432 16480 20488 28672 32960 33152 33536 41472 49216 57344 74240 132608 133121 134144 139265 197120 204800
1 7 4101 4108 12289 16408 16432 16480 20488 28672 32960 33152 33536 41472 57344 81984 98368 114688 132608 133121 134144 139265 139776
1 7 4101 4108 12289 16408 16432 16480 20488 28672 32960 33152 33536 49216 57344 67072 67585 68608 73729 98816 172032 204800 229376
1 7 4101 4108 12289 16408 16432 16480 20488 28672 32960 33152 33536 49216 57344 67072 67585 68608 98816 106496 139265 196609 204800
1 7 4101 4108 12289 16408 16432 16480 20488 28672 32960 33152 33536 49216 57344 67072 67585 68608 98816 139265 172032 196609 229376
1 7 4101 4108 12289 16408 16432 16480 20488 28672 32960 33152 33536 49216 57344 67072 67585 73729 98816 106496 134144 197632 198656
1 7 4101 4108 12289 16408 16432 16480 20488 28672 32960 33152 33536 49216 57344 67072 68608 73729 98816 106496 133121 196609 198656
1 7 4101 4108 12289 16408 16432 16480 20488 28672 32960 33152 33536 49216 57344 67072 68608 75776 98816 106496 133121 139265 141312
1 7 4101 4108 12289 16408 16432 16480 20488 28672 32960 33152 33536 49216 57344 67072 68608 98816 106496 133121 139265 198656 204800
1 7 4101 4108 12289 16408 16432 16480 20488 28672 32960 33152 33536 49216 57344 67072 68608 98816 133121 139265 172032 198656 229376
1 7 4101 4108 12289 16408 16432 16480 20488 28672 32960 33152 33536 49216 57344 67072 73729 98816 106496 133121 134144 196609 197632
1 7 4101 4108 12289 16408 16432 16480 20488 28672 32960 33152 33536 49216 57344 67072 74752 98816 106496 133121 134144 139265 140288
1 7 4101 4108 12289 16408 16432 16480 20488 28672 32960 33152 33536 49216 57344 67072 98816 106496 133121 134144 139265 197632 204800
1 7 4101 4108 12289 16408 16432 16480 20488 28672 32960 33152 33536 49216 57344 67072 98816 133121 134144 139265 172032 197632 229376
1 7 4101 4108 12289 16408 16432 16480 20488 28672 32960 33152 33536 49216 57344 67585 68608 73729 98816 106496 132608 197120 197632
1 7 4101 4108 12289 16408 16432 16480 20488 28672 32960 33152 33536 49216 57344 67585 73729 98816 106496 132608 134144 197120 198656
1 7 4101 4108 12289 16408 16432 16480 20488 28672 32960 33152 33536 49216 57344 73729 98816 106496 132608 133121 134144 196609 197120
1 7 4101 4108 12289 16408 16432 16480 20488 28672 32960 33152 33536 49216 57344 74240 98816 106496 132608 133121 134144 139265 139776
1 7 4101 4108 12289 16408 16432 16480 20488 28672 32960 33152 33536 49216 57344 98816 106496 132608 133121 134144 139265 197120 204800
1 7 4101 4108 12289 16408 16432 16480 20488 28672 32960 33152 33536 49216 57344 98816 132608 133121 134144 139265 172032 197120 229376
1 7 4101 4108 12289 16408 16432 16480 20488 28672 32960 33152 33536 57344 81984 98368 114688 132608 133121 134144 139265 164352 172032
1 7 4101 4108 12289 16408 16432 16480 20488 28672 32960 33152 41472 49216 57344 66304 98560 98816 132608 133121 134144 139265 139776
1 7 4101 4108 12289 16408 16432 16480 20488 28672 32960 33152 49216 57344 66304 67072 74752 98560 106496 133121 134144 139265 140288
1 7 4101 4108 12289 16408 16432 16480 20488 28672 32960 33152 49216 57344 66304 67072 98560 106496 133121 134144 139265 197632 204800
1 7 4101 4108 12289 16408 16432 16480 20488 28672 32960 33152 49216 57344 66304 67072 98560 133121 134144 139265 172032 197632 229376
1 7 4101 4108 12289 16408 16432 16480 20488 28672 32960 33152 49216 57344 66304 74240 98560 106496 132608 133121 134144 139265 139776
1 7 4101 4108 12289 16408 16432 16480 20488 28672 32960 33152 49216 57344 66304 98560 98816 132608 133121 134144 139265 164352 172032
1 7 4101 4108 12289 16408 16432 16480 20488 28672 32960 33152 49216 57344 66304 98560 106496 132608 133121 134144 139265 197120 204800
1 7 4101 4108 12289 16408 16432 16480 20488 28672 32960 33152 49216 57344 66304 98560 132608 133121 134144 139265 172032 197120 229376
1 7 4101 4108 12289 16408 16432 16480 20488 28672 32960 33536 41472 49216 57344 65920 98432 98560 132608 133121 134144 139265 139776
1 7 4101 4108 12289 16408 16432 16480 20488 28672 32960 33536 49216 57344 65920 98432 98560 132608 133121 134144 139265 164352 172032
1 7 4101 4108 12289 16408 16432 16480 20488 28672 32960 41472 49216 57344 65920 66304 98432 98816 132608 133121 134144 139265 139776
1 7 4101 4108 12289 16408 16432 16480 20488 28672 32960 49216 57344 65920 66304 74240 98432 106496 132608 133121 134144 139265 139776
1 7 4101 4108 12289 16408 16432 16480 20488 28672 32960 49216 57344 65920 66304 98432 98816 132608 133121 134144 139265 164352 172032
1 7 4101 4108 12289 16408 16432 16480 20488 28672 32960 49216 57344 65920 66304 98432 106496 132608 133121 134144 139265 197120 204800
1 7 4101 4108 12289 16408 16432 16480 20488 28672 32960 49216 57344 65920 66304 98432 132608 133121 134144 139265 172032 197120 229376
1 7 4101 4108 12289 16408 16432 16480 20488 28672 33152 33536 41472 49216 57344 65728 98368 98432 132608 133121 134144 139265 139776
1 7 4101 4108 12289 16408 16432 16480 20488 28672 33152 33536 41472 57344 65728 81984 98432 114688 132608 133121 134144 139265 139776
1 7 4101 4108 12289 16408 16432 16480 20488 28672 33152 33536 49216 57344 65728 98368 98432 132608 133121 134144 139265 164352 172032
1 7 4101 4108 12289 16408 16432 16480 20488 28672 33152 33536 57344 65728 81984 98432 114688 132608 133121 134144 139265 164352 172032
1 7 4101 4108 12289 16408 16432 16480 20488 28672 33536 34304 41984 57344 65728 65920 81984 98560 114688 133121 134144 139265 140288
1 7 4101 4108 12289 16408 16432 16480 20488 28672 33536 34304 57344 65728 65920 81984 98560 114688 133121 134144 139265 164864 172032
1 7 4101 4108 12289 16408 16432 16480 20488 28672 33536 41472 49216 57344 65728 65920 98368 98560 132608 133121 134144 139265 139776
1 7 4101 4108 12289 16408 16432 16480 20488 28672 33536 41472 57344 65728 65920 81984 98560 114688 132608 133121 134144 139265 139776
1 7 4101 4108 12289 16408 16432 16480 20488 28672 33536 49216 57344 65728 65920 98368 98560 132608 133121 134144 139265 164352 172032
1 7 4101 4108 12289 16408 16432 16480 20488 28672 33536 57344 65728 65920 81984 98560 114688 132608 133121 134144 139265 164352 172032
1 7 4101 4108 12289 16408 16432 16480 20488 28672 34304 34817 35840 40961 57344 65728 65920 66304 81984 114688 164352 197120 229376
1 7 4101 4108 12289 16408 16432 16480 20488 28672 34304 34817 35840 40961 57344 65728 65920 66304 98816 114688 147520 196672 212992
1 7 4101 4108 12289 16408 16432 16480 20488 28672 34304 34817 35840 40961 57344 65728 65920 81984 98816 114688 131840 196864 197120
1 7 4101 4108 12289 16408 16432 16480 20488 28672 34304 34817 35840 40961 57344 65728 65920 81984 114688 131840 164352 196864 229376
1 7 4101 4108 12289 16408 16432 16480 20488 28672 34304 34817 35840 40961 57344 65728 66304 81984 98816 114688 131456 196736 196864
1 7 4101 4108 12289 16408 16432 16480 20488 28672 34304 34817 35840 40961 57344 65728 81984 98816 114688 131456 131840 196736 197120
1 7 4101 4108 12289 16408 16432 16480 20488 28672 34304 34817 35840 40961 57344 65728 81984 114688 131456 131840 164352 196736 229376
1 7 4101 4108 12289 16408 16432 16480 20488 28672 34304 34817 35840 40961 57344 65920 66304 81984 98816 114688 131264 196672 196736
1 7 4101 4108 12289 16408 16432 16480 20488 28672 34304 34817 35840 40961 57344 65920 66304 98816 114688 131264 147520 196736 212992
1 7 4101 4108 12289 16408 16432 16480 20488 28672 34304 34817 35840 40961 57344 66304 81984 98816 114688 131264 131456 196672 196864
1 7 4101 4108 12289 16408 16432 16480 20488 28672 34304 34817 35840 40961 57344 66304 98816 114688 131264 131456 147520 196864 212992
1 7 4101 4108 12289 16408 16432 16480 20488 28672 34304 34817 35840 40961 57344 81984 98816 114688 131264 131456 131840 196672 197120
1 7 4101 4108 12289 16408 16432 16480 20488 28672 34304 34817 35840 40961 57344 81984 114688 131264 131456 131840 164352 196672 229376
1 7 4101 4108 12289 16408 16432 16480 20488 28672 34304 34817 35840 40961 57344 98816 114688 131264 131456 131840 147520 197120 212992
1 7 4101 4108 12289 16408 16432 16480 20488 28672 34304 34817 35840 40961 57344 114688 131264 131456 131840 147520 164352 212992 229376
1 7 4101 4108 12289 16408 16432 16480 20488 28672 34304 34817 35840 57344 65728 65920 66304 81984 98816 114688 139265 163841 172032
1 7 4101 4108 12289 16408 16432 16480 20488 28672 34304 34817 40961 57344 65728 65920 66304 81984 98816 114688 134144 164864 165888
1 7 4101 4108 12289 16408 16432 16480 20488 28672 34304 35840 40961 57344 65728 65920 66304 81984 98816 114688 133121 163841 165888
1 7 4101 4108 12289 16408 16432 16480 20488 28672 34304 35840 43008 57344 65728 65920 66304 81984 98816 114688 133121 139265 141312
1 7 4101 4108 12289 16408 16432 16480 20488 28672 34304 35840 57344 65728 65920 66304 81984 98816 114688 133121 139265 165888 172032
1 7 4101 4108 12289 16408 16432 16480 20488 28672 34304 40961 57344 65728 65920 66304 81984 98816 114688 133121 134144 163841 164864
1 7 4101 4108 12289 16408 16432 16480 20488 28672 34304 41984 57344 65728 65920 66304 81984 98816 114688 133121 134144 139265 140288
1 7 4101 4108 12289 16408 16432 16480 20488 28672 34304 57344 65728 65920 66304 81984 98816 114688 133121 134144 139265 164864 172032
1 7 4101 4108 12289 16408 16432 16480 20488 28672 34817 35840 40961 57344 65728 65920 66304 81984 98816 114688 132608 164352 164864
1 7 4101 4108 12289 16408 16432 16480 20488 28672 34817 35840 40961 57344 65728 65920 66304 81984 114688 132608 164864 197120 229376
1 7 4101 4108 12289 16408 16432 16480 20488 28672 34817 35840 40961 57344 65728 65920 81984 114688 131840 132608 164864 196864 229376
1 7 4101 4108 12289 16408 16432 16480 20488 28672 34817 35840 40961 57344 66304 67072 99328 114688 131264 131456 147520 196864 212992
1 7 4101 4108 12289 16408 16432 16480 20488 28672 34817 35840 40961 57344 67072 99328 114688 131264 131456 131840 147520 197120 212992
1 7 4101 4108 12289 16408 16432 16480 20488 28672 34817 40961 57344 65728 65920 66304 81984 98816 114688 132608 134144 164352 165888
1 7 4101 4108 12289 16408 16432 16480 20488 28672 34817 40961 57344 65728 65920 66304 81984 114688 132608 134144 165888 197120 229376
1 7 4101 4108 12289 16408 16432 16480 20488 28672 34817 40961 57344 67072 68608 100352 114688 131264 131456 131840 147520 197120 212992
1 7 4101 4108 12289 16408 16432 16480 20488 28672 40961 57344 65728 65920 66304 81984 98816 114688 132608 133121 134144 163841 164352
1 7 4101 4108 12289 16408 16432 16480 20488 28672 40961 57344 65728 65920 66304 81984 114688 132608 133121 134144 163841 197120 229376
1 7 4101 4108 12289 16408 16432 16480 20488 28672 40961 57344 67072 67585 68608 98305 114688 131264 131456 131840 147520 197120 212992
1 7 4101 4108 12289 16408 16432 16480 20488 28672 41472 49216 57344 65728 65920 66304 98368 98816 132608 133121 134144 139265 139776
1 7 4101 4108 12289 16408 16432 16480 20488 28672 41472 57344 65728 65920 66304 81984 98816 114688 132608 133121 134144 139265 139776
1 7 4101 4108 12289 16408 16432 16480 20488 28672 49216 57344 65728 65920 66304 74240 98368 106496 132608 133121 134144 139265 139776
1 7 4101 4108 12289 16408 16432 16480 20488 28672 49216 57344 65728 65920 66304 98368 98816 132608 133121 134144 139265 164352 172032
1 7 4101 4108 12289 16408 16432 16480 20488 28672 49216 57344 65728 65920 66304 98368 106496 132608 133121 134144 139265 197120 204800
1 7 4101 4108 12289 16408 16432 16480 20488 28672 49216 57344 65728 65920 66304 98368 132608 133121 134144 139265 172032 197120 229376
1 7 4101 4108 12289 16408 16432 16480 20488 28672 57344 65728 65920 66304 74240 81984 106496 114688 132608 133121 134144 139265 139776
1 7 4101 4108 12289 16408 16432 16480 20488 28672 57344 65728 65920 66304 81984 98816 114688 132608 133121 134144 139265 164352 172032
1 7 4101 4108 12289 16408 16432 16480 20488 28672 57344 65728 65920 66304 81984 106496 114688 132608 133121 134144 139265 197120 204800
1 7 4101 4108 12289 16408 16432 16480 20488 28672 57344 65728 65920 66304 81984 114688 132608 133121 134144 139265 172032 197120 229376
1 7 4101 4108 12289 16408 16432 16480 20488 28672 57344 67072 67585 68608 73729 106496 114688 131264 131456 131840 147520 197120 212992
1 7 4101 4108 12289 16408 16432 16480 28672 32960 33152 33536 41472 49216 57344 67072 67585 68608 73729 74240 135176 147464 151552
1 7 4101 4108 12289 16408 16432 16480 28672 32960 33152 33536 49216 57344 67072 67585 68608 73729 98816 106496 135176 147464 151552
1 7 4101 4108 12289 16408 16432 16480 28672 34304 34817 35840 40961 57344 65728 65920 66304 81984 98816 114688 135176 147464 151552
1 7 4101 4108 12289 16408 16432 20488 28672 32864 32960 33152 49184 57344 66304 67072 68608 75776 98560 106496 133121 139265 141312
1 7 4101 4108 12289 16408 16432 20488 28672 32864 32960 33152 49184 57344 66304 67072 68608 98560 106496 133121 139265 198656 204800
1 7 4101 4108 12289 16408 16432 20488 28672 32864 32960 33152 49184 57344 66304 67072 68608 98560 133121 139265 172032 198656 229376
1 7 4101 4108 12289 16408 16432 20488 28672 32864 32960 33152 49184 57344 66304 67072 74752 98560 106496 133121 134144 139265 140288
1 7 4101 4108 12289 16408 16432 20488 28672 32864 32960 33152 49184 57344 66304 67072 98560 106496 133121 134144 139265 197632 204800
1 7 4101 4108 12289 16408 16432 20488 28672 32864 32960 33152 49184 57344 66304 67072 98560 133121 134144 139265 172032 197632 229376
1 7 4101 4108 12289 16408 16432 20488 28672 32864 32960 33152 49184 57344 66304 74240 98560 106496 132608 133121 134144 139265 139776
1 7 4101 4108 12289 16408 16432 20488 28672 32864 32960 33152 49184 57344 66304 98560 106496 132608 133121 134144 139265 197120 204800
1 7 4101 4108 12289 16408 16432 20488 28672 32864 32960 33152 49184 57344 66304 98560 132608 133121 134144 139265 172032 197120 229376
1 7 4101 4108 12289 16408 16432 20488 28672 32864 32960 49184 57344 65920 66304 67072 74752 98432 106496 133121 134144 139265 140288
1 7 4101 4108 12289 16408 16432 20488 28672 32864 32960 49184 57344 65920 66304 67072 98432 106496 133121 134144 139265 197632 204800
1 7 4101 4108 12289 16408 16432 20488 28672 32864 32960 49184 57344 65920 66304 67072 98432 133121 134144 139265 172032 197632 229376
1 7 4101 4108 12289 16408 16432 20488 28672 32864 32960 49184 57344 65920 66304 74240 98432 106496 132608 133121 134144 139265 139776
1 7 4101 4108 12289 16408 16432 20488 28672 32864 32960 49184 57344 65920 66304 98432 106496 132608 133121 134144 139265 197120 204800
1 7 4101 4108 12289 16408 16432 20488 28672 32864 32960 49184 57344 65920 66304 98432 132608 133121 134144 139265 172032 197120 229376
1 7 4101 4108 12289 16408 16432 20488 28672 32864 49184 57344 65728 65920 66304 74240 98368 106496 132608 133121 134144 139265 139776
1 7 4101 4108 12289 16408 16432 20488 28672 32864 49184 57344 65728 65920 66304 98368 106496 132608 133121 134144 139265 197120 204800
1 7 4101 4108 12289 16408 16432 20488 28672 32864 49184 57344 65728 65920 66304 98368 132608 133121 134144 139265 172032 197120 229376
1 7 4101 4108 12289 16408 16432 20488 28672 32960 33152 33536 41472 49216 57344 67072 67585 68608 73729 74240 131168 147488 147520
1 7 4101 4108 12289 16408 16432 20488 28672 32960 33152 33536 41472 57344 65632 81952 98368 114688 132608 133121 134144 139265 139776
1 7 4101 4108 12289 16408 16432 20488 28672 32960 33152 33536 49216 57344 67072 67585 68608 73729 98816 106496 131168 147488 147520
1 7 4101 4108 12289 16408 16432 20488 28672 32960 33152 33536 57344 65632 81952 98368 114688 132608 133121 134144 139265 164352 172032
1 7 4101 4108 12289 16408 16432 20488 28672 33152 33536 34304 41984 57344 65632 65728 81952 98432 114688 133121 134144 139265 140288
1 7 4101 4108 12289 16408 16432 20488 28672 33152 33536 34304 57344 65632 65728 81952 98432 114688 133121 134144 139265 164864 172032
1 7 4101 4108 12289 16408 16432 20488 28672 33152 33536 41472 57344 65632 65728 81952 98432 114688 132608 133121 134144 139265 139776
1 7 4101 4108 12289 16408 16432 20488 28672 33152 33536 57344 65632 65728 81952 98432 114688 132608 133121 134144 139265 164352 172032
1 7 4101 4108 12289 16408 16432 20488 28672 33536 34304 35840 43008 57344 65632 65728 65920 81952 98560 114688 133121 139265 141312
1 7 4101 4108 12289 16408 16432 20488 28672 33536 34304 35840 57344 65632 65728 65920 81952 98560 114688 133121 139265 165888 172032
1 7 4101 4108 12289 16408 16432 20488 28672 33536 34304 41984 57344 65632 65728 65920 81952 98560 114688 133121 134144 139265 140288
1 7 4101 4108 12289 16408 16432 20488 28672 33536 34304 57344 65632 65728 65920 81952 98560 114688 133121 134144 139265 164864 172032
1 7 4101 4108 12289 16408 16432 20488 28672 33536 41472 57344 65632 65728 65920 81952 98560 114688 132608 133121 134144 139265 139776
1 7 4101 4108 12289 16408 16432 20488 28672 33536 57344 65632 65728 65920 81952 98560 114688 132608 133121 134144 139265 164352 172032
1 7 4101 4108 12289 16408 16432 20488 28672 34304 34817 35840 40961 57344 65632 65728 65920 81952 114688 131840 164352 196864 229376
1 7 4101 4108 12289 16408 16432 20488 28672 34304 34817 35840 40961 57344 65632 65728 81952 114688 131456 131840 164352 196736 229376
1 7 4101 4108 12289 16408 16432 20488 28672 34304 34817 35840 40961 57344 65632 81952 114688 131264 131456 131840 164352 196672 229376
1 7 4101 4108 12289 16408 16432 20488 28672 34304 34817 35840 40961 57344 65728 65920 66304 81984 98816 114688 131168 147488 147520
1 7 4101 4108 12289 16408 16432 20488 28672 34304 34817 35840 40961 57344 65728 65920 66304 98816 114688 131168 147488 196672 212992
1 7 4101 4108 12289 16408 16432 20488 28672 34304 34817 35840 40961 57344 65920 66304 98816 114688 131168 131264 147488 196736 212992
1 7 4101 4108 12289 16408 16432 20488 28672 34304 34817 35840 40961 57344 66304 98816 114688 131168 131264 131456 147488 196864 212992
1 7 4101 4108 12289 16408 16432 20488 28672 34817 35840 40961 57344 65632 65728 65920 81952 114688 131840 132608 164864 196864 229376
1 7 4101 4108 12289 16408 16432 20488 28672 34817 35840 40961 57344 65632 65728 81952 114688 131456 131840 132608 164864 196736 229376
1 7 4101 4108 12289 16408 16432 20488 28672 34817 35840 40961 57344 65920 66304 67072 99328 114688 131168 131264 147488 196736 212992
1 7 4101 4108 12289 16408 16432 20488 28672 34817 35840 40961 57344 66304 67072 99328 114688 131168 131264 131456 147488 196864 212992
1 7 4101 4108 12289 16408 16432 20488 28672 34817 40961 57344 65632 65728 65920 81952 114688 131840 132608 134144 165888 196864 229376
1 7 4101 4108 12289 16408 16432 20488 28672 34817 40961 57344 66304 67072 68608 100352 114688 131168 131264 131456 147488 196864 212992
1 7 4101 4108 12289 16408 16480 20488 28672 32960 33152 33536 41472 49216 57344 67072 67585 68608 73729 74240 131120 147472 147488
1 7 4101 4108 12289 16408 16480 20488 28672 32960 33152 33536 49216 57344 67072 67585 68608 73729 98816 106496 131120 147472 147488
1 7 4101 4108 12289 16408 16480 20488 28672 34304 34817 35840 40961 57344 65728 65920 66304 81984 98816 114688 131120 147472 147488
1 7 4101 4108 12289 16408 20488 28672 32816 32864 32960 49168 57344 65920 66304 67072 74752 98432 106496 133121 134144 139265 140288
1 7 4101 4108 12289 16408 20488 28672 32816 32864 32960 49168 57344 65920 66304 67072 98432 106496 133121 134144 139265 197632 204800
1 7 4101 4108 12289 16408 20488 28672 32816 32864 32960 49168 57344 65920 66304 67072 98432 133121 134144 139265 172032 197632 229376
1 7 4101 4108 12289 16408 20488 28672 32816 32864 32960 49168 57344 65920 66304 74240 98432 106496 132608 133121 134144 139265 139776
1 7 4101 4108 12289 16408 20488 28672 32816 32864 32960 49168 57344 65920 66304 98432 106496 132608 133121 134144 139265 197120 204800
1 7 4101 4108 12289 16408 20488 28672 32816 32864 32960 49168 57344 65920 66304 98432 132608 133121 134144 139265 172032 197120 229376
1 7 4101 4108 12289 16408 20488 28672 32816 32864 49168 57344 65728 65920 66304 74240 98368 106496 132608 133121 134144 139265 139776
1 7 4101 4108 12289 16408 20488 28672 32816 32864 49168 57344 65728 65920 66304 98368 106496 132608 133121 134144 139265 197120 204800
1 7 4101 4108 12289 16408 20488 28672 32816 32864 49168 57344 65728 65920 66304 98368 132608 133121 134144 139265 172032 197120 229376
1 7 4101 4108 12289 16408 20488 28672 32960 33152 33536 41472 49216 57344 67072 67585 68608 73729 74240 131120 131168 147472 147520
1 7 4101 4108 12289 16408 20488 28672 32960 33152 33536 41472 57344 65584 65632 81936 98368 114688 132608 133121 134144 139265 139776
1 7 4101 4108 12289 16408 20488 28672 32960 33152 33536 49216 57344 67072 67585 68608 73729 98816 106496 131120 131168 147472 147520
1 7 4101 4108 12289 16408 20488 28672 32960 33152 33536 57344 65584 65632 81936 98368 114688 132608 133121 134144 139265 164352 172032
1 7 4101 4108 12289 16408 20488 28672 33152 33536 34304 41984 57344 65584 65632 65728 81936 98432 114688 133121 134144 139265 140288
1 7 4101 4108 12289 16408 20488 28672 33152 33536 34304 57344 65584 65632 65728 81936 98432 114688 133121 134144 139265 164864 172032
1 7 4101 4108 12289 16408 20488 28672 33152 33536 41472 57344 65584 65632 65728 81936 98432 114688 132608 133121 134144 139265 139776
1 7 4101 4108 12289 16408 20488 28672 33152 33536 57344 65584 65632 65728 81936 98432 114688 132608 133121 134144 139265 164352 172032
1 7 4101 4108 12289 16408 20488 28672 34304 34817 35840 40961 57344 65584 65632 65728 81936 114688 131456 131840 164352 196736 229376
1 7 4101 4108 12289 16408 20488 28672 34304 34817 35840 40961 57344 65584 65632 81936 114688 131264 131456 131840 164352 196672 229376
1 7 4101 4108 12289 16408 20488 28672 34304 34817 35840 40961 57344 65728 65920 66304 81984 98816 114688 131120 131168 147472 147520
1 7 4101 4108 12289 16408 20488 28672 34304 34817 35840 40961 57344 65728 65920 66304 98816 114688 131120 131168 147472 196672 212992
1 7 4101 4108 12289 16408 20488 28672 34304 34817 35840 40961 57344 65920 66304 98816 114688 131120 131168 131264 147472 196736 212992
1 7 4101 4108 12289 16408 20488 28672 34817 35840 40961 57344 65584 65632 65728 81936 114688 131456 131840 132608 164864 196736 229376
1 7 4101 4108 12289 16408 20488 28672 34817 35840 40961 57344 65920 66304 67072 99328 114688 131120 131168 131264 147472 196736 212992
1 7 4101 4108 12289 16432 16480 16576 28672 33152 33536 34304 41984 49280 57344 67585 68608 73729 74752 131096 135176 147472 151552
1 7 4101 4108 12289 16432 16480 16576 28672 33152 33536 34304 49280 57344 67585 68608 73729 99328 106496 131096 135176 147472 151552
1 7 4101 4108 12289 16432 16480 16576 28672 33152 33536 41472 49280 57344 67072 67585 68608 73729 74240 131096 135176 147472 151552
1 7 4101 4108 12289 16432 16480 16576 28672 33152 33536 49280 57344 67072 67585 68608 73729 98816 106496 131096 135176 147472 151552
1 7 4101 4108 12289 16432 16480 16576 28672 34304 34817 35840 40961 57344 65920 66304 82048 98816 114688 131096 135176 147472 151552
1 7 4101 4108 12289 16432 16480 16576 28672 34817 35840 40961 57344 65920 66304 67072 82048 99328 114688 131096 135176 147472 151552
1 7 4101 4108 12289 16432 16480 20488 28672 32960 33152 33536 41472 49216 57344 67072 67585 68608 73729 74240 131096 147464 147472
1 7 4101 4108 12289 16432 16480 20488 28672 32960 33152 33536 49216 57344 67072 67585 68608 73729 98816 106496 131096 147464 147472
1 7 4101 4108 12289 16432 16480 20488 28672 34304 34817 35840 40961 57344 65728 65920 66304 81984 98816 114688 131096 147464 147472
1 7 4101 4108 12289 16432 16480 28672 32960 33152 33536 41472 49216 57344 67072 67585 68608 73729 74240 131096 135176 147472 151552
1 7 4101 4108 12289 16432 16480 28672 32960 33152 33536 49216 57344 67072 67585 68608 73729 98816 106496 131096 135176 147472 151552
1 7 4101 4108 12289 16432 16480 28672 34304 34817 35840 40961 57344 65728 65920 66304 81984 98816 114688 131096 135176 147472 151552
1 7 4101 4108 12289 16480 16576 16768 28672 33536 34304 35840 43008 49408 57344 67585 73729 75776 131096 131120 135176 147488 151552
1 7 4101 4108 12289 16480 16576 16768 28672 33536 34304 35840 49408 57344 67585 73729 100352 106496 131096 131120 135176 147488 151552
1 7 4101 4108 12289 16480 16576 16768 28672 33536 34304 41984 49408 57344 67585 68608 73729 74752 131096 131120 135176 147488 151552
1 7 4101 4108 12289 16480 16576 16768 28672 33536 34304 49408 57344 67585 68608 73729 99328 106496 131096 131120 135176 147488 151552
1 7 4101 4108 12289 16480 16576 16768 28672 33536 41472 49408 57344 67072 67585 68608 73729 74240 131096 131120 135176 147488 151552
1 7 4101 4108 12289 16480 16576 16768 28672 33536 49408 57344 67072 67585 68608 73729 98816 106496 131096 131120 135176 147488 151552
1 7 4101 4108 12289 16480 16576 16768 28672 34304 34817 35840 40961 57344 66304 82176 98816 114688 131096 131120 135176 147488 151552
1 7 4101 4108 12289 16480 16576 16768 28672 34817 35840 40961 57344 66304 67072 82176 99328 114688 131096 131120 135176 147488 151552
1 7 4101 4108 12289 16480 16576 16768 28672 34817 40961 57344 66304 67072 68608 82176 100352 114688 131096 131120 135176 147488 151552
1 7 4101 4108 12289 16480 16576 28672 33152 33536 34304 41984 49280 57344 67585 68608 73729 74752 131096 131120 135176 147488 151552
1 7 4101 4108 12289 16480 16576 28672 33152 33536 34304 49280 57344 67585 68608 73729 99328 106496 131096 131120 135176 147488 151552
1 7 4101 4108 12289 16480 16576 28672 33152 33536 41472 49280 57344 67072 67585 68608 73729 74240 131096 131120 135176 147488 151552
1 7 4101 4108 12289 16480 16576 28672 33152 33536 49280 57344 67072 67585 68608 73729 98816 106496 131096 131120 135176 147488 151552
1 7 4101 4108 12289 16480 16576 28672 34304 34817 35840 40961 57344 65920 66304 82048 98816 114688 131096 131120 135176 147488 151552
1 7 4101 4108 12289 16480 16576 28672 34817 35840 40961 57344 65920 66304 67072 82048 99328 114688 131096 131120 135176 147488 151552
1 7 4101 4108 12289 16480 20488 28672 32960 33152 33536 41472 49216 57344 67072 67585 68608 73729 74240 131096 131120 147464 147488
1 7 4101 4108 12289 16480 20488 28672 32960 33152 33536 49216 57344 67072 67585 68608 73729 98816 106496 131096 131120 147464 147488
1 7 4101 4108 12289 16480 20488 28672 34304 34817 35840 40961 57344 65728 65920 66304 81984 98816 114688 131096 131120 147464 147488
1 7 4101 4108 12289 16480 28672 32960 33152 33536 41472 49216 57344 67072 67585 68608 73729 74240 131096 131120 135176 147488 151552
1 7 4101 4108 12289 16480 28672 32960 33152 33536 49216 57344 67072 67585 68608 73729 98816 106496 131096 131120 135176 147488 151552
1 7 4101 4108 12289 16480 28672 34304 34817 35840 40961 57344 65728 65920 66304 81984 98816 114688 131096 131120 135176 147488 151552
1 7 4101 4108 12289 16576 16768 17152 25088 28672 32792 32816 32864 36872 49216 53248 67072 67585 68608 74240 139265 196609 204800
1 7 4101 4108 12289 16576 16768 17152 25088 28672 32792 32816 32864 36872 49216 53248 67072 67585 73729 74240 134144 197632 198656
1 7 4101 4108 12289 16576 16768 17152 25088 28672 32792 32816 32864 36872 49216 53248 67072 68608 73729 74240 133121 196609 198656
1 7 4101 4108 12289 16576 16768 17152 25088 28672 32792 32816 32864 36872 49216 53248 67072 68608 74240 75776 133121 139265 141312
1 7 4101 4108 12289 16576 16768 17152 25088 28672 32792 32816 32864 36872 49216 53248 67072 68608 74240 133121 139265 198656 204800
1 7 4101 4108 12289 16576 16768 17152 25088 28672 32792 32816 32864 36872 49216 53248 67072 73729 74240 133121 134144 196609 197632
1 7 4101 4108 12289 16576 16768 17152 25088 28672 32792 32816 32864 36872 49216 53248 67072 74240 74752 133121 134144 139265 140288
1 7 4101 4108 12289 16576 16768 17152 25088 28672 32792 32816 32864 36872 49216 53248 67072 74240 133121 134144 139265 197632 204800
1 7 4101 4108 12289 16576 16768 17152 25088 28672 32792 32816 32864 36872 49216 53248 67585 68608 73729 74240 132608 197120 197632
1 7 4101 4108 12289 16576 16768 17152 25088 28672 32792 32816 32864 36872 49216 53248 67585 73729 74240 132608 134144 197120 198656
1 7 4101 4108 12289 16576 16768 17152 25088 28672 32792 32816 32864 36872 49216 53248 73729 74240 132608 133121 134144 196609 197120
1 7 4101 4108 12289 16576 16768 17152 25088 28672 32792 32816 32864 36872 49216 53248 74240 132608 133121 134144 139265 197120 204800
1 7 4101 4108 12289 16576 16768 17152 25088 28672 32792 32816 32864 36872 49216 86016 102400 114688 132608 133121 134144 139265 139776
1 7 4101 4108 12289 16576 16768 17152 25088 28672 32792 32816 32864 49216 53248 69640 98312 102400 132608 133121 134144 139265 139776
1 7 4101 4108 12289 16576 16768 17152 25088 28672 32792 32816 32864 49216 69640 86016 98312 114688 132608 133121 134144 139265 139776
1 7 4101 4108 12289 16576 16768 17152 25088 28672 32792 32816 36872 49216 53248 65632 98336 98368 132608 133121 134144 139265 139776
1 7 4101 4108 12289 16576 16768 17152 25088 28672 32792 32864 36872 49216 53248 65584 98320 98336 132608 133121 134144 139265 139776
1 7 4101 4108 12289 16576 16768 17152 25088 28672 32792 36872 49216 53248 65584 65632 98320 98368 132608 133121 134144 139265 139776
1 7 4101 4108 12289 16576 16768 17152 25088 28672 32816 32864 36872 49216 53248 65560 98312 98320 132608 133121 134144 139265 139776
1 7 4101 4108 12289 16576 16768 17152 25088 28672 32816 32864 49216 53248 65560 69640 98320 102400 132608 133121 134144 139265 139776
1 7 4101 4108 12289 16576 16768 17152 25088 28672 32816 32864 49216 65560 69640 86016 98320 114688 132608 133121 134144 139265 139776
1 7 4101 4108 12289 16576 16768 17152 25088 28672 32864 36872 49216 53248 65560 65584 98312 98336 132608 133121 134144 139265 139776
1 7 4101 4108 12289 16576 16768 17152 25088 28672 32864 49216 53248 65560 65584 69640 98336 102400 132608 133121 134144 139265 139776
1 7 4101 4108 12289 16576 16768 17152 25088 28672 32864 49216 65560 65584 69640 86016 98336 114688 132608 133121 134144 139265 139776
1 7 4101 4108 12289 16576 16768 17152 25088 28672 36872 49216 53248 65560 65584 65632 98312 98368 132608 133121 134144 139265 139776
1 7 4101 4108 12289 16576 16768 17152 25088 28672 49216 53248 65560 65584 65632 69640 98368 102400 132608 133121 134144 139265 139776
1 7 4101 4108 12289 16576 16768 17152 25088 28672 49216 65560 65584 65632 69640 86016 98368 114688 132608 133121 134144 139265 139776
1 7 4101 4108 12289 16576 16768 17152 28672 34304 34817 35840 40961 49664 57344 65560 65584 65632 69640 81984 151552 200704 212992
1 7 4101 4108 12289 16576 16768 17152 28672 34304 34817 35840 40961 49664 57344 65560 65584 65632 81984 86016 135176 196616 200704
1 7 4101 4108 12289 16576 16768 17152 28672 34304 34817 35840 40961 49664 57344 65560 65584 65632 81984 135176 151552 196616 212992
1 7 4101 4108 12289 16576 16768 17152 28672 34304 34817 35840 40961 49664 57344 65560 65584 69640 81984 86016 131168 196640 196672
1 7 4101 4108 12289 16576 16768 17152 28672 34304 34817 35840 40961 49664 57344 65560 65632 69640 81984 86016 131120 196624 196640
1 7 4101 4108 12289 16576 16768 17152 28672 34304 34817 35840 40961 49664 57344 65560 69640 81984 86016 131120 131168 196624 196672
1 7 4101 4108 12289 16576 16768 17152 28672 34304 34817 35840 40961 49664 57344 65584 65632 69640 81984 86016 131096 196616 196624
1 7 4101 4108 12289 16576 16768 17152 28672 34304 34817 35840 40961 49664 57344 65584 65632 81984 86016 131096 135176 196624 200704
1 7 4101 4108 12289 16576 16768 17152 28672 34304 34817 35840 40961 49664 57344 65584 65632 81984 131096 135176 151552 196624 212992
1 7 4101 4108 12289 16576 16768 17152 28672 34304 34817 35840 40961 49664 57344 65632 69640 81984 86016 131096 131120 196616 196640
1 7 4101 4108 12289 16576 16768 17152 28672 34304 34817 35840 40961 49664 57344 65632 81984 86016 131096 131120 135176 196640 200704
1 7 4101 4108 12289 16576 16768 17152 28672 34304 34817 35840 40961 49664 57344 65632 81984 131096 131120 135176 151552 196640 212992
1 7 4101 4108 12289 16576 16768 17152 28672 34304 34817 35840 40961 49664 57344 69640 81984 86016 131096 131120 131168 196616 196672
1 7 4101 4108 12289 16576 16768 17152 28672 34304 34817 35840 40961 49664 57344 81984 86016 131096 131120 131168 135176 196672 200704
1 7 4101 4108 12289 16576 16768 17152 28672 34304 34817 35840 40961 49664 57344 81984 131096 131120 131168 135176 151552 196672 212992
1 7 4101 4108 12289 16576 16768 17152 28672 34304 34817 35840 40961 57344 82432 98816 114688 131096 131120 131168 135176 147520 151552
1 7 4101 4108 12289 16576 16768 17152 28672 34304 34817 35840 49664 57344 73729 98305 106496 131096 131120 131168 135176 147520 151552
1 7 4101 4108 12289 16576 16768 17152 28672 34304 34817 40961 49664 57344 68608 99328 100352 131096 131120 131168 135176 147520 151552
1 7 4101 4108 12289 16576 16768 17152 28672 34304 35840 40961 49664 57344 67585 98305 100352 131096 131120 131168 135176 147520 151552
1 7 4101 4108 12289 16576 16768 17152 28672 34304 35840 43008 49664 57344 67585 73729 75776 131096 131120 131168 135176 147520 151552
1 7 4101 4108 12289 16576 16768 17152 28672 34304 35840 49664 57344 67585 73729 100352 106496 131096 131120 131168 135176 147520 151552
1 7 4101 4108 12289 16576 16768 17152 28672 34304 40961 49664 57344 67585 68608 98305 99328 131096 131120 131168 135176 147520 151552
1 7 4101 4108 12289 16576 16768 17152 28672 34304 41984 49664 57344 67585 68608 73729 74752 131096 131120 131168 135176 147520 151552
1 7 4101 4108 12289 16576 16768 17152 28672 34304 49664 57344 67585 68608 73729 99328 106496 131096 131120 131168 135176 147520 151552
1 7 4101 4108 12289 16576 16768 17152 28672 34817 35840 40961 49664 57344 67072 98816 99328 131096 131120 131168 135176 147520 151552
1 7 4101 4108 12289 16576 16768 17152 28672 34817 35840 40961 57344 67072 82432 99328 114688 131096 131120 131168 135176 147520 151552
1 7 4101 4108 12289 16576 16768 17152 28672 34817 40961 49664 57344 67072 68608 98816 100352 131096 131120 131168 135176 147520 151552
1 7 4101 4108 12289 16576 16768 17152 28672 34817 40961 57344 67072 68608 82432 100352 114688 131096 131120 131168 135176 147520 151552
1 7 4101 4108 12289 16576 16768 17152 28672 40961 49664 57344 67072 67585 68608 98305 98816 131096 131120 131168 135176 147520 151552
1 7 4101 4108 12289 16576 16768 17152 28672 40961 57344 67072 67585 68608 82432 98305 114688 131096 131120 131168 135176 147520 151552
1 7 4101 4108 12289 16576 16768 17152 28672 41472 49664 57344 67072 67585 68608 73729 74240 131096 131120 131168 135176 147520 151552
1 7 4101 4108 12289 16576 16768 17152 28672 49664 57344 67072 67585 68608 73729 98816 106496 131096 131120 131168 135176 147520 151552
1 7 4101 4108 12289 16576 16768 17152 28672 57344 67072 67585 68608 73729 82432 106496 114688 131096 131120 131168 135176 147520 151552
1 7 4101 4108 12289 16576 16768 25088 28672 33536 49408 49664 65560 65584 65632 69640 81984 86016 132608 133121 134144 139265 139776
1 7 4101 4108 12289 16576 16768 28672 33536 34304 41984 49408 57344 67585 68608 73729 74752 131096 131120 131168 135176 147520 151552
1 7 4101 4108 12289 16576 16768 28672 33536 34304 49408 57344 67585 68608 73729 99328 106496 131096 131120 131168 135176 147520 151552
1 7 4101 4108 12289 16576 16768 28672 33536 41472 49408 57344 67072 67585 68608 73729 74240 131096 131120 131168 135176 147520 151552
1 7 4101 4108 12289 16576 16768 28672 33536 49408 57344 67072 67585 68608 73729 98816 106496 131096 131120 131168 135176 147520 151552
1 7 4101 4108 12289 16576 16768 28672 34304 34817 35840 40961 49664 57344 66304 82176 82432 131096 131120 131168 135176 147520 151552
1 7 4101 4108 12289 16576 16768 28672 34304 34817 35840 40961 57344 66304 82176 98816 114688 131096 131120 131168 135176 147520 151552
1 7 4101 4108 12289 16576 16768 28672 34817 35840 40961 57344 66304 67072 82176 99328 114688 131096 131120 131168 135176 147520 151552
1 7 4101 4108 12289 16576 17152 25088 28672 33152 49280 49408 65560 65584 65632 69640 81984 86016 132608 133121 134144 139265 139776
1 7 4101 4108 12289 16576 17152 28672 34304 34817 35840 40961 49664 57344 65920 82048 82176 131096 131120 131168 135176 147520 151552
1 7 4101 4108 12289 16576 25088 28672 33152 33536 49280 49664 65560 65584 65632 69640 81984 86016 132608 133121 134144 139265 139776
1 7 4101 4108 12289 16576 28672 33152 33536 41472 49280 57344 67072 67585 68608 73729 74240 131096 131120 131168 135176 147520 151552
1 7 4101 4108 12289 16576 28672 33152 33536 49280 57344 67072 67585 68608 73729 98816 106496 131096 131120 131168 135176 147520 151552
1 7 4101 4108 12289 16576 28672 34304 34817 35840 40961 49664 57344 65920 66304 82048 82432 131096 131120 131168 135176 147520 151552
1 7 4101 4108 12289 16576 28672 34304 34817 35840 40961 57344 65920 66304 82048 98816 114688 131096 131120 131168 135176 147520 151552
1 7 4101 4108 12289 16768 17152 17920 25600 28672 32816 32864 32960 49280 53248 65560 69640 98320 102400 133121 134144 139265 140288
1 7 4101 4108 12289 16768 17152 17920 25600 28672 32816 32864 32960 49280 65560 69640 86016 98320 114688 133121 134144 139265 140288
1 7 4101 4108 12289 16768 17152 17920 25600 28672 32864 32960 49280 53248 65560 65584 69640 98336 102400 133121 134144 139265 140288
1 7 4101 4108 12289 16768 17152 17920 25600 28672 32864 32960 49280 65560 65584 69640 86016 98336 114688 133121 134144 139265 140288
1 7 4101 4108 12289 16768 17152 17920 28672 34817 35840 40961 50176 57344 65584 65632 65728 82048 86016 131096 135176 196624 200704
1 7 4101 4108 12289 16768 17152 17920 28672 34817 35840 40961 50176 57344 65584 65632 65728 82048 131096 135176 151552 196624 212992
1 7 4101 4108 12289 16768 17152 17920 28672 34817 35840 40961 50176 57344 65632 65728 82048 86016 131096 131120 135176 196640 200704
1 7 4101 4108 12289 16768 17152 17920 28672 34817 35840 40961 50176 57344 65632 65728 82048 131096 131120 135176 151552 196640 212992
1 7 4101 4108 12289 16768 17152 25088 28672 32816 32864 32960 49280 53248 65560 69640 98320 102400 132608 133121 134144 139265 139776
1 7 4101 4108 12289 16768 17152 25088 28672 32816 32864 32960 49280 65560 69640 86016 98320 114688 132608 133121 134144 139265 139776
1 7 4101 4108 12289 16768 17152 25088 28672 32864 32960 49280 53248 65560 65584 69640 98336 102400 132608 133121 134144 139265 139776
1 7 4101 4108 12289 16768 17152 25088 28672 32864 32960 49280 65560 65584 69640 86016 98336 114688 132608 133121 134144 139265 139776
1 7 4101 4108 12289 16768 17152 25088 28672 32960 49216 49280 65560 65584 65632 69640 81984 86016 132608 133121 134144 139265 139776
1 7 4101 4108 12289 16768 17152 25088 28672 32960 49280 53248 65560 65584 65632 69640 98368 102400 132608 133121 134144 139265 139776
1 7 4101 4108 12289 16768 17152 25088 28672 32960 49280 65560 65584 65632 69640 86016 98368 114688 132608 133121 134144 139265 139776
1 7 4101 4108 12289 16768 17152 28672 34304 34817 35840 40961 49664 57344 65584 65632 65728 82048 86016 131096 135176 196624 200704
1 7 4101 4108 12289 16768 17152 28672 34304 34817 35840 40961 49664 57344 65584 65632 65728 82048 131096 135176 151552 196624 212992
1 7 4101 4108 12289 16768 17152 28672 34304 34817 35840 40961 49664 57344 65632 65728 82048 86016 131096 131120 135176 196640 200704
1 7 4101 4108 12289 16768 17152 28672 34304 34817 35840 40961 49664 57344 65632 65728 82048 131096 131120 135176 151552 196640 212992
1 7 4101 4108 12289 16768 17152 28672 34304 34817 35840 40961 49664 57344 65728 81984 82048 131096 131120 131168 135176 147520 151552
1 7 4101 4108 12289 16768 17152 28672 34304 34817 35840 40961 49664 57344 65728 82048 86016 131096 131120 131168 135176 196672 200704
1 7 4101 4108 12289 16768 17152 28672 34304 34817 35840 40961 49664 57344 65728 82048 131096 131120 131168 135176 151552 196672 212992
1 7 4101 4108 12289 17152 17920 19456 26624 28672 32864 32960 33152 49408 53248 65560 65584 69640 98336 102400 133121 139265 141312
1 7 4101 4108 12289 17152 17920 19456 26624 28672 32864 32960 33152 49408 65560 65584 69640 86016 98336 114688 133121 139265 141312
1 7 4101 4108 12289 17152 17920 19456 28672 34817 40961 51200 57344 65632 65728 65920 82176 86016 131096 131120 135176 196640 200704
1 7 4101 4108 12289 17152 17920 19456 28672 34817 40961 51200 57344 65632 65728 65920 82176 131096 131120 135176 151552 196640 212992
1 7 4101 4108 12289 17152 17920 25600 28672 32864 32960 33152 49408 53248 65560 65584 69640 98336 102400 133121 134144 139265 140288
1 7 4101 4108 12289 17152 17920 25600 28672 32864 32960 33152 49408 65560 65584 69640 86016 98336 114688 133121 134144 139265 140288
1 7 4101 4108 12289 17152 17920 25600 28672 32960 33152 49408 53248 65560 65584 65632 69640 98368 102400 133121 134144 139265 140288
1 7 4101 4108 12289 17152 17920 25600 28672 32960 33152 49408 65560 65584 65632 69640 86016 98368 114688 133121 134144 139265 140288
1 7 4101 4108 12289 17152 17920 28672 34817 35840 40961 50176 57344 65632 65728 65920 82176 86016 131096 131120 135176 196640 200704
1 7 4101 4108 12289 17152 17920 28672 34817 35840 40961 50176 57344 65632 65728 65920 82176 131096 131120 135176 151552 196640 212992
1 7 4101 4108 12289 17152 17920 28672 34817 35840 40961 50176 57344 65728 65920 82176 86016 131096 131120 131168 135176 196672 200704
1 7 4101 4108 12289 17152 17920 28672 34817 35840 40961 50176 57344 65728 65920 82176 131096 131120 131168 135176 151552 196672 212992
1 7 4101 4108 12289 17152 25088 28672 32864 32960 33152 49408 53248 65560 65584 69640 98336 102400 132608 133121 134144 139265 139776
1 7 4101 4108 12289 17152 25088 28672 32864 32960 33152 49408 65560 65584 69640 86016 98336 114688 132608 133121 134144 139265 139776
1 7 4101 4108 12289 17152 25088 28672 32960 33152 49216 49408 65560 65584 65632 69640 81984 86016 132608 133121 134144 139265 139776
1 7 4101 4108 12289 17152 25088 28672 32960 33152 49408 53248 65560 65584 65632 69640 98368 102400 132608 133121 134144 139265 139776
1 7 4101 4108 12289 17152 25088 28672 32960 33152 49408 65560 65584 65632 69640 86016 98368 114688 132608 133121 134144 139265 139776
1 7 4101 4108 12289 17152 28672 34304 34817 35840 40961 49664 57344 65632 65728 65920 82176 86016 131096 131120 135176 196640 200704
1 7 4101 4108 12289 17152 28672 34304 34817 35840 40961 49664 57344 65632 65728 65920 82176 131096 131120 135176 151552 196640 212992
1 7 4101 4108 12289 17152 28672 34304 34817 35840 40961 49664 57344 65728 65920 81984 82176 131096 131120 131168 135176 147520 151552
1 7 4101 4108 12289 17152 28672 34304 34817 35840 40961 49664 57344 65728 65920 82176 86016 131096 131120 131168 135176 196672 200704
1 7 4101 4108 12289 17152 28672 34304 34817 35840 40961 49664 57344 65728 65920 82176 131096 131120 131168 135176 151552 196672 212992
1 7 4101 4108 12289 17920 18433 19456 24577 28672 32960 33152 33536 49664 53248 65560 65584 65632 69640 102400 163904 196672 229376
1 7 4101 4108 12289 17920 18433 19456 24577 28672 32960 33152 33536 49664 53248 65560 65584 65632 98368 102400 135176 196616 200704
1 7 4101 4108 12289 17920 18433 19456 24577 28672 32960 33152 33536 49664 53248 65560 65584 69640 98368 102400 131168 196640 196672
1 7 4101 4108 12289 17920 18433 19456 24577 28672 32960 33152 33536 49664 53248 65560 65584 69640 102400 131168 163904 196640 229376
1 7 4101 4108 12289 17920 18433 19456 24577 28672 32960 33152 33536 49664 53248 65560 65632 69640 98368 102400 131120 196624 196640
1 7 4101 4108 12289 17920 18433 19456 24577 28672 32960 33152 33536 49664 53248 65560 69640 98368 102400 131120 131168 196624 196672
1 7 4101 4108 12289 17920 18433 19456 24577 28672 32960 33152 33536 49664 53248 65560 69640 102400 131120 131168 163904 196624 229376
1 7 4101 4108 12289 17920 18433 19456 24577 28672 32960 33152 33536 49664 53248 65584 65632 69640 98368 102400 131096 196616 196624
1 7 4101 4108 12289 17920 18433 19456 24577 28672 32960 33152 33536 49664 53248 65584 65632 98368 102400 131096 135176 196624 200704
1 7 4101 4108 12289 17920 18433 19456 24577 28672 32960 33152 33536 49664 53248 65632 69640 98368 102400 131096 131120 196616 196640
1 7 4101 4108 12289 17920 18433 19456 24577 28672 32960 33152 33536 49664 53248 65632 98368 102400 131096 131120 135176 196640 200704
1 7 4101 4108 12289 17920 18433 19456 24577 28672 32960 33152 33536 49664 53248 69640 98368 102400 131096 131120 131168 196616 196672
1 7 4101 4108 12289 17920 18433 19456 24577 28672 32960 33152 33536 49664 53248 69640 102400 131096 131120 131168 163904 196616 229376
1 7 4101 4108 12289 17920 18433 19456 24577 28672 32960 33152 33536 49664 53248 98368 102400 131096 131120 131168 135176 196672 200704
1 7 4101 4108 12289 17920 18433 19456 24577 28672 32960 33152 33536 49664 53248 102400 131096 131120 131168 135176 163904 200704 229376
1 7 4101 4108 12289 17920 18433 19456 24577 28672 32960 33152 33536 49664 65560 65584 65632 69640 86016 114688 163904 196672 229376
1 7 4101 4108 12289 17920 18433 19456 24577 28672 32960 33152 33536 49664 65560 65584 65632 69640 98368 114688 151552 200704 212992
1 7 4101 4108 12289 17920 18433 19456 24577 28672 32960 33152 33536 49664 65560 65584 65632 86016 98368 114688 135176 196616 200704
1 7 4101 4108 12289 17920 18433 19456 24577 28672 32960 33152 33536 49664 65560 65584 65632 98368 114688 135176 151552 196616 212992
1 7 4101 4108 12289 17920 18433 19456 24577 28672 32960 33152 33536 49664 65560 65584 69640 86016 98368 114688 131168 196640 196672
1 7 4101 4108 12289 17920 18433 19456 24577 28672 32960 33152 33536 49664 65560 65584 69640 86016 114688 131168 163904 196640 229376
1 7 4101 4108 12289 17920 18433 19456 24577 28672 32960 33152 33536 49664 65560 65632 69640 86016 98368 114688 131120 196624 196640
1 7 4101 4108 12289 17920 18433 19456 24577 28672 32960 33152 33536 49664 65560 69640 86016 98368 114688 131120 131168 196624 196672
1 7 4101 4108 12289 17920 18433 19456 24577 28672 32960 33152 33536 49664 65560 69640 86016 114688 131120 131168 163904 196624 229376
1 7 4101 4108 12289 17920 18433 19456 24577 28672 32960 33152 33536 49664 65584 65632 69640 86016 98368 114688 131096 196616 196624
1 7 4101 4108 12289 17920 18433 19456 24577 28672 32960 33152 33536 49664 65584 65632 86016 98368 114688 131096 135176 196624 200704
1 7 4101 4108 12289 17920 18433 19456 24577 28672 32960 33152 33536 49664 65584 65632 98368 114688 131096 135176 151552 196624 212992
1 7 4101 4108 12289 17920 18433 19456 24577 28672 32960 33152 33536 49664 65632 69640 86016 98368 114688 131096 131120 196616 196640
1 7 4101 4108 12289 17920 18433 19456 24577 28672 32960 33152 33536 49664 65632 86016 98368 114688 131096 131120 135176 196640 200704
1 7 4101 4108 12289 17920 18433 19456 24577 28672 32960 33152 33536 49664 65632 98368 114688 131096 131120 135176 151552 196640 212992
1 7 4101 4108 12289 17920 18433 19456 24577 28672 32960 33152 33536 49664 69640 86016 98368 114688 131096 131120 131168 196616 196672
1 7 4101 4108 12289 17920 18433 19456 24577 28672 32960 33152 33536 49664 69640 86016 114688 131096 131120 131168 163904 196616 229376
1 7 4101 4108 12289 17920 18433 19456 24577 28672 32960 33152 33536 49664 86016 98368 114688 131096 131120 131168 135176 196672 200704
1 7 4101 4108 12289 17920 18433 19456 24577 28672 32960 33152 33536 49664 86016 102400 114688 131096 131120 131168 135176 163904 167936
1 7 4101 4108 12289 17920 18433 19456 24577 28672 32960 33152 33536 49664 86016 114688 131096 131120 131168 135176 163904 200704 229376
1 7 4101 4108 12289 17920 18433 19456 24577 28672 32960 33152 33536 49664 98368 114688 131096 131120 131168 135176 151552 196672 212992
1 7 4101 4108 12289 17920 18433 19456 24577 28672 32960 33152 33536 49664 114688 131096 131120 131168 135176 151552 163904 212992 229376
1 7 4101 4108 12289 17920 18433 19456 24577 28672 32960 33152 49664 53248 65560 65584 65632 69640 98368 102400 131840 164096 164352
1 7 4101 4108 12289 17920 18433 19456 24577 28672 32960 33152 49664 65560 65584 65632 69640 86016 98368 114688 131840 164096 164352
1 7 4101 4108 12289 17920 18433 19456 24577 28672 32960 33536 49664 53248 65560 65584 65632 69640 98368 102400 131456 163968 164096
1 7 4101 4108 12289 17920 18433 19456 24577 28672 32960 33536 49664 65560 65584 65632 69640 86016 98368 114688 131456 163968 164096
1 7 4101 4108 12289 17920 18433 19456 24577 28672 32960 49664 53248 65560 65584 65632 69640 98368 102400 131456 131840 163968 164352
1 7 4101 4108 12289 17920 18433 19456 24577 28672 32960 49664 65560 65584 65632 69640 86016 98368 114688 131456 131840 163968 164352
1 7 4101 4108 12289 17920 18433 19456 24577 28672 33152 33536 49664 53248 65560 65584 65632 69640 98368 102400 131264 163904 163968
1 7 4101 4108 12289 17920 18433 19456 24577 28672 33152 33536 49664 53248 65560 65584 65632 69640 102400 131264 163968 196672 229376
1 7 4101 4108 12289 17920 18433 19456 24577 28672 33152 33536 49664 53248 65560 65584 69640 102400 131168 131264 163968 196640 229376
1 7 4101 4108 12289 17920 18433 19456 24577 28672 33152 33536 49664 53248 65560 69640 102400 131120 131168 131264 163968 196624 229376
1 7 4101 4108 12289 17920 18433 19456 24577 28672 33152 33536 49664 53248 65584 65632 65728 98432 102400 131096 135176 196624 200704
1 7 4101 4108 12289 17920 18433 19456 24577 28672 33152 33536 49664 53248 65632 65728 98432 102400 131096 131120 135176 196640 200704
1 7 4101 4108 12289 17920 18433 19456 24577 28672 33152 33536 49664 53248 65728 98432 102400 131096 131120 131168 135176 196672 200704
1 7 4101 4108 12289 17920 18433 19456 24577 28672 33152 33536 49664 65560 65584 65632 69640 86016 98368 114688 131264 163904 163968
1 7 4101 4108 12289 17920 18433 19456 24577 28672 33152 33536 49664 65560 65584 65632 69640 86016 114688 131264 163968 196672 229376
1 7 4101 4108 12289 17920 18433 19456 24577 28672 33152 33536 49664 65560 65584 69640 86016 114688 131168 131264 163968 196640 229376
1 7 4101 4108 12289 17920 18433 19456 24577 28672 33152 33536 49664 65560 69640 86016 114688 131120 131168 131264 163968 196624 229376
1 7 4101 4108 12289 17920 18433 19456 24577 28672 33152 33536 49664 65584 65632 65728 86016 98432 114688 131096 135176 196624 200704
1 7 4101 4108 12289 17920 18433 19456 24577 28672 33152 33536 49664 65584 65632 65728 98432 114688 131096 135176 151552 196624 212992
1 7 4101 4108 12289 17920 18433 19456 24577 28672 33152 33536 49664 65632 65728 86016 98432 114688 131096 131120 135176 196640 200704
1 7 4101 4108 12289 17920 18433 19456 24577 28672 33152 33536 49664 65632 65728 98432 114688 131096 131120 135176 151552 196640 212992
1 7 4101 4108 12289 17920 18433 19456 24577 28672 33152 33536 49664 65728 86016 98432 114688 131096 131120 131168 135176 196672 200704
1 7 4101 4108 12289 17920 18433 19456 24577 28672 33152 33536 49664 65728 98432 114688 131096 131120 131168 135176 151552 196672 212992
1 7 4101 4108 12289 17920 18433 19456 24577 28672 33536 49664 53248 65560 65584 65632 69640 98368 102400 131264 131456 163904 164096
1 7 4101 4108 12289 17920 18433 19456 24577 28672 33536 49664 53248 65560 65584 65632 69640 102400 131264 131456 164096 196672 229376
1 7 4101 4108 12289 17920 18433 19456 24577 28672 33536 49664 53248 65560 65584 69640 102400 131168 131264 131456 164096 196640 229376
1 7 4101 4108 12289 17920 18433 19456 24577 28672 33536 49664 53248 65632 65728 65920 98560 102400 131096 131120 135176 196640 200704
1 7 4101 4108 12289 17920 18433 19456 24577 28672 33536 49664 53248 65728 65920 98560 102400 131096 131120 131168 135176 196672 200704
1 7 4101 4108 12289 17920 18433 19456 24577 28672 33536 49664 65560 65584 65632 69640 86016 98368 114688 131264 131456 163904 164096
1 7 4101 4108 12289 17920 18433 19456 24577 28672 33536 49664 65560 65584 65632 69640 86016 114688 131264 131456 164096 196672 229376
1 7 4101 4108 12289 17920 18433 19456 24577 28672 33536 49664 65560 65584 69640 86016 114688 131168 131264 131456 164096 196640 229376
1 7 4101 4108 12289 17920 18433 19456 24577 28672 33536 49664 65632 65728 65920 86016 98560 114688 131096 131120 135176 196640 200704
1 7 4101 4108 12289 17920 18433 19456 24577 28672 33536 49664 65632 65728 65920 98560 114688 131096 131120 135176 151552 196640 212992
1 7 4101 4108 12289 17920 18433 19456 24577 28672 33536 49664 65728 65920 86016 98560 114688 131096 131120 131168 135176 196672 200704
1 7 4101 4108 12289 17920 18433 19456 24577 28672 33536 49664 65728 65920 98560 114688 131096 131120 131168 135176 151552 196672 212992
1 7 4101 4108 12289 17920 18433 19456 24577 28672 49664 53248 65560 65584 65632 69640 98368 102400 131264 131456 131840 163904 164352
1 7 4101 4108 12289 17920 18433 19456 24577 28672 49664 53248 65560 65584 65632 69640 102400 131264 131456 131840 164352 196672 229376
1 7 4101 4108 12289 17920 18433 19456 24577 28672 49664 53248 65728 65920 66304 98816 102400 131096 131120 131168 135176 196672 200704
1 7 4101 4108 12289 17920 18433 19456 24577 28672 49664 65560 65584 65632 69640 86016 98368 114688 131264 131456 131840 163904 164352
1 7 4101 4108 12289 17920 18433 19456 24577 28672 49664 65560 65584 65632 69640 86016 114688 131264 131456 131840 164352 196672 229376
1 7 4101 4108 12289 17920 18433 19456 24577 28672 49664 65728 65920 66304 86016 98816 114688 131096 131120 131168 135176 196672 200704
1 7 4101 4108 12289 17920 18433 19456 24577 28672 49664 65728 65920 66304 98816 114688 131096 131120 131168 135176 151552 196672 212992
1 7 4101 4108 12289 17920 18433 19456 28672 40961 49153 57344 65728 65920 66304 82432 86016 131096 131120 131168 135176 196672 200704
1 7 4101 4108 12289 17920 18433 19456 28672 40961 49153 57344 65728 65920 66304 82432 131096 131120 131168 135176 151552 196672 212992
1 7 4101 4108 12289 17920 18433 24577 28672 35840 50176 51200 65728 65920 66304 82432 86016 131096 131120 131168 135176 196672 200704
1 7 4101 4108 12289 17920 18433 24577 28672 35840 50176 51200 65728 65920 66304 82432 131096 131120 131168 135176 151552 196672 212992
1 7 4101 4108 12289 17920 19456 24577 28672 34817 49153 51200 65728 65920 66304 82432 86016 131096 131120 131168 135176 196672 200704
1 7 4101 4108 12289 17920 19456 24577 28672 34817 49153 51200 65728 65920 66304 82432 131096 131120 131168 135176 151552 196672 212992
1 7 4101 4108 12289 17920 19456 26624 28672 32960 33152 33536 49664 53248 65560 65584 65632 69640 98368 102400 133121 139265 141312
1 7 4101 4108 12289 17920 19456 26624 28672 32960 33152 33536 49664 65560 65584 65632 69640 86016 98368 114688 133121 139265 141312
1 7 4101 4108 12289 17920 19456 28672 34817 40961 51200 57344 65728 65920 66304 82432 86016 131096 131120 131168 135176 196672 200704
1 7 4101 4108 12289 17920 19456 28672 34817 40961 51200 57344 65728 65920 66304 82432 131096 131120 131168 135176 151552 196672 212992
1 7 4101 4108 12289 17920 24577 28672 34817 35840 49153 50176 65728 65920 66304 82432 86016 131096 131120 131168 135176 196672 200704
1 7 4101 4108 12289 17920 24577 28672 34817 35840 49153 50176 65728 65920 66304 82432 131096 131120 131168 135176 151552 196672 212992
1 7 4101 4108 12289 17920 25600 28672 32960 33152 33536 49664 53248 65560 65584 65632 69640 98368 102400 133121 134144 139265 140288
1 7 4101 4108 12289 17920 25600 28672 32960 33152 33536 49664 65560 65584 65632 69640 86016 98368 114688 133121 134144 139265 140288
1 7 4101 4108 12289 17920 28672 34817 35840 40961 50176 57344 65728 65920 66304 82432 86016 131096 131120 131168 135176 196672 200704
1 7 4101 4108 12289 17920 28672 34817 35840 40961 50176 57344 65728 65920 66304 82432 131096 131120 131168 135176 151552 196672 212992
1 7 4101 4108 12289 18433 19456 24577 28672 33152 33536 34304 50176 53248 65584 65632 65728 98432 102400 131096 135176 196624 200704
1 7 4101 4108 12289 18433 19456 24577 28672 33152 33536 34304 50176 53248 65584 65632 65728 98432 131096 135176 167936 196624 229376
1 7 4101 4108 12289 18433 19456 24577 28672 33152 33536 34304 50176 53248 65632 65728 98432 102400 131096 131120 135176 196640 200704
1 7 4101 4108 12289 18433 19456 24577 28672 33152 33536 34304 50176 53248 65632 65728 98432 131096 131120 135176 167936 196640 229376
1 7 4101 4108 12289 18433 19456 24577 28672 33152 33536 34304 50176 65584 65632 65728 86016 98432 114688 131096 135176 196624 200704
1 7 4101 4108 12289 18433 19456 24577 28672 33152 33536 34304 50176 65584 65632 65728 98432 114688 131096 135176 151552 196624 212992
1 7 4101 4108 12289 18433 19456 24577 28672 33152 33536 34304 50176 65584 65632 65728 98432 131096 135176 151552 180224 196624 229376
1 7 4101 4108 12289 18433 19456 24577 28672 33152 33536 34304 50176 65632 65728 86016 98432 114688 131096 131120 135176 196640 200704
1 7 4101 4108 12289 18433 19456 24577 28672 33152 33536 34304 50176 65632 65728 98432 114688 131096 131120 135176 151552 196640 212992
1 7 4101 4108 12289 18433 19456 24577 28672 33152 33536 34304 50176 65632 65728 98432 131096 131120 135176 151552 180224 196640 229376
1 7 4101 4108 12289 18433 19456 24577 28672 33536 34304 50176 53248 65632 65728 65920 98560 102400 131096 131120 135176 196640 200704
1 7 4101 4108 12289 18433 19456 24577 28672 33536 34304 50176 53248 65632 65728 65920 98560 131096 131120 135176 167936 196640 229376
1 7 4101 4108 12289 18433 19456 24577 28672 33536 34304 50176 53248 65728 65920 98560 102400 131096 131120 131168 135176 196672 200704
1 7 4101 4108 12289 18433 19456 24577 28672 33536 34304 50176 53248 65728 65920 98560 131096 131120 131168 135176 167936 196672 229376
1 7 4101 4108 12289 18433 19456 24577 28672 33536 34304 50176 65632 65728 65920 86016 98560 114688 131096 131120 135176 196640 200704
1 7 4101 4108 12289 18433 19456 24577 28672 33536 34304 50176 65632 65728 65920 98560 114688 131096 131120 135176 151552 196640 212992
1 7 4101 4108 12289 18433 19456 24577 28672 33536 34304 50176 65632 65728 65920 98560 131096 131120 135176 151552 180224 196640 229376
1 7 4101 4108 12289 18433 19456 24577 28672 33536 34304 50176 65728 65920 86016 98560 114688 131096 131120 131168 135176 196672 200704
1 7 4101 4108 12289 18433 19456 24577 28672 33536 34304 50176 65728 65920 98560 114688 131096 131120 131168 135176 151552 196672 212992
1 7 4101 4108 12289 18433 19456 24577 28672 33536 34304 50176 65728 65920 98560 131096 131120 131168 135176 151552 180224 196672 229376
1 7 4101 4108 12289 18433 19456 24577 28672 34304 49664 50176 65728 65920 66304 82432 86016 131096 131120 131168 135176 196672 200704
1 7 4101 4108 12289 18433 19456 24577 28672 34304 49664 50176 65728 65920 66304 82432 131096 131120 131168 135176 151552 196672 212992
1 7 4101 4108 12289 18433 19456 24577 28672 34304 50176 53248 65728 65920 66304 98816 102400 131096 131120 131168 135176 196672 200704
1 7 4101 4108 12289 18433 19456 24577 28672 34304 50176 53248 65728 65920 66304 98816 131096 131120 131168 135176 167936 196672 229376
1 7 4101 4108 12289 18433 19456 24577 28672 34304 50176 65728 65920 66304 86016 98816 114688 131096 131120 131168 135176 196672 200704
1 7 4101 4108 12289 18433 19456 24577 28672 34304 50176 65728 65920 66304 98816 114688 131096 131120 131168 135176 151552 196672 212992
1 7 4101 4108 12289 18433 19456 24577 28672 34304 50176 65728 65920 66304 98816 131096 131120 131168 135176 151552 180224 196672 229376
1 7 4101 4108 12289 18433 24577 28672 33536 34304 35840 51200 53248 65560 65584 69640 102400 131168 131264 131456 164096 196640 229376
1 7 4101 4108 12289 18433 24577 28672 33536 34304 35840 51200 53248 65632 65728 65920 98560 102400 131096 131120 135176 196640 200704
1 7 4101 4108 12289 18433 24577 28672 33536 34304 35840 51200 65560 65584 69640 86016 114688 131168 131264 131456 164096 196640 229376
1 7 4101 4108 12289 18433 24577 28672 33536 34304 35840 51200 65632 65728 65920 86016 98560 114688 131096 131120 135176 196640 200704
1 7 4101 4108 12289 18433 24577 28672 33536 34304 35840 51200 65632 65728 65920 98560 114688 131096 131120 135176 151552 196640 212992
1 7 4101 4108 12289 18433 24577 28672 34304 35840 49664 51200 65728 65920 66304 82432 86016 131096 131120 131168 135176 196672 200704
1 7 4101 4108 12289 18433 24577 28672 34304 35840 49664 51200 65728 65920 66304 82432 131096 131120 131168 135176 151552 196672 212992
1 7 4101 4108 12289 18433 24577 28672 34304 35840 51200 53248 65560 65584 65632 69640 102400 131264 131456 131840 164352 196672 229376
1 7 4101 4108 12289 18433 24577 28672 34304 35840 51200 53248 65728 65920 66304 98816 102400 131096 131120 131168 135176 196672 200704
1 7 4101 4108 12289 18433 24577 28672 34304 35840 51200 65560 65584 65632 69640 86016 114688 131264 131456 131840 164352 196672 229376
1 7 4101 4108 12289 18433 24577 28672 34304 35840 51200 65728 65920 66304 86016 98816 114688 131096 131120 131168 135176 196672 200704
1 7 4101 4108 12289 18433 24577 28672 34304 35840 51200 65728 65920 66304 98816 114688 131096 131120 131168 135176 151552 196672 212992
1 7 4101 4108 12289 20488 24577 28672 34304 34817 35840 49153 65728 65920 66304 98816 114688 131096 131120 131168 147464 196672 212992
1 7 4101 4108 12289 20488 24577 28672 34304 34817 35840 49153 65728 65920 66304 98816 131096 131120 131168 147464 180224 196672 229376
1 7 4101 4108 12289 20488 24584 28672 32792 32816 32864 40968 65728 65920 66304 98368 106496 132608 133121 134144 139265 197120 204800
1 7 4101 4108 12289 20488 24584 28672 32792 32816 32864 40968 67072 67585 68608 73729 106496 131264 131456 131840 163904 197120 229376
1 7 4101 4108 12289 20488 28672 32792 32816 32864 49160 57344 65728 65920 66304 74240 98368 106496 132608 133121 134144 139265 139776
1 7 4101 4108 12289 20488 28672 32792 32816 32864 49160 57344 65728 65920 66304 98368 106496 132608 133121 134144 139265 197120 204800
1 7 4101 4108 12289 20488 28672 32792 32816 32864 49160 57344 65728 65920 66304 98368 132608 133121 134144 139265 172032 197120 229376
1 7 4101 4108 12289 20488 28672 32960 33152 33536 41472 49216 57344 67072 67585 68608 73729 74240 131096 131120 131168 147464 147520
1 7 4101 4108 12289 20488 28672 32960 33152 33536 41472 57344 65560 65584 65632 81928 98368 114688 132608 133121 134144 139265 139776
1 7 4101 4108 12289 20488 28672 32960 33152 33536 49216 57344 67072 67585 68608 73729 98816 106496 131096 131120 131168 147464 147520
1 7 4101 4108 12289 20488 28672 32960 33152 33536 57344 65560 65584 65632 81928 98368 114688 132608 133121 134144 139265 164352 172032
1 7 4101 4108 12289 20488 28672 34304 34817 35840 40961 57344 65560 65584 65632 81928 114688 131264 131456 131840 164352 196672 229376
1 7 4101 4108 12289 20488 28672 34304 34817 35840 40961 57344 65728 65920 66304 81984 98816 114688 131096 131120 131168 147464 147520
1 7 4101 4108 12289 20488 28672 34304 34817 35840 40961 57344 65728 65920 66304 98816 114688 131096 131120 131168 147464 196672 212992
1 7 4101 4108 12289 24577 28672 34304 34817 35840 49153 49664 65728 65920 66304 82432 86016 131096 131120 131168 135176 196672 200704
1 7 4101 4108 12289 24577 28672 34304 34817 35840 49153 49664 65728 65920 66304 82432 131096 131120 131168 135176 151552 196672 212992
1 7 4101 4108 12289 24577 28672 34304 34817 35840 49153 53248 65728 65920 66304 98816 102400 131096 131120 131168 135176 196672 200704
1 7 4101 4108 12289 24577 28672 34304 34817 35840 49153 53248 65728 65920 66304 98816 131096 131120 131168 135176 167936 196672 229376
1 7 4101 4108 12289 24577 28672 34304 34817 35840 49153 65728 65920 66304 86016 98816 114688 131096 131120 131168 135176 196672 200704
1 7 4101 4108 12289 24577 28672 34304 34817 35840 49153 65728 65920 66304 98816 114688 131096 131120 131168 135176 151552 196672 212992
1 7 4101 4108 12289 24577 28672 34304 34817 35840 49153 65728 65920 66304 98816 131096 131120 131168 135176 151552 180224 196672 229376
1 7 4101 4108 12289 25088 28672 32960 33152 33536 49216 49664 65560 65584 65632 69640 81984 86016 132608 133121 134144 139265 139776
1 7 4101 4108 12289 25088 28672 32960 33152 33536 49664 53248 65560 65584 65632 69640 98368 102400 132608 133121 134144 139265 139776
1 7 4101 4108 12289 25088 28672 32960 33152 33536 49664 65560 65584 65632 69640 86016 98368 114688 132608 133121 134144 139265 139776
1 7 4101 4108 12289 28672 32792 32816 32864 36872 53248 57344 65728 65920 66304 74240 98368 106496 132608 133121 134144 139265 139776
1 7 4101 4108 12289 28672 32792 32816 32864 36872 53248 57344 65728 65920 66304 98368 106496 132608 133121 134144 139265 197120 204800
1 7 4101 4108 12289 28672 32792 32816 32864 36872 53248 57344 65728 65920 66304 98368 132608 133121 134144 139265 172032 197120 229376
1 7 4101 4108 12289 28672 32960 33152 33536 41472 49216 57344 67072 67585 68608 73729 74240 131096 131120 131168 135176 147520 151552
1 7 4101 4108 12289 28672 32960 33152 33536 41472 53248 57344 65560 65584 65632 69640 98368 102400 132608 133121 134144 139265 139776
1 7 4101 4108 12289 28672 32960 33152 33536 41472 57344 65560 65584 65632 69640 86016 98368 114688 132608 133121 134144 139265 139776
1 7 4101 4108 12289 28672 32960 33152 33536 49216 57344 67072 67585 68608 73729 98816 106496 131096 131120 131168 135176 147520 151552
1 7 4101 4108 12289 28672 32960 33152 33536 53248 57344 65560 65584 65632 69640 98368 102400 132608 133121 134144 139265 164352 172032
1 7 4101 4108 12289 28672 32960 33152 33536 57344 65560 65584 65632 69640 86016 98368 114688 132608 133121 134144 139265 164352 172032
1 7 4101 4108 12289 28672 34304 34817 35840 40961 49664 57344 65728 65920 66304 81984 82432 131096 131120 131168 135176 147520 151552
1 7 4101 4108 12289 28672 34304 34817 35840 40961 49664 57344 65728 65920 66304 82432 86016 131096 131120 131168 135176 196672 200704
1 7 4101 4108 12289 28672 34304 34817 35840 40961 49664 57344 65728 65920 66304 82432 131096 131120 131168 135176 151552 196672 212992
1 7 4101 4108 12289 28672 34304 34817 35840 40961 53248 57344 65560 65584 65632 69640 102400 131264 131456 131840 164352 196672 229376
1 7 4101 4108 12289 28672 34304 34817 35840 40961 53248 57344 65728 65920 66304 98816 102400 131096 131120 131168 135176 196672 200704
1 7 4101 4108 12289 28672 34304 34817 35840 40961 57344 65560 65584 65632 69640 86016 114688 131264 131456 131840 164352 196672 229376
1 7 4101 4108 12289 28672 34304 34817 35840 40961 57344 65728 65920 66304 81984 98816 114688 131096 131120 131168 135176 147520 151552
1 7 4101 4108 12289 28672 34304 34817 35840 40961 57344 65728 65920 66304 86016 98816 114688 131096 131120 131168 135176 196672 200704
1 7 4101 4108 12289 28672 34304 34817 35840 40961 57344 65728 65920 66304 98816 114688 131096 131120 131168 135176 151552 196672 212992
1 7 4101 8204 12289 12292 16408 16432 16480 24584 32960 33152 33536 49216 57344 67072 67585 68608 73729 98816 172032 204800 229376
1 7 4101 8204 12289 12292 16408 16432 16480 24584 32960 33152 33536 49216 57344 67072 67585 68608 98816 106496 139265 196609 204800
1 7 4101 8204 12289 12292 16408 16432 16480 24584 32960 33152 33536 49216 57344 67072 67585 68608 98816 139265 172032 196609 229376
1 7 4101 8204 12289 12292 16408 16432 16480 24584 32960 33152 33536 49216 57344 67072 67585 73729 98816 106496 134144 197632 198656
1 7 4101 8204 12289 12292 16408 16432 16480 24584 32960 33152 33536 49216 57344 67072 68608 73729 98816 106496 133121 196609 198656
1 7 4101 8204 12289 12292 16408 16432 16480 24584 32960 33152 33536 49216 57344 67072 68608 98816 106496 133121 139265 198656 204800
1 7 4101 8204 12289 12292 16408 16432 16480 24584 32960 33152 33536 49216 57344 67072 68608 98816 133121 139265 172032 198656 229376
1 7 4101 8204 12289 12292 16408 16432 16480 24584 32960 33152 33536 49216 57344 67072 73729 98816 106496 133121 134144 196609 197632
1 7 4101 8204 12289 12292 16408 16432 16480 24584 32960 33152 33536 49216 57344 67072 98816 106496 133121 134144 139265 197632 204800
1 7 4101 8204 12289 12292 16408 16432 16480 24584 32960 33152 33536 49216 57344 67072 98816 133121 134144 139265 172032 197632 229376
1 7 4101 8204 12289 12292 16408 16432 16480 24584 32960 33152 33536 49216 57344 67585 68608 73729 98816 106496 132608 197120 197632
1 7 4101 8204 12289 12292 16408 16432 16480 24584 32960 33152 33536 49216 57344 67585 73729 98816 106496 132608 134144 197120 198656
1 7 4101 8204 12289 12292 16408 16432 16480 24584 32960 33152 33536 49216 57344 73729 98816 106496 132608 133121 134144 196609 197120
1 7 4101 8204 12289 12292 16408 16432 16480 24584 32960 33152 33536 49216 57344 98816 106496 132608 133121 134144 139265 197120 204800
1 7 4101 8204 12289 12292 16408 16432 16480 24584 32960 33152 33536 49216 57344 98816 132608 133121 134144 139265 172032 197120 229376
1 7 4101 8204 12289 12292 16408 16432 16480 24584 32960 33152 33536 57344 81984 98368 114688 132608 133121 134144 139265 164352 172032
1 7 4101 8204 12289 12292 16408 16432 16480 24584 32960 33152 49216 57344 66304 67072 98560 106496 133121 134144 139265 197632 204800
1 7 4101 8204 12289 12292 16408 16432 16480 24584 32960 33152 49216 57344 66304 67072 98560 133121 134144 139265 172032 197632 229376
1 7 4101 8204 12289 12292 16408 16432 16480 24584 32960 33152 49216 57344 66304 98560 98816 132608 133121 134144 139265 164352 172032
1 7 4101 8204 12289 12292 16408 16432 16480 24584 32960 33152 49216 57344 66304 98560 106496 132608 133121 134144 139265 197120 204800
1 7 4101 8204 12289 12292 16408 16432 16480 24584 32960 33152 49216 57344 66304 98560 132608 133121 134144 139265 172032 197120 229376
1 7 4101 8204 12289 12292 16408 16432 16480 24584 32960 33536 49216 57344 65920 98432 98560 132608 133121 134144 139265 164352 172032
1 7 4101 8204 12289 12292 16408 16432 16480 24584 32960 49216 57344 65920 66304 98432 98816 132608 133121 134144 139265 164352 172032
1 7 4101 8204 12289 12292 16408 16432 16480 24584 32960 49216 57344 65920 66304 98432 106496 132608 133121 134144 139265 197120 204800
1 7 4101 8204 12289 12292 16408 16432 16480 24584 32960 49216 57344 65920 66304 98432 132608 133121 134144 139265 172032 197120 229376
1 7 4101 8204 12289 12292 16408 16432 16480 24584 33152 33536 49216 57344 65728 98368 98432 132608 133121 134144 139265 164352 172032
1 7 4101 8204 12289 12292 16408 16432 16480 24584 33152 33536 57344 65728 81984 98432 114688 132608 133121 134144 139265 164352 172032
1 7 4101 8204 12289 12292 16408 16432 16480 24584 33536 34304 57344 65728 65920 81984 98560 114688 133121 134144 139265 164864 172032
1 7 4101 8204 12289 12292 16408 16432 16480 24584 33536 49216 57344 65728 65920 98368 98560 132608 133121 134144 139265 164352 172032
1 7 4101 8204 12289 12292 16408 16432 16480 24584 33536 57344 65728 65920 81984 98560 114688 132608 133121 134144 139265 164352 172032
1 7 4101 8204 12289 12292 16408 16432 16480 24584 34304 34817 35840 40961 57344 65728 65920 66304 81984 114688 164352 197120 229376
1 7 4101 8204 12289 12292 16408 16432 16480 24584 34304 34817 35840 40961 57344 65728 65920 66304 98816 114688 147520 196672 212992
1 7 4101 8204 12289 12292 16408 16432 16480 24584 34304 34817 35840 40961 57344 65728 65920 81984 98816 114688 131840 196864 197120
1 7 4101 8204 12289 12292 16408 16432 16480 24584 34304 34817 35840 40961 57344 65728 65920 81984 114688 131840 164352 196864 229376
1 7 4101 8204 12289 12292 16408 16432 16480 24584 34304 34817 35840 40961 57344 65728 66304 81984 98816 114688 131456 196736 196864
1 7 4101 8204 12289 12292 16408 16432 16480 24584 34304 34817 35840 40961 57344 65728 81984 98816 114688 131456 131840 196736 197120
1 7 4101 8204 12289 12292 16408 16432 16480 24584 34304 34817 35840 40961 57344 65728 81984 114688 131456 131840 164352 196736 229376
1 7 4101 8204 12289 12292 16408 16432 16480 24584 34304 34817 35840 40961 57344 65920 66304 81984 98816 114688 131264 196672 196736
1 7 4101 8204 12289 12292 16408 16432 16480 24584 34304 34817 35840 40961 57344 65920 66304 98816 114688 131264 147520 196736 212992
1 7 4101 8204 12289 12292 16408 16432 16480 24584 34304 34817 35840 40961 57344 66304 81984 98816 114688 131264 131456 196672 196864
1 7 4101 8204 12289 12292 16408 16432 16480 24584 34304 34817 35840 40961 57344 66304 98816 114688 131264 131456 147520 196864 212992
1 7 4101 8204 12289 12292 16408 16432 16480 24584 34304 34817 35840 40961 57344 81984 98816 114688 131264 131456 131840 196672 197120
1 7 4101 8204 12289 12292 16408 16432 16480 24584 34304 34817 35840 40961 57344 81984 114688 131264 131456 131840 164352 196672 229376
1 7 4101 8204 12289 12292 16408 16432 16480 24584 34304 34817 35840 40961 57344 98816 114688 131264 131456 131840 147520 197120 212992
1 7 4101 8204 12289 12292 16408 16432 16480 24584 34304 34817 35840 40961 57344 114688 131264 131456 131840 147520 164352 212992 229376
1 7 4101 8204 12289 12292 16408 16432 16480 24584 34304 34817 35840 57344 65728 65920 66304 81984 98816 114688 139265 163841 172032
1 7 4101 8204 12289 12292 16408 16432 16480 24584 34304 34817 40961 57344 65728 65920 66304 81984 98816 114688 134144 164864 165888
1 7 4101 8204 12289 12292 16408 16432 16480 24584 34304 35840 40961 57344 65728 65920 66304 81984 98816 114688 133121 163841 165888
1 7 4101 8204 12289 12292 16408 16432 16480 24584 34304 35840 57344 65728 65920 66304 81984 98816 114688 133121 139265 165888 172032
1 7 4101 8204 12289 12292 16408 16432 16480 24584 34304 40961 57344 65728 65920 66304 81984 98816 114688 133121 134144 163841 164864
1 7 4101 8204 12289 12292 16408 16432 16480 24584 34304 57344 65728 65920 66304 81984 98816 114688 133121 134144 139265 164864 172032
1 7 4101 8204 12289 12292 16408 16432 16480 24584 34817 35840 40961 57344 65728 65920 66304 81984 98816 114688 132608 164352 164864
1 7 4101 8204 12289 12292 16408 16432 16480 24584 34817 35840 40961 57344 65728 65920 66304 81984 114688 132608 164864 197120 229376
1 7 4101 8204 12289 12292 16408 16432 16480 24584 34817 35840 40961 57344 65728 65920 81984 114688 131840 132608 164864 196864 229376
1 7 4101 8204 12289 12292 16408 16432 16480 24584 34817 35840 40961 57344 66304 67072 99328 114688 131264 131456 147520 196864 212992
1 7 4101 8204 12289 12292 16408 16432 16480 24584 34817 35840 40961 57344 67072 99328 114688 131264 131456 131840 147520 197120 212992
1 7 4101 8204 12289 12292 16408 16432 16480 24584 34817 40961 57344 65728 65920 66304 81984 98816 114688 132608 134144 164352 165888
1 7 4101 8204 12289 12292 16408 16432 16480 24584 34817 40961 57344 65728 65920 66304 81984 114688 132608 134144 165888 197120 229376
1 7 4101 8204 12289 12292 16408 16432 16480 24584 34817 40961 57344 67072 68608 100352 114688 131264 131456 131840 147520 197120 212992
1 7 4101 8204 12289 12292 16408 16432 16480 24584 40961 57344 65728 65920 66304 81984 98816 114688 132608 133121 134144 163841 164352
1 7 4101 8204 12289 12292 16408 16432 16480 24584 40961 57344 65728 65920 66304 81984 114688 132608 133121 134144 163841 197120 229376
1 7 4101 8204 12289 12292 16408 16432 16480 24584 40961 57344 67072 67585 68608 98305 114688 131264 131456 131840 147520 197120 212992
1 7 4101 8204 12289 12292 16408 16432 16480 24584 49216 57344 65728 65920 66304 98368 98816 132608 133121 134144 139265 164352 172032
1 7 4101 8204 12289 12292 16408 16432 16480 24584 49216 57344 65728 65920 66304 98368 106496 132608 133121 134144 139265 197120 204800
1 7 4101 8204 12289 12292 16408 16432 16480 24584 49216 57344 65728 65920 66304 98368 132608 133121 134144 139265 172032 197120 229376
1 7 4101 8204 12289 12292 16408 16432 16480 24584 57344 65728 65920 66304 81984 98816 114688 132608 133121 134144 139265 164352 172032
1 7 4101 8204 12289 12292 16408 16432 16480 24584 57344 65728 65920 66304 81984 106496 114688 132608 133121 134144 139265 197120 204800
1 7 4101 8204 12289 12292 16408 16432 16480 24584 57344 65728 65920 66304 81984 114688 132608 133121 134144 139265 172032 197120 229376
1 7 4101 8204 12289 12292 16408 16432 16480 24584 57344 67072 67585 68608 73729 106496 114688 131264 131456 131840 147520 197120 212992
1 7 4101 8204 12289 12292 16408 16432 24584 32864 32960 33152 49184 57344 66304 67072 68608 98560 106496 133121 139265 198656 204800
1 7 4101 8204 12289 12292 16408 16432 24584 32864 32960 33152 49184 57344 66304 67072 68608 98560 133121 139265 172032 198656 229376
1 7 4101 8204 12289 12292 16408 16432 24584 32864 32960 33152 49184 57344 66304 67072 98560 106496 133121 134144 139265 197632 204800
1 7 4101 8204 12289 12292 16408 16432 24584 32864 32960 33152 49184 57344 66304 67072 98560 133121 134144 139265 172032 197632 229376
1 7 4101 8204 12289 12292 16408 16432 24584 32864 32960 33152 49184 57344 66304 98560 106496 132608 133121 134144 139265 197120 204800
1 7 4101 8204 12289 12292 16408 16432 24584 32864 32960 33152 49184 57344 66304 98560 132608 133121 134144 139265 172032 197120 229376
1 7 4101 8204 12289 12292 16408 16432 24584 32864 32960 49184 57344 65920 66304 67072 98432 106496 133121 134144 139265 197632 204800
1 7 4101 8204 12289 12292 16408 16432 24584 32864 32960 49184 57344 65920 66304 67072 98432 133121 134144 139265 172032 197632 229376
1 7 4101 8204 12289 12292 16408 16432 24584 32864 32960 49184 57344 65920 66304 98432 106496 132608 133121 134144 139265 197120 204800
1 7 4101 8204 12289 12292 16408 16432 24584 32864 32960 49184 57344 65920 66304 98432 132608 133121 134144 139265 172032 197120 229376
1 7 4101 8204 12289 12292 16408 16432 24584 32864 49184 57344 65728 65920 66304 98368 106496 132608 133121 134144 139265 197120 204800
1 7 4101 8204 12289 12292 16408 16432 24584 32864 49184 57344 65728 65920 66304 98368 132608 133121 134144 139265 172032 197120 229376
1 7 4101 8204 12289 12292 16408 16432 24584 32960 33152 33536 49216 57344 67072 67585 68608 73729 98816 106496 131168 147488 147520
1 7 4101 8204 12289 12292 16408 16432 24584 32960 33152 33536 57344 65632 81952 98368 114688 132608 133121 134144 139265 164352 172032
1 7 4101 8204 12289 12292 16408 16432 24584 33152 33536 34304 57344 65632 65728 81952 98432 114688 133121 134144 139265 164864 172032
1 7 4101 8204 12289 12292 16408 16432 24584 33152 33536 57344 65632 65728 81952 98432 114688 132608 133121 134144 139265 164352 172032
1 7 4101 8204 12289 12292 16408 16432 24584 33536 34304 35840 57344 65632 65728 65920 81952 98560 114688 133121 139265 165888 172032
1 7 4101 8204 12289 12292 16408 16432 24584 33536 34304 57344 65632 65728 65920 81952 98560 114688 133121 134144 139265 164864 172032
1 7 4101 8204 12289 12292 16408 16432 24584 33536 57344 65632 65728 65920 81952 98560 114688 132608 133121 134144 139265 164352 172032
1 7 4101 8204 12289 12292 16408 16432 24584 34304 34817 35840 40961 57344 65632 65728 65920 81952 114688 131840 164352 196864 229376
1 7 4101 8204 12289 12292 16408 16432 24584 34304 34817 35840 40961 57344 65632 65728 81952 114688 131456 131840 164352 196736 229376
1 7 4101 8204 12289 12292 16408 16432 24584 34304 34817 35840 40961 57344 65632 81952 114688 131264 131456 131840 164352 196672 229376
1 7 4101 8204 12289 12292 16408 16432 24584 34304 34817 35840 40961 57344 65728 65920 66304 81984 98816 114688 131168 147488 147520
1 7 4101 8204 12289 12292 16408 16432 24584 34304 34817 35840 40961 57344 65728 65920 66304 98816 114688 131168 147488 196672 212992
1 7 4101 8204 12289 12292 16408 16432 24584 34304 34817 35840 40961 57344 65920 66304 98816 114688 131168 131264 147488 196736 212992
1 7 4101 8204 12289 12292 16408 16432 24584 34304 34817 35840 40961 57344 66304 98816 114688 131168 131264 131456 147488 196864 212992
1 7 4101 8204 12289 12292 16408 16432 24584 34817 35840 40961 57344 65632 65728 65920 81952 114688 131840 132608 164864 196864 229376
1 7 4101 8204 12289 12292 16408 16432 24584 34817 35840 40961 57344 65632 65728 81952 114688 131456 131840 132608 164864 196736 229376
1 7 4101 8204 12289 12292 16408 16432 24584 34817 35840 40961 57344 65920 66304 67072 99328 114688 131168 131264 147488 196736 212992
1 7 4101 8204 12289 12292 16408 16432 24584 34817 35840 40961 57344 66304 67072 99328 114688 131168 131264 131456 147488 196864 212992
1 7 4101 8204 12289 12292 16408 16432 24584 34817 40961 57344 65632 65728 65920 81952 114688 131840 132608 134144 165888 196864 229376
1 7 4101 8204 12289 12292 16408 16432 24584 34817 40961 57344 66304 67072 68608 100352 114688 131168 131264 131456 147488 196864 212992
1 7 4101 8204 12289 12292 16408 16480 24584 32960 33152 33536 49216 57344 67072 67585 68608 73729 98816 106496 131120 147472 147488
1 7 4101 8204 12289 12292 16408 16480 24584 34304 34817 35840 40961 57344 65728 65920 66304 81984 98816 114688 131120 147472 147488
1 7 4101 8204 12289 12292 16408 24584 32816 32864 32960 49168 57344 65920 66304 67072 98432 106496 133121 134144 139265 197632 204800
1 7 4101 8204 12289 12292 16408 24584 32816 32864 32960 49168 57344 65920 66304 67072 98432 133121 134144 139265 172032 197632 229376
1 7 4101 8204 12289 12292 16408 24584 32816 32864 32960 49168 57344 65920 66304 98432 106496 132608 133121 134144 139265 197120 204800
1 7 4101 8204 12289 12292 16408 24584 32816 32864 32960 49168 57344 65920 66304 98432 132608 133121 134144 139265 172032 197120 229376
1 7 4101 8204 12289 12292 16408 24584 32816 32864 49168 57344 65728 65920 66304 98368 106496 132608 133121 134144 139265 197120 204800
1 7 4101 8204 12289 12292 16408 24584 32816 32864 49168 57344 65728 65920 66304 98368 132608 133121 134144 139265 172032 197120 229376
1 7 4101 8204 12289 12292 16408 24584 32960 33152 33536 49216 57344 67072 67585 68608 73729 98816 106496 131120 131168 147472 147520
1 7 4101 8204 12289 12292 16408 24584 32960 33152 33536 57344 65584 65632 81936 98368 114688 132608 133121 134144 139265 164352 172032
1 7 4101 8204 12289 12292 16408 24584 33152 33536 34304 57344 65584 65632 65728 81936 98432 114688 133121 134144 139265 164864 172032
1 7 4101 8204 12289 12292 16408 24584 33152 33536 57344 65584 65632 65728 81936 98432 114688 132608 133121 134144 139265 164352 172032
1 7 4101 8204 12289 12292 16408 24584 34304 34817 35840 40961 57344 65584 65632 65728 81936 114688 131456 131840 164352 196736 229376
1 7 4101 8204 12289 12292 16408 24584 34304 34817 35840 40961 57344 65584 65632 81936 114688 131264 131456 131840 164352 196672 229376
1 7 4101 8204 12289 12292 16408 24584 34304 34817 35840 40961 57344 65728 65920 66304 81984 98816 114688 131120 131168 147472 147520
1 7 4101 8204 12289 12292 16408 24584 34304 34817 35840 40961 57344 65728 65920 66304 98816 114688 131120 131168 147472 196672 212992
1 7 4101 8204 12289 12292 16408 24584 34304 34817 35840 40961 57344 65920 66304 98816 114688 131120 131168 131264 147472 196736 212992
1 7 4101 8204 12289 12292 16408 24584 34817 35840 40961 57344 65584 65632 65728 81936 114688 131456 131840 132608 164864 196736 229376
1 7 4101 8204 12289 12292 16408 24584 34817 35840 40961 57344 65920 66304 67072 99328 114688 131120 131168 131264 147472 196736 212992
1 7 4101 8204 12289 12292 16432 16480 24584 32960 33152 33536 49216 57344 67072 67585 68608 73729 98816 106496 131096 147464 147472
1 7 4101 8204 12289 12292 16432 16480 24584 34304 34817 35840 40961 57344 65728 65920 66304 81984 98816 114688 131096 147464 147472
1 7 4101 8204 12289 12292 16480 24584 32960 33152 33536 49216 57344 67072 67585 68608 73729 98816 106496 131096 131120 147464 147488
1 7 4101 8204 12289 12292 16480 24584 34304 34817 35840 40961 57344 65728 65920 66304 81984 98816 114688 131096 131120 147464 147488
1 7 4101 8204 12289 12292 24577 24584 34304 34817 35840 49153 65728 65920 66304 98816 114688 131096 131120 131168 147464 196672 212992
1 7 4101 8204 12289 12292 24577 24584 34304 34817 35840 49153 65728 65920 66304 98816 131096 131120 131168 147464 180224 196672 229376
1 7 4101 8204 12289 12292 24584 32792 32816 32864 49160 57344 65728 65920 66304 98368 106496 132608 133121 134144 139265 197120 204800
1 7 4101 8204 12289 12292 24584 32792 32816 32864 49160 57344 65728 65920 66304 98368 132608 133121 134144 139265 172032 197120 229376
1 7 4101 8204 12289 12292 24584 32960 33152 33536 49216 57344 67072 67585 68608 73729 98816 106496 131096 131120 131168 147464 147520
1 7 4101 8204 12289 12292 24584 32960 33152 33536 57344 65560 65584 65632 81928 98368 114688 132608 133121 134144 139265 164352 172032
1 7 4101 8204 12289 12292 24584 34304 34817 35840 40961 57344 65560 65584 65632 81928 114688 131264 131456 131840 164352 196672 229376
1 7 4101 8204 12289 12292 24584 34304 34817 35840 40961 57344 65728 65920 66304 81984 98816 114688 131096 131120 131168 147464 147520
1 7 4101 8204 12289 12292 24584 34304 34817 35840 40961 57344 65728 65920 66304 98816 114688 131096 131120 131168 147464 196672 212992
1 7 4101 8204 12289 20484 24580 28672 32792 32816 32864 40968 65728 65920 66304 98368 106496 132608 133121 134144 139265 197120 204800
1 7 4101 8204 12289 20484 24580 28672 32792 32816 32864 40968 65728 65920 66304 98368 132608 133121 134144 139265 172032 197120 229376
1 7 4101 9728 10241 11264 12289 16396 16408 16432 20484 28672 32864 32960 33152 49184 57344 66304 74240 98560 172032 204800 229376
1 7 4101 9728 10241 11264 12289 16396 16408 16432 20484 28672 32864 32960 33152 49184 57344 66304 98560 106496 139776 197120 204800
1 7 4101 9728 10241 11264 12289 16396 16408 16432 20484 28672 32864 32960 33152 49184 57344 66304 98560 139776 172032 197120 229376
1 7 4101 9728 10241 11264 12289 16396 16408 16432 20484 28672 32864 32960 33152 49184 57344 74240 98560 106496 131840 196864 197120
1 7 4101 9728 10241 11264 12289 16396 16408 16432 20484 28672 32864 32960 33152 49184 57344 98560 106496 131840 139776 196864 204800
1 7 4101 9728 10241 11264 12289 16396 16408 16432 20484 28672 32864 32960 33152 49184 57344 98560 131840 139776 172032 196864 229376
1 7 4101 9728 10241 11264 12289 16396 16408 16432 20484 28672 32864 32960 33152 57344 81952 98336 114688 131840 139776 164096 172032
1 7 4101 9728 10241 11264 12289 16396 16408 16432 20484 28672 32864 32960 49184 57344 65920 66304 74240 98432 172032 204800 229376
1 7 4101 9728 10241 11264 12289 16396 16408 16432 20484 28672 32864 32960 49184 57344 65920 66304 98432 106496 139776 197120 204800
1 7 4101 9728 10241 11264 12289 16396 16408 16432 20484 28672 32864 32960 49184 57344 65920 66304 98432 139776 172032 197120 229376
1 7 4101 9728 10241 11264 12289 16396 16408 16432 20484 28672 32864 32960 49184 57344 65920 74240 98432 106496 131840 196864 197120
1 7 4101 9728 10241 11264 12289 16396 16408 16432 20484 28672 32864 32960 49184 57344 65920 98432 98560 131840 139776 164096 172032
1 7 4101 9728 10241 11264 12289 16396 16408 16432 20484 28672 32864 32960 49184 57344 65920 98432 106496 131840 139776 196864 204800
1 7 4101 9728 10241 11264 12289 16396 16408 16432 20484 28672 32864 32960 49184 57344 65920 98432 131840 139776 172032 196864 229376
1 7 4101 9728 10241 11264 12289 16396 16408 16432 20484 28672 32864 32960 49184 57344 66304 74240 98432 106496 131456 196736 196864
1 7 4101 9728 10241 11264 12289 16396 16408 16432 20484 28672 32864 32960 49184 57344 74240 98432 106496 131456 131840 196736 197120
1 7 4101 9728 10241 11264 12289 16396 16408 16432 20484 28672 32864 32960 49184 57344 98432 106496 131456 131840 139776 196736 204800
1 7 4101 9728 10241 11264 12289 16396 16408 16432 20484 28672 32864 32960 49184 57344 98432 131456 131840 139776 172032 196736 229376
1 7 4101 9728 10241 11264 12289 16396 16408 16432 20484 28672 32864 32960 57344 81952 98336 114688 131456 131840 139776 163968 172032
1 7 4101 9728 10241 11264 12289 16396 16408 16432 20484 28672 32864 33152 49184 57344 65728 98368 98432 131840 139776 164096 172032
1 7 4101 9728 10241 11264 12289 16396 16408 16432 20484 28672 32864 49184 57344 65728 65920 66304 74240 98368 172032 204800 229376
1 7 4101 9728 10241 11264 12289 16396 16408 16432 20484 28672 32864 49184 57344 65728 65920 66304 98368 106496 139776 197120 204800
1 7 4101 9728 10241 11264 12289 16396 16408 16432 20484 28672 32864 49184 57344 65728 65920 66304 98368 139776 172032 197120 229376
1 7 4101 9728 10241 11264 12289 16396 16408 16432 20484 28672 32864 49184 57344 65728 65920 74240 98368 106496 131840 196864 197120
1 7 4101 9728 10241 11264 12289 16396 16408 16432 20484 28672 32864 49184 57344 65728 65920 98368 98560 131840 139776 164096 172032
1 7 4101 9728 10241 11264 12289 16396 16408 16432 20484 28672 32864 49184 57344 65728 65920 98368 106496 131840 139776 196864 204800
1 7 4101 9728 10241 11264 12289 16396 16408 16432 20484 28672 32864 49184 57344 65728 65920 98368 131840 139776 172032 196864 229376
1 7 4101 9728 10241 11264 12289 16396 16408 16432 20484 28672 32864 49184 57344 65728 66304 74240 98368 106496 131456 196736 196864
1 7 4101 9728 10241 11264 12289 16396 16408 16432 20484 28672 32864 49184 57344 65728 74240 98368 106496 131456 131840 196736 197120
1 7 4101 9728 10241 11264 12289 16396 16408 16432 20484 28672 32864 49184 57344 65728 98368 98432 131456 131840 139776 163968 172032
1 7 4101 9728 10241 11264 12289 16396 16408 16432 20484 28672 32864 49184 57344 65728 98368 106496 131456 131840 139776 196736 204800
1 7 4101 9728 10241 11264 12289 16396 16408 16432 20484 28672 32864 49184 57344 65728 98368 131456 131840 139776 172032 196736 229376
1 7 4101 9728 10241 11264 12289 16396 16408 16432 20484 28672 32864 49184 57344 65920 66304 74240 98368 106496 131264 196672 196736
1 7 4101 9728 10241 11264 12289 16396 16408 16432 20484 28672 32864 49184 57344 66304 74240 98368 106496 131264 131456 196672 196864
1 7 4101 9728 10241 11264 12289 16396 16408 16432 20484 28672 32864 49184 57344 74240 98368 106496 131264 131456 131840 196672 197120
1 7 4101 9728 10241 11264 12289 16396 16408 16432 20484 28672 32864 49184 57344 98368 106496 131264 131456 131840 139776 196672 204800
1 7 4101 9728 10241 11264 12289 16396 16408 16432 20484 28672 32864 49184 57344 98368 131264 131456 131840 139776 172032 196672 229376
1 7 4101 9728 10241 11264 12289 16396 16408 16432 20484 28672 32864 57344 81952 98336 114688 131264 131456 131840 139776 163904 172032
1 7 4101 9728 10241 11264 12289 16396 16408 16432 20484 28672 32960 33152 41472 57344 65632 81952 98368 114688 131840 164096 164352
2 7 4101 9728 10241 11264 12289 16396 16408 16432 20484 28672 32960 33152 57344 65632 81952 98368 114688 131840 139776 164096 172032
1 7 4101 9728 10241 11264 12289 16396 16408 16432 20484 28672 32960 41472 57344 65632 81952 98368 114688 131456 131840 163968 164352
1 7 4101 9728 10241 11264 12289 16396 16408 16432 20484 28672 32960 49184 57344 65632 98336 98368 131456 131840 139776 163968 172032
1 7 4101 9728 10241 11264 12289 16396 16408 16432 20484 28672 32960 57344 65632 81952 98368 114688 131456 131840 139776 163968 172032
1 7 4101 9728 10241 11264 12289 16396 16408 16432 20484 28672 41472 57344 65632 65728 65920 81952 98560 114688 131840 164096 164352
1 7 4101 9728 10241 11264 12289 16396 16408 16432 20484 28672 41472 57344 65632 65728 65920 81952 114688 131840 164352 196864 229376
1 7 4101 9728 10241 11264 12289 16396 16408 16432 20484 28672 41472 57344 65632 65728 81952 98432 114688 131456 131840 163968 164352
1 7 4101 9728 10241 11264 12289 16396 16408 16432 20484 28672 41472 57344 65632 65728 81952 114688 131456 131840 164352 196736 229376
1 7 4101 9728 10241 11264 12289 16396 16408 16432 20484 28672 41472 57344 65632 81952 98368 114688 131264 131456 131840 163904 164352
1 7 4101 9728 10241 11264 12289 16396 16408 16432 20484 28672 41472 57344 65632 81952 114688 131264 131456 131840 164352 196672 229376
1 7 4101 9728 10241 11264 12289 16396 16408 16432 20484 28672 41472 57344 65728 65920 66304 98816 114688 131168 147488 196672 212992
1 7 4101 9728 10241 11264 12289 16396 16408 16432 20484 28672 41472 57344 65920 66304 98816 114688 131168 131264 147488 196736 212992
1 7 4101 9728 10241 11264 12289 16396 16408 16432 20484 28672 41472 57344 66304 98816 114688 131168 131264 131456 147488 196864 212992
1 7 4101 9728 10241 11264 12289 16396 16408 16432 20484 28672 57344 65632 65728 65920 81952 98560 114688 131840 139776 164096 172032
1 7 4101 9728 10241 11264 12289 16396 16408 16432 20484 28672 57344 65632 65728 65920 81952 106496 114688 131840 139776 196864 204800
1 7 4101 9728 10241 11264 12289 16396 16408 16432 20484 28672 57344 65632 65728 65920 81952 114688 131840 139776 172032 196864 229376
2 7 4101 9728 10241 11264 12289 16396 16408 16432 20484 28672 57344 65632 65728 81952 98432 114688 131456 131840 139776 163968 172032
1 7 4101 9728 10241 11264 12289 16396 16408 16432 20484 28672 57344 65632 65728 81952 106496 114688 131456 131840 139776 196736 204800
2 7 4101 9728 10241 11264 12289 16396 16408 16432 20484 28672 57344 65632 65728 81952 114688 131456 131840 139776 172032 196736 229376
1 7 4101 9728 10241 11264 12289 16396 16408 16432 20484 28672 57344 65632 81952 106496 114688 131264 131456 131840 139776 196672 204800
1 7 4101 9728 10241 11264 12289 16396 16408 16432 28672 32864 32960 33152 49184 57344 66304 74240 98560 106496 135172 147460 151552
1 7 4101 9728 10241 11264 12289 16396 16408 16432 28672 32864 32960 49184 57344 65920 66304 74240 98432 106496 135172 147460 151552
1 7 4101 9728 10241 11264 12289 16396 16408 16432 28672 32864 49184 57344 65728 65920 66304 74240 98368 106496 135172 147460 151552
1 7 4101 9728 10241 11264 12289 16396 16408 16432 28672 32960 33152 33536 41472 57344 65632 81952 98368 114688 135172 147460 151552
1 7 4101 9728 10241 11264 12289 16396 16408 16432 28672 33152 33536 41472 57344 65632 65728 81952 98432 114688 135172 147460 151552
1 7 4101 9728 10241 11264 12289 16396 16408 16432 28672 33536 41472 57344 65632 65728 65920 81952 98560 114688 135172 147460 151552
1 7 4101 9728 10241 11264 12289 16396 16408 20484 28672 32816 32864 32960 49168 57344 65920 66304 74240 98432 172032 204800 229376
1 7 4101 9728 10241 11264 12289 16396 16408 20484 28672 32816 32864 32960 49168 57344 65920 66304 98432 106496 139776 197120 204800
1 7 4101 9728 10241 11264 12289 16396 16408 20484 28672 32816 32864 32960 49168 57344 65920 66304 98432 139776 172032 197120 229376
1 7 4101 9728 10241 11264 12289 16396 16408 20484 28672 32816 32864 32960 49168 57344 65920 74240 98432 106496 131840 196864 197120
1 7 4101 9728 10241 11264 12289 16396 16408 20484 28672 32816 32864 32960 49168 57344 65920 98432 106496 131840 139776 196864 204800
1 7 4101 9728 10241 11264 12289 16396 16408 20484 28672 32816 32864 32960 49168 57344 65920 98432 131840 139776 172032 196864 229376
1 7 4101 9728 10241 11264 12289 16396 16408 20484 28672 32816 32864 32960 49168 57344 66304 74240 98432 106496 131456 196736 196864
1 7 4101 9728 10241 11264 12289 16396 16408 20484 28672 32816 32864 32960 49168 57344 74240 98432 106496 131456 131840 196736 197120
1 7 4101 9728 10241 11264 12289 16396 16408 20484 28672 32816 32864 32960 49168 57344 98432 106496 131456 131840 139776 196736 204800
1 7 4101 9728 10241 11264 12289 16396 16408 20484 28672 32816 32864 32960 49168 57344 98432 131456 131840 139776 172032 196736 229376
1 7 4101 9728 10241 11264 12289 16396 16408 20484 28672 32816 32864 32960 57344 81936 98320 114688 131456 131840 139776 163968 172032
1 7 4101 9728 10241 11264 12289 16396 16408 20484 28672 32816 32864 49168 57344 65728 65920 66304 74240 98368 172032 204800 229376
1 7 4101 9728 10241 11264 12289 16396 16408 20484 28672 32816 32864 49168 57344 65728 65920 66304 98368 106496 139776 197120 204800
1 7 4101 9728 10241 11264 12289 16396 16408 20484 28672 32816 32864 49168 57344 65728 65920 66304 98368 139776 172032 197120 229376
1 7 4101 9728 10241 11264 12289 16396 16408 20484 28672 32816 32864 49168 57344 65728 65920 74240 98368 106496 131840 196864 197120
1 7 4101 9728 10241 11264 12289 16396 16408 20484 28672 32816 32864 49168 57344 65728 65920 98368 106496 131840 139776 196864 204800
1 7 4101 9728 10241 11264 12289 16396 16408 20484 28672 32816 32864 49168 57344 65728 65920 98368 131840 139776 172032 196864 229376
1 7 4101 9728 10241 11264 12289 16396 16408 20484 28672 32816 32864 49168 57344 65728 66304 74240 98368 106496 131456 196736 196864
1 7 4101 9728 10241 11264 12289 16396 16408 20484 28672 32816 32864 49168 57344 65728 74240 98368 106496 131456 131840 196736 197120
1 7 4101 9728 10241 11264 12289 16396 16408 20484 28672 32816 32864 49168 57344 65728 98368 98432 131456 131840 139776 163968 172032
1 7 4101 9728 10241 11264 12289 16396 16408 20484 28672 32816 32864 49168 57344 65728 98368 106496 131456 131840 139776 196736 204800
1 7 4101 9728 10241 11264 12289 16396 16408 20484 28672 32816 32864 49168 57344 65728 98368 131456 131840 139776 172032 196736 229376
1 7 4101 9728 10241 11264 12289 16396 16408 20484 28672 32816 32864 49168 57344 65920 66304 74240 98368 106496 131264 196672 196736
1 7 4101 9728 10241 11264 12289 16396 16408 20484 28672 32816 32864 49168 57344 66304 74240 98368 106496 131264 131456 196672 196864
1 7 4101 9728 10241 11264 12289 16396 16408 20484 28672 32816 32864 49168 57344 74240 98368 106496 131264 131456 131840 196672 197120
1 7 4101 9728 10241 11264 12289 16396 16408 20484 28672 32816 32864 49168 57344 98368 106496 131264 131456 131840 139776 196672 204800
1 7 4101 9728 10241 11264 12289 16396 16408 20484 28672 32816 32864 49168 57344 98368 131264 131456 131840 139776 172032 196672 229376
1 7 4101 9728 10241 11264 12289 16396 16408 20484 28672 32816 32864 57344 81936 98320 114688 131264 131456 131840 139776 163904 172032
1 7 4101 9728 10241 11264 12289 16396 16408 20484 28672 32816 32960 49168 57344 65632 98336 98368 131456 131840 139776 163968 172032
1 7 4101 9728 10241 11264 12289 16396 16408 20484 28672 32816 49168 57344 65632 65728 65920 98336 106496 131840 139776 196864 204800
1 7 4101 9728 10241 11264 12289 16396 16408 20484 28672 32816 49168 57344 65632 65728 65920 98336 131840 139776 172032 196864 229376
1 7 4101 9728 10241 11264 12289 16396 16408 20484 28672 32816 49168 57344 65632 65728 98336 98432 131456 131840 139776 163968 172032
1 7 4101 9728 10241 11264 12289 16396 16408 20484 28672 32816 49168 57344 65632 65728 98336 106496 131456 131840 139776 196736 204800
1 7 4101 9728 10241 11264 12289 16396 16408 20484 28672 32816 49168 57344 65632 65728 98336 131456 131840 139776 172032 196736 229376
1 7 4101 9728 10241 11264 12289 16396 16408 20484 28672 32816 49168 57344 65632 98336 98368 131264 131456 131840 139776 163904 172032
1 7 4101 9728 10241 11264 12289 16396 16408 20484 28672 32816 49168 57344 65632 98336 106496 131264 131456 131840 139776 196672 204800
1 7 4101 9728 10241 11264 12289 16396 16408 20484 28672 32816 49168 57344 65632 98336 131264 131456 131840 139776 172032 196672 229376
1 7 4101 9728 10241 11264 12289 16396 16408 20484 28672 32864 32960 33152 49184 57344 66304 74240 98560 106496 131120 147472 147488
1 7 4101 9728 10241 11264 12289 16396 16408 20484 28672 32864 32960 33152 57344 65584 81936 98336 114688 131840 139776 164096 172032
1 7 4101 9728 10241 11264 12289 16396 16408 20484 28672 32864 32960 49168 57344 65584 98320 98336 131456 131840 139776 163968 172032
1 7 4101 9728 10241 11264 12289 16396 16408 20484 28672 32864 32960 49184 57344 65920 66304 74240 98432 106496 131120 147472 147488
1 7 4101 9728 10241 11264 12289 16396 16408 20484 28672 32864 32960 57344 65584 81936 98336 114688 131456 131840 139776 163968 172032
1 7 4101 9728 10241 11264 12289 16396 16408 20484 28672 32864 49168 57344 65584 98320 98336 131264 131456 131840 139776 163904 172032
1 7 4101 9728 10241 11264 12289 16396 16408 20484 28672 32864 49184 57344 65728 65920 66304 74240 98368 106496 131120 147472 147488
1 7 4101 9728 10241 11264 12289 16396 16408 20484 28672 32864 57344 65584 81936 98336 114688 131264 131456 131840 139776 163904 172032
1 7 4101 9728 10241 11264 12289 16396 16408 20484 28672 32960 33152 33536 41472 57344 65584 65632 81936 114688 163904 196672 229376
1 7 4101 9728 10241 11264 12289 16396 16408 20484 28672 32960 33152 33536 41472 57344 65584 65632 98368 114688 147472 196624 212992
1 7 4101 9728 10241 11264 12289 16396 16408 20484 28672 32960 33152 33536 41472 57344 65584 81936 98368 114688 131168 196640 196672
1 7 4101 9728 10241 11264 12289 16396 16408 20484 28672 32960 33152 33536 41472 57344 65584 81936 114688 131168 163904 196640 229376
1 7 4101 9728 10241 11264 12289 16396 16408 20484 28672 32960 33152 33536 41472 57344 65632 81936 98368 114688 131120 196624 196640
1 7 4101 9728 10241 11264 12289 16396 16408 20484 28672 32960 33152 33536 41472 57344 65632 81952 98368 114688 131120 147472 147488
1 7 4101 9728 10241 11264 12289 16396 16408 20484 28672 32960 33152 33536 41472 57344 65632 98368 114688 131120 147472 196640 212992
1 7 4101 9728 10241 11264 12289 16396 16408 20484 28672 32960 33152 33536 41472 57344 81936 98368 114688 131120 131168 196624 196672
1 7 4101 9728 10241 11264 12289 16396 16408 20484 28672 32960 33152 33536 41472 57344 81936 114688 131120 131168 163904 196624 229376
1 7 4101 9728 10241 11264 12289 16396 16408 20484 28672 32960 33152 33536 41472 57344 98368 114688 131120 131168 147472 196672 212992
1 7 4101 9728 10241 11264 12289 16396 16408 20484 28672 32960 33152 33536 41472 57344 114688 131120 131168 147472 163904 212992 229376
1 7 4101 9728 10241 11264 12289 16396 16408 20484 28672 32960 33152 33536 57344 65584 65632 81936 98368 114688 139776 164352 172032
1 7 4101 9728 10241 11264 12289 16396 16408 20484 28672 32960 33152 41472 57344 65584 65632 81936 98368 114688 131840 164096 164352
1 7 4101 9728 10241 11264 12289 16396 16408 20484 28672 32960 33152 57344 65584 65632 81936 98368 114688 131840 139776 164096 172032
1 7 4101 9728 10241 11264 12289 16396 16408 20484 28672 32960 33536 41472 57344 65584 65632 81936 98368 114688 131456 163968 164096
1 7 4101 9728 10241 11264 12289 16396 16408 20484 28672 32960 41472 57344 65584 65632 81936 98368 114688 131456 131840 163968 164352
1 7 4101 9728 10241 11264 12289 16396 16408 20484 28672 32960 49168 57344 65584 65632 98320 98368 131456 131840 139776 163968 172032
1 7 4101 9728 10241 11264 12289 16396 16408 20484 28672 32960 57344 65584 65632 81936 98368 114688 131456 131840 139776 163968 172032
1 7 4101 9728 10241 11264 12289 16396 16408 20484 28672 33152 33536 41472 57344 65584 65632 65728 81936 114688 163968 196736 229376
1 7 4101 9728 10241 11264 12289 16396 16408 20484 28672 33152 33536 41472 57344 65584 65632 65728 98432 114688 147472 196624 212992
1 7 4101 9728 10241 11264 12289 16396 16408 20484 28672 33152 33536 41472 57344 65584 65632 81936 98368 114688 131264 163904 163968
1 7 4101 9728 10241 11264 12289 16396 16408 20484 28672 33152 33536 41472 57344 65584 65632 81936 98432 114688 131264 196672 196736
1 7 4101 9728 10241 11264 12289 16396 16408 20484 28672 33152 33536 41472 57344 65584 65632 81936 114688 131264 163968 196672 229376
1 7 4101 9728 10241 11264 12289 16396 16408 20484 28672 33152 33536 41472 57344 65584 65728 81936 98432 114688 131168 196640 196672
1 7 4101 9728 10241 11264 12289 16396 16408 20484 28672 33152 33536 41472 57344 65584 81936 98432 114688 131168 131264 196640 196736
1 7 4101 9728 10241 11264 12289 16396 16408 20484 28672 33152 33536 41472 57344 65584 81936 114688 131168 131264 163968 196640 229376
1 7 4101 9728 10241 11264 12289 16396 16408 20484 28672 33152 33536 41472 57344 65632 65728 81936 98432 114688 131120 196624 196640
1 7 4101 9728 10241 11264 12289 16396 16408 20484 28672 33152 33536 41472 57344 65632 65728 81952 98432 114688 131120 147472 147488
1 7 4101 9728 10241 11264 12289 16396 16408 20484 28672 33152 33536 41472 57344 65632 65728 98432 114688 131120 147472 196640 212992
1 7 4101 9728 10241 11264 12289 16396 16408 20484 28672 33152 33536 41472 57344 65728 81936 98432 114688 131120 131168 196624 196672
1 7 4101 9728 10241 11264 12289 16396 16408 20484 28672 33152 33536 41472 57344 65728 98432 114688 131120 131168 147472 196672 212992
1 7 4101 9728 10241 11264 12289 16396 16408 20484 28672 33152 33536 41472 57344 81936 98432 114688 131120 131168 131264 196624 196736
1 7 4101 9728 10241 11264 12289 16396 16408 20484 28672 33152 33536 41472 57344 81936 114688 131120 131168 131264 163968 196624 229376
1 7 4101 9728 10241 11264 12289 16396 16408 20484 28672 33152 33536 41472 57344 98432 114688 131120 131168 131264 147472 196736 212992
1 7 4101 9728 10241 11264 12289 16396 16408 20484 28672 33152 33536 41472 57344 114688 131120 131168 131264 147472 163968 212992 229376
1 7 4101 9728 10241 11264 12289 16396 16408 20484 28672 33152 33536 57344 65584 65632 65728 81936 98432 114688 139776 164352 172032
1 7 4101 9728 10241 11264 12289 16396 16408 20484 28672 33152 41472 57344 65584 65632 65728 81936 98432 114688 131840 164096 164352
1 7 4101 9728 10241 11264 12289 16396 16408 20484 28672 33152 57344 65584 65632 65728 81936 98432 114688 131840 139776 164096 172032
1 7 4101 9728 10241 11264 12289 16396 16408 20484 28672 33536 41472 57344 65584 65632 65728 81936 98432 114688 131456 163968 164096
1 7 4101 9728 10241 11264 12289 16396 16408 20484 28672 33536 41472 57344 65584 65632 65728 81936 114688 131456 164096 196736 229376
1 7 4101 9728 10241 11264 12289 16396 16408 20484 28672 33536 41472 57344 65584 65632 81936 98368 114688 131264 131456 163904 164096
1 7 4101 9728 10241 11264 12289 16396 16408 20484 28672 33536 41472 57344 65584 65632 81936 114688 131264 131456 164096 196672 229376
1 7 4101 9728 10241 11264 12289 16396 16408 20484 28672 33536 41472 57344 65584 81936 114688 131168 131264 131456 164096 196640 229376
1 7 4101 9728 10241 11264 12289 16396 16408 20484 28672 33536 41472 57344 65632 65728 65920 81952 98560 114688 131120 147472 147488
1 7 4101 9728 10241 11264 12289 16396 16408 20484 28672 33536 41472 57344 65632 65728 65920 98560 114688 131120 147472 196640 212992
1 7 4101 9728 10241 11264 12289 16396 16408 20484 28672 33536 41472 57344 65728 65920 98560 114688 131120 131168 147472 196672 212992
1 7 4101 9728 10241 11264 12289 16396 16408 20484 28672 33536 41472 57344 65920 98560 114688 131120 131168 131264 147472 196736 212992
1 7 4101 9728 10241 11264 12289 16396 16408 20484 28672 41472 57344 65584 65632 65728 81936 98432 114688 131456 131840 163968 164352
1 7 4101 9728 10241 11264 12289 16396 16408 20484 28672 41472 57344 65584 65632 65728 81936 114688 131456 131840 164352 196736 229376
1 7 4101 9728 10241 11264 12289 16396 16408 20484 28672 41472 57344 65584 65632 81936 98368 114688 131264 131456 131840 163904 164352
1 7 4101 9728 10241 11264 12289 16396 16408 20484 28672 41472 57344 65584 65632 81936 114688 131264 131456 131840 164352 196672 229376
1 7 4101 9728 10241 11264 12289 16396 16408 20484 28672 41472 57344 65728 65920 66304 98816 114688 131120 131168 147472 196672 212992
1 7 4101 9728 10241 11264 12289 16396 16408 20484 28672 41472 57344 65920 66304 98816 114688 131120 131168 131264 147472 196736 212992
1 7 4101 9728 10241 11264 12289 16396 16408 20484 28672 49168 57344 65584 65632 65728 98320 98432 131456 131840 139776 163968 172032
1 7 4101 9728 10241 11264 12289 16396 16408 20484 28672 49168 57344 65584 65632 65728 98320 106496 131456 131840 139776 196736 204800
1 7 4101 9728 10241 11264 12289 16396 16408 20484 28672 49168 57344 65584 65632 65728 98320 131456 131840 139776 172032 196736 229376
1 7 4101 9728 10241 11264 12289 16396 16408 20484 28672 49168 57344 65584 65632 98320 98368 131264 131456 131840 139776 163904 172032
1 7 4101 9728 10241 11264 12289 16396 16408 20484 28672 49168 57344 65584 65632 98320 106496 131264 131456 131840 139776 196672 204800
1 7 4101 9728 10241 11264 12289 16396 16408 20484 28672 49168 57344 65584 65632 98320 131264 131456 131840 139776 172032 196672 229376
1 7 4101 9728 10241 11264 12289 16396 16408 20484 28672 57344 65584 65632 65728 81936 98432 114688 131456 131840 139776 163968 172032
1 7 4101 9728 10241 11264 12289 16396 16408 20484 28672 57344 65584 65632 65728 81936 106496 114688 131456 131840 139776 196736 204800
1 7 4101 9728 10241 11264 12289 16396 16408 20484 28672 57344 65584 65632 65728 81936 114688 131456 131840 139776 172032 196736 229376
1 7 4101 9728 10241 11264 12289 16396 16408 20484 28672 57344 65584 65632 81936 98368 114688 131264 131456 131840 139776 163904 172032
1 7 4101 9728 10241 11264 12289 16396 16408 20484 28672 57344 65584 65632 81936 106496 114688 131264 131456 131840 139776 196672 204800
1 7 4101 9728 10241 11264 12289 16396 16408 20484 28672 57344 65584 65632 81936 114688 131264 131456 131840 139776 172032 196672 229376
1 7 4101 9728 10241 11264 12289 16396 16408 20484 28672 57344 65728 65920 66304 74240 106496 114688 131120 131168 147472 196672 212992
1 7 4101 9728 10241 11264 12289 16396 16408 20484 28672 57344 65920 66304 74240 106496 114688 131120 131168 131264 147472 196736 212992
1 7 4101 9728 10241 11264 12289 16396 16408 28672 32816 32864 32960 49168 57344 65920 66304 74240 98432 106496 135172 147460 151552
1 7 4101 9728 10241 11264 12289 16396 16408 28672 32816 32864 49168 57344 65728 65920 66304 74240 98368 106496 135172 147460 151552
1 7 4101 9728 10241 11264 12289 16396 16408 28672 32960 33152 33536 41472 57344 65584 65632 81936 98368 114688 135172 147460 151552
1 7 4101 9728 10241 11264 12289 16396 16408 28672 33152 33536 41472 57344 65584 65632 65728 81936 98432 114688 135172 147460 151552
1 7 4101 9728 10241 11264 12289 16396 16432 20484 28672 32864 32960 33152 49184 57344 66304 74240 98560 106496 131096 147464 147472
1 7 4101 9728 10241 11264 12289 16396 16432 20484 28672 32864 32960 49184 57344 65920 66304 74240 98432 106496 131096 147464 147472
1 7 4101 9728 10241 11264 12289 16396 16432 20484 28672 32864 49184 57344 65728 65920 66304 74240 98368 106496 131096 147464 147472
1 7 4101 9728 10241 11264 12289 16396 16432 20484 28672 32960 33152 33536 41472 57344 65632 81952 98368 114688 131096 147464 147472
1 7 4101 9728 10241 11264 12289 16396 16432 20484 28672 33152 33536 41472 57344 65632 65728 81952 98432 114688 131096 147464 147472
1 7 4101 9728 10241 11264 12289 16396 16432 20484 28672 33536 41472 57344 65632 65728 65920 81952 98560 114688 131096 147464 147472
1 7 4101 9728 10241 11264 12289 16396 20484 28672 32792 32816 32864 49160 57344 65728 65920 66304 74240 98368 172032 204800 229376
1 7 4101 9728 10241 11264 12289 16396 20484 28672 32792 32816 32864 49160 57344 65728 65920 66304 98368 106496 139776 197120 204800
1 7 4101 9728 10241 11264 12289 16396 20484 28672 32792 32816 32864 49160 57344 65728 65920 66304 98368 139776 172032 197120 229376
1 7 4101 9728 10241 11264 12289 16396 20484 28672 32792 32816 32864 49160 57344 65728 65920 74240 98368 106496 131840 196864 197120
1 7 4101 9728 10241 11264 12289 16396 20484 28672 32792 32816 32864 49160 57344 65728 65920 98368 106496 131840 139776 196864 204800
1 7 4101 9728 10241 11264 12289 16396 20484 28672 32792 32816 32864 49160 57344 65728 65920 98368 131840 139776 172032 196864 229376
1 7 4101 9728 10241 11264 12289 16396 20484 28672 32792 32816 32864 49160 57344 65728 66304 74240 98368 106496 131456 196736 196864
1 7 4101 9728 10241 11264 12289 16396 20484 28672 32792 32816 32864 49160 57344 65728 74240 98368 106496 131456 131840 196736 197120
1 7 4101 9728 10241 11264 12289 16396 20484 28672 32792 32816 32864 49160 57344 65728 98368 106496 131456 131840 139776 196736 204800
1 7 4101 9728 10241 11264 12289 16396 20484 28672 32792 32816 32864 49160 57344 65728 98368 131456 131840 139776 172032 196736 229376
1 7 4101 9728 10241 11264 12289 16396 20484 28672 32792 32816 32864 49160 57344 65920 66304 74240 98368 106496 131264 196672 196736
1 7 4101 9728 10241 11264 12289 16396 20484 28672 32792 32816 32864 49160 57344 66304 74240 98368 106496 131264 131456 196672 196864
1 7 4101 9728 10241 11264 12289 16396 20484 28672 32792 32816 32864 49160 57344 74240 98368 106496 131264 131456 131840 196672 197120
1 7 4101 9728 10241 11264 12289 16396 20484 28672 32792 32816 32864 49160 57344 98368 106496 131264 131456 131840 139776 196672 204800
1 7 4101 9728 10241 11264 12289 16396 20484 28672 32792 32816 32864 49160 57344 98368 131264 131456 131840 139776 172032 196672 229376
1 7 4101 9728 10241 11264 12289 16396 20484 28672 32792 32816 32864 57344 81928 98312 114688 131264 131456 131840 139776 163904 172032
1 7 4101 9728 10241 11264 12289 16396 20484 28672 32792 32816 49160 57344 65632 65728 65920 98336 106496 131840 139776 196864 204800
1 7 4101 9728 10241 11264 12289 16396 20484 28672 32792 32816 49160 57344 65632 65728 65920 98336 131840 139776 172032 196864 229376
1 7 4101 9728 10241 11264 12289 16396 20484 28672 32792 32816 49160 57344 65632 65728 98336 106496 131456 131840 139776 196736 204800
1 7 4101 9728 10241 11264 12289 16396 20484 28672 32792 32816 49160 57344 65632 65728 98336 131456 131840 139776 172032 196736 229376
1 7 4101 9728 10241 11264 12289 16396 20484 28672 32792 32816 49160 57344 65632 98336 98368 131264 131456 131840 139776 163904 172032
1 7 4101 9728 10241 11264 12289 16396 20484 28672 32792 32816 49160 57344 65632 98336 106496 131264 131456 131840 139776 196672 204800
1 7 4101 9728 10241 11264 12289 16396 20484 28672 32792 32816 49160 57344 65632 98336 131264 131456 131840 139776 172032 196672 229376
1 7 4101 9728 10241 11264 12289 16396 20484 28672 32792 32864 49160 57344 65584 98320 98336 131264 131456 131840 139776 163904 172032
1 7 4101 9728 10241 11264 12289 16396 20484 28672 32792 49160 57344 65584 65632 65728 98320 106496 131456 131840 139776 196736 204800
1 7 4101 9728 10241 11264 12289 16396 20484 28672 32792 49160 57344 65584 65632 65728 98320 131456 131840 139776 172032 196736 229376
1 7 4101 9728 10241 11264 12289 16396 20484 28672 32792 49160 57344 65584 65632 98320 98368 131264 131456 131840 139776 163904 172032
1 7 4101 9728 10241 11264 12289 16396 20484 28672 32792 49160 57344 65584 65632 98320 106496 131264 131456 131840 139776 196672 204800
1 7 4101 9728 10241 11264 12289 16396 20484 28672 32792 49160 57344 65584 65632 98320 131264 131456 131840 139776 172032 196672 229376
1 7 4101 9728 10241 11264 12289 16396 20484 28672 32816 32864 32960 49168 57344 65920 66304 74240 98432 106496 131096 147464 147472
1 7 4101 9728 10241 11264 12289 16396 20484 28672 32816 32864 32960 57344 65560 81928 98320 114688 131456 131840 139776 163968 172032
1 7 4101 9728 10241 11264 12289 16396 20484 28672 32816 32864 49160 57344 65560 98312 98320 131264 131456 131840 139776 163904 172032
1 7 4101 9728 10241 11264 12289 16396 20484 28672 32816 32864 49168 57344 65728 65920 66304 74240 98368 106496 131096 147464 147472
1 7 4101 9728 10241 11264 12289 16396 20484 28672 32816 32864 57344 65560 81928 98320 114688 131264 131456 131840 139776 163904 172032
1 7 4101 9728 10241 11264 12289 16396 20484 28672 32864 32960 33152 49184 57344 66304 74240 98560 106496 131096 131120 147464 147488
1 7 4101 9728 10241 11264 12289 16396 20484 28672 32864 32960 33152 57344 65560 65584 81928 98336 114688 131840 139776 164096 172032
1 7 4101 9728 10241 11264 12289 16396 20484 28672 32864 32960 49184 57344 65920 66304 74240 98432 106496 131096 131120 147464 147488
1 7 4101 9728 10241 11264 12289 16396 20484 28672 32864 32960 57344 65560 65584 81928 98336 114688 131456 131840 139776 163968 172032
1 7 4101 9728 10241 11264 12289 16396 20484 28672 32864 49160 57344 65560 65584 98312 98336 131264 131456 131840 139776 163904 172032
1 7 4101 9728 10241 11264 12289 16396 20484 28672 32864 49184 57344 65728 65920 66304 74240 98368 106496 131096 131120 147464 147488
1 7 4101 9728 10241 11264 12289 16396 20484 28672 32864 57344 65560 65584 81928 98336 114688 131264 131456 131840 139776 163904 172032
1 7 4101 9728 10241 11264 12289 16396 20484 28672 32960 33152 33536 41472 57344 65560 65584 65632 81928 114688 163904 196672 229376
1 7 4101 9728 10241 11264 12289 16396 20484 28672 32960 33152 33536 41472 57344 65560 65584 65632 98368 114688 147464 196616 212992
1 7 4101 9728 10241 11264 12289 16396 20484 28672 32960 33152 33536 41472 57344 65560 65584 81928 98368 114688 131168 196640 196672
1 7 4101 9728 10241 11264 12289 16396 20484 28672 32960 33152 33536 41472 57344 65560 65584 81928 114688 131168 163904 196640 229376
1 7 4101 9728 10241 11264 12289 16396 20484 28672 32960 33152 33536 41472 57344 65560 65632 81928 98368 114688 131120 196624 196640
1 7 4101 9728 10241 11264 12289 16396 20484 28672 32960 33152 33536 41472 57344 65560 81928 98368 114688 131120 131168 196624 196672
1 7 4101 9728 10241 11264 12289 16396 20484 28672 32960 33152 33536 41472 57344 65560 81928 114688 131120 131168 163904 196624 229376
1 7 4101 9728 10241 11264 12289 16396 20484 28672 32960 33152 33536 41472 57344 65584 65632 81928 98368 114688 131096 196616 196624
1 7 4101 9728 10241 11264 12289 16396 20484 28672 32960 33152 33536 41472 57344 65584 65632 81936 98368 114688 131096 147464 147472
1 7 4101 9728 10241 11264 12289 16396 20484 28672 32960 33152 33536 41472 57344 65584 65632 98368 114688 131096 147464 196624 212992
1 7 4101 9728 10241 11264 12289 16396 20484 28672 32960 33152 33536 41472 57344 65632 81928 98368 114688 131096 131120 196616 196640
1 7 4101 9728 10241 11264 12289 16396 20484 28672 32960 33152 33536 41472 57344 65632 81952 98368 114688 131096 131120 147464 147488
1 7 4101 9728 10241 11264 12289 16396 20484 28672 32960 33152 33536 41472 57344 65632 98368 114688 131096 131120 147464 196640 212992
1 7 4101 9728 10241 11264 12289 16396 20484 28672 32960 33152 33536 41472 57344 81928 98368 114688 131096 131120 131168 196616 196672
1 7 4101 9728 10241 11264 12289 16396 20484 28672 32960 33152 33536 41472 57344 81928 114688 131096 131120 131168 163904 196616 229376
1 7 4101 9728 10241 11264 12289 16396 20484 28672 32960 33152 33536 41472 57344 98368 114688 131096 131120 131168 147464 196672 212992
1 7 4101 9728 10241 11264 12289 16396 20484 28672 32960 33152 33536 41472 57344 114688 131096 131120 131168 147464 163904 212992 229376
1 7 4101 9728 10241 11264 12289 16396 20484 28672 32960 33152 33536 57344 65560 65584 65632 81928 98368 114688 139776 164352 172032
1 7 4101 9728 10241 11264 12289 16396 20484 28672 32960 33152 41472 57344 65560 65584 65632 81928 98368 114688 131840 164096 164352
1 7 4101 9728 10241 11264 12289 16396 20484 28672 32960 33152 57344 65560 65584 65632 81928 98368 114688 131840 139776 164096 172032
1 7 4101 9728 10241 11264 12289 16396 20484 28672 32960 33536 41472 57344 65560 65584 65632 81928 98368 114688 131456 163968 164096
1 7 4101 9728 10241 11264 12289 16396 20484 28672 32960 41472 57344 65560 65584 65632 81928 98368 114688 131456 131840 163968 164352
1 7 4101 9728 10241 11264 12289 16396 20484 28672 32960 57344 65560 65584 65632 81928 98368 114688 131456 131840 139776 163968 172032
1 7 4101 9728 10241 11264 12289 16396 20484 28672 33152 33536 41472 57344 65560 65584 65632 81928 98368 114688 131264 163904 163968
1 7 4101 9728 10241 11264 12289 16396 20484 28672 33152 33536 41472 57344 65560 65584 65632 81928 114688 131264 163968 196672 229376
1 7 4101 9728 10241 11264 12289 16396 20484 28672 33152 33536 41472 57344 65560 65584 81928 114688 131168 131264 163968 196640 229376
1 7 4101 9728 10241 11264 12289 16396 20484 28672 33152 33536 41472 57344 65560 81928 114688 131120 131168 131264 163968 196624 229376
1 7 4101 9728 10241 11264 12289 16396 20484 28672 33152 33536 41472 57344 65584 65632 65728 81936 98432 114688 131096 147464 147472
1 7 4101 9728 10241 11264 12289 16396 20484 28672 33152 33536 41472 57344 65584 65632 65728 98432 114688 131096 147464 196624 212992
1 7 4101 9728 10241 11264 12289 16396 20484 28672 33152 33536 41472 57344 65632 65728 81952 98432 114688 131096 131120 147464 147488
1 7 4101 9728 10241 11264 12289 16396 20484 28672 33152 33536 41472 57344 65632 65728 98432 114688 131096 131120 147464 196640 212992
1 7 4101 9728 10241 11264 12289 16396 20484 28672 33152 33536 41472 57344 65728 98432 114688 131096 131120 131168 147464 196672 212992
1 7 4101 9728 10241 11264 12289 16396 20484 28672 33536 41472 57344 65560 65584 65632 81928 98368 114688 131264 131456 163904 164096
1 7 4101 9728 10241 11264 12289 16396 20484 28672 33536 41472 57344 65560 65584 65632 81928 114688 131264 131456 164096 196672 229376
1 7 4101 9728 10241 11264 12289 16396 20484 28672 33536 41472 57344 65560 65584 81928 114688 131168 131264 131456 164096 196640 229376
1 7 4101 9728 10241 11264 12289 16396 20484 28672 33536 41472 57344 65632 65728 65920 81952 98560 114688 131096 131120 147464 147488
1 7 4101 9728 10241 11264 12289 16396 20484 28672 33536 41472 57344 65632 65728 65920 98560 114688 131096 131120 147464 196640 212992
1 7 4101 9728 10241 11264 12289 16396 20484 28672 33536 41472 57344 65728 65920 98560 114688 131096 131120 131168 147464 196672 212992
1 7 4101 9728 10241 11264 12289 16396 20484 28672 41472 57344 65560 65584 65632 81928 98368 114688 131264 131456 131840 163904 164352
1 7 4101 9728 10241 11264 12289 16396 20484 28672 41472 57344 65560 65584 65632 81928 114688 131264 131456 131840 164352 196672 229376
1 7 4101 9728 10241 11264 12289 16396 20484 28672 41472 57344 65728 65920 66304 98816 114688 131096 131120 131168 147464 196672 212992
1 7 4101 9728 10241 11264 12289 16396 20484 28672 49160 57344 65560 65584 65632 98312 98368 131264 131456 131840 139776 163904 172032
1 7 4101 9728 10241 11264 12289 16396 20484 28672 49160 57344 65560 65584 65632 98312 106496 131264 131456 131840 139776 196672 204800
1 7 4101 9728 10241 11264 12289 16396 20484 28672 49160 57344 65560 65584 65632 98312 131264 131456 131840 139776 172032 196672 229376
1 7 4101 9728 10241 11264 12289 16396 20484 28672 57344 65560 65584 65632 81928 98368 114688 131264 131456 131840 139776 163904 172032
1 7 4101 9728 10241 11264 12289 16396 20484 28672 57344 65560 65584 65632 81928 106496 114688 131264 131456 131840 139776 196672 204800
1 7 4101 9728 10241 11264 12289 16396 20484 28672 57344 65560 65584 65632 81928 114688 131264 131456 131840 139776 172032 196672 229376
1 7 4101 9728 10241 11264 12289 16396 20484 28672 57344 65728 65920 66304 74240 106496 114688 131096 131120 131168 147464 196672 212992
1 7 4101 9728 10241 11264 12289 16396 28672 32792 32816 32864 49160 57344 65728 65920 66304 74240 98368 106496 135172 147460 151552
1 7 4101 9728 10241 11264 12289 16396 28672 32960 33152 33536 41472 57344 65560 65584 65632 81928 98368 114688 135172 147460 151552
1 7 4101 9728 10241 11264 12289 16408 16432 16480 20488 28672 32960 33152 33536 41472 49216 57344 65548 69640 135172 196612 200704
1 7 4101 9728 10241 11264 12289 16408 16432 16480 20488 28672 32960 33152 33536 41472 49216 57344 69636 69640 131084 196612 196616
1 7 4101 9728 10241 11264 12289 16408 16432 16480 20488 28672 32960 33152 33536 41472 49216 57344 69640 131084 135172 196616 200704
1 7 4101 9728 10241 11264 12289 16408 16432 16480 20488 28672 32960 33152 33536 41472 57344 81984 98368 114688 131084 135172 135176
1 7 4101 9728 10241 11264 12289 16408 16432 16480 20488 28672 32960 33152 33536 49216 57344 74240 98816 106496 131084 135172 135176
1 7 4101 9728 10241 11264 12289 16408 16432 16480 20488 28672 32960 33152 41472 49216 57344 66304 98560 98816 131084 135172 135176
1 7 4101 9728 10241 11264 12289 16408 16432 16480 20488 28672 32960 33152 49216 57344 66304 74240 98560 106496 131084 135172 135176
1 7 4101 9728 10241 11264 12289 16408 16432 16480 20488 28672 32960 33536 41472 49216 57344 65920 98432 98560 131084 135172 135176
1 7 4101 9728 10241 11264 12289 16408 16432 16480 20488 28672 32960 41472 49216 57344 65920 66304 98432 98816 131084 135172 135176
1 7 4101 9728 10241 11264 12289 16408 16432 16480 20488 28672 32960 49216 57344 65920 66304 74240 98432 106496 131084 135172 135176
1 7 4101 9728 10241 11264 12289 16408 16432 16480 20488 28672 33152 33536 41472 49216 57344 65728 98368 98432 131084 135172 135176
1 7 4101 9728 10241 11264 12289 16408 16432 16480 20488 28672 33152 33536 41472 57344 65728 81984 98432 114688 131084 135172 135176
1 7 4101 9728 10241 11264 12289 16408 16432 16480 20488 28672 33536 41472 49216 57344 65728 65920 98368 98560 131084 135172 135176
1 7 4101 9728 10241 11264 12289 16408 16432 16480 20488 28672 33536 41472 57344 65728 65920 81984 98560 114688 131084 135172 135176
1 7 4101 9728 10241 11264 12289 16408 16432 16480 20488 28672 41472 49216 57344 65728 65920 66304 98368 98816 131084 135172 135176
1 7 4101 9728 10241 11264 12289 16408 16432 16480 20488 28672 41472 57344 65728 65920 66304 81984 98816 114688 131084 135172 135176
1 7 4101 9728 10241 11264 12289 16408 16432 16480 20488 28672 49216 57344 65728 65920 66304 74240 98368 106496 131084 135172 135176
1 7 4101 9728 10241 11264 12289 16408 16432 16480 20488 28672 57344 65728 65920 66304 74240 81984 106496 114688 131084 135172 135176
1 7 4101 9728 10241 11264 12289 16408 16432 16480 28672 32960 33152 33536 41472 49216 57344 65548 69636 81928 151552 200704 212992
1 7 4101 9728 10241 11264 12289 16408 16432 16480 28672 32960 33152 33536 41472 49216 57344 65548 81928 86016 135172 196612 200704
1 7 4101 9728 10241 11264 12289 16408 16432 16480 28672 32960 33152 33536 41472 49216 57344 65548 81928 135172 151552 196612 212992
1 7 4101 9728 10241 11264 12289 16408 16432 16480 28672 32960 33152 33536 41472 49216 57344 69636 81928 86016 131084 196612 196616
1 7 4101 9728 10241 11264 12289 16408 16432 16480 28672 32960 33152 33536 41472 49216 57344 69640 81928 86016 131084 135172 135176
1 7 4101 9728 10241 11264 12289 16408 16432 16480 28672 32960 33152 33536 41472 49216 57344 81928 86016 131084 135172 196616 200704
1 7 4101 9728 10241 11264 12289 16408 16432 16480 28672 32960 33152 33536 41472 49216 57344 81928 131084 135172 151552 196616 212992
1 7 4101 9728 10241 11264 12289 16408 16432 16480 28672 32960 33152 33536 41472 57344 81984 98368 114688 131084 135172 147464 151552
1 7 4101 9728 10241 11264 12289 16408 16432 16480 28672 32960 33152 33536 49216 57344 74240 98816 106496 131084 135172 147464 151552
1 7 4101 9728 10241 11264 12289 16408 16432 16480 28672 32960 33152 41472 49216 57344 66304 98560 98816 131084 135172 147464 151552
1 7 4101 9728 10241 11264 12289 16408 16432 16480 28672 32960 33152 49216 57344 66304 74240 98560 106496 131084 135172 147464 151552
1 7 4101 9728 10241 11264 12289 16408 16432 16480 28672 32960 33536 41472 49216 57344 65920 98432 98560 131084 135172 147464 151552
1 7 4101 9728 10241 11264 12289 16408 16432 16480 28672 32960 41472 49216 57344 65920 66304 98432 98816 131084 135172 147464 151552
1 7 4101 9728 10241 11264 12289 16408 16432 16480 28672 32960 49216 57344 65920 66304 74240 98432 106496 131084 135172 147464 151552
1 7 4101 9728 10241 11264 12289 16408 16432 16480 28672 33152 33536 41472 49216 57344 65728 98368 98432 131084 135172 147464 151552
1 7 4101 9728 10241 11264 12289 16408 16432 16480 28672 33152 33536 41472 57344 65728 81984 98432 114688 131084 135172 147464 151552
1 7 4101 9728 10241 11264 12289 16408 16432 16480 28672 33536 41472 49216 57344 65728 65920 98368 98560 131084 135172 147464 151552
1 7 4101 9728 10241 11264 12289 16408 16432 16480 28672 33536 41472 57344 65728 65920 81984 98560 114688 131084 135172 147464 151552
1 7 4101 9728 10241 11264 12289 16408 16432 16480 28672 41472 49216 57344 65728 65920 66304 98368 98816 131084 135172 147464 151552
1 7 4101 9728 10241 11264 12289 16408 16432 16480 28672 41472 57344 65728 65920 66304 81984 98816 114688 131084 135172 147464 151552
1 7 4101 9728 10241 11264 12289 16408 16432 16480 28672 49216 57344 65728 65920 66304 74240 98368 106496 131084 135172 147464 151552
1 7 4101 9728 10241 11264 12289 16408 16432 16480 28672 57344 65728 65920 66304 74240 81984 106496 114688 131084 135172 147464 151552
1 7 4101 9728 10241 11264 12289 16408 16432 20484 28672 32864 32960 33152 49184 57344 66304 74240 98560 106496 131084 147460 147464
1 7 4101 9728 10241 11264 12289 16408 16432 20484 28672 32864 32960 49184 57344 65920 66304 74240 98432 106496 131084 147460 147464
1 7 4101 9728 10241 11264 12289 16408 16432 20484 28672 32864 49184 57344 65728 65920 66304 74240 98368 106496 131084 147460 147464
1 7 4101 9728 10241 11264 12289 16408 16432 20484 28672 32960 33152 33536 41472 57344 65632 81952 98368 114688 131084 147460 147464
1 7 4101 9728 10241 11264 12289 16408 16432 20484 28672 33152 33536 41472 57344 65632 65728 81952 98432 114688 131084 147460 147464
1 7 4101 9728 10241 11264 12289 16408 16432 20484 28672 33536 41472 57344 65632 65728 65920 81952 98560 114688 131084 147460 147464
1 7 4101 9728 10241 11264 12289 16408 16432 20488 28672 32864 32960 33152 49184 57344 66304 74240 98560 106496 131084 135172 135176
1 7 4101 9728 10241 11264 12289 16408 16432 20488 28672 32864 32960 49184 57344 65920 66304 74240 98432 106496 131084 135172 135176
1 7 4101 9728 10241 11264 12289 16408 16432 20488 28672 32864 49184 57344 65728 65920 66304 74240 98368 106496 131084 135172 135176
1 7 4101 9728 10241 11264 12289 16408 16432 20488 28672 32960 33152 33536 41472 49216 57344 65632 81952 81984 131084 135172 135176
1 7 4101 9728 10241 11264 12289 16408 16432 20488 28672 32960 33152 33536 41472 57344 65632 81952 98368 114688 131084 135172 135176
1 7 4101 9728 10241 11264 12289 16408 16432 20488 28672 33152 33536 41472 57344 65632 65728 81952 98432 114688 131084 135172 135176
1 7 4101 9728 10241 11264 12289 16408 16432 20488 28672 33536 41472 57344 65632 65728 65920 81952 98560 114688 131084 135172 135176
1 7 4101 9728 10241 11264 12289 16408 16432 28672 32864 32960 33152 49184 57344 66304 74240 98560 106496 131084 135172 147464 151552
1 7 4101 9728 10241 11264 12289 16408 16432 28672 32864 32960 49184 57344 65920 66304 74240 98432 106496 131084 135172 147464 151552
1 7 4101 9728 10241 11264 12289 16408 16432 28672 32864 49184 57344 65728 65920 66304 74240 98368 106496 131084 135172 147464 151552
1 7 4101 9728 10241 11264 12289 16408 16432 28672 32960 33152 33536 41472 49216 57344 65632 81952 81984 131084 135172 147464 151552
1 7 4101 9728 10241 11264 12289 16408 16432 28672 32960 33152 33536 41472 57344 65632 81952 98368 114688 131084 135172 147464 151552
1 7 4101 9728 10241 11264 12289 16408 16432 28672 33152 33536 41472 57344 65632 65728 81952 98432 114688 131084 135172 147464 151552
1 7 4101 9728 10241 11264 12289 16408 16432 28672 33536 41472 57344 65632 65728 65920 81952 98560 114688 131084 135172 147464 151552
1 7 4101 9728 10241 11264 12289 16408 16480 20488 28672 32960 33152 33536 41472 49216 57344 65584 81936 81952 131084 135172 135176
1 7 4101 9728 10241 11264 12289 16408 16480 28672 32960 33152 33536 41472 49216 57344 65584 81936 81952 131084 135172 147464 151552
1 7 4101 9728 10241 11264 12289 16408 20484 28672 32816 32864 32960 49168 57344 65920 66304 74240 98432 106496 131084 147460 147464
1 7 4101 9728 10241 11264 12289 16408 20484 28672 32816 32864 49168 57344 65728 65920 66304 74240 98368 106496 131084 147460 147464
1 7 4101 9728 10241 11264 12289 16408 20484 28672 32960 33152 33536 41472 57344 65584 65632 81936 98368 114688 131084 147460 147464
1 7 4101 9728 10241 11264 12289 16408 20484 28672 33152 33536 41472 57344 65584 65632 65728 81936 98432 114688 131084 147460 147464
1 7 4101 9728 10241 11264 12289 16408 20488 28672 32816 32864 32960 49168 57344 65920 66304 74240 98432 106496 131084 135172 135176
1 7 4101 9728 10241 11264 12289 16408 20488 28672 32816 32864 49168 57344 65728 65920 66304 74240 98368 106496 131084 135172 135176
1 7 4101 9728 10241 11264 12289 16408 20488 28672 32960 33152 33536 41472 49216 57344 65584 65632 81936 81984 131084 135172 135176
1 7 4101 9728 10241 11264 12289 16408 20488 28672 32960 33152 33536 41472 57344 65584 65632 81936 98368 114688 131084 135172 135176
1 7 4101 9728 10241 11264 12289 16408 20488 28672 33152 33536 41472 57344 65584 65632 65728 81936 98432 114688 131084 135172 135176
1 7 4101 9728 10241 11264 12289 16408 28672 32816 32864 32960 49168 57344 65920 66304 74240 98432 106496 131084 135172 147464 151552
1 7 4101 9728 10241 11264 12289 16408 28672 32816 32864 49168 57344 65728 65920 66304 74240 98368 106496 131084 135172 147464 151552
1 7 4101 9728 10241 11264 12289 16408 28672 32960 33152 33536 41472 49216 57344 65584 65632 81936 81984 131084 135172 147464 151552
1 7 4101 9728 10241 11264 12289 16408 28672 32960 33152 33536 41472 57344 65584 65632 81936 98368 114688 131084 135172 147464 151552
1 7 4101 9728 10241 11264 12289 16408 28672 33152 33536 41472 57344 65584 65632 65728 81936 98432 114688 131084 135172 147464 151552
1 7 4101 9728 10241 11264 12289 16432 16480 16576 28672 33152 33536 41472 49280 57344 65548 65560 69636 81936 151552 200704 212992
1 7 4101 9728 10241 11264 12289 16432 16480 16576 28672 33152 33536 41472 49280 57344 65548 65560 81936 86016 135172 196612 200704
1 7 4101 9728 10241 11264 12289 16432 16480 16576 28672 33152 33536 41472 49280 57344 65548 65560 81936 135172 151552 196612 212992
1 7 4101 9728 10241 11264 12289 16432 16480 16576 28672 33152 33536 41472 49280 57344 65548 69636 81936 86016 131096 196616 196624
1 7 4101 9728 10241 11264 12289 16432 16480 16576 28672 33152 33536 41472 49280 57344 65560 69636 81936 86016 131084 196612 196616
1 7 4101 9728 10241 11264 12289 16432 16480 16576 28672 33152 33536 41472 49280 57344 65560 69640 81936 86016 131084 135172 135176
1 7 4101 9728 10241 11264 12289 16432 16480 16576 28672 33152 33536 41472 49280 57344 65560 81936 86016 131084 135172 196616 200704
1 7 4101 9728 10241 11264 12289 16432 16480 16576 28672 33152 33536 41472 49280 57344 65560 81936 131084 135172 151552 196616 212992
1 7 4101 9728 10241 11264 12289 16432 16480 16576 28672 33152 33536 41472 49280 57344 69636 81936 86016 131084 131096 196612 196624
1 7 4101 9728 10241 11264 12289 16432 16480 16576 28672 33152 33536 41472 49280 57344 81936 86016 131084 131096 135172 196624 200704
1 7 4101 9728 10241 11264 12289 16432 16480 16576 28672 33152 33536 41472 49280 57344 81936 131084 131096 135172 151552 196624 212992
1 7 4101 9728 10241 11264 12289 16432 16480 16576 28672 33152 33536 41472 57344 82048 98432 114688 131084 131096 135172 147472 151552
1 7 4101 9728 10241 11264 12289 16432 16480 16576 28672 33152 33536 49280 57344 74240 98816 106496 131084 131096 135172 147472 151552
1 7 4101 9728 10241 11264 12289 16432 16480 16576 28672 33152 41472 49280 57344 66304 98560 98816 131084 131096 135172 147472 151552
1 7 4101 9728 10241 11264 12289 16432 16480 16576 28672 33152 49280 57344 66304 74240 98560 106496 131084 131096 135172 147472 151552
1 7 4101 9728 10241 11264 12289 16432 16480 16576 28672 33536 41472 49280 57344 65920 98432 98560 131084 131096 135172 147472 151552
1 7 4101 9728 10241 11264 12289 16432 16480 16576 28672 33536 41472 57344 65920 82048 98560 114688 131084 131096 135172 147472 151552
1 7 4101 9728 10241 11264 12289 16432 16480 16576 28672 41472 49280 57344 65920 66304 98432 98816 131084 131096 135172 147472 151552
1 7 4101 9728 10241 11264 12289 16432 16480 16576 28672 41472 57344 65920 66304 82048 98816 114688 131084 131096 135172 147472 151552
1 7 4101 9728 10241 11264 12289 16432 16480 16576 28672 49280 57344 65920 66304 74240 98432 106496 131084 131096 135172 147472 151552
1 7 4101 9728 10241 11264 12289 16432 16480 16576 28672 57344 65920 66304 74240 82048 106496 114688 131084 131096 135172 147472 151552
1 7 4101 9728 10241 11264 12289 16432 16480 20488 28672 32960 33152 33536 41472 49216 57344 65560 81928 81936 131084 135172 135176
1 7 4101 9728 10241 11264 12289 16432 16480 28672 32960 33152 33536 41472 49216 57344 65548 65560 69636 81936 151552 200704 212992
1 7 4101 9728 10241 11264 12289 16432 16480 28672 32960 33152 33536 41472 49216 57344 65548 65560 81936 86016 135172 196612 200704
1 7 4101 9728 10241 11264 12289 16432 16480 28672 32960 33152 33536 41472 49216 57344 65548 65560 81936 135172 151552 196612 212992
1 7 4101 9728 10241 11264 12289 16432 16480 28672 32960 33152 33536 41472 49216 57344 65548 69636 81936 86016 131096 196616 196624
1 7 4101 9728 10241 11264 12289 16432 16480 28672 32960 33152 33536 41472 49216 57344 65560 69636 81936 86016 131084 196612 196616
1 7 4101 9728 10241 11264 12289 16432 16480 28672 32960 33152 33536 41472 49216 57344 65560 69640 81936 86016 131084 135172 135176
1 7 4101 9728 10241 11264 12289 16432 16480 28672 32960 33152 33536 41472 49216 57344 65560 81928 81936 131084 135172 147464 151552
1 7 4101 9728 10241 11264 12289 16432 16480 28672 32960 33152 33536 41472 49216 57344 65560 81936 86016 131084 135172 196616 200704
1 7 4101 9728 10241 11264 12289 16432 16480 28672 32960 33152 33536 41472 49216 57344 65560 81936 131084 135172 151552 196616 212992
1 7 4101 9728 10241 11264 12289 16432 16480 28672 32960 33152 33536 41472 49216 57344 69636 81936 86016 131084 131096 196612 196624
1 7 4101 9728 10241 11264 12289 16432 16480 28672 32960 33152 33536 41472 49216 57344 81936 86016 131084 131096 135172 196624 200704
1 7 4101 9728 10241 11264 12289 16432 16480 28672 32960 33152 33536 41472 49216 57344 81936 131084 131096 135172 151552 196624 212992
1 7 4101 9728 10241 11264 12289 16432 16480 28672 32960 33152 33536 41472 57344 81984 98368 114688 131084 131096 135172 147472 151552
1 7 4101 9728 10241 11264 12289 16432 16480 28672 32960 33152 33536 49216 57344 74240 98816 106496 131084 131096 135172 147472 151552
1 7 4101 9728 10241 11264 12289 16432 16480 28672 32960 33152 41472 49216 57344 66304 98560 98816 131084 131096 135172 147472 151552
1 7 4101 9728 10241 11264 12289 16432 16480 28672 32960 33152 49216 57344 66304 74240 98560 106496 131084 131096 135172 147472 151552
1 7 4101 9728 10241 11264 12289 16432 16480 28672 32960 33536 41472 49216 57344 65920 98432 98560 131084 131096 135172 147472 151552
1 7 4101 9728 10241 11264 12289 16432 16480 28672 32960 41472 49216 57344 65920 66304 98432 98816 131084 131096 135172 147472 151552
1 7 4101 9728 10241 11264 12289 16432 16480 28672 32960 49216 57344 65920 66304 74240 98432 106496 131084 131096 135172 147472 151552
1 7 4101 9728 10241 11264 12289 16432 16480 28672 33152 33536 41472 49216 57344 65728 98368 98432 131084 131096 135172 147472 151552
1 7 4101 9728 10241 11264 12289 16432 16480 28672 33152 33536 41472 49280 57344 65728 81984 82048 131084 131096 135172 147472 151552
1 7 4101 9728 10241 11264 12289 16432 16480 28672 33152 33536 41472 57344 65728 81984 98432 114688 131084 131096 135172 147472 151552
1 7 4101 9728 10241 11264 12289 16432 16480 28672 33536 41472 49216 57344 65728 65920 98368 98560 131084 131096 135172 147472 151552
1 7 4101 9728 10241 11264 12289 16432 16480 28672 33536 41472 57344 65728 65920 81984 98560 114688 131084 131096 135172 147472 151552
1 7 4101 9728 10241 11264 12289 16432 16480 28672 41472 49216 57344 65728 65920 66304 98368 98816 131084 131096 135172 147472 151552
1 7 4101 9728 10241 11264 12289 16432 16480 28672 41472 57344 65728 65920 66304 81984 98816 114688 131084 131096 135172 147472 151552
1 7 4101 9728 10241 11264 12289 16432 16480 28672 49216 57344 65728 65920 66304 74240 98368 106496 131084 131096 135172 147472 151552
1 7 4101 9728 10241 11264 12289 16432 16480 28672 57344 65728 65920 66304 74240 81984 106496 114688 131084 131096 135172 147472 151552
1 7 4101 9728 10241 11264 12289 16432 16576 28672 33152 33536 41472 49280 57344 65632 81952 81984 131084 131096 135172 147472 151552
1 7 4101 9728 10241 11264 12289 16432 20484 28672 32864 32960 33152 49184 57344 66304 74240 98560 106496 131084 131096 147460 147472
1 7 4101 9728 10241 11264 12289 16432 20484 28672 32864 32960 49184 57344 65920 66304 74240 98432 106496 131084 131096 147460 147472
1 7 4101 9728 10241 11264 12289 16432 20484 28672 32864 49184 57344 65728 65920 66304 74240 98368 106496 131084 131096 147460 147472
1 7 4101 9728 10241 11264 12289 16432 20484 28672 32960 33152 33536 41472 57344 65632 81952 98368 114688 131084 131096 147460 147472
1 7 4101 9728 10241 11264 12289 16432 20484 28672 33152 33536 41472 57344 65632 65728 81952 98432 114688 131084 131096 147460 147472
1 7 4101 9728 10241 11264 12289 16432 20484 28672 33536 41472 57344 65632 65728 65920 81952 98560 114688 131084 131096 147460 147472
1 7 4101 9728 10241 11264 12289 16432 28672 32864 32960 33152 49184 57344 66304 74240 98560 106496 131084 131096 135172 147472 151552
1 7 4101 9728 10241 11264 12289 16432 28672 32864 32960 49184 57344 65920 66304 74240 98432 106496 131084 131096 135172 147472 151552
1 7 4101 9728 10241 11264 12289 16432 28672 32864 49184 57344 65728 65920 66304 74240 98368 106496 131084 131096 135172 147472 151552
1 7 4101 9728 10241 11264 12289 16432 28672 32960 33152 33536 41472 49216 57344 65632 81952 81984 131084 131096 135172 147472 151552
1 7 4101 9728 10241 11264 12289 16432 28672 32960 33152 33536 41472 57344 65632 81952 98368 114688 131084 131096 135172 147472 151552
1 7 4101 9728 10241 11264 12289 16432 28672 33152 33536 41472 49280 57344 65632 65728 81952 82048 131084 131096 135172 147472 151552
1 7 4101 9728 10241 11264 12289 16432 28672 33152 33536 41472 57344 65632 65728 81952 98432 114688 131084 131096 135172 147472 151552
1 7 4101 9728 10241 11264 12289 16432 28672 33536 41472 57344 65632 65728 65920 81952 98560 114688 131084 131096 135172 147472 151552
1 7 4101 9728 10241 11264 12289 16480 16576 16768 28672 33536 41472 49408 57344 65548 65560 65584 69636 81952 151552 200704 212992
1 7 4101 9728 10241 11264 12289 16480 16576 16768 28672 33536 41472 49408 57344 65548 65560 65584 81952 86016 135172 196612 200704
1 7 4101 9728 10241 11264 12289 16480 16576 16768 28672 33536 41472 49408 57344 65548 65560 65584 81952 135172 151552 196612 212992
1 7 4101 9728 10241 11264 12289 16480 16576 16768 28672 33536 41472 49408 57344 65548 65560 69636 81952 86016 131120 196624 196640
1 7 4101 9728 10241 11264 12289 16480 16576 16768 28672 33536 41472 49408 57344 65548 65584 69636 81952 86016 131096 196616 196624
1 7 4101 9728 10241 11264 12289 16480 16576 16768 28672 33536 41472 49408 57344 65548 69636 81952 86016 131096 131120 196616 196640
1 7 4101 9728 10241 11264 12289 16480 16576 16768 28672 33536 41472 49408 57344 65560 65584 69636 81952 86016 131084 196612 196616
1 7 4101 9728 10241 11264 12289 16480 16576 16768 28672 33536 41472 49408 57344 65560 65584 69640 81952 86016 131084 135172 135176
1 7 4101 9728 10241 11264 12289 16480 16576 16768 28672 33536 41472 49408 57344 65560 65584 81952 86016 131084 135172 196616 200704
1 7 4101 9728 10241 11264 12289 16480 16576 16768 28672 33536 41472 49408 57344 65560 65584 81952 131084 135172 151552 196616 212992
1 7 4101 9728 10241 11264 12289 16480 16576 16768 28672 33536 41472 49408 57344 65584 69636 81952 86016 131084 131096 196612 196624
1 7 4101 9728 10241 11264 12289 16480 16576 16768 28672 33536 41472 49408 57344 65584 81952 86016 131084 131096 135172 196624 200704
1 7 4101 9728 10241 11264 12289 16480 16576 16768 28672 33536 41472 49408 57344 65584 81952 131084 131096 135172 151552 196624 212992
1 7 4101 9728 10241 11264 12289 16480 16576 16768 28672 33536 41472 49408 57344 69636 81952 86016 131084 131096 131120 196612 196640
1 7 4101 9728 10241 11264 12289 16480 16576 16768 28672 33536 41472 49408 57344 81952 86016 131084 131096 131120 135172 196640 200704
1 7 4101 9728 10241 11264 12289 16480 16576 16768 28672 33536 41472 49408 57344 81952 131084 131096 131120 135172 151552 196640 212992
1 7 4101 9728 10241 11264 12289 16480 16576 16768 28672 33536 41472 57344 82176 98560 114688 131084 131096 131120 135172 147488 151552
1 7 4101 9728 10241 11264 12289 16480 16576 16768 28672 33536 49408 57344 74240 98816 106496 131084 131096 131120 135172 147488 151552
1 7 4101 9728 10241 11264 12289 16480 16576 16768 28672 41472 49408 57344 66304 98560 98816 131084 131096 131120 135172 147488 151552
1 7 4101 9728 10241 11264 12289 16480 16576 16768 28672 41472 57344 66304 82176 98816 114688 131084 131096 131120 135172 147488 151552
1 7 4101 9728 10241 11264 12289 16480 16576 16768 28672 49408 57344 66304 74240 98560 106496 131084 131096 131120 135172 147488 151552
1 7 4101 9728 10241 11264 12289 16480 16576 16768 28672 57344 66304 74240 82176 106496 114688 131084 131096 131120 135172 147488 151552
1 7 4101 9728 10241 11264 12289 16480 16576 28672 33152 33536 41472 49280 57344 65548 65560 65584 69636 81952 151552 200704 212992
1 7 4101 9728 10241 11264 12289 16480 16576 28672 33152 33536 41472 49280 57344 65548 65560 65584 81952 86016 135172 196612 200704
1 7 4101 9728 10241 11264 12289 16480 16576 28672 33152 33536 41472 49280 57344 65548 65560 65584 81952 135172 151552 196612 212992
1 7 4101 9728 10241 11264 12289 16480 16576 28672 33152 33536 41472 49280 57344 65548 65560 69636 81952 86016 131120 196624 196640
1 7 4101 9728 10241 11264 12289 16480 16576 28672 33152 33536 41472 49280 57344 65548 65584 69636 81952 86016 131096 196616 196624
1 7 4101 9728 10241 11264 12289 16480 16576 28672 33152 33536 41472 49280 57344 65548 69636 81952 86016 131096 131120 196616 196640
1 7 4101 9728 10241 11264 12289 16480 16576 28672 33152 33536 41472 49280 57344 65560 65584 69636 81952 86016 131084 196612 196616
1 7 4101 9728 10241 11264 12289 16480 16576 28672 33152 33536 41472 49280 57344 65560 65584 69640 81952 86016 131084 135172 135176
1 7 4101 9728 10241 11264 12289 16480 16576 28672 33152 33536 41472 49280 57344 65560 65584 81952 86016 131084 135172 196616 200704
1 7 4101 9728 10241 11264 12289 16480 16576 28672 33152 33536 41472 49280 57344 65560 65584 81952 131084 135172 151552 196616 212992
1 7 4101 9728 10241 11264 12289 16480 16576 28672 33152 33536 41472 49280 57344 65584 69636 81952 86016 131084 131096 196612 196624
1 7 4101 9728 10241 11264 12289 16480 16576 28672 33152 33536 41472 49280 57344 65584 81936 81952 131084 131096 135172 147472 151552
1 7 4101 9728 10241 11264 12289 16480 16576 28672 33152 33536 41472 49280 57344 65584 81952 86016 131084 131096 135172 196624 200704
1 7 4101 9728 10241 11264 12289 16480 16576 28672 33152 33536 41472 49280 57344 65584 81952 131084 131096 135172 151552 196624 212992
1 7 4101 9728 10241 11264 12289 16480 16576 28672 33152 33536 41472 49280 57344 69636 81952 86016 131084 131096 131120 196612 196640
1 7 4101 9728 10241 11264 12289 16480 16576 28672 33152 33536 41472 49280 57344 81952 86016 131084 131096 131120 135172 196640 200704
1 7 4101 9728 10241 11264 12289 16480 16576 28672 33152 33536 41472 49280 57344 81952 131084 131096 131120 135172 151552 196640 212992
1 7 4101 9728 10241 11264 12289 16480 16576 28672 33152 33536 41472 57344 82048 98432 114688 131084 131096 131120 135172 147488 151552
1 7 4101 9728 10241 11264 12289 16480 16576 28672 33152 33536 49280 57344 74240 98816 106496 131084 131096 131120 135172 147488 151552
1 7 4101 9728 10241 11264 12289 16480 16576 28672 33152 41472 49280 57344 66304 98560 98816 131084 131096 131120 135172 147488 151552
1 7 4101 9728 10241 11264 12289 16480 16576 28672 33152 49280 57344 66304 74240 98560 106496 131084 131096 131120 135172 147488 151552
1 7 4101 9728 10241 11264 12289 16480 16576 28672 33536 41472 49280 57344 65920 98432 98560 131084 131096 131120 135172 147488 151552
1 7 4101 9728 10241 11264 12289 16480 16576 28672 33536 41472 49408 57344 65920 82048 82176 131084 131096 131120 135172 147488 151552
1 7 4101 9728 10241 11264 12289 16480 16576 28672 33536 41472 57344 65920 82048 98560 114688 131084 131096 131120 135172 147488 151552
1 7 4101 9728 10241 11264 12289 16480 16576 28672 41472 49280 57344 65920 66304 98432 98816 131084 131096 131120 135172 147488 151552
1 7 4101 9728 10241 11264 12289 16480 16576 28672 41472 57344 65920 66304 82048 98816 114688 131084 131096 131120 135172 147488 151552
1 7 4101 9728 10241 11264 12289 16480 16576 28672 49280 57344 65920 66304 74240 98432 106496 131084 131096 131120 135172 147488 151552
1 7 4101 9728 10241 11264 12289 16480 16576 28672 57344 65920 66304 74240 82048 106496 114688 131084 131096 131120 135172 147488 151552
1 7 4101 9728 10241 11264 12289 16480 16768 28672 33536 41472 49408 57344 65728 81984 82048 131084 131096 131120 135172 147488 151552
1 7 4101 9728 10241 11264 12289 16480 20488 28672 32960 33152 33536 41472 49216 57344 65560 65584 81928 81952 131084 135172 135176
1 7 4101 9728 10241 11264 12289 16480 28672 32960 33152 33536 41472 49216 57344 65548 65560 65584 69636 81952 151552 200704 212992
1 7 4101 9728 10241 11264 12289 16480 28672 32960 33152 33536 41472 49216 57344 65548 65560 65584 81952 86016 135172 196612 200704
1 7 4101 9728 10241 11264 12289 16480 28672 32960 33152 33536 41472 49216 57344 65548 65560 65584 81952 135172 151552 196612 212992
1 7 4101 9728 10241 11264 12289 16480 28672 32960 33152 33536 41472 49216 57344 65548 65560 69636 81952 86016 131120 196624 196640
1 7 4101 9728 10241 11264 12289 16480 28672 32960 33152 33536 41472 49216 57344 65548 65584 69636 81952 86016 131096 196616 196624
1 7 4101 9728 10241 11264 12289 16480 28672 32960 33152 33536 41472 49216 57344 65548 69636 81952 86016 131096 131120 196616 196640
1 7 4101 9728 10241 11264 12289 16480 28672 32960 33152 33536 41472 49216 57344 65560 65584 69636 81952 86016 131084 196612 196616
1 7 4101 9728 10241 11264 12289 16480 28672 32960 33152 33536 41472 49216 57344 65560 65584 69640 81952 86016 131084 135172 135176
1 7 4101 9728 10241 11264 12289 16480 28672 32960 33152 33536 41472 49216 57344 65560 65584 81928 81952 131084 135172 147464 151552
1 7 4101 9728 10241 11264 12289 16480 28672 32960 33152 33536 41472 49216 57344 65560 65584 81952 86016 131084 135172 196616 200704
1 7 4101 9728 10241 11264 12289 16480 28672 32960 33152 33536 41472 49216 57344 65560 65584 81952 131084 135172 151552 196616 212992
1 7 4101 9728 10241 11264 12289 16480 28672 32960 33152 33536 41472 49216 57344 65584 69636 81952 86016 131084 131096 196612 196624
1 7 4101 9728 10241 11264 12289 16480 28672 32960 33152 33536 41472 49216 57344 65584 81936 81952 131084 131096 135172 147472 151552
1 7 4101 9728 10241 11264 12289 16480 28672 32960 33152 33536 41472 49216 57344 65584 81952 86016 131084 131096 135172 196624 200704
1 7 4101 9728 10241 11264 12289 16480 28672 32960 33152 33536 41472 49216 57344 65584 81952 131084 131096 135172 151552 196624 212992
1 7 4101 9728 10241 11264 12289 16480 28672 32960 33152 33536 41472 49216 57344 69636 81952 86016 131084 131096 131120 196612 196640
1 7 4101 9728 10241 11264 12289 16480 28672 32960 33152 33536 41472 49216 57344 81952 86016 131084 131096 131120 135172 196640 200704
1 7 4101 9728 10241 11264 12289 16480 28672 32960 33152 33536 41472 49216 57344 81952 131084 131096 131120 135172 151552 196640 212992
1 7 4101 9728 10241 11264 12289 16480 28672 32960 33152 33536 41472 57344 81984 98368 114688 131084 131096 131120 135172 147488 151552
1 7 4101 9728 10241 11264 12289 16480 28672 32960 33152 33536 49216 57344 74240 98816 106496 131084 131096 131120 135172 147488 151552
1 7 4101 9728 10241 11264 12289 16480 28672 32960 33152 41472 49216 57344 66304 98560 98816 131084 131096 131120 135172 147488 151552
1 7 4101 9728 10241 11264 12289 16480 28672 32960 33152 49216 57344 66304 74240 98560 106496 131084 131096 131120 135172 147488 151552
1 7 4101 9728 10241 11264 12289 16480 28672 32960 33536 41472 49216 57344 65920 98432 98560 131084 131096 131120 135172 147488 151552
1 7 4101 9728 10241 11264 12289 16480 28672 32960 41472 49216 57344 65920 66304 98432 98816 131084 131096 131120 135172 147488 151552
1 7 4101 9728 10241 11264 12289 16480 28672 32960 49216 57344 65920 66304 74240 98432 106496 131084 131096 131120 135172 147488 151552
1 7 4101 9728 10241 11264 12289 16480 28672 33152 33536 41472 49216 57344 65728 98368 98432 131084 131096 131120 135172 147488 151552
1 7 4101 9728 10241 11264 12289 16480 28672 33152 33536 41472 49280 57344 65728 81984 82048 131084 131096 131120 135172 147488 151552
1 7 4101 9728 10241 11264 12289 16480 28672 33152 33536 41472 57344 65728 81984 98432 114688 131084 131096 131120 135172 147488 151552
1 7 4101 9728 10241 11264 12289 16480 28672 33536 41472 49216 57344 65728 65920 98368 98560 131084 131096 131120 135172 147488 151552
1 7 4101 9728 10241 11264 12289 16480 28672 33536 41472 49408 57344 65728 65920 81984 82176 131084 131096 131120 135172 147488 151552
1 7 4101 9728 10241 11264 12289 16480 28672 33536 41472 57344 65728 65920 81984 98560 114688 131084 131096 131120 135172 147488 151552
1 7 4101 9728 10241 11264 12289 16480 28672 41472 49216 57344 65728 65920 66304 98368 98816 131084 131096 131120 135172 147488 151552
1 7 4101 9728 10241 11264 12289 16480 28672 41472 57344 65728 65920 66304 81984 98816 114688 131084 131096 131120 135172 147488 151552
1 7 4101 9728 10241 11264 12289 16480 28672 49216 57344 65728 65920 66304 74240 98368 106496 131084 131096 131120 135172 147488 151552
1 7 4101 9728 10241 11264 12289 16480 28672 57344 65728 65920 66304 74240 81984 106496 114688 131084 131096 131120 135172 147488 151552
1 7 4101 9728 10241 11264 12289 16576 16768 17152 25088 28672 32792 32816 32864 36872 49216 53248 65548 69640 135172 196612 200704
1 7 4101 9728 10241 11264 12289 16576 16768 17152 25088 28672 32792 32816 32864 36872 49216 53248 69636 69640 131084 196612 196616
1 7 4101 9728 10241 11264 12289 16576 16768 17152 25088 28672 32792 32816 32864 36872 49216 53248 69640 131084 135172 196616 200704
1 7 4101 9728 10241 11264 12289 16576 16768 17152 25088 28672 32792 32816 32864 36872 49216 86016 102400 114688 131084 135172 135176
1 7 4101 9728 10241 11264 12289 16576 16768 17152 25088 28672 32792 32816 32864 49216 53248 65548 69636 102400 163848 196616 229376
1 7 4101 9728 10241 11264 12289 16576 16768 17152 25088 28672 32792 32816 32864 49216 53248 65548 98312 102400 135172 196612 200704
1 7 4101 9728 10241 11264 12289 16576 16768 17152 25088 28672 32792 32816 32864 49216 53248 69636 98312 102400 131084 196612 196616
1 7 4101 9728 10241 11264 12289 16576 16768 17152 25088 28672 32792 32816 32864 49216 53248 69636 102400 131084 163848 196612 229376
1 7 4101 9728 10241 11264 12289 16576 16768 17152 25088 28672 32792 32816 32864 49216 53248 69640 98312 102400 131084 135172 135176
1 7 4101 9728 10241 11264 12289 16576 16768 17152 25088 28672 32792 32816 32864 49216 53248 98312 102400 131084 135172 196616 200704
1 7 4101 9728 10241 11264 12289 16576 16768 17152 25088 28672 32792 32816 32864 49216 53248 102400 131084 135172 163848 200704 229376
1 7 4101 9728 10241 11264 12289 16576 16768 17152 25088 28672 32792 32816 32864 49216 65548 69636 86016 114688 163848 196616 229376
1 7 4101 9728 10241 11264 12289 16576 16768 17152 25088 28672 32792 32816 32864 49216 65548 69636 98312 114688 151552 200704 212992
1 7 4101 9728 10241 11264 12289 16576 16768 17152 25088 28672 32792 32816 32864 49216 65548 86016 98312 114688 135172 196612 200704
1 7 4101 9728 10241 11264 12289 16576 16768 17152 25088 28672 32792 32816 32864 49216 65548 98312 114688 135172 151552 196612 212992
1 7 4101 9728 10241 11264 12289 16576 16768 17152 25088 28672 32792 32816 32864 49216 69636 86016 98312 114688 131084 196612 196616
1 7 4101 9728 10241 11264 12289 16576 16768 17152 25088 28672 32792 32816 32864 49216 69636 86016 114688 131084 163848 196612 229376
1 7 4101 9728 10241 11264 12289 16576 16768 17152 25088 28672 32792 32816 32864 49216 69640 86016 98312 114688 131084 135172 135176
1 7 4101 9728 10241 11264 12289 16576 16768 17152 25088 28672 32792 32816 32864 49216 86016 98312 114688 131084 135172 196616 200704
1 7 4101 9728 10241 11264 12289 16576 16768 17152 25088 28672 32792 32816 32864 49216 86016 102400 114688 131084 135172 163848 167936
1 7 4101 9728 10241 11264 12289 16576 16768 17152 25088 28672 32792 32816 32864 49216 86016 114688 131084 135172 163848 200704 229376
1 7 4101 9728 10241 11264 12289 16576 16768 17152 25088 28672 32792 32816 32864 49216 98312 114688 131084 135172 151552 196616 212992
1 7 4101 9728 10241 11264 12289 16576 16768 17152 25088 28672 32792 32816 32864 49216 114688 131084 135172 151552 163848 212992 229376
1 7 4101 9728 10241 11264 12289 16576 16768 17152 25088 28672 32792 32816 36872 49216 53248 65548 69636 69640 131168 163872 163904
1 7 4101 9728 10241 11264 12289 16576 16768 17152 25088 28672 32792 32816 49216 53248 65548 69636 98312 102400 131168 163872 163904
1 7 4101 9728 10241 11264 12289 16576 16768 17152 25088 28672 32792 32816 49216 65548 69636 86016 98312 114688 131168 163872 163904
1 7 4101 9728 10241 11264 12289 16576 16768 17152 25088 28672 32792 32864 36872 49216 53248 65548 69636 69640 131120 163856 163872
1 7 4101 9728 10241 11264 12289 16576 16768 17152 25088 28672 32792 32864 49216 53248 65548 69636 98312 102400 131120 163856 163872
1 7 4101 9728 10241 11264 12289 16576 16768 17152 25088 28672 32792 32864 49216 65548 69636 86016 98312 114688 131120 163856 163872
1 7 4101 9728 10241 11264 12289 16576 16768 17152 25088 28672 32792 36872 49216 53248 65548 69636 69640 131120 131168 163856 163904
1 7 4101 9728 10241 11264 12289 16576 16768 17152 25088 28672 32792 49216 53248 65548 69636 98312 102400 131120 131168 163856 163904
1 7 4101 9728 10241 11264 12289 16576 16768 17152 25088 28672 32792 49216 65548 69636 86016 98312 114688 131120 131168 163856 163904
1 7 4101 9728 10241 11264 12289 16576 16768 17152 25088 28672 32816 32864 36872 49216 53248 65548 69636 69640 131096 163848 163856
1 7 4101 9728 10241 11264 12289 16576 16768 17152 25088 28672 32816 32864 49216 53248 65548 65560 69636 102400 163856 196624 229376
1 7 4101 9728 10241 11264 12289 16576 16768 17152 25088 28672 32816 32864 49216 53248 65548 65560 98320 102400 135172 196612 200704
1 7 4101 9728 10241 11264 12289 16576 16768 17152 25088 28672 32816 32864 49216 53248 65548 69636 98312 102400 131096 163848 163856
1 7 4101 9728 10241 11264 12289 16576 16768 17152 25088 28672 32816 32864 49216 53248 65548 69636 98320 102400 131096 196616 196624
1 7 4101 9728 10241 11264 12289 16576 16768 17152 25088 28672 32816 32864 49216 53248 65548 69636 102400 131096 163856 196616 229376
1 7 4101 9728 10241 11264 12289 16576 16768 17152 25088 28672 32816 32864 49216 53248 65560 69636 98320 102400 131084 196612 196616
1 7 4101 9728 10241 11264 12289 16576 16768 17152 25088 28672 32816 32864 49216 53248 65560 69640 98320 102400 131084 135172 135176
1 7 4101 9728 10241 11264 12289 16576 16768 17152 25088 28672 32816 32864 49216 53248 65560 98320 102400 131084 135172 196616 200704
1 7 4101 9728 10241 11264 12289 16576 16768 17152 25088 28672 32816 32864 49216 53248 69636 98320 102400 131084 131096 196612 196624
1 7 4101 9728 10241 11264 12289 16576 16768 17152 25088 28672 32816 32864 49216 53248 69636 102400 131084 131096 163856 196612 229376
1 7 4101 9728 10241 11264 12289 16576 16768 17152 25088 28672 32816 32864 49216 53248 98320 102400 131084 131096 135172 196624 200704
1 7 4101 9728 10241 11264 12289 16576 16768 17152 25088 28672 32816 32864 49216 53248 102400 131084 131096 135172 163856 200704 229376
1 7 4101 9728 10241 11264 12289 16576 16768 17152 25088 28672 32816 32864 49216 65548 65560 69636 86016 114688 163856 196624 229376
1 7 4101 9728 10241 11264 12289 16576 16768 17152 25088 28672 32816 32864 49216 65548 65560 69636 98320 114688 151552 200704 212992
1 7 4101 9728 10241 11264 12289 16576 16768 17152 25088 28672 32816 32864 49216 65548 65560 86016 98320 114688 135172 196612 200704
1 7 4101 9728 10241 11264 12289 16576 16768 17152 25088 28672 32816 32864 49216 65548 65560 98320 114688 135172 151552 196612 212992
1 7 4101 9728 10241 11264 12289 16576 16768 17152 25088 28672 32816 32864 49216 65548 69636 86016 98312 114688 131096 163848 163856
1 7 4101 9728 10241 11264 12289 16576 16768 17152 25088 28672 32816 32864 49216 65548 69636 86016 98320 114688 131096 196616 196624
1 7 4101 9728 10241 11264 12289 16576 16768 17152 25088 28672 32816 32864 49216 65548 69636 86016 114688 131096 163856 196616 229376
1 7 4101 9728 10241 11264 12289 16576 16768 17152 25088 28672 32816 32864 49216 65560 69636 86016 98320 114688 131084 196612 196616
1 7 4101 9728 10241 11264 12289 16576 16768 17152 25088 28672 32816 32864 49216 65560 69640 86016 98320 114688 131084 135172 135176
1 7 4101 9728 10241 11264 12289 16576 16768 17152 25088 28672 32816 32864 49216 65560 86016 98320 114688 131084 135172 196616 200704
1 7 4101 9728 10241 11264 12289 16576 16768 17152 25088 28672 32816 32864 49216 65560 98320 114688 131084 135172 151552 196616 212992
1 7 4101 9728 10241 11264 12289 16576 16768 17152 25088 28672 32816 32864 49216 69636 86016 98320 114688 131084 131096 196612 196624
1 7 4101 9728 10241 11264 12289 16576 16768 17152 25088 28672 32816 32864 49216 69636 86016 114688 131084 131096 163856 196612 229376
1 7 4101 9728 10241 11264 12289 16576 16768 17152 25088 28672 32816 32864 49216 86016 98320 114688 131084 131096 135172 196624 200704
1 7 4101 9728 10241 11264 12289 16576 16768 17152 25088 28672 32816 32864 49216 86016 102400 114688 131084 131096 135172 163856 167936
1 7 4101 9728 10241 11264 12289 16576 16768 17152 25088 28672 32816 32864 49216 86016 114688 131084 131096 135172 163856 200704 229376
1 7 4101 9728 10241 11264 12289 16576 16768 17152 25088 28672 32816 32864 49216 98320 114688 131084 131096 135172 151552 196624 212992
1 7 4101 9728 10241 11264 12289 16576 16768 17152 25088 28672 32816 32864 49216 114688 131084 131096 135172 151552 163856 212992 229376
1 7 4101 9728 10241 11264 12289 16576 16768 17152 25088 28672 32816 49216 53248 65548 65560 69636 98320 102400 131168 163872 163904
1 7 4101 9728 10241 11264 12289 16576 16768 17152 25088 28672 32816 49216 65548 65560 69636 86016 98320 114688 131168 163872 163904
1 7 4101 9728 10241 11264 12289 16576 16768 17152 25088 28672 32864 36872 49216 53248 65548 69636 69640 131096 131120 163848 163872
1 7 4101 9728 10241 11264 12289 16576 16768 17152 25088 28672 32864 49216 53248 65548 65560 65584 69636 102400 163872 196640 229376
1 7 4101 9728 10241 11264 12289 16576 16768 17152 25088 28672 32864 49216 53248 65548 65560 65584 98336 102400 135172 196612 200704
1 7 4101 9728 10241 11264 12289 16576 16768 17152 25088 28672 32864 49216 53248 65548 65560 69636 98320 102400 131120 163856 163872
1 7 4101 9728 10241 11264 12289 16576 16768 17152 25088 28672 32864 49216 53248 65548 65560 69636 98336 102400 131120 196624 196640
1 7 4101 9728 10241 11264 12289 16576 16768 17152 25088 28672 32864 49216 53248 65548 65560 69636 102400 131120 163872 196624 229376
1 7 4101 9728 10241 11264 12289 16576 16768 17152 25088 28672 32864 49216 53248 65548 65584 69636 98336 102400 131096 196616 196624
1 7 4101 9728 10241 11264 12289 16576 16768 17152 25088 28672 32864 49216 53248 65548 69636 98312 102400 131096 131120 163848 163872
1 7 4101 9728 10241 11264 12289 16576 16768 17152 25088 28672 32864 49216 53248 65548 69636 98336 102400 131096 131120 196616 196640
1 7 4101 9728 10241 11264 12289 16576 16768 17152 25088 28672 32864 49216 53248 65548 69636 102400 131096 131120 163872 196616 229376
1 7 4101 9728 10241 11264 12289 16576 16768 17152 25088 28672 32864 49216 53248 65560 65584 69636 98336 102400 131084 196612 196616
1 7 4101 9728 10241 11264 12289 16576 16768 17152 25088 28672 32864 49216 53248 65560 65584 69640 98336 102400 131084 135172 135176
1 7 4101 9728 10241 11264 12289 16576 16768 17152 25088 28672 32864 49216 53248 65560 65584 98336 102400 131084 135172 196616 200704
1 7 4101 9728 10241 11264 12289 16576 16768 17152 25088 28672 32864 49216 53248 65584 69636 98336 102400 131084 131096 196612 196624
1 7 4101 9728 10241 11264 12289 16576 16768 17152 25088 28672 32864 49216 53248 65584 98336 102400 131084 131096 135172 196624 200704
1 7 4101 9728 10241 11264 12289 16576 16768 17152 25088 28672 32864 49216 53248 69636 98336 102400 131084 131096 131120 196612 196640
1 7 4101 9728 10241 11264 12289 16576 16768 17152 25088 28672 32864 49216 53248 69636 102400 131084 131096 131120 163872 196612 229376
1 7 4101 9728 10241 11264 12289 16576 16768 17152 25088 28672 32864 49216 53248 98336 102400 131084 131096 131120 135172 196640 200704
1 7 4101 9728 10241 11264 12289 16576 16768 17152 25088 28672 32864 49216 53248 102400 131084 131096 131120 135172 163872 200704 229376
1 7 4101 9728 10241 11264 12289 16576 16768 17152 25088 28672 32864 49216 65548 65560 65584 69636 98336 114688 151552 200704 212992
1 7 4101 9728 10241 11264 12289 16576 16768 17152 25088 28672 32864 49216 65548 65560 65584 86016 98336 114688 135172 196612 200704
1 7 4101 9728 10241 11264 12289 16576 16768 17152 25088 28672 32864 49216 65548 65560 65584 98336 114688 135172 151552 196612 212992
1 7 4101 9728 10241 11264 12289 16576 16768 17152 25088 28672 32864 49216 65548 65560 69636 86016 98320 114688 131120 163856 163872
1 7 4101 9728 10241 11264 12289 16576 16768 17152 25088 28672 32864 49216 65548 65560 69636 86016 98336 114688 131120 196624 196640
1 7 4101 9728 10241 11264 12289 16576 16768 17152 25088 28672 32864 49216 65548 65560 69636 86016 114688 131120 163872 196624 229376
1 7 4101 9728 10241 11264 12289 16576 16768 17152 25088 28672 32864 49216 65548 65584 69636 86016 98336 114688 131096 196616 196624
1 7 4101 9728 10241 11264 12289 16576 16768 17152 25088 28672 32864 49216 65548 69636 86016 98312 114688 131096 131120 163848 163872
1 7 4101 9728 10241 11264 12289 16576 16768 17152 25088 28672 32864 49216 65548 69636 86016 98336 114688 131096 131120 196616 196640
1 7 4101 9728 10241 11264 12289 16576 16768 17152 25088 28672 32864 49216 65548 69636 86016 114688 131096 131120 163872 196616 229376
1 7 4101 9728 10241 11264 12289 16576 16768 17152 25088 28672 32864 49216 65560 65584 69636 86016 98336 114688 131084 196612 196616
1 7 4101 9728 10241 11264 12289 16576 16768 17152 25088 28672 32864 49216 65560 65584 69640 86016 98336 114688 131084 135172 135176
1 7 4101 9728 10241 11264 12289 16576 16768 17152 25088 28672 32864 49216 65560 65584 86016 98336 114688 131084 135172 196616 200704
1 7 4101 9728 10241 11264 12289 16576 16768 17152 25088 28672 32864 49216 65560 65584 98336 114688 131084 135172 151552 196616 212992
1 7 4101 9728 10241 11264 12289 16576 16768 17152 25088 28672 32864 49216 65584 69636 86016 98336 114688 131084 131096 196612 196624
1 7 4101 9728 10241 11264 12289 16576 16768 17152 25088 28672 32864 49216 65584 86016 98336 114688 131084 131096 135172 196624 200704
1 7 4101 9728 10241 11264 12289 16576 16768 17152 25088 28672 32864 49216 65584 98336 114688 131084 131096 135172 151552 196624 212992
1 7 4101 9728 10241 11264 12289 16576 16768 17152 25088 28672 32864 49216 69636 86016 98336 114688 131084 131096 131120 196612 196640
1 7 4101 9728 10241 11264 12289 16576 16768 17152 25088 28672 32864 49216 69636 86016 114688 131084 131096 131120 163872 196612 229376
1 7 4101 9728 10241 11264 12289 16576 16768 17152 25088 28672 32864 49216 86016 98336 114688 131084 131096 131120 135172 196640 200704
1 7 4101 9728 10241 11264 12289 16576 16768 17152 25088 28672 32864 49216 86016 102400 114688 131084 131096 131120 135172 163872 167936
1 7 4101 9728 10241 11264 12289 16576 16768 17152 25088 28672 32864 49216 86016 114688 131084 131096 131120 135172 163872 200704 229376
1 7 4101 9728 10241 11264 12289 16576 16768 17152 25088 28672 36872 49216 53248 65548 69636 69640 131096 131120 131168 163848 163904
1 7 4101 9728 10241 11264 12289 16576 16768 17152 25088 28672 49216 53248 65548 65560 65584 69636 98336 102400 131168 163872 163904
1 7 4101 9728 10241 11264 12289 16576 16768 17152 25088 28672 49216 53248 65548 65560 65584 69636 102400 131168 163904 196640 229376
1 7 4101 9728 10241 11264 12289 16576 16768 17152 25088 28672 49216 53248 65548 65560 69636 98320 102400 131120 131168 163856 163904
1 7 4101 9728 10241 11264 12289 16576 16768 17152 25088 28672 49216 53248 65548 65560 69636 102400 131120 131168 163904 196624 229376
1 7 4101 9728 10241 11264 12289 16576 16768 17152 25088 28672 49216 53248 65548 69636 98312 102400 131096 131120 131168 163848 163904
1 7 4101 9728 10241 11264 12289 16576 16768 17152 25088 28672 49216 53248 65548 69636 102400 131096 131120 131168 163904 196616 229376
1 7 4101 9728 10241 11264 12289 16576 16768 17152 25088 28672 49216 53248 65560 65584 65632 69640 98368 102400 131084 135172 135176
1 7 4101 9728 10241 11264 12289 16576 16768 17152 25088 28672 49216 53248 65560 65584 65632 98368 102400 131084 135172 196616 200704
1 7 4101 9728 10241 11264 12289 16576 16768 17152 25088 28672 49216 53248 65584 65632 98368 102400 131084 131096 135172 196624 200704
1 7 4101 9728 10241 11264 12289 16576 16768 17152 25088 28672 49216 53248 65632 98368 102400 131084 131096 131120 135172 196640 200704
1 7 4101 9728 10241 11264 12289 16576 16768 17152 25088 28672 49216 65548 65560 69636 86016 98320 114688 131120 131168 163856 163904
1 7 4101 9728 10241 11264 12289 16576 16768 17152 25088 28672 49216 65548 65560 69636 86016 114688 131120 131168 163904 196624 229376
1 7 4101 9728 10241 11264 12289 16576 16768 17152 25088 28672 49216 65548 69636 86016 98312 114688 131096 131120 131168 163848 163904
1 7 4101 9728 10241 11264 12289 16576 16768 17152 25088 28672 49216 65548 69636 86016 114688 131096 131120 131168 163904 196616 229376
1 7 4101 9728 10241 11264 12289 16576 16768 17152 25088 28672 49216 65560 65584 65632 69640 86016 98368 114688 131084 135172 135176
1 7 4101 9728 10241 11264 12289 16576 16768 17152 25088 28672 49216 65560 65584 65632 86016 98368 114688 131084 135172 196616 200704
1 7 4101 9728 10241 11264 12289 16576 16768 17152 25088 28672 49216 65560 65584 65632 98368 114688 131084 135172 151552 196616 212992
1 7 4101 9728 10241 11264 12289 16576 16768 17152 25088 28672 49216 65584 65632 86016 98368 114688 131084 131096 135172 196624 200704
1 7 4101 9728 10241 11264 12289 16576 16768 17152 25088 28672 49216 65584 65632 98368 114688 131084 131096 135172 151552 196624 212992
1 7 4101 9728 10241 11264 12289 16576 16768 17152 25088 28672 49216 65632 86016 98368 114688 131084 131096 131120 135172 196640 200704
1 7 4101 9728 10241 11264 12289 16576 16768 17152 28672 41472 49664 57344 65560 65584 65632 69640 81984 86016 131084 135172 135176
1 7 4101 9728 10241 11264 12289 16576 16768 17152 28672 41472 49664 57344 65560 65584 65632 81984 86016 131084 135172 196616 200704
1 7 4101 9728 10241 11264 12289 16576 16768 17152 28672 41472 49664 57344 65560 65584 65632 81984 131084 135172 151552 196616 212992
1 7 4101 9728 10241 11264 12289 16576 16768 17152 28672 41472 49664 57344 65584 65632 81984 86016 131084 131096 135172 196624 200704
1 7 4101 9728 10241 11264 12289 16576 16768 17152 28672 41472 49664 57344 65584 65632 81984 131084 131096 135172 151552 196624 212992
1 7 4101 9728 10241 11264 12289 16576 16768 17152 28672 41472 49664 57344 65632 81984 86016 131084 131096 131120 135172 196640 200704
1 7 4101 9728 10241 11264 12289 16576 16768 25088 28672 33536 49408 49664 65560 65584 65632 69640 81984 86016 131084 135172 135176
1 7 4101 9728 10241 11264 12289 16576 16768 25088 28672 33536 49408 49664 65560 65584 65632 81984 86016 131084 135172 196616 200704
1 7 4101 9728 10241 11264 12289 16576 16768 25088 28672 33536 49408 49664 65560 65584 65632 81984 131084 135172 151552 196616 212992
1 7 4101 9728 10241 11264 12289 16576 16768 25088 28672 33536 49408 49664 65584 65632 81984 86016 131084 131096 135172 196624 200704
1 7 4101 9728 10241 11264 12289 16576 16768 25088 28672 33536 49408 49664 65584 65632 81984 131084 131096 135172 151552 196624 212992
1 7 4101 9728 10241 11264 12289 16576 16768 25088 28672 33536 49408 49664 65632 81984 86016 131084 131096 131120 135172 196640 200704
1 7 4101 9728 10241 11264 12289 16576 16768 25088 28672 33536 49408 49664 65632 81984 131084 131096 131120 135172 151552 196640 212992
1 7 4101 9728 10241 11264 12289 16576 16768 28672 33536 41472 49408 57344 65560 65584 65632 69640 81984 86016 131084 135172 135176
1 7 4101 9728 10241 11264 12289 16576 16768 28672 33536 41472 49408 57344 65560 65584 65632 81984 86016 131084 135172 196616 200704
1 7 4101 9728 10241 11264 12289 16576 16768 28672 33536 41472 49408 57344 65560 65584 65632 81984 131084 135172 151552 196616 212992
1 7 4101 9728 10241 11264 12289 16576 16768 28672 33536 41472 49408 57344 65584 65632 81984 86016 131084 131096 135172 196624 200704
1 7 4101 9728 10241 11264 12289 16576 16768 28672 33536 41472 49408 57344 65584 65632 81984 131084 131096 135172 151552 196624 212992
1 7 4101 9728 10241 11264 12289 16576 16768 28672 33536 41472 49408 57344 65632 81984 86016 131084 131096 131120 135172 196640 200704
2 7 4101 9728 10241 11264 12289 16576 16768 28672 33536 41472 49408 57344 65632 81984 131084 131096 131120 135172 151552 196640 212992
1 7 4101 9728 10241 11264 12289 16576 17152 25088 28672 33152 49280 49408 65560 65584 65632 69640 81984 86016 131084 135172 135176
1 7 4101 9728 10241 11264 12289 16576 17152 25088 28672 33152 49280 49408 65560 65584 65632 81984 86016 131084 135172 196616 200704
1 7 4101 9728 10241 11264 12289 16576 17152 25088 28672 33152 49280 49408 65560 65584 65632 81984 131084 135172 151552 196616 212992
1 7 4101 9728 10241 11264 12289 16576 17152 25088 28672 33152 49280 49408 65584 65632 81984 86016 131084 131096 135172 196624 200704
1 7 4101 9728 10241 11264 12289 16576 17152 25088 28672 33152 49280 49408 65584 65632 81984 131084 131096 135172 151552 196624 212992
1 7 4101 9728 10241 11264 12289 16576 17152 25088 28672 33152 49280 49408 65632 81984 86016 131084 131096 131120 135172 196640 200704
1 7 4101 9728 10241 11264 12289 16576 25088 28672 33152 33536 49280 49664 65560 65584 65632 69640 81984 86016 131084 135172 135176
1 7 4101 9728 10241 11264 12289 16576 25088 28672 33152 33536 49280 49664 65560 65584 65632 81984 86016 131084 135172 196616 200704
1 7 4101 9728 10241 11264 12289 16576 25088 28672 33152 33536 49280 49664 65560 65584 65632 81984 131084 135172 151552 196616 212992
1 7 4101 9728 10241 11264 12289 16576 25088 28672 33152 33536 49280 49664 65584 65632 81984 86016 131084 131096 135172 196624 200704
1 7 4101 9728 10241 11264 12289 16576 25088 28672 33152 33536 49280 49664 65584 65632 81984 131084 131096 135172 151552 196624 212992
1 7 4101 9728 10241 11264 12289 16576 25088 28672 33152 33536 49280 49664 65632 81984 86016 131084 131096 131120 135172 196640 200704
1 7 4101 9728 10241 11264 12289 16576 25088 28672 33152 33536 49280 49664 65632 81984 131084 131096 131120 135172 151552 196640 212992
1 7 4101 9728 10241 11264 12289 16576 28672 33152 33536 41472 49280 57344 65560 65584 65632 69640 81984 86016 131084 135172 135176
1 7 4101 9728 10241 11264 12289 16576 28672 33152 33536 41472 49280 57344 65560 65584 65632 81984 86016 131084 135172 196616 200704
1 7 4101 9728 10241 11264 12289 16576 28672 33152 33536 41472 49280 57344 65560 65584 65632 81984 131084 135172 151552 196616 212992
1 7 4101 9728 10241 11264 12289 16576 28672 33152 33536 41472 49280 57344 65584 65632 81936 81984 131084 131096 135172 147472 151552
1 7 4101 9728 10241 11264 12289 16576 28672 33152 33536 41472 49280 57344 65584 65632 81984 86016 131084 131096 135172 196624 200704
1 7 4101 9728 10241 11264 12289 16576 28672 33152 33536 41472 49280 57344 65584 65632 81984 131084 131096 135172 151552 196624 212992
1 7 4101 9728 10241 11264 12289 16576 28672 33152 33536 41472 49280 57344 65632 81952 81984 131084 131096 131120 135172 147488 151552
1 7 4101 9728 10241 11264 12289 16576 28672 33152 33536 41472 49280 57344 65632 81984 86016 131084 131096 131120 135172 196640 200704
1 7 4101 9728 10241 11264 12289 16576 28672 33152 33536 41472 49280 57344 65632 81984 131084 131096 131120 135172 151552 196640 212992
1 7 4101 9728 10241 11264 12289 16768 17152 25088 28672 32816 32864 32960 49280 53248 65548 65560 69636 98320 167936 200704 229376
1 7 4101 9728 10241 11264 12289 16768 17152 25088 28672 32816 32864 32960 49280 53248 65548 65560 98320 102400 135172 196612 200704
1 7 4101 9728 10241 11264 12289 16768 17152 25088 28672 32816 32864 32960 49280 53248 65548 65560 98320 135172 167936 196612 229376
1 7 4101 9728 10241 11264 12289 16768 17152 25088 28672 32816 32864 32960 49280 53248 65548 69636 98320 102400 131096 196616 196624
1 7 4101 9728 10241 11264 12289 16768 17152 25088 28672 32816 32864 32960 49280 53248 65560 69636 98320 102400 131084 196612 196616
1 7 4101 9728 10241 11264 12289 16768 17152 25088 28672 32816 32864 32960 49280 53248 65560 69640 98320 102400 131084 135172 135176
1 7 4101 9728 10241 11264 12289 16768 17152 25088 28672 32816 32864 32960 49280 53248 65560 98320 102400 131084 135172 196616 200704
1 7 4101 9728 10241 11264 12289 16768 17152 25088 28672 32816 32864 32960 49280 53248 65560 98320 131084 135172 167936 196616 229376
1 7 4101 9728 10241 11264 12289 16768 17152 25088 28672 32816 32864 32960 49280 53248 69636 98320 102400 131084 131096 196612 196624
1 7 4101 9728 10241 11264 12289 16768 17152 25088 28672 32816 32864 32960 49280 53248 98320 102400 131084 131096 135172 196624 200704
1 7 4101 9728 10241 11264 12289 16768 17152 25088 28672 32816 32864 32960 49280 53248 98320 131084 131096 135172 167936 196624 229376
1 7 4101 9728 10241 11264 12289 16768 17152 25088 28672 32816 32864 32960 49280 65548 65560 69636 86016 98320 180224 212992 229376
1 7 4101 9728 10241 11264 12289 16768 17152 25088 28672 32816 32864 32960 49280 65548 65560 69636 98320 102400 151552 167936 180224
1 7 4101 9728 10241 11264 12289 16768 17152 25088 28672 32816 32864 32960 49280 65548 65560 69636 98320 114688 151552 200704 212992
1 7 4101 9728 10241 11264 12289 16768 17152 25088 28672 32816 32864 32960 49280 65548 65560 69636 98320 151552 180224 200704 229376
1 7 4101 9728 10241 11264 12289 16768 17152 25088 28672 32816 32864 32960 49280 65548 65560 86016 98320 114688 135172 196612 200704
1 7 4101 9728 10241 11264 12289 16768 17152 25088 28672 32816 32864 32960 49280 65548 65560 98320 114688 135172 151552 196612 212992
1 7 4101 9728 10241 11264 12289 16768 17152 25088 28672 32816 32864 32960 49280 65548 65560 98320 135172 151552 180224 196612 229376
1 7 4101 9728 10241 11264 12289 16768 17152 25088 28672 32816 32864 32960 49280 65548 69636 86016 98320 114688 131096 196616 196624
1 7 4101 9728 10241 11264 12289 16768 17152 25088 28672 32816 32864 32960 49280 65560 69636 86016 98320 114688 131084 196612 196616
1 7 4101 9728 10241 11264 12289 16768 17152 25088 28672 32816 32864 32960 49280 65560 69640 86016 98320 114688 131084 135172 135176
1 7 4101 9728 10241 11264 12289 16768 17152 25088 28672 32816 32864 32960 49280 65560 86016 98320 114688 131084 135172 196616 200704
1 7 4101 9728 10241 11264 12289 16768 17152 25088 28672 32816 32864 32960 49280 65560 98320 114688 131084 135172 151552 196616 212992
1 7 4101 9728 10241 11264 12289 16768 17152 25088 28672 32816 32864 32960 49280 65560 98320 131084 135172 151552 180224 196616 229376
1 7 4101 9728 10241 11264 12289 16768 17152 25088 28672 32816 32864 32960 49280 69636 86016 98320 114688 131084 131096 196612 196624
1 7 4101 9728 10241 11264 12289 16768 17152 25088 28672 32816 32864 32960 49280 86016 98320 114688 131084 131096 135172 196624 200704
1 7 4101 9728 10241 11264 12289 16768 17152 25088 28672 32816 32864 32960 49280 98320 114688 131084 131096 135172 151552 196624 212992
1 7 4101 9728 10241 11264 12289 16768 17152 25088 28672 32816 32864 32960 49280 98320 131084 131096 135172 151552 180224 196624 229376
1 7 4101 9728 10241 11264 12289 16768 17152 25088 28672 32816 32864 49280 53248 65728 98368 98432 131084 131096 135172 163856 167936
1 7 4101 9728 10241 11264 12289 16768 17152 25088 28672 32816 32864 49280 65728 98368 98432 131084 131096 135172 151552 163856 180224
1 7 4101 9728 10241 11264 12289 16768 17152 25088 28672 32816 32960 49280 53248 65632 98336 98368 131084 131096 135172 163856 167936
1 7 4101 9728 10241 11264 12289 16768 17152 25088 28672 32816 32960 49280 65632 98336 98368 131084 131096 135172 151552 163856 180224
1 7 4101 9728 10241 11264 12289 16768 17152 25088 28672 32816 49280 53248 65632 65728 98336 98432 131084 131096 135172 163856 167936
1 7 4101 9728 10241 11264 12289 16768 17152 25088 28672 32816 49280 65632 65728 98336 98432 131084 131096 135172 151552 163856 180224
1 7 4101 9728 10241 11264 12289 16768 17152 25088 28672 32864 32960 49280 53248 65548 65560 65584 69636 98336 167936 200704 229376
1 7 4101 9728 10241 11264 12289 16768 17152 25088 28672 32864 32960 49280 53248 65548 65560 65584 98336 102400 135172 196612 200704
1 7 4101 9728 10241 11264 12289 16768 17152 25088 28672 32864 32960 49280 53248 65548 65560 65584 98336 135172 167936 196612 229376
1 7 4101 9728 10241 11264 12289 16768 17152 25088 28672 32864 32960 49280 53248 65548 65560 69636 98336 102400 131120 196624 196640
1 7 4101 9728 10241 11264 12289 16768 17152 25088 28672 32864 32960 49280 53248 65548 65584 69636 98336 102400 131096 196616 196624
1 7 4101 9728 10241 11264 12289 16768 17152 25088 28672 32864 32960 49280 53248 65548 69636 98336 102400 131096 131120 196616 196640
1 7 4101 9728 10241 11264 12289 16768 17152 25088 28672 32864 32960 49280 53248 65560 65584 69636 98336 102400 131084 196612 196616
1 7 4101 9728 10241 11264 12289 16768 17152 25088 28672 32864 32960 49280 53248 65560 65584 69640 98336 102400 131084 135172 135176
1 7 4101 9728 10241 11264 12289 16768 17152 25088 28672 32864 32960 49280 53248 65560 65584 98336 102400 131084 135172 196616 200704
1 7 4101 9728 10241 11264 12289 16768 17152 25088 28672 32864 32960 49280 53248 65560 65584 98336 131084 135172 167936 196616 229376
1 7 4101 9728 10241 11264 12289 16768 17152 25088 28672 32864 32960 49280 53248 65584 69636 98336 102400 131084 131096 196612 196624
1 7 4101 9728 10241 11264 12289 16768 17152 25088 28672 32864 32960 49280 53248 65584 98320 98336 131084 131096 135172 163856 167936
1 7 4101 9728 10241 11264 12289 16768 17152 25088 28672 32864 32960 49280 53248 65584 98336 102400 131084 131096 135172 196624 200704
1 7 4101 9728 10241 11264 12289 16768 17152 25088 28672 32864 32960 49280 53248 65584 98336 131084 131096 135172 167936 196624 229376
1 7 4101 9728 10241 11264 12289 16768 17152 25088 28672 32864 32960 49280 53248 69636 98336 102400 131084 131096 131120 196612 196640
1 7 4101 9728 10241 11264 12289 16768 17152 25088 28672 32864 32960 49280 53248 98336 102400 131084 131096 131120 135172 196640 200704
1 7 4101 9728 10241 11264 12289 16768 17152 25088 28672 32864 32960 49280 53248 98336 131084 131096 131120 135172 167936 196640 229376
2 7 4101 9728 10241 11264 12289 16768 17152 25088 28672 32864 32960 49280 65548 65560 65584 69636 98336 102400 151552 167936 180224
1 7 4101 9728 10241 11264 12289 16768 17152 25088 28672 32864 32960 49280 65548 65560 65584 69636 98336 114688 151552 200704 212992
1 7 4101 9728 10241 11264 12289 16768 17152 25088 28672 32864 32960 49280 65548 65560 65584 69636 98336 151552 180224 200704 229376
1 7 4101 9728 10241 11264 12289 16768 17152 25088 28672 32864 32960 49280 65548 65560 65584 86016 98336 114688 135172 196612 200704
1 7 4101 9728 10241 11264 12289 16768 17152 25088 28672 32864 32960 49280 65548 65560 65584 98336 114688 135172 151552 196612 212992
1 7 4101 9728 10241 11264 12289 16768 17152 25088 28672 32864 32960 49280 65548 65560 65584 98336 135172 151552 180224 196612 229376
1 7 4101 9728 10241 11264 12289 16768 17152 25088 28672 32864 32960 49280 65548 65560 69636 86016 98336 114688 131120 196624 196640
1 7 4101 9728 10241 11264 12289 16768 17152 25088 28672 32864 32960 49280 65548 65584 69636 86016 98336 114688 131096 196616 196624
1 7 4101 9728 10241 11264 12289 16768 17152 25088 28672 32864 32960 49280 65548 69636 86016 98336 114688 131096 131120 196616 196640
1 7 4101 9728 10241 11264 12289 16768 17152 25088 28672 32864 32960 49280 65560 65584 69636 86016 98336 114688 131084 196612 196616
1 7 4101 9728 10241 11264 12289 16768 17152 25088 28672 32864 32960 49280 65560 65584 69640 86016 98336 114688 131084 135172 135176
1 7 4101 9728 10241 11264 12289 16768 17152 25088 28672 32864 32960 49280 65560 65584 86016 98336 114688 131084 135172 196616 200704
1 7 4101 9728 10241 11264 12289 16768 17152 25088 28672 32864 32960 49280 65560 65584 98336 114688 131084 135172 151552 196616 212992
1 7 4101 9728 10241 11264 12289 16768 17152 25088 28672 32864 32960 49280 65560 65584 98336 131084 135172 151552 180224 196616 229376
1 7 4101 9728 10241 11264 12289 16768 17152 25088 28672 32864 32960 49280 65584 69636 86016 98336 114688 131084 131096 196612 196624
1 7 4101 9728 10241 11264 12289 16768 17152 25088 28672 32864 32960 49280 65584 86016 98336 114688 131084 131096 135172 196624 200704
1 7 4101 9728 10241 11264 12289 16768 17152 25088 28672 32864 32960 49280 65584 98320 98336 131084 131096 135172 151552 163856 180224
1 7 4101 9728 10241 11264 12289 16768 17152 25088 28672 32864 32960 49280 65584 98336 114688 131084 131096 135172 151552 196624 212992
1 7 4101 9728 10241 11264 12289 16768 17152 25088 28672 32864 32960 49280 65584 98336 131084 131096 135172 151552 180224 196624 229376
1 7 4101 9728 10241 11264 12289 16768 17152 25088 28672 32864 32960 49280 69636 86016 98336 114688 131084 131096 131120 196612 196640
1 7 4101 9728 10241 11264 12289 16768 17152 25088 28672 32864 32960 49280 86016 98336 114688 131084 131096 131120 135172 196640 200704
1 7 4101 9728 10241 11264 12289 16768 17152 25088 28672 32864 49280 53248 65728 98368 98432 131084 131096 131120 135172 163872 167936
1 7 4101 9728 10241 11264 12289 16768 17152 25088 28672 32960 49216 49280 65560 65584 65632 69640 81984 86016 131084 135172 135176
1 7 4101 9728 10241 11264 12289 16768 17152 25088 28672 32960 49216 49280 65560 65584 65632 81984 86016 131084 135172 196616 200704
1 7 4101 9728 10241 11264 12289 16768 17152 25088 28672 32960 49216 49280 65560 65584 65632 81984 131084 135172 151552 196616 212992
1 7 4101 9728 10241 11264 12289 16768 17152 25088 28672 32960 49216 49280 65584 65632 81984 86016 131084 131096 135172 196624 200704
1 7 4101 9728 10241 11264 12289 16768 17152 25088 28672 32960 49216 49280 65584 65632 81984 131084 131096 135172 151552 196624 212992
1 7 4101 9728 10241 11264 12289 16768 17152 25088 28672 32960 49216 49280 65632 81984 86016 131084 131096 131120 135172 196640 200704
1 7 4101 9728 10241 11264 12289 16768 17152 25088 28672 32960 49280 53248 65560 65584 65632 69640 98368 102400 131084 135172 135176
1 7 4101 9728 10241 11264 12289 16768 17152 25088 28672 32960 49280 53248 65560 65584 65632 98368 102400 131084 135172 196616 200704
1 7 4101 9728 10241 11264 12289 16768 17152 25088 28672 32960 49280 53248 65560 65584 65632 98368 131084 135172 167936 196616 229376
1 7 4101 9728 10241 11264 12289 16768 17152 25088 28672 32960 49280 53248 65584 65632 98320 98368 131084 131096 135172 163856 167936
1 7 4101 9728 10241 11264 12289 16768 17152 25088 28672 32960 49280 53248 65584 65632 98368 102400 131084 131096 135172 196624 200704
1 7 4101 9728 10241 11264 12289 16768 17152 25088 28672 32960 49280 53248 65584 65632 98368 131084 131096 135172 167936 196624 229376
1 7 4101 9728 10241 11264 12289 16768 17152 25088 28672 32960 49280 53248 65632 98336 98368 131084 131096 131120 135172 163872 167936
1 7 4101 9728 10241 11264 12289 16768 17152 25088 28672 32960 49280 53248 65632 98368 102400 131084 131096 131120 135172 196640 200704
1 7 4101 9728 10241 11264 12289 16768 17152 25088 28672 32960 49280 53248 65632 98368 131084 131096 131120 135172 167936 196640 229376
1 7 4101 9728 10241 11264 12289 16768 17152 25088 28672 32960 49280 65560 65584 65632 69640 86016 98368 114688 131084 135172 135176
1 7 4101 9728 10241 11264 12289 16768 17152 25088 28672 32960 49280 65560 65584 65632 86016 98368 114688 131084 135172 196616 200704
1 7 4101 9728 10241 11264 12289 16768 17152 25088 28672 32960 49280 65560 65584 65632 98368 114688 131084 135172 151552 196616 212992
1 7 4101 9728 10241 11264 12289 16768 17152 25088 28672 32960 49280 65560 65584 65632 98368 131084 135172 151552 180224 196616 229376
1 7 4101 9728 10241 11264 12289 16768 17152 25088 28672 32960 49280 65584 65632 86016 98368 114688 131084 131096 135172 196624 200704
1 7 4101 9728 10241 11264 12289 16768 17152 25088 28672 32960 49280 65584 65632 98320 98368 131084 131096 135172 151552 163856 180224
1 7 4101 9728 10241 11264 12289 16768 17152 25088 28672 32960 49280 65584 65632 98368 114688 131084 131096 135172 151552 196624 212992
1 7 4101 9728 10241 11264 12289 16768 17152 25088 28672 32960 49280 65584 65632 98368 131084 131096 135172 151552 180224 196624 229376
1 7 4101 9728 10241 11264 12289 16768 17152 25088 28672 32960 49280 65632 86016 98368 114688 131084 131096 131120 135172 196640 200704
1 7 4101 9728 10241 11264 12289 16768 17152 25088 28672 49280 53248 65584 65632 65728 98320 98432 131084 131096 135172 163856 167936
1 7 4101 9728 10241 11264 12289 16768 17152 25088 28672 49280 53248 65584 65632 65728 98432 102400 131084 131096 135172 196624 200704
1 7 4101 9728 10241 11264 12289 16768 17152 25088 28672 49280 53248 65584 65632 65728 98432 131084 131096 135172 167936 196624 229376
1 7 4101 9728 10241 11264 12289 16768 17152 25088 28672 49280 53248 65632 65728 98336 98432 131084 131096 131120 135172 163872 167936
2 7 4101 9728 10241 11264 12289 16768 17152 25088 28672 49280 53248 65632 65728 98432 102400 131084 131096 131120 135172 196640 200704
1 7 4101 9728 10241 11264 12289 16768 17152 25088 28672 49280 53248 65632 65728 98432 131084 131096 131120 135172 167936 196640 229376
1 7 4101 9728 10241 11264 12289 16768 17152 25088 28672 49280 65584 65632 65728 86016 98432 114688 131084 131096 135172 196624 200704
1 7 4101 9728 10241 11264 12289 16768 17152 25088 28672 49280 65584 65632 65728 98320 98432 131084 131096 135172 151552 163856 180224
1 7 4101 9728 10241 11264 12289 16768 17152 25088 28672 49280 65584 65632 65728 98432 114688 131084 131096 135172 151552 196624 212992
1 7 4101 9728 10241 11264 12289 16768 17152 25088 28672 49280 65584 65632 65728 98432 131084 131096 135172 151552 180224 196624 229376
2 7 4101 9728 10241 11264 12289 16768 17152 25088 28672 49280 65632 65728 86016 98432 114688 131084 131096 131120 135172 196640 200704
1 7 4101 9728 10241 11264 12289 16768 17152 28672 41472 49664 57344 65584 65632 65728 82048 86016 131084 131096 135172 196624 200704
1 7 4101 9728 10241 11264 12289 16768 17152 28672 41472 49664 57344 65584 65632 65728 82048 131084 131096 135172 151552 196624 212992
1 7 4101 9728 10241 11264 12289 16768 25088 28672 33536 49408 49664 65584 65632 65728 82048 86016 131084 131096 135172 196624 200704
1 7 4101 9728 10241 11264 12289 16768 25088 28672 33536 49408 49664 65584 65632 65728 82048 131084 131096 135172 151552 196624 212992
1 7 4101 9728 10241 11264 12289 16768 28672 33536 41472 49408 57344 65584 65632 65728 82048 86016 131084 131096 135172 196624 200704
1 7 4101 9728 10241 11264 12289 16768 28672 33536 41472 49408 57344 65584 65632 65728 82048 131084 131096 135172 151552 196624 212992
1 7 4101 9728 10241 11264 12289 17152 25088 28672 32864 32960 33152 49408 53248 65548 65560 65584 98336 102400 135172 196612 200704
1 7 4101 9728 10241 11264 12289 17152 25088 28672 32864 32960 33152 49408 53248 65548 65560 69636 98336 102400 131120 196624 196640
1 7 4101 9728 10241 11264 12289 17152 25088 28672 32864 32960 33152 49408 53248 65548 65560 69636 102400 131120 163872 196624 229376
1 7 4101 9728 10241 11264 12289 17152 25088 28672 32864 32960 33152 49408 53248 65548 65584 69636 98336 102400 131096 196616 196624
1 7 4101 9728 10241 11264 12289 17152 25088 28672 32864 32960 33152 49408 53248 65548 69636 98336 102400 131096 131120 196616 196640
1 7 4101 9728 10241 11264 12289 17152 25088 28672 32864 32960 33152 49408 53248 65548 69636 102400 131096 131120 163872 196616 229376
1 7 4101 9728 10241 11264 12289 17152 25088 28672 32864 32960 33152 49408 53248 65560 65584 69636 98336 102400 131084 196612 196616
1 7 4101 9728 10241 11264 12289 17152 25088 28672 32864 32960 33152 49408 53248 65560 65584 69640 98336 102400 131084 135172 135176
1 7 4101 9728 10241 11264 12289 17152 25088 28672 32864 32960 33152 49408 53248 65560 65584 98336 102400 131084 135172 196616 200704
1 7 4101 9728 10241 11264 12289 17152 25088 28672 32864 32960 33152 49408 53248 65584 69636 98336 102400 131084 131096 196612 196624
1 7 4101 9728 10241 11264 12289 17152 25088 28672 32864 32960 33152 49408 53248 65584 98336 102400 131084 131096 135172 196624 200704
1 7 4101 9728 10241 11264 12289 17152 25088 28672 32864 32960 33152 49408 53248 69636 98336 102400 131084 131096 131120 196612 196640
1 7 4101 9728 10241 11264 12289 17152 25088 28672 32864 32960 33152 49408 53248 69636 102400 131084 131096 131120 163872 196612 229376
1 7 4101 9728 10241 11264 12289 17152 25088 28672 32864 32960 33152 49408 53248 98336 102400 131084 131096 131120 135172 196640 200704
1 7 4101 9728 10241 11264 12289 17152 25088 28672 32864 32960 33152 49408 53248 102400 131084 131096 131120 135172 163872 200704 229376
1 7 4101 9728 10241 11264 12289 17152 25088 28672 32864 32960 33152 49408 65548 65560 65584 69636 98336 114688 151552 200704 212992
1 7 4101 9728 10241 11264 12289 17152 25088 28672 32864 32960 33152 49408 65548 65560 65584 86016 98336 114688 135172 196612 200704
1 7 4101 9728 10241 11264 12289 17152 25088 28672 32864 32960 33152 49408 65548 65560 65584 98336 114688 135172 151552 196612 212992
1 7 4101 9728 10241 11264 12289 17152 25088 28672 32864 32960 33152 49408 65548 65560 69636 86016 98336 114688 131120 196624 196640
1 7 4101 9728 10241 11264 12289 17152 25088 28672 32864 32960 33152 49408 65548 65560 69636 86016 114688 131120 163872 196624 229376
1 7 4101 9728 10241 11264 12289 17152 25088 28672 32864 32960 33152 49408 65548 65584 69636 86016 98336 114688 131096 196616 196624
1 7 4101 9728 10241 11264 12289 17152 25088 28672 32864 32960 33152 49408 65548 69636 86016 98336 114688 131096 131120 196616 196640
1 7 4101 9728 10241 11264 12289 17152 25088 28672 32864 32960 33152 49408 65548 69636 86016 114688 131096 131120 163872 196616 229376
1 7 4101 9728 10241 11264 12289 17152 25088 28672 32864 32960 33152 49408 65560 65584 69636 86016 98336 114688 131084 196612 196616
1 7 4101 9728 10241 11264 12289 17152 25088 28672 32864 32960 33152 49408 65560 65584 69640 86016 98336 114688 131084 135172 135176
1 7 4101 9728 10241 11264 12289 17152 25088 28672 32864 32960 33152 49408 65560 65584 86016 98336 114688 131084 135172 196616 200704
1 7 4101 9728 10241 11264 12289 17152 25088 28672 32864 32960 33152 49408 65560 65584 98336 114688 131084 135172 151552 196616 212992
1 7 4101 9728 10241 11264 12289 17152 25088 28672 32864 32960 33152 49408 65584 69636 86016 98336 114688 131084 131096 196612 196624
1 7 4101 9728 10241 11264 12289 17152 25088 28672 32864 32960 33152 49408 65584 86016 98336 114688 131084 131096 135172 196624 200704
1 7 4101 9728 10241 11264 12289 17152 25088 28672 32864 32960 33152 49408 65584 98336 114688 131084 131096 135172 151552 196624 212992
1 7 4101 9728 10241 11264 12289 17152 25088 28672 32864 32960 33152 49408 69636 86016 98336 114688 131084 131096 131120 196612 196640
1 7 4101 9728 10241 11264 12289 17152 25088 28672 32864 32960 33152 49408 69636 86016 114688 131084 131096 131120 163872 196612 229376
1 7 4101 9728 10241 11264 12289 17152 25088 28672 32864 32960 33152 49408 86016 98336 114688 131084 131096 131120 135172 196640 200704
1 7 4101 9728 10241 11264 12289 17152 25088 28672 32864 32960 33152 49408 86016 114688 131084 131096 131120 135172 163872 200704 229376
1 7 4101 9728 10241 11264 12289 17152 25088 28672 32864 49408 53248 65548 65560 65584 69636 98336 102400 131264 131456 163904 164096
1 7 4101 9728 10241 11264 12289 17152 25088 28672 32960 33152 49216 49408 65560 65584 65632 69640 81984 86016 131084 135172 135176
1 7 4101 9728 10241 11264 12289 17152 25088 28672 32960 33152 49216 49408 65560 65584 65632 81984 86016 131084 135172 196616 200704
1 7 4101 9728 10241 11264 12289 17152 25088 28672 32960 33152 49216 49408 65560 65584 65632 81984 131084 135172 151552 196616 212992
1 7 4101 9728 10241 11264 12289 17152 25088 28672 32960 33152 49216 49408 65584 65632 81984 86016 131084 131096 135172 196624 200704
1 7 4101 9728 10241 11264 12289 17152 25088 28672 32960 33152 49216 49408 65584 65632 81984 131084 131096 135172 151552 196624 212992
1 7 4101 9728 10241 11264 12289 17152 25088 28672 32960 33152 49408 53248 65548 65560 69636 102400 131120 131168 163904 196624 229376
1 7 4101 9728 10241 11264 12289 17152 25088 28672 32960 33152 49408 53248 65548 69636 102400 131096 131120 131168 163904 196616 229376
1 7 4101 9728 10241 11264 12289 17152 25088 28672 32960 33152 49408 53248 65560 65584 65632 69640 98368 102400 131084 135172 135176
1 7 4101 9728 10241 11264 12289 17152 25088 28672 32960 33152 49408 53248 65560 65584 65632 98368 102400 131084 135172 196616 200704
1 7 4101 9728 10241 11264 12289 17152 25088 28672 32960 33152 49408 53248 65584 65632 98368 102400 131084 131096 135172 196624 200704
2 7 4101 9728 10241 11264 12289 17152 25088 28672 32960 33152 49408 53248 65632 98368 102400 131084 131096 131120 135172 196640 200704
1 7 4101 9728 10241 11264 12289 17152 25088 28672 32960 33152 49408 65548 65560 69636 86016 114688 131120 131168 163904 196624 229376
1 7 4101 9728 10241 11264 12289 17152 25088 28672 32960 33152 49408 65548 69636 86016 114688 131096 131120 131168 163904 196616 229376
1 7 4101 9728 10241 11264 12289 17152 25088 28672 32960 33152 49408 65560 65584 65632 69640 86016 98368 114688 131084 135172 135176
1 7 4101 9728 10241 11264 12289 17152 25088 28672 32960 33152 49408 65560 65584 65632 86016 98368 114688 131084 135172 196616 200704
1 7 4101 9728 10241 11264 12289 17152 25088 28672 32960 33152 49408 65560 65584 65632 98368 114688 131084 135172 151552 196616 212992
1 7 4101 9728 10241 11264 12289 17152 25088 28672 32960 33152 49408 65584 65632 86016 98368 114688 131084 131096 135172 196624 200704
1 7 4101 9728 10241 11264 12289 17152 25088 28672 32960 33152 49408 65584 65632 98368 114688 131084 131096 135172 151552 196624 212992
2 7 4101 9728 10241 11264 12289 17152 25088 28672 32960 33152 49408 65632 86016 98368 114688 131084 131096 131120 135172 196640 200704
1 7 4101 9728 10241 11264 12289 17152 25088 28672 33152 49280 49408 65584 65632 65728 82048 86016 131084 131096 135172 196624 200704
1 7 4101 9728 10241 11264 12289 17152 25088 28672 33152 49280 49408 65584 65632 65728 82048 131084 131096 135172 151552 196624 212992
1 7 4101 9728 10241 11264 12289 17152 25088 28672 33152 49408 53248 65548 65560 69636 102400 131120 131168 131264 163968 196624 229376
1 7 4101 9728 10241 11264 12289 17152 25088 28672 33152 49408 53248 65584 65632 65728 98432 102400 131084 131096 135172 196624 200704
1 7 4101 9728 10241 11264 12289 17152 25088 28672 33152 49408 65548 65560 69636 86016 114688 131120 131168 131264 163968 196624 229376
1 7 4101 9728 10241 11264 12289 17152 25088 28672 33152 49408 65584 65632 65728 86016 98432 114688 131084 131096 135172 196624 200704
1 7 4101 9728 10241 11264 12289 17152 25088 28672 33152 49408 65584 65632 65728 98432 114688 131084 131096 135172 151552 196624 212992
1 7 4101 9728 10241 11264 12289 17152 25088 28672 49408 53248 65548 65560 65584 69636 98336 102400 131168 131264 131456 163872 164096
1 7 4101 9728 10241 11264 12289 17152 25088 28672 49408 53248 65548 65560 65584 69636 102400 131168 131264 131456 164096 196640 229376
1 7 4101 9728 10241 11264 12289 20484 28672 32780 32792 32816 49156 57344 65632 65728 65920 98336 106496 131840 139776 196864 204800
1 7 4101 9728 10241 11264 12289 20484 28672 32780 32792 32816 49156 57344 65632 65728 65920 98336 131840 139776 172032 196864 229376
1 7 4101 9728 10241 11264 12289 20484 28672 32780 32792 32816 49156 57344 65632 65728 98336 106496 131456 131840 139776 196736 204800
1 7 4101 9728 10241 11264 12289 20484 28672 32780 32792 32816 49156 57344 65632 65728 98336 131456 131840 139776 172032 196736 229376
1 7 4101 9728 10241 11264 12289 20484 28672 32780 32792 32816 49156 57344 65632 98336 106496 131264 131456 131840 139776 196672 204800
1 7 4101 9728 10241 11264 12289 20484 28672 32780 32792 32816 49156 57344 65632 98336 131264 131456 131840 139776 172032 196672 229376
1 7 4101 9728 10241 11264 12289 20484 28672 32780 32792 49156 57344 65584 65632 65728 98320 106496 131456 131840 139776 196736 204800
1 7 4101 9728 10241 11264 12289 20484 28672 32780 32792 49156 57344 65584 65632 65728 98320 131456 131840 139776 172032 196736 229376
1 7 4101 9728 10241 11264 12289 20484 28672 32780 32792 49156 57344 65584 65632 98320 106496 131264 131456 131840 139776 196672 204800
1 7 4101 9728 10241 11264 12289 20484 28672 32780 32792 49156 57344 65584 65632 98320 131264 131456 131840 139776 172032 196672 229376
1 7 4101 9728 10241 11264 12289 20484 28672 32780 49156 57344 65560 65584 65632 98312 106496 131264 131456 131840 139776 196672 204800
1 7 4101 9728 10241 11264 12289 20484 28672 32780 49156 57344 65560 65584 65632 98312 131264 131456 131840 139776 172032 196672 229376
1 7 4101 9728 10241 11264 12289 20484 28672 32792 32816 32864 49160 57344 65728 65920 66304 74240 98368 106496 131084 147460 147464
1 7 4101 9728 10241 11264 12289 20484 28672 32792 32816 32864 57344 65548 81924 98312 114688 131264 131456 131840 139776 163904 172032
1 7 4101 9728 10241 11264 12289 20484 28672 32816 32864 32960 49168 57344 65920 66304 74240 98432 106496 131084 131096 147460 147472
1 7 4101 9728 10241 11264 12289 20484 28672 32816 32864 32960 57344 65548 65560 81924 98320 114688 131456 131840 139776 163968 172032
1 7 4101 9728 10241 11264 12289 20484 28672 32816 32864 49168 57344 65728 65920 66304 74240 98368 106496 131084 131096 147460 147472
1 7 4101 9728 10241 11264 12289 20484 28672 32816 32864 57344 65548 65560 81924 98320 114688 131264 131456 131840 139776 163904 172032
1 7 4101 9728 10241 11264 12289 20484 28672 32864 32960 33152 49184 57344 66304 74240 98560 106496 131084 131096 131120 147460 147488
1 7 4101 9728 10241 11264 12289 20484 28672 32864 32960 33152 57344 65548 65560 65584 81924 98336 114688 131840 139776 164096 172032
1 7 4101 9728 10241 11264 12289 20484 28672 32864 32960 49184 57344 65920 66304 74240 98432 106496 131084 131096 131120 147460 147488
1 7 4101 9728 10241 11264 12289 20484 28672 32864 32960 57344 65548 65560 65584 81924 98336 114688 131456 131840 139776 163968 172032
1 7 4101 9728 10241 11264 12289 20484 28672 32864 49184 57344 65728 65920 66304 74240 98368 106496 131084 131096 131120 147460 147488
1 7 4101 9728 10241 11264 12289 20484 28672 32864 57344 65548 65560 65584 81924 98336 114688 131264 131456 131840 139776 163904 172032
1 7 4101 9728 10241 11264 12289 20484 28672 32960 33152 33536 41472 57344 65548 65560 65584 81924 114688 131168 163904 196640 229376
1 7 4101 9728 10241 11264 12289 20484 28672 32960 33152 33536 41472 57344 65548 65560 81924 114688 131120 131168 163904 196624 229376
1 7 4101 9728 10241 11264 12289 20484 28672 32960 33152 33536 41472 57344 65548 81924 114688 131096 131120 131168 163904 196616 229376
1 7 4101 9728 10241 11264 12289 20484 28672 32960 33152 33536 41472 57344 65560 65584 65632 81928 98368 114688 131084 147460 147464
1 7 4101 9728 10241 11264 12289 20484 28672 32960 33152 33536 41472 57344 65560 65584 65632 98368 114688 131084 147460 196616 212992
1 7 4101 9728 10241 11264 12289 20484 28672 32960 33152 33536 41472 57344 65584 65632 81936 98368 114688 131084 131096 147460 147472
1 7 4101 9728 10241 11264 12289 20484 28672 32960 33152 33536 41472 57344 65584 65632 98368 114688 131084 131096 147460 196624 212992
1 7 4101 9728 10241 11264 12289 20484 28672 32960 33152 33536 41472 57344 65632 81952 98368 114688 131084 131096 131120 147460 147488
1 7 4101 9728 10241 11264 12289 20484 28672 32960 33152 33536 41472 57344 65632 98368 114688 131084 131096 131120 147460 196640 212992
1 7 4101 9728 10241 11264 12289 20484 28672 33152 33536 41472 57344 65548 65560 65584 81924 114688 131168 131264 163968 196640 229376
1 7 4101 9728 10241 11264 12289 20484 28672 33152 33536 41472 57344 65548 65560 81924 114688 131120 131168 131264 163968 196624 229376
1 7 4101 9728 10241 11264 12289 20484 28672 33152 33536 41472 57344 65584 65632 65728 81936 98432 114688 131084 131096 147460 147472
1 7 4101 9728 10241 11264 12289 20484 28672 33152 33536 41472 57344 65584 65632 65728 98432 114688 131084 131096 147460 196624 212992
1 7 4101 9728 10241 11264 12289 20484 28672 33152 33536 41472 57344 65632 65728 81952 98432 114688 131084 131096 131120 147460 147488
1 7 4101 9728 10241 11264 12289 20484 28672 33152 33536 41472 57344 65632 65728 98432 114688 131084 131096 131120 147460 196640 212992
1 7 4101 9728 10241 11264 12289 20484 28672 33536 41472 57344 65548 65560 65584 81924 114688 131168 131264 131456 164096 196640 229376
1 7 4101 9728 10241 11264 12289 20484 28672 33536 41472 57344 65632 65728 65920 81952 98560 114688 131084 131096 131120 147460 147488
1 7 4101 9728 10241 11264 12289 20484 28672 33536 41472 57344 65632 65728 65920 98560 114688 131084 131096 131120 147460 196640 212992
1 7 4101 9728 10241 11264 12289 20488 28672 32792 32816 32864 49160 57344 65728 65920 66304 74240 98368 106496 131084 135172 135176
1 7 4101 9728 10241 11264 12289 20488 28672 32960 33152 33536 41472 49216 57344 65560 65584 65632 81928 81984 131084 135172 135176
1 7 4101 9728 10241 11264 12289 20488 28672 32960 33152 33536 41472 57344 65560 65584 65632 81928 98368 114688 131084 135172 135176
1 7 4101 9728 10241 11264 12289 25088 28672 32960 33152 33536 49216 49664 65560 65584 65632 69640 81984 86016 131084 135172 135176
1 7 4101 9728 10241 11264 12289 25088 28672 32960 33152 33536 49216 49664 65560 65584 65632 81984 86016 131084 135172 196616 200704
1 7 4101 9728 10241 11264 12289 25088 28672 32960 33152 33536 49216 49664 65560 65584 65632 81984 131084 135172 151552 196616 212992
1 7 4101 9728 10241 11264 12289 25088 28672 32960 33152 33536 49216 49664 65584 65632 81984 86016 131084 131096 135172 196624 200704
1 7 4101 9728 10241 11264 12289 25088 28672 32960 33152 33536 49216 49664 65584 65632 81984 131084 131096 135172 151552 196624 212992
1 7 4101 9728 10241 11264 12289 25088 28672 32960 33152 33536 49216 49664 65632 81984 131084 131096 131120 135172 151552 196640 212992
1 7 4101 9728 10241 11264 12289 25088 28672 32960 33152 33536 49664 53248 65560 65584 65632 69640 98368 102400 131084 135172 135176
1 7 4101 9728 10241 11264 12289 25088 28672 32960 33152 33536 49664 53248 65560 65584 65632 98368 102400 131084 135172 196616 200704
1 7 4101 9728 10241 11264 12289 25088 28672 32960 33152 33536 49664 53248 65560 65584 65632 98368 131084 135172 167936 196616 229376
1 7 4101 9728 10241 11264 12289 25088 28672 32960 33152 33536 49664 53248 65584 65632 98368 102400 131084 131096 135172 196624 200704
1 7 4101 9728 10241 11264 12289 25088 28672 32960 33152 33536 49664 53248 65584 65632 98368 131084 131096 135172 167936 196624 229376
1 7 4101 9728 10241 11264 12289 25088 28672 32960 33152 33536 49664 65560 65584 65632 69640 86016 98368 114688 131084 135172 135176
1 7 4101 9728 10241 11264 12289 25088 28672 32960 33152 33536 49664 65560 65584 65632 86016 98368 114688 131084 135172 196616 200704
1 7 4101 9728 10241 11264 12289 25088 28672 32960 33152 33536 49664 65560 65584 65632 98368 114688 131084 135172 151552 196616 212992
1 7 4101 9728 10241 11264 12289 25088 28672 32960 33152 33536 49664 65560 65584 65632 98368 131084 135172 151552 180224 196616 229376
1 7 4101 9728 10241 11264 12289 25088 28672 32960 33152 33536 49664 65584 65632 86016 98368 114688 131084 131096 135172 196624 200704
1 7 4101 9728 10241 11264 12289 25088 28672 32960 33152 33536 49664 65584 65632 98368 114688 131084 131096 135172 151552 196624 212992
1 7 4101 9728 10241 11264 12289 25088 28672 32960 33152 33536 49664 65584 65632 98368 131084 131096 135172 151552 180224 196624 229376
1 7 4101 9728 10241 11264 12289 25088 28672 32960 33152 33536 49664 65632 98368 114688 131084 131096 131120 135172 151552 196640 212992
1 7 4101 9728 10241 11264 12289 25088 28672 32960 33152 33536 49664 65632 98368 131084 131096 131120 135172 151552 180224 196640 229376
1 7 4101 9728 10241 11264 12289 25088 28672 33152 33536 49280 49664 65584 65632 65728 82048 86016 131084 131096 135172 196624 200704
1 7 4101 9728 10241 11264 12289 25088 28672 33152 33536 49280 49664 65584 65632 65728 82048 131084 131096 135172 151552 196624 212992
1 7 4101 9728 10241 11264 12289 25088 28672 33152 33536 49280 49664 65632 65728 82048 131084 131096 131120 135172 151552 196640 212992
1 7 4101 9728 10241 11264 12289 25088 28672 33152 33536 49664 53248 65584 65632 65728 98432 102400 131084 131096 135172 196624 200704
1 7 4101 9728 10241 11264 12289 25088 28672 33152 33536 49664 53248 65584 65632 65728 98432 131084 131096 135172 167936 196624 229376
1 7 4101 9728 10241 11264 12289 25088 28672 33152 33536 49664 65584 65632 65728 86016 98432 114688 131084 131096 135172 196624 200704
1 7 4101 9728 10241 11264 12289 25088 28672 33152 33536 49664 65584 65632 65728 98432 114688 131084 131096 135172 151552 196624 212992
1 7 4101 9728 10241 11264 12289 25088 28672 33152 33536 49664 65584 65632 65728 98432 131084 131096 135172 151552 180224 196624 229376
1 7 4101 9728 10241 11264 12289 25088 28672 33152 33536 49664 65632 65728 98432 114688 131084 131096 131120 135172 151552 196640 212992
1 7 4101 9728 10241 11264 12289 25088 28672 33152 33536 49664 65632 65728 98432 131084 131096 131120 135172 151552 180224 196640 229376
1 7 4101 9728 10241 11264 12289 25088 28672 33536 49408 49664 65632 65728 65920 82176 131084 131096 131120 135172 151552 196640 212992
1 7 4101 9728 10241 11264 12289 25088 28672 33536 49664 65632 65728 65920 98560 114688 131084 131096 131120 135172 151552 196640 212992
1 7 4101 9728 10241 11264 12289 25088 28672 33536 49664 65632 65728 65920 98560 131084 131096 131120 135172 151552 180224 196640 229376
1 7 4101 9728 10241 11264 12289 28672 32780 32792 32816 36868 53248 57344 65632 65728 65920 98336 106496 131840 139776 196864 204800
1 7 4101 9728 10241 11264 12289 28672 32780 32792 32816 36868 53248 57344 65632 65728 65920 98336 131840 139776 172032 196864 229376
1 7 4101 9728 10241 11264 12289 28672 32780 32792 32816 36868 53248 57344 65632 65728 98336 106496 131456 131840 139776 196736 204800
1 7 4101 9728 10241 11264 12289 28672 32780 32792 36868 53248 57344 65584 65632 65728 98320 106496 131456 131840 139776 196736 204800
1 7 4101 9728 10241 11264 12289 28672 32780 32792 36868 53248 57344 65584 65632 65728 98320 131456 131840 139776 172032 196736 229376
1 7 4101 9728 10241 11264 12289 28672 32780 32792 36868 53248 57344 65584 65632 98320 106496 131264 131456 131840 139776 196672 204800
1 7 4101 9728 10241 11264 12289 28672 32780 32792 36868 53248 57344 65584 65632 98320 131264 131456 131840 139776 172032 196672 229376
1 7 4101 9728 10241 11264 12289 28672 32780 36868 53248 57344 65560 65584 65632 98312 106496 131264 131456 131840 139776 196672 204800
1 7 4101 9728 10241 11264 12289 28672 32780 36868 53248 57344 65560 65584 65632 98312 131264 131456 131840 139776 172032 196672 229376
1 7 4101 9728 10241 11264 12289 28672 32792 32816 32864 36872 53248 57344 65548 69636 69640 131264 131456 131840 139776 163904 172032
1 7 4101 9728 10241 11264 12289 28672 32792 32816 32864 49160 57344 65728 65920 66304 74240 98368 106496 131084 135172 147464 151552
1 7 4101 9728 10241 11264 12289 28672 32792 32816 32864 53248 57344 65548 69636 98312 102400 131264 131456 131840 139776 163904 172032
1 7 4101 9728 10241 11264 12289 28672 32792 32816 32864 57344 65548 69636 86016 98312 114688 131264 131456 131840 139776 163904 172032
1 7 4101 9728 10241 11264 12289 28672 32816 32864 32960 49168 57344 65920 66304 74240 98432 106496 131084 131096 135172 147472 151552
1 7 4101 9728 10241 11264 12289 28672 32816 32864 32960 53248 57344 65548 65560 69636 98320 102400 131456 131840 139776 163968 172032
1 7 4101 9728 10241 11264 12289 28672 32816 32864 32960 57344 65548 65560 69636 86016 98320 114688 131456 131840 139776 163968 172032
1 7 4101 9728 10241 11264 12289 28672 32816 32864 49168 57344 65728 65920 66304 74240 98368 106496 131084 131096 135172 147472 151552
1 7 4101 9728 10241 11264 12289 28672 32816 32864 53248 57344 65548 65560 69636 98320 102400 131264 131456 131840 139776 163904 172032
1 7 4101 9728 10241 11264 12289 28672 32816 32864 57344 65548 65560 69636 86016 98320 114688 131264 131456 131840 139776 163904 172032
1 7 4101 9728 10241 11264 12289 28672 32864 32960 33152 57344 65548 65560 65584 69636 86016 98336 114688 131840 139776 164096 172032
1 7 4101 9728 10241 11264 12289 28672 32864 32960 57344 65548 65560 65584 69636 86016 98336 114688 131456 131840 139776 163968 172032
1 7 4101 9728 10241 11264 12289 28672 32864 57344 65548 65560 65584 69636 86016 98336 114688 131264 131456 131840 139776 163904 172032
1 7 4101 9728 10241 11264 12289 28672 32960 33152 33536 41472 49216 57344 65560 65584 65632 69640 81984 86016 131084 135172 135176
1 7 4101 9728 10241 11264 12289 28672 32960 33152 33536 41472 49216 57344 65560 65584 65632 81928 81984 131084 135172 147464 151552
1 7 4101 9728 10241 11264 12289 28672 32960 33152 33536 41472 49216 57344 65560 65584 65632 81984 86016 131084 135172 196616 200704
1 7 4101 9728 10241 11264 12289 28672 32960 33152 33536 41472 49216 57344 65560 65584 65632 81984 131084 135172 151552 196616 212992
1 7 4101 9728 10241 11264 12289 28672 32960 33152 33536 41472 49216 57344 65584 65632 81936 81984 131084 131096 135172 147472 151552
1 7 4101 9728 10241 11264 12289 28672 32960 33152 33536 41472 49216 57344 65584 65632 81984 86016 131084 131096 135172 196624 200704
1 7 4101 9728 10241 11264 12289 28672 32960 33152 33536 41472 49216 57344 65584 65632 81984 131084 131096 135172 151552 196624 212992
1 7 4101 9728 10241 11264 12289 28672 32960 33152 33536 41472 49216 57344 65632 81984 131084 131096 131120 135172 151552 196640 212992
1 7 4101 9728 10241 11264 12289 28672 32960 33152 33536 41472 53248 57344 65548 65560 69636 102400 131120 131168 163904 196624 229376
1 7 4101 9728 10241 11264 12289 28672 32960 33152 33536 41472 53248 57344 65548 69636 102400 131096 131120 131168 163904 196616 229376
1 7 4101 9728 10241 11264 12289 28672 32960 33152 33536 41472 53248 57344 65560 65584 65632 69640 98368 102400 131084 135172 135176
1 7 4101 9728 10241 11264 12289 28672 32960 33152 33536 41472 53248 57344 65560 65584 65632 98368 102400 131084 135172 196616 200704
1 7 4101 9728 10241 11264 12289 28672 32960 33152 33536 41472 53248 57344 65584 65632 98368 102400 131084 131096 135172 196624 200704
1 7 4101 9728 10241 11264 12289 28672 32960 33152 33536 41472 57344 65548 65560 69636 86016 114688 131120 131168 163904 196624 229376
1 7 4101 9728 10241 11264 12289 28672 32960 33152 33536 41472 57344 65548 69636 86016 114688 131096 131120 131168 163904 196616 229376
1 7 4101 9728 10241 11264 12289 28672 32960 33152 33536 41472 57344 65560 65584 65632 69640 86016 98368 114688 131084 135172 135176
1 7 4101 9728 10241 11264 12289 28672 32960 33152 33536 41472 57344 65560 65584 65632 81928 98368 114688 131084 135172 147464 151552
1 7 4101 9728 10241 11264 12289 28672 32960 33152 33536 41472 57344 65560 65584 65632 86016 98368 114688 131084 135172 196616 200704
1 7 4101 9728 10241 11264 12289 28672 32960 33152 33536 41472 57344 65560 65584 65632 98368 114688 131084 135172 151552 196616 212992
1 7 4101 9728 10241 11264 12289 28672 32960 33152 33536 41472 57344 65584 65632 81936 98368 114688 131084 131096 135172 147472 151552
1 7 4101 9728 10241 11264 12289 28672 32960 33152 33536 41472 57344 65584 65632 86016 98368 114688 131084 131096 135172 196624 200704
1 7 4101 9728 10241 11264 12289 28672 32960 33152 33536 41472 57344 65584 65632 98368 114688 131084 131096 135172 151552 196624 212992
1 7 4101 9728 10241 11264 12289 28672 32960 33152 33536 41472 57344 65632 98368 114688 131084 131096 131120 135172 151552 196640 212992
1 7 4101 9728 10241 11264 12289 28672 33152 33536 41472 49280 57344 65584 65632 65728 81936 82048 131084 131096 135172 147472 151552
1 7 4101 9728 10241 11264 12289 28672 33152 33536 41472 49280 57344 65584 65632 65728 82048 86016 131084 131096 135172 196624 200704
1 7 4101 9728 10241 11264 12289 28672 33152 33536 41472 49280 57344 65584 65632 65728 82048 131084 131096 135172 151552 196624 212992
2 7 4101 9728 10241 11264 12289 28672 33152 33536 41472 49280 57344 65632 65728 82048 131084 131096 131120 135172 151552 196640 212992
1 7 4101 9728 10241 11264 12289 28672 33152 33536 41472 53248 57344 65548 65560 69636 102400 131120 131168 131264 163968 196624 229376
1 7 4101 9728 10241 11264 12289 28672 33152 33536 41472 53248 57344 65584 65632 65728 98432 102400 131084 131096 135172 196624 200704
1 7 4101 9728 10241 11264 12289 28672 33152 33536 41472 57344 65548 65560 69636 86016 114688 131120 131168 131264 163968 196624 229376
1 7 4101 9728 10241 11264 12289 28672 33152 33536 41472 57344 65584 65632 65728 81936 98432 114688 131084 131096 135172 147472 151552
1 7 4101 9728 10241 11264 12289 28672 33152 33536 41472 57344 65584 65632 65728 86016 98432 114688 131084 131096 135172 196624 200704
1 7 4101 9728 10241 11264 12289 28672 33152 33536 41472 57344 65584 65632 65728 98432 114688 131084 131096 135172 151552 196624 212992
2 7 4101 9728 10241 11264 12289 28672 33152 33536 41472 57344 65632 65728 98432 114688 131084 131096 131120 135172 151552 196640 212992
1 7 4101 9728 10241 12289 16396 16408 20484 28672 32816 32864 32960 49168 57344 65920 66304 74240 98432 106496 134144 140288 141312
1 7 4101 9728 10241 12289 16396 16408 20484 28672 32816 32864 49168 57344 65728 65920 66304 74240 98368 106496 134144 140288 141312
1 7 4101 9728 10241 12289 16396 16408 20484 28672 32960 33152 33536 41472 57344 65584 65632 81936 98368 114688 134144 140288 141312
1 7 4101 9728 10241 12289 16396 16408 20484 28672 33152 33536 41472 57344 65584 65632 65728 81936 98432 114688 134144 140288 141312
1 7 4101 9728 10241 12289 16396 20484 28672 32792 32816 32864 49160 57344 65728 65920 66304 74240 98368 106496 134144 140288 141312
1 7 4101 9728 10241 12289 16396 20484 28672 32960 33152 33536 41472 57344 65560 65584 65632 81928 98368 114688 134144 140288 141312
1 7 4101 9728 10241 12289 16408 16432 16480 20488 28672 32960 33152 33536 41472 49216 57344 68608 74752 75776 131084 135172 135176
1 7 4101 9728 10241 12289 16408 16432 16480 28672 32960 33152 33536 41472 49216 57344 68608 74752 75776 131084 135172 147464 151552
1 7 4101 9728 10241 12289 16432 16480 16576 28672 33152 33536 41472 49280 57344 68608 74752 75776 131084 131096 135172 147472 151552
1 7 4101 9728 10241 12289 16432 16480 28672 32960 33152 33536 41472 49216 57344 68608 74752 75776 131084 131096 135172 147472 151552
1 7 4101 9728 10241 12289 16576 16768 17152 25088 28672 32792 32816 32864 36872 49216 53248 65548 69636 69640 134144 140288 141312
1 7 4101 9728 10241 12289 16576 16768 17152 25088 28672 32792 32816 32864 49216 53248 65548 69636 98312 102400 134144 140288 141312
1 7 4101 9728 10241 12289 16576 16768 17152 25088 28672 32792 32816 32864 49216 65548 69636 86016 98312 114688 134144 140288 141312
1 7 4101 9728 10241 12289 16576 16768 17152 25088 28672 32816 32864 49216 53248 65548 65560 69636 98320 102400 134144 140288 141312
1 7 4101 9728 10241 12289 16576 16768 17152 25088 28672 32816 32864 49216 65548 65560 69636 86016 98320 114688 134144 140288 141312
1 7 4101 9728 10241 12289 16768 17152 25088 28672 32816 32864 32960 49280 53248 65548 65560 69636 98320 102400 134144 140288 141312
1 7 4101 9728 10241 12289 16768 17152 25088 28672 32816 32864 32960 49280 65548 65560 69636 86016 98320 114688 134144 140288 141312
1 7 4101 9728 11264 12289 16396 16408 20484 28672 32816 32864 32960 49168 57344 65920 66304 74240 98432 106496 133121 139265 141312
1 7 4101 9728 11264 12289 16396 16408 20484 28672 32816 32864 49168 57344 65728 65920 66304 74240 98368 106496 133121 139265 141312
1 7 4101 9728 11264 12289 16396 16408 20484 28672 32960 33152 33536 41472 57344 65584 65632 81936 98368 114688 133121 139265 141312
1 7 4101 9728 11264 12289 16396 16408 20484 28672 33152 33536 41472 57344 65584 65632 65728 81936 98432 114688 133121 139265 141312
1 7 4101 9728 11264 12289 16396 20484 28672 32792 32816 32864 49160 57344 65728 65920 66304 74240 98368 106496 133121 139265 141312
1 7 4101 9728 11264 12289 16396 20484 28672 32960 33152 33536 41472 57344 65560 65584 65632 81928 98368 114688 133121 139265 141312
1 7 4101 9728 11264 12289 16408 16432 16480 20488 28672 32960 33152 33536 41472 49216 57344 67585 73729 75776 131084 135172 135176
1 7 4101 9728 11264 12289 16408 16432 16480 28672 32960 33152 33536 41472 49216 57344 67585 73729 75776 131084 135172 147464 151552
1 7 4101 9728 11264 12289 16432 16480 16576 28672 33152 33536 41472 49280 57344 67585 73729 75776 131084 131096 135172 147472 151552
1 7 4101 9728 11264 12289 16432 16480 28672 32960 33152 33536 41472 49216 57344 67585 73729 75776 131084 131096 135172 147472 151552
1 7 4101 9728 11264 12289 16576 16768 17152 25088 28672 32792 32816 32864 36872 49216 53248 65548 69636 69640 133121 139265 141312
1 7 4101 9728 11264 12289 16576 16768 17152 25088 28672 32792 32816 32864 49216 53248 65548 69636 98312 102400 133121 139265 141312
1 7 4101 9728 11264 12289 16576 16768 17152 25088 28672 32792 32816 32864 49216 65548 69636 86016 98312 114688 133121 139265 141312
1 7 4101 9728 11264 12289 16576 16768 17152 25088 28672 32816 32864 49216 53248 65548 65560 69636 98320 102400 133121 139265 141312
1 7 4101 9728 11264 12289 16576 16768 17152 25088 28672 32816 32864 49216 65548 65560 69636 86016 98320 114688 133121 139265 141312
1 7 4101 9728 11264 12289 16768 17152 25088 28672 32816 32864 32960 49280 53248 65548 65560 69636 98320 102400 133121 139265 141312
1 7 4101 9728 11264 12289 16768 17152 25088 28672 32816 32864 32960 49280 65548 65560 69636 86016 98320 114688 133121 139265 141312
1 7 4101 9728 12289 16396 16408 20484 28672 32816 32864 32960 49168 57344 65920 66304 74240 98432 106496 133121 134144 139265 140288
1 7 4101 9728 12289 16396 16408 20484 28672 32816 32864 49168 57344 65728 65920 66304 74240 98368 106496 133121 134144 139265 140288
1 7 4101 9728 12289 16396 16408 20484 28672 32960 33152 33536 41472 57344 65584 65632 81936 98368 114688 133121 134144 139265 140288
1 7 4101 9728 12289 16396 16408 20484 28672 33152 33536 41472 57344 65584 65632 65728 81936 98432 114688 133121 134144 139265 140288
1 7 4101 9728 12289 16396 20484 28672 32792 32816 32864 49160 57344 65728 65920 66304 74240 98368 106496 133121 134144 139265 140288
1 7 4101 9728 12289 16396 20484 28672 32960 33152 33536 41472 57344 65560 65584 65632 81928 98368 114688 133121 134144 139265 140288
1 7 4101 9728 12289 16408 16432 16480 20488 28672 32960 33152 33536 41472 49216 57344 67585 68608 73729 74752 131084 135172 135176
1 7 4101 9728 12289 16408 16432 16480 28672 32960 33152 33536 41472 49216 57344 67585 68608 73729 74752 131084 135172 147464 151552
1 7 4101 9728 12289 16432 16480 16576 28672 33152 33536 41472 49280 57344 67585 68608 73729 74752 131084 131096 135172 147472 151552
1 7 4101 9728 12289 16432 16480 28672 32960 33152 33536 41472 49216 57344 67585 68608 73729 74752 131084 131096 135172 147472 151552
1 7 4101 9728 12289 16576 16768 17152 25088 28672 32792 32816 32864 36872 49216 53248 65548 69636 69640 133121 134144 139265 140288
1 7 4101 9728 12289 16576 16768 17152 25088 28672 32792 32816 32864 49216 53248 65548 69636 98312 102400 133121 134144 139265 140288
1 7 4101 9728 12289 16576 16768 17152 25088 28672 32792 32816 32864 49216 65548 69636 86016 98312 114688 133121 134144 139265 140288
1 7 4101 9728 12289 16576 16768 17152 25088 28672 32816 32864 49216 53248 65548 65560 69636 98320 102400 133121 134144 139265 140288
1 7 4101 9728 12289 16576 16768 17152 25088 28672 32816 32864 49216 65548 65560 69636 86016 98320 114688 133121 134144 139265 140288
1 7 4101 9728 12289 16768 17152 25088 28672 32816 32864 32960 49280 53248 65548 65560 69636 98320 102400 133121 134144 139265 140288
1 7 4101 9728 12289 16768 17152 25088 28672 32816 32864 32960 49280 65548 65560 69636 86016 98320 114688 133121 134144 139265 140288
1 7 4101 10241 11264 12289 16396 16408 16432 28672 32864 32960 33152 49184 57344 66304 67072 74752 98560 106496 135172 147460 151552
1 7 4101 10241 11264 12289 16396 16408 16432 28672 32864 32960 49184 57344 65920 66304 67072 74752 98432 106496 135172 147460 151552
1 7 4101 10241 11264 12289 16396 16408 16432 28672 33152 33536 34304 41984 57344 65632 65728 81952 98432 114688 135172 147460 151552
1 7 4101 10241 11264 12289 16396 16408 16432 28672 33536 34304 41984 57344 65632 65728 65920 81952 98560 114688 135172 147460 151552
1 7 4101 10241 11264 12289 16396 16408 20484 28672 32816 32864 32960 49168 57344 65920 66304 67072 74752 98432 172032 204800 229376
1 7 4101 10241 11264 12289 16396 16408 20484 28672 32816 32864 32960 49168 57344 65920 66304 67072 98432 106496 140288 197632 204800
1 7 4101 10241 11264 12289 16396 16408 20484 28672 32816 32864 32960 49168 57344 65920 66304 67072 98432 140288 172032 197632 229376
1 7 4101 10241 11264 12289 16396 16408 20484 28672 32816 32864 32960 49168 57344 65920 66304 74240 98432 106496 132608 139776 140288
1 7 4101 10241 11264 12289 16396 16408 20484 28672 32816 32864 32960 49168 57344 65920 66304 74752 98432 106496 132608 197120 197632
1 7 4101 10241 11264 12289 16396 16408 20484 28672 32816 32864 32960 49168 57344 65920 66304 98432 106496 132608 140288 197120 204800
1 7 4101 10241 11264 12289 16396 16408 20484 28672 32816 32864 32960 49168 57344 65920 66304 98432 132608 140288 172032 197120 229376
1 7 4101 10241 11264 12289 16396 16408 20484 28672 32816 32864 32960 49168 57344 65920 67072 74752 98432 106496 131840 196864 197120
1 7 4101 10241 11264 12289 16396 16408 20484 28672 32816 32864 32960 49168 57344 65920 74752 98432 106496 131840 132608 196864 197632
1 7 4101 10241 11264 12289 16396 16408 20484 28672 32816 32864 32960 49168 57344 65920 98432 106496 131840 132608 140288 196864 204800
1 7 4101 10241 11264 12289 16396 16408 20484 28672 32816 32864 32960 49168 57344 65920 98432 131840 132608 140288 172032 196864 229376
1 7 4101 10241 11264 12289 16396 16408 20484 28672 32816 32864 32960 49168 57344 66304 67072 74752 98432 106496 131456 196736 196864
1 7 4101 10241 11264 12289 16396 16408 20484 28672 32816 32864 32960 49168 57344 67072 74752 98432 106496 131456 131840 196736 197120
1 7 4101 10241 11264 12289 16396 16408 20484 28672 32816 32864 32960 49168 57344 74752 98432 106496 131456 131840 132608 196736 197632
1 7 4101 10241 11264 12289 16396 16408 20484 28672 32816 32864 32960 49168 57344 98432 106496 131456 131840 132608 140288 196736 204800
1 7 4101 10241 11264 12289 16396 16408 20484 28672 32816 32864 32960 49168 57344 98432 131456 131840 132608 140288 172032 196736 229376
1 7 4101 10241 11264 12289 16396 16408 20484 28672 32816 32864 32960 57344 81936 98320 114688 131456 131840 132608 140288 163968 172032
1 7 4101 10241 11264 12289 16396 16408 20484 28672 32816 32864 49168 57344 65728 65920 66304 74240 98368 106496 132608 139776 140288
1 7 4101 10241 11264 12289 16396 16408 20484 28672 32816 32864 49168 57344 65728 65920 66304 98368 106496 132608 140288 197120 204800
1 7 4101 10241 11264 12289 16396 16408 20484 28672 32816 32864 49168 57344 65728 65920 66304 98368 132608 140288 172032 197120 229376
1 7 4101 10241 11264 12289 16396 16408 20484 28672 32816 32864 49168 57344 65728 65920 98368 106496 131840 132608 140288 196864 204800
1 7 4101 10241 11264 12289 16396 16408 20484 28672 32816 32864 49168 57344 65728 65920 98368 131840 132608 140288 172032 196864 229376
1 7 4101 10241 11264 12289 16396 16408 20484 28672 32816 32864 49168 57344 65728 98368 98432 131456 131840 132608 140288 163968 172032
1 7 4101 10241 11264 12289 16396 16408 20484 28672 32816 32864 49168 57344 65728 98368 106496 131456 131840 132608 140288 196736 204800
1 7 4101 10241 11264 12289 16396 16408 20484 28672 32816 32864 49168 57344 65728 98368 131456 131840 132608 140288 172032 196736 229376
1 7 4101 10241 11264 12289 16396 16408 20484 28672 32816 32960 49168 57344 65632 98336 98368 131456 131840 132608 140288 163968 172032
1 7 4101 10241 11264 12289 16396 16408 20484 28672 32816 49168 57344 65632 65728 65920 98336 106496 131840 132608 140288 196864 204800
1 7 4101 10241 11264 12289 16396 16408 20484 28672 32816 49168 57344 65632 65728 65920 98336 131840 132608 140288 172032 196864 229376
1 7 4101 10241 11264 12289 16396 16408 20484 28672 32816 49168 57344 65632 65728 98336 98432 131456 131840 132608 140288 163968 172032
1 7 4101 10241 11264 12289 16396 16408 20484 28672 32816 49168 57344 65632 65728 98336 106496 131456 131840 132608 140288 196736 204800
1 7 4101 10241 11264 12289 16396 16408 20484 28672 32816 49168 57344 65632 65728 98336 131456 131840 132608 140288 172032 196736 229376
1 7 4101 10241 11264 12289 16396 16408 20484 28672 32864 32960 33152 49184 57344 66304 67072 74752 98560 106496 131120 147472 147488
1 7 4101 10241 11264 12289 16396 16408 20484 28672 32864 32960 33152 57344 65584 81936 98336 114688 131840 132608 140288 164096 172032
1 7 4101 10241 11264 12289 16396 16408 20484 28672 32864 32960 49168 57344 65584 98320 98336 131456 131840 132608 140288 163968 172032
1 7 4101 10241 11264 12289 16396 16408 20484 28672 32864 32960 49184 57344 65920 66304 67072 74752 98432 106496 131120 147472 147488
1 7 4101 10241 11264 12289 16396 16408 20484 28672 32864 32960 57344 65584 81936 98336 114688 131456 131840 132608 140288 163968 172032
2 7 4101 10241 11264 12289 16396 16408 20484 28672 32960 33152 57344 65584 65632 81936 98368 114688 131840 132608 140288 164096 172032
1 7 4101 10241 11264 12289 16396 16408 20484 28672 32960 49168 57344 65584 65632 98320 98368 131456 131840 132608 140288 163968 172032
1 7 4101 10241 11264 12289 16396 16408 20484 28672 32960 57344 65584 65632 81936 98368 114688 131456 131840 132608 140288 163968 172032
1 7 4101 10241 11264 12289 16396 16408 20484 28672 41984 57344 65584 65632 65728 81936 98432 114688 131456 131840 132608 163968 164864
1 7 4101 10241 11264 12289 16396 16408 20484 28672 41984 57344 65584 65632 65728 81936 114688 131456 131840 132608 164864 196736 229376
1 7 4101 10241 11264 12289 16396 16408 20484 28672 41984 57344 65920 66304 67072 99328 114688 131120 131168 131264 147472 196736 212992
2 7 4101 10241 11264 12289 16396 16408 20484 28672 57344 65584 65632 65728 81936 98432 114688 131456 131840 132608 140288 163968 172032
1 7 4101 10241 11264 12289 16396 16408 20484 28672 57344 65584 65632 65728 81936 106496 114688 131456 131840 132608 140288 196736 204800
2 7 4101 10241 11264 12289 16396 16408 20484 28672 57344 65584 65632 65728 81936 114688 131456 131840 132608 140288 172032 196736 229376
1 7 4101 10241 11264 12289 16396 16408 28672 32816 32864 32960 49168 57344 65920 66304 67072 74752 98432 106496 135172 147460 151552
1 7 4101 10241 11264 12289 16396 16408 28672 33152 33536 34304 41984 57344 65584 65632 65728 81936 98432 114688 135172 147460 151552
1 7 4101 10241 11264 12289 16396 20484 28672 32792 32816 32864 49160 57344 65728 65920 66304 74240 98368 106496 132608 139776 140288
1 7 4101 10241 11264 12289 16396 20484 28672 32792 32816 32864 49160 57344 65728 65920 66304 98368 106496 132608 140288 197120 204800
1 7 4101 10241 11264 12289 16396 20484 28672 32792 32816 32864 49160 57344 65728 65920 66304 98368 132608 140288 172032 197120 229376
1 7 4101 10241 11264 12289 16396 20484 28672 32792 32816 32864 49160 57344 65728 65920 98368 106496 131840 132608 140288 196864 204800
1 7 4101 10241 11264 12289 16396 20484 28672 32792 32816 32864 49160 57344 65728 65920 98368 131840 132608 140288 172032 196864 229376
1 7 4101 10241 11264 12289 16396 20484 28672 32792 32816 49160 57344 65632 65728 65920 98336 106496 131840 132608 140288 196864 204800
1 7 4101 10241 11264 12289 16396 20484 28672 32792 32816 49160 57344 65632 65728 65920 98336 131840 132608 140288 172032 196864 229376
1 7 4101 10241 11264 12289 16396 20484 28672 32792 32816 49160 57344 65632 65728 98336 106496 131456 131840 132608 140288 196736 204800
1 7 4101 10241 11264 12289 16396 20484 28672 32792 32816 49160 57344 65632 65728 98336 131456 131840 132608 140288 172032 196736 229376
1 7 4101 10241 11264 12289 16396 20484 28672 32792 49160 57344 65584 65632 65728 98320 106496 131456 131840 132608 140288 196736 204800
1 7 4101 10241 11264 12289 16396 20484 28672 32792 49160 57344 65584 65632 65728 98320 131456 131840 132608 140288 172032 196736 229376
1 7 4101 10241 11264 12289 16396 20484 28672 32816 32864 32960 49168 57344 65920 66304 67072 74752 98432 106496 131096 147464 147472
1 7 4101 10241 11264 12289 16396 20484 28672 32816 32864 32960 57344 65560 81928 98320 114688 131456 131840 132608 140288 163968 172032
1 7 4101 10241 11264 12289 16396 20484 28672 32864 32960 33152 49184 57344 66304 67072 74752 98560 106496 131096 131120 147464 147488
1 7 4101 10241 11264 12289 16396 20484 28672 32864 32960 33152 57344 65560 65584 81928 98336 114688 131840 132608 140288 164096 172032
1 7 4101 10241 11264 12289 16396 20484 28672 32864 32960 49184 57344 65920 66304 67072 74752 98432 106496 131096 131120 147464 147488
1 7 4101 10241 11264 12289 16396 20484 28672 32864 32960 57344 65560 65584 81928 98336 114688 131456 131840 132608 140288 163968 172032
1 7 4101 10241 11264 12289 16396 20484 28672 32960 33152 33536 41472 57344 65560 65584 65632 81928 98368 114688 132608 139776 140288
1 7 4101 10241 11264 12289 16396 20484 28672 32960 33152 33536 57344 65560 65584 65632 81928 98368 114688 132608 140288 164352 172032
1 7 4101 10241 11264 12289 16396 20484 28672 32960 33152 57344 65560 65584 65632 81928 98368 114688 131840 132608 140288 164096 172032
1 7 4101 10241 11264 12289 16396 20484 28672 33152 33536 34304 41984 57344 65560 65584 81928 114688 131168 131264 163968 196640 229376
1 7 4101 10241 11264 12289 16396 20484 28672 33152 33536 34304 41984 57344 65560 81928 114688 131120 131168 131264 163968 196624 229376
1 7 4101 10241 11264 12289 16396 20484 28672 33152 33536 34304 41984 57344 65584 65632 65728 81936 98432 114688 131096 147464 147472
1 7 4101 10241 11264 12289 16396 20484 28672 33152 33536 34304 41984 57344 65584 65632 65728 98432 114688 131096 147464 196624 212992
1 7 4101 10241 11264 12289 16396 20484 28672 33152 33536 34304 41984 57344 65632 65728 81952 98432 114688 131096 131120 147464 147488
1 7 4101 10241 11264 12289 16396 20484 28672 33152 33536 34304 41984 57344 65632 65728 98432 114688 131096 131120 147464 196640 212992
1 7 4101 10241 11264 12289 16396 20484 28672 33536 34304 41984 57344 65560 65584 65632 81928 114688 131264 131456 164096 196672 229376
1 7 4101 10241 11264 12289 16396 20484 28672 33536 34304 41984 57344 65560 65584 81928 114688 131168 131264 131456 164096 196640 229376
1 7 4101 10241 11264 12289 16396 20484 28672 33536 34304 41984 57344 65632 65728 65920 81952 98560 114688 131096 131120 147464 147488
1 7 4101 10241 11264 12289 16396 20484 28672 33536 34304 41984 57344 65632 65728 65920 98560 114688 131096 131120 147464 196640 212992
1 7 4101 10241 11264 12289 16396 20484 28672 33536 34304 41984 57344 65728 65920 98560 114688 131096 131120 131168 147464 196672 212992
1 7 4101 10241 11264 12289 16396 20484 28672 34304 41984 57344 65560 65584 65632 81928 114688 131264 131456 131840 164352 196672 229376
1 7 4101 10241 11264 12289 16396 20484 28672 34304 41984 57344 65728 65920 66304 98816 114688 131096 131120 131168 147464 196672 212992
1 7 4101 10241 11264 12289 16408 16432 16480 20488 28672 32960 33152 33536 41472 49216 57344 67072 74240 74752 131084 135172 135176
1 7 4101 10241 11264 12289 16408 16432 16480 20488 28672 32960 33152 33536 49216 57344 67072 74752 98816 106496 131084 135172 135176
1 7 4101 10241 11264 12289 16408 16432 16480 20488 28672 32960 33152 49216 57344 66304 67072 74752 98560 106496 131084 135172 135176
1 7 4101 10241 11264 12289 16408 16432 16480 20488 28672 33536 34304 41984 57344 65728 65920 81984 98560 114688 131084 135172 135176
1 7 4101 10241 11264 12289 16408 16432 16480 20488 28672 34304 41984 57344 65728 65920 66304 81984 98816 114688 131084 135172 135176
1 7 4101 10241 11264 12289 16408 16432 16480 28672 32960 33152 33536 41472 49216 57344 67072 74240 74752 131084 135172 147464 151552
1 7 4101 10241 11264 12289 16408 16432 16480 28672 32960 33152 33536 49216 57344 67072 74752 98816 106496 131084 135172 147464 151552
1 7 4101 10241 11264 12289 16408 16432 16480 28672 32960 33152 49216 57344 66304 67072 74752 98560 106496 131084 135172 147464 151552
1 7 4101 10241 11264 12289 16408 16432 16480 28672 33536 34304 41984 57344 65728 65920 81984 98560 114688 131084 135172 147464 151552
1 7 4101 10241 11264 12289 16408 16432 16480 28672 34304 41984 57344 65728 65920 66304 81984 98816 114688 131084 135172 147464 151552
1 7 4101 10241 11264 12289 16408 16432 20488 28672 32864 32960 33152 49184 57344 66304 67072 74752 98560 106496 131084 135172 135176
1 7 4101 10241 11264 12289 16408 16432 20488 28672 32864 32960 49184 57344 65920 66304 67072 74752 98432 106496 131084 135172 135176
1 7 4101 10241 11264 12289 16408 16432 20488 28672 33152 33536 34304 41984 57344 65632 65728 81952 98432 114688 131084 135172 135176
1 7 4101 10241 11264 12289 16408 16432 20488 28672 33536 34304 41984 57344 65632 65728 65920 81952 98560 114688 131084 135172 135176
1 7 4101 10241 11264 12289 16408 16432 28672 32864 32960 33152 49184 57344 66304 67072 74752 98560 106496 131084 135172 147464 151552
1 7 4101 10241 11264 12289 16408 16432 28672 32864 32960 49184 57344 65920 66304 67072 74752 98432 106496 131084 135172 147464 151552
1 7 4101 10241 11264 12289 16408 16432 28672 33152 33536 34304 41984 57344 65632 65728 81952 98432 114688 131084 135172 147464 151552
1 7 4101 10241 11264 12289 16408 16432 28672 33536 34304 41984 57344 65632 65728 65920 81952 98560 114688 131084 135172 147464 151552
1 7 4101 10241 11264 12289 16408 20484 28672 32816 32864 32960 49168 57344 65920 66304 67072 74752 98432 106496 131084 147460 147464
1 7 4101 10241 11264 12289 16408 20484 28672 33152 33536 34304 41984 57344 65584 65632 65728 81936 98432 114688 131084 147460 147464
1 7 4101 10241 11264 12289 16408 20488 28672 32816 32864 32960 49168 57344 65920 66304 67072 74752 98432 106496 131084 135172 135176
1 7 4101 10241 11264 12289 16408 20488 28672 33152 33536 34304 41984 57344 65584 65632 65728 81936 98432 114688 131084 135172 135176
1 7 4101 10241 11264 12289 16408 28672 32816 32864 32960 49168 57344 65920 66304 67072 74752 98432 106496 131084 135172 147464 151552
1 7 4101 10241 11264 12289 16408 28672 33152 33536 34304 41984 57344 65584 65632 65728 81936 98432 114688 131084 135172 147464 151552
1 7 4101 10241 11264 12289 16432 16480 16576 28672 33152 33536 34304 41984 49280 57344 65548 65560 69636 81936 151552 200704 212992
1 7 4101 10241 11264 12289 16432 16480 16576 28672 33152 33536 34304 41984 49280 57344 65548 65560 81936 86016 135172 196612 200704
1 7 4101 10241 11264 12289 16432 16480 16576 28672 33152 33536 34304 41984 49280 57344 65548 65560 81936 135172 151552 196612 212992
1 7 4101 10241 11264 12289 16432 16480 16576 28672 33152 33536 34304 41984 49280 57344 65548 69636 81936 86016 131096 196616 196624
1 7 4101 10241 11264 12289 16432 16480 16576 28672 33152 33536 34304 41984 49280 57344 65560 69636 81936 86016 131084 196612 196616
1 7 4101 10241 11264 12289 16432 16480 16576 28672 33152 33536 34304 41984 49280 57344 65560 69640 81936 86016 131084 135172 135176
1 7 4101 10241 11264 12289 16432 16480 16576 28672 33152 33536 34304 41984 49280 57344 65560 81936 86016 131084 135172 196616 200704
1 7 4101 10241 11264 12289 16432 16480 16576 28672 33152 33536 34304 41984 49280 57344 65560 81936 131084 135172 151552 196616 212992
1 7 4101 10241 11264 12289 16432 16480 16576 28672 33152 33536 34304 41984 49280 57344 69636 81936 86016 131084 131096 196612 196624
1 7 4101 10241 11264 12289 16432 16480 16576 28672 33152 33536 34304 41984 49280 57344 81936 86016 131084 131096 135172 196624 200704
1 7 4101 10241 11264 12289 16432 16480 16576 28672 33152 33536 34304 41984 49280 57344 81936 131084 131096 135172 151552 196624 212992
1 7 4101 10241 11264 12289 16432 16480 16576 28672 33152 33536 34304 41984 57344 82048 98432 114688 131084 131096 135172 147472 151552
1 7 4101 10241 11264 12289 16432 16480 16576 28672 33152 33536 34304 49280 57344 74752 99328 106496 131084 131096 135172 147472 151552
1 7 4101 10241 11264 12289 16432 16480 16576 28672 33152 33536 41472 49280 57344 67072 74240 74752 131084 131096 135172 147472 151552
1 7 4101 10241 11264 12289 16432 16480 16576 28672 33152 33536 41984 49280 57344 67072 98816 99328 131084 131096 135172 147472 151552
1 7 4101 10241 11264 12289 16432 16480 16576 28672 33152 33536 49280 57344 67072 74752 98816 106496 131084 131096 135172 147472 151552
1 7 4101 10241 11264 12289 16432 16480 16576 28672 33152 34304 41984 49280 57344 66304 98560 98816 131084 131096 135172 147472 151552
1 7 4101 10241 11264 12289 16432 16480 16576 28672 33152 41984 49280 57344 66304 67072 98560 99328 131084 131096 135172 147472 151552
1 7 4101 10241 11264 12289 16432 16480 16576 28672 33152 49280 57344 66304 67072 74752 98560 106496 131084 131096 135172 147472 151552
1 7 4101 10241 11264 12289 16432 16480 16576 28672 33536 34304 41984 49280 57344 65920 98432 98560 131084 131096 135172 147472 151552
1 7 4101 10241 11264 12289 16432 16480 16576 28672 33536 34304 41984 57344 65920 82048 98560 114688 131084 131096 135172 147472 151552
1 7 4101 10241 11264 12289 16432 16480 16576 28672 34304 41984 49280 57344 65920 66304 98432 98816 131084 131096 135172 147472 151552
1 7 4101 10241 11264 12289 16432 16480 16576 28672 34304 41984 57344 65920 66304 82048 98816 114688 131084 131096 135172 147472 151552
1 7 4101 10241 11264 12289 16432 16480 16576 28672 41984 49280 57344 65920 66304 67072 98432 99328 131084 131096 135172 147472 151552
1 7 4101 10241 11264 12289 16432 16480 16576 28672 41984 57344 65920 66304 67072 82048 99328 114688 131084 131096 135172 147472 151552
1 7 4101 10241 11264 12289 16432 16480 16576 28672 49280 57344 65920 66304 67072 74752 98432 106496 131084 131096 135172 147472 151552
1 7 4101 10241 11264 12289 16432 16480 16576 28672 57344 65920 66304 67072 74752 82048 106496 114688 131084 131096 135172 147472 151552
1 7 4101 10241 11264 12289 16432 16480 28672 32960 33152 33536 41472 49216 57344 67072 74240 74752 131084 131096 135172 147472 151552
1 7 4101 10241 11264 12289 16432 16480 28672 32960 33152 33536 49216 57344 67072 74752 98816 106496 131084 131096 135172 147472 151552
1 7 4101 10241 11264 12289 16432 16480 28672 32960 33152 49216 57344 66304 67072 74752 98560 106496 131084 131096 135172 147472 151552
1 7 4101 10241 11264 12289 16432 16480 28672 32960 49216 57344 65920 66304 67072 74752 98432 106496 131084 131096 135172 147472 151552
1 7 4101 10241 11264 12289 16432 16480 28672 33152 33536 34304 41984 49280 57344 65728 81984 82048 131084 131096 135172 147472 151552
1 7 4101 10241 11264 12289 16432 16480 28672 33152 33536 34304 41984 57344 65728 81984 98432 114688 131084 131096 135172 147472 151552
1 7 4101 10241 11264 12289 16432 16480 28672 33536 34304 41984 57344 65728 65920 81984 98560 114688 131084 131096 135172 147472 151552
1 7 4101 10241 11264 12289 16432 16480 28672 34304 41984 57344 65728 65920 66304 81984 98816 114688 131084 131096 135172 147472 151552
1 7 4101 10241 11264 12289 16432 16576 28672 33152 33536 34304 41984 49280 57344 65632 81952 81984 131084 131096 135172 147472 151552
1 7 4101 10241 11264 12289 16432 28672 32864 32960 33152 49184 57344 66304 67072 74752 98560 106496 131084 131096 135172 147472 151552
1 7 4101 10241 11264 12289 16432 28672 32864 32960 49184 57344 65920 66304 67072 74752 98432 106496 131084 131096 135172 147472 151552
1 7 4101 10241 11264 12289 16432 28672 33152 33536 34304 41984 49280 57344 65632 65728 81952 82048 131084 131096 135172 147472 151552
1 7 4101 10241 11264 12289 16432 28672 33152 33536 34304 41984 57344 65632 65728 81952 98432 114688 131084 131096 135172 147472 151552
1 7 4101 10241 11264 12289 16432 28672 33536 34304 41984 57344 65632 65728 65920 81952 98560 114688 131084 131096 135172 147472 151552
1 7 4101 10241 11264 12289 16480 16576 16768 28672 33536 34304 41984 49408 57344 65548 65560 65584 81952 86016 135172 196612 200704
1 7 4101 10241 11264 12289 16480 16576 16768 28672 33536 34304 41984 49408 57344 65548 65560 65584 81952 135172 151552 196612 212992
1 7 4101 10241 11264 12289 16480 16576 16768 28672 33536 34304 41984 49408 57344 65548 65560 69636 81952 86016 131120 196624 196640
1 7 4101 10241 11264 12289 16480 16576 16768 28672 33536 34304 41984 49408 57344 65548 69636 81952 86016 131096 131120 196616 196640
1 7 4101 10241 11264 12289 16480 16576 16768 28672 33536 34304 41984 49408 57344 65560 65584 69640 81952 86016 131084 135172 135176
1 7 4101 10241 11264 12289 16480 16576 16768 28672 33536 34304 41984 49408 57344 65560 65584 81952 86016 131084 135172 196616 200704
1 7 4101 10241 11264 12289 16480 16576 16768 28672 33536 34304 41984 49408 57344 65560 65584 81952 131084 135172 151552 196616 212992
1 7 4101 10241 11264 12289 16480 16576 16768 28672 33536 34304 41984 49408 57344 65584 81952 86016 131084 131096 135172 196624 200704
1 7 4101 10241 11264 12289 16480 16576 16768 28672 33536 34304 41984 49408 57344 65584 81952 131084 131096 135172 151552 196624 212992
1 7 4101 10241 11264 12289 16480 16576 16768 28672 33536 34304 41984 49408 57344 69636 81952 86016 131084 131096 131120 196612 196640
1 7 4101 10241 11264 12289 16480 16576 28672 33152 33536 34304 41984 49280 57344 65548 65560 65584 81952 86016 135172 196612 200704
1 7 4101 10241 11264 12289 16480 16576 28672 33152 33536 34304 41984 49280 57344 65548 65560 65584 81952 135172 151552 196612 212992
1 7 4101 10241 11264 12289 16480 16576 28672 33152 33536 34304 41984 49280 57344 65548 65560 69636 81952 86016 131120 196624 196640
1 7 4101 10241 11264 12289 16480 16576 28672 33152 33536 34304 41984 49280 57344 65548 69636 81952 86016 131096 131120 196616 196640
1 7 4101 10241 11264 12289 16480 16576 28672 33152 33536 34304 41984 49280 57344 65560 65584 69640 81952 86016 131084 135172 135176
1 7 4101 10241 11264 12289 16480 16576 28672 33152 33536 34304 41984 49280 57344 65560 65584 81952 86016 131084 135172 196616 200704
1 7 4101 10241 11264 12289 16480 16576 28672 33152 33536 34304 41984 49280 57344 65560 65584 81952 131084 135172 151552 196616 212992
1 7 4101 10241 11264 12289 16480 16576 28672 33152 33536 34304 41984 49280 57344 65584 81936 81952 131084 131096 135172 147472 151552
1 7 4101 10241 11264 12289 16480 16576 28672 33152 33536 34304 41984 49280 57344 65584 81952 86016 131084 131096 135172 196624 200704
1 7 4101 10241 11264 12289 16480 16576 28672 33152 33536 34304 41984 49280 57344 65584 81952 131084 131096 135172 151552 196624 212992
1 7 4101 10241 11264 12289 16480 16576 28672 33152 33536 34304 41984 49280 57344 69636 81952 86016 131084 131096 131120 196612 196640
1 7 4101 10241 11264 12289 16576 16768 17152 25088 28672 32792 32816 32864 36872 49216 53248 65548 69636 69640 132608 139776 140288
1 7 4101 10241 11264 12289 16576 16768 17152 25088 28672 32792 32816 32864 49216 53248 65548 69636 98312 102400 132608 139776 140288
1 7 4101 10241 11264 12289 16576 16768 17152 25088 28672 32792 32816 32864 49216 65548 69636 86016 98312 114688 132608 139776 140288
1 7 4101 10241 11264 12289 16576 16768 17152 25088 28672 32816 32864 49216 53248 65548 65560 69636 98320 102400 132608 139776 140288
1 7 4101 10241 11264 12289 16576 16768 17152 28672 34304 41984 49664 57344 65560 65584 65632 69640 81984 86016 131084 135172 135176
1 7 4101 10241 11264 12289 16576 16768 17152 28672 34304 41984 49664 57344 65560 65584 65632 81984 86016 131084 135172 196616 200704
1 7 4101 10241 11264 12289 16576 16768 17152 28672 34304 41984 49664 57344 65560 65584 65632 81984 131084 135172 151552 196616 212992
1 7 4101 10241 11264 12289 16576 16768 17152 28672 34304 41984 49664 57344 65584 65632 81984 86016 131084 131096 135172 196624 200704
1 7 4101 10241 11264 12289 16576 16768 28672 33536 34304 41984 49408 57344 65560 65584 65632 69640 81984 86016 131084 135172 135176
1 7 4101 10241 11264 12289 16576 16768 28672 33536 34304 41984 49408 57344 65560 65584 65632 81984 86016 131084 135172 196616 200704
1 7 4101 10241 11264 12289 16576 16768 28672 33536 34304 41984 49408 57344 65560 65584 65632 81984 131084 135172 151552 196616 212992
1 7 4101 10241 11264 12289 16576 16768 28672 33536 34304 41984 49408 57344 65584 65632 81984 86016 131084 131096 135172 196624 200704
2 7 4101 10241 11264 12289 16576 16768 28672 33536 34304 41984 49408 57344 65584 65632 81984 131084 131096 135172 151552 196624 212992
1 7 4101 10241 11264 12289 16576 28672 33152 33536 34304 41984 49280 57344 65584 65632 81936 81984 131084 131096 135172 147472 151552
1 7 4101 10241 11264 12289 16576 28672 33152 33536 34304 41984 49280 57344 65584 65632 81984 86016 131084 131096 135172 196624 200704
1 7 4101 10241 11264 12289 16576 28672 33152 33536 34304 41984 49280 57344 65584 65632 81984 131084 131096 135172 151552 196624 212992
1 7 4101 10241 11264 12289 16768 17152 17920 25600 28672 32816 32864 32960 49280 53248 65548 65560 69636 102400 163856 196624 229376
1 7 4101 10241 11264 12289 16768 17152 17920 25600 28672 32816 32864 32960 49280 53248 65548 65560 98320 102400 135172 196612 200704
1 7 4101 10241 11264 12289 16768 17152 17920 25600 28672 32816 32864 32960 49280 53248 65548 69636 98320 102400 131096 196616 196624
1 7 4101 10241 11264 12289 16768 17152 17920 25600 28672 32816 32864 32960 49280 53248 65548 69636 102400 131096 163856 196616 229376
1 7 4101 10241 11264 12289 16768 17152 17920 25600 28672 32816 32864 32960 49280 53248 65560 69636 98320 102400 131084 196612 196616
1 7 4101 10241 11264 12289 16768 17152 17920 25600 28672 32816 32864 32960 49280 53248 65560 69640 98320 102400 131084 135172 135176
1 7 4101 10241 11264 12289 16768 17152 17920 25600 28672 32816 32864 32960 49280 53248 65560 98320 102400 131084 135172 196616 200704
1 7 4101 10241 11264 12289 16768 17152 17920 25600 28672 32816 32864 32960 49280 53248 69636 98320 102400 131084 131096 196612 196624
1 7 4101 10241 11264 12289 16768 17152 17920 25600 28672 32816 32864 32960 49280 53248 69636 102400 131084 131096 163856 196612 229376
1 7 4101 10241 11264 12289 16768 17152 17920 25600 28672 32816 32864 32960 49280 53248 98320 102400 131084 131096 135172 196624 200704
1 7 4101 10241 11264 12289 16768 17152 17920 25600 28672 32816 32864 32960 49280 53248 102400 131084 131096 135172 163856 200704 229376
1 7 4101 10241 11264 12289 16768 17152 17920 25600 28672 32816 32864 32960 49280 65548 65560 69636 98320 114688 151552 200704 212992
1 7 4101 10241 11264 12289 16768 17152 17920 25600 28672 32816 32864 32960 49280 65548 65560 86016 98320 114688 135172 196612 200704
1 7 4101 10241 11264 12289 16768 17152 17920 25600 28672 32816 32864 32960 49280 65548 65560 98320 114688 135172 151552 196612 212992
1 7 4101 10241 11264 12289 16768 17152 17920 25600 28672 32816 32864 32960 49280 65548 69636 86016 98320 114688 131096 196616 196624
1 7 4101 10241 11264 12289 16768 17152 17920 25600 28672 32816 32864 32960 49280 65548 69636 86016 114688 131096 163856 196616 229376
1 7 4101 10241 11264 12289 16768 17152 17920 25600 28672 32816 32864 32960 49280 65560 69636 86016 98320 114688 131084 196612 196616
1 7 4101 10241 11264 12289 16768 17152 17920 25600 28672 32816 32864 32960 49280 65560 69640 86016 98320 114688 131084 135172 135176
1 7 4101 10241 11264 12289 16768 17152 17920 25600 28672 32816 32864 32960 49280 65560 86016 98320 114688 131084 135172 196616 200704
1 7 4101 10241 11264 12289 16768 17152 17920 25600 28672 32816 32864 32960 49280 65560 98320 114688 131084 135172 151552 196616 212992
1 7 4101 10241 11264 12289 16768 17152 17920 25600 28672 32816 32864 32960 49280 69636 86016 98320 114688 131084 131096 196612 196624
1 7 4101 10241 11264 12289 16768 17152 17920 25600 28672 32816 32864 32960 49280 69636 86016 114688 131084 131096 163856 196612 229376
1 7 4101 10241 11264 12289 16768 17152 17920 25600 28672 32816 32864 32960 49280 86016 98320 114688 131084 131096 135172 196624 200704
2 7 4101 10241 11264 12289 16768 17152 17920 25600 28672 32816 32864 32960 49280 86016 102400 114688 131084 131096 135172 163856 167936
1 7 4101 10241 11264 12289 16768 17152 17920 25600 28672 32816 32864 32960 49280 86016 114688 131084 131096 135172 163856 200704 229376
1 7 4101 10241 11264 12289 16768 17152 17920 25600 28672 32816 32864 49280 53248 65548 65560 69636 98320 102400 131264 163904 163968
1 7 4101 10241 11264 12289 16768 17152 17920 25600 28672 32816 32960 49280 53248 65548 65560 69636 98320 102400 131168 163872 163904
1 7 4101 10241 11264 12289 16768 17152 17920 25600 28672 32816 49280 53248 65548 65560 69636 98320 102400 131168 131264 163872 163968
1 7 4101 10241 11264 12289 16768 17152 17920 25600 28672 32864 32960 49280 53248 65548 65560 65584 98336 102400 135172 196612 200704
1 7 4101 10241 11264 12289 16768 17152 17920 25600 28672 32864 32960 49280 53248 65548 65560 69636 98320 102400 131120 163856 163872
1 7 4101 10241 11264 12289 16768 17152 17920 25600 28672 32864 32960 49280 53248 65548 65560 69636 98336 102400 131120 196624 196640
1 7 4101 10241 11264 12289 16768 17152 17920 25600 28672 32864 32960 49280 53248 65548 65560 69636 102400 131120 163872 196624 229376
1 7 4101 10241 11264 12289 16768 17152 17920 25600 28672 32864 32960 49280 53248 65548 69636 98336 102400 131096 131120 196616 196640
1 7 4101 10241 11264 12289 16768 17152 17920 25600 28672 32864 32960 49280 53248 65548 69636 102400 131096 131120 163872 196616 229376
1 7 4101 10241 11264 12289 16768 17152 17920 25600 28672 32864 32960 49280 53248 65560 65584 69640 98336 102400 131084 135172 135176
1 7 4101 10241 11264 12289 16768 17152 17920 25600 28672 32864 32960 49280 53248 65560 65584 98336 102400 131084 135172 196616 200704
1 7 4101 10241 11264 12289 16768 17152 17920 25600 28672 32864 32960 49280 53248 65584 98336 102400 131084 131096 135172 196624 200704
1 7 4101 10241 11264 12289 16768 17152 17920 25600 28672 32864 32960 49280 53248 69636 98336 102400 131084 131096 131120 196612 196640
1 7 4101 10241 11264 12289 16768 17152 17920 25600 28672 32864 32960 49280 53248 69636 102400 131084 131096 131120 163872 196612 229376
1 7 4101 10241 11264 12289 16768 17152 17920 25600 28672 32864 32960 49280 65548 65560 65584 86016 98336 114688 135172 196612 200704
1 7 4101 10241 11264 12289 16768 17152 17920 25600 28672 32864 32960 49280 65548 65560 65584 98336 114688 135172 151552 196612 212992
1 7 4101 10241 11264 12289 16768 17152 17920 25600 28672 32864 32960 49280 65548 69636 86016 98336 114688 131096 131120 196616 196640
1 7 4101 10241 11264 12289 16768 17152 17920 25600 28672 32864 32960 49280 65548 69636 86016 114688 131096 131120 163872 196616 229376
1 7 4101 10241 11264 12289 16768 17152 17920 25600 28672 32864 32960 49280 65560 65584 69640 86016 98336 114688 131084 135172 135176
1 7 4101 10241 11264 12289 16768 17152 17920 25600 28672 32864 32960 49280 65560 65584 86016 98336 114688 131084 135172 196616 200704
1 7 4101 10241 11264 12289 16768 17152 17920 25600 28672 32864 32960 49280 65560 65584 98336 114688 131084 135172 151552 196616 212992
1 7 4101 10241 11264 12289 16768 17152 17920 25600 28672 32864 32960 49280 65584 86016 98336 114688 131084 131096 135172 196624 200704
1 7 4101 10241 11264 12289 16768 17152 17920 25600 28672 32864 32960 49280 69636 86016 98336 114688 131084 131096 131120 196612 196640
1 7 4101 10241 11264 12289 16768 17152 17920 25600 28672 32864 32960 49280 69636 86016 114688 131084 131096 131120 163872 196612 229376
1 7 4101 10241 11264 12289 16768 17152 17920 25600 28672 32960 49280 53248 65548 65560 69636 98320 102400 131120 131168 163856 163904
1 7 4101 10241 11264 12289 16768 17152 17920 25600 28672 32960 49280 53248 65548 65560 69636 102400 131120 131168 163904 196624 229376
1 7 4101 10241 11264 12289 16768 17152 17920 25600 28672 32960 49280 53248 65584 65632 98368 102400 131084 131096 135172 196624 200704
1 7 4101 10241 11264 12289 16768 17152 17920 25600 28672 32960 49280 65584 65632 86016 98368 114688 131084 131096 135172 196624 200704
1 7 4101 10241 11264 12289 16768 17152 17920 25600 28672 49280 53248 65548 65560 69636 98320 102400 131120 131168 131264 163856 163968
1 7 4101 10241 11264 12289 16768 17152 17920 25600 28672 49280 53248 65548 65560 69636 102400 131120 131168 131264 163968 196624 229376
2 7 4101 10241 11264 12289 16768 17152 17920 25600 28672 49280 53248 65584 65632 65728 98432 102400 131084 131096 135172 196624 200704
2 7 4101 10241 11264 12289 16768 17152 17920 25600 28672 49280 65584 65632 65728 86016 98432 114688 131084 131096 135172 196624 200704
1 7 4101 10241 11264 12289 17152 17920 25600 28672 32864 32960 33152 49408 53248 65548 65560 65584 98336 102400 135172 196612 200704
1 7 4101 10241 11264 12289 17152 17920 25600 28672 32864 32960 33152 49408 53248 65548 65560 65584 98336 135172 167936 196612 229376
1 7 4101 10241 11264 12289 17152 17920 25600 28672 32864 32960 33152 49408 53248 65548 69636 98336 102400 131096 131120 196616 196640
1 7 4101 10241 11264 12289 17152 17920 25600 28672 32864 32960 33152 49408 53248 65560 65584 69640 98336 102400 131084 135172 135176
1 7 4101 10241 11264 12289 17152 17920 25600 28672 32864 32960 33152 49408 53248 65560 65584 98336 102400 131084 135172 196616 200704
1 7 4101 10241 11264 12289 17152 17920 25600 28672 32864 32960 33152 49408 53248 65560 65584 98336 131084 135172 167936 196616 229376
1 7 4101 10241 11264 12289 17152 17920 25600 28672 32864 32960 33152 49408 53248 65584 98336 102400 131084 131096 135172 196624 200704
1 7 4101 10241 11264 12289 17152 17920 25600 28672 32864 32960 33152 49408 53248 69636 98336 102400 131084 131096 131120 196612 196640
1 7 4101 10241 11264 12289 17152 17920 25600 28672 32864 32960 33152 49408 65548 65560 65584 86016 98336 114688 135172 196612 200704
1 7 4101 10241 11264 12289 17152 17920 25600 28672 32864 32960 33152 49408 65548 65560 65584 98336 114688 135172 151552 196612 212992
1 7 4101 10241 11264 12289 17152 17920 25600 28672 32864 32960 33152 49408 65548 65560 65584 98336 135172 151552 180224 196612 229376
1 7 4101 10241 11264 12289 17152 17920 25600 28672 32864 32960 33152 49408 65548 69636 86016 98336 114688 131096 131120 196616 196640
1 7 4101 10241 11264 12289 17152 17920 25600 28672 32864 32960 33152 49408 65560 65584 69640 86016 98336 114688 131084 135172 135176
1 7 4101 10241 11264 12289 17152 17920 25600 28672 32864 32960 33152 49408 65560 65584 86016 98336 114688 131084 135172 196616 200704
1 7 4101 10241 11264 12289 17152 17920 25600 28672 32864 32960 33152 49408 65560 65584 98336 114688 131084 135172 151552 196616 212992
1 7 4101 10241 11264 12289 17152 17920 25600 28672 32864 32960 33152 49408 65560 65584 98336 131084 135172 151552 180224 196616 229376
1 7 4101 10241 11264 12289 17152 17920 25600 28672 32864 32960 33152 49408 65584 86016 98336 114688 131084 131096 135172 196624 200704
1 7 4101 10241 11264 12289 17152 17920 25600 28672 32864 32960 33152 49408 69636 86016 98336 114688 131084 131096 131120 196612 196640
1 7 4101 10241 11264 12289 17152 17920 25600 28672 32960 33152 49408 53248 65560 65584 65632 69640 98368 102400 131084 135172 135176
1 7 4101 10241 11264 12289 17152 17920 25600 28672 32960 33152 49408 53248 65560 65584 65632 98368 102400 131084 135172 196616 200704
1 7 4101 10241 11264 12289 17152 17920 25600 28672 32960 33152 49408 53248 65560 65584 65632 98368 131084 135172 167936 196616 229376
2 7 4101 10241 11264 12289 17152 17920 25600 28672 32960 33152 49408 53248 65584 65632 98368 102400 131084 131096 135172 196624 200704
1 7 4101 10241 11264 12289 17152 17920 25600 28672 32960 33152 49408 65560 65584 65632 69640 86016 98368 114688 131084 135172 135176
1 7 4101 10241 11264 12289 17152 17920 25600 28672 32960 33152 49408 65560 65584 65632 86016 98368 114688 131084 135172 196616 200704
1 7 4101 10241 11264 12289 17152 17920 25600 28672 32960 33152 49408 65560 65584 65632 98368 114688 131084 135172 151552 196616 212992
1 7 4101 10241 11264 12289 17152 17920 25600 28672 32960 33152 49408 65560 65584 65632 98368 131084 135172 151552 180224 196616 229376
2 7 4101 10241 11264 12289 17152 17920 25600 28672 32960 33152 49408 65584 65632 86016 98368 114688 131084 131096 135172 196624 200704
1 7 4101 10241 11264 12289 17920 25600 28672 32960 33152 33536 49664 53248 65548 69636 102400 131096 131120 131168 163904 196616 229376
1 7 4101 10241 11264 12289 17920 25600 28672 32960 33152 33536 49664 53248 65560 65584 65632 69640 98368 102400 131084 135172 135176
1 7 4101 10241 11264 12289 17920 25600 28672 32960 33152 33536 49664 53248 65560 65584 65632 98368 102400 131084 135172 196616 200704
1 7 4101 10241 11264 12289 17920 25600 28672 32960 33152 33536 49664 65548 69636 86016 114688 131096 131120 131168 163904 196616 229376
1 7 4101 10241 11264 12289 17920 25600 28672 32960 33152 33536 49664 65560 65584 65632 69640 86016 98368 114688 131084 135172 135176
1 7 4101 10241 11264 12289 17920 25600 28672 32960 33152 33536 49664 65560 65584 65632 86016 98368 114688 131084 135172 196616 200704
1 7 4101 10241 11264 12289 17920 25600 28672 32960 33152 33536 49664 65560 65584 65632 98368 114688 131084 135172 151552 196616 212992
1 7 4101 10241 11264 12289 20484 28672 32780 32792 32816 49156 57344 65632 65728 65920 98336 106496 131840 132608 140288 196864 204800
1 7 4101 10241 11264 12289 20484 28672 32780 32792 32816 49156 57344 65632 65728 65920 98336 131840 132608 140288 172032 196864 229376
1 7 4101 10241 11264 12289 20484 28672 32780 32792 32816 49156 57344 65632 65728 98336 106496 131456 131840 132608 140288 196736 204800
1 7 4101 10241 11264 12289 20484 28672 32780 32792 32816 49156 57344 65632 65728 98336 131456 131840 132608 140288 172032 196736 229376
1 7 4101 10241 11264 12289 20484 28672 32780 32792 49156 57344 65584 65632 65728 98320 106496 131456 131840 132608 140288 196736 204800
1 7 4101 10241 11264 12289 20484 28672 32780 32792 49156 57344 65584 65632 65728 98320 131456 131840 132608 140288 172032 196736 229376
1 7 4101 10241 11264 12289 20484 28672 32816 32864 32960 49168 57344 65920 66304 67072 74752 98432 106496 131084 131096 147460 147472
1 7 4101 10241 11264 12289 20484 28672 32816 32864 32960 57344 65548 65560 81924 98320 114688 131456 131840 132608 140288 163968 172032
1 7 4101 10241 11264 12289 20484 28672 32864 32960 33152 49184 57344 66304 67072 74752 98560 106496 131084 131096 131120 147460 147488
1 7 4101 10241 11264 12289 20484 28672 32864 32960 33152 57344 65548 65560 65584 81924 98336 114688 131840 132608 140288 164096 172032
1 7 4101 10241 11264 12289 20484 28672 32864 32960 49184 57344 65920 66304 67072 74752 98432 106496 131084 131096 131120 147460 147488
1 7 4101 10241 11264 12289 20484 28672 32864 32960 57344 65548 65560 65584 81924 98336 114688 131456 131840 132608 140288 163968 172032
1 7 4101 10241 11264 12289 20484 28672 33152 33536 34304 41984 57344 65548 65560 65584 81924 114688 131168 131264 163968 196640 229376
1 7 4101 10241 11264 12289 20484 28672 33152 33536 34304 41984 57344 65548 65560 81924 114688 131120 131168 131264 163968 196624 229376
1 7 4101 10241 11264 12289 20484 28672 33152 33536 34304 41984 57344 65584 65632 65728 81936 98432 114688 131084 131096 147460 147472
1 7 4101 10241 11264 12289 20484 28672 33152 33536 34304 41984 57344 65584 65632 65728 98432 114688 131084 131096 147460 196624 212992
1 7 4101 10241 11264 12289 20484 28672 33152 33536 34304 41984 57344 65632 65728 81952 98432 114688 131084 131096 131120 147460 147488
1 7 4101 10241 11264 12289 20484 28672 33152 33536 34304 41984 57344 65632 65728 98432 114688 131084 131096 131120 147460 196640 212992
1 7 4101 10241 11264 12289 20484 28672 33536 34304 41984 57344 65548 65560 65584 81924 114688 131168 131264 131456 164096 196640 229376
1 7 4101 10241 11264 12289 20484 28672 33536 34304 41984 57344 65632 65728 65920 81952 98560 114688 131084 131096 131120 147460 147488
1 7 4101 10241 11264 12289 20484 28672 33536 34304 41984 57344 65632 65728 65920 98560 114688 131084 131096 131120 147460 196640 212992
1 7 4101 10241 11264 12289 25600 28672 33152 33536 34304 49280 50176 65584 65632 65728 82048 131084 131096 135172 151552 196624 212992
1 7 4101 10241 11264 12289 25600 28672 33152 33536 34304 50176 65584 65632 65728 98432 114688 131084 131096 135172 151552 196624 212992
1 7 4101 10241 11264 12289 25600 28672 33152 33536 34304 50176 65584 65632 65728 98432 131084 131096 135172 151552 180224 196624 229376
1 7 4101 10241 11264 12289 28672 32780 32792 36868 53248 57344 65584 65632 65728 98320 106496 131456 131840 132608 140288 196736 204800
1 7 4101 10241 11264 12289 28672 32816 32864 32960 57344 65548 65560 69636 86016 98320 114688 131456 131840 132608 140288 163968 172032
2 7 4101 10241 11264 12289 28672 33152 33536 34304 41984 49280 57344 65584 65632 65728 82048 131084 131096 135172 151552 196624 212992
2 7 4101 10241 11264 12289 28672 33152 33536 34304 41984 57344 65584 65632 65728 98432 114688 131084 131096 135172 151552 196624 212992
1 7 4101 10241 12289 14336 17152 17920 19456 22528 32780 32792 32816 53248 65632 65728 65920 82176 98336 114688 135172 163844 167936
1 7 4101 10241 12289 14336 17152 17920 19456 22528 32780 36868 53248 65560 65584 98312 114688 131168 131264 131456 147712 196640 212992
1 7 4101 10241 12289 14336 17152 17920 19456 22528 32780 36868 53248 65632 65728 65920 82176 98336 114688 131096 131120 163848 163872
1 7 4101 10241 12289 14336 17152 17920 19456 22528 32780 36868 53248 65632 65728 65920 82176 114688 131096 131120 163848 196640 229376
1 7 4101 10241 12289 14336 17152 17920 19456 22528 32792 32816 53248 65632 65728 65920 82176 98336 114688 131084 135172 163848 167936
1 7 4101 10241 12289 14336 17152 17920 19456 22528 32864 32960 33152 49408 53248 65548 65560 65584 98336 102400 135172 196612 200704
1 7 4101 10241 12289 14336 17152 17920 19456 22528 32864 32960 33152 49408 53248 65548 65560 65584 98336 135172 167936 196612 229376
1 7 4101 10241 12289 14336 17152 17920 19456 22528 32864 32960 33152 49408 53248 65548 69636 98336 102400 131096 131120 196616 196640
1 7 4101 10241 12289 14336 17152 17920 19456 22528 32864 32960 33152 49408 53248 65560 65584 98336 102400 131084 135172 196616 200704
1 7 4101 10241 12289 14336 17152 17920 19456 22528 32864 32960 33152 49408 53248 65560 65584 98336 131084 135172 167936 196616 229376
1 7 4101 10241 12289 14336 17152 17920 19456 22528 32864 32960 33152 49408 53248 69636 98336 102400 131084 131096 131120 196612 196640
1 7 4101 10241 12289 14336 17152 17920 19456 22528 36868 53248 65548 65560 65584 98308 114688 131168 131264 131456 147712 196640 212992
1 7 4101 10241 12289 14336 17152 17920 19456 22528 36868 53248 65632 65728 65920 82176 98336 114688 131084 131096 131120 163844 163872
1 7 4101 10241 12289 14336 17152 17920 19456 22528 36868 53248 65632 65728 65920 82176 114688 131084 131096 131120 163844 196640 229376
1 7 4101 10241 12289 14336 17920 19456 22528 32780 36868 53248 65560 65584 65632 98312 114688 131264 131456 131840 147968 196672 212992
1 7 4101 10241 12289 14336 17920 19456 22528 32780 36868 53248 65728 65920 66304 82432 114688 131096 131120 131168 163848 196672 229376
1 7 4101 10241 12289 14336 17920 19456 22528 32792 32816 32864 53248 65728 65920 66304 82432 98368 114688 131084 135172 163848 167936
1 7 4101 10241 12289 14336 17920 19456 22528 32960 33152 33536 49664 53248 65560 65584 65632 98368 102400 131084 135172 196616 200704
1 7 4101 10241 12289 14336 17920 19456 22528 32960 33152 33536 49664 53248 65560 65584 65632 98368 131084 135172 167936 196616 229376
1 7 4101 10241 12289 14336 20484 22528 32780 32792 32816 49156 65632 65728 65920 98336 114688 131840 132608 134144 149504 196864 212992
1 7 4101 10241 12289 14336 20484 22528 32780 32792 32816 49156 65632 65728 65920 98336 131840 132608 134144 149504 180224 196864 229376
1 7 4101 10241 12289 16396 16408 16432 28672 32864 32960 33152 49184 57344 66304 67072 68608 75776 98560 106496 135172 147460 151552
1 7 4101 10241 12289 16396 16408 16432 28672 33536 34304 35840 43008 57344 65632 65728 65920 81952 98560 114688 135172 147460 151552
1 7 4101 10241 12289 16396 20484 28672 32792 32816 32864 49160 57344 65728 65920 66304 74240 98368 106496 132608 134144 139776 141312
1 7 4101 10241 12289 16396 20484 28672 32792 32816 32864 49160 57344 65728 65920 66304 98368 106496 132608 134144 141312 197120 204800
1 7 4101 10241 12289 16396 20484 28672 32792 32816 32864 49160 57344 65728 65920 66304 98368 132608 134144 141312 172032 197120 229376
1 7 4101 10241 12289 16396 20484 28672 32792 32816 49160 57344 65632 65728 65920 98336 106496 131840 132608 134144 141312 196864 204800
1 7 4101 10241 12289 16396 20484 28672 32792 32816 49160 57344 65632 65728 65920 98336 131840 132608 134144 141312 172032 196864 229376
1 7 4101 10241 12289 16396 20484 28672 32864 32960 33152 49184 57344 66304 67072 68608 75776 98560 106496 131096 131120 147464 147488
1 7 4101 10241 12289 16396 20484 28672 32864 32960 33152 57344 65560 65584 81928 98336 114688 131840 132608 134144 141312 164096 172032
1 7 4101 10241 12289 16408 16432 16480 28672 32960 33152 33536 41472 49216 57344 67072 68608 74240 75776 131084 135172 147464 151552
1 7 4101 10241 12289 16408 16432 16480 28672 32960 33152 33536 49216 57344 67072 68608 75776 98816 106496 131084 135172 147464 151552
1 7 4101 10241 12289 16408 16432 16480 28672 34304 35840 43008 57344 65728 65920 66304 81984 98816 114688 131084 135172 147464 151552
1 7 4101 10241 12289 16408 16432 28672 32864 32960 33152 49184 57344 66304 67072 68608 75776 98560 106496 131084 135172 147464 151552
1 7 4101 10241 12289 16408 16432 28672 33536 34304 35840 43008 57344 65632 65728 65920 81952 98560 114688 131084 135172 147464 151552
1 7 4101 10241 12289 16480 16576 16768 28672 33536 34304 35840 43008 49408 57344 65548 65560 65584 81952 86016 135172 196612 200704
1 7 4101 10241 12289 16480 16576 16768 28672 33536 34304 35840 43008 49408 57344 65548 65560 65584 81952 135172 151552 196612 212992
1 7 4101 10241 12289 16480 16576 16768 28672 33536 34304 35840 43008 49408 57344 65548 69636 81952 86016 131096 131120 196616 196640
1 7 4101 10241 12289 16480 16576 16768 28672 33536 34304 35840 43008 49408 57344 65560 65584 81952 86016 131084 135172 196616 200704
1 7 4101 10241 12289 16480 16576 16768 28672 33536 34304 35840 43008 49408 57344 65560 65584 81952 131084 135172 151552 196616 212992
1 7 4101 10241 12289 16480 16576 16768 28672 33536 34304 35840 43008 49408 57344 69636 81952 86016 131084 131096 131120 196612 196640
1 7 4101 10241 12289 16576 16768 17152 25088 28672 32792 32816 32864 49216 53248 65548 69636 98312 102400 132608 134144 139776 141312
1 7 4101 10241 12289 16576 16768 17152 28672 34304 35840 43008 49664 57344 65560 65584 65632 81984 86016 131084 135172 196616 200704
1 7 4101 10241 12289 17152 17920 19456 26624 28672 32864 32960 33152 49408 53248 65548 65560 65584 98336 102400 135172 196612 200704
1 7 4101 10241 12289 17152 17920 19456 26624 28672 32864 32960 33152 49408 53248 65560 65584 98336 102400 131084 135172 196616 200704
1 7 4101 10241 12289 17152 17920 19456 26624 28672 32864 32960 33152 49408 53248 69636 98336 102400 131084 131096 131120 196612 196640
1 7 4101 10241 12289 17152 17920 19456 26624 28672 32864 32960 33152 49408 53248 69636 102400 131084 131096 131120 163872 196612 229376
1 7 4101 10241 12289 17152 17920 19456 26624 28672 32864 32960 33152 49408 65548 65560 65584 86016 98336 114688 135172 196612 200704
1 7 4101 10241 12289 17152 17920 19456 26624 28672 32864 32960 33152 49408 65548 65560 65584 98336 114688 135172 151552 196612 212992
1 7 4101 10241 12289 17152 17920 19456 26624 28672 32864 32960 33152 49408 65560 65584 86016 98336 114688 131084 135172 196616 200704
1 7 4101 10241 12289 17152 17920 19456 26624 28672 32864 32960 33152 49408 69636 86016 98336 114688 131084 131096 131120 196612 196640
1 7 4101 10241 12289 17152 17920 19456 26624 28672 32864 32960 33152 49408 69636 86016 114688 131084 131096 131120 163872 196612 229376
1 7 4101 10241 12289 20484 24580 28672 32780 32792 32816 40964 65632 65728 65920 98336 106496 131840 132608 134144 141312 196864 204800
1 7 4101 10241 12289 20484 24580 28672 32780 32792 32816 40964 66304 67072 68608 75776 106496 131168 131264 131456 163872 196864 229376
1 7 4101 10241 12289 20484 26624 28672 33536 34304 35840 51200 65632 65728 65920 98560 114688 131084 131096 131120 147460 196640 212992
1 7 4101 10241 12289 20484 26624 28672 33536 34304 35840 51200 65632 65728 65920 98560 131084 131096 131120 147460 180224 196640 229376
1 7 4101 10241 12289 20484 28672 32780 32792 32816 49156 57344 65632 65728 65920 98336 106496 131840 132608 134144 141312 196864 204800
1 7 4101 10241 12289 20484 28672 32780 32792 32816 49156 57344 65632 65728 65920 98336 131840 132608 134144 141312 172032 196864 229376
1 7 4101 10241 12289 20484 28672 32864 32960 33152 49184 57344 66304 67072 68608 75776 98560 106496 131084 131096 131120 147460 147488
1 7 4101 10241 12289 20484 28672 32864 32960 33152 57344 65548 65560 65584 81924 98336 114688 131840 132608 134144 141312 164096 172032
1 7 4101 10241 12289 20484 28672 33536 34304 35840 43008 57344 65548 65560 65584 81924 114688 131168 131264 131456 164096 196640 229376
1 7 4101 10241 12289 20484 28672 33536 34304 35840 43008 57344 65632 65728 65920 81952 98560 114688 131084 131096 131120 147460 147488
1 7 4101 10241 12289 20484 28672 33536 34304 35840 43008 57344 65632 65728 65920 98560 114688 131084 131096 131120 147460 196640 212992
1 7 4101 12289 12292 16396 16408 16432 24580 32864 32960 33152 49184 57344 66304 67072 68608 75776 98560 106496 133121 139265 141312
1 7 4101 12289 12292 16396 16408 16432 24580 32864 32960 33152 49184 57344 66304 67072 68608 98560 106496 133121 139265 198656 204800
1 7 4101 12289 12292 16396 16408 16432 24580 32864 32960 33152 49184 57344 66304 67072 68608 98560 133121 139265 172032 198656 229376
1 7 4101 12289 12292 16396 16408 16432 24580 32864 32960 33152 49184 57344 66304 67072 98560 106496 133121 134144 139265 197632 204800
1 7 4101 12289 12292 16396 16408 16432 24580 32864 32960 33152 49184 57344 66304 67072 98560 133121 134144 139265 172032 197632 229376
1 7 4101 12289 12292 16396 16408 16432 24580 32864 32960 33152 49184 57344 66304 98560 106496 132608 133121 134144 139265 197120 204800
1 7 4101 12289 12292 16396 16408 16432 24580 32864 32960 33152 49184 57344 66304 98560 132608 133121 134144 139265 172032 197120 229376
1 7 4101 12289 12292 16396 16408 16432 24580 32864 32960 33152 49184 66304 67072 68608 75776 90112 98560 114688 133121 139265 141312
1 7 4101 12289 12292 16396 16408 16432 24580 32864 32960 33152 49184 66304 67072 68608 90112 98560 114688 133121 139265 198656 204800
1 7 4101 12289 12292 16396 16408 16432 24580 32864 32960 33152 49184 66304 67072 68608 98560 114688 133121 139265 155648 198656 212992
1 7 4101 12289 12292 16396 16408 16432 24580 32864 32960 33152 49184 66304 67072 68608 98560 133121 139265 155648 180224 198656 229376
1 7 4101 12289 12292 16396 16408 16432 24580 32864 32960 33152 49184 66304 67072 90112 98560 114688 133121 134144 139265 197632 204800
1 7 4101 12289 12292 16396 16408 16432 24580 32864 32960 33152 49184 66304 67072 98560 114688 133121 134144 139265 155648 197632 212992
1 7 4101 12289 12292 16396 16408 16432 24580 32864 32960 33152 49184 66304 67072 98560 133121 134144 139265 155648 180224 197632 229376
1 7 4101 12289 12292 16396 16408 16432 24580 32864 32960 33152 49184 66304 90112 98560 114688 132608 133121 134144 139265 197120 204800
1 7 4101 12289 12292 16396 16408 16432 24580 32864 32960 33152 49184 66304 98560 114688 132608 133121 134144 139265 155648 197120 212992
1 7 4101 12289 12292 16396 16408 16432 24580 32864 32960 33152 49184 66304 98560 132608 133121 134144 139265 155648 180224 197120 229376
1 7 4101 12289 12292 16396 16408 16432 24580 32864 32960 49184 57344 65920 66304 67072 98432 106496 133121 134144 139265 197632 204800
1 7 4101 12289 12292 16396 16408 16432 24580 32864 32960 49184 57344 65920 66304 67072 98432 133121 134144 139265 172032 197632 229376
2 7 4101 12289 12292 16396 16408 16432 24580 32864 32960 49184 57344 65920 66304 98432 106496 132608 133121 134144 139265 197120 204800
1 7 4101 12289 12292 16396 16408 16432 24580 32864 32960 49184 57344 65920 66304 98432 132608 133121 134144 139265 172032 197120 229376
1 7 4101 12289 12292 16396 16408 16432 24580 32864 32960 49184 65920 66304 67072 90112 98432 114688 133121 134144 139265 197632 204800
1 7 4101 12289 12292 16396 16408 16432 24580 32864 32960 49184 65920 66304 67072 98432 114688 133121 134144 139265 155648 197632 212992
1 7 4101 12289 12292 16396 16408 16432 24580 32864 32960 49184 65920 66304 67072 98432 133121 134144 139265 155648 180224 197632 229376
1 7 4101 12289 12292 16396 16408 16432 24580 32864 32960 49184 65920 66304 98432 114688 132608 133121 134144 139265 155648 197120 212992
2 7 4101 12289 12292 16396 16408 24580 32816 32864 32960 49168 57344 65920 66304 67072 98432 106496 133121 134144 139265 197632 204800
1 7 4101 12289 12292 16396 16408 24580 32816 32864 32960 49168 57344 67585 68608 73729 106496 131456 131840 132608 163968 197632 229376
1 7 4101 12289 12292 16396 16408 24580 32816 32864 32960 49168 65920 66304 67072 98432 114688 133121 134144 139265 155648 197632 212992
1 7 4101 12289 12292 16396 24577 24580 32792 32816 32864 49160 65728 65920 66304 98368 114688 132608 133121 134144 147457 197120 212992
1 7 4101 12289 12292 16396 24577 24580 32792 32816 32864 49160 65728 65920 66304 98368 132608 133121 134144 147457 180224 197120 229376
1 4099 4101 4102 8197 8204 17920 18433 19456 24577 32792 32816 32864 40968 57344 65728 65920 66304 82432 114688 163904 196672 229376
1 4099 4101 4102 8197 8204 17920 18433 19456 24577 32792 32816 32864 40968 57344 65728 65920 66304 98368 114688 147968 197120 212992
1 4099 4101 4102 8197 8204 17920 18433 19456 24577 32792 32816 32864 40968 57344 65728 65920 82432 98368 114688 131840 196864 197120
1 4099 4101 4102 8197 8204 17920 18433 19456 24577 32792 32816 32864 40968 57344 65728 65920 98368 114688 131840 147968 196864 212992
1 4099 4101 4102 8197 8204 17920 18433 19456 24577 32792 32816 32864 40968 57344 65728 66304 82432 98368 114688 131456 196736 196864
1 4099 4101 4102 8197 8204 17920 18433 19456 24577 32792 32816 32864 40968 57344 65728 82432 98368 114688 131456 131840 196736 197120
1 4099 4101 4102 8197 8204 17920 18433 19456 24577 32792 32816 32864 40968 57344 65728 98368 114688 131456 131840 147968 196736 212992
1 4099 4101 4102 8197 8204 17920 18433 19456 24577 32792 32816 32864 40968 57344 65920 66304 82432 98368 114688 131264 196672 196736
1 4099 4101 4102 8197 8204 17920 18433 19456 24577 32792 32816 32864 40968 57344 65920 66304 82432 114688 131264 163904 196736 229376
1 4099 4101 4102 8197 8204 17920 18433 19456 24577 32792 32816 32864 40968 57344 66304 82432 98368 114688 131264 131456 196672 196864
1 4099 4101 4102 8197 8204 17920 18433 19456 24577 32792 32816 32864 40968 57344 66304 82432 114688 131264 131456 163904 196864 229376
1 4099 4101 4102 8197 8204 17920 18433 19456 24577 32792 32816 32864 40968 57344 82432 98368 114688 131264 131456 131840 196672 197120
1 4099 4101 4102 8197 8204 17920 18433 19456 24577 32792 32816 32864 40968 57344 82432 114688 131264 131456 131840 163904 197120 229376
1 4099 4101 4102 8197 8204 17920 18433 19456 24577 32792 32816 32864 40968 57344 98368 114688 131264 131456 131840 147968 196672 212992
1 4099 4101 4102 8197 8204 17920 18433 19456 24577 32792 32816 32864 40968 57344 114688 131264 131456 131840 147968 163904 212992 229376
1 4099 4101 4102 8197 8204 17920 18433 19456 24577 32792 32816 32864 57344 65728 65920 66304 82432 98368 114688 139272 163848 172032
1 4099 4101 4102 8197 8204 17920 18433 19456 24577 32792 32816 40968 57344 65632 65728 65920 98336 114688 131840 147968 196864 212992
1 4099 4101 4102 8197 8204 17920 18433 19456 24577 32792 32816 40968 57344 65632 65728 98336 114688 131456 131840 147968 196736 212992
1 4099 4101 4102 8197 8204 17920 18433 19456 24577 32792 32816 40968 57344 65632 98336 114688 131264 131456 131840 147968 196672 212992
1 4099 4101 4102 8197 8204 17920 18433 19456 24577 32792 32816 40968 57344 65728 65920 66304 82432 98368 114688 131168 163872 163904
1 4099 4101 4102 8197 8204 17920 18433 19456 24577 32792 32816 40968 57344 65728 65920 66304 82432 114688 131168 163872 196672 229376
1 4099 4101 4102 8197 8204 17920 18433 19456 24577 32792 32816 40968 57344 65920 66304 82432 114688 131168 131264 163872 196736 229376
1 4099 4101 4102 8197 8204 17920 18433 19456 24577 32792 32816 40968 57344 66304 82432 114688 131168 131264 131456 163872 196864 229376
1 4099 4101 4102 8197 8204 17920 18433 19456 24577 32792 32864 40968 57344 65728 65920 66304 82432 98368 114688 131120 163856 163872
1 4099 4101 4102 8197 8204 17920 18433 19456 24577 32792 40968 57344 65584 65632 65728 98320 114688 131456 131840 147968 196736 212992
1 4099 4101 4102 8197 8204 17920 18433 19456 24577 32792 40968 57344 65584 65632 98320 114688 131264 131456 131840 147968 196672 212992
1 4099 4101 4102 8197 8204 17920 18433 19456 24577 32792 40968 57344 65728 65920 66304 82432 98368 114688 131120 131168 163856 163904
1 4099 4101 4102 8197 8204 17920 18433 19456 24577 32792 40968 57344 65728 65920 66304 82432 114688 131120 131168 163856 196672 229376
1 4099 4101 4102 8197 8204 17920 18433 19456 24577 32792 40968 57344 65920 66304 82432 114688 131120 131168 131264 163856 196736 229376
1 4099 4101 4102 8197 8204 17920 18433 19456 24577 32816 32864 32960 57344 65920 66304 82432 98432 114688 131096 139272 163856 172032
1 4099 4101 4102 8197 8204 17920 18433 19456 24577 32816 32864 40968 57344 65728 65920 66304 82432 98368 114688 131096 163848 163856
1 4099 4101 4102 8197 8204 17920 18433 19456 24577 32816 32864 57344 65728 65920 66304 82432 98368 114688 131096 139272 163856 172032
1 4099 4101 4102 8197 8204 17920 18433 19456 24577 32864 32960 33152 57344 66304 82432 98560 114688 131096 131120 139272 163872 172032
1 4099 4101 4102 8197 8204 17920 18433 19456 24577 32864 32960 57344 65920 66304 82432 98432 114688 131096 131120 139272 163872 172032
1 4099 4101 4102 8197 8204 17920 18433 19456 24577 32864 40968 57344 65728 65920 66304 82432 98368 114688 131096 131120 163848 163872
1 4099 4101 4102 8197 8204 17920 18433 19456 24577 32864 57344 65728 65920 66304 82432 98368 114688 131096 131120 139272 163872 172032
1 4099 4101 4102 8197 8204 17920 18433 19456 24577 32960 33152 33536 49664 57344 65560 65584 65632 73736 98368 172032 204800 229376
1 4099 4101 4102 8197 8204 17920 18433 19456 24577 32960 33152 33536 49664 57344 65560 65584 65632 98368 106496 139272 196616 204800
1 4099 4101 4102 8197 8204 17920 18433 19456 24577 32960 33152 33536 49664 57344 65560 65584 65632 98368 139272 172032 196616 229376
1 4099 4101 4102 8197 8204 17920 18433 19456 24577 32960 33152 33536 49664 57344 65560 65584 73736 98368 106496 131168 196640 196672
1 4099 4101 4102 8197 8204 17920 18433 19456 24577 32960 33152 33536 49664 57344 65560 65632 73736 98368 106496 131120 196624 196640
1 4099 4101 4102 8197 8204 17920 18433 19456 24577 32960 33152 33536 49664 57344 65560 73736 98368 106496 131120 131168 196624 196672
1 4099 4101 4102 8197 8204 17920 18433 19456 24577 32960 33152 33536 49664 57344 65584 65632 73736 98368 106496 131096 196616 196624
1 4099 4101 4102 8197 8204 17920 18433 19456 24577 32960 33152 33536 49664 57344 65584 65632 98368 106496 131096 139272 196624 204800
1 4099 4101 4102 8197 8204 17920 18433 19456 24577 32960 33152 33536 49664 57344 65584 65632 98368 131096 139272 172032 196624 229376
1 4099 4101 4102 8197 8204 17920 18433 19456 24577 32960 33152 33536 49664 57344 65632 73736 98368 106496 131096 131120 196616 196640
1 4099 4101 4102 8197 8204 17920 18433 19456 24577 32960 33152 33536 49664 57344 65632 98368 106496 131096 131120 139272 196640 204800
1 4099 4101 4102 8197 8204 17920 18433 19456 24577 32960 33152 33536 49664 57344 65632 98368 131096 131120 139272 172032 196640 229376
1 4099 4101 4102 8197 8204 17920 18433 19456 24577 32960 33152 33536 49664 57344 73736 98368 106496 131096 131120 131168 196616 196672
1 4099 4101 4102 8197 8204 17920 18433 19456 24577 32960 33152 33536 49664 57344 98368 106496 131096 131120 131168 139272 196672 204800
1 4099 4101 4102 8197 8204 17920 18433 19456 24577 32960 33152 33536 49664 57344 98368 131096 131120 131168 139272 172032 196672 229376
1 4099 4101 4102 8197 8204 17920 18433 19456 24577 32960 33152 33536 57344 82432 98816 114688 131096 131120 131168 139272 163904 172032
1 4099 4101 4102 8197 8204 17920 18433 19456 24577 32960 33152 49664 57344 66304 98560 98816 131096 131120 131168 139272 163904 172032
1 4099 4101 4102 8197 8204 17920 18433 19456 24577 32960 33152 57344 66304 82432 98560 114688 131096 131120 131168 139272 163904 172032
1 4099 4101 4102 8197 8204 17920 18433 19456 24577 32960 33536 49664 57344 65920 98432 98560 131096 131120 131168 139272 163904 172032
1 4099 4101 4102 8197 8204 17920 18433 19456 24577 32960 49664 57344 65920 66304 98432 98816 131096 131120 131168 139272 163904 172032
1 4099 4101 4102 8197 8204 17920 18433 19456 24577 32960 57344 65920 66304 82432 98432 114688 131096 131120 131168 139272 163904 172032
1 4099 4101 4102 8197 8204 17920 18433 19456 24577 33152 33536 49664 57344 65584 65632 65728 98432 106496 131096 139272 196624 204800
1 4099 4101 4102 8197 8204 17920 18433 19456 24577 33152 33536 49664 57344 65584 65632 65728 98432 131096 139272 172032 196624 229376
1 4099 4101 4102 8197 8204 17920 18433 19456 24577 33152 33536 49664 57344 65632 65728 98432 106496 131096 131120 139272 196640 204800
1 4099 4101 4102 8197 8204 17920 18433 19456 24577 33152 33536 49664 57344 65632 65728 98432 131096 131120 139272 172032 196640 229376
1 4099 4101 4102 8197 8204 17920 18433 19456 24577 33152 33536 49664 57344 65728 98368 98432 131096 131120 131168 139272 163904 172032
1 4099 4101 4102 8197 8204 17920 18433 19456 24577 33152 33536 49664 57344 65728 98432 106496 131096 131120 131168 139272 196672 204800
1 4099 4101 4102 8197 8204 17920 18433 19456 24577 33152 33536 49664 57344 65728 98432 131096 131120 131168 139272 172032 196672 229376
1 4099 4101 4102 8197 8204 17920 18433 19456 24577 33536 49664 57344 65632 65728 65920 98560 106496 131096 131120 139272 196640 204800
1 4099 4101 4102 8197 8204 17920 18433 19456 24577 33536 49664 57344 65632 65728 65920 98560 131096 131120 139272 172032 196640 229376
1 4099 4101 4102 8197 8204 17920 18433 19456 24577 33536 49664 57344 65728 65920 98368 98560 131096 131120 131168 139272 163904 172032
1 4099 4101 4102 8197 8204 17920 18433 19456 24577 33536 49664 57344 65728 65920 98560 106496 131096 131120 131168 139272 196672 204800
1 4099 4101 4102 8197 8204 17920 18433 19456 24577 33536 49664 57344 65728 65920 98560 131096 131120 131168 139272 172032 196672 229376
1 4099 4101 4102 8197 8204 17920 18433 19456 24577 40968 57344 65560 65584 65632 98312 114688 131264 131456 131840 147968 196672 212992
1 4099 4101 4102 8197 8204 17920 18433 19456 24577 40968 57344 65728 65920 66304 82432 98368 114688 131096 131120 131168 163848 163904
1 4099 4101 4102 8197 8204 17920 18433 19456 24577 40968 57344 65728 65920 66304 82432 114688 131096 131120 131168 163848 196672 229376
1 4099 4101 4102 8197 8204 17920 18433 19456 24577 49664 57344 65728 65920 66304 98368 98816 131096 131120 131168 139272 163904 172032
1 4099 4101 4102 8197 8204 17920 18433 19456 24577 49664 57344 65728 65920 66304 98816 106496 131096 131120 131168 139272 196672 204800
1 4099 4101 4102 8197 8204 17920 18433 19456 24577 49664 57344 65728 65920 66304 98816 131096 131120 131168 139272 172032 196672 229376
1 4099 4101 4102 8197 8204 17920 18433 19456 24577 57344 65560 65584 65632 73736 106496 114688 131264 131456 131840 147968 196672 212992
1 4099 4101 4102 8197 8204 17920 18433 19456 24577 57344 65728 65920 66304 82432 98368 114688 131096 131120 131168 139272 163904 172032
1 4099 4101 4102 8197 8204 17920 18433 19456 24577 57344 65728 65920 66304 82432 106496 114688 131096 131120 131168 139272 196672 204800
1 4099 4101 4102 8197 8204 17920 18433 19456 24577 57344 65728 65920 66304 82432 114688 131096 131120 131168 139272 172032 196672 229376
1 4099 4101 4102 8197 8204 17920 18433 24577 32792 32816 32864 40968 57344 65728 65920 66304 82432 98368 114688 134144 148480 149504
1 4099 4101 4102 8197 8204 17920 18433 24577 32960 33152 33536 49664 57344 65560 65584 65632 73736 98368 106496 134144 148480 149504
1 4099 4101 4102 8197 8204 17920 19456 24577 32792 32816 32864 40968 57344 65728 65920 66304 82432 98368 114688 133121 147457 149504
1 4099 4101 4102 8197 8204 17920 19456 24577 32960 33152 33536 49664 57344 65560 65584 65632 73736 98368 106496 133121 147457 149504
1 4099 4101 4102 8197 8204 17920 24577 32792 32816 32864 40968 57344 65728 65920 66304 82432 98368 114688 133121 134144 147457 148480
1 4099 4101 4102 8197 8204 17920 24577 32960 33152 33536 49664 57344 65560 65584 65632 73736 98368 106496 133121 134144 147457 148480
1 4099 4101 4102 8197 8204 18433 19456 24577 32792 32816 32864 40968 57344 65728 65920 66304 82432 98368 114688 132608 147968 148480
1 4099 4101 4102 8197 8204 18433 19456 24577 32792 32816 32864 40968 57344 65728 65920 66304 98368 114688 132608 148480 197120 212992
1 4099 4101 4102 8197 8204 18433 19456 24577 32792 32816 32864 40968 57344 65728 65920 98368 114688 131840 132608 148480 196864 212992
1 4099 4101 4102 8197 8204 18433 19456 24577 32792 32816 32864 40968 57344 66304 67072 82944 114688 131264 131456 163904 196864 229376
1 4099 4101 4102 8197 8204 18433 19456 24577 32792 32816 32864 40968 57344 67072 82944 114688 131264 131456 131840 163904 197120 229376
1 4099 4101 4102 8197 8204 18433 19456 24577 32792 32816 40968 57344 65632 65728 65920 98336 114688 131840 132608 148480 196864 212992
1 4099 4101 4102 8197 8204 18433 19456 24577 32792 32816 40968 57344 65632 65728 98336 114688 131456 131840 132608 148480 196736 212992
1 4099 4101 4102 8197 8204 18433 19456 24577 32792 32816 40968 57344 65920 66304 67072 82944 114688 131168 131264 163872 196736 229376
1 4099 4101 4102 8197 8204 18433 19456 24577 32792 32816 40968 57344 66304 67072 82944 114688 131168 131264 131456 163872 196864 229376
1 4099 4101 4102 8197 8204 18433 19456 24577 32792 40968 57344 65584 65632 65728 98320 114688 131456 131840 132608 148480 196736 212992
1 4099 4101 4102 8197 8204 18433 19456 24577 32792 40968 57344 65920 66304 67072 82944 114688 131120 131168 131264 163856 196736 229376
1 4099 4101 4102 8197 8204 18433 19456 24577 32816 32864 32960 57344 65920 66304 67072 82944 98432 114688 131096 139272 163856 172032
1 4099 4101 4102 8197 8204 18433 19456 24577 32864 32960 33152 57344 66304 67072 82944 98560 114688 131096 131120 139272 163872 172032
1 4099 4101 4102 8197 8204 18433 19456 24577 32864 32960 57344 65920 66304 67072 82944 98432 114688 131096 131120 139272 163872 172032
1 4099 4101 4102 8197 8204 18433 19456 24577 32960 33152 33536 49664 57344 65560 65584 65632 73736 98368 106496 132608 147968 148480
1 4099 4101 4102 8197 8204 18433 19456 24577 32960 33152 33536 57344 67072 82944 98816 114688 131096 131120 131168 139272 163904 172032
1 4099 4101 4102 8197 8204 18433 19456 24577 32960 33152 57344 66304 67072 82944 98560 114688 131096 131120 131168 139272 163904 172032
1 4099 4101 4102 8197 8204 18433 19456 24577 33152 33536 34304 50176 57344 65584 65632 65728 98432 106496 131096 139272 196624 204800
1 4099 4101 4102 8197 8204 18433 19456 24577 33152 33536 34304 50176 57344 65584 65632 65728 98432 131096 139272 172032 196624 229376
1 4099 4101 4102 8197 8204 18433 19456 24577 33152 33536 34304 50176 57344 65632 65728 98432 106496 131096 131120 139272 196640 204800
1 4099 4101 4102 8197 8204 18433 19456 24577 33152 33536 34304 50176 57344 65632 65728 98432 131096 131120 139272 172032 196640 229376
1 4099 4101 4102 8197 8204 18433 19456 24577 33536 34304 50176 57344 65632 65728 65920 98560 106496 131096 131120 139272 196640 204800
1 4099 4101 4102 8197 8204 18433 19456 24577 33536 34304 50176 57344 65632 65728 65920 98560 131096 131120 139272 172032 196640 229376
1 4099 4101 4102 8197 8204 18433 19456 24577 33536 34304 50176 57344 65728 65920 98560 106496 131096 131120 131168 139272 196672 204800
1 4099 4101 4102 8197 8204 18433 19456 24577 33536 34304 50176 57344 65728 65920 98560 131096 131120 131168 139272 172032 196672 229376
1 4099 4101 4102 8197 8204 18433 19456 24577 34304 50176 57344 65728 65920 66304 98816 106496 131096 131120 131168 139272 196672 204800
1 4099 4101 4102 8197 8204 18433 19456 24577 34304 50176 57344 65728 65920 66304 98816 131096 131120 131168 139272 172032 196672 229376
1 4099 4101 4102 8197 8204 18433 24577 32792 32816 32864 40968 57344 65728 65920 66304 82432 98368 114688 132608 134144 147968 149504
1 4099 4101 4102 8197 8204 18433 24577 32792 32816 32864 40968 57344 65728 65920 66304 98368 114688 132608 134144 149504 197120 212992
1 4099 4101 4102 8197 8204 18433 24577 32792 32816 32864 40968 57344 67072 68608 83968 114688 131264 131456 131840 163904 197120 229376
1 4099 4101 4102 8197 8204 18433 24577 32792 32816 40968 57344 65632 65728 65920 98336 114688 131840 132608 134144 149504 196864 212992
1 4099 4101 4102 8197 8204 18433 24577 32792 32816 40968 57344 66304 67072 68608 83968 114688 131168 131264 131456 163872 196864 229376
1 4099 4101 4102 8197 8204 18433 24577 32864 32960 33152 57344 66304 67072 68608 83968 98560 114688 131096 131120 139272 163872 172032
1 4099 4101 4102 8197 8204 18433 24577 32960 33152 33536 49664 57344 65560 65584 65632 73736 98368 106496 132608 134144 147968 149504
1 4099 4101 4102 8197 8204 18433 24577 32960 33152 33536 57344 67072 68608 83968 98816 114688 131096 131120 131168 139272 163904 172032
1 4099 4101 4102 8197 8204 18433 24577 33536 34304 35840 51200 57344 65632 65728 65920 98560 106496 131096 131120 139272 196640 204800
1 4099 4101 4102 8197 8204 18433 24577 33536 34304 35840 51200 57344 65632 65728 65920 98560 131096 131120 139272 172032 196640 229376
1 4099 4101 4102 8197 8204 18433 24577 34304 35840 51200 57344 65728 65920 66304 98816 106496 131096 131120 131168 139272 196672 204800
1 4099 4101 4102 8197 8204 18433 24577 34304 35840 51200 57344 65728 65920 66304 98816 131096 131120 131168 139272 172032 196672 229376
1 4099 4101 4102 8197 8204 24577 24584 32792 32816 32864 49160 65728 65920 66304 98368 114688 132608 133121 134144 147457 197120 212992
1 4099 4101 4102 8197 8204 24577 24584 32792 32816 32864 49160 65728 65920 66304 98368 132608 133121 134144 147457 180224 197120 229376
1 4099 4101 4102 8197 8204 24577 32792 32816 32864 40968 57344 65728 65920 66304 82432 98368 114688 132608 133121 134144 147457 147968
1 4099 4101 4102 8197 8204 24577 32792 32816 32864 40968 57344 65728 65920 66304 98368 114688 132608 133121 134144 147457 197120 212992
1 4099 4101 4102 8197 8204 24577 32792 32816 32864 40968 57344 67072 67585 68608 81921 114688 131264 131456 131840 163904 197120 229376
1 4099 4101 4102 8197 8204 24577 32960 33152 33536 49664 57344 65560 65584 65632 73736 98368 106496 132608 133121 134144 147457 147968
1 4099 4101 4102 8197 8204 24577 32960 33152 33536 57344 67072 67585 68608 81921 98816 114688 131096 131120 131168 139272 163904 172032
1 4099 4101 4102 8197 8204 24577 34304 34817 35840 49153 57344 65728 65920 66304 98816 106496 131096 131120 131168 139272 196672 204800
1 4099 4101 4102 8197 8204 24577 34304 34817 35840 49153 57344 65728 65920 66304 98816 131096 131120 131168 139272 172032 196672 229376
1 4099 4101 4102 8197 16396 24577 24580 32792 32816 32864 49160 65728 65920 66304 98368 114688 132608 133121 134144 147457 197120 212992
1 4099 4101 4102 8197 16396 24577 24580 32792 32816 32864 49160 67072 67585 68608 81921 114688 131264 131456 131840 163904 197120 229376
1 4099 4101 4102 8197 17920 18433 19456 24577 32780 32792 32816 40964 57344 65632 65728 65920 98336 114688 131840 147968 196864 212992
1 4099 4101 4102 8197 17920 18433 19456 24577 32780 32792 32816 40964 57344 65632 65728 98336 114688 131456 131840 147968 196736 212992
1 4099 4101 4102 8197 17920 18433 19456 24577 32780 32792 32816 40964 57344 65632 98336 114688 131264 131456 131840 147968 196672 212992
1 4099 4101 4102 8197 17920 18433 19456 24577 32780 32792 40964 57344 65584 65632 65728 98320 114688 131456 131840 147968 196736 212992
1 4099 4101 4102 8197 17920 18433 19456 24577 32780 32792 40964 57344 65584 65632 98320 114688 131264 131456 131840 147968 196672 212992
1 4099 4101 4102 8197 17920 18433 19456 24577 32780 32792 40964 57344 65728 65920 66304 82432 114688 131120 131168 163856 196672 229376
1 4099 4101 4102 8197 17920 18433 19456 24577 32780 32792 40964 57344 65920 66304 82432 114688 131120 131168 131264 163856 196736 229376
1 4099 4101 4102 8197 17920 18433 19456 24577 32780 40964 57344 65560 65584 65632 98312 114688 131264 131456 131840 147968 196672 212992
1 4099 4101 4102 8197 17920 18433 19456 24577 32780 40964 57344 65728 65920 66304 82432 114688 131096 131120 131168 163848 196672 229376
1 4099 4101 4102 8197 17920 18433 19456 24577 32792 32816 32864 40968 57344 65728 65920 66304 82432 98368 114688 131084 139268 139272
1 4099 4101 4102 8197 17920 18433 19456 24577 32792 32816 32864 57344 65728 65920 66304 82432 98368 114688 131084 139268 163848 172032
1 4099 4101 4102 8197 17920 18433 19456 24577 32816 32864 32960 57344 65920 66304 82432 98432 114688 131084 131096 139268 163856 172032
1 4099 4101 4102 8197 17920 18433 19456 24577 32816 32864 57344 65728 65920 66304 82432 98368 114688 131084 131096 139268 163856 172032
1 4099 4101 4102 8197 17920 18433 19456 24577 32864 32960 33152 57344 66304 82432 98560 114688 131084 131096 131120 139268 163872 172032
1 4099 4101 4102 8197 17920 18433 19456 24577 32864 32960 57344 65920 66304 82432 98432 114688 131084 131096 131120 139268 163872 172032
1 4099 4101 4102 8197 17920 18433 19456 24577 32864 57344 65728 65920 66304 82432 98368 114688 131084 131096 131120 139268 163872 172032
1 4099 4101 4102 8197 17920 18433 19456 24577 32960 33152 33536 49664 57344 65560 65584 65632 73736 98368 106496 131084 139268 139272
1 4099 4101 4102 8197 17920 18433 19456 24577 32960 33152 33536 49664 57344 65560 65584 65632 98368 106496 131084 139268 196616 204800
1 4099 4101 4102 8197 17920 18433 19456 24577 32960 33152 33536 49664 57344 65560 65584 65632 98368 131084 139268 172032 196616 229376
1 4099 4101 4102 8197 17920 18433 19456 24577 32960 33152 33536 49664 57344 65584 65632 98368 106496 131084 131096 139268 196624 204800
1 4099 4101 4102 8197 17920 18433 19456 24577 32960 33152 33536 49664 57344 65584 65632 98368 131084 131096 139268 172032 196624 229376
1 4099 4101 4102 8197 17920 18433 19456 24577 32960 33152 33536 49664 57344 65632 98368 106496 131084 131096 131120 139268 196640 204800
1 4099 4101 4102 8197 17920 18433 19456 24577 33152 33536 49664 57344 65584 65632 65728 98432 106496 131084 131096 139268 196624 204800
1 4099 4101 4102 8197 17920 18433 19456 24577 33152 33536 49664 57344 65584 65632 65728 98432 131084 131096 139268 172032 196624 229376
2 4099 4101 4102 8197 17920 18433 19456 24577 33152 33536 49664 57344 65632 65728 98432 106496 131084 131096 131120 139268 196640 204800
1 4099 4101 4102 8197 18433 19456 24577 32780 32792 40964 57344 65584 65632 65728 98320 114688 131456 131840 132608 148480 196736 212992
1 4099 4101 4102 8197 18433 19456 24577 32816 32864 32960 57344 65920 66304 67072 82944 98432 114688 131084 131096 139268 163856 172032
2 4099 4101 4102 8197 18433 19456 24577 33152 33536 34304 50176 57344 65584 65632 65728 98432 106496 131084 131096 139268 196624 204800
1 4099 4101 8198 12290 12292 16389 16396 32792 32816 32864 49160 65728 65920 66304 98368 114688 132608 133121 134144 147457 197120 212992
1 4099 4101 8198 12290 12292 16389 16396 32792 32816 32864 49160 65728 65920 66304 98368 132608 133121 134144 147457 180224 197120 229376
1 4099 4101 8198 12290 12292 16389 18433 32780 32792 32816 49156 65632 65728 65920 98336 114688 131840 132608 134144 149504 196864 212992
1 4099 4101 8198 12290 12292 16389 18433 32780 32792 32816 49156 66304 67072 68608 83968 114688 131168 131264 131456 163872 196864 229376
1 4099 4102 4108 8216 8240 8288 12296 16576 16768 17152 24640 28672 33793 34304 36865 49664 53248 66561 133121 134144 196609 197632
1 4099 4102 4108 8216 8240 8288 12296 16576 16768 17152 24640 28672 34304 34817 35840 36865 49664 86016 114688 167936 200704 229376
2 4099 4102 4108 8216 8240 8288 12296 16576 16768 17152 24640 28672 34304 34817 35840 36865 49664 102400 114688 151552 200704 212992
1 4099 4102 4108 8216 8240 8288 12296 16576 16768 17152 24640 28672 34304 34817 35840 49664 53248 69633 102400 163841 196609 229376
1 4099 4102 4108 8216 8240 8288 12296 16576 16768 17152 24640 28672 34304 34817 35840 49664 53248 98305 102400 135169 196609 200704
1 4099 4102 4108 8216 8240 8288 12296 16576 16768 17152 24640 28672 34304 34817 35840 49664 53248 102400 135169 163841 200704 229376
1 4099 4102 4108 8216 8240 8288 12296 16576 16768 17152 24640 28672 34304 34817 35840 49664 69633 86016 114688 163841 196609 229376
1 4099 4102 4108 8216 8240 8288 12296 16576 16768 17152 24640 28672 34304 34817 35840 49664 69633 98305 114688 151552 200704 212992
1 4099 4102 4108 8216 8240 8288 12296 16576 16768 17152 24640 28672 34304 34817 35840 49664 86016 98305 114688 135169 196609 200704
1 4099 4102 4108 8216 8240 8288 12296 16576 16768 17152 24640 28672 34304 34817 35840 49664 86016 102400 114688 135169 163841 167936
1 4099 4102 4108 8216 8240 8288 12296 16576 16768 17152 24640 28672 34304 34817 35840 49664 86016 114688 135169 163841 200704 229376
1 4099 4102 4108 8216 8240 8288 12296 16576 16768 17152 24640 28672 34304 34817 35840 49664 98305 114688 135169 151552 196609 212992
1 4099 4102 4108 8216 8240 8288 12296 16576 16768 17152 24640 28672 34304 34817 35840 49664 114688 135169 151552 163841 212992 229376
1 4099 4102 4108 8216 8240 8288 12296 16576 16768 17152 24640 28672 34304 34817 36865 49664 53248 68608 100352 164864 197632 229376
2 4099 4102 4108 8216 8240 8288 12296 16576 16768 17152 24640 28672 34304 34817 36865 49664 53248 99328 100352 134144 197632 198656
2 4099 4102 4108 8216 8240 8288 12296 16576 16768 17152 24640 28672 34304 34817 36865 49664 86016 102400 114688 134144 164864 165888
1 4099 4102 4108 8216 8240 8288 12296 16576 16768 17152 24640 28672 34304 34817 49664 53248 69633 98305 102400 134144 164864 165888
1 4099 4102 4108 8216 8240 8288 12296 16576 16768 17152 24640 28672 34304 34817 49664 69633 86016 98305 114688 134144 164864 165888
1 4099 4102 4108 8216 8240 8288 12296 16576 16768 17152 24640 28672 34304 35840 36865 49664 53248 67585 98305 165888 198656 229376
1 4099 4102 4108 8216 8240 8288 12296 16576 16768 17152 24640 28672 34304 35840 36865 49664 53248 98305 100352 133121 196609 198656
1 4099 4102 4108 8216 8240 8288 12296 16576 16768 17152 24640 28672 34304 35840 36865 49664 53248 98305 133121 165888 196609 229376
1 4099 4102 4108 8216 8240 8288 12296 16576 16768 17152 24640 28672 34304 35840 36865 49664 86016 102400 114688 133121 163841 165888
1 4099 4102 4108 8216 8240 8288 12296 16576 16768 17152 24640 28672 34304 35840 49664 53248 67585 69633 102400 165888 198656 229376
1 4099 4102 4108 8216 8240 8288 12296 16576 16768 17152 24640 28672 34304 35840 49664 53248 67585 100352 102400 135169 196609 200704
1 4099 4102 4108 8216 8240 8288 12296 16576 16768 17152 24640 28672 34304 35840 49664 53248 69633 98305 102400 133121 163841 165888
1 4099 4102 4108 8216 8240 8288 12296 16576 16768 17152 24640 28672 34304 35840 49664 53248 69633 100352 102400 133121 196609 198656
1 4099 4102 4108 8216 8240 8288 12296 16576 16768 17152 24640 28672 34304 35840 49664 53248 69633 102400 133121 165888 196609 229376
1 4099 4102 4108 8216 8240 8288 12296 16576 16768 17152 24640 28672 34304 35840 49664 53248 100352 102400 133121 135169 198656 200704
1 4099 4102 4108 8216 8240 8288 12296 16576 16768 17152 24640 28672 34304 35840 49664 53248 102400 133121 135169 165888 200704 229376
1 4099 4102 4108 8216 8240 8288 12296 16576 16768 17152 24640 28672 34304 35840 49664 67585 69633 86016 114688 165888 198656 229376
1 4099 4102 4108 8216 8240 8288 12296 16576 16768 17152 24640 28672 34304 35840 49664 67585 69633 100352 114688 151552 200704 212992
1 4099 4102 4108 8216 8240 8288 12296 16576 16768 17152 24640 28672 34304 35840 49664 67585 86016 100352 114688 135169 196609 200704
1 4099 4102 4108 8216 8240 8288 12296 16576 16768 17152 24640 28672 34304 35840 49664 67585 100352 114688 135169 151552 196609 212992
1 4099 4102 4108 8216 8240 8288 12296 16576 16768 17152 24640 28672 34304 35840 49664 69633 86016 98305 114688 133121 163841 165888
1 4099 4102 4108 8216 8240 8288 12296 16576 16768 17152 24640 28672 34304 35840 49664 69633 86016 100352 114688 133121 196609 198656
1 4099 4102 4108 8216 8240 8288 12296 16576 16768 17152 24640 28672 34304 35840 49664 69633 86016 114688 133121 165888 196609 229376
1 4099 4102 4108 8216 8240 8288 12296 16576 16768 17152 24640 28672 34304 35840 49664 86016 100352 114688 133121 135169 198656 200704
1 4099 4102 4108 8216 8240 8288 12296 16576 16768 17152 24640 28672 34304 35840 49664 86016 102400 114688 133121 135169 165888 167936
1 4099 4102 4108 8216 8240 8288 12296 16576 16768 17152 24640 28672 34304 35840 49664 86016 114688 133121 135169 165888 200704 229376
1 4099 4102 4108 8216 8240 8288 12296 16576 16768 17152 24640 28672 34304 35840 49664 100352 114688 133121 135169 151552 198656 212992
1 4099 4102 4108 8216 8240 8288 12296 16576 16768 17152 24640 28672 34304 35840 49664 114688 133121 135169 151552 165888 212992 229376
1 4099 4102 4108 8216 8240 8288 12296 16576 16768 17152 24640 28672 34304 36865 49664 53248 67585 68608 98305 164864 197632 229376
1 4099 4102 4108 8216 8240 8288 12296 16576 16768 17152 24640 28672 34304 36865 49664 53248 67585 98305 99328 134144 197632 198656
1 4099 4102 4108 8216 8240 8288 12296 16576 16768 17152 24640 28672 34304 36865 49664 53248 67585 98305 100352 134144 164864 165888
1 4099 4102 4108 8216 8240 8288 12296 16576 16768 17152 24640 28672 34304 36865 49664 53248 67585 98305 134144 164864 198656 229376
1 4099 4102 4108 8216 8240 8288 12296 16576 16768 17152 24640 28672 34304 36865 49664 53248 68608 98305 99328 133121 196609 198656
1 4099 4102 4108 8216 8240 8288 12296 16576 16768 17152 24640 28672 34304 36865 49664 53248 98305 99328 133121 134144 196609 197632
1 4099 4102 4108 8216 8240 8288 12296 16576 16768 17152 24640 28672 34304 36865 49664 53248 98305 133121 134144 164864 196609 229376
1 4099 4102 4108 8216 8240 8288 12296 16576 16768 17152 24640 28672 34304 36865 49664 86016 102400 114688 133121 134144 163841 164864
1 4099 4102 4108 8216 8240 8288 12296 16576 16768 17152 24640 28672 34304 49664 53248 67585 68608 99328 102400 135169 196609 200704
1 4099 4102 4108 8216 8240 8288 12296 16576 16768 17152 24640 28672 34304 49664 53248 67585 69633 99328 102400 134144 197632 198656
1 4099 4102 4108 8216 8240 8288 12296 16576 16768 17152 24640 28672 34304 49664 53248 67585 69633 100352 102400 134144 164864 165888
1 4099 4102 4108 8216 8240 8288 12296 16576 16768 17152 24640 28672 34304 49664 53248 67585 69633 102400 134144 164864 198656 229376
1 4099 4102 4108 8216 8240 8288 12296 16576 16768 17152 24640 28672 34304 49664 53248 68608 69633 99328 102400 133121 196609 198656
1 4099 4102 4108 8216 8240 8288 12296 16576 16768 17152 24640 28672 34304 49664 53248 68608 99328 102400 133121 135169 198656 200704
1 4099 4102 4108 8216 8240 8288 12296 16576 16768 17152 24640 28672 34304 49664 53248 69633 98305 102400 133121 134144 163841 164864
1 4099 4102 4108 8216 8240 8288 12296 16576 16768 17152 24640 28672 34304 49664 53248 69633 99328 102400 133121 134144 196609 197632
1 4099 4102 4108 8216 8240 8288 12296 16576 16768 17152 24640 28672 34304 49664 53248 69633 102400 133121 134144 164864 196609 229376
1 4099 4102 4108 8216 8240 8288 12296 16576 16768 17152 24640 28672 34304 49664 67585 68608 86016 99328 114688 135169 196609 200704
1 4099 4102 4108 8216 8240 8288 12296 16576 16768 17152 24640 28672 34304 49664 67585 68608 99328 114688 135169 151552 196609 212992
1 4099 4102 4108 8216 8240 8288 12296 16576 16768 17152 24640 28672 34304 49664 68608 69633 86016 99328 114688 133121 196609 198656
2 4099 4102 4108 8216 8240 8288 12296 16576 16768 17152 24640 28672 34304 49664 68608 86016 99328 114688 133121 135169 198656 200704
1 4099 4102 4108 8216 8240 8288 12296 16576 16768 17152 24640 28672 34304 49664 69633 86016 98305 114688 133121 134144 163841 164864
1 4099 4102 4108 8216 8240 8288 12296 16576 16768 17152 24640 28672 34304 49664 69633 86016 99328 114688 133121 134144 196609 197632
1 4099 4102 4108 8216 8240 8288 12296 16576 16768 17152 24640 28672 34304 49664 69633 86016 114688 133121 134144 164864 196609 229376
1 4099 4102 4108 8216 8240 8288 12296 16576 16768 17152 24640 28672 34817 35840 49664 53248 69633 98305 102400 132608 164352 164864
1 4099 4102 4108 8216 8240 8288 12296 16576 16768 17152 24640 28672 34817 35840 49664 69633 86016 98305 114688 132608 164352 164864
1 4099 4102 4108 8216 8240 8288 12296 16576 16768 17152 24640 28672 34817 49664 53248 69633 98305 102400 132608 134144 164352 165888
1 4099 4102 4108 8216 8240 8288 12296 16576 16768 17152 24640 28672 34817 49664 69633 86016 98305 114688 132608 134144 164352 165888
2 4099 4102 4108 8216 8240 8288 12296 16576 16768 17152 24640 28672 35840 36865 49664 53248 67585 98305 100352 132608 164352 164864
1 4099 4102 4108 8216 8240 8288 12296 16576 16768 17152 24640 28672 36865 49664 53248 67072 67585 68608 98305 164352 197120 229376
2 4099 4102 4108 8216 8240 8288 12296 16576 16768 17152 24640 28672 36865 49664 53248 67072 67585 98305 98816 134144 197632 198656
1 4099 4102 4108 8216 8240 8288 12296 16576 16768 17152 24640 28672 36865 49664 53248 67072 68608 98305 98816 133121 196609 198656
1 4099 4102 4108 8216 8240 8288 12296 16576 16768 17152 24640 28672 36865 49664 53248 67072 98305 98816 133121 134144 196609 197632
1 4099 4102 4108 8216 8240 8288 12296 16576 16768 17152 24640 28672 36865 49664 53248 67585 68608 98305 99328 132608 164352 164864
1 4099 4102 4108 8216 8240 8288 12296 16576 16768 17152 24640 28672 36865 49664 53248 67585 68608 98305 132608 164352 197632 229376
2 4099 4102 4108 8216 8240 8288 12296 16576 16768 17152 24640 28672 36865 49664 53248 98305 98816 132608 133121 134144 196609 197120
2 4099 4102 4108 8216 8240 8288 12296 16576 16768 17152 24640 28672 36865 49664 86016 102400 114688 132608 133121 134144 163841 164352
1 4099 4102 4108 8216 8240 8288 12296 16576 16768 17152 24640 28672 49664 53248 67072 67585 68608 98816 102400 135169 196609 200704
1 4099 4102 4108 8216 8240 8288 12296 16576 16768 17152 24640 28672 49664 53248 69633 98305 102400 132608 133121 134144 163841 164352
1 4099 4102 4108 8216 8240 8288 12296 16576 16768 17152 24640 28672 49664 53248 69633 98816 102400 132608 133121 134144 196609 197120
1 4099 4102 4108 8216 8240 8288 12296 16576 16768 17152 24640 28672 49664 53248 69633 102400 132608 133121 134144 164352 196609 229376
2 4099 4102 4108 8216 8240 8288 12296 16576 16768 17152 24640 28672 49664 67072 67585 68608 86016 98816 114688 135169 196609 200704
1 4099 4102 4108 8216 8240 8288 12296 16576 16768 17152 28672 41024 49216 57344 67072 67585 68608 69633 82432 151552 200704 212992
2 4099 4102 4108 8216 8240 8288 12296 16576 16768 17152 28672 41024 49216 57344 67072 67585 68608 82432 86016 135169 196609 200704
1 4099 4102 4108 8216 8240 8288 12296 16576 16768 17152 28672 41024 49216 57344 67072 67585 68608 82432 135169 151552 196609 212992
1 4099 4102 4108 8216 8240 8288 12296 16576 16768 17152 28672 41024 49216 57344 67072 67585 69633 82432 86016 134144 197632 198656
1 4099 4102 4108 8216 8240 8288 12296 16576 16768 17152 28672 41024 49216 57344 67072 68608 69633 82432 86016 133121 196609 198656
1 4099 4102 4108 8216 8240 8288 12296 16576 16768 17152 28672 41024 49216 57344 67072 68608 82432 86016 133121 135169 198656 200704
1 4099 4102 4108 8216 8240 8288 12296 16576 16768 17152 28672 41024 49216 57344 67072 68608 82432 133121 135169 151552 198656 212992
1 4099 4102 4108 8216 8240 8288 12296 16576 16768 17152 28672 41024 49216 57344 67072 69633 82432 86016 133121 134144 196609 197632
1 4099 4102 4108 8216 8240 8288 12296 16576 16768 17152 28672 41024 49216 57344 67072 82432 86016 133121 134144 135169 197632 200704
1 4099 4102 4108 8216 8240 8288 12296 16576 16768 17152 28672 41024 49216 57344 67072 82432 133121 134144 135169 151552 197632 212992
1 4099 4102 4108 8216 8240 8288 12296 16576 16768 17152 28672 41024 49216 57344 67585 68608 69633 82432 86016 132608 197120 197632
1 4099 4102 4108 8216 8240 8288 12296 16576 16768 17152 28672 41024 49216 57344 67585 69633 82432 86016 132608 134144 197120 198656
1 4099 4102 4108 8216 8240 8288 12296 16576 16768 17152 28672 41024 49216 57344 69633 82432 86016 132608 133121 134144 196609 197120
1 4099 4102 4108 8216 8240 8288 12296 16576 16768 17152 28672 41024 49216 57344 82432 86016 132608 133121 134144 135169 197120 200704
2 4099 4102 4108 8216 8240 8288 12296 16576 16768 17152 28672 41024 49216 57344 82432 132608 133121 134144 135169 151552 197120 212992
1 4099 4102 4108 8216 8240 8288 12296 16576 16768 24640 28672 33536 34304 35840 49408 53248 67585 69633 100352 167936 200704 229376
1 4099 4102 4108 8216 8240 8288 12296 16576 16768 24640 28672 33536 34304 35840 49408 53248 67585 100352 102400 135169 196609 200704
1 4099 4102 4108 8216 8240 8288 12296 16576 16768 24640 28672 33536 34304 35840 49408 53248 67585 100352 135169 167936 196609 229376
1 4099 4102 4108 8216 8240 8288 12296 16576 16768 24640 28672 33536 34304 35840 49408 53248 69633 100352 102400 133121 196609 198656
1 4099 4102 4108 8216 8240 8288 12296 16576 16768 24640 28672 33536 34304 35840 49408 53248 100352 102400 133121 135169 198656 200704
1 4099 4102 4108 8216 8240 8288 12296 16576 16768 24640 28672 33536 34304 35840 49408 53248 100352 133121 135169 167936 198656 229376
1 4099 4102 4108 8216 8240 8288 12296 16576 16768 24640 28672 33536 34304 35840 49408 67585 69633 86016 100352 180224 212992 229376
1 4099 4102 4108 8216 8240 8288 12296 16576 16768 24640 28672 33536 34304 35840 49408 67585 69633 100352 102400 151552 167936 180224
1 4099 4102 4108 8216 8240 8288 12296 16576 16768 24640 28672 33536 34304 35840 49408 67585 69633 100352 114688 151552 200704 212992
1 4099 4102 4108 8216 8240 8288 12296 16576 16768 24640 28672 33536 34304 35840 49408 67585 69633 100352 151552 180224 200704 229376
1 4099 4102 4108 8216 8240 8288 12296 16576 16768 24640 28672 33536 34304 35840 49408 67585 86016 100352 114688 135169 196609 200704
1 4099 4102 4108 8216 8240 8288 12296 16576 16768 24640 28672 33536 34304 35840 49408 67585 100352 114688 135169 151552 196609 212992
1 4099 4102 4108 8216 8240 8288 12296 16576 16768 24640 28672 33536 34304 35840 49408 67585 100352 135169 151552 180224 196609 229376
1 4099 4102 4108 8216 8240 8288 12296 16576 16768 24640 28672 33536 34304 35840 49408 69633 86016 100352 114688 133121 196609 198656
1 4099 4102 4108 8216 8240 8288 12296 16576 16768 24640 28672 33536 34304 35840 49408 86016 100352 114688 133121 135169 198656 200704
1 4099 4102 4108 8216 8240 8288 12296 16576 16768 24640 28672 33536 34304 35840 49408 100352 114688 133121 135169 151552 198656 212992
1 4099 4102 4108 8216 8240 8288 12296 16576 16768 24640 28672 33536 34304 35840 49408 100352 133121 135169 151552 180224 198656 229376
1 4099 4102 4108 8216 8240 8288 12296 16576 16768 24640 28672 33536 34304 49408 53248 67585 68608 69633 99328 167936 200704 229376
1 4099 4102 4108 8216 8240 8288 12296 16576 16768 24640 28672 33536 34304 49408 53248 67585 68608 99328 102400 135169 196609 200704
1 4099 4102 4108 8216 8240 8288 12296 16576 16768 24640 28672 33536 34304 49408 53248 67585 68608 99328 135169 167936 196609 229376
1 4099 4102 4108 8216 8240 8288 12296 16576 16768 24640 28672 33536 34304 49408 53248 67585 69633 99328 102400 134144 197632 198656
1 4099 4102 4108 8216 8240 8288 12296 16576 16768 24640 28672 33536 34304 49408 53248 68608 69633 99328 102400 133121 196609 198656
1 4099 4102 4108 8216 8240 8288 12296 16576 16768 24640 28672 33536 34304 49408 53248 68608 99328 100352 133121 135169 165888 167936
1 4099 4102 4108 8216 8240 8288 12296 16576 16768 24640 28672 33536 34304 49408 53248 68608 99328 102400 133121 135169 198656 200704
1 4099 4102 4108 8216 8240 8288 12296 16576 16768 24640 28672 33536 34304 49408 53248 68608 99328 133121 135169 167936 198656 229376
1 4099 4102 4108 8216 8240 8288 12296 16576 16768 24640 28672 33536 34304 49408 53248 69633 99328 102400 133121 134144 196609 197632
1 4099 4102 4108 8216 8240 8288 12296 16576 16768 24640 28672 33536 34304 49408 53248 99328 102400 133121 134144 135169 197632 200704
1 4099 4102 4108 8216 8240 8288 12296 16576 16768 24640 28672 33536 34304 49408 53248 99328 133121 134144 135169 167936 197632 229376
1 4099 4102 4108 8216 8240 8288 12296 16576 16768 24640 28672 33536 34304 49408 67585 68608 69633 86016 99328 180224 212992 229376
1 4099 4102 4108 8216 8240 8288 12296 16576 16768 24640 28672 33536 34304 49408 67585 68608 69633 99328 102400 151552 167936 180224
1 4099 4102 4108 8216 8240 8288 12296 16576 16768 24640 28672 33536 34304 49408 67585 68608 69633 99328 114688 151552 200704 212992
1 4099 4102 4108 8216 8240 8288 12296 16576 16768 24640 28672 33536 34304 49408 67585 68608 69633 99328 151552 180224 200704 229376
1 4099 4102 4108 8216 8240 8288 12296 16576 16768 24640 28672 33536 34304 49408 67585 68608 86016 99328 114688 135169 196609 200704
1 4099 4102 4108 8216 8240 8288 12296 16576 16768 24640 28672 33536 34304 49408 67585 68608 99328 114688 135169 151552 196609 212992
1 4099 4102 4108 8216 8240 8288 12296 16576 16768 24640 28672 33536 34304 49408 67585 68608 99328 135169 151552 180224 196609 229376
1 4099 4102 4108 8216 8240 8288 12296 16576 16768 24640 28672 33536 34304 49408 67585 69633 86016 99328 114688 134144 197632 198656
1 4099 4102 4108 8216 8240 8288 12296 16576 16768 24640 28672 33536 34304 49408 68608 69633 86016 99328 114688 133121 196609 198656
1 4099 4102 4108 8216 8240 8288 12296 16576 16768 24640 28672 33536 34304 49408 68608 86016 99328 114688 133121 135169 198656 200704
1 4099 4102 4108 8216 8240 8288 12296 16576 16768 24640 28672 33536 34304 49408 68608 99328 100352 133121 135169 151552 165888 180224
1 4099 4102 4108 8216 8240 8288 12296 16576 16768 24640 28672 33536 34304 49408 68608 99328 114688 133121 135169 151552 198656 212992
1 4099 4102 4108 8216 8240 8288 12296 16576 16768 24640 28672 33536 34304 49408 68608 99328 133121 135169 151552 180224 198656 229376
1 4099 4102 4108 8216 8240 8288 12296 16576 16768 24640 28672 33536 34304 49408 69633 86016 99328 114688 133121 134144 196609 197632
1 4099 4102 4108 8216 8240 8288 12296 16576 16768 24640 28672 33536 34304 49408 86016 99328 114688 133121 134144 135169 197632 200704
1 4099 4102 4108 8216 8240 8288 12296 16576 16768 24640 28672 33536 34304 49408 99328 114688 133121 134144 135169 151552 197632 212992
1 4099 4102 4108 8216 8240 8288 12296 16576 16768 24640 28672 33536 34304 49408 99328 133121 134144 135169 151552 180224 197632 229376
1 4099 4102 4108 8216 8240 8288 12296 16576 16768 24640 28672 33536 35840 49408 53248 67072 98816 99328 133121 135169 165888 167936
1 4099 4102 4108 8216 8240 8288 12296 16576 16768 24640 28672 33536 35840 49408 67072 98816 99328 133121 135169 151552 165888 180224
1 4099 4102 4108 8216 8240 8288 12296 16576 16768 24640 28672 33536 49408 49664 67072 67585 68608 69633 82432 151552 200704 212992
1 4099 4102 4108 8216 8240 8288 12296 16576 16768 24640 28672 33536 49408 49664 67072 67585 68608 82432 86016 135169 196609 200704
1 4099 4102 4108 8216 8240 8288 12296 16576 16768 24640 28672 33536 49408 49664 67072 67585 68608 82432 135169 151552 196609 212992
1 4099 4102 4108 8216 8240 8288 12296 16576 16768 24640 28672 33536 49408 49664 67072 67585 69633 82432 86016 134144 197632 198656
1 4099 4102 4108 8216 8240 8288 12296 16576 16768 24640 28672 33536 49408 49664 67072 68608 69633 82432 86016 133121 196609 198656
1 4099 4102 4108 8216 8240 8288 12296 16576 16768 24640 28672 33536 49408 49664 67072 68608 82432 86016 133121 135169 198656 200704
1 4099 4102 4108 8216 8240 8288 12296 16576 16768 24640 28672 33536 49408 49664 67072 68608 82432 133121 135169 151552 198656 212992
1 4099 4102 4108 8216 8240 8288 12296 16576 16768 24640 28672 33536 49408 49664 67072 69633 82432 86016 133121 134144 196609 197632
1 4099 4102 4108 8216 8240 8288 12296 16576 16768 24640 28672 33536 49408 49664 67072 82432 86016 133121 134144 135169 197632 200704
1 4099 4102 4108 8216 8240 8288 12296 16576 16768 24640 28672 33536 49408 49664 67072 82432 133121 134144 135169 151552 197632 212992
1 4099 4102 4108 8216 8240 8288 12296 16576 16768 24640 28672 33536 49408 49664 67585 68608 69633 82432 86016 132608 197120 197632
1 4099 4102 4108 8216 8240 8288 12296 16576 16768 24640 28672 33536 49408 49664 67585 69633 82432 86016 132608 134144 197120 198656
1 4099 4102 4108 8216 8240 8288 12296 16576 16768 24640 28672 33536 49408 49664 69633 82432 86016 132608 133121 134144 196609 197120
1 4099 4102 4108 8216 8240 8288 12296 16576 16768 24640 28672 33536 49408 49664 82432 86016 132608 133121 134144 135169 197120 200704
1 4099 4102 4108 8216 8240 8288 12296 16576 16768 24640 28672 33536 49408 49664 82432 132608 133121 134144 135169 151552 197120 212992
1 4099 4102 4108 8216 8240 8288 12296 16576 16768 24640 28672 33536 49408 53248 67072 67585 68608 69633 98816 167936 200704 229376
1 4099 4102 4108 8216 8240 8288 12296 16576 16768 24640 28672 33536 49408 53248 67072 67585 68608 98816 102400 135169 196609 200704
1 4099 4102 4108 8216 8240 8288 12296 16576 16768 24640 28672 33536 49408 53248 67072 67585 68608 98816 135169 167936 196609 229376
1 4099 4102 4108 8216 8240 8288 12296 16576 16768 24640 28672 33536 49408 53248 67072 67585 69633 98816 102400 134144 197632 198656
1 4099 4102 4108 8216 8240 8288 12296 16576 16768 24640 28672 33536 49408 53248 67072 68608 69633 98816 102400 133121 196609 198656
1 4099 4102 4108 8216 8240 8288 12296 16576 16768 24640 28672 33536 49408 53248 67072 68608 98816 100352 133121 135169 165888 167936
1 4099 4102 4108 8216 8240 8288 12296 16576 16768 24640 28672 33536 49408 53248 67072 68608 98816 102400 133121 135169 198656 200704
1 4099 4102 4108 8216 8240 8288 12296 16576 16768 24640 28672 33536 49408 53248 67072 68608 98816 133121 135169 167936 198656 229376
1 4099 4102 4108 8216 8240 8288 12296 16576 16768 24640 28672 33536 49408 53248 67072 69633 98816 102400 133121 134144 196609 197632
1 4099 4102 4108 8216 8240 8288 12296 16576 16768 24640 28672 33536 49408 53248 67072 98816 99328 133121 134144 135169 164864 167936
1 4099 4102 4108 8216 8240 8288 12296 16576 16768 24640 28672 33536 49408 53248 67072 98816 102400 133121 134144 135169 197632 200704
1 4099 4102 4108 8216 8240 8288 12296 16576 16768 24640 28672 33536 49408 53248 67072 98816 133121 134144 135169 167936 197632 229376
1 4099 4102 4108 8216 8240 8288 12296 16576 16768 24640 28672 33536 49408 53248 67585 68608 69633 98816 102400 132608 197120 197632
1 4099 4102 4108 8216 8240 8288 12296 16576 16768 24640 28672 33536 49408 53248 67585 69633 98816 102400 132608 134144 197120 198656
1 4099 4102 4108 8216 8240 8288 12296 16576 16768 24640 28672 33536 49408 53248 69633 98816 102400 132608 133121 134144 196609 197120
1 4099 4102 4108 8216 8240 8288 12296 16576 16768 24640 28672 33536 49408 53248 98816 102400 132608 133121 134144 135169 197120 200704
1 4099 4102 4108 8216 8240 8288 12296 16576 16768 24640 28672 33536 49408 53248 98816 132608 133121 134144 135169 167936 197120 229376
1 4099 4102 4108 8216 8240 8288 12296 16576 16768 24640 28672 33536 49408 67072 67585 68608 69633 86016 98816 180224 212992 229376
1 4099 4102 4108 8216 8240 8288 12296 16576 16768 24640 28672 33536 49408 67072 67585 68608 69633 98816 102400 151552 167936 180224
1 4099 4102 4108 8216 8240 8288 12296 16576 16768 24640 28672 33536 49408 67072 67585 68608 69633 98816 114688 151552 200704 212992
1 4099 4102 4108 8216 8240 8288 12296 16576 16768 24640 28672 33536 49408 67072 67585 68608 69633 98816 151552 180224 200704 229376
1 4099 4102 4108 8216 8240 8288 12296 16576 16768 24640 28672 33536 49408 67072 67585 68608 86016 98816 114688 135169 196609 200704
1 4099 4102 4108 8216 8240 8288 12296 16576 16768 24640 28672 33536 49408 67072 67585 68608 98816 114688 135169 151552 196609 212992
1 4099 4102 4108 8216 8240 8288 12296 16576 16768 24640 28672 33536 49408 67072 67585 68608 98816 135169 151552 180224 196609 229376
1 4099 4102 4108 8216 8240 8288 12296 16576 16768 24640 28672 33536 49408 67072 67585 69633 86016 98816 114688 134144 197632 198656
1 4099 4102 4108 8216 8240 8288 12296 16576 16768 24640 28672 33536 49408 67072 68608 69633 86016 98816 114688 133121 196609 198656
1 4099 4102 4108 8216 8240 8288 12296 16576 16768 24640 28672 33536 49408 67072 68608 86016 98816 114688 133121 135169 198656 200704
1 4099 4102 4108 8216 8240 8288 12296 16576 16768 24640 28672 33536 49408 67072 68608 98816 100352 133121 135169 151552 165888 180224
1 4099 4102 4108 8216 8240 8288 12296 16576 16768 24640 28672 33536 49408 67072 68608 98816 114688 133121 135169 151552 198656 212992
1 4099 4102 4108 8216 8240 8288 12296 16576 16768 24640 28672 33536 49408 67072 68608 98816 133121 135169 151552 180224 198656 229376
1 4099 4102 4108 8216 8240 8288 12296 16576 16768 24640 28672 33536 49408 67072 69633 86016 98816 114688 133121 134144 196609 197632
1 4099 4102 4108 8216 8240 8288 12296 16576 16768 24640 28672 33536 49408 67072 86016 98816 114688 133121 134144 135169 197632 200704
1 4099 4102 4108 8216 8240 8288 12296 16576 16768 24640 28672 33536 49408 67072 98816 99328 133121 134144 135169 151552 164864 180224
1 4099 4102 4108 8216 8240 8288 12296 16576 16768 24640 28672 33536 49408 67072 98816 114688 133121 134144 135169 151552 197632 212992
1 4099 4102 4108 8216 8240 8288 12296 16576 16768 24640 28672 33536 49408 67072 98816 133121 134144 135169 151552 180224 197632 229376
1 4099 4102 4108 8216 8240 8288 12296 16576 16768 24640 28672 33536 49408 67585 68608 69633 86016 98816 114688 132608 197120 197632
1 4099 4102 4108 8216 8240 8288 12296 16576 16768 24640 28672 33536 49408 67585 69633 86016 98816 114688 132608 134144 197120 198656
1 4099 4102 4108 8216 8240 8288 12296 16576 16768 24640 28672 33536 49408 69633 86016 98816 114688 132608 133121 134144 196609 197120
1 4099 4102 4108 8216 8240 8288 12296 16576 16768 24640 28672 33536 49408 82432 98816 114688 132608 133121 134144 135169 147968 151552
1 4099 4102 4108 8216 8240 8288 12296 16576 16768 24640 28672 33536 49408 86016 98816 114688 132608 133121 134144 135169 197120 200704
1 4099 4102 4108 8216 8240 8288 12296 16576 16768 24640 28672 33536 49408 98816 114688 132608 133121 134144 135169 151552 197120 212992
1 4099 4102 4108 8216 8240 8288 12296 16576 16768 24640 28672 33536 49408 98816 132608 133121 134144 135169 151552 180224 197120 229376
1 4099 4102 4108 8216 8240 8288 12296 16576 16768 24640 28672 34304 35840 49408 53248 66304 98560 98816 133121 135169 165888 167936
1 4099 4102 4108 8216 8240 8288 12296 16576 16768 24640 28672 34304 35840 49408 66304 98560 98816 133121 135169 151552 165888 180224
1 4099 4102 4108 8216 8240 8288 12296 16576 16768 24640 28672 34304 49408 53248 66304 98560 98816 133121 134144 135169 164864 167936
1 4099 4102 4108 8216 8240 8288 12296 16576 16768 24640 28672 34304 49408 66304 98560 98816 133121 134144 135169 151552 164864 180224
1 4099 4102 4108 8216 8240 8288 12296 16576 16768 24640 28672 35840 49408 53248 66304 67072 98560 99328 133121 135169 165888 167936
1 4099 4102 4108 8216 8240 8288 12296 16576 16768 24640 28672 35840 49408 66304 67072 98560 99328 133121 135169 151552 165888 180224
1 4099 4102 4108 8216 8240 8288 12296 16576 16768 24640 28672 49408 49664 66304 98560 98816 132608 133121 134144 135169 147968 151552
1 4099 4102 4108 8216 8240 8288 12296 16576 16768 24640 28672 49408 53248 66304 67072 68608 98560 100352 133121 135169 165888 167936
1 4099 4102 4108 8216 8240 8288 12296 16576 16768 24640 28672 49408 53248 66304 67072 68608 98560 102400 133121 135169 198656 200704
1 4099 4102 4108 8216 8240 8288 12296 16576 16768 24640 28672 49408 53248 66304 67072 68608 98560 133121 135169 167936 198656 229376
1 4099 4102 4108 8216 8240 8288 12296 16576 16768 24640 28672 49408 53248 66304 67072 98560 99328 133121 134144 135169 164864 167936
1 4099 4102 4108 8216 8240 8288 12296 16576 16768 24640 28672 49408 53248 66304 67072 98560 102400 133121 134144 135169 197632 200704
1 4099 4102 4108 8216 8240 8288 12296 16576 16768 24640 28672 49408 53248 66304 67072 98560 133121 134144 135169 167936 197632 229376
1 4099 4102 4108 8216 8240 8288 12296 16576 16768 24640 28672 49408 53248 66304 98560 98816 132608 133121 134144 135169 164352 167936
1 4099 4102 4108 8216 8240 8288 12296 16576 16768 24640 28672 49408 53248 66304 98560 102400 132608 133121 134144 135169 197120 200704
1 4099 4102 4108 8216 8240 8288 12296 16576 16768 24640 28672 49408 53248 66304 98560 132608 133121 134144 135169 167936 197120 229376
1 4099 4102 4108 8216 8240 8288 12296 16576 16768 24640 28672 49408 66304 67072 68608 86016 98560 114688 133121 135169 198656 200704
1 4099 4102 4108 8216 8240 8288 12296 16576 16768 24640 28672 49408 66304 67072 68608 98560 100352 133121 135169 151552 165888 180224
1 4099 4102 4108 8216 8240 8288 12296 16576 16768 24640 28672 49408 66304 67072 68608 98560 114688 133121 135169 151552 198656 212992
1 4099 4102 4108 8216 8240 8288 12296 16576 16768 24640 28672 49408 66304 67072 68608 98560 133121 135169 151552 180224 198656 229376
1 4099 4102 4108 8216 8240 8288 12296 16576 16768 24640 28672 49408 66304 67072 86016 98560 114688 133121 134144 135169 197632 200704
1 4099 4102 4108 8216 8240 8288 12296 16576 16768 24640 28672 49408 66304 67072 98560 99328 133121 134144 135169 151552 164864 180224
1 4099 4102 4108 8216 8240 8288 12296 16576 16768 24640 28672 49408 66304 67072 98560 114688 133121 134144 135169 151552 197632 212992
1 4099 4102 4108 8216 8240 8288 12296 16576 16768 24640 28672 49408 66304 67072 98560 133121 134144 135169 151552 180224 197632 229376
1 4099 4102 4108 8216 8240 8288 12296 16576 16768 24640 28672 49408 66304 82432 98560 114688 132608 133121 134144 135169 147968 151552
1 4099 4102 4108 8216 8240 8288 12296 16576 16768 24640 28672 49408 66304 86016 98560 114688 132608 133121 134144 135169 197120 200704
1 4099 4102 4108 8216 8240 8288 12296 16576 16768 24640 28672 49408 66304 98560 98816 132608 133121 134144 135169 151552 164352 180224
1 4099 4102 4108 8216 8240 8288 12296 16576 16768 24640 28672 49408 66304 98560 114688 132608 133121 134144 135169 151552 197120 212992
1 4099 4102 4108 8216 8240 8288 12296 16576 16768 24640 28672 49408 66304 98560 132608 133121 134144 135169 151552 180224 197120 229376
1 4099 4102 4108 8216 8240 8288 12296 16576 16768 28672 41024 49216 57344 66304 67072 68608 82176 86016 133121 135169 198656 200704
1 4099 4102 4108 8216 8240 8288 12296 16576 16768 28672 41024 49216 57344 66304 67072 68608 82176 133121 135169 151552 198656 212992
1 4099 4102 4108 8216 8240 8288 12296 16576 16768 28672 41024 49216 57344 66304 67072 82176 86016 133121 134144 135169 197632 200704
1 4099 4102 4108 8216 8240 8288 12296 16576 16768 28672 41024 49216 57344 66304 67072 82176 133121 134144 135169 151552 197632 212992
1 4099 4102 4108 8216 8240 8288 12296 16576 16768 28672 41024 49216 57344 66304 82176 82432 132608 133121 134144 135169 147968 151552
1 4099 4102 4108 8216 8240 8288 12296 16576 16768 28672 41024 49216 57344 66304 82176 86016 132608 133121 134144 135169 197120 200704
1 4099 4102 4108 8216 8240 8288 12296 16576 16768 28672 41024 49216 57344 66304 82176 132608 133121 134144 135169 151552 197120 212992
1 4099 4102 4108 8216 8240 8288 12296 16576 17024 24640 28672 34304 34817 35840 36865 49664 53248 66176 131456 131840 196736 197120
1 4099 4102 4108 8216 8240 8288 12296 16576 17152 24640 28672 33152 49280 49408 67072 67585 68608 69633 82432 151552 200704 212992
1 4099 4102 4108 8216 8240 8288 12296 16576 17152 24640 28672 33152 49280 49408 67072 67585 68608 82432 86016 135169 196609 200704
1 4099 4102 4108 8216 8240 8288 12296 16576 17152 24640 28672 33152 49280 49408 67072 67585 68608 82432 135169 151552 196609 212992
1 4099 4102 4108 8216 8240 8288 12296 16576 17152 24640 28672 33152 49280 49408 67072 67585 69633 82432 86016 134144 197632 198656
1 4099 4102 4108 8216 8240 8288 12296 16576 17152 24640 28672 33152 49280 49408 67072 68608 69633 82432 86016 133121 196609 198656
1 4099 4102 4108 8216 8240 8288 12296 16576 17152 24640 28672 33152 49280 49408 67072 68608 82432 86016 133121 135169 198656 200704
1 4099 4102 4108 8216 8240 8288 12296 16576 17152 24640 28672 33152 49280 49408 67072 68608 82432 133121 135169 151552 198656 212992
1 4099 4102 4108 8216 8240 8288 12296 16576 17152 24640 28672 33152 49280 49408 67072 69633 82432 86016 133121 134144 196609 197632
1 4099 4102 4108 8216 8240 8288 12296 16576 17152 24640 28672 33152 49280 49408 67072 82432 86016 133121 134144 135169 197632 200704
1 4099 4102 4108 8216 8240 8288 12296 16576 17152 24640 28672 33152 49280 49408 67072 82432 133121 134144 135169 151552 197632 212992
1 4099 4102 4108 8216 8240 8288 12296 16576 17152 24640 28672 33152 49280 49408 67585 68608 69633 82432 86016 132608 197120 197632
1 4099 4102 4108 8216 8240 8288 12296 16576 17152 24640 28672 33152 49280 49408 67585 69633 82432 86016 132608 134144 197120 198656
1 4099 4102 4108 8216 8240 8288 12296 16576 17152 24640 28672 33152 49280 49408 69633 82432 86016 132608 133121 134144 196609 197120
1 4099 4102 4108 8216 8240 8288 12296 16576 17152 24640 28672 33152 49280 49408 82432 86016 132608 133121 134144 135169 197120 200704
1 4099 4102 4108 8216 8240 8288 12296 16576 17152 24640 28672 33152 49280 49408 82432 132608 133121 134144 135169 151552 197120 212992
1 4099 4102 4108 8216 8240 8288 12296 16576 17152 24640 28672 33152 49280 82176 98560 114688 132608 133121 134144 135169 147968 151552
2 4099 4102 4108 8216 8240 8288 12296 16576 17152 24640 28672 49280 49408 65920 98432 98560 132608 133121 134144 135169 147968 151552
1 4099 4102 4108 8216 8240 8288 12296 16576 24640 28672 33152 33536 34304 49280 53248 67585 68608 69633 102400 164864 197632 229376
1 4099 4102 4108 8216 8240 8288 12296 16576 24640 28672 33152 33536 34304 49280 53248 67585 68608 99328 102400 135169 196609 200704
1 4099 4102 4108 8216 8240 8288 12296 16576 24640 28672 33152 33536 34304 49280 53248 67585 69633 99328 102400 134144 197632 198656
1 4099 4102 4108 8216 8240 8288 12296 16576 24640 28672 33152 33536 34304 49280 53248 67585 69633 102400 134144 164864 198656 229376
1 4099 4102 4108 8216 8240 8288 12296 16576 24640 28672 33152 33536 34304 49280 53248 68608 69633 99328 102400 133121 196609 198656
1 4099 4102 4108 8216 8240 8288 12296 16576 24640 28672 33152 33536 34304 49280 53248 68608 99328 102400 133121 135169 198656 200704
1 4099 4102 4108 8216 8240 8288 12296 16576 24640 28672 33152 33536 34304 49280 53248 69633 99328 102400 133121 134144 196609 197632
1 4099 4102 4108 8216 8240 8288 12296 16576 24640 28672 33152 33536 34304 49280 53248 69633 102400 133121 134144 164864 196609 229376
1 4099 4102 4108 8216 8240 8288 12296 16576 24640 28672 33152 33536 34304 49280 53248 99328 102400 133121 134144 135169 197632 200704
1 4099 4102 4108 8216 8240 8288 12296 16576 24640 28672 33152 33536 34304 49280 53248 102400 133121 134144 135169 164864 200704 229376
1 4099 4102 4108 8216 8240 8288 12296 16576 24640 28672 33152 33536 34304 49280 67585 68608 69633 86016 114688 164864 197632 229376
1 4099 4102 4108 8216 8240 8288 12296 16576 24640 28672 33152 33536 34304 49280 67585 68608 69633 99328 114688 151552 200704 212992
1 4099 4102 4108 8216 8240 8288 12296 16576 24640 28672 33152 33536 34304 49280 67585 68608 86016 99328 114688 135169 196609 200704
1 4099 4102 4108 8216 8240 8288 12296 16576 24640 28672 33152 33536 34304 49280 67585 68608 99328 114688 135169 151552 196609 212992
1 4099 4102 4108 8216 8240 8288 12296 16576 24640 28672 33152 33536 34304 49280 67585 69633 86016 99328 114688 134144 197632 198656
1 4099 4102 4108 8216 8240 8288 12296 16576 24640 28672 33152 33536 34304 49280 67585 69633 86016 114688 134144 164864 198656 229376
1 4099 4102 4108 8216 8240 8288 12296 16576 24640 28672 33152 33536 34304 49280 68608 69633 86016 99328 114688 133121 196609 198656
1 4099 4102 4108 8216 8240 8288 12296 16576 24640 28672 33152 33536 34304 49280 68608 86016 99328 114688 133121 135169 198656 200704
1 4099 4102 4108 8216 8240 8288 12296 16576 24640 28672 33152 33536 34304 49280 68608 99328 114688 133121 135169 151552 198656 212992
1 4099 4102 4108 8216 8240 8288 12296 16576 24640 28672 33152 33536 34304 49280 69633 86016 99328 114688 133121 134144 196609 197632
1 4099 4102 4108 8216 8240 8288 12296 16576 24640 28672 33152 33536 34304 49280 69633 86016 114688 133121 134144 164864 196609 229376
1 4099 4102 4108 8216 8240 8288 12296 16576 24640 28672 33152 33536 34304 49280 86016 99328 114688 133121 134144 135169 197632 200704
1 4099 4102 4108 8216 8240 8288 12296 16576 24640 28672 33152 33536 34304 49280 86016 102400 114688 133121 134144 135169 164864 167936
1 4099 4102 4108 8216 8240 8288 12296 16576 24640 28672 33152 33536 34304 49280 86016 114688 133121 134144 135169 164864 200704 229376
1 4099 4102 4108 8216 8240 8288 12296 16576 24640 28672 33152 33536 34304 49280 99328 114688 133121 134144 135169 151552 197632 212992
1 4099 4102 4108 8216 8240 8288 12296 16576 24640 28672 33152 33536 34304 49280 114688 133121 134144 135169 151552 164864 212992 229376
1 4099 4102 4108 8216 8240 8288 12296 16576 24640 28672 33152 33536 49280 49664 67072 67585 68608 69633 82432 151552 200704 212992
1 4099 4102 4108 8216 8240 8288 12296 16576 24640 28672 33152 33536 49280 49664 67072 67585 68608 82432 86016 135169 196609 200704
1 4099 4102 4108 8216 8240 8288 12296 16576 24640 28672 33152 33536 49280 49664 67072 67585 68608 82432 135169 151552 196609 212992
1 4099 4102 4108 8216 8240 8288 12296 16576 24640 28672 33152 33536 49280 49664 67072 67585 69633 82432 86016 134144 197632 198656
1 4099 4102 4108 8216 8240 8288 12296 16576 24640 28672 33152 33536 49280 49664 67072 68608 69633 82432 86016 133121 196609 198656
1 4099 4102 4108 8216 8240 8288 12296 16576 24640 28672 33152 33536 49280 49664 67072 68608 82432 86016 133121 135169 198656 200704
1 4099 4102 4108 8216 8240 8288 12296 16576 24640 28672 33152 33536 49280 49664 67072 68608 82432 133121 135169 151552 198656 212992
1 4099 4102 4108 8216 8240 8288 12296 16576 24640 28672 33152 33536 49280 49664 67072 69633 82432 86016 133121 134144 196609 197632
1 4099 4102 4108 8216 8240 8288 12296 16576 24640 28672 33152 33536 49280 49664 67072 82432 86016 133121 134144 135169 197632 200704
1 4099 4102 4108 8216 8240 8288 12296 16576 24640 28672 33152 33536 49280 49664 67072 82432 133121 134144 135169 151552 197632 212992
1 4099 4102 4108 8216 8240 8288 12296 16576 24640 28672 33152 33536 49280 49664 67585 68608 69633 82432 86016 132608 197120 197632
1 4099 4102 4108 8216 8240 8288 12296 16576 24640 28672 33152 33536 49280 49664 67585 69633 82432 86016 132608 134144 197120 198656
1 4099 4102 4108 8216 8240 8288 12296 16576 24640 28672 33152 33536 49280 49664 69633 82432 86016 132608 133121 134144 196609 197120
1 4099 4102 4108 8216 8240 8288 12296 16576 24640 28672 33152 33536 49280 49664 82432 86016 132608 133121 134144 135169 197120 200704
1 4099 4102 4108 8216 8240 8288 12296 16576 24640 28672 33152 33536 49280 49664 82432 132608 133121 134144 135169 151552 197120 212992
1 4099 4102 4108 8216 8240 8288 12296 16576 24640 28672 33152 33536 49280 53248 67072 67585 68608 98816 102400 135169 196609 200704
1 4099 4102 4108 8216 8240 8288 12296 16576 24640 28672 33152 33536 49280 53248 67072 67585 69633 98816 102400 134144 197632 198656
1 4099 4102 4108 8216 8240 8288 12296 16576 24640 28672 33152 33536 49280 53248 67072 68608 69633 98816 102400 133121 196609 198656
1 4099 4102 4108 8216 8240 8288 12296 16576 24640 28672 33152 33536 49280 53248 67072 68608 98816 102400 133121 135169 198656 200704
1 4099 4102 4108 8216 8240 8288 12296 16576 24640 28672 33152 33536 49280 53248 67072 69633 98816 102400 133121 134144 196609 197632
1 4099 4102 4108 8216 8240 8288 12296 16576 24640 28672 33152 33536 49280 53248 67072 98816 102400 133121 134144 135169 197632 200704
1 4099 4102 4108 8216 8240 8288 12296 16576 24640 28672 33152 33536 49280 53248 67585 68608 69633 98816 102400 132608 197120 197632
1 4099 4102 4108 8216 8240 8288 12296 16576 24640 28672 33152 33536 49280 53248 67585 68608 69633 99328 102400 132608 164352 164864
1 4099 4102 4108 8216 8240 8288 12296 16576 24640 28672 33152 33536 49280 53248 67585 68608 69633 102400 132608 164352 197632 229376
1 4099 4102 4108 8216 8240 8288 12296 16576 24640 28672 33152 33536 49280 53248 67585 69633 98816 102400 132608 134144 197120 198656
1 4099 4102 4108 8216 8240 8288 12296 16576 24640 28672 33152 33536 49280 53248 67585 69633 102400 132608 134144 164352 198656 229376
1 4099 4102 4108 8216 8240 8288 12296 16576 24640 28672 33152 33536 49280 53248 69633 98816 102400 132608 133121 134144 196609 197120
1 4099 4102 4108 8216 8240 8288 12296 16576 24640 28672 33152 33536 49280 53248 69633 102400 132608 133121 134144 164352 196609 229376
1 4099 4102 4108 8216 8240 8288 12296 16576 24640 28672 33152 33536 49280 53248 98816 102400 132608 133121 134144 135169 197120 200704
1 4099 4102 4108 8216 8240 8288 12296 16576 24640 28672 33152 33536 49280 53248 102400 132608 133121 134144 135169 164352 200704 229376
1 4099 4102 4108 8216 8240 8288 12296 16576 24640 28672 33152 33536 49280 67072 67585 68608 69633 86016 114688 164352 197120 229376
1 4099 4102 4108 8216 8240 8288 12296 16576 24640 28672 33152 33536 49280 67072 67585 68608 69633 98816 114688 151552 200704 212992
1 4099 4102 4108 8216 8240 8288 12296 16576 24640 28672 33152 33536 49280 67072 67585 68608 86016 98816 114688 135169 196609 200704
1 4099 4102 4108 8216 8240 8288 12296 16576 24640 28672 33152 33536 49280 67072 67585 68608 98816 114688 135169 151552 196609 212992
1 4099 4102 4108 8216 8240 8288 12296 16576 24640 28672 33152 33536 49280 67072 67585 69633 86016 98816 114688 134144 197632 198656
1 4099 4102 4108 8216 8240 8288 12296 16576 24640 28672 33152 33536 49280 67072 68608 69633 86016 98816 114688 133121 196609 198656
1 4099 4102 4108 8216 8240 8288 12296 16576 24640 28672 33152 33536 49280 67072 68608 86016 98816 114688 133121 135169 198656 200704
1 4099 4102 4108 8216 8240 8288 12296 16576 24640 28672 33152 33536 49280 67072 68608 98816 114688 133121 135169 151552 198656 212992
1 4099 4102 4108 8216 8240 8288 12296 16576 24640 28672 33152 33536 49280 67072 69633 86016 98816 114688 133121 134144 196609 197632
1 4099 4102 4108 8216 8240 8288 12296 16576 24640 28672 33152 33536 49280 67072 86016 98816 114688 133121 134144 135169 197632 200704
1 4099 4102 4108 8216 8240 8288 12296 16576 24640 28672 33152 33536 49280 67072 98816 114688 133121 134144 135169 151552 197632 212992
1 4099 4102 4108 8216 8240 8288 12296 16576 24640 28672 33152 33536 49280 67585 68608 69633 86016 98816 114688 132608 197120 197632
1 4099 4102 4108 8216 8240 8288 12296 16576 24640 28672 33152 33536 49280 67585 68608 69633 86016 99328 114688 132608 164352 164864
1 4099 4102 4108 8216 8240 8288 12296 16576 24640 28672 33152 33536 49280 67585 68608 69633 86016 114688 132608 164352 197632 229376
1 4099 4102 4108 8216 8240 8288 12296 16576 24640 28672 33152 33536 49280 67585 69633 86016 98816 114688 132608 134144 197120 198656
1 4099 4102 4108 8216 8240 8288 12296 16576 24640 28672 33152 33536 49280 67585 69633 86016 114688 132608 134144 164352 198656 229376
1 4099 4102 4108 8216 8240 8288 12296 16576 24640 28672 33152 33536 49280 69633 86016 98816 114688 132608 133121 134144 196609 197120
1 4099 4102 4108 8216 8240 8288 12296 16576 24640 28672 33152 33536 49280 69633 86016 114688 132608 133121 134144 164352 196609 229376
1 4099 4102 4108 8216 8240 8288 12296 16576 24640 28672 33152 33536 49280 82432 98816 114688 132608 133121 134144 135169 147968 151552
1 4099 4102 4108 8216 8240 8288 12296 16576 24640 28672 33152 33536 49280 86016 98816 114688 132608 133121 134144 135169 197120 200704
1 4099 4102 4108 8216 8240 8288 12296 16576 24640 28672 33152 33536 49280 86016 114688 132608 133121 134144 135169 164352 200704 229376
1 4099 4102 4108 8216 8240 8288 12296 16576 24640 28672 33152 33536 49280 98816 114688 132608 133121 134144 135169 151552 197120 212992
1 4099 4102 4108 8216 8240 8288 12296 16576 24640 28672 33152 33536 49280 114688 132608 133121 134144 135169 151552 164352 212992 229376
1 4099 4102 4108 8216 8240 8288 12296 16576 24640 28672 33152 34304 49280 53248 67585 68608 69633 99328 102400 131840 164096 164352
1 4099 4102 4108 8216 8240 8288 12296 16576 24640 28672 33152 34304 49280 67585 68608 69633 86016 99328 114688 131840 164096 164352
1 4099 4102 4108 8216 8240 8288 12296 16576 24640 28672 33152 49280 49408 66304 67072 68608 82176 86016 133121 135169 198656 200704
1 4099 4102 4108 8216 8240 8288 12296 16576 24640 28672 33152 49280 49408 66304 67072 68608 82176 133121 135169 151552 198656 212992
1 4099 4102 4108 8216 8240 8288 12296 16576 24640 28672 33152 49280 49408 66304 67072 82176 86016 133121 134144 135169 197632 200704
1 4099 4102 4108 8216 8240 8288 12296 16576 24640 28672 33152 49280 49408 66304 67072 82176 133121 134144 135169 151552 197632 212992
1 4099 4102 4108 8216 8240 8288 12296 16576 24640 28672 33152 49280 49408 66304 82176 82432 132608 133121 134144 135169 147968 151552
1 4099 4102 4108 8216 8240 8288 12296 16576 24640 28672 33152 49280 49408 66304 82176 86016 132608 133121 134144 135169 197120 200704
1 4099 4102 4108 8216 8240 8288 12296 16576 24640 28672 33152 49280 49408 66304 82176 132608 133121 134144 135169 151552 197120 212992
1 4099 4102 4108 8216 8240 8288 12296 16576 24640 28672 33152 49280 49664 66304 98560 98816 132608 133121 134144 135169 147968 151552
1 4099 4102 4108 8216 8240 8288 12296 16576 24640 28672 33152 49280 53248 66304 67072 68608 98560 102400 133121 135169 198656 200704
1 4099 4102 4108 8216 8240 8288 12296 16576 24640 28672 33152 49280 53248 66304 67072 98560 102400 133121 134144 135169 197632 200704
2 4099 4102 4108 8216 8240 8288 12296 16576 24640 28672 33152 49280 53248 66304 98560 102400 132608 133121 134144 135169 197120 200704
1 4099 4102 4108 8216 8240 8288 12296 16576 24640 28672 33152 49280 53248 67072 67585 68608 69633 98816 102400 131840 164096 164352
1 4099 4102 4108 8216 8240 8288 12296 16576 24640 28672 33152 49280 53248 67072 67585 68608 69633 102400 131840 164096 197120 229376
1 4099 4102 4108 8216 8240 8288 12296 16576 24640 28672 33152 49280 53248 67585 68608 69633 99328 102400 131840 132608 164096 164864
1 4099 4102 4108 8216 8240 8288 12296 16576 24640 28672 33152 49280 53248 67585 68608 69633 102400 131840 132608 164096 197632 229376
1 4099 4102 4108 8216 8240 8288 12296 16576 24640 28672 33152 49280 53248 67585 69633 102400 131840 132608 134144 164096 198656 229376
1 4099 4102 4108 8216 8240 8288 12296 16576 24640 28672 33152 49280 66304 67072 68608 86016 98560 114688 133121 135169 198656 200704
1 4099 4102 4108 8216 8240 8288 12296 16576 24640 28672 33152 49280 66304 67072 68608 98560 114688 133121 135169 151552 198656 212992
1 4099 4102 4108 8216 8240 8288 12296 16576 24640 28672 33152 49280 66304 67072 86016 98560 114688 133121 134144 135169 197632 200704
1 4099 4102 4108 8216 8240 8288 12296 16576 24640 28672 33152 49280 66304 67072 98560 114688 133121 134144 135169 151552 197632 212992
1 4099 4102 4108 8216 8240 8288 12296 16576 24640 28672 33152 49280 66304 82432 98560 114688 132608 133121 134144 135169 147968 151552
2 4099 4102 4108 8216 8240 8288 12296 16576 24640 28672 33152 49280 66304 86016 98560 114688 132608 133121 134144 135169 197120 200704
1 4099 4102 4108 8216 8240 8288 12296 16576 24640 28672 33152 49280 66304 98560 114688 132608 133121 134144 135169 151552 197120 212992
1 4099 4102 4108 8216 8240 8288 12296 16576 24640 28672 33152 49280 67072 67585 68608 69633 86016 98816 114688 131840 164096 164352
1 4099 4102 4108 8216 8240 8288 12296 16576 24640 28672 33152 49280 67072 67585 68608 69633 86016 114688 131840 164096 197120 229376
1 4099 4102 4108 8216 8240 8288 12296 16576 24640 28672 33152 49280 67585 68608 69633 86016 99328 114688 131840 132608 164096 164864
1 4099 4102 4108 8216 8240 8288 12296 16576 24640 28672 33152 49280 67585 68608 69633 86016 114688 131840 132608 164096 197632 229376
1 4099 4102 4108 8216 8240 8288 12296 16576 24640 28672 33152 49280 67585 69633 86016 114688 131840 132608 134144 164096 198656 229376
1 4099 4102 4108 8216 8240 8288 12296 16576 24640 28672 33536 34304 49280 53248 67585 68608 69633 99328 102400 131456 163968 164096
1 4099 4102 4108 8216 8240 8288 12296 16576 24640 28672 33536 34304 49280 67585 68608 69633 86016 99328 114688 131456 163968 164096
1 4099 4102 4108 8216 8240 8288 12296 16576 24640 28672 33536 49280 49664 65920 98432 98560 132608 133121 134144 135169 147968 151552
1 4099 4102 4108 8216 8240 8288 12296 16576 24640 28672 33536 49280 67072 67585 68608 69633 86016 98816 114688 131456 163968 164096
1 4099 4102 4108 8216 8240 8288 12296 16576 24640 28672 34304 49280 53248 67585 68608 69633 99328 102400 131456 131840 163968 164352
1 4099 4102 4108 8216 8240 8288 12296 16576 24640 28672 34304 49280 67585 68608 69633 86016 99328 114688 131456 131840 163968 164352
1 4099 4102 4108 8216 8240 8288 12296 16576 24640 28672 49280 49664 65920 66304 98432 98816 132608 133121 134144 135169 147968 151552
1 4099 4102 4108 8216 8240 8288 12296 16576 24640 28672 49280 53248 65920 66304 67072 98432 102400 133121 134144 135169 197632 200704
1 4099 4102 4108 8216 8240 8288 12296 16576 24640 28672 49280 53248 67072 67585 68608 69633 98816 102400 131456 131840 163968 164352
1 4099 4102 4108 8216 8240 8288 12296 16576 24640 28672 49280 53248 67072 67585 68608 69633 102400 131456 131840 163968 197120 229376
1 4099 4102 4108 8216 8240 8288 12296 16576 24640 28672 49280 53248 67585 68608 69633 99328 102400 131456 131840 132608 163968 164864
1 4099 4102 4108 8216 8240 8288 12296 16576 24640 28672 49280 53248 67585 68608 69633 102400 131456 131840 132608 163968 197632 229376
1 4099 4102 4108 8216 8240 8288 12296 16576 24640 28672 49280 65920 66304 67072 86016 98432 114688 133121 134144 135169 197632 200704
1 4099 4102 4108 8216 8240 8288 12296 16576 24640 28672 49280 65920 66304 67072 98432 114688 133121 134144 135169 151552 197632 212992
1 4099 4102 4108 8216 8240 8288 12296 16576 24640 28672 49280 65920 66304 82432 98432 114688 132608 133121 134144 135169 147968 151552
1 4099 4102 4108 8216 8240 8288 12296 16576 24640 28672 49280 65920 66304 98432 114688 132608 133121 134144 135169 151552 197120 212992
1 4099 4102 4108 8216 8240 8288 12296 16576 24640 28672 49280 67072 67585 68608 69633 86016 98816 114688 131456 131840 163968 164352
1 4099 4102 4108 8216 8240 8288 12296 16576 24640 28672 49280 67072 67585 68608 69633 86016 114688 131456 131840 163968 197120 229376
1 4099 4102 4108 8216 8240 8288 12296 16576 24640 28672 49280 67585 68608 69633 86016 99328 114688 131456 131840 132608 163968 164864
1 4099 4102 4108 8216 8240 8288 12296 16576 24640 28672 49280 67585 68608 69633 86016 114688 131456 131840 132608 163968 197632 229376
1 4099 4102 4108 8216 8240 8288 12296 16576 28672 41024 49216 57344 65920 66304 67072 82048 86016 133121 134144 135169 197632 200704
1 4099 4102 4108 8216 8240 8288 12296 16576 28672 41024 49216 57344 65920 66304 67072 82048 133121 134144 135169 151552 197632 212992
1 4099 4102 4108 8216 8240 8288 12296 16576 28672 41024 49216 57344 65920 66304 82048 82432 132608 133121 134144 135169 147968 151552
1 4099 4102 4108 8216 8240 8288 12296 16576 28672 41024 49216 57344 65920 66304 82048 132608 133121 134144 135169 151552 197120 212992
1 4099 4102 4108 8216 8240 8288 12296 16768 17152 17920 28672 32960 41024 49280 57344 67585 68608 69633 82944 151552 200704 212992
1 4099 4102 4108 8216 8240 8288 12296 16768 17152 17920 28672 32960 41024 49280 57344 67585 68608 82944 86016 135169 196609 200704
1 4099 4102 4108 8216 8240 8288 12296 16768 17152 17920 28672 32960 41024 49280 57344 67585 68608 82944 135169 151552 196609 212992
1 4099 4102 4108 8216 8240 8288 12296 16768 17152 17920 28672 32960 41024 49280 57344 67585 69633 82944 86016 134144 197632 198656
1 4099 4102 4108 8216 8240 8288 12296 16768 17152 17920 28672 32960 41024 49280 57344 68608 69633 82944 86016 133121 196609 198656
1 4099 4102 4108 8216 8240 8288 12296 16768 17152 17920 28672 32960 41024 49280 57344 68608 82944 86016 133121 135169 198656 200704
1 4099 4102 4108 8216 8240 8288 12296 16768 17152 17920 28672 32960 41024 49280 57344 68608 82944 133121 135169 151552 198656 212992
1 4099 4102 4108 8216 8240 8288 12296 16768 17152 17920 28672 32960 41024 49280 57344 69633 82944 86016 133121 134144 196609 197632
1 4099 4102 4108 8216 8240 8288 12296 16768 17152 17920 28672 32960 41024 49280 57344 82944 86016 133121 134144 135169 197632 200704
1 4099 4102 4108 8216 8240 8288 12296 16768 17152 17920 28672 32960 41024 49280 57344 82944 133121 134144 135169 151552 197632 212992
1 4099 4102 4108 8216 8240 8288 12296 16768 17152 17920 28672 32960 41024 57344 82048 98432 114688 133121 134144 135169 148480 151552
1 4099 4102 4108 8216 8240 8288 12296 16768 17152 17920 28672 32960 49280 57344 73792 98368 106496 133121 134144 135169 148480 151552
1 4099 4102 4108 8216 8240 8288 12296 16768 17152 17920 28672 41024 49280 57344 65728 98368 98432 133121 134144 135169 148480 151552
1 4099 4102 4108 8216 8240 8288 12296 16768 17152 17920 28672 41024 57344 65728 82048 98368 114688 133121 134144 135169 148480 151552
1 4099 4102 4108 8216 8240 8288 12296 16768 17152 17920 28672 49280 57344 65728 73792 98432 106496 133121 134144 135169 148480 151552
1 4099 4102 4108 8216 8240 8288 12296 16768 17152 17920 28672 57344 65728 73792 82048 106496 114688 133121 134144 135169 148480 151552
1 4099 4102 4108 8216 8240 8288 12296 16768 17152 24640 28672 32960 49216 49280 67072 67585 68608 69633 82432 151552 200704 212992
1 4099 4102 4108 8216 8240 8288 12296 16768 17152 24640 28672 32960 49216 49280 67072 67585 68608 82432 86016 135169 196609 200704
1 4099 4102 4108 8216 8240 8288 12296 16768 17152 24640 28672 32960 49216 49280 67072 67585 68608 82432 135169 151552 196609 212992
1 4099 4102 4108 8216 8240 8288 12296 16768 17152 24640 28672 32960 49216 49280 67072 67585 69633 82432 86016 134144 197632 198656
1 4099 4102 4108 8216 8240 8288 12296 16768 17152 24640 28672 32960 49216 49280 67072 68608 69633 82432 86016 133121 196609 198656
1 4099 4102 4108 8216 8240 8288 12296 16768 17152 24640 28672 32960 49216 49280 67072 68608 82432 86016 133121 135169 198656 200704
1 4099 4102 4108 8216 8240 8288 12296 16768 17152 24640 28672 32960 49216 49280 67072 68608 82432 133121 135169 151552 198656 212992
1 4099 4102 4108 8216 8240 8288 12296 16768 17152 24640 28672 32960 49216 49280 67072 69633 82432 86016 133121 134144 196609 197632
1 4099 4102 4108 8216 8240 8288 12296 16768 17152 24640 28672 32960 49216 49280 67072 82432 86016 133121 134144 135169 197632 200704
1 4099 4102 4108 8216 8240 8288 12296 16768 17152 24640 28672 32960 49216 49280 67072 82432 133121 134144 135169 151552 197632 212992
1 4099 4102 4108 8216 8240 8288 12296 16768 17152 24640 28672 32960 49216 49280 67585 68608 69633 82432 86016 132608 197120 197632
1 4099 4102 4108 8216 8240 8288 12296 16768 17152 24640 28672 32960 49216 49280 67585 69633 82432 86016 132608 134144 197120 198656
1 4099 4102 4108 8216 8240 8288 12296 16768 17152 24640 28672 32960 49216 49280 69633 82432 86016 132608 133121 134144 196609 197120
1 4099 4102 4108 8216 8240 8288 12296 16768 17152 24640 28672 32960 49216 49280 82432 86016 132608 133121 134144 135169 197120 200704
1 4099 4102 4108 8216 8240 8288 12296 16768 17152 28672 32960 41024 49280 57344 67072 67585 68608 69633 82432 151552 200704 212992
1 4099 4102 4108 8216 8240 8288 12296 16768 17152 28672 32960 41024 49280 57344 67072 67585 68608 82432 86016 135169 196609 200704
1 4099 4102 4108 8216 8240 8288 12296 16768 17152 28672 32960 41024 49280 57344 67072 67585 68608 82432 135169 151552 196609 212992
1 4099 4102 4108 8216 8240 8288 12296 16768 17152 28672 32960 41024 49280 57344 67072 67585 69633 82432 86016 134144 197632 198656
1 4099 4102 4108 8216 8240 8288 12296 16768 17152 28672 32960 41024 49280 57344 67072 68608 69633 82432 86016 133121 196609 198656
1 4099 4102 4108 8216 8240 8288 12296 16768 17152 28672 32960 41024 49280 57344 67072 68608 82432 86016 133121 135169 198656 200704
1 4099 4102 4108 8216 8240 8288 12296 16768 17152 28672 32960 41024 49280 57344 67072 68608 82432 133121 135169 151552 198656 212992
1 4099 4102 4108 8216 8240 8288 12296 16768 17152 28672 32960 41024 49280 57344 67072 69633 82432 86016 133121 134144 196609 197632
1 4099 4102 4108 8216 8240 8288 12296 16768 17152 28672 32960 41024 49280 57344 67072 82432 82944 133121 134144 135169 148480 151552
1 4099 4102 4108 8216 8240 8288 12296 16768 17152 28672 32960 41024 49280 57344 67072 82432 86016 133121 134144 135169 197632 200704
1 4099 4102 4108 8216 8240 8288 12296 16768 17152 28672 32960 41024 49280 57344 67072 82432 133121 134144 135169 151552 197632 212992
1 4099 4102 4108 8216 8240 8288 12296 16768 17152 28672 32960 41024 49280 57344 67585 68608 69633 82432 86016 132608 197120 197632
1 4099 4102 4108 8216 8240 8288 12296 16768 17152 28672 32960 41024 49280 57344 67585 69633 82432 86016 132608 134144 197120 198656
1 4099 4102 4108 8216 8240 8288 12296 16768 17152 28672 32960 41024 49280 57344 69633 82432 86016 132608 133121 134144 196609 197120
1 4099 4102 4108 8216 8240 8288 12296 16768 17152 28672 32960 41024 49280 57344 82432 86016 132608 133121 134144 135169 197120 200704
1 4099 4102 4108 8216 8240 8288 12296 16768 17920 28672 32960 41024 49280 57344 66304 82176 82432 133121 134144 135169 148480 151552
1 4099 4102 4108 8216 8240 8288 12296 16768 24640 28672 32960 49216 49280 66304 67072 68608 82176 86016 133121 135169 198656 200704
1 4099 4102 4108 8216 8240 8288 12296 16768 24640 28672 32960 49216 49280 66304 67072 68608 82176 133121 135169 151552 198656 212992
1 4099 4102 4108 8216 8240 8288 12296 16768 24640 28672 32960 49216 49280 66304 67072 82176 86016 133121 134144 135169 197632 200704
1 4099 4102 4108 8216 8240 8288 12296 16768 24640 28672 32960 49216 49280 66304 67072 82176 133121 134144 135169 151552 197632 212992
2 4099 4102 4108 8216 8240 8288 12296 16768 24640 28672 32960 49216 49280 66304 82176 82432 132608 133121 134144 135169 147968 151552
1 4099 4102 4108 8216 8240 8288 12296 16768 24640 28672 32960 49216 49280 66304 82176 132608 133121 134144 135169 151552 197120 212992
1 4099 4102 4108 8216 8240 8288 12296 16768 28672 32960 41024 49280 57344 66304 67072 68608 82176 86016 133121 135169 198656 200704
1 4099 4102 4108 8216 8240 8288 12296 16768 28672 32960 41024 49280 57344 66304 67072 68608 82176 133121 135169 151552 198656 212992
1 4099 4102 4108 8216 8240 8288 12296 16768 28672 32960 41024 49280 57344 66304 67072 82176 82944 133121 134144 135169 148480 151552
1 4099 4102 4108 8216 8240 8288 12296 16768 28672 32960 41024 49280 57344 66304 67072 82176 86016 133121 134144 135169 197632 200704
1 4099 4102 4108 8216 8240 8288 12296 16768 28672 32960 41024 49280 57344 66304 67072 82176 133121 134144 135169 151552 197632 212992
2 4099 4102 4108 8216 8240 8288 12296 16768 28672 32960 41024 49280 57344 66304 82176 132608 133121 134144 135169 151552 197120 212992
1 4099 4102 4108 8216 8240 8288 12296 17152 17920 28672 32960 33152 41024 49408 57344 67585 68608 69633 82944 151552 200704 212992
1 4099 4102 4108 8216 8240 8288 12296 17152 17920 28672 32960 33152 41024 49408 57344 67585 68608 82944 86016 135169 196609 200704
1 4099 4102 4108 8216 8240 8288 12296 17152 17920 28672 32960 33152 41024 49408 57344 67585 68608 82944 135169 151552 196609 212992
1 4099 4102 4108 8216 8240 8288 12296 17152 17920 28672 32960 33152 41024 49408 57344 67585 69633 82944 86016 134144 197632 198656
1 4099 4102 4108 8216 8240 8288 12296 17152 17920 28672 32960 33152 41024 49408 57344 68608 69633 82944 86016 133121 196609 198656
1 4099 4102 4108 8216 8240 8288 12296 17152 17920 28672 32960 33152 41024 49408 57344 68608 82944 83968 133121 135169 149504 151552
1 4099 4102 4108 8216 8240 8288 12296 17152 17920 28672 32960 33152 41024 49408 57344 68608 82944 86016 133121 135169 198656 200704
1 4099 4102 4108 8216 8240 8288 12296 17152 17920 28672 32960 33152 41024 49408 57344 68608 82944 133121 135169 151552 198656 212992
1 4099 4102 4108 8216 8240 8288 12296 17152 17920 28672 32960 33152 41024 49408 57344 69633 82944 86016 133121 134144 196609 197632
1 4099 4102 4108 8216 8240 8288 12296 17152 17920 28672 32960 33152 41024 49408 57344 82944 86016 133121 134144 135169 197632 200704
1 4099 4102 4108 8216 8240 8288 12296 17152 17920 28672 32960 33152 41024 49408 57344 82944 133121 134144 135169 151552 197632 212992
1 4099 4102 4108 8216 8240 8288 12296 17152 24640 28672 32960 33152 49216 49408 67072 67585 68608 69633 82432 151552 200704 212992
1 4099 4102 4108 8216 8240 8288 12296 17152 24640 28672 32960 33152 49216 49408 67072 67585 68608 82432 86016 135169 196609 200704
1 4099 4102 4108 8216 8240 8288 12296 17152 24640 28672 32960 33152 49216 49408 67072 67585 68608 82432 135169 151552 196609 212992
1 4099 4102 4108 8216 8240 8288 12296 17152 24640 28672 32960 33152 49216 49408 67072 67585 69633 82432 86016 134144 197632 198656
1 4099 4102 4108 8216 8240 8288 12296 17152 24640 28672 32960 33152 49216 49408 67072 68608 69633 82432 86016 133121 196609 198656
1 4099 4102 4108 8216 8240 8288 12296 17152 24640 28672 32960 33152 49216 49408 67072 68608 82432 86016 133121 135169 198656 200704
1 4099 4102 4108 8216 8240 8288 12296 17152 24640 28672 32960 33152 49216 49408 67072 68608 82432 133121 135169 151552 198656 212992
1 4099 4102 4108 8216 8240 8288 12296 17152 24640 28672 32960 33152 49216 49408 67072 69633 82432 86016 133121 134144 196609 197632
1 4099 4102 4108 8216 8240 8288 12296 17152 24640 28672 32960 33152 49216 49408 67072 82432 86016 133121 134144 135169 197632 200704
1 4099 4102 4108 8216 8240 8288 12296 17152 24640 28672 32960 33152 49216 49408 67072 82432 133121 134144 135169 151552 197632 212992
1 4099 4102 4108 8216 8240 8288 12296 17152 24640 28672 32960 33152 49216 49408 67585 68608 69633 82432 86016 132608 197120 197632
1 4099 4102 4108 8216 8240 8288 12296 17152 24640 28672 32960 33152 49216 49408 67585 69633 82432 86016 132608 134144 197120 198656
1 4099 4102 4108 8216 8240 8288 12296 17152 24640 28672 32960 33152 49216 49408 69633 82432 86016 132608 133121 134144 196609 197120
1 4099 4102 4108 8216 8240 8288 12296 17152 24640 28672 32960 33152 49216 49408 82432 86016 132608 133121 134144 135169 197120 200704
1 4099 4102 4108 8216 8240 8288 12296 17152 28672 32960 33152 41024 49408 57344 67072 67585 68608 69633 82432 151552 200704 212992
1 4099 4102 4108 8216 8240 8288 12296 17152 28672 32960 33152 41024 49408 57344 67072 67585 68608 82432 86016 135169 196609 200704
1 4099 4102 4108 8216 8240 8288 12296 17152 28672 32960 33152 41024 49408 57344 67072 67585 68608 82432 135169 151552 196609 212992
1 4099 4102 4108 8216 8240 8288 12296 17152 28672 32960 33152 41024 49408 57344 67072 67585 69633 82432 86016 134144 197632 198656
1 4099 4102 4108 8216 8240 8288 12296 17152 28672 32960 33152 41024 49408 57344 67072 68608 69633 82432 86016 133121 196609 198656
1 4099 4102 4108 8216 8240 8288 12296 17152 28672 32960 33152 41024 49408 57344 67072 68608 82432 83968 133121 135169 149504 151552
1 4099 4102 4108 8216 8240 8288 12296 17152 28672 32960 33152 41024 49408 57344 67072 68608 82432 86016 133121 135169 198656 200704
1 4099 4102 4108 8216 8240 8288 12296 17152 28672 32960 33152 41024 49408 57344 67072 68608 82432 133121 135169 151552 198656 212992
1 4099 4102 4108 8216 8240 8288 12296 17152 28672 32960 33152 41024 49408 57344 67072 69633 82432 86016 133121 134144 196609 197632
1 4099 4102 4108 8216 8240 8288 12296 17152 28672 32960 33152 41024 49408 57344 67072 82432 82944 133121 134144 135169 148480 151552
1 4099 4102 4108 8216 8240 8288 12296 17152 28672 32960 33152 41024 49408 57344 67072 82432 86016 133121 134144 135169 197632 200704
1 4099 4102 4108 8216 8240 8288 12296 17152 28672 32960 33152 41024 49408 57344 67072 82432 133121 134144 135169 151552 197632 212992
1 4099 4102 4108 8216 8240 8288 12296 17152 28672 32960 33152 41024 49408 57344 67585 68608 69633 82432 86016 132608 197120 197632
1 4099 4102 4108 8216 8240 8288 12296 17152 28672 32960 33152 41024 49408 57344 67585 69633 82432 86016 132608 134144 197120 198656
1 4099 4102 4108 8216 8240 8288 12296 17152 28672 32960 33152 41024 49408 57344 69633 82432 86016 132608 133121 134144 196609 197120
1 4099 4102 4108 8216 8240 8288 12296 17152 28672 32960 33152 41024 49408 57344 82432 86016 132608 133121 134144 135169 197120 200704
1 4099 4102 4108 8216 8240 8288 12296 20481 28672 32960 33152 33536 41024 49664 57344 67072 67585 68608 82432 147457 196609 212992
2 4099 4102 4108 8216 8240 8288 12296 20481 28672 32960 33152 33536 41024 49664 57344 67072 67585 81921 82432 134144 197632 198656
1 4099 4102 4108 8216 8240 8288 12296 20481 28672 32960 33152 33536 41024 49664 57344 67072 68608 81921 82432 133121 196609 198656
1 4099 4102 4108 8216 8240 8288 12296 20481 28672 32960 33152 33536 41024 49664 57344 67072 68608 82432 83968 133121 147457 149504
1 4099 4102 4108 8216 8240 8288 12296 20481 28672 32960 33152 33536 41024 49664 57344 67072 68608 82432 133121 147457 198656 212992
1 4099 4102 4108 8216 8240 8288 12296 20481 28672 32960 33152 33536 41024 49664 57344 67072 81921 82432 133121 134144 196609 197632
2 4099 4102 4108 8216 8240 8288 12296 20481 28672 32960 33152 33536 41024 49664 57344 81921 82432 132608 133121 134144 196609 197120
1 4099 4102 4108 8216 8240 8288 12296 20481 28672 32960 33152 33536 41024 57344 67072 67585 68608 81921 114688 164352 197120 229376
1 4099 4102 4108 8216 8240 8288 12296 20481 28672 32960 33152 33536 41024 57344 67072 67585 68608 98816 114688 147457 196609 212992
1 4099 4102 4108 8216 8240 8288 12296 20481 28672 32960 33152 33536 41024 57344 67072 67585 81921 98816 114688 134144 197632 198656
1 4099 4102 4108 8216 8240 8288 12296 20481 28672 32960 33152 33536 41024 57344 67072 68608 81921 98816 114688 133121 196609 198656
1 4099 4102 4108 8216 8240 8288 12296 20481 28672 32960 33152 33536 41024 57344 67072 68608 83968 98816 114688 133121 147457 149504
1 4099 4102 4108 8216 8240 8288 12296 20481 28672 32960 33152 33536 41024 57344 67072 68608 98816 114688 133121 147457 198656 212992
1 4099 4102 4108 8216 8240 8288 12296 20481 28672 32960 33152 33536 41024 57344 67072 81921 98816 114688 133121 134144 196609 197632
1 4099 4102 4108 8216 8240 8288 12296 20481 28672 32960 33152 33536 41024 57344 67072 82944 98816 114688 133121 134144 147457 148480
1 4099 4102 4108 8216 8240 8288 12296 20481 28672 32960 33152 33536 41024 57344 67072 98816 114688 133121 134144 147457 197632 212992
1 4099 4102 4108 8216 8240 8288 12296 20481 28672 32960 33152 33536 41024 57344 67585 68608 81921 98816 114688 132608 197120 197632
1 4099 4102 4108 8216 8240 8288 12296 20481 28672 32960 33152 33536 41024 57344 67585 68608 81921 114688 132608 164352 197632 229376
1 4099 4102 4108 8216 8240 8288 12296 20481 28672 32960 33152 33536 41024 57344 67585 81921 98816 114688 132608 134144 197120 198656
1 4099 4102 4108 8216 8240 8288 12296 20481 28672 32960 33152 33536 41024 57344 67585 81921 114688 132608 134144 164352 198656 229376
1 4099 4102 4108 8216 8240 8288 12296 20481 28672 32960 33152 33536 41024 57344 81921 98816 114688 132608 133121 134144 196609 197120
1 4099 4102 4108 8216 8240 8288 12296 20481 28672 32960 33152 33536 41024 57344 81921 114688 132608 133121 134144 164352 196609 229376
1 4099 4102 4108 8216 8240 8288 12296 20481 28672 32960 33152 33536 41024 57344 82432 98816 114688 132608 133121 134144 147457 147968
1 4099 4102 4108 8216 8240 8288 12296 20481 28672 32960 33152 33536 41024 57344 98816 114688 132608 133121 134144 147457 197120 212992
1 4099 4102 4108 8216 8240 8288 12296 20481 28672 32960 33152 33536 41024 57344 114688 132608 133121 134144 147457 164352 212992 229376
1 4099 4102 4108 8216 8240 8288 12296 20481 28672 32960 33152 33536 49664 57344 73792 98368 106496 132608 133121 134144 147457 147968
2 4099 4102 4108 8216 8240 8288 12296 20481 28672 32960 33152 33536 57344 67072 67585 68608 81921 98816 114688 139328 163904 172032
1 4099 4102 4108 8216 8240 8288 12296 20481 28672 32960 33152 41024 49664 57344 66304 98560 98816 132608 133121 134144 147457 147968
1 4099 4102 4108 8216 8240 8288 12296 20481 28672 32960 33152 41024 57344 66304 67072 68608 83968 98560 114688 133121 147457 149504
1 4099 4102 4108 8216 8240 8288 12296 20481 28672 32960 33152 41024 57344 66304 67072 68608 98560 114688 133121 147457 198656 212992
1 4099 4102 4108 8216 8240 8288 12296 20481 28672 32960 33152 41024 57344 66304 67072 82944 98560 114688 133121 134144 147457 148480
1 4099 4102 4108 8216 8240 8288 12296 20481 28672 32960 33152 41024 57344 66304 67072 98560 114688 133121 134144 147457 197632 212992
1 4099 4102 4108 8216 8240 8288 12296 20481 28672 32960 33152 41024 57344 66304 82432 98560 114688 132608 133121 134144 147457 147968
1 4099 4102 4108 8216 8240 8288 12296 20481 28672 32960 33152 41024 57344 66304 98560 114688 132608 133121 134144 147457 197120 212992
1 4099 4102 4108 8216 8240 8288 12296 20481 28672 32960 33152 41024 57344 67072 67585 68608 81921 98816 114688 131840 164096 164352
1 4099 4102 4108 8216 8240 8288 12296 20481 28672 32960 33152 41024 57344 67072 67585 68608 81921 114688 131840 164096 197120 229376
1 4099 4102 4108 8216 8240 8288 12296 20481 28672 32960 33152 41024 57344 67585 68608 81921 114688 131840 132608 164096 197632 229376
1 4099 4102 4108 8216 8240 8288 12296 20481 28672 32960 33152 41024 57344 67585 81921 114688 131840 132608 134144 164096 198656 229376
1 4099 4102 4108 8216 8240 8288 12296 20481 28672 32960 33536 41024 49664 57344 65920 98432 98560 132608 133121 134144 147457 147968
1 4099 4102 4108 8216 8240 8288 12296 20481 28672 32960 33536 41024 57344 67072 67585 68608 81921 98816 114688 131456 163968 164096
1 4099 4102 4108 8216 8240 8288 12296 20481 28672 32960 41024 49664 57344 65920 66304 98432 98816 132608 133121 134144 147457 147968
1 4099 4102 4108 8216 8240 8288 12296 20481 28672 32960 41024 57344 65920 66304 67072 82944 98432 114688 133121 134144 147457 148480
1 4099 4102 4108 8216 8240 8288 12296 20481 28672 32960 41024 57344 65920 66304 67072 98432 114688 133121 134144 147457 197632 212992
1 4099 4102 4108 8216 8240 8288 12296 20481 28672 32960 41024 57344 65920 66304 82432 98432 114688 132608 133121 134144 147457 147968
1 4099 4102 4108 8216 8240 8288 12296 20481 28672 32960 41024 57344 65920 66304 98432 114688 132608 133121 134144 147457 197120 212992
1 4099 4102 4108 8216 8240 8288 12296 20481 28672 32960 41024 57344 67072 67585 68608 81921 98816 114688 131456 131840 163968 164352
1 4099 4102 4108 8216 8240 8288 12296 20481 28672 32960 41024 57344 67072 67585 68608 81921 114688 131456 131840 163968 197120 229376
1 4099 4102 4108 8216 8240 8288 12296 20481 28672 32960 41024 57344 67585 68608 81921 114688 131456 131840 132608 163968 197632 229376
1 4099 4102 4108 8216 8240 8288 12296 20481 28672 33152 33536 34304 50176 57344 65728 73792 98432 106496 133121 134144 147457 148480
1 4099 4102 4108 8216 8240 8288 12296 20481 28672 33152 33536 34304 57344 67585 68608 81921 99328 114688 131264 139328 163968 172032
1 4099 4102 4108 8216 8240 8288 12296 20481 28672 33152 33536 41024 49664 57344 65728 98368 98432 132608 133121 134144 147457 147968
1 4099 4102 4108 8216 8240 8288 12296 20481 28672 33152 33536 41024 57344 67072 67585 68608 81921 98816 114688 131264 163904 163968
1 4099 4102 4108 8216 8240 8288 12296 20481 28672 33152 33536 49664 57344 65728 73792 98432 106496 132608 133121 134144 147457 147968
1 4099 4102 4108 8216 8240 8288 12296 20481 28672 33152 33536 57344 67072 67585 68608 81921 98816 114688 131264 139328 163968 172032
1 4099 4102 4108 8216 8240 8288 12296 20481 28672 33536 34304 35840 51200 57344 65728 65920 73792 98560 106496 133121 147457 149504
1 4099 4102 4108 8216 8240 8288 12296 20481 28672 33536 34304 35840 57344 67585 81921 100352 114688 131264 131456 139328 164096 172032
1 4099 4102 4108 8216 8240 8288 12296 20481 28672 33536 34304 50176 57344 65728 65920 73792 98560 106496 133121 134144 147457 148480
1 4099 4102 4108 8216 8240 8288 12296 20481 28672 33536 34304 57344 67585 68608 81921 99328 114688 131264 131456 139328 164096 172032
1 4099 4102 4108 8216 8240 8288 12296 20481 28672 33536 41024 49664 57344 65728 65920 98368 98560 132608 133121 134144 147457 147968
1 4099 4102 4108 8216 8240 8288 12296 20481 28672 33536 41024 57344 67072 67585 68608 81921 98816 114688 131264 131456 163904 164096
1 4099 4102 4108 8216 8240 8288 12296 20481 28672 33536 49664 57344 65728 65920 73792 98560 106496 132608 133121 134144 147457 147968
1 4099 4102 4108 8216 8240 8288 12296 20481 28672 33536 57344 67072 67585 68608 81921 98816 114688 131264 131456 139328 164096 172032
1 4099 4102 4108 8216 8240 8288 12296 20481 28672 34304 34817 35840 49153 57344 65728 65920 66304 73792 98816 172032 204800 229376
2 4099 4102 4108 8216 8240 8288 12296 20481 28672 34304 34817 35840 49153 57344 65728 65920 66304 98816 139328 172032 196672 229376
1 4099 4102 4108 8216 8240 8288 12296 20481 28672 34304 34817 35840 49153 57344 65728 65920 73792 98816 106496 131840 196864 197120
1 4099 4102 4108 8216 8240 8288 12296 20481 28672 34304 34817 35840 49153 57344 65728 66304 73792 98816 106496 131456 196736 196864
1 4099 4102 4108 8216 8240 8288 12296 20481 28672 34304 34817 35840 49153 57344 65728 73792 98816 106496 131456 131840 196736 197120
1 4099 4102 4108 8216 8240 8288 12296 20481 28672 34304 34817 35840 49153 57344 65920 66304 73792 98816 106496 131264 196672 196736
1 4099 4102 4108 8216 8240 8288 12296 20481 28672 34304 34817 35840 49153 57344 65920 66304 98816 106496 131264 139328 196736 204800
1 4099 4102 4108 8216 8240 8288 12296 20481 28672 34304 34817 35840 49153 57344 65920 66304 98816 131264 139328 172032 196736 229376
1 4099 4102 4108 8216 8240 8288 12296 20481 28672 34304 34817 35840 49153 57344 66304 73792 98816 106496 131264 131456 196672 196864
1 4099 4102 4108 8216 8240 8288 12296 20481 28672 34304 34817 35840 49153 57344 66304 98816 106496 131264 131456 139328 196864 204800
1 4099 4102 4108 8216 8240 8288 12296 20481 28672 34304 34817 35840 49153 57344 66304 98816 131264 131456 139328 172032 196864 229376
1 4099 4102 4108 8216 8240 8288 12296 20481 28672 34304 34817 35840 49153 57344 73792 98816 106496 131264 131456 131840 196672 197120
2 4099 4102 4108 8216 8240 8288 12296 20481 28672 34304 34817 35840 49153 57344 98816 106496 131264 131456 131840 139328 197120 204800
1 4099 4102 4108 8216 8240 8288 12296 20481 28672 34817 35840 49153 57344 65920 66304 67072 99328 106496 131264 139328 196736 204800
1 4099 4102 4108 8216 8240 8288 12296 20481 28672 34817 35840 49153 57344 65920 66304 67072 99328 131264 139328 172032 196736 229376
1 4099 4102 4108 8216 8240 8288 12296 20481 28672 34817 35840 49153 57344 66304 67072 99328 106496 131264 131456 139328 196864 204800
1 4099 4102 4108 8216 8240 8288 12296 20481 28672 34817 35840 49153 57344 66304 67072 99328 131264 131456 139328 172032 196864 229376
1 4099 4102 4108 8216 8240 8288 12296 20481 28672 34817 49153 57344 66304 67072 68608 100352 106496 131264 131456 139328 196864 204800
1 4099 4102 4108 8216 8240 8288 12296 20481 28672 34817 49153 57344 66304 67072 68608 100352 131264 131456 139328 172032 196864 229376
1 4099 4102 4108 8216 8240 8288 12296 20481 28672 41024 49664 57344 65728 65920 66304 98368 98816 132608 133121 134144 147457 147968
1 4099 4102 4108 8216 8240 8288 12296 20481 28672 41024 57344 65728 65920 66304 82432 98368 114688 132608 133121 134144 147457 147968
2 4099 4102 4108 8216 8240 8288 12296 20481 28672 41024 57344 65728 65920 66304 98368 114688 132608 133121 134144 147457 197120 212992
1 4099 4102 4108 8216 8240 8288 12296 20481 28672 41024 57344 67072 67585 68608 81921 98816 114688 131264 131456 131840 163904 164352
2 4099 4102 4108 8216 8240 8288 12296 20481 28672 41024 57344 67072 67585 68608 81921 114688 131264 131456 131840 163904 197120 229376
1 4099 4102 4108 8216 8240 8288 12296 20481 28672 49153 57344 67072 67585 68608 98305 98816 131264 131456 131840 139328 164352 172032
1 4099 4102 4108 8216 8240 8288 12296 20481 28672 57344 65728 65920 66304 73792 82432 106496 114688 132608 133121 134144 147457 147968
2 4099 4102 4108 8216 8240 8288 12296 20481 28672 57344 65728 65920 66304 73792 106496 114688 132608 133121 134144 147457 197120 212992
2 4099 4102 4108 8216 8240 8288 12296 20481 28672 57344 67072 67585 68608 81921 98816 114688 131264 131456 131840 139328 164352 172032
1 4099 4102 4108 8216 8240 8288 12296 20481 28672 57344 67072 67585 68608 81921 114688 131264 131456 131840 139328 172032 197120 229376
2 4099 4102 4108 8216 8240 8288 12296 28672 32960 33152 33536 41024 53248 57344 67072 67585 69633 98816 102400 134144 197632 198656
1 4099 4102 4108 8216 8240 8288 12296 28672 32960 33152 33536 41024 53248 57344 67072 68608 69633 98816 102400 133121 196609 198656
1 4099 4102 4108 8216 8240 8288 12296 28672 32960 33152 33536 41024 53248 57344 67072 68608 98816 102400 133121 135169 198656 200704
1 4099 4102 4108 8216 8240 8288 12296 28672 32960 33152 33536 41024 53248 57344 67072 69633 98816 102400 133121 134144 196609 197632
1 4099 4102 4108 8216 8240 8288 12296 28672 32960 33152 33536 41024 53248 57344 67072 98816 102400 133121 134144 135169 197632 200704
2 4099 4102 4108 8216 8240 8288 12296 28672 32960 33152 33536 41024 53248 57344 69633 98816 102400 132608 133121 134144 196609 197120
4 4099 4102 4108 8216 8240 8288 12296 28672 32960 33152 33536 41024 53248 57344 102400 132608 133121 134144 135169 164352 200704 229376
2 4099 4102 4108 8216 8240 8288 12296 28672 32960 33152 33536 41024 57344 67072 67585 68608 69633 86016 114688 164352 197120 229376
2 4099 4102 4108 8216 8240 8288 12296 28672 32960 33152 33536 41024 57344 67072 67585 68608 69633 98816 114688 151552 200704 212992
2 4099 4102 4108 8216 8240 8288 12296 28672 32960 33152 33536 41024 57344 67072 67585 68608 98816 114688 135169 151552 196609 212992
2 4099 4102 4108 8216 8240 8288 12296 28672 32960 33152 33536 41024 57344 67072 67585 69633 86016 98816 114688 134144 197632 198656
1 4099 4102 4108 8216 8240 8288 12296 28672 32960 33152 33536 41024 57344 67072 68608 69633 86016 98816 114688 133121 196609 198656
1 4099 4102 4108 8216 8240 8288 12296 28672 32960 33152 33536 41024 57344 67072 68608 83968 98816 114688 133121 135169 149504 151552
1 4099 4102 4108 8216 8240 8288 12296 28672 32960 33152 33536 41024 57344 67072 68608 86016 98816 114688 133121 135169 198656 200704
1 4099 4102 4108 8216 8240 8288 12296 28672 32960 33152 33536 41024 57344 67072 68608 98816 114688 133121 135169 151552 198656 212992
1 4099 4102 4108 8216 8240 8288 12296 28672 32960 33152 33536 41024 57344 67072 69633 86016 98816 114688 133121 134144 196609 197632
1 4099 4102 4108 8216 8240 8288 12296 28672 32960 33152 33536 41024 57344 67072 86016 98816 114688 133121 134144 135169 197632 200704
2 4099 4102 4108 8216 8240 8288 12296 28672 32960 33152 33536 41024 57344 69633 86016 98816 114688 132608 133121 134144 196609 197120
4 4099 4102 4108 8216 8240 8288 12296 28672 32960 33152 33536 41024 57344 86016 114688 132608 133121 134144 135169 164352 200704 229376
1 4099 4102 4108 8216 8240 8288 12296 28672 32960 33152 41024 49408 57344 66304 67072 68608 82176 83968 133121 135169 149504 151552
1 4099 4102 4108 8216 8240 8288 12296 28672 32960 33152 41024 49408 57344 66304 67072 68608 82176 86016 133121 135169 198656 200704
1 4099 4102 4108 8216 8240 8288 12296 28672 32960 33152 41024 49408 57344 66304 67072 68608 82176 133121 135169 151552 198656 212992
2 4099 4102 4108 8216 8240 8288 12296 28672 32960 33152 41024 49408 57344 66304 67072 82176 82944 133121 134144 135169 148480 151552
1 4099 4102 4108 8216 8240 8288 12296 28672 32960 33152 41024 49408 57344 66304 67072 82176 86016 133121 134144 135169 197632 200704
1 4099 4102 4108 8216 8240 8288 12296 28672 32960 33152 41024 49408 57344 66304 67072 82176 133121 134144 135169 151552 197632 212992
1 4099 4102 4108 8216 8240 8288 12296 28672 32960 33152 41024 53248 57344 66304 67072 68608 98560 102400 133121 135169 198656 200704
1 4099 4102 4108 8216 8240 8288 12296 28672 32960 33152 41024 53248 57344 66304 67072 98560 102400 133121 134144 135169 197632 200704
1 4099 4102 4108 8216 8240 8288 12296 28672 32960 33152 41024 53248 57344 67585 68608 69633 102400 131840 132608 164096 197632 229376
1 4099 4102 4108 8216 8240 8288 12296 28672 32960 33152 41024 53248 57344 67585 69633 102400 131840 132608 134144 164096 198656 229376
1 4099 4102 4108 8216 8240 8288 12296 28672 32960 33152 41024 57344 66304 67072 68608 83968 98560 114688 133121 135169 149504 151552
1 4099 4102 4108 8216 8240 8288 12296 28672 32960 33152 41024 57344 66304 67072 68608 86016 98560 114688 133121 135169 198656 200704
1 4099 4102 4108 8216 8240 8288 12296 28672 32960 33152 41024 57344 66304 67072 68608 98560 114688 133121 135169 151552 198656 212992
1 4099 4102 4108 8216 8240 8288 12296 28672 32960 33152 41024 57344 66304 67072 86016 98560 114688 133121 134144 135169 197632 200704
2 4099 4102 4108 8216 8240 8288 12296 28672 32960 33152 41024 57344 66304 67072 98560 114688 133121 134144 135169 151552 197632 212992
2 4099 4102 4108 8216 8240 8288 12296 28672 32960 33152 41024 57344 67585 68608 69633 86016 114688 131840 132608 164096 197632 229376
1 4099 4102 4108 8216 8240 8288 12296 28672 32960 33152 41024 57344 67585 69633 86016 114688 131840 132608 134144 164096 198656 229376
1 4099 4102 4108 8216 8240 8288 12296 28672 32960 41024 49280 57344 65920 66304 67072 82048 86016 133121 134144 135169 197632 200704
1 4099 4102 4108 8216 8240 8288 12296 28672 32960 41024 53248 57344 65920 66304 67072 98432 102400 133121 134144 135169 197632 200704
1 4099 4102 4108 8216 8240 8288 12296 28672 32960 41024 53248 57344 67585 68608 69633 102400 131456 131840 132608 163968 197632 229376
1 4099 4102 4108 8216 8240 8288 12296 28672 32960 41024 57344 65920 66304 67072 86016 98432 114688 133121 134144 135169 197632 200704
1 4099 4102 4108 8216 8240 8288 12296 28672 33152 33536 34304 53248 57344 67585 68608 69633 99328 102400 131264 139328 163968 172032
2 4099 4102 4108 8216 8240 8288 12296 28672 33536 34304 53248 57344 67585 68608 69633 99328 102400 131264 131456 139328 164096 172032
1 4099 4102 4108 8216 8240 12296 16480 16576 16768 24608 28672 33536 34304 49408 53248 67585 68608 69633 102400 164864 197632 229376
1 4099 4102 4108 8216 8240 12296 16480 16576 16768 24608 28672 33536 34304 49408 53248 67585 68608 99328 102400 135169 196609 200704
1 4099 4102 4108 8216 8240 12296 16480 16576 16768 24608 28672 33536 34304 49408 53248 67585 69633 99328 102400 134144 197632 198656
1 4099 4102 4108 8216 8240 12296 16480 16576 16768 24608 28672 33536 34304 49408 53248 67585 69633 100352 102400 134144 164864 165888
1 4099 4102 4108 8216 8240 12296 16480 16576 16768 24608 28672 33536 34304 49408 53248 67585 69633 102400 134144 164864 198656 229376
1 4099 4102 4108 8216 8240 12296 16480 16576 16768 24608 28672 33536 34304 49408 53248 68608 69633 99328 102400 133121 196609 198656
1 4099 4102 4108 8216 8240 12296 16480 16576 16768 24608 28672 33536 34304 49408 53248 68608 99328 102400 133121 135169 198656 200704
1 4099 4102 4108 8216 8240 12296 16480 16576 16768 24608 28672 33536 34304 49408 53248 69633 99328 102400 133121 134144 196609 197632
1 4099 4102 4108 8216 8240 12296 16480 16576 16768 24608 28672 33536 34304 49408 53248 69633 102400 133121 134144 164864 196609 229376
1 4099 4102 4108 8216 8240 12296 16480 16576 16768 24608 28672 33536 34304 49408 53248 99328 102400 133121 134144 135169 197632 200704
1 4099 4102 4108 8216 8240 12296 16480 16576 16768 24608 28672 33536 34304 49408 53248 102400 133121 134144 135169 164864 200704 229376
1 4099 4102 4108 8216 8240 12296 16480 16576 16768 24608 28672 33536 34304 49408 67585 68608 69633 99328 114688 151552 200704 212992
1 4099 4102 4108 8216 8240 12296 16480 16576 16768 24608 28672 33536 34304 49408 67585 68608 86016 99328 114688 135169 196609 200704
1 4099 4102 4108 8216 8240 12296 16480 16576 16768 24608 28672 33536 34304 49408 67585 68608 99328 114688 135169 151552 196609 212992
1 4099 4102 4108 8216 8240 12296 16480 16576 16768 24608 28672 33536 34304 49408 67585 69633 86016 99328 114688 134144 197632 198656
1 4099 4102 4108 8216 8240 12296 16480 16576 16768 24608 28672 33536 34304 49408 67585 69633 86016 100352 114688 134144 164864 165888
1 4099 4102 4108 8216 8240 12296 16480 16576 16768 24608 28672 33536 34304 49408 67585 69633 86016 114688 134144 164864 198656 229376
1 4099 4102 4108 8216 8240 12296 16480 16576 16768 24608 28672 33536 34304 49408 68608 69633 86016 99328 114688 133121 196609 198656
1 4099 4102 4108 8216 8240 12296 16480 16576 16768 24608 28672 33536 34304 49408 68608 86016 99328 114688 133121 135169 198656 200704
1 4099 4102 4108 8216 8240 12296 16480 16576 16768 24608 28672 33536 34304 49408 68608 99328 114688 133121 135169 151552 198656 212992
1 4099 4102 4108 8216 8240 12296 16480 16576 16768 24608 28672 33536 34304 49408 69633 86016 99328 114688 133121 134144 196609 197632
1 4099 4102 4108 8216 8240 12296 16480 16576 16768 24608 28672 33536 34304 49408 69633 86016 114688 133121 134144 164864 196609 229376
2 4099 4102 4108 8216 8240 12296 16480 16576 16768 24608 28672 33536 34304 49408 86016 99328 114688 133121 134144 135169 197632 200704
2 4099 4102 4108 8216 8240 12296 16480 16576 16768 24608 28672 33536 34304 49408 86016 114688 133121 134144 135169 164864 200704 229376
1 4099 4102 4108 8216 8240 12296 16480 16576 16768 24608 28672 33536 35840 49408 53248 67585 69633 100352 102400 132608 164352 164864
1 4099 4102 4108 8216 8240 12296 16480 16576 16768 24608 28672 33536 35840 49408 67585 69633 86016 100352 114688 132608 164352 164864
1 4099 4102 4108 8216 8240 12296 16480 16576 16768 24608 28672 33536 49408 53248 67072 67585 68608 98816 102400 135169 196609 200704
1 4099 4102 4108 8216 8240 12296 16480 16576 16768 24608 28672 33536 49408 53248 67072 68608 69633 98816 102400 133121 196609 198656
1 4099 4102 4108 8216 8240 12296 16480 16576 16768 24608 28672 33536 49408 53248 67072 68608 98816 102400 133121 135169 198656 200704
1 4099 4102 4108 8216 8240 12296 16480 16576 16768 24608 28672 33536 49408 53248 67072 69633 98816 102400 133121 134144 196609 197632
1 4099 4102 4108 8216 8240 12296 16480 16576 16768 24608 28672 33536 49408 53248 67585 69633 98816 102400 132608 134144 197120 198656
1 4099 4102 4108 8216 8240 12296 16480 16576 16768 24608 28672 33536 49408 53248 67585 69633 100352 102400 132608 134144 164352 165888
1 4099 4102 4108 8216 8240 12296 16480 16576 16768 24608 28672 33536 49408 53248 67585 69633 102400 132608 134144 164352 198656 229376
1 4099 4102 4108 8216 8240 12296 16480 16576 16768 24608 28672 33536 49408 53248 69633 98816 102400 132608 133121 134144 196609 197120
1 4099 4102 4108 8216 8240 12296 16480 16576 16768 24608 28672 33536 49408 53248 69633 102400 132608 133121 134144 164352 196609 229376
1 4099 4102 4108 8216 8240 12296 16480 16576 16768 24608 28672 33536 49408 67072 67585 68608 86016 98816 114688 135169 196609 200704
1 4099 4102 4108 8216 8240 12296 16480 16576 16768 24608 28672 33536 49408 67072 67585 68608 98816 114688 135169 151552 196609 212992
1 4099 4102 4108 8216 8240 12296 16480 16576 16768 24608 28672 33536 49408 67072 68608 69633 86016 98816 114688 133121 196609 198656
2 4099 4102 4108 8216 8240 12296 16480 16576 16768 24608 28672 33536 49408 67072 68608 86016 98816 114688 133121 135169 198656 200704
1 4099 4102 4108 8216 8240 12296 16480 16576 16768 24608 28672 33536 49408 67072 69633 86016 98816 114688 133121 134144 196609 197632
1 4099 4102 4108 8216 8240 12296 16480 16576 16768 24608 28672 33536 49408 69633 86016 98816 114688 132608 133121 134144 196609 197120
1 4099 4102 4108 8216 8240 12296 16480 16576 16768 24608 28672 33536 49408 69633 86016 114688 132608 133121 134144 164352 196609 229376
1 4099 4102 4108 8216 8240 12296 16480 16576 16768 28672 40992 49184 57344 66304 67072 82176 86016 133121 134144 135169 197632 200704
1 4099 4102 4108 8216 8240 12296 16480 16576 16768 28672 40992 49184 57344 66304 67072 82176 133121 134144 135169 151552 197632 212992
1 4099 4102 4108 8216 8240 12296 16480 16576 24608 28672 33152 33536 34304 49280 53248 67585 68608 69633 99328 167936 200704 229376
1 4099 4102 4108 8216 8240 12296 16480 16576 24608 28672 33152 33536 34304 49280 53248 67585 68608 99328 135169 167936 196609 229376
1 4099 4102 4108 8216 8240 12296 16480 16576 24608 28672 33152 33536 34304 49280 53248 67585 69633 99328 102400 134144 197632 198656
1 4099 4102 4108 8216 8240 12296 16480 16576 24608 28672 33152 33536 34304 49280 53248 68608 69633 99328 102400 133121 196609 198656
1 4099 4102 4108 8216 8240 12296 16480 16576 24608 28672 33152 33536 34304 49280 53248 68608 99328 102400 133121 135169 198656 200704
1 4099 4102 4108 8216 8240 12296 16480 16576 24608 28672 33152 33536 34304 49280 53248 68608 99328 133121 135169 167936 198656 229376
1 4099 4102 4108 8216 8240 12296 16480 16576 24608 28672 33152 33536 34304 49280 53248 69633 99328 102400 133121 134144 196609 197632
1 4099 4102 4108 8216 8240 12296 16480 16576 24608 28672 33152 33536 34304 49280 53248 99328 102400 133121 134144 135169 197632 200704
1 4099 4102 4108 8216 8240 12296 16480 16576 24608 28672 33152 33536 34304 49280 67585 68608 69633 86016 99328 180224 212992 229376
1 4099 4102 4108 8216 8240 12296 16480 16576 24608 28672 33152 33536 34304 49280 67585 68608 69633 99328 114688 151552 200704 212992
1 4099 4102 4108 8216 8240 12296 16480 16576 24608 28672 33152 33536 34304 49280 67585 68608 69633 99328 151552 180224 200704 229376
1 4099 4102 4108 8216 8240 12296 16480 16576 24608 28672 33152 33536 34304 49280 67585 68608 86016 99328 114688 135169 196609 200704
1 4099 4102 4108 8216 8240 12296 16480 16576 24608 28672 33152 33536 34304 49280 67585 68608 99328 114688 135169 151552 196609 212992
1 4099 4102 4108 8216 8240 12296 16480 16576 24608 28672 33152 33536 34304 49280 67585 68608 99328 135169 151552 180224 196609 229376
1 4099 4102 4108 8216 8240 12296 16480 16576 24608 28672 33152 33536 34304 49280 67585 69633 86016 99328 114688 134144 197632 198656
1 4099 4102 4108 8216 8240 12296 16480 16576 24608 28672 33152 33536 34304 49280 68608 69633 86016 99328 114688 133121 196609 198656
1 4099 4102 4108 8216 8240 12296 16480 16576 24608 28672 33152 33536 34304 49280 68608 86016 99328 114688 133121 135169 198656 200704
1 4099 4102 4108 8216 8240 12296 16480 16576 24608 28672 33152 33536 34304 49280 68608 99328 114688 133121 135169 151552 198656 212992
1 4099 4102 4108 8216 8240 12296 16480 16576 24608 28672 33152 33536 34304 49280 68608 99328 133121 135169 151552 180224 198656 229376
1 4099 4102 4108 8216 8240 12296 16480 16576 24608 28672 33152 33536 34304 49280 69633 86016 99328 114688 133121 134144 196609 197632
1 4099 4102 4108 8216 8240 12296 16480 16576 24608 28672 33152 33536 34304 49280 86016 99328 114688 133121 134144 135169 197632 200704
1 4099 4102 4108 8216 8240 12296 16480 16576 24608 28672 33152 33536 34304 49280 99328 114688 133121 134144 135169 151552 197632 212992
1 4099 4102 4108 8216 8240 12296 16480 16576 24608 28672 33152 33536 34304 49280 99328 133121 134144 135169 151552 180224 197632 229376
1 4099 4102 4108 8216 8240 12296 16480 16576 24608 28672 33152 33536 49280 53248 67072 67585 68608 98816 102400 135169 196609 200704
1 4099 4102 4108 8216 8240 12296 16480 16576 24608 28672 33152 33536 49280 53248 67072 67585 68608 98816 135169 167936 196609 229376
1 4099 4102 4108 8216 8240 12296 16480 16576 24608 28672 33152 33536 49280 53248 67072 67585 69633 98816 102400 134144 197632 198656
1 4099 4102 4108 8216 8240 12296 16480 16576 24608 28672 33152 33536 49280 53248 67072 68608 69633 98816 102400 133121 196609 198656
1 4099 4102 4108 8216 8240 12296 16480 16576 24608 28672 33152 33536 49280 53248 67072 68608 98816 102400 133121 135169 198656 200704
1 4099 4102 4108 8216 8240 12296 16480 16576 24608 28672 33152 33536 49280 53248 67072 68608 98816 133121 135169 167936 198656 229376
1 4099 4102 4108 8216 8240 12296 16480 16576 24608 28672 33152 33536 49280 53248 67072 69633 98816 102400 133121 134144 196609 197632
1 4099 4102 4108 8216 8240 12296 16480 16576 24608 28672 33152 33536 49280 53248 67072 98816 99328 133121 134144 135169 164864 167936
1 4099 4102 4108 8216 8240 12296 16480 16576 24608 28672 33152 33536 49280 53248 67072 98816 102400 133121 134144 135169 197632 200704
1 4099 4102 4108 8216 8240 12296 16480 16576 24608 28672 33152 33536 49280 53248 67072 98816 133121 134144 135169 167936 197632 229376
1 4099 4102 4108 8216 8240 12296 16480 16576 24608 28672 33152 33536 49280 53248 67585 68608 69633 98816 102400 132608 197120 197632
1 4099 4102 4108 8216 8240 12296 16480 16576 24608 28672 33152 33536 49280 53248 67585 69633 98816 102400 132608 134144 197120 198656
1 4099 4102 4108 8216 8240 12296 16480 16576 24608 28672 33152 33536 49280 53248 69633 98816 102400 132608 133121 134144 196609 197120
2 4099 4102 4108 8216 8240 12296 16480 16576 24608 28672 33152 33536 49280 67072 67585 68608 86016 98816 114688 135169 196609 200704
2 4099 4102 4108 8216 8240 12296 16480 16576 24608 28672 33152 33536 49280 67072 67585 68608 98816 114688 135169 151552 196609 212992
1 4099 4102 4108 8216 8240 12296 16480 16576 24608 28672 33152 33536 49280 67072 67585 68608 98816 135169 151552 180224 196609 229376
1 4099 4102 4108 8216 8240 12296 16480 16576 24608 28672 33152 33536 49280 67072 67585 69633 86016 98816 114688 134144 197632 198656
1 4099 4102 4108 8216 8240 12296 16480 16576 24608 28672 33152 33536 49280 67072 68608 69633 86016 98816 114688 133121 196609 198656
1 4099 4102 4108 8216 8240 12296 16480 16576 24608 28672 33152 33536 49280 67072 68608 86016 98816 114688 133121 135169 198656 200704
1 4099 4102 4108 8216 8240 12296 16480 16576 24608 28672 33152 33536 49280 67072 68608 98816 114688 133121 135169 151552 198656 212992
1 4099 4102 4108 8216 8240 12296 16480 16576 24608 28672 33152 33536 49280 67072 68608 98816 133121 135169 151552 180224 198656 229376
1 4099 4102 4108 8216 8240 12296 16480 16576 24608 28672 33152 33536 49280 67072 69633 86016 98816 114688 133121 134144 196609 197632
1 4099 4102 4108 8216 8240 12296 16480 16576 24608 28672 33152 33536 49280 67072 86016 98816 114688 133121 134144 135169 197632 200704
1 4099 4102 4108 8216 8240 12296 16480 16576 24608 28672 33152 33536 49280 67072 98816 99328 133121 134144 135169 151552 164864 180224
1 4099 4102 4108 8216 8240 12296 16480 16576 24608 28672 33152 33536 49280 67072 98816 114688 133121 134144 135169 151552 197632 212992
1 4099 4102 4108 8216 8240 12296 16480 16576 24608 28672 33152 33536 49280 67072 98816 133121 134144 135169 151552 180224 197632 229376
1 4099 4102 4108 8216 8240 12296 16480 16576 24608 28672 33152 33536 49280 67585 68608 69633 86016 98816 114688 132608 197120 197632
1 4099 4102 4108 8216 8240 12296 16480 16576 24608 28672 33152 33536 49280 67585 69633 86016 98816 114688 132608 134144 197120 198656
1 4099 4102 4108 8216 8240 12296 16480 16576 24608 28672 33152 33536 49280 69633 86016 98816 114688 132608 133121 134144 196609 197120
1 4099 4102 4108 8216 8240 12296 16480 16576 24608 28672 33152 34304 49280 53248 66304 98560 98816 133121 134144 135169 164864 167936
1 4099 4102 4108 8216 8240 12296 16480 16576 24608 28672 33152 34304 49280 66304 98560 98816 133121 134144 135169 151552 164864 180224
1 4099 4102 4108 8216 8240 12296 16480 16576 24608 28672 33152 49280 49408 66304 67072 68608 82176 86016 133121 135169 198656 200704
1 4099 4102 4108 8216 8240 12296 16480 16576 24608 28672 33152 49280 49408 66304 67072 68608 82176 133121 135169 151552 198656 212992
1 4099 4102 4108 8216 8240 12296 16480 16576 24608 28672 33152 49280 49408 66304 67072 82176 86016 133121 134144 135169 197632 200704
1 4099 4102 4108 8216 8240 12296 16480 16576 24608 28672 33152 49280 49408 66304 67072 82176 133121 134144 135169 151552 197632 212992
1 4099 4102 4108 8216 8240 12296 16480 16576 24608 28672 33152 49280 53248 66304 67072 68608 98560 102400 133121 135169 198656 200704
1 4099 4102 4108 8216 8240 12296 16480 16576 24608 28672 33152 49280 53248 66304 67072 68608 98560 133121 135169 167936 198656 229376
1 4099 4102 4108 8216 8240 12296 16480 16576 24608 28672 33152 49280 53248 66304 67072 98560 99328 133121 134144 135169 164864 167936
2 4099 4102 4108 8216 8240 12296 16480 16576 24608 28672 33152 49280 53248 66304 67072 98560 102400 133121 134144 135169 197632 200704
1 4099 4102 4108 8216 8240 12296 16480 16576 24608 28672 33152 49280 53248 66304 67072 98560 133121 134144 135169 167936 197632 229376
1 4099 4102 4108 8216 8240 12296 16480 16576 24608 28672 33152 49280 66304 67072 68608 86016 98560 114688 133121 135169 198656 200704
1 4099 4102 4108 8216 8240 12296 16480 16576 24608 28672 33152 49280 66304 67072 68608 98560 114688 133121 135169 151552 198656 212992
1 4099 4102 4108 8216 8240 12296 16480 16576 24608 28672 33152 49280 66304 67072 68608 98560 133121 135169 151552 180224 198656 229376
2 4099 4102 4108 8216 8240 12296 16480 16576 24608 28672 33152 49280 66304 67072 86016 98560 114688 133121 134144 135169 197632 200704
1 4099 4102 4108 8216 8240 12296 16480 16576 24608 28672 33152 49280 66304 67072 98560 99328 133121 134144 135169 151552 164864 180224
1 4099 4102 4108 8216 8240 12296 16480 16576 24608 28672 33152 49280 66304 67072 98560 114688 133121 134144 135169 151552 197632 212992
1 4099 4102 4108 8216 8240 12296 16480 16576 24608 28672 33152 49280 66304 67072 98560 133121 134144 135169 151552 180224 197632 229376
1 4099 4102 4108 8216 8240 12296 16480 16576 24608 28672 33536 34304 49280 65920 98432 98560 133121 134144 135169 151552 164864 180224
1 4099 4102 4108 8216 8240 12296 16480 16576 24608 28672 34304 49280 53248 65920 66304 98432 98816 133121 134144 135169 164864 167936
1 4099 4102 4108 8216 8240 12296 16480 16576 24608 28672 34304 49280 65920 66304 98432 98816 133121 134144 135169 151552 164864 180224
1 4099 4102 4108 8216 8240 12296 16480 16576 24608 28672 49280 53248 65920 66304 67072 98432 99328 133121 134144 135169 164864 167936
1 4099 4102 4108 8216 8240 12296 16480 16576 24608 28672 49280 53248 65920 66304 67072 98432 133121 134144 135169 167936 197632 229376
1 4099 4102 4108 8216 8240 12296 16480 16576 24608 28672 49280 65920 66304 67072 98432 99328 133121 134144 135169 151552 164864 180224
1 4099 4102 4108 8216 8240 12296 16480 16576 24608 28672 49280 65920 66304 67072 98432 114688 133121 134144 135169 151552 197632 212992
1 4099 4102 4108 8216 8240 12296 16480 16576 24608 28672 49280 65920 66304 67072 98432 133121 134144 135169 151552 180224 197632 229376
1 4099 4102 4108 8216 8240 12296 16480 16576 28672 40992 49184 57344 65920 66304 67072 82048 133121 134144 135169 151552 197632 212992
1 4099 4102 4108 8216 8240 12296 16480 16768 24608 28672 32960 49216 49280 66304 67072 68608 82176 86016 133121 135169 198656 200704
1 4099 4102 4108 8216 8240 12296 16480 16768 24608 28672 32960 49216 49280 66304 67072 68608 82176 133121 135169 151552 198656 212992
1 4099 4102 4108 8216 8240 12296 16480 16768 24608 28672 32960 49216 49280 66304 67072 82176 133121 134144 135169 151552 197632 212992
1 4099 4102 4108 8216 8240 12296 16480 24608 28672 32960 33152 33536 49216 53248 67072 67585 69633 98816 102400 134144 197632 198656
1 4099 4102 4108 8216 8240 12296 16480 24608 28672 32960 33152 33536 49216 53248 67072 68608 69633 98816 102400 133121 196609 198656
1 4099 4102 4108 8216 8240 12296 16480 24608 28672 32960 33152 33536 49216 53248 67072 68608 98816 102400 133121 135169 198656 200704
1 4099 4102 4108 8216 8240 12296 16480 24608 28672 32960 33152 33536 49216 53248 67072 69633 98816 102400 133121 134144 196609 197632
2 4099 4102 4108 8216 8240 12296 16480 24608 28672 32960 33152 33536 49216 53248 67072 98816 102400 133121 134144 135169 197632 200704
1 4099 4102 4108 8216 8240 12296 16480 24608 28672 32960 33152 33536 49216 53248 67585 68608 69633 98816 102400 132608 197120 197632
1 4099 4102 4108 8216 8240 12296 16480 24608 28672 32960 33152 33536 49216 53248 67585 68608 69633 102400 132608 164352 197632 229376
1 4099 4102 4108 8216 8240 12296 16480 24608 28672 32960 33152 33536 49216 53248 67585 69633 98816 102400 132608 134144 197120 198656
2 4099 4102 4108 8216 8240 12296 16480 24608 28672 32960 33152 33536 49216 53248 67585 69633 102400 132608 134144 164352 198656 229376
1 4099 4102 4108 8216 8240 12296 16480 24608 28672 32960 33152 33536 49216 53248 69633 98816 102400 132608 133121 134144 196609 197120
1 4099 4102 4108 8216 8240 12296 16480 24608 28672 32960 33152 33536 49216 67072 67585 69633 86016 98816 114688 134144 197632 198656
1 4099 4102 4108 8216 8240 12296 16480 24608 28672 32960 33152 33536 49216 67072 68608 69633 86016 98816 114688 133121 196609 198656
1 4099 4102 4108 8216 8240 12296 16480 24608 28672 32960 33152 33536 49216 67072 68608 86016 98816 114688 133121 135169 198656 200704
1 4099 4102 4108 8216 8240 12296 16480 24608 28672 32960 33152 33536 49216 67072 68608 98816 114688 133121 135169 151552 198656 212992
1 4099 4102 4108 8216 8240 12296 16480 24608 28672 32960 33152 33536 49216 67072 69633 86016 98816 114688 133121 134144 196609 197632
2 4099 4102 4108 8216 8240 12296 16480 24608 28672 32960 33152 33536 49216 67072 86016 98816 114688 133121 134144 135169 197632 200704
1 4099 4102 4108 8216 8240 12296 16480 24608 28672 32960 33152 33536 49216 67072 98816 114688 133121 134144 135169 151552 197632 212992
1 4099 4102 4108 8216 8240 12296 16480 24608 28672 32960 33152 33536 49216 67585 68608 69633 86016 98816 114688 132608 197120 197632
1 4099 4102 4108 8216 8240 12296 16480 24608 28672 32960 33152 33536 49216 67585 68608 69633 86016 114688 132608 164352 197632 229376
1 4099 4102 4108 8216 8240 12296 16480 24608 28672 32960 33152 33536 49216 67585 69633 86016 98816 114688 132608 134144 197120 198656
2 4099 4102 4108 8216 8240 12296 16480 24608 28672 32960 33152 33536 49216 67585 69633 86016 114688 132608 134144 164352 198656 229376
1 4099 4102 4108 8216 8240 12296 16480 24608 28672 32960 33152 33536 49216 69633 86016 98816 114688 132608 133121 134144 196609 197120
1 4099 4102 4108 8216 8240 12296 16480 24608 28672 32960 33152 49216 49408 66304 67072 68608 82176 86016 133121 135169 198656 200704
1 4099 4102 4108 8216 8240 12296 16480 24608 28672 32960 33152 49216 49408 66304 67072 68608 82176 133121 135169 151552 198656 212992
1 4099 4102 4108 8216 8240 12296 16480 24608 28672 32960 33152 49216 49408 66304 67072 82176 133121 134144 135169 151552 197632 212992
1 4099 4102 4108 8216 8240 12296 16480 24608 28672 32960 33152 49216 53248 66304 67072 68608 98560 102400 133121 135169 198656 200704
1 4099 4102 4108 8216 8240 12296 16480 24608 28672 32960 33152 49216 53248 67585 68608 69633 102400 131840 132608 164096 197632 229376
1 4099 4102 4108 8216 8240 12296 16480 24608 28672 32960 33152 49216 53248 67585 69633 102400 131840 132608 134144 164096 198656 229376
2 4099 4102 4108 8216 8240 12296 16480 24608 28672 32960 33152 49216 66304 67072 68608 86016 98560 114688 133121 135169 198656 200704
2 4099 4102 4108 8216 8240 12296 16480 24608 28672 32960 33152 49216 66304 67072 68608 98560 114688 133121 135169 151552 198656 212992
1 4099 4102 4108 8216 8240 12296 16480 24608 28672 32960 33152 49216 66304 67072 98560 114688 133121 134144 135169 151552 197632 212992
1 4099 4102 4108 8216 8240 12296 16480 24608 28672 32960 33152 49216 67585 68608 69633 86016 114688 131840 132608 164096 197632 229376
1 4099 4102 4108 8216 8240 12296 16480 24608 28672 32960 33152 49216 67585 69633 86016 114688 131840 132608 134144 164096 198656 229376
1 4099 4102 4108 8216 8240 12296 16480 24608 28672 32960 49216 49280 65920 66304 67072 82048 133121 134144 135169 151552 197632 212992
1 4099 4102 4108 8216 8240 12296 16480 24608 28672 32960 49216 53248 67585 68608 69633 102400 131456 131840 132608 163968 197632 229376
1 4099 4102 4108 8216 8240 12296 16480 24608 28672 32960 49216 65920 66304 67072 98432 114688 133121 134144 135169 151552 197632 212992
1 4099 4102 4108 8216 8240 12296 16480 24608 28672 32960 49216 67585 68608 69633 86016 114688 131456 131840 132608 163968 197632 229376
1 4099 4102 4108 8216 8240 12296 16576 16768 17152 24640 28672 34304 34817 36865 49664 53248 68608 99328 100352 131168 139296 139328
2 4099 4102 4108 8216 8240 12296 16576 16768 17152 24640 28672 34304 35840 36865 49664 53248 67585 98305 100352 131168 139296 139328
1 4099 4102 4108 8216 8240 12296 16576 16768 17152 24640 28672 34304 35840 49664 53248 67585 69633 100352 102400 131168 139296 139328
1 4099 4102 4108 8216 8240 12296 16576 16768 17152 24640 28672 34304 36865 49664 53248 67585 68608 98305 99328 131168 139296 139328
1 4099 4102 4108 8216 8240 12296 16576 16768 17152 24640 28672 34304 49664 67585 68608 69633 86016 99328 114688 131168 139296 139328
2 4099 4102 4108 8216 8240 12296 16576 16768 17152 24640 28672 34817 35840 36865 49664 53248 67072 98816 99328 131168 139296 139328
1 4099 4102 4108 8216 8240 12296 16576 16768 17152 24640 28672 34817 36865 49664 53248 67072 68608 98816 100352 131168 139296 139328
1 4099 4102 4108 8216 8240 12296 16576 16768 17152 24640 28672 36865 49664 53248 67072 67585 68608 98305 98816 131168 139296 139328
1 4099 4102 4108 8216 8240 12296 16576 16768 17152 28672 32864 40992 49216 57344 67072 67585 69633 82432 86016 134144 197632 198656
2 4099 4102 4108 8216 8240 12296 16576 16768 17152 28672 32864 40992 49216 57344 67072 68608 82432 86016 133121 135169 198656 200704
1 4099 4102 4108 8216 8240 12296 16576 16768 17152 28672 32864 40992 49216 57344 67072 69633 82432 86016 133121 134144 196609 197632
2 4099 4102 4108 8216 8240 12296 16576 16768 17152 28672 32864 40992 49216 57344 67072 82432 133121 134144 135169 151552 197632 212992
1 4099 4102 4108 8216 8240 12296 16576 16768 17152 28672 32864 40992 49216 57344 67585 69633 82432 86016 132608 134144 197120 198656
1 4099 4102 4108 8216 8240 12296 16576 16768 17152 28672 32864 40992 49216 57344 69633 82432 86016 132608 133121 134144 196609 197120
1 4099 4102 4108 8216 8240 12296 16576 16768 24608 28672 32864 49184 49216 66304 67072 68608 82176 86016 133121 135169 198656 200704
1 4099 4102 4108 8216 8240 12296 16576 16768 24608 28672 32864 49184 49216 66304 67072 68608 82176 133121 135169 151552 198656 212992
1 4099 4102 4108 8216 8240 12296 16576 16768 24608 28672 32864 49184 49216 66304 67072 82176 133121 134144 135169 151552 197632 212992
1 4099 4102 4108 8216 8240 12296 16576 16768 24640 28672 33536 34304 35840 49408 53248 67585 69633 100352 102400 131168 139296 139328
1 4099 4102 4108 8216 8240 12296 16576 16768 24640 28672 33536 34304 35840 49408 67585 69633 86016 100352 114688 131168 139296 139328
1 4099 4102 4108 8216 8240 12296 16576 16768 24640 28672 33536 34304 49408 67585 68608 69633 86016 99328 114688 131168 139296 139328
1 4099 4102 4108 8216 8240 12296 16576 16768 28672 32864 40992 49216 57344 66304 67072 68608 82176 86016 133121 135169 198656 200704
1 4099 4102 4108 8216 8240 12296 16576 16768 28672 32864 40992 49216 57344 66304 67072 68608 82176 133121 135169 151552 198656 212992
1 4099 4102 4108 8216 8240 12296 16576 16768 28672 32864 40992 49216 57344 66304 67072 82176 133121 134144 135169 151552 197632 212992
1 4099 4102 4108 8216 8240 12296 16576 24608 28672 32864 49184 49216 65920 66304 67072 82048 133121 134144 135169 151552 197632 212992
1 4099 4102 4108 8216 8240 12296 16576 24640 28672 33152 33536 34304 49280 67585 68608 69633 86016 99328 114688 131168 139296 139328
1 4099 4102 4108 8216 8240 12296 16576 28672 32864 40992 49216 57344 65920 66304 67072 82048 133121 134144 135169 151552 197632 212992
1 4099 4102 4108 8216 8240 12296 16768 17152 28672 32864 32960 40992 49280 57344 67072 67585 68608 82432 86016 135169 196609 200704
1 4099 4102 4108 8216 8240 12296 16768 17152 28672 32864 32960 40992 49280 57344 67072 67585 68608 82432 135169 151552 196609 212992
1 4099 4102 4108 8216 8240 12296 16768 17152 28672 32864 32960 40992 49280 57344 67072 67585 69633 82432 86016 134144 197632 198656
1 4099 4102 4108 8216 8240 12296 16768 17152 28672 32864 32960 40992 49280 57344 67072 68608 69633 82432 86016 133121 196609 198656
1 4099 4102 4108 8216 8240 12296 16768 17152 28672 32864 32960 40992 49280 57344 67072 68608 82432 86016 133121 135169 198656 200704
1 4099 4102 4108 8216 8240 12296 16768 17152 28672 32864 32960 40992 49280 57344 67072 68608 82432 133121 135169 151552 198656 212992
1 4099 4102 4108 8216 8240 12296 16768 17152 28672 32864 32960 40992 49280 57344 67072 69633 82432 86016 133121 134144 196609 197632
1 4099 4102 4108 8216 8240 12296 16768 17152 28672 32864 32960 40992 49280 57344 67585 69633 82432 86016 132608 134144 197120 198656
1 4099 4102 4108 8216 8240 12296 16768 17152 28672 32864 32960 40992 49280 57344 69633 82432 86016 132608 133121 134144 196609 197120
1 4099 4102 4108 8216 8240 12296 16768 24608 28672 32864 32960 49184 49280 66304 67072 68608 82176 86016 133121 135169 198656 200704
1 4099 4102 4108 8216 8240 12296 16768 24608 28672 32864 32960 49184 49280 66304 67072 68608 82176 133121 135169 151552 198656 212992
1 4099 4102 4108 8216 8240 12296 16768 24608 28672 32864 32960 49184 49280 66304 67072 82176 133121 134144 135169 151552 197632 212992
1 4099 4102 4108 8216 8240 12296 16768 28672 32864 32960 40992 49280 57344 66304 67072 68608 82176 86016 133121 135169 198656 200704
1 4099 4102 4108 8216 8240 12296 16768 28672 32864 32960 40992 49280 57344 66304 67072 68608 82176 133121 135169 151552 198656 212992
2 4099 4102 4108 8216 8240 12296 16768 28672 32864 32960 40992 49280 57344 66304 67072 82176 133121 134144 135169 151552 197632 212992
1 4099 4102 4108 8216 8240 12296 17152 17920 19456 28672 32864 32960 33152 40992 57344 82176 98560 114688 133121 135169 149504 151552
1 4099 4102 4108 8216 8240 12296 17152 17920 19456 28672 32864 32960 40992 49408 57344 65920 98432 98560 133121 135169 149504 151552
1 4099 4102 4108 8216 8240 12296 17152 17920 19456 28672 32864 32960 40992 57344 65920 82176 98432 114688 133121 135169 149504 151552
1 4099 4102 4108 8216 8240 12296 17152 17920 19456 28672 32864 33152 40992 49408 57344 65728 98368 98432 133121 135169 149504 151552
1 4099 4102 4108 8216 8240 12296 17152 17920 19456 28672 32864 40992 49408 57344 65728 65920 98368 98560 133121 135169 149504 151552
1 4099 4102 4108 8216 8240 12296 17152 17920 19456 28672 33152 40992 49408 57344 65632 65728 98336 98432 133121 135169 149504 151552
1 4099 4102 4108 8216 8240 12296 17152 17920 19456 28672 33152 49408 57344 65632 65728 73760 98432 106496 133121 135169 149504 151552
1 4099 4102 4108 8216 8240 12296 17152 17920 19456 28672 40992 49408 57344 65632 65728 65920 98336 98560 133121 135169 149504 151552
1 4099 4102 4108 8216 8240 12296 17152 17920 19456 28672 49408 57344 65632 65728 65920 73760 98560 106496 133121 135169 149504 151552
1 4099 4102 4108 8216 8240 12296 17152 17920 28672 32864 32960 33152 40992 49408 57344 67585 68608 69633 82944 151552 200704 212992
1 4099 4102 4108 8216 8240 12296 17152 17920 28672 32864 32960 33152 40992 49408 57344 67585 68608 82944 86016 135169 196609 200704
1 4099 4102 4108 8216 8240 12296 17152 17920 28672 32864 32960 33152 40992 49408 57344 67585 68608 82944 135169 151552 196609 212992
1 4099 4102 4108 8216 8240 12296 17152 17920 28672 32864 32960 33152 40992 49408 57344 67585 69633 82944 86016 134144 197632 198656
1 4099 4102 4108 8216 8240 12296 17152 17920 28672 32864 32960 33152 40992 49408 57344 68608 69633 82944 86016 133121 196609 198656
1 4099 4102 4108 8216 8240 12296 17152 17920 28672 32864 32960 33152 40992 49408 57344 68608 82944 83968 133121 135169 149504 151552
1 4099 4102 4108 8216 8240 12296 17152 17920 28672 32864 32960 33152 40992 49408 57344 68608 82944 86016 133121 135169 198656 200704
1 4099 4102 4108 8216 8240 12296 17152 17920 28672 32864 32960 33152 40992 49408 57344 68608 82944 133121 135169 151552 198656 212992
1 4099 4102 4108 8216 8240 12296 17152 17920 28672 32864 32960 33152 40992 49408 57344 69633 82944 86016 133121 134144 196609 197632
1 4099 4102 4108 8216 8240 12296 17152 17920 28672 32864 32960 33152 40992 49408 57344 82944 86016 133121 134144 135169 197632 200704
1 4099 4102 4108 8216 8240 12296 17152 19456 28672 32864 32960 33152 40992 49408 57344 67072 82432 82944 133121 135169 149504 151552
1 4099 4102 4108 8216 8240 12296 17152 28672 32864 32960 33152 40992 49408 57344 67072 67585 68608 82432 86016 135169 196609 200704
1 4099 4102 4108 8216 8240 12296 17152 28672 32864 32960 33152 40992 49408 57344 67072 67585 68608 82432 135169 151552 196609 212992
1 4099 4102 4108 8216 8240 12296 17152 28672 32864 32960 33152 40992 49408 57344 67072 67585 69633 82432 86016 134144 197632 198656
1 4099 4102 4108 8216 8240 12296 17152 28672 32864 32960 33152 40992 49408 57344 67072 68608 69633 82432 86016 133121 196609 198656
1 4099 4102 4108 8216 8240 12296 17152 28672 32864 32960 33152 40992 49408 57344 67072 68608 82432 83968 133121 135169 149504 151552
1 4099 4102 4108 8216 8240 12296 17152 28672 32864 32960 33152 40992 49408 57344 67072 68608 82432 86016 133121 135169 198656 200704
1 4099 4102 4108 8216 8240 12296 17152 28672 32864 32960 33152 40992 49408 57344 67072 68608 82432 133121 135169 151552 198656 212992
1 4099 4102 4108 8216 8240 12296 17152 28672 32864 32960 33152 40992 49408 57344 67072 69633 82432 86016 133121 134144 196609 197632
1 4099 4102 4108 8216 8240 12296 17152 28672 32864 32960 33152 40992 49408 57344 67585 69633 82432 86016 132608 134144 197120 198656
1 4099 4102 4108 8216 8240 12296 17152 28672 32864 32960 33152 40992 49408 57344 69633 82432 86016 132608 133121 134144 196609 197120
1 4099 4102 4108 8216 8240 12296 17920 18433 19456 28672 33536 49664 57344 65632 65728 65920 73760 98560 106496 135169 147457 151552
1 4099 4102 4108 8216 8240 12296 17920 18433 20481 28672 32864 32960 40992 57344 65920 66304 82432 98432 114688 134144 148480 149504
1 4099 4102 4108 8216 8240 12296 17920 18433 20481 28672 32864 40992 57344 65728 65920 66304 82432 98368 114688 134144 148480 149504
1 4099 4102 4108 8216 8240 12296 17920 18433 20481 28672 32960 33152 33536 41024 49664 57344 65632 73760 73792 134144 148480 149504
1 4099 4102 4108 8216 8240 12296 17920 18433 20481 28672 32960 33152 33536 49664 57344 65632 73760 98368 106496 134144 148480 149504
1 4099 4102 4108 8216 8240 12296 17920 18433 20481 28672 33152 33536 49664 57344 65632 65728 73760 98432 106496 134144 148480 149504
1 4099 4102 4108 8216 8240 12296 17920 18433 20481 28672 33536 49664 57344 65632 65728 65920 73760 98560 106496 134144 148480 149504
1 4099 4102 4108 8216 8240 12296 17920 19456 20481 28672 32864 32960 33152 40992 57344 66304 82432 98560 114688 133121 147457 149504
1 4099 4102 4108 8216 8240 12296 17920 19456 20481 28672 32864 32960 40992 57344 65920 66304 82432 98432 114688 133121 147457 149504
1 4099 4102 4108 8216 8240 12296 17920 19456 20481 28672 32864 40992 57344 65728 65920 66304 82432 98368 114688 133121 147457 149504
2 4099 4102 4108 8216 8240 12296 17920 19456 20481 28672 32960 33152 33536 41024 49664 57344 65632 73760 73792 133121 147457 149504
1 4099 4102 4108 8216 8240 12296 17920 19456 20481 28672 32960 33152 33536 49664 57344 65632 73760 98368 106496 133121 147457 149504
1 4099 4102 4108 8216 8240 12296 17920 19456 20481 28672 33152 33536 49664 57344 65632 65728 73760 98432 106496 133121 147457 149504
1 4099 4102 4108 8216 8240 12296 17920 19456 20481 28672 33536 49664 57344 65632 65728 65920 73760 98560 106496 133121 147457 149504
2 4099 4102 4108 8216 8240 12296 17920 19456 28672 32864 32960 33152 40992 57344 66304 82432 98560 114688 133121 135169 149504 151552
1 4099 4102 4108 8216 8240 12296 17920 19456 28672 32864 32960 40992 57344 65920 66304 82432 98432 114688 133121 135169 149504 151552
1 4099 4102 4108 8216 8240 12296 17920 19456 28672 32864 40992 57344 65728 65920 66304 82432 98368 114688 133121 135169 149504 151552
2 4099 4102 4108 8216 8240 12296 17920 19456 28672 32960 33152 33536 49664 57344 65632 73760 98368 106496 133121 135169 149504 151552
1 4099 4102 4108 8216 8240 12296 17920 19456 28672 33152 33536 49664 57344 65632 65728 73760 98432 106496 133121 135169 149504 151552
1 4099 4102 4108 8216 8240 12296 17920 19456 28672 33536 49664 57344 65632 65728 65920 73760 98560 106496 133121 135169 149504 151552
1 4099 4102 4108 8216 8240 12296 17920 20481 28672 32864 32960 33152 40992 57344 66304 82432 98560 114688 133121 134144 147457 148480
1 4099 4102 4108 8216 8240 12296 17920 20481 28672 32864 32960 40992 57344 65920 66304 82432 98432 114688 133121 134144 147457 148480
1 4099 4102 4108 8216 8240 12296 17920 20481 28672 32864 40992 57344 65728 65920 66304 82432 98368 114688 133121 134144 147457 148480
1 4099 4102 4108 8216 8240 12296 17920 20481 28672 32960 33152 33536 41024 49664 57344 65632 73760 73792 133121 134144 147457 148480
1 4099 4102 4108 8216 8240 12296 17920 20481 28672 32960 33152 33536 49664 57344 65632 73760 98368 106496 133121 134144 147457 148480
1 4099 4102 4108 8216 8240 12296 17920 20481 28672 33152 33536 49664 57344 65632 65728 73760 98432 106496 133121 134144 147457 148480
1 4099 4102 4108 8216 8240 12296 17920 20481 28672 33536 49664 57344 65632 65728 65920 73760 98560 106496 133121 134144 147457 148480
1 4099 4102 4108 8216 8240 12296 18433 19456 20481 28672 32864 32960 40992 57344 65920 66304 67072 82944 114688 163968 196736 229376
1 4099 4102 4108 8216 8240 12296 18433 19456 20481 28672 32864 32960 40992 57344 65920 66304 67072 98432 114688 148480 197632 212992
1 4099 4102 4108 8216 8240 12296 18433 19456 20481 28672 32864 32960 40992 57344 65920 66304 82432 98432 114688 132608 147968 148480
1 4099 4102 4108 8216 8240 12296 18433 19456 20481 28672 32864 32960 40992 57344 65920 66304 82944 98432 114688 132608 197120 197632
1 4099 4102 4108 8216 8240 12296 18433 19456 20481 28672 32864 32960 40992 57344 65920 66304 98432 114688 132608 148480 197120 212992
1 4099 4102 4108 8216 8240 12296 18433 19456 20481 28672 32864 32960 40992 57344 65920 67072 82944 98432 114688 131840 196864 197120
1 4099 4102 4108 8216 8240 12296 18433 19456 20481 28672 32864 32960 40992 57344 65920 82944 98432 114688 131840 132608 196864 197632
1 4099 4102 4108 8216 8240 12296 18433 19456 20481 28672 32864 32960 40992 57344 65920 98432 114688 131840 132608 148480 196864 212992
1 4099 4102 4108 8216 8240 12296 18433 19456 20481 28672 32864 32960 40992 57344 66304 67072 82944 98432 114688 131456 196736 196864
1 4099 4102 4108 8216 8240 12296 18433 19456 20481 28672 32864 32960 40992 57344 66304 67072 82944 98560 114688 131456 163968 164096
1 4099 4102 4108 8216 8240 12296 18433 19456 20481 28672 32864 32960 40992 57344 66304 67072 82944 114688 131456 163968 196864 229376
1 4099 4102 4108 8216 8240 12296 18433 19456 20481 28672 32864 32960 40992 57344 67072 82944 98432 114688 131456 131840 196736 197120
1 4099 4102 4108 8216 8240 12296 18433 19456 20481 28672 32864 32960 40992 57344 67072 82944 114688 131456 131840 163968 197120 229376
1 4099 4102 4108 8216 8240 12296 18433 19456 20481 28672 32864 32960 40992 57344 82944 98432 114688 131456 131840 132608 196736 197632
1 4099 4102 4108 8216 8240 12296 18433 19456 20481 28672 32864 32960 40992 57344 82944 114688 131456 131840 132608 163968 197632 229376
1 4099 4102 4108 8216 8240 12296 18433 19456 20481 28672 32864 32960 40992 57344 98432 114688 131456 131840 132608 148480 196736 212992
1 4099 4102 4108 8216 8240 12296 18433 19456 20481 28672 32864 32960 40992 57344 114688 131456 131840 132608 148480 163968 212992 229376
2 4099 4102 4108 8216 8240 12296 18433 19456 20481 28672 32864 32960 57344 65920 66304 67072 82944 98432 114688 139296 163872 172032
1 4099 4102 4108 8216 8240 12296 18433 19456 20481 28672 32864 33152 40992 57344 66304 67072 82944 98560 114688 131264 163904 163968
1 4099 4102 4108 8216 8240 12296 18433 19456 20481 28672 32864 40992 57344 65728 65920 66304 82432 98368 114688 132608 147968 148480
1 4099 4102 4108 8216 8240 12296 18433 19456 20481 28672 32864 40992 57344 65728 65920 66304 98368 114688 132608 148480 197120 212992
1 4099 4102 4108 8216 8240 12296 18433 19456 20481 28672 32864 40992 57344 65728 65920 98368 114688 131840 132608 148480 196864 212992
1 4099 4102 4108 8216 8240 12296 18433 19456 20481 28672 32864 40992 57344 65728 98368 114688 131456 131840 132608 148480 196736 212992
1 4099 4102 4108 8216 8240 12296 18433 19456 20481 28672 32864 40992 57344 65920 66304 67072 82944 98432 114688 131264 163904 163968
1 4099 4102 4108 8216 8240 12296 18433 19456 20481 28672 32864 40992 57344 65920 66304 67072 82944 114688 131264 163904 196736 229376
1 4099 4102 4108 8216 8240 12296 18433 19456 20481 28672 32864 40992 57344 66304 67072 82944 98560 114688 131264 131456 163904 164096
1 4099 4102 4108 8216 8240 12296 18433 19456 20481 28672 32864 40992 57344 66304 67072 82944 114688 131264 131456 163904 196864 229376
1 4099 4102 4108 8216 8240 12296 18433 19456 20481 28672 32864 40992 57344 67072 82944 114688 131264 131456 131840 163904 197120 229376
2 4099 4102 4108 8216 8240 12296 18433 19456 20481 28672 32960 33152 33536 41024 49664 57344 65632 73760 73792 132608 147968 148480
1 4099 4102 4108 8216 8240 12296 18433 19456 20481 28672 32960 33152 33536 41024 57344 67072 82944 98816 114688 131168 139296 139328
2 4099 4102 4108 8216 8240 12296 18433 19456 20481 28672 32960 33152 33536 57344 67072 82944 98816 114688 131168 139296 163904 172032
1 4099 4102 4108 8216 8240 12296 18433 19456 20481 28672 32960 33152 40992 57344 66304 67072 82944 98560 114688 131168 163872 163904
1 4099 4102 4108 8216 8240 12296 18433 19456 20481 28672 32960 33152 41024 57344 66304 67072 82944 98560 114688 131168 139296 139328
1 4099 4102 4108 8216 8240 12296 18433 19456 20481 28672 32960 33152 57344 66304 67072 82944 98560 114688 131168 139296 163904 172032
1 4099 4102 4108 8216 8240 12296 18433 19456 20481 28672 32960 40992 57344 65920 66304 67072 82944 98432 114688 131168 163872 163904
1 4099 4102 4108 8216 8240 12296 18433 19456 20481 28672 32960 41024 57344 65920 66304 67072 82944 98432 114688 131168 139296 139328
1 4099 4102 4108 8216 8240 12296 18433 19456 20481 28672 32960 57344 65920 66304 67072 82944 98432 114688 131168 139296 163904 172032
1 4099 4102 4108 8216 8240 12296 18433 19456 20481 28672 33152 40992 57344 66304 67072 82944 98560 114688 131168 131264 163872 163968
2 4099 4102 4108 8216 8240 12296 18433 19456 20481 28672 33152 57344 66304 67072 82944 98560 114688 131168 131264 139296 163968 172032
2 4099 4102 4108 8216 8240 12296 18433 19456 20481 28672 40992 57344 65632 65728 98336 114688 131456 131840 132608 148480 196736 212992
1 4099 4102 4108 8216 8240 12296 18433 19456 20481 28672 40992 57344 65920 66304 67072 82944 98432 114688 131168 131264 163872 163968
1 4099 4102 4108 8216 8240 12296 18433 19456 20481 28672 40992 57344 65920 66304 67072 82944 114688 131168 131264 163872 196736 229376
1 4099 4102 4108 8216 8240 12296 18433 19456 20481 28672 40992 57344 66304 67072 82944 98560 114688 131168 131264 131456 163872 164096
1 4099 4102 4108 8216 8240 12296 18433 19456 20481 28672 40992 57344 66304 67072 82944 114688 131168 131264 131456 163872 196864 229376
2 4099 4102 4108 8216 8240 12296 18433 19456 20481 28672 57344 65632 65728 73760 106496 114688 131456 131840 132608 148480 196736 212992
1 4099 4102 4108 8216 8240 12296 18433 19456 20481 28672 57344 65920 66304 67072 82944 98432 114688 131168 131264 139296 163968 172032
1 4099 4102 4108 8216 8240 12296 18433 19456 20481 28672 57344 65920 66304 67072 82944 114688 131168 131264 139296 172032 196736 229376
1 4099 4102 4108 8216 8240 12296 18433 20481 28672 32864 32960 40992 57344 65920 66304 67072 82944 98432 114688 134144 148480 149504
1 4099 4102 4108 8216 8240 12296 18433 20481 28672 32864 32960 40992 57344 65920 66304 67072 98432 114688 134144 149504 197632 212992
1 4099 4102 4108 8216 8240 12296 18433 20481 28672 32864 32960 40992 57344 65920 66304 82432 98432 114688 132608 134144 147968 149504
1 4099 4102 4108 8216 8240 12296 18433 20481 28672 32864 32960 40992 57344 65920 66304 98432 114688 132608 134144 149504 197120 212992
1 4099 4102 4108 8216 8240 12296 18433 20481 28672 32864 32960 40992 57344 65920 98432 114688 131840 132608 134144 149504 196864 212992
1 4099 4102 4108 8216 8240 12296 18433 20481 28672 32864 32960 40992 57344 66304 67072 68608 83968 98560 114688 131456 163968 164096
1 4099 4102 4108 8216 8240 12296 18433 20481 28672 32864 32960 40992 57344 66304 67072 68608 83968 114688 131456 163968 196864 229376
1 4099 4102 4108 8216 8240 12296 18433 20481 28672 32864 32960 40992 57344 67072 68608 83968 114688 131456 131840 163968 197120 229376
1 4099 4102 4108 8216 8240 12296 18433 20481 28672 32864 32960 40992 57344 68608 83968 114688 131456 131840 132608 163968 197632 229376
1 4099 4102 4108 8216 8240 12296 18433 20481 28672 32864 33152 40992 57344 66304 67072 68608 83968 98560 114688 131264 163904 163968
1 4099 4102 4108 8216 8240 12296 18433 20481 28672 32864 40992 57344 65728 65920 66304 82432 98368 114688 132608 134144 147968 149504
2 4099 4102 4108 8216 8240 12296 18433 20481 28672 32864 40992 57344 65728 65920 98368 114688 131840 132608 134144 149504 196864 212992
1 4099 4102 4108 8216 8240 12296 18433 20481 28672 32864 40992 57344 66304 67072 68608 83968 98560 114688 131264 131456 163904 164096
2 4099 4102 4108 8216 8240 12296 18433 20481 28672 32864 40992 57344 67072 68608 83968 114688 131264 131456 131840 163904 197120 229376
1 4099 4102 4108 8216 8240 12296 18433 20481 28672 32960 33152 33536 41024 49664 57344 65632 73760 73792 132608 134144 147968 149504
1 4099 4102 4108 8216 8240 12296 18433 20481 28672 32960 33152 33536 49664 57344 65632 73760 98368 106496 132608 134144 147968 149504
1 4099 4102 4108 8216 8240 12296 18433 20481 28672 32960 33152 40992 57344 66304 67072 68608 83968 98560 114688 131168 163872 163904
2 4099 4102 4108 8216 8240 12296 18433 20481 28672 32960 33152 57344 66304 67072 68608 83968 98560 114688 131168 139296 163904 172032
1 4099 4102 4108 8216 8240 12296 18433 20481 28672 33152 33536 49664 57344 65632 65728 73760 98432 106496 132608 134144 147968 149504
1 4099 4102 4108 8216 8240 12296 18433 20481 28672 33152 33536 57344 67072 68608 83968 98816 114688 131168 131264 139296 163968 172032
1 4099 4102 4108 8216 8240 12296 18433 20481 28672 33152 40992 57344 66304 67072 68608 83968 98560 114688 131168 131264 163872 163968
1 4099 4102 4108 8216 8240 12296 18433 20481 28672 33152 57344 66304 67072 68608 83968 98560 114688 131168 131264 139296 163968 172032
1 4099 4102 4108 8216 8240 12296 18433 20481 28672 33536 34304 35840 51200 57344 65632 65728 73760 98560 106496 131456 196736 196864
1 4099 4102 4108 8216 8240 12296 18433 20481 28672 33536 34304 35840 51200 57344 65632 65920 73760 98560 106496 131264 196672 196736
1 4099 4102 4108 8216 8240 12296 18433 20481 28672 33536 34304 35840 51200 57344 65632 73760 98560 106496 131264 131456 196672 196864
1 4099 4102 4108 8216 8240 12296 18433 20481 28672 33536 34304 35840 51200 57344 65920 73760 98560 106496 131168 131264 196640 196736
1 4099 4102 4108 8216 8240 12296 18433 20481 28672 33536 34304 35840 51200 57344 65920 98560 106496 131168 131264 139296 196736 204800
1 4099 4102 4108 8216 8240 12296 18433 20481 28672 33536 34304 35840 51200 57344 65920 98560 131168 131264 139296 172032 196736 229376
1 4099 4102 4108 8216 8240 12296 18433 20481 28672 33536 34304 35840 51200 57344 73760 98560 106496 131168 131264 131456 196640 196864
1 4099 4102 4108 8216 8240 12296 18433 20481 28672 33536 34304 35840 51200 57344 98560 106496 131168 131264 131456 139296 196864 204800
1 4099 4102 4108 8216 8240 12296 18433 20481 28672 33536 49664 57344 65632 65728 65920 73760 98560 106496 132608 134144 147968 149504
2 4099 4102 4108 8216 8240 12296 18433 20481 28672 33536 57344 67072 68608 83968 98816 114688 131168 131264 131456 139296 164096 172032
2 4099 4102 4108 8216 8240 12296 18433 20481 28672 34304 35840 51200 57344 65728 65920 66304 98816 131168 139296 172032 196672 229376
1 4099 4102 4108 8216 8240 12296 18433 20481 28672 34304 35840 51200 57344 65920 66304 98816 106496 131168 131264 139296 196736 204800
1 4099 4102 4108 8216 8240 12296 18433 20481 28672 34304 35840 51200 57344 65920 66304 98816 131168 131264 139296 172032 196736 229376
2 4099 4102 4108 8216 8240 12296 18433 20481 28672 34304 35840 51200 57344 66304 98816 106496 131168 131264 131456 139296 196864 204800
1 4099 4102 4108 8216 8240 12296 18433 20481 28672 40992 57344 66304 67072 68608 83968 98560 114688 131168 131264 131456 163872 164096
1 4099 4102 4108 8216 8240 12296 18433 20481 28672 51200 57344 66304 67072 68608 98560 100352 131168 131264 131456 139296 164096 172032
1 4099 4102 4108 8216 8240 12296 18433 20481 28672 57344 66304 67072 68608 83968 98560 114688 131168 131264 131456 139296 164096 172032
1 4099 4102 4108 8216 8240 12296 20481 28672 32864 32960 33152 40992 57344 66304 67072 82944 98560 114688 133121 134144 147457 148480
1 4099 4102 4108 8216 8240 12296 20481 28672 32864 32960 33152 40992 57344 66304 67072 98560 114688 133121 134144 147457 197632 212992
1 4099 4102 4108 8216 8240 12296 20481 28672 32864 32960 33152 40992 57344 66304 82432 98560 114688 132608 133121 134144 147457 147968
1 4099 4102 4108 8216 8240 12296 20481 28672 32864 32960 33152 40992 57344 66304 98560 114688 132608 133121 134144 147457 197120 212992
1 4099 4102 4108 8216 8240 12296 20481 28672 32864 32960 33152 40992 57344 67072 67585 68608 81921 114688 131840 164096 197120 229376
2 4099 4102 4108 8216 8240 12296 20481 28672 32864 32960 40992 57344 65920 66304 67072 82944 98432 114688 133121 134144 147457 148480
1 4099 4102 4108 8216 8240 12296 20481 28672 32864 32960 40992 57344 65920 66304 67072 98432 114688 133121 134144 147457 197632 212992
1 4099 4102 4108 8216 8240 12296 20481 28672 32864 32960 40992 57344 65920 66304 82432 98432 114688 132608 133121 134144 147457 147968
2 4099 4102 4108 8216 8240 12296 20481 28672 32864 32960 40992 57344 65920 66304 98432 114688 132608 133121 134144 147457 197120 212992
1 4099 4102 4108 8216 8240 12296 20481 28672 32864 40992 57344 65728 65920 66304 82432 98368 114688 132608 133121 134144 147457 147968
1 4099 4102 4108 8216 8240 12296 20481 28672 32960 33152 33536 41024 49664 57344 65632 73760 73792 132608 133121 134144 147457 147968
1 4099 4102 4108 8216 8240 12296 20481 28672 32960 33152 33536 49664 57344 65632 73760 98368 106496 132608 133121 134144 147457 147968
1 4099 4102 4108 8216 8240 12296 20481 28672 33152 33536 49664 57344 65632 65728 73760 98432 106496 132608 133121 134144 147457 147968
2 4099 4102 4108 8216 8240 12296 20481 28672 33152 33536 57344 67072 67585 68608 81921 98816 114688 131168 131264 139296 163968 172032
1 4099 4102 4108 8216 8240 12296 24608 28672 32864 32960 33152 49184 49408 66304 67072 68608 82176 86016 133121 135169 198656 200704
1 4099 4102 4108 8216 8240 12296 24608 28672 32864 32960 33152 49184 49408 66304 67072 68608 82176 133121 135169 151552 198656 212992
1 4099 4102 4108 8216 8240 12296 24608 28672 32864 32960 33152 49184 49408 66304 67072 82176 133121 134144 135169 151552 197632 212992
2 4099 4102 4108 8216 8240 12296 24608 28672 32864 32960 49184 65920 66304 67072 98432 114688 133121 134144 135169 151552 197632 212992
2 4099 4102 4108 8216 8240 12296 28672 32864 32960 33152 40992 57344 66304 67072 98560 114688 133121 134144 135169 151552 197632 212992
4 4099 4102 4108 8216 8288 12296 16576 16768 17152 24640 28672 34304 34817 36865 49664 53248 68608 99328 100352 131120 139280 139296
1 4099 4102 4108 8216 8288 12296 16576 16768 17152 24640 28672 34304 36865 49664 53248 67585 68608 98305 99328 131120 139280 139296
2 4099 4102 4108 8216 8288 12296 16576 16768 17152 24640 28672 36865 49664 53248 67072 67585 68608 98305 98816 131120 139280 139296
4 4099 4102 4108 8216 8288 12296 17920 18433 20481 28672 32960 33152 33536 41024 49664 57344 65584 73744 73760 134144 148480 149504
1 4099 4102 4108 8216 8288 12296 17920 20481 28672 32960 33152 33536 41024 49664 57344 65584 73744 73760 133121 134144 147457 148480
2 4099 4102 4108 8216 8288 12296 20481 28672 32960 33152 33536 41024 49664 57344 65584 73744 73760 132608 133121 134144 147457 147968
2 4099 4102 4108 8216 12296 16432 16480 16576 24592 28672 33152 49280 53248 66304 67072 68608 98560 102400 133121 135169 198656 200704
1 4099 4102 4108 8216 12296 16432 16480 16576 24592 28672 33152 49280 53248 67585 69633 102400 131840 132608 134144 164096 198656 229376
6 4099 4102 4108 8216 12296 16432 16480 16576 24592 28672 33152 49280 66304 67072 68608 86016 98560 114688 133121 135169 198656 200704
2 4099 4102 4108 8216 12296 16576 16768 17152 24640 28672 34304 36865 49664 53248 67585 68608 98305 99328 131120 131168 139280 139328
2 4099 4102 4108 8216 12296 16576 16768 17152 24640 28672 34817 36865 49664 53248 67072 68608 98816 100352 131120 131168 139280 139328
1 4099 4102 4108 8216 12296 16576 16768 17152 24640 28672 36865 49664 53248 67072 67585 68608 98305 98816 131120 131168 139280 139328
2 4099 4102 4108 8216 12296 16768 28672 32816 32864 32960 40976 49280 57344 66304 67072 68608 82176 133121 135169 151552 198656 212992
2 4099 4102 4108 8216 12296 17920 20481 28672 32960 33152 33536 41024 49664 57344 65584 65632 73744 73792 133121 134144 147457 148480
2 4099 4102 4108 8216 12296 18433 20481 28672 32960 33152 33536 41024 49664 57344 65584 65632 73744 73792 132608 134144 147968 149504
6 4099 4102 4108 8216 12296 18433 20481 28672 33152 57344 66304 67072 68608 83968 98560 114688 131120 131168 131264 139280 163968 172032
1 4099 4102 4108 8216 12296 20481 28672 32960 33152 33536 41024 49664 57344 65584 65632 73744 73792 132608 133121 134144 147457 147968
4 4099 4102 4108 12289 12296 17920 18433 19456 24577 49664 57344 65728 65920 66304 98368 98816 131096 131120 131168 139272 163904 172032
4 4099 4102 4108 12289 12296 17920 18433 19456 24577 49664 65728 65920 66304 98368 98816 131096 131120 131168 139272 155648 163904 180224
2 4099 4102 8204 8216 12292 16432 16480 24592 28672 32960 33152 49216 53248 66304 67072 98560 102400 133121 134144 135169 197632 200704
2 4099 4102 8204 8216 12292 16432 16480 24592 28672 32960 33152 49216 53248 67585 68608 69633 102400 131840 132608 164096 197632 229376
6 4099 4102 8204 8216 12292 16432 16480 24592 28672 33536 34304 53248 67585 68608 69633 99328 102400 131264 131456 147520 164096 180224
