1 7 13 8201 8216 16432 16480 16576 24592 33152 33536 34304 49280 57344 68608 69633 71680 73729 99328 172032 204800 229376
1 7 13 8201 8216 16432 16480 16576 24592 33152 33536 34304 49280 57344 68608 69633 71680 99328 106496 139265 196609 204800
1 7 13 8201 8216 16432 16480 16576 24592 33152 33536 34304 49280 57344 68608 69633 71680 99328 139265 172032 196609 229376
1 7 13 8201 8216 16432 16480 16576 24592 33152 33536 34304 49280 57344 68608 69633 73729 99328 106496 137216 198656 200704
1 7 13 8201 8216 16432 16480 16576 24592 33152 33536 34304 49280 57344 68608 71680 73729 99328 106496 135169 196609 200704
1 7 13 8201 8216 16432 16480 16576 24592 33152 33536 34304 49280 57344 68608 71680 99328 106496 135169 139265 200704 204800
1 7 13 8201 8216 16432 16480 16576 24592 33152 33536 34304 49280 57344 68608 71680 99328 135169 139265 172032 200704 229376
1 7 13 8201 8216 16432 16480 16576 24592 33152 33536 34304 49280 57344 68608 73729 99328 106496 135169 137216 196609 198656
1 7 13 8201 8216 16432 16480 16576 24592 33152 33536 34304 49280 57344 68608 99328 106496 135169 137216 139265 198656 204800
1 7 13 8201 8216 16432 16480 16576 24592 33152 33536 34304 49280 57344 68608 99328 135169 137216 139265 172032 198656 229376
1 7 13 8201 8216 16432 16480 16576 24592 33152 33536 34304 49280 57344 69633 71680 73729 99328 106496 134144 197632 198656
1 7 13 8201 8216 16432 16480 16576 24592 33152 33536 34304 49280 57344 69633 73729 99328 106496 134144 137216 197632 200704
1 7 13 8201 8216 16432 16480 16576 24592 33152 33536 34304 49280 57344 73729 99328 106496 134144 135169 137216 196609 197632
1 7 13 8201 8216 16432 16480 16576 24592 33152 33536 34304 49280 57344 99328 106496 134144 135169 137216 139265 197632 204800
1 7 13 8201 8216 16432 16480 16576 24592 33152 33536 34304 49280 57344 99328 134144 135169 137216 139265 172032 197632 229376
1 7 13 8201 8216 16432 16480 16576 24592 33152 33536 34304 49280 68608 69633 71680 73729 90112 99328 180224 212992 229376
1 7 13 8201 8216 16432 16480 16576 24592 33152 33536 34304 49280 68608 69633 71680 73729 99328 106496 155648 172032 180224
1 7 13 8201 8216 16432 16480 16576 24592 33152 33536 34304 49280 68608 69633 71680 73729 99328 114688 155648 204800 212992
1 7 13 8201 8216 16432 16480 16576 24592 33152 33536 34304 49280 68608 69633 71680 73729 99328 155648 180224 204800 229376
1 7 13 8201 8216 16432 16480 16576 24592 33152 33536 34304 49280 68608 69633 71680 90112 99328 114688 139265 196609 204800
1 7 13 8201 8216 16432 16480 16576 24592 33152 33536 34304 49280 68608 69633 71680 99328 114688 139265 155648 196609 212992
1 7 13 8201 8216 16432 16480 16576 24592 33152 33536 34304 49280 68608 69633 71680 99328 139265 155648 180224 196609 229376
1 7 13 8201 8216 16432 16480 16576 24592 33152 33536 34304 49280 68608 69633 73729 90112 99328 114688 137216 198656 200704
1 7 13 8201 8216 16432 16480 16576 24592 33152 33536 34304 49280 68608 71680 73729 90112 99328 114688 135169 196609 200704
1 7 13 8201 8216 16432 16480 16576 24592 33152 33536 34304 49280 68608 71680 90112 99328 114688 135169 139265 200704 204800
1 7 13 8201 8216 16432 16480 16576 24592 33152 33536 34304 49280 68608 71680 99328 114688 135169 139265 155648 200704 212992
1 7 13 8201 8216 16432 16480 16576 24592 33152 33536 34304 49280 68608 71680 99328 135169 139265 155648 180224 200704 229376
1 7 13 8201 8216 16432 16480 16576 24592 33152 33536 34304 49280 68608 73729 90112 99328 114688 135169 137216 196609 198656
1 7 13 8201 8216 16432 16480 16576 24592 33152 33536 34304 49280 68608 90112 99328 114688 135169 137216 139265 198656 204800
1 7 13 8201 8216 16432 16480 16576 24592 33152 33536 34304 49280 68608 99328 114688 135169 137216 139265 155648 198656 212992
1 7 13 8201 8216 16432 16480 16576 24592 33152 33536 34304 49280 68608 99328 135169 137216 139265 155648 180224 198656 229376
1 7 13 8201 8216 16432 16480 16576 24592 33152 33536 34304 49280 69633 71680 73729 90112 99328 114688 134144 197632 198656
1 7 13 8201 8216 16432 16480 16576 24592 33152 33536 34304 49280 69633 73729 90112 99328 114688 134144 137216 197632 200704
1 7 13 8201 8216 16432 16480 16576 24592 33152 33536 34304 49280 73729 90112 99328 114688 134144 135169 137216 196609 197632
1 7 13 8201 8216 16432 16480 16576 24592 33152 33536 34304 49280 90112 99328 114688 134144 135169 137216 139265 197632 204800
1 7 13 8201 8216 16432 16480 16576 24592 33152 33536 34304 49280 99328 114688 134144 135169 137216 139265 155648 197632 212992
1 7 13 8201 8216 16432 16480 16576 24592 33152 33536 34304 49280 99328 134144 135169 137216 139265 155648 180224 197632 229376
1 7 13 8201 8216 16432 16480 16576 24592 33152 33536 49280 57344 67072 68608 98816 106496 135169 137216 139265 198656 204800
1 7 13 8201 8216 16432 16480 16576 24592 33152 33536 49280 57344 67072 68608 98816 135169 137216 139265 172032 198656 229376
1 7 13 8201 8216 16432 16480 16576 24592 33152 33536 49280 57344 67072 98816 99328 134144 135169 137216 139265 164864 172032
1 7 13 8201 8216 16432 16480 16576 24592 33152 33536 49280 57344 67072 98816 106496 134144 135169 137216 139265 197632 204800
1 7 13 8201 8216 16432 16480 16576 24592 33152 33536 49280 57344 67072 98816 134144 135169 137216 139265 172032 197632 229376
1 7 13 8201 8216 16432 16480 16576 24592 33152 33536 49280 67072 68608 90112 98816 114688 135169 137216 139265 198656 204800
1 7 13 8201 8216 16432 16480 16576 24592 33152 33536 49280 67072 68608 98816 114688 135169 137216 139265 155648 198656 212992
1 7 13 8201 8216 16432 16480 16576 24592 33152 33536 49280 67072 68608 98816 135169 137216 139265 155648 180224 198656 229376
1 7 13 8201 8216 16432 16480 16576 24592 33152 33536 49280 67072 90112 98816 114688 134144 135169 137216 139265 197632 204800
1 7 13 8201 8216 16432 16480 16576 24592 33152 33536 49280 67072 98816 99328 134144 135169 137216 139265 155648 164864 180224
1 7 13 8201 8216 16432 16480 16576 24592 33152 33536 49280 67072 98816 114688 134144 135169 137216 139265 155648 197632 212992
1 7 13 8201 8216 16432 16480 16576 24592 33152 33536 49280 67072 98816 134144 135169 137216 139265 155648 180224 197632 229376
1 7 13 8201 8216 16432 16480 16576 24592 33152 34304 49280 57344 66304 98560 98816 134144 135169 137216 139265 164864 172032
1 7 13 8201 8216 16432 16480 16576 24592 33152 34304 49280 66304 98560 98816 134144 135169 137216 139265 155648 164864 180224
1 7 13 8201 8216 16432 16480 16576 24592 33152 49280 57344 66304 67072 98560 99328 134144 135169 137216 139265 164864 172032
1 7 13 8201 8216 16432 16480 16576 24592 33152 49280 57344 66304 67072 98560 106496 134144 135169 137216 139265 197632 204800
1 7 13 8201 8216 16432 16480 16576 24592 33152 49280 57344 66304 67072 98560 134144 135169 137216 139265 172032 197632 229376
1 7 13 8201 8216 16432 16480 16576 24592 33152 49280 66304 67072 90112 98560 114688 134144 135169 137216 139265 197632 204800
1 7 13 8201 8216 16432 16480 16576 24592 33152 49280 66304 67072 98560 99328 134144 135169 137216 139265 155648 164864 180224
1 7 13 8201 8216 16432 16480 16576 24592 33152 49280 66304 67072 98560 114688 134144 135169 137216 139265 155648 197632 212992
1 7 13 8201 8216 16432 16480 16576 24592 33152 49280 66304 67072 98560 134144 135169 137216 139265 155648 180224 197632 229376
1 7 13 8201 8216 16432 16480 16576 24592 33536 34304 49280 57344 65920 98432 98560 134144 135169 137216 139265 164864 172032
1 7 13 8201 8216 16432 16480 16576 24592 33536 34304 49280 65920 98432 98560 134144 135169 137216 139265 155648 164864 180224
1 7 13 8201 8216 16432 16480 16576 24592 34304 49280 57344 65920 66304 98432 98816 134144 135169 137216 139265 164864 172032
1 7 13 8201 8216 16432 16480 16576 24592 34304 49280 65920 66304 98432 98816 134144 135169 137216 139265 155648 164864 180224
1 7 13 8201 8216 16432 16480 16576 24592 49280 57344 65920 66304 67072 98432 99328 134144 135169 137216 139265 164864 172032
1 7 13 8201 8216 16432 16480 16576 24592 49280 57344 65920 66304 67072 98432 106496 134144 135169 137216 139265 197632 204800
1 7 13 8201 8216 16432 16480 16576 24592 49280 57344 65920 66304 67072 98432 134144 135169 137216 139265 172032 197632 229376
1 7 13 8201 8216 16432 16480 16576 24592 49280 65920 66304 67072 90112 98432 114688 134144 135169 137216 139265 197632 204800
1 7 13 8201 8216 16432 16480 16576 24592 49280 65920 66304 67072 98432 99328 134144 135169 137216 139265 155648 164864 180224
1 7 13 8201 8216 16432 16480 16576 24592 49280 65920 66304 67072 98432 114688 134144 135169 137216 139265 155648 197632 212992
1 7 13 8201 8216 16432 16480 16576 24592 49280 65920 66304 67072 98432 134144 135169 137216 139265 155648 180224 197632 229376
1 7 13 8201 8216 16432 16480 24592 32960 33152 33536 49216 57344 67072 68608 69633 71680 73729 106496 164352 197120 229376
1 7 13 8201 8216 16432 16480 24592 32960 33152 33536 49216 57344 67072 68608 69633 71680 98816 106496 139265 196609 204800
1 7 13 8201 8216 16432 16480 24592 32960 33152 33536 49216 57344 67072 68608 69633 73729 98816 106496 137216 198656 200704
1 7 13 8201 8216 16432 16480 24592 32960 33152 33536 49216 57344 67072 68608 71680 73729 98816 106496 135169 196609 200704
1 7 13 8201 8216 16432 16480 24592 32960 33152 33536 49216 57344 67072 68608 71680 98816 106496 135169 139265 200704 204800
1 7 13 8201 8216 16432 16480 24592 32960 33152 33536 49216 57344 67072 68608 73729 98816 106496 135169 137216 196609 198656
1 7 13 8201 8216 16432 16480 24592 32960 33152 33536 49216 57344 67072 68608 98816 106496 135169 137216 139265 198656 204800
1 7 13 8201 8216 16432 16480 24592 32960 33152 33536 49216 57344 67072 69633 71680 73729 98816 106496 134144 197632 198656
1 7 13 8201 8216 16432 16480 24592 32960 33152 33536 49216 57344 67072 69633 73729 98816 106496 134144 137216 197632 200704
1 7 13 8201 8216 16432 16480 24592 32960 33152 33536 49216 57344 67072 73729 98816 106496 134144 135169 137216 196609 197632
1 7 13 8201 8216 16432 16480 24592 32960 33152 33536 49216 57344 67072 98816 106496 134144 135169 137216 139265 197632 204800
1 7 13 8201 8216 16432 16480 24592 32960 33152 33536 49216 57344 68608 69633 71680 73729 98816 106496 132608 197120 197632
1 7 13 8201 8216 16432 16480 24592 32960 33152 33536 49216 57344 68608 69633 71680 73729 106496 132608 164352 197632 229376
1 7 13 8201 8216 16432 16480 24592 32960 33152 33536 49216 57344 69633 71680 73729 98816 106496 132608 134144 197120 198656
1 7 13 8201 8216 16432 16480 24592 32960 33152 33536 49216 57344 69633 71680 73729 106496 132608 134144 164352 198656 229376
1 7 13 8201 8216 16432 16480 24592 32960 33152 33536 49216 57344 69633 73729 98816 106496 132608 134144 137216 197120 200704
1 7 13 8201 8216 16432 16480 24592 32960 33152 33536 49216 57344 69633 73729 106496 132608 134144 137216 164352 200704 229376
1 7 13 8201 8216 16432 16480 24592 32960 33152 33536 49216 57344 73729 98816 106496 132608 134144 135169 137216 196609 197120
1 7 13 8201 8216 16432 16480 24592 32960 33152 33536 49216 57344 73729 106496 132608 134144 135169 137216 164352 196609 229376
1 7 13 8201 8216 16432 16480 24592 32960 33152 33536 49216 57344 98816 106496 132608 134144 135169 137216 139265 197120 204800
1 7 13 8201 8216 16432 16480 24592 32960 33152 33536 49216 57344 106496 132608 134144 135169 137216 139265 164352 204800 229376
1 7 13 8201 8216 16432 16480 24592 32960 33152 33536 49216 67072 68608 69633 71680 73729 90112 114688 164352 197120 229376
1 7 13 8201 8216 16432 16480 24592 32960 33152 33536 49216 67072 68608 69633 71680 73729 98816 114688 155648 204800 212992
1 7 13 8201 8216 16432 16480 24592 32960 33152 33536 49216 67072 68608 69633 71680 90112 98816 114688 139265 196609 204800
1 7 13 8201 8216 16432 16480 24592 32960 33152 33536 49216 67072 68608 69633 71680 98816 114688 139265 155648 196609 212992
1 7 13 8201 8216 16432 16480 24592 32960 33152 33536 49216 67072 68608 69633 73729 90112 98816 114688 137216 198656 200704
1 7 13 8201 8216 16432 16480 24592 32960 33152 33536 49216 67072 68608 71680 73729 90112 98816 114688 135169 196609 200704
1 7 13 8201 8216 16432 16480 24592 32960 33152 33536 49216 67072 68608 71680 90112 98816 114688 135169 139265 200704 204800
1 7 13 8201 8216 16432 16480 24592 32960 33152 33536 49216 67072 68608 71680 98816 114688 135169 139265 155648 200704 212992
1 7 13 8201 8216 16432 16480 24592 32960 33152 33536 49216 67072 68608 73729 90112 98816 114688 135169 137216 196609 198656
1 7 13 8201 8216 16432 16480 24592 32960 33152 33536 49216 67072 68608 90112 98816 114688 135169 137216 139265 198656 204800
1 7 13 8201 8216 16432 16480 24592 32960 33152 33536 49216 67072 68608 98816 114688 135169 137216 139265 155648 198656 212992
1 7 13 8201 8216 16432 16480 24592 32960 33152 33536 49216 67072 69633 71680 73729 90112 98816 114688 134144 197632 198656
1 7 13 8201 8216 16432 16480 24592 32960 33152 33536 49216 67072 69633 73729 90112 98816 114688 134144 137216 197632 200704
1 7 13 8201 8216 16432 16480 24592 32960 33152 33536 49216 67072 73729 90112 98816 114688 134144 135169 137216 196609 197632
1 7 13 8201 8216 16432 16480 24592 32960 33152 33536 49216 67072 90112 98816 114688 134144 135169 137216 139265 197632 204800
1 7 13 8201 8216 16432 16480 24592 32960 33152 33536 49216 67072 98816 114688 134144 135169 137216 139265 155648 197632 212992
1 7 13 8201 8216 16432 16480 24592 32960 33152 33536 49216 68608 69633 71680 73729 90112 98816 114688 132608 197120 197632
1 7 13 8201 8216 16432 16480 24592 32960 33152 33536 49216 68608 69633 71680 73729 90112 114688 132608 164352 197632 229376
1 7 13 8201 8216 16432 16480 24592 32960 33152 33536 49216 69633 71680 73729 90112 98816 114688 132608 134144 197120 198656
1 7 13 8201 8216 16432 16480 24592 32960 33152 33536 49216 69633 71680 73729 90112 114688 132608 134144 164352 198656 229376
1 7 13 8201 8216 16432 16480 24592 32960 33152 33536 49216 69633 73729 90112 98816 114688 132608 134144 137216 197120 200704
1 7 13 8201 8216 16432 16480 24592 32960 33152 33536 49216 69633 73729 90112 114688 132608 134144 137216 164352 200704 229376
1 7 13 8201 8216 16432 16480 24592 32960 33152 33536 49216 73729 90112 98816 114688 132608 134144 135169 137216 196609 197120
1 7 13 8201 8216 16432 16480 24592 32960 33152 33536 49216 73729 90112 114688 132608 134144 135169 137216 164352 196609 229376
1 7 13 8201 8216 16432 16480 24592 32960 33152 33536 49216 90112 98816 114688 132608 134144 135169 137216 139265 197120 204800
1 7 13 8201 8216 16432 16480 24592 32960 33152 33536 49216 90112 106496 114688 132608 134144 135169 137216 139265 164352 172032
1 7 13 8201 8216 16432 16480 24592 32960 33152 33536 49216 90112 114688 132608 134144 135169 137216 139265 164352 204800 229376
1 7 13 8201 8216 16432 16480 24592 32960 33152 33536 49216 98816 114688 132608 134144 135169 137216 139265 155648 197120 212992
1 7 13 8201 8216 16432 16480 24592 32960 33152 33536 49216 114688 132608 134144 135169 137216 139265 155648 164352 212992 229376
1 7 13 8201 8216 16432 16480 24592 32960 33152 49216 57344 66304 67072 68608 98560 106496 135169 137216 139265 198656 204800
1 7 13 8201 8216 16432 16480 24592 32960 33152 49216 57344 66304 67072 98560 106496 134144 135169 137216 139265 197632 204800
1 7 13 8201 8216 16432 16480 24592 32960 33152 49216 57344 66304 98560 106496 132608 134144 135169 137216 139265 197120 204800
1 7 13 8201 8216 16432 16480 24592 32960 33152 49216 57344 67072 68608 69633 71680 73729 98816 106496 131840 164096 164352
1 7 13 8201 8216 16432 16480 24592 32960 33152 49216 57344 67072 68608 69633 71680 73729 106496 131840 164096 197120 229376
1 7 13 8201 8216 16432 16480 24592 32960 33152 49216 57344 68608 69633 71680 73729 106496 131840 132608 164096 197632 229376
1 7 13 8201 8216 16432 16480 24592 32960 33152 49216 57344 69633 71680 73729 106496 131840 132608 134144 164096 198656 229376
1 7 13 8201 8216 16432 16480 24592 32960 33152 49216 66304 67072 68608 90112 98560 114688 135169 137216 139265 198656 204800
1 7 13 8201 8216 16432 16480 24592 32960 33152 49216 66304 67072 68608 98560 114688 135169 137216 139265 155648 198656 212992
1 7 13 8201 8216 16432 16480 24592 32960 33152 49216 66304 67072 90112 98560 114688 134144 135169 137216 139265 197632 204800
1 7 13 8201 8216 16432 16480 24592 32960 33152 49216 66304 67072 98560 114688 134144 135169 137216 139265 155648 197632 212992
1 7 13 8201 8216 16432 16480 24592 32960 33152 49216 66304 90112 98560 114688 132608 134144 135169 137216 139265 197120 204800
1 7 13 8201 8216 16432 16480 24592 32960 33152 49216 66304 98560 114688 132608 134144 135169 137216 139265 155648 197120 212992
1 7 13 8201 8216 16432 16480 24592 32960 33152 49216 67072 68608 69633 71680 73729 90112 98816 114688 131840 164096 164352
1 7 13 8201 8216 16432 16480 24592 32960 33152 49216 67072 68608 69633 71680 73729 90112 114688 131840 164096 197120 229376
1 7 13 8201 8216 16432 16480 24592 32960 33152 49216 68608 69633 71680 73729 90112 114688 131840 132608 164096 197632 229376
1 7 13 8201 8216 16432 16480 24592 32960 33152 49216 69633 71680 73729 90112 114688 131840 132608 134144 164096 198656 229376
1 7 13 8201 8216 16432 16480 24592 32960 33536 49216 57344 67072 68608 69633 71680 73729 98816 106496 131456 163968 164096
1 7 13 8201 8216 16432 16480 24592 32960 33536 49216 67072 68608 69633 71680 73729 90112 98816 114688 131456 163968 164096
1 7 13 8201 8216 16432 16480 24592 32960 49216 49280 65920 66304 67072 82048 90112 134144 135169 137216 139265 197632 204800
1 7 13 8201 8216 16432 16480 24592 32960 49216 49280 65920 66304 67072 82048 134144 135169 137216 139265 155648 197632 212992
1 7 13 8201 8216 16432 16480 24592 32960 49216 57344 65920 66304 67072 98432 106496 134144 135169 137216 139265 197632 204800
1 7 13 8201 8216 16432 16480 24592 32960 49216 57344 65920 66304 98432 106496 132608 134144 135169 137216 139265 197120 204800
1 7 13 8201 8216 16432 16480 24592 32960 49216 57344 67072 68608 69633 71680 73729 98816 106496 131456 131840 163968 164352
1 7 13 8201 8216 16432 16480 24592 32960 49216 57344 67072 68608 69633 71680 73729 106496 131456 131840 163968 197120 229376
1 7 13 8201 8216 16432 16480 24592 32960 49216 57344 68608 69633 71680 73729 106496 131456 131840 132608 163968 197632 229376
1 7 13 8201 8216 16432 16480 24592 32960 49216 65920 66304 67072 90112 98432 114688 134144 135169 137216 139265 197632 204800
1 7 13 8201 8216 16432 16480 24592 32960 49216 65920 66304 67072 98432 114688 134144 135169 137216 139265 155648 197632 212992
1 7 13 8201 8216 16432 16480 24592 32960 49216 65920 66304 90112 98432 114688 132608 134144 135169 137216 139265 197120 204800
1 7 13 8201 8216 16432 16480 24592 32960 49216 65920 66304 98432 114688 132608 134144 135169 137216 139265 155648 197120 212992
1 7 13 8201 8216 16432 16480 24592 32960 49216 67072 68608 69633 71680 73729 90112 98816 114688 131456 131840 163968 164352
1 7 13 8201 8216 16432 16480 24592 32960 49216 67072 68608 69633 71680 73729 90112 114688 131456 131840 163968 197120 229376
1 7 13 8201 8216 16432 16480 24592 32960 49216 68608 69633 71680 73729 90112 114688 131456 131840 132608 163968 197632 229376
1 7 13 8201 8216 16432 16480 24592 33152 33536 49216 57344 67072 68608 69633 71680 73729 98816 106496 131264 163904 163968
1 7 13 8201 8216 16432 16480 24592 33152 33536 49216 67072 68608 69633 71680 73729 90112 98816 114688 131264 163904 163968
1 7 13 8201 8216 16432 16480 24592 33536 49216 57344 67072 68608 69633 71680 73729 98816 106496 131264 131456 163904 164096
1 7 13 8201 8216 16432 16480 24592 33536 49216 67072 68608 69633 71680 73729 90112 98816 114688 131264 131456 163904 164096
1 7 13 8201 8216 16432 16480 24592 49216 57344 65728 65920 66304 98368 106496 132608 134144 135169 137216 139265 197120 204800
1 7 13 8201 8216 16432 16480 24592 49216 57344 67072 68608 69633 71680 73729 98816 106496 131264 131456 131840 163904 164352
1 7 13 8201 8216 16432 16480 24592 49216 57344 67072 68608 69633 71680 73729 106496 131264 131456 131840 163904 197120 229376
1 7 13 8201 8216 16432 16480 24592 49216 65728 65920 66304 90112 98368 114688 132608 134144 135169 137216 139265 197120 204800
1 7 13 8201 8216 16432 16480 24592 49216 65728 65920 66304 98368 114688 132608 134144 135169 137216 139265 155648 197120 212992
1 7 13 8201 8216 16432 16480 24592 49216 67072 68608 69633 71680 73729 90112 98816 114688 131264 131456 131840 163904 164352
1 7 13 8201 8216 16432 16480 24592 49216 67072 68608 69633 71680 73729 90112 114688 131264 131456 131840 163904 197120 229376
1 7 13 8201 8216 16432 16576 24592 32864 49184 49216 65920 66304 67072 82048 90112 134144 135169 137216 139265 197632 204800
1 7 13 8201 8216 16432 16576 24592 32864 49184 49216 65920 66304 67072 82048 134144 135169 137216 139265 155648 197632 212992
1 7 13 8201 8216 16432 24592 32864 32960 33152 49184 57344 66304 67072 68608 98560 106496 135169 137216 139265 198656 204800
1 7 13 8201 8216 16432 24592 32864 32960 33152 49184 57344 66304 67072 68608 98560 135169 137216 139265 172032 198656 229376
1 7 13 8201 8216 16432 24592 32864 32960 33152 49184 57344 66304 67072 98560 106496 134144 135169 137216 139265 197632 204800
1 7 13 8201 8216 16432 24592 32864 32960 33152 49184 57344 66304 67072 98560 134144 135169 137216 139265 172032 197632 229376
1 7 13 8201 8216 16432 24592 32864 32960 33152 49184 66304 67072 68608 90112 98560 114688 135169 137216 139265 198656 204800
1 7 13 8201 8216 16432 24592 32864 32960 33152 49184 66304 67072 68608 98560 114688 135169 137216 139265 155648 198656 212992
1 7 13 8201 8216 16432 24592 32864 32960 33152 49184 66304 67072 68608 98560 135169 137216 139265 155648 180224 198656 229376
1 7 13 8201 8216 16432 24592 32864 32960 33152 49184 66304 67072 90112 98560 114688 134144 135169 137216 139265 197632 204800
1 7 13 8201 8216 16432 24592 32864 32960 33152 49184 66304 67072 98560 114688 134144 135169 137216 139265 155648 197632 212992
1 7 13 8201 8216 16432 24592 32864 32960 33152 49184 66304 67072 98560 134144 135169 137216 139265 155648 180224 197632 229376
1 7 13 8201 8216 16432 24592 32864 32960 49184 49280 65920 66304 67072 82048 90112 134144 135169 137216 139265 197632 204800
1 7 13 8201 8216 16432 24592 32864 32960 49184 49280 65920 66304 67072 82048 134144 135169 137216 139265 155648 197632 212992
1 7 13 8201 8216 16432 24592 32864 32960 49184 57344 65920 66304 67072 98432 106496 134144 135169 137216 139265 197632 204800
1 7 13 8201 8216 16432 24592 32864 32960 49184 57344 65920 66304 67072 98432 134144 135169 137216 139265 172032 197632 229376
1 7 13 8201 8216 16432 24592 32864 32960 49184 57344 65920 66304 98432 106496 132608 134144 135169 137216 139265 197120 204800
1 7 13 8201 8216 16432 24592 32864 32960 49184 57344 65920 66304 98432 132608 134144 135169 137216 139265 172032 197120 229376
1 7 13 8201 8216 16432 24592 32864 32960 49184 65920 66304 67072 90112 98432 114688 134144 135169 137216 139265 197632 204800
1 7 13 8201 8216 16432 24592 32864 32960 49184 65920 66304 67072 98432 114688 134144 135169 137216 139265 155648 197632 212992
1 7 13 8201 8216 16432 24592 32864 32960 49184 65920 66304 67072 98432 134144 135169 137216 139265 155648 180224 197632 229376
1 7 13 8201 8216 16432 24592 32864 32960 49184 65920 66304 90112 98432 114688 132608 134144 135169 137216 139265 197120 204800
1 7 13 8201 8216 16432 24592 32864 32960 49184 65920 66304 98432 114688 132608 134144 135169 137216 139265 155648 197120 212992
1 7 13 8201 8216 16432 24592 32864 32960 49184 65920 66304 98432 132608 134144 135169 137216 139265 155648 180224 197120 229376
1 7 13 8201 8216 16432 24592 32864 49184 49216 65728 65920 66304 81984 90112 132608 134144 135169 137216 139265 197120 204800
1 7 13 8201 8216 16432 24592 32864 49184 49216 65728 65920 66304 81984 132608 134144 135169 137216 139265 155648 197120 212992
1 7 13 8201 8216 16432 24592 32864 49184 57344 65728 65920 66304 98368 106496 132608 134144 135169 137216 139265 197120 204800
1 7 13 8201 8216 16432 24592 32864 49184 57344 65728 65920 66304 98368 132608 134144 135169 137216 139265 172032 197120 229376
1 7 13 8201 8216 16432 24592 32864 49184 65728 65920 66304 90112 98368 114688 132608 134144 135169 137216 139265 197120 204800
1 7 13 8201 8216 16432 24592 32864 49184 65728 65920 66304 98368 114688 132608 134144 135169 137216 139265 155648 197120 212992
1 7 13 8201 8216 16432 24592 32864 49184 65728 65920 66304 98368 132608 134144 135169 137216 139265 155648 180224 197120 229376
1 7 13 8201 8216 16480 16576 24592 32816 49168 49184 65920 66304 67072 82048 90112 134144 135169 137216 139265 197632 204800
1 7 13 8201 8216 16480 16576 24592 32816 49168 49184 65920 66304 67072 82048 134144 135169 137216 139265 155648 197632 212992
1 7 13 8201 8216 16480 24592 32816 49168 49184 65728 65920 66304 81984 90112 132608 134144 135169 137216 139265 197120 204800
1 7 13 8201 8216 16480 24592 32816 49168 49184 65728 65920 66304 81984 132608 134144 135169 137216 139265 155648 197120 212992
1 7 13 8201 8216 16576 24592 32816 32864 49168 49216 65920 66304 67072 82048 90112 134144 135169 137216 139265 197632 204800
1 7 13 8201 8216 16576 24592 32816 32864 49168 49216 65920 66304 67072 82048 134144 135169 137216 139265 155648 197632 212992
1 7 13 8201 8216 24577 24592 32816 32864 32960 49168 65920 66304 67072 98432 114688 134144 135169 137216 147457 197632 212992
1 7 13 8201 8216 24577 24592 32816 32864 32960 49168 68608 69633 71680 81921 114688 131456 131840 132608 163968 197632 229376
1 7 13 8201 8216 24577 24592 32816 32864 49168 65728 65920 66304 98368 114688 132608 134144 135169 137216 147457 197120 212992
1 7 13 8201 8216 24577 24592 32816 32864 49168 67072 68608 69633 71680 81921 114688 131264 131456 131840 163904 197120 229376
1 7 13 8201 8216 24592 32816 32864 32960 49168 49280 65920 66304 67072 82048 90112 134144 135169 137216 139265 197632 204800
1 7 13 8201 8216 24592 32816 32864 32960 49168 49280 65920 66304 67072 82048 134144 135169 137216 139265 155648 197632 212992
1 7 13 8201 8216 24592 32816 32864 32960 49168 57344 65920 66304 67072 98432 106496 134144 135169 137216 139265 197632 204800
1 7 13 8201 8216 24592 32816 32864 32960 49168 57344 68608 69633 71680 73729 106496 131456 131840 132608 163968 197632 229376
1 7 13 8201 8216 24592 32816 32864 32960 49168 65920 66304 67072 90112 98432 114688 134144 135169 137216 139265 197632 204800
1 7 13 8201 8216 24592 32816 32864 32960 49168 65920 66304 67072 98432 114688 134144 135169 137216 139265 155648 197632 212992
1 7 13 8201 8216 24592 32816 32864 32960 49168 68608 69633 71680 73729 90112 114688 131456 131840 132608 163968 197632 229376
1 7 13 8201 8216 24592 32816 32864 49168 49216 65728 65920 66304 81984 90112 132608 134144 135169 137216 139265 197120 204800
1 7 13 8201 8216 24592 32816 32864 49168 49216 65728 65920 66304 81984 132608 134144 135169 137216 139265 155648 197120 212992
1 7 13 8201 8216 24592 32816 32864 49168 57344 65728 65920 66304 98368 106496 132608 134144 135169 137216 139265 197120 204800
1 7 13 8201 8216 24592 32816 32864 49168 57344 67072 68608 69633 71680 73729 106496 131264 131456 131840 163904 197120 229376
1 7 13 8201 8216 24592 32816 32864 49168 65728 65920 66304 90112 98368 114688 132608 134144 135169 137216 139265 197120 204800
1 7 13 8201 8216 24592 32816 32864 49168 65728 65920 66304 98368 114688 132608 134144 135169 137216 139265 155648 197120 212992
1 7 13 8201 8216 24592 32816 32864 49168 67072 68608 69633 71680 73729 90112 114688 131264 131456 131840 163904 197120 229376
1 7 13 8201 12289 16408 16432 16480 16576 24584 33152 33536 34304 49280 57344 68608 71680 77824 99328 172032 204800 229376
1 7 13 8201 12289 16408 16432 16480 16576 24584 33152 33536 34304 49280 57344 68608 71680 99328 106496 143360 200704 204800
1 7 13 8201 12289 16408 16432 16480 16576 24584 33152 33536 34304 49280 57344 68608 71680 99328 143360 172032 200704 229376
1 7 13 8201 12289 16408 16432 16480 16576 24584 33152 33536 34304 49280 57344 68608 77824 99328 106496 137216 198656 200704
1 7 13 8201 12289 16408 16432 16480 16576 24584 33152 33536 34304 49280 57344 68608 99328 106496 137216 143360 198656 204800
1 7 13 8201 12289 16408 16432 16480 16576 24584 33152 33536 34304 49280 57344 68608 99328 137216 143360 172032 198656 229376
1 7 13 8201 12289 16408 16432 16480 16576 24584 33152 33536 34304 49280 57344 71680 77824 99328 106496 134144 197632 198656
1 7 13 8201 12289 16408 16432 16480 16576 24584 33152 33536 34304 49280 57344 77824 99328 106496 134144 137216 197632 200704
1 7 13 8201 12289 16408 16432 16480 16576 24584 33152 33536 34304 49280 57344 99328 106496 134144 137216 143360 197632 204800
1 7 13 8201 12289 16408 16432 16480 16576 24584 33152 33536 34304 49280 57344 99328 134144 137216 143360 172032 197632 229376
1 7 13 8201 12289 16408 16432 16480 16576 24584 33152 33536 34304 57344 82048 98432 114688 134144 137216 143360 164864 172032
1 7 13 8201 12289 16408 16432 16480 16576 24584 33152 33536 49280 57344 67072 68608 98816 106496 137216 143360 198656 204800
1 7 13 8201 12289 16408 16432 16480 16576 24584 33152 33536 49280 57344 67072 68608 98816 137216 143360 172032 198656 229376
1 7 13 8201 12289 16408 16432 16480 16576 24584 33152 33536 49280 57344 67072 98816 99328 134144 137216 143360 164864 172032
1 7 13 8201 12289 16408 16432 16480 16576 24584 33152 33536 49280 57344 67072 98816 106496 134144 137216 143360 197632 204800
1 7 13 8201 12289 16408 16432 16480 16576 24584 33152 33536 49280 57344 67072 98816 134144 137216 143360 172032 197632 229376
1 7 13 8201 12289 16408 16432 16480 16576 24584 33152 34304 49280 57344 66304 98560 98816 134144 137216 143360 164864 172032
1 7 13 8201 12289 16408 16432 16480 16576 24584 33152 49280 57344 66304 67072 98560 99328 134144 137216 143360 164864 172032
1 7 13 8201 12289 16408 16432 16480 16576 24584 33152 49280 57344 66304 67072 98560 106496 134144 137216 143360 197632 204800
1 7 13 8201 12289 16408 16432 16480 16576 24584 33152 49280 57344 66304 67072 98560 134144 137216 143360 172032 197632 229376
1 7 13 8201 12289 16408 16432 16480 16576 24584 33536 34304 49280 57344 65920 98432 98560 134144 137216 143360 164864 172032
1 7 13 8201 12289 16408 16432 16480 16576 24584 33536 34304 57344 65920 82048 98560 114688 134144 137216 143360 164864 172032
1 7 13 8201 12289 16408 16432 16480 16576 24584 34304 35840 57344 65920 66304 82048 98816 114688 137216 143360 165888 172032
1 7 13 8201 12289 16408 16432 16480 16576 24584 34304 49280 57344 65920 66304 98432 98816 134144 137216 143360 164864 172032
1 7 13 8201 12289 16408 16432 16480 16576 24584 34304 57344 65920 66304 82048 98816 114688 134144 137216 143360 164864 172032
1 7 13 8201 12289 16408 16432 16480 16576 24584 35840 38912 45056 57344 65920 66304 67072 82048 114688 164864 197632 229376
1 7 13 8201 12289 16408 16432 16480 16576 24584 35840 38912 45056 57344 65920 66304 67072 99328 114688 147584 196736 212992
1 7 13 8201 12289 16408 16432 16480 16576 24584 35840 38912 45056 57344 65920 66304 82048 99328 114688 132608 197120 197632
1 7 13 8201 12289 16408 16432 16480 16576 24584 35840 38912 45056 57344 65920 66304 82048 114688 132608 164864 197120 229376
1 7 13 8201 12289 16408 16432 16480 16576 24584 35840 38912 45056 57344 65920 67072 82048 99328 114688 131840 196864 197120
1 7 13 8201 12289 16408 16432 16480 16576 24584 35840 38912 45056 57344 65920 82048 99328 114688 131840 132608 196864 197632
1 7 13 8201 12289 16408 16432 16480 16576 24584 35840 38912 45056 57344 65920 82048 114688 131840 132608 164864 196864 229376
1 7 13 8201 12289 16408 16432 16480 16576 24584 35840 38912 45056 57344 66304 67072 82048 99328 114688 131456 196736 196864
1 7 13 8201 12289 16408 16432 16480 16576 24584 35840 38912 45056 57344 66304 67072 99328 114688 131456 147584 196864 212992
1 7 13 8201 12289 16408 16432 16480 16576 24584 35840 38912 45056 57344 67072 82048 99328 114688 131456 131840 196736 197120
1 7 13 8201 12289 16408 16432 16480 16576 24584 35840 38912 45056 57344 67072 99328 114688 131456 131840 147584 197120 212992
1 7 13 8201 12289 16408 16432 16480 16576 24584 35840 38912 45056 57344 82048 99328 114688 131456 131840 132608 196736 197632
1 7 13 8201 12289 16408 16432 16480 16576 24584 35840 38912 45056 57344 82048 114688 131456 131840 132608 164864 196736 229376
1 7 13 8201 12289 16408 16432 16480 16576 24584 35840 38912 45056 57344 99328 114688 131456 131840 132608 147584 197632 212992
1 7 13 8201 12289 16408 16432 16480 16576 24584 35840 38912 45056 57344 114688 131456 131840 132608 147584 164864 212992 229376
1 7 13 8201 12289 16408 16432 16480 16576 24584 35840 38912 57344 65920 66304 67072 82048 99328 114688 143360 167936 172032
1 7 13 8201 12289 16408 16432 16480 16576 24584 35840 45056 57344 65920 66304 67072 82048 99328 114688 137216 165888 167936
1 7 13 8201 12289 16408 16432 16480 16576 24584 35840 57344 65920 66304 67072 82048 99328 114688 137216 143360 165888 172032
1 7 13 8201 12289 16408 16432 16480 16576 24584 38912 45056 57344 65920 66304 67072 82048 99328 114688 134144 164864 165888
1 7 13 8201 12289 16408 16432 16480 16576 24584 38912 45056 57344 65920 66304 67072 82048 114688 134144 165888 197632 229376
1 7 13 8201 12289 16408 16432 16480 16576 24584 38912 45056 57344 65920 66304 82048 114688 132608 134144 165888 197120 229376
1 7 13 8201 12289 16408 16432 16480 16576 24584 38912 45056 57344 67072 68608 100352 114688 131456 131840 147584 197120 212992
1 7 13 8201 12289 16408 16432 16480 16576 24584 38912 45056 57344 68608 100352 114688 131456 131840 132608 147584 197632 212992
1 7 13 8201 12289 16408 16432 16480 16576 24584 45056 57344 65920 66304 67072 82048 99328 114688 134144 137216 164864 167936
1 7 13 8201 12289 16408 16432 16480 16576 24584 45056 57344 65920 66304 67072 82048 114688 134144 137216 167936 197632 229376
1 7 13 8201 12289 16408 16432 16480 16576 24584 45056 57344 68608 71680 102400 114688 131456 131840 132608 147584 197632 212992
1 7 13 8201 12289 16408 16432 16480 16576 24584 49280 57344 65920 66304 67072 98432 99328 134144 137216 143360 164864 172032
1 7 13 8201 12289 16408 16432 16480 16576 24584 49280 57344 65920 66304 67072 98432 106496 134144 137216 143360 197632 204800
1 7 13 8201 12289 16408 16432 16480 16576 24584 49280 57344 65920 66304 67072 98432 134144 137216 143360 172032 197632 229376
1 7 13 8201 12289 16408 16432 16480 16576 24584 57344 65920 66304 67072 82048 99328 114688 134144 137216 143360 164864 172032
1 7 13 8201 12289 16408 16432 16480 16576 24584 57344 65920 66304 67072 82048 106496 114688 134144 137216 143360 197632 204800
1 7 13 8201 12289 16408 16432 16480 16576 24584 57344 65920 66304 67072 82048 114688 134144 137216 143360 172032 197632 229376
1 7 13 8201 12289 16408 16432 16480 16576 24584 57344 68608 71680 77824 106496 114688 131456 131840 132608 147584 197632 212992
1 7 13 8201 12289 16408 16432 16480 24584 32960 33152 33536 49216 57344 67072 68608 71680 77824 98816 172032 204800 229376
1 7 13 8201 12289 16408 16432 16480 24584 32960 33152 33536 49216 57344 67072 68608 71680 98816 106496 143360 200704 204800
1 7 13 8201 12289 16408 16432 16480 24584 32960 33152 33536 49216 57344 67072 68608 71680 98816 143360 172032 200704 229376
1 7 13 8201 12289 16408 16432 16480 24584 32960 33152 33536 49216 57344 67072 68608 77824 98816 106496 137216 198656 200704
1 7 13 8201 12289 16408 16432 16480 24584 32960 33152 33536 49216 57344 67072 68608 98816 106496 137216 143360 198656 204800
1 7 13 8201 12289 16408 16432 16480 24584 32960 33152 33536 49216 57344 67072 68608 98816 137216 143360 172032 198656 229376
1 7 13 8201 12289 16408 16432 16480 24584 32960 33152 33536 49216 57344 67072 71680 77824 98816 106496 134144 197632 198656
1 7 13 8201 12289 16408 16432 16480 24584 32960 33152 33536 49216 57344 67072 77824 98816 106496 134144 137216 197632 200704
1 7 13 8201 12289 16408 16432 16480 24584 32960 33152 33536 49216 57344 67072 98816 106496 134144 137216 143360 197632 204800
1 7 13 8201 12289 16408 16432 16480 24584 32960 33152 33536 49216 57344 67072 98816 134144 137216 143360 172032 197632 229376
1 7 13 8201 12289 16408 16432 16480 24584 32960 33152 33536 49216 57344 68608 71680 77824 98816 106496 132608 197120 197632
1 7 13 8201 12289 16408 16432 16480 24584 32960 33152 33536 49216 57344 71680 77824 98816 106496 132608 134144 197120 198656
1 7 13 8201 12289 16408 16432 16480 24584 32960 33152 33536 49216 57344 77824 98816 106496 132608 134144 137216 197120 200704
1 7 13 8201 12289 16408 16432 16480 24584 32960 33152 33536 49216 57344 98816 106496 132608 134144 137216 143360 197120 204800
1 7 13 8201 12289 16408 16432 16480 24584 32960 33152 33536 49216 57344 98816 132608 134144 137216 143360 172032 197120 229376
1 7 13 8201 12289 16408 16432 16480 24584 32960 33152 33536 57344 81984 98368 114688 132608 134144 137216 143360 164352 172032
1 7 13 8201 12289 16408 16432 16480 24584 32960 33152 49216 57344 66304 67072 68608 98560 106496 137216 143360 198656 204800
1 7 13 8201 12289 16408 16432 16480 24584 32960 33152 49216 57344 66304 67072 68608 98560 137216 143360 172032 198656 229376
1 7 13 8201 12289 16408 16432 16480 24584 32960 33152 49216 57344 66304 67072 98560 106496 134144 137216 143360 197632 204800
1 7 13 8201 12289 16408 16432 16480 24584 32960 33152 49216 57344 66304 67072 98560 134144 137216 143360 172032 197632 229376
1 7 13 8201 12289 16408 16432 16480 24584 32960 33152 49216 57344 66304 98560 98816 132608 134144 137216 143360 164352 172032
1 7 13 8201 12289 16408 16432 16480 24584 32960 33152 49216 57344 66304 98560 106496 132608 134144 137216 143360 197120 204800
1 7 13 8201 12289 16408 16432 16480 24584 32960 33152 49216 57344 66304 98560 132608 134144 137216 143360 172032 197120 229376
1 7 13 8201 12289 16408 16432 16480 24584 32960 33536 49216 57344 65920 98432 98560 132608 134144 137216 143360 164352 172032
1 7 13 8201 12289 16408 16432 16480 24584 32960 49216 57344 65920 66304 67072 98432 106496 134144 137216 143360 197632 204800
1 7 13 8201 12289 16408 16432 16480 24584 32960 49216 57344 65920 66304 67072 98432 134144 137216 143360 172032 197632 229376
1 7 13 8201 12289 16408 16432 16480 24584 32960 49216 57344 65920 66304 98432 98816 132608 134144 137216 143360 164352 172032
1 7 13 8201 12289 16408 16432 16480 24584 32960 49216 57344 65920 66304 98432 106496 132608 134144 137216 143360 197120 204800
1 7 13 8201 12289 16408 16432 16480 24584 32960 49216 57344 65920 66304 98432 132608 134144 137216 143360 172032 197120 229376
1 7 13 8201 12289 16408 16432 16480 24584 33152 33536 34304 49280 57344 68608 71680 77824 99328 106496 131264 147520 147584
1 7 13 8201 12289 16408 16432 16480 24584 33152 33536 34304 57344 65728 81984 98432 114688 134144 137216 143360 164864 172032
1 7 13 8201 12289 16408 16432 16480 24584 33152 33536 49216 57344 65728 98368 98432 132608 134144 137216 143360 164352 172032
1 7 13 8201 12289 16408 16432 16480 24584 33152 33536 57344 65728 81984 98432 114688 132608 134144 137216 143360 164352 172032
1 7 13 8201 12289 16408 16432 16480 24584 33536 34304 35840 57344 65728 65920 81984 98560 114688 137216 143360 165888 172032
1 7 13 8201 12289 16408 16432 16480 24584 33536 34304 57344 65728 65920 81984 98560 114688 134144 137216 143360 164864 172032
1 7 13 8201 12289 16408 16432 16480 24584 33536 49216 57344 65728 65920 98368 98560 132608 134144 137216 143360 164352 172032
1 7 13 8201 12289 16408 16432 16480 24584 33536 57344 65728 65920 81984 98560 114688 132608 134144 137216 143360 164352 172032
1 7 13 8201 12289 16408 16432 16480 24584 34304 35840 38912 45056 57344 65728 65920 66304 81984 114688 164352 197120 229376
1 7 13 8201 12289 16408 16432 16480 24584 34304 35840 38912 45056 57344 65728 65920 66304 98816 114688 147520 196672 212992
1 7 13 8201 12289 16408 16432 16480 24584 34304 35840 38912 45056 57344 65728 65920 81984 98816 114688 131840 196864 197120
1 7 13 8201 12289 16408 16432 16480 24584 34304 35840 38912 45056 57344 65728 65920 81984 114688 131840 164352 196864 229376
1 7 13 8201 12289 16408 16432 16480 24584 34304 35840 38912 45056 57344 65728 66304 81984 98816 114688 131456 196736 196864
1 7 13 8201 12289 16408 16432 16480 24584 34304 35840 38912 45056 57344 65728 81984 98816 114688 131456 131840 196736 197120
1 7 13 8201 12289 16408 16432 16480 24584 34304 35840 38912 45056 57344 65728 81984 114688 131456 131840 164352 196736 229376
1 7 13 8201 12289 16408 16432 16480 24584 34304 35840 38912 45056 57344 65920 66304 81984 98816 114688 131264 196672 196736
1 7 13 8201 12289 16408 16432 16480 24584 34304 35840 38912 45056 57344 65920 66304 98816 114688 131264 147520 196736 212992
1 7 13 8201 12289 16408 16432 16480 24584 34304 35840 38912 45056 57344 66304 81984 98816 114688 131264 131456 196672 196864
1 7 13 8201 12289 16408 16432 16480 24584 34304 35840 38912 45056 57344 66304 98816 114688 131264 131456 147520 196864 212992
1 7 13 8201 12289 16408 16432 16480 24584 34304 35840 38912 45056 57344 81984 98816 114688 131264 131456 131840 196672 197120
1 7 13 8201 12289 16408 16432 16480 24584 34304 35840 38912 45056 57344 81984 114688 131264 131456 131840 164352 196672 229376
1 7 13 8201 12289 16408 16432 16480 24584 34304 35840 38912 45056 57344 98816 114688 131264 131456 131840 147520 197120 212992
1 7 13 8201 12289 16408 16432 16480 24584 34304 35840 38912 45056 57344 114688 131264 131456 131840 147520 164352 212992 229376
1 7 13 8201 12289 16408 16432 16480 24584 34304 35840 38912 57344 65728 65920 66304 81984 98816 114688 143360 167936 172032
1 7 13 8201 12289 16408 16432 16480 24584 34304 35840 45056 57344 65728 65920 66304 81984 98816 114688 137216 165888 167936
1 7 13 8201 12289 16408 16432 16480 24584 34304 35840 57344 65728 65920 66304 81984 98816 114688 137216 143360 165888 172032
1 7 13 8201 12289 16408 16432 16480 24584 34304 38912 45056 57344 65728 65920 66304 81984 98816 114688 134144 164864 165888
1 7 13 8201 12289 16408 16432 16480 24584 34304 45056 57344 65728 65920 66304 81984 98816 114688 134144 137216 164864 167936
1 7 13 8201 12289 16408 16432 16480 24584 34304 57344 65728 65920 66304 81984 98816 114688 134144 137216 143360 164864 172032
1 7 13 8201 12289 16408 16432 16480 24584 35840 38912 45056 57344 65728 65920 66304 81984 98816 114688 132608 164352 164864
1 7 13 8201 12289 16408 16432 16480 24584 35840 38912 45056 57344 65728 65920 66304 81984 114688 132608 164864 197120 229376
1 7 13 8201 12289 16408 16432 16480 24584 35840 38912 45056 57344 65728 65920 81984 114688 131840 132608 164864 196864 229376
1 7 13 8201 12289 16408 16432 16480 24584 35840 38912 45056 57344 65728 81984 114688 131456 131840 132608 164864 196736 229376
1 7 13 8201 12289 16408 16432 16480 24584 35840 38912 45056 57344 65920 66304 67072 82048 99328 114688 131264 147520 147584
1 7 13 8201 12289 16408 16432 16480 24584 35840 38912 45056 57344 65920 66304 67072 99328 114688 131264 147520 196736 212992
1 7 13 8201 12289 16408 16432 16480 24584 35840 38912 45056 57344 66304 67072 99328 114688 131264 131456 147520 196864 212992
1 7 13 8201 12289 16408 16432 16480 24584 35840 38912 45056 57344 67072 99328 114688 131264 131456 131840 147520 197120 212992
1 7 13 8201 12289 16408 16432 16480 24584 38912 45056 57344 65728 65920 66304 81984 98816 114688 132608 134144 164352 165888
1 7 13 8201 12289 16408 16432 16480 24584 38912 45056 57344 65728 65920 66304 81984 114688 132608 134144 165888 197120 229376
1 7 13 8201 12289 16408 16432 16480 24584 38912 45056 57344 65728 65920 81984 114688 131840 132608 134144 165888 196864 229376
1 7 13 8201 12289 16408 16432 16480 24584 38912 45056 57344 66304 67072 68608 100352 114688 131264 131456 147520 196864 212992
1 7 13 8201 12289 16408 16432 16480 24584 38912 45056 57344 67072 68608 100352 114688 131264 131456 131840 147520 197120 212992
1 7 13 8201 12289 16408 16432 16480 24584 45056 57344 65728 65920 66304 81984 98816 114688 132608 134144 137216 164352 167936
1 7 13 8201 12289 16408 16432 16480 24584 45056 57344 65728 65920 66304 81984 114688 132608 134144 137216 167936 197120 229376
1 7 13 8201 12289 16408 16432 16480 24584 45056 57344 67072 68608 71680 102400 114688 131264 131456 131840 147520 197120 212992
1 7 13 8201 12289 16408 16432 16480 24584 49216 57344 65728 65920 66304 98368 98816 132608 134144 137216 143360 164352 172032
1 7 13 8201 12289 16408 16432 16480 24584 49216 57344 65728 65920 66304 98368 106496 132608 134144 137216 143360 197120 204800
1 7 13 8201 12289 16408 16432 16480 24584 49216 57344 65728 65920 66304 98368 132608 134144 137216 143360 172032 197120 229376
1 7 13 8201 12289 16408 16432 16480 24584 57344 65728 65920 66304 81984 98816 114688 132608 134144 137216 143360 164352 172032
1 7 13 8201 12289 16408 16432 16480 24584 57344 65728 65920 66304 81984 106496 114688 132608 134144 137216 143360 197120 204800
1 7 13 8201 12289 16408 16432 16480 24584 57344 65728 65920 66304 81984 114688 132608 134144 137216 143360 172032 197120 229376
1 7 13 8201 12289 16408 16432 16480 24584 57344 67072 68608 71680 77824 106496 114688 131264 131456 131840 147520 197120 212992
1 7 13 8201 12289 16408 16432 16576 24584 33152 33536 34304 49280 57344 68608 71680 77824 99328 106496 131168 147488 147520
1 7 13 8201 12289 16408 16432 16576 24584 35840 38912 45056 57344 65920 66304 67072 82048 99328 114688 131168 147488 147520
1 7 13 8201 12289 16408 16432 24584 32864 32960 33152 49184 57344 66304 67072 68608 98560 106496 137216 143360 198656 204800
1 7 13 8201 12289 16408 16432 24584 32864 32960 33152 49184 57344 66304 67072 68608 98560 137216 143360 172032 198656 229376
1 7 13 8201 12289 16408 16432 24584 32864 32960 33152 49184 57344 66304 67072 98560 106496 134144 137216 143360 197632 204800
1 7 13 8201 12289 16408 16432 24584 32864 32960 33152 49184 57344 66304 67072 98560 134144 137216 143360 172032 197632 229376
1 7 13 8201 12289 16408 16432 24584 32864 32960 49184 57344 65920 66304 67072 98432 106496 134144 137216 143360 197632 204800
1 7 13 8201 12289 16408 16432 24584 32864 32960 49184 57344 65920 66304 67072 98432 134144 137216 143360 172032 197632 229376
1 7 13 8201 12289 16408 16432 24584 32864 32960 49184 57344 65920 66304 98432 106496 132608 134144 137216 143360 197120 204800
1 7 13 8201 12289 16408 16432 24584 32864 32960 49184 57344 65920 66304 98432 132608 134144 137216 143360 172032 197120 229376
1 7 13 8201 12289 16408 16432 24584 32864 49184 57344 65728 65920 66304 98368 106496 132608 134144 137216 143360 197120 204800
1 7 13 8201 12289 16408 16432 24584 32864 49184 57344 65728 65920 66304 98368 132608 134144 137216 143360 172032 197120 229376
1 7 13 8201 12289 16408 16432 24584 32960 33152 33536 49216 57344 67072 68608 71680 77824 98816 106496 131168 147488 147520
1 7 13 8201 12289 16408 16432 24584 32960 33152 33536 57344 65632 81952 98368 114688 132608 134144 137216 143360 164352 172032
1 7 13 8201 12289 16408 16432 24584 33152 33536 34304 49280 57344 68608 71680 77824 99328 106496 131168 131264 147488 147584
1 7 13 8201 12289 16408 16432 24584 33152 33536 34304 57344 65632 65728 81952 98432 114688 134144 137216 143360 164864 172032
1 7 13 8201 12289 16408 16432 24584 33152 33536 57344 65632 65728 81952 98432 114688 132608 134144 137216 143360 164352 172032
1 7 13 8201 12289 16408 16432 24584 33536 34304 35840 57344 65632 65728 65920 81952 98560 114688 137216 143360 165888 172032
1 7 13 8201 12289 16408 16432 24584 33536 34304 57344 65632 65728 65920 81952 98560 114688 134144 137216 143360 164864 172032
1 7 13 8201 12289 16408 16432 24584 34304 35840 38912 45056 57344 65632 65728 81952 114688 131456 131840 164352 196736 229376
1 7 13 8201 12289 16408 16432 24584 34304 35840 38912 45056 57344 65632 81952 114688 131264 131456 131840 164352 196672 229376
1 7 13 8201 12289 16408 16432 24584 34304 35840 38912 45056 57344 65728 65920 66304 81984 98816 114688 131168 147488 147520
1 7 13 8201 12289 16408 16432 24584 34304 35840 38912 45056 57344 65728 65920 66304 98816 114688 131168 147488 196672 212992
1 7 13 8201 12289 16408 16432 24584 34304 35840 38912 45056 57344 65920 66304 98816 114688 131168 131264 147488 196736 212992
1 7 13 8201 12289 16408 16432 24584 35840 38912 45056 57344 65632 65728 65920 81952 114688 131840 132608 164864 196864 229376
1 7 13 8201 12289 16408 16432 24584 35840 38912 45056 57344 65632 65728 81952 114688 131456 131840 132608 164864 196736 229376
1 7 13 8201 12289 16408 16432 24584 35840 38912 45056 57344 65920 66304 67072 82048 99328 114688 131168 131264 147488 147584
1 7 13 8201 12289 16408 16432 24584 35840 38912 45056 57344 65920 66304 67072 99328 114688 131168 131264 147488 196736 212992
1 7 13 8201 12289 16408 16432 24584 35840 38912 45056 57344 66304 67072 99328 114688 131168 131264 131456 147488 196864 212992
1 7 13 8201 12289 16408 16432 24584 38912 45056 57344 65632 65728 65920 81952 114688 131840 132608 134144 165888 196864 229376
1 7 13 8201 12289 16408 16432 24584 38912 45056 57344 66304 67072 68608 100352 114688 131168 131264 131456 147488 196864 212992
1 7 13 8201 12289 16408 16480 16576 24584 33152 33536 34304 49280 57344 68608 71680 77824 99328 106496 131120 147472 147488
1 7 13 8201 12289 16408 16480 16576 24584 35840 38912 45056 57344 65920 66304 67072 82048 99328 114688 131120 147472 147488
1 7 13 8201 12289 16408 16480 24584 32960 33152 33536 49216 57344 67072 68608 71680 77824 98816 106496 131120 147472 147488
1 7 13 8201 12289 16408 16480 24584 34304 35840 38912 45056 57344 65728 65920 66304 81984 98816 114688 131120 147472 147488
1 7 13 8201 12289 16408 16576 24584 33152 33536 34304 49280 57344 68608 71680 77824 99328 106496 131120 131168 147472 147520
1 7 13 8201 12289 16408 16576 24584 35840 38912 45056 57344 65920 66304 67072 82048 99328 114688 131120 131168 147472 147520
1 7 13 8201 12289 16408 24584 32816 32864 32960 49168 57344 65920 66304 67072 98432 106496 134144 137216 143360 197632 204800
1 7 13 8201 12289 16408 24584 32816 32864 32960 49168 57344 65920 66304 67072 98432 134144 137216 143360 172032 197632 229376
1 7 13 8201 12289 16408 24584 32816 32864 49168 57344 65728 65920 66304 98368 106496 132608 134144 137216 143360 197120 204800
1 7 13 8201 12289 16408 24584 32816 32864 49168 57344 65728 65920 66304 98368 132608 134144 137216 143360 172032 197120 229376
1 7 13 8201 12289 16408 24584 32960 33152 33536 49216 57344 67072 68608 71680 77824 98816 106496 131120 131168 147472 147520
1 7 13 8201 12289 16408 24584 32960 33152 33536 57344 65584 65632 81936 98368 114688 132608 134144 137216 143360 164352 172032
1 7 13 8201 12289 16408 24584 33152 33536 34304 49280 57344 68608 71680 77824 99328 106496 131120 131168 131264 147472 147584
1 7 13 8201 12289 16408 24584 33152 33536 34304 57344 65584 65632 65728 81936 98432 114688 134144 137216 143360 164864 172032
1 7 13 8201 12289 16408 24584 34304 35840 38912 45056 57344 65584 65632 81936 114688 131264 131456 131840 164352 196672 229376
1 7 13 8201 12289 16408 24584 34304 35840 38912 45056 57344 65728 65920 66304 81984 98816 114688 131120 131168 147472 147520
1 7 13 8201 12289 16408 24584 34304 35840 38912 45056 57344 65728 65920 66304 98816 114688 131120 131168 147472 196672 212992
1 7 13 8201 12289 16408 24584 35840 38912 45056 57344 65584 65632 65728 81936 114688 131456 131840 132608 164864 196736 229376
1 7 13 8201 12289 16408 24584 35840 38912 45056 57344 65920 66304 67072 82048 99328 114688 131120 131168 131264 147472 147584
1 7 13 8201 12289 16408 24584 35840 38912 45056 57344 65920 66304 67072 99328 114688 131120 131168 131264 147472 196736 212992
1 7 13 8201 12289 16432 16480 16576 24584 33152 33536 34304 49280 57344 68608 71680 77824 99328 106496 131096 147464 147472
1 7 13 8201 12289 16432 16480 16576 24584 35840 38912 45056 57344 65920 66304 67072 82048 99328 114688 131096 147464 147472
1 7 13 8201 12289 16432 16480 24584 32960 33152 33536 49216 57344 67072 68608 71680 77824 98816 106496 131096 147464 147472
1 7 13 8201 12289 16432 16480 24584 34304 35840 38912 45056 57344 65728 65920 66304 81984 98816 114688 131096 147464 147472
1 7 13 8201 12289 16480 16576 24584 33152 33536 34304 49280 57344 68608 71680 77824 99328 106496 131096 131120 147464 147488
1 7 13 8201 12289 16480 16576 24584 35840 38912 45056 57344 65920 66304 67072 82048 99328 114688 131096 131120 147464 147488
1 7 13 8201 12289 16480 24584 32960 33152 33536 49216 57344 67072 68608 71680 77824 98816 106496 131096 131120 147464 147488
1 7 13 8201 12289 16480 24584 34304 35840 38912 45056 57344 65728 65920 66304 81984 98816 114688 131096 131120 147464 147488
1 7 13 8201 12289 16576 24584 33152 33536 34304 49280 57344 68608 71680 77824 99328 106496 131096 131120 131168 147464 147520
1 7 13 8201 12289 16576 24584 35840 38912 45056 57344 65920 66304 67072 82048 99328 114688 131096 131120 131168 147464 147520
1 7 13 8201 12289 24584 28672 34304 35840 38912 53248 65728 65920 66304 98816 114688 131096 131120 131168 147464 196672 212992
1 7 13 8201 12289 24584 28672 34304 35840 38912 53248 65728 65920 66304 98816 131096 131120 131168 147464 180224 196672 229376
1 7 13 8201 12289 24584 28672 35840 38912 53248 65920 66304 67072 99328 114688 131096 131120 131168 131264 147464 196736 212992
1 7 13 8201 12289 24584 28672 35840 38912 53248 65920 66304 67072 99328 131096 131120 131168 131264 147464 180224 196736 229376
1 7 13 8201 12289 24584 32792 32816 32864 32960 49160 57344 65920 66304 67072 98432 106496 134144 137216 143360 197632 204800
1 7 13 8201 12289 24584 32792 32816 32864 32960 49160 57344 65920 66304 67072 98432 134144 137216 143360 172032 197632 229376
1 7 13 8201 12289 24584 32792 32816 32864 49160 57344 65728 65920 66304 98368 106496 132608 134144 137216 143360 197120 204800
1 7 13 8201 12289 24584 32792 32816 32864 49160 57344 65728 65920 66304 98368 132608 134144 137216 143360 172032 197120 229376
1 7 13 8201 12289 24584 32960 33152 33536 49216 57344 67072 68608 71680 77824 98816 106496 131096 131120 131168 147464 147520
1 7 13 8201 12289 24584 32960 33152 33536 57344 65560 65584 65632 81928 98368 114688 132608 134144 137216 143360 164352 172032
1 7 13 8201 12289 24584 33152 33536 34304 49280 57344 68608 71680 77824 99328 106496 131096 131120 131168 131264 147464 147584
1 7 13 8201 12289 24584 33152 33536 34304 57344 65560 65584 65632 65728 81928 98432 114688 134144 137216 143360 164864 172032
1 7 13 8201 12289 24584 34304 35840 38912 45056 57344 65560 65584 65632 81928 114688 131264 131456 131840 164352 196672 229376
1 7 13 8201 12289 24584 34304 35840 38912 45056 57344 65728 65920 66304 81984 98816 114688 131096 131120 131168 147464 147520
1 7 13 8201 12289 24584 34304 35840 38912 45056 57344 65728 65920 66304 98816 114688 131096 131120 131168 147464 196672 212992
1 7 13 8201 12289 24584 35840 38912 45056 57344 65560 65584 65632 65728 81928 114688 131456 131840 132608 164864 196736 229376
1 7 13 8201 12289 24584 35840 38912 45056 57344 65920 66304 67072 82048 99328 114688 131096 131120 131168 131264 147464 147584
1 7 13 8201 12289 24584 35840 38912 45056 57344 65920 66304 67072 99328 114688 131096 131120 131168 131264 147464 196736 212992
1 7 13 8201 16408 16432 16480 16576 24584 33152 33536 34304 49280 57344 68608 69633 71680 73729 99328 172032 204800 229376
1 7 13 8201 16408 16432 16480 16576 24584 33152 33536 34304 49280 57344 68608 69633 71680 99328 106496 139265 196609 204800
1 7 13 8201 16408 16432 16480 16576 24584 33152 33536 34304 49280 57344 68608 69633 71680 99328 139265 172032 196609 229376
1 7 13 8201 16408 16432 16480 16576 24584 33152 33536 34304 49280 57344 68608 69633 73729 99328 106496 137216 198656 200704
1 7 13 8201 16408 16432 16480 16576 24584 33152 33536 34304 49280 57344 68608 71680 73729 99328 106496 135169 196609 200704
1 7 13 8201 16408 16432 16480 16576 24584 33152 33536 34304 49280 57344 68608 71680 77824 99328 106496 135169 139265 143360
1 7 13 8201 16408 16432 16480 16576 24584 33152 33536 34304 49280 57344 68608 71680 99328 106496 135169 139265 200704 204800
1 7 13 8201 16408 16432 16480 16576 24584 33152 33536 34304 49280 57344 68608 71680 99328 135169 139265 172032 200704 229376
1 7 13 8201 16408 16432 16480 16576 24584 33152 33536 34304 49280 57344 68608 73729 99328 106496 135169 137216 196609 198656
1 7 13 8201 16408 16432 16480 16576 24584 33152 33536 34304 49280 57344 68608 99328 106496 135169 137216 139265 198656 204800
1 7 13 8201 16408 16432 16480 16576 24584 33152 33536 34304 49280 57344 68608 99328 135169 137216 139265 172032 198656 229376
1 7 13 8201 16408 16432 16480 16576 24584 33152 33536 34304 49280 57344 69633 71680 73729 99328 106496 134144 197632 198656
1 7 13 8201 16408 16432 16480 16576 24584 33152 33536 34304 49280 57344 69633 73729 99328 106496 134144 137216 197632 200704
1 7 13 8201 16408 16432 16480 16576 24584 33152 33536 34304 49280 57344 73729 99328 106496 134144 135169 137216 196609 197632
1 7 13 8201 16408 16432 16480 16576 24584 33152 33536 34304 49280 57344 99328 106496 134144 135169 137216 139265 197632 204800
1 7 13 8201 16408 16432 16480 16576 24584 33152 33536 34304 49280 57344 99328 134144 135169 137216 139265 172032 197632 229376
1 7 13 8201 16408 16432 16480 16576 24584 33152 33536 34304 57344 82048 98432 114688 134144 135169 137216 139265 164864 172032
1 7 13 8201 16408 16432 16480 16576 24584 33152 33536 49280 57344 67072 68608 98816 106496 135169 137216 139265 198656 204800
1 7 13 8201 16408 16432 16480 16576 24584 33152 33536 49280 57344 67072 68608 98816 135169 137216 139265 172032 198656 229376
1 7 13 8201 16408 16432 16480 16576 24584 33152 33536 49280 57344 67072 98816 99328 134144 135169 137216 139265 164864 172032
1 7 13 8201 16408 16432 16480 16576 24584 33152 33536 49280 57344 67072 98816 106496 134144 135169 137216 139265 197632 204800
1 7 13 8201 16408 16432 16480 16576 24584 33152 33536 49280 57344 67072 98816 134144 135169 137216 139265 172032 197632 229376
1 7 13 8201 16408 16432 16480 16576 24584 33152 34304 49280 57344 66304 98560 98816 134144 135169 137216 139265 164864 172032
1 7 13 8201 16408 16432 16480 16576 24584 33152 49280 57344 66304 67072 98560 99328 134144 135169 137216 139265 164864 172032
1 7 13 8201 16408 16432 16480 16576 24584 33152 49280 57344 66304 67072 98560 106496 134144 135169 137216 139265 197632 204800
1 7 13 8201 16408 16432 16480 16576 24584 33152 49280 57344 66304 67072 98560 134144 135169 137216 139265 172032 197632 229376
1 7 13 8201 16408 16432 16480 16576 24584 33536 34304 49280 57344 65920 98432 98560 134144 135169 137216 139265 164864 172032
1 7 13 8201 16408 16432 16480 16576 24584 33536 34304 57344 65920 82048 98560 114688 134144 135169 137216 139265 164864 172032
1 7 13 8201 16408 16432 16480 16576 24584 34304 35840 57344 65920 66304 82048 98816 114688 135169 137216 139265 165888 172032
1 7 13 8201 16408 16432 16480 16576 24584 34304 49280 57344 65920 66304 98432 98816 134144 135169 137216 139265 164864 172032
1 7 13 8201 16408 16432 16480 16576 24584 34304 57344 65920 66304 82048 98816 114688 134144 135169 137216 139265 164864 172032
1 7 13 8201 16408 16432 16480 16576 24584 35840 36865 38912 40961 57344 65920 66304 67072 82048 114688 164864 197632 229376
1 7 13 8201 16408 16432 16480 16576 24584 35840 36865 38912 40961 57344 65920 66304 67072 99328 114688 147584 196736 212992
1 7 13 8201 16408 16432 16480 16576 24584 35840 36865 38912 40961 57344 65920 66304 82048 99328 114688 132608 197120 197632
1 7 13 8201 16408 16432 16480 16576 24584 35840 36865 38912 40961 57344 65920 66304 82048 114688 132608 164864 197120 229376
1 7 13 8201 16408 16432 16480 16576 24584 35840 36865 38912 40961 57344 65920 67072 82048 99328 114688 131840 196864 197120
1 7 13 8201 16408 16432 16480 16576 24584 35840 36865 38912 40961 57344 65920 82048 99328 114688 131840 132608 196864 197632
1 7 13 8201 16408 16432 16480 16576 24584 35840 36865 38912 40961 57344 65920 82048 114688 131840 132608 164864 196864 229376
1 7 13 8201 16408 16432 16480 16576 24584 35840 36865 38912 40961 57344 66304 67072 82048 99328 114688 131456 196736 196864
1 7 13 8201 16408 16432 16480 16576 24584 35840 36865 38912 40961 57344 66304 67072 99328 114688 131456 147584 196864 212992
1 7 13 8201 16408 16432 16480 16576 24584 35840 36865 38912 40961 57344 67072 82048 99328 114688 131456 131840 196736 197120
1 7 13 8201 16408 16432 16480 16576 24584 35840 36865 38912 40961 57344 67072 99328 114688 131456 131840 147584 197120 212992
1 7 13 8201 16408 16432 16480 16576 24584 35840 36865 38912 40961 57344 82048 99328 114688 131456 131840 132608 196736 197632
1 7 13 8201 16408 16432 16480 16576 24584 35840 36865 38912 40961 57344 82048 114688 131456 131840 132608 164864 196736 229376
1 7 13 8201 16408 16432 16480 16576 24584 35840 36865 38912 40961 57344 99328 114688 131456 131840 132608 147584 197632 212992
1 7 13 8201 16408 16432 16480 16576 24584 35840 36865 38912 40961 57344 114688 131456 131840 132608 147584 164864 212992 229376
1 7 13 8201 16408 16432 16480 16576 24584 35840 36865 38912 57344 65920 66304 67072 82048 99328 114688 139265 163841 172032
1 7 13 8201 16408 16432 16480 16576 24584 35840 36865 40961 57344 65920 66304 67072 82048 99328 114688 137216 165888 167936
1 7 13 8201 16408 16432 16480 16576 24584 35840 38912 40961 57344 65920 66304 67072 82048 99328 114688 135169 163841 167936
1 7 13 8201 16408 16432 16480 16576 24584 35840 38912 45056 57344 65920 66304 67072 82048 99328 114688 135169 139265 143360
1 7 13 8201 16408 16432 16480 16576 24584 35840 38912 57344 65920 66304 67072 82048 99328 114688 135169 139265 167936 172032
1 7 13 8201 16408 16432 16480 16576 24584 35840 40961 57344 65920 66304 67072 82048 99328 114688 135169 137216 163841 165888
1 7 13 8201 16408 16432 16480 16576 24584 35840 57344 65920 66304 67072 82048 99328 114688 135169 137216 139265 165888 172032
1 7 13 8201 16408 16432 16480 16576 24584 36865 38912 40961 57344 65920 66304 67072 82048 99328 114688 134144 164864 165888
1 7 13 8201 16408 16432 16480 16576 24584 36865 38912 40961 57344 65920 66304 67072 82048 114688 134144 165888 197632 229376
1 7 13 8201 16408 16432 16480 16576 24584 36865 38912 40961 57344 65920 66304 82048 114688 132608 134144 165888 197120 229376
1 7 13 8201 16408 16432 16480 16576 24584 36865 38912 40961 57344 67072 68608 100352 114688 131456 131840 147584 197120 212992
1 7 13 8201 16408 16432 16480 16576 24584 36865 38912 40961 57344 68608 100352 114688 131456 131840 132608 147584 197632 212992
1 7 13 8201 16408 16432 16480 16576 24584 36865 40961 57344 65920 66304 67072 82048 99328 114688 134144 137216 164864 167936
1 7 13 8201 16408 16432 16480 16576 24584 36865 40961 57344 65920 66304 67072 82048 114688 134144 137216 167936 197632 229376
1 7 13 8201 16408 16432 16480 16576 24584 36865 40961 57344 68608 71680 102400 114688 131456 131840 132608 147584 197632 212992
1 7 13 8201 16408 16432 16480 16576 24584 40961 57344 65920 66304 67072 82048 99328 114688 134144 135169 137216 163841 164864
1 7 13 8201 16408 16432 16480 16576 24584 40961 57344 65920 66304 67072 82048 114688 134144 135169 137216 163841 197632 229376
1 7 13 8201 16408 16432 16480 16576 24584 40961 57344 68608 69633 71680 98305 114688 131456 131840 132608 147584 197632 212992
1 7 13 8201 16408 16432 16480 16576 24584 49280 57344 65920 66304 67072 98432 99328 134144 135169 137216 139265 164864 172032
1 7 13 8201 16408 16432 16480 16576 24584 49280 57344 65920 66304 67072 98432 106496 134144 135169 137216 139265 197632 204800
1 7 13 8201 16408 16432 16480 16576 24584 49280 57344 65920 66304 67072 98432 134144 135169 137216 139265 172032 197632 229376
1 7 13 8201 16408 16432 16480 16576 24584 57344 65920 66304 67072 82048 99328 114688 134144 135169 137216 139265 164864 172032
1 7 13 8201 16408 16432 16480 16576 24584 57344 65920 66304 67072 82048 106496 114688 134144 135169 137216 139265 197632 204800
1 7 13 8201 16408 16432 16480 16576 24584 57344 65920 66304 67072 82048 114688 134144 135169 137216 139265 172032 197632 229376
1 7 13 8201 16408 16432 16480 16576 24584 57344 68608 69633 71680 73729 106496 114688 131456 131840 132608 147584 197632 212992
1 7 13 8201 16408 16432 16480 24584 32960 33152 33536 49216 57344 67072 68608 69633 71680 73729 98816 172032 204800 229376
1 7 13 8201 16408 16432 16480 24584 32960 33152 33536 49216 57344 67072 68608 69633 71680 98816 106496 139265 196609 204800
1 7 13 8201 16408 16432 16480 24584 32960 33152 33536 49216 57344 67072 68608 69633 71680 98816 139265 172032 196609 229376
1 7 13 8201 16408 16432 16480 24584 32960 33152 33536 49216 57344 67072 68608 69633 73729 98816 106496 137216 198656 200704
1 7 13 8201 16408 16432 16480 24584 32960 33152 33536 49216 57344 67072 68608 71680 73729 98816 106496 135169 196609 200704
1 7 13 8201 16408 16432 16480 24584 32960 33152 33536 49216 57344 67072 68608 71680 77824 98816 106496 135169 139265 143360
1 7 13 8201 16408 16432 16480 24584 32960 33152 33536 49216 57344 67072 68608 71680 98816 106496 135169 139265 200704 204800
1 7 13 8201 16408 16432 16480 24584 32960 33152 33536 49216 57344 67072 68608 71680 98816 135169 139265 172032 200704 229376
1 7 13 8201 16408 16432 16480 24584 32960 33152 33536 49216 57344 67072 68608 73729 98816 106496 135169 137216 196609 198656
1 7 13 8201 16408 16432 16480 24584 32960 33152 33536 49216 57344 67072 68608 98816 106496 135169 137216 139265 198656 204800
1 7 13 8201 16408 16432 16480 24584 32960 33152 33536 49216 57344 67072 68608 98816 135169 137216 139265 172032 198656 229376
1 7 13 8201 16408 16432 16480 24584 32960 33152 33536 49216 57344 67072 69633 71680 73729 98816 106496 134144 197632 198656
1 7 13 8201 16408 16432 16480 24584 32960 33152 33536 49216 57344 67072 69633 73729 98816 106496 134144 137216 197632 200704
1 7 13 8201 16408 16432 16480 24584 32960 33152 33536 49216 57344 67072 73729 98816 106496 134144 135169 137216 196609 197632
1 7 13 8201 16408 16432 16480 24584 32960 33152 33536 49216 57344 67072 98816 106496 134144 135169 137216 139265 197632 204800
1 7 13 8201 16408 16432 16480 24584 32960 33152 33536 49216 57344 67072 98816 134144 135169 137216 139265 172032 197632 229376
1 7 13 8201 16408 16432 16480 24584 32960 33152 33536 49216 57344 68608 69633 71680 73729 98816 106496 132608 197120 197632
1 7 13 8201 16408 16432 16480 24584 32960 33152 33536 49216 57344 69633 71680 73729 98816 106496 132608 134144 197120 198656
1 7 13 8201 16408 16432 16480 24584 32960 33152 33536 49216 57344 69633 73729 98816 106496 132608 134144 137216 197120 200704
1 7 13 8201 16408 16432 16480 24584 32960 33152 33536 49216 57344 73729 98816 106496 132608 134144 135169 137216 196609 197120
1 7 13 8201 16408 16432 16480 24584 32960 33152 33536 49216 57344 98816 106496 132608 134144 135169 137216 139265 197120 204800
1 7 13 8201 16408 16432 16480 24584 32960 33152 33536 49216 57344 98816 132608 134144 135169 137216 139265 172032 197120 229376
1 7 13 8201 16408 16432 16480 24584 32960 33152 33536 57344 81984 98368 114688 132608 134144 135169 137216 139265 164352 172032
1 7 13 8201 16408 16432 16480 24584 32960 33152 49216 57344 66304 67072 68608 98560 106496 135169 137216 139265 198656 204800
1 7 13 8201 16408 16432 16480 24584 32960 33152 49216 57344 66304 67072 68608 98560 135169 137216 139265 172032 198656 229376
1 7 13 8201 16408 16432 16480 24584 32960 33152 49216 57344 66304 67072 98560 106496 134144 135169 137216 139265 197632 204800
1 7 13 8201 16408 16432 16480 24584 32960 33152 49216 57344 66304 67072 98560 134144 135169 137216 139265 172032 197632 229376
1 7 13 8201 16408 16432 16480 24584 32960 33152 49216 57344 66304 98560 98816 132608 134144 135169 137216 139265 164352 172032
1 7 13 8201 16408 16432 16480 24584 32960 33152 49216 57344 66304 98560 106496 132608 134144 135169 137216 139265 197120 204800
1 7 13 8201 16408 16432 16480 24584 32960 33152 49216 57344 66304 98560 132608 134144 135169 137216 139265 172032 197120 229376
1 7 13 8201 16408 16432 16480 24584 32960 33536 49216 57344 65920 98432 98560 132608 134144 135169 137216 139265 164352 172032
1 7 13 8201 16408 16432 16480 24584 32960 49216 57344 65920 66304 67072 98432 106496 134144 135169 137216 139265 197632 204800
1 7 13 8201 16408 16432 16480 24584 32960 49216 57344 65920 66304 67072 98432 134144 135169 137216 139265 172032 197632 229376
1 7 13 8201 16408 16432 16480 24584 32960 49216 57344 65920 66304 98432 98816 132608 134144 135169 137216 139265 164352 172032
1 7 13 8201 16408 16432 16480 24584 32960 49216 57344 65920 66304 98432 106496 132608 134144 135169 137216 139265 197120 204800
1 7 13 8201 16408 16432 16480 24584 32960 49216 57344 65920 66304 98432 132608 134144 135169 137216 139265 172032 197120 229376
1 7 13 8201 16408 16432 16480 24584 33152 33536 34304 49280 57344 68608 69633 71680 73729 99328 106496 131264 147520 147584
1 7 13 8201 16408 16432 16480 24584 33152 33536 34304 57344 65728 81984 98432 114688 134144 135169 137216 139265 164864 172032
1 7 13 8201 16408 16432 16480 24584 33152 33536 49216 57344 65728 98368 98432 132608 134144 135169 137216 139265 164352 172032
1 7 13 8201 16408 16432 16480 24584 33152 33536 57344 65728 81984 98432 114688 132608 134144 135169 137216 139265 164352 172032
1 7 13 8201 16408 16432 16480 24584 33536 34304 35840 57344 65728 65920 81984 98560 114688 135169 137216 139265 165888 172032
1 7 13 8201 16408 16432 16480 24584 33536 34304 57344 65728 65920 81984 98560 114688 134144 135169 137216 139265 164864 172032
1 7 13 8201 16408 16432 16480 24584 33536 49216 57344 65728 65920 98368 98560 132608 134144 135169 137216 139265 164352 172032
1 7 13 8201 16408 16432 16480 24584 33536 57344 65728 65920 81984 98560 114688 132608 134144 135169 137216 139265 164352 172032
1 7 13 8201 16408 16432 16480 24584 34304 35840 36865 38912 40961 57344 65728 65920 66304 81984 114688 164352 197120 229376
1 7 13 8201 16408 16432 16480 24584 34304 35840 36865 38912 40961 57344 65728 65920 66304 98816 114688 147520 196672 212992
1 7 13 8201 16408 16432 16480 24584 34304 35840 36865 38912 40961 57344 65728 65920 81984 98816 114688 131840 196864 197120
1 7 13 8201 16408 16432 16480 24584 34304 35840 36865 38912 40961 57344 65728 65920 81984 114688 131840 164352 196864 229376
1 7 13 8201 16408 16432 16480 24584 34304 35840 36865 38912 40961 57344 65728 66304 81984 98816 114688 131456 196736 196864
1 7 13 8201 16408 16432 16480 24584 34304 35840 36865 38912 40961 57344 65728 81984 98816 114688 131456 131840 196736 197120
1 7 13 8201 16408 16432 16480 24584 34304 35840 36865 38912 40961 57344 65728 81984 114688 131456 131840 164352 196736 229376
1 7 13 8201 16408 16432 16480 24584 34304 35840 36865 38912 40961 57344 65920 66304 81984 98816 114688 131264 196672 196736
1 7 13 8201 16408 16432 16480 24584 34304 35840 36865 38912 40961 57344 65920 66304 98816 114688 131264 147520 196736 212992
1 7 13 8201 16408 16432 16480 24584 34304 35840 36865 38912 40961 57344 66304 81984 98816 114688 131264 131456 196672 196864
1 7 13 8201 16408 16432 16480 24584 34304 35840 36865 38912 40961 57344 66304 98816 114688 131264 131456 147520 196864 212992
1 7 13 8201 16408 16432 16480 24584 34304 35840 36865 38912 40961 57344 81984 98816 114688 131264 131456 131840 196672 197120
1 7 13 8201 16408 16432 16480 24584 34304 35840 36865 38912 40961 57344 81984 114688 131264 131456 131840 164352 196672 229376
1 7 13 8201 16408 16432 16480 24584 34304 35840 36865 38912 40961 57344 98816 114688 131264 131456 131840 147520 197120 212992
1 7 13 8201 16408 16432 16480 24584 34304 35840 36865 38912 40961 57344 114688 131264 131456 131840 147520 164352 212992 229376
1 7 13 8201 16408 16432 16480 24584 34304 35840 36865 38912 57344 65728 65920 66304 81984 98816 114688 139265 163841 172032
1 7 13 8201 16408 16432 16480 24584 34304 35840 36865 40961 57344 65728 65920 66304 81984 98816 114688 137216 165888 167936
1 7 13 8201 16408 16432 16480 24584 34304 35840 38912 40961 57344 65728 65920 66304 81984 98816 114688 135169 163841 167936
1 7 13 8201 16408 16432 16480 24584 34304 35840 38912 45056 57344 65728 65920 66304 81984 98816 114688 135169 139265 143360
1 7 13 8201 16408 16432 16480 24584 34304 35840 38912 57344 65728 65920 66304 81984 98816 114688 135169 139265 167936 172032
1 7 13 8201 16408 16432 16480 24584 34304 35840 40961 57344 65728 65920 66304 81984 98816 114688 135169 137216 163841 165888
1 7 13 8201 16408 16432 16480 24584 34304 35840 57344 65728 65920 66304 81984 98816 114688 135169 137216 139265 165888 172032
1 7 13 8201 16408 16432 16480 24584 34304 36865 38912 40961 57344 65728 65920 66304 81984 98816 114688 134144 164864 165888
1 7 13 8201 16408 16432 16480 24584 34304 36865 40961 57344 65728 65920 66304 81984 98816 114688 134144 137216 164864 167936
1 7 13 8201 16408 16432 16480 24584 34304 40961 57344 65728 65920 66304 81984 98816 114688 134144 135169 137216 163841 164864
1 7 13 8201 16408 16432 16480 24584 34304 57344 65728 65920 66304 81984 98816 114688 134144 135169 137216 139265 164864 172032
1 7 13 8201 16408 16432 16480 24584 35840 36865 38912 40961 57344 65728 65920 66304 81984 98816 114688 132608 164352 164864
1 7 13 8201 16408 16432 16480 24584 35840 36865 38912 40961 57344 65728 65920 66304 81984 114688 132608 164864 197120 229376
1 7 13 8201 16408 16432 16480 24584 35840 36865 38912 40961 57344 65728 65920 81984 114688 131840 132608 164864 196864 229376
1 7 13 8201 16408 16432 16480 24584 35840 36865 38912 40961 57344 65728 81984 114688 131456 131840 132608 164864 196736 229376
1 7 13 8201 16408 16432 16480 24584 35840 36865 38912 40961 57344 65920 66304 67072 82048 99328 114688 131264 147520 147584
1 7 13 8201 16408 16432 16480 24584 35840 36865 38912 40961 57344 65920 66304 67072 99328 114688 131264 147520 196736 212992
1 7 13 8201 16408 16432 16480 24584 35840 36865 38912 40961 57344 66304 67072 99328 114688 131264 131456 147520 196864 212992
1 7 13 8201 16408 16432 16480 24584 35840 36865 38912 40961 57344 67072 99328 114688 131264 131456 131840 147520 197120 212992
1 7 13 8201 16408 16432 16480 24584 36865 38912 40961 57344 65728 65920 66304 81984 98816 114688 132608 134144 164352 165888
1 7 13 8201 16408 16432 16480 24584 36865 38912 40961 57344 65728 65920 66304 81984 114688 132608 134144 165888 197120 229376
1 7 13 8201 16408 16432 16480 24584 36865 38912 40961 57344 65728 65920 81984 114688 131840 132608 134144 165888 196864 229376
1 7 13 8201 16408 16432 16480 24584 36865 38912 40961 57344 66304 67072 68608 100352 114688 131264 131456 147520 196864 212992
1 7 13 8201 16408 16432 16480 24584 36865 38912 40961 57344 67072 68608 100352 114688 131264 131456 131840 147520 197120 212992
1 7 13 8201 16408 16432 16480 24584 36865 40961 57344 65728 65920 66304 81984 98816 114688 132608 134144 137216 164352 167936
1 7 13 8201 16408 16432 16480 24584 36865 40961 57344 65728 65920 66304 81984 114688 132608 134144 137216 167936 197120 229376
1 7 13 8201 16408 16432 16480 24584 36865 40961 57344 67072 68608 71680 102400 114688 131264 131456 131840 147520 197120 212992
1 7 13 8201 16408 16432 16480 24584 40961 57344 65728 65920 66304 81984 98816 114688 132608 134144 135169 137216 163841 164352
1 7 13 8201 16408 16432 16480 24584 40961 57344 65728 65920 66304 81984 114688 132608 134144 135169 137216 163841 197120 229376
1 7 13 8201 16408 16432 16480 24584 40961 57344 67072 68608 69633 71680 98305 114688 131264 131456 131840 147520 197120 212992
1 7 13 8201 16408 16432 16480 24584 49216 57344 65728 65920 66304 98368 98816 132608 134144 135169 137216 139265 164352 172032
1 7 13 8201 16408 16432 16480 24584 49216 57344 65728 65920 66304 98368 106496 132608 134144 135169 137216 139265 197120 204800
1 7 13 8201 16408 16432 16480 24584 49216 57344 65728 65920 66304 98368 132608 134144 135169 137216 139265 172032 197120 229376
1 7 13 8201 16408 16432 16480 24584 57344 65728 65920 66304 81984 98816 114688 132608 134144 135169 137216 139265 164352 172032
1 7 13 8201 16408 16432 16480 24584 57344 65728 65920 66304 81984 106496 114688 132608 134144 135169 137216 139265 197120 204800
1 7 13 8201 16408 16432 16480 24584 57344 65728 65920 66304 81984 114688 132608 134144 135169 137216 139265 172032 197120 229376
1 7 13 8201 16408 16432 16480 24584 57344 67072 68608 69633 71680 73729 106496 114688 131264 131456 131840 147520 197120 212992
1 7 13 8201 16408 16432 16576 24584 33152 33536 34304 49280 57344 68608 69633 71680 73729 99328 106496 131168 147488 147520
1 7 13 8201 16408 16432 16576 24584 35840 36865 38912 40961 57344 65920 66304 67072 82048 99328 114688 131168 147488 147520
1 7 13 8201 16408 16432 24584 32864 32960 33152 49184 57344 66304 67072 68608 98560 106496 135169 137216 139265 198656 204800
1 7 13 8201 16408 16432 24584 32864 32960 33152 49184 57344 66304 67072 68608 98560 135169 137216 139265 172032 198656 229376
1 7 13 8201 16408 16432 24584 32864 32960 33152 49184 57344 66304 67072 98560 106496 134144 135169 137216 139265 197632 204800
1 7 13 8201 16408 16432 24584 32864 32960 33152 49184 57344 66304 67072 98560 134144 135169 137216 139265 172032 197632 229376
1 7 13 8201 16408 16432 24584 32864 32960 49184 57344 65920 66304 67072 98432 106496 134144 135169 137216 139265 197632 204800
1 7 13 8201 16408 16432 24584 32864 32960 49184 57344 65920 66304 67072 98432 134144 135169 137216 139265 172032 197632 229376
1 7 13 8201 16408 16432 24584 32864 32960 49184 57344 65920 66304 98432 106496 132608 134144 135169 137216 139265 197120 204800
1 7 13 8201 16408 16432 24584 32864 32960 49184 57344 65920 66304 98432 132608 134144 135169 137216 139265 172032 197120 229376
1 7 13 8201 16408 16432 24584 32864 49184 57344 65728 65920 66304 98368 106496 132608 134144 135169 137216 139265 197120 204800
1 7 13 8201 16408 16432 24584 32864 49184 57344 65728 65920 66304 98368 132608 134144 135169 137216 139265 172032 197120 229376
1 7 13 8201 16408 16432 24584 32960 33152 33536 49216 57344 67072 68608 69633 71680 73729 98816 106496 131168 147488 147520
1 7 13 8201 16408 16432 24584 32960 33152 33536 57344 65632 81952 98368 114688 132608 134144 135169 137216 139265 164352 172032
1 7 13 8201 16408 16432 24584 33152 33536 34304 49280 57344 68608 69633 71680 73729 99328 106496 131168 131264 147488 147584
1 7 13 8201 16408 16432 24584 33152 33536 34304 57344 65632 65728 81952 98432 114688 134144 135169 137216 139265 164864 172032
1 7 13 8201 16408 16432 24584 33152 33536 57344 65632 65728 81952 98432 114688 132608 134144 135169 137216 139265 164352 172032
1 7 13 8201 16408 16432 24584 33536 34304 35840 57344 65632 65728 65920 81952 98560 114688 135169 137216 139265 165888 172032
1 7 13 8201 16408 16432 24584 33536 34304 57344 65632 65728 65920 81952 98560 114688 134144 135169 137216 139265 164864 172032
1 7 13 8201 16408 16432 24584 34304 35840 36865 38912 40961 57344 65632 65728 81952 114688 131456 131840 164352 196736 229376
1 7 13 8201 16408 16432 24584 34304 35840 36865 38912 40961 57344 65632 81952 114688 131264 131456 131840 164352 196672 229376
1 7 13 8201 16408 16432 24584 34304 35840 36865 38912 40961 57344 65728 65920 66304 81984 98816 114688 131168 147488 147520
1 7 13 8201 16408 16432 24584 34304 35840 36865 38912 40961 57344 65728 65920 66304 98816 114688 131168 147488 196672 212992
1 7 13 8201 16408 16432 24584 34304 35840 36865 38912 40961 57344 65920 66304 98816 114688 131168 131264 147488 196736 212992
1 7 13 8201 16408 16432 24584 35840 36865 38912 40961 57344 65632 65728 65920 81952 114688 131840 132608 164864 196864 229376
1 7 13 8201 16408 16432 24584 35840 36865 38912 40961 57344 65632 65728 81952 114688 131456 131840 132608 164864 196736 229376
1 7 13 8201 16408 16432 24584 35840 36865 38912 40961 57344 65920 66304 67072 82048 99328 114688 131168 131264 147488 147584
1 7 13 8201 16408 16432 24584 35840 36865 38912 40961 57344 65920 66304 67072 99328 114688 131168 131264 147488 196736 212992
1 7 13 8201 16408 16432 24584 35840 36865 38912 40961 57344 66304 67072 99328 114688 131168 131264 131456 147488 196864 212992
1 7 13 8201 16408 16432 24584 36865 38912 40961 57344 65632 65728 65920 81952 114688 131840 132608 134144 165888 196864 229376
1 7 13 8201 16408 16432 24584 36865 38912 40961 57344 66304 67072 68608 100352 114688 131168 131264 131456 147488 196864 212992
1 7 13 8201 16408 16480 16576 24584 33152 33536 34304 49280 57344 68608 69633 71680 73729 99328 106496 131120 147472 147488
1 7 13 8201 16408 16480 16576 24584 35840 36865 38912 40961 57344 65920 66304 67072 82048 99328 114688 131120 147472 147488
1 7 13 8201 16408 16480 24584 32960 33152 33536 49216 57344 67072 68608 69633 71680 73729 98816 106496 131120 147472 147488
1 7 13 8201 16408 16480 24584 34304 35840 36865 38912 40961 57344 65728 65920 66304 81984 98816 114688 131120 147472 147488
1 7 13 8201 16408 16576 24584 33152 33536 34304 49280 57344 68608 69633 71680 73729 99328 106496 131120 131168 147472 147520
1 7 13 8201 16408 16576 24584 35840 36865 38912 40961 57344 65920 66304 67072 82048 99328 114688 131120 131168 147472 147520
1 7 13 8201 16408 24577 24584 34304 35840 36865 38912 49153 65728 65920 66304 98816 114688 131120 131168 147472 196672 212992
1 7 13 8201 16408 24577 24584 34304 35840 36865 38912 49153 65728 65920 66304 98816 131120 131168 147472 180224 196672 229376
1 7 13 8201 16408 24577 24584 35840 36865 38912 49153 65920 66304 67072 99328 114688 131120 131168 131264 147472 196736 212992
1 7 13 8201 16408 24577 24584 35840 36865 38912 49153 65920 66304 67072 99328 131120 131168 131264 147472 180224 196736 229376
1 7 13 8201 16408 24584 24592 32816 32864 32960 40976 65920 66304 67072 98432 106496 134144 135169 137216 139265 197632 204800
1 7 13 8201 16408 24584 24592 32816 32864 32960 40976 68608 69633 71680 73729 106496 131456 131840 132608 163968 197632 229376
1 7 13 8201 16408 24584 24592 32816 32864 40976 65728 65920 66304 98368 106496 132608 134144 135169 137216 139265 197120 204800
1 7 13 8201 16408 24584 24592 32816 32864 40976 67072 68608 69633 71680 73729 106496 131264 131456 131840 163904 197120 229376
1 7 13 8201 16408 24584 32816 32864 32960 49168 57344 65920 66304 67072 98432 106496 134144 135169 137216 139265 197632 204800
1 7 13 8201 16408 24584 32816 32864 32960 49168 57344 65920 66304 67072 98432 134144 135169 137216 139265 172032 197632 229376
1 7 13 8201 16408 24584 32816 32864 49168 57344 65728 65920 66304 98368 106496 132608 134144 135169 137216 139265 197120 204800
1 7 13 8201 16408 24584 32816 32864 49168 57344 65728 65920 66304 98368 132608 134144 135169 137216 139265 172032 197120 229376
1 7 13 8201 16408 24584 32960 33152 33536 49216 57344 67072 68608 69633 71680 73729 98816 106496 131120 131168 147472 147520
1 7 13 8201 16408 24584 32960 33152 33536 57344 65584 65632 81936 98368 114688 132608 134144 135169 137216 139265 164352 172032
1 7 13 8201 16408 24584 33152 33536 34304 49280 57344 68608 69633 71680 73729 99328 106496 131120 131168 131264 147472 147584
1 7 13 8201 16408 24584 33152 33536 34304 57344 65584 65632 65728 81936 98432 114688 134144 135169 137216 139265 164864 172032
1 7 13 8201 16408 24584 34304 35840 36865 38912 40961 57344 65584 65632 81936 114688 131264 131456 131840 164352 196672 229376
1 7 13 8201 16408 24584 34304 35840 36865 38912 40961 57344 65728 65920 66304 81984 98816 114688 131120 131168 147472 147520
1 7 13 8201 16408 24584 34304 35840 36865 38912 40961 57344 65728 65920 66304 98816 114688 131120 131168 147472 196672 212992
1 7 13 8201 16408 24584 35840 36865 38912 40961 57344 65584 65632 65728 81936 114688 131456 131840 132608 164864 196736 229376
1 7 13 8201 16408 24584 35840 36865 38912 40961 57344 65920 66304 67072 82048 99328 114688 131120 131168 131264 147472 147584
1 7 13 8201 16408 24584 35840 36865 38912 40961 57344 65920 66304 67072 99328 114688 131120 131168 131264 147472 196736 212992
1 7 13 8201 16432 16480 16576 24584 33152 33536 34304 49280 57344 68608 69633 71680 73729 99328 106496 131096 147464 147472
1 7 13 8201 16432 16480 16576 24584 35840 36865 38912 40961 57344 65920 66304 67072 82048 99328 114688 131096 147464 147472
1 7 13 8201 16432 16480 24584 32960 33152 33536 49216 57344 67072 68608 69633 71680 73729 98816 106496 131096 147464 147472
1 7 13 8201 16432 16480 24584 34304 35840 36865 38912 40961 57344 65728 65920 66304 81984 98816 114688 131096 147464 147472
1 7 13 8201 16480 16576 24584 33152 33536 34304 49280 57344 68608 69633 71680 73729 99328 106496 131096 131120 147464 147488
1 7 13 8201 16480 16576 24584 35840 36865 38912 40961 57344 65920 66304 67072 82048 99328 114688 131096 131120 147464 147488
1 7 13 8201 16480 24584 32960 33152 33536 49216 57344 67072 68608 69633 71680 73729 98816 106496 131096 131120 147464 147488
1 7 13 8201 16480 24584 34304 35840 36865 38912 40961 57344 65728 65920 66304 81984 98816 114688 131096 131120 147464 147488
1 7 13 8201 16576 24584 33152 33536 34304 49280 57344 68608 69633 71680 73729 99328 106496 131096 131120 131168 147464 147520
1 7 13 8201 16576 24584 35840 36865 38912 40961 57344 65920 66304 67072 82048 99328 114688 131096 131120 131168 147464 147520
1 7 13 8201 20481 24577 24584 34304 35840 38912 53248 65560 65584 65632 81928 114688 131264 131456 131840 164352 196672 229376
1 7 13 8201 20481 24577 24584 34304 35840 38912 53248 65728 65920 66304 98816 114688 131096 131120 131168 147464 196672 212992
1 7 13 8201 20481 24577 24584 35840 38912 53248 65560 65584 65632 65728 81928 114688 131456 131840 132608 164864 196736 229376
1 7 13 8201 20481 24577 24584 35840 38912 53248 65920 66304 67072 99328 114688 131096 131120 131168 131264 147464 196736 212992
1 7 13 8201 24577 24584 34304 35840 36865 38912 49153 65728 65920 66304 98816 114688 131096 131120 131168 147464 196672 212992
1 7 13 8201 24577 24584 34304 35840 36865 38912 49153 65728 65920 66304 98816 131096 131120 131168 147464 180224 196672 229376
1 7 13 8201 24577 24584 35840 36865 38912 49153 65920 66304 67072 99328 114688 131096 131120 131168 131264 147464 196736 212992
1 7 13 8201 24577 24584 35840 36865 38912 49153 65920 66304 67072 99328 131096 131120 131168 131264 147464 180224 196736 229376
1 7 13 8201 24584 32792 32816 32864 32960 49160 57344 65920 66304 67072 98432 106496 134144 135169 137216 139265 197632 204800
1 7 13 8201 24584 32792 32816 32864 32960 49160 57344 65920 66304 67072 98432 134144 135169 137216 139265 172032 197632 229376
1 7 13 8201 24584 32792 32816 32864 49160 57344 65728 65920 66304 98368 106496 132608 134144 135169 137216 139265 197120 204800
1 7 13 8201 24584 32792 32816 32864 49160 57344 65728 65920 66304 98368 132608 134144 135169 137216 139265 172032 197120 229376
1 7 13 8201 24584 32960 33152 33536 49216 57344 67072 68608 69633 71680 73729 98816 106496 131096 131120 131168 147464 147520
1 7 13 8201 24584 32960 33152 33536 57344 65560 65584 65632 81928 98368 114688 132608 134144 135169 137216 139265 164352 172032
1 7 13 8201 24584 33152 33536 34304 49280 57344 68608 69633 71680 73729 99328 106496 131096 131120 131168 131264 147464 147584
1 7 13 8201 24584 33152 33536 34304 57344 65560 65584 65632 65728 81928 98432 114688 134144 135169 137216 139265 164864 172032
1 7 13 8201 24584 34304 35840 36865 38912 40961 57344 65560 65584 65632 81928 114688 131264 131456 131840 164352 196672 229376
1 7 13 8201 24584 34304 35840 36865 38912 40961 57344 65728 65920 66304 81984 98816 114688 131096 131120 131168 147464 147520
1 7 13 8201 24584 34304 35840 36865 38912 40961 57344 65728 65920 66304 98816 114688 131096 131120 131168 147464 196672 212992
1 7 13 8201 24584 35840 36865 38912 40961 57344 65560 65584 65632 65728 81928 114688 131456 131840 132608 164864 196736 229376
1 7 13 8201 24584 35840 36865 38912 40961 57344 65920 66304 67072 82048 99328 114688 131096 131120 131168 131264 147464 147584
1 7 13 8201 24584 35840 36865 38912 40961 57344 65920 66304 67072 99328 114688 131096 131120 131168 131264 147464 196736 212992
1 7 28 112 448 8197 8212 19456 20481 22528 24577 32848 33088 40976 57344 66304 67072 82944 114688 164096 196864 229376
1 7 28 112 448 8197 8212 19456 20481 22528 24577 32848 33088 40976 57344 66304 67072 98560 114688 148480 197632 212992
1 7 28 112 448 8197 8212 19456 20481 22528 24577 32848 33088 40976 57344 66304 82944 98560 114688 132608 197120 197632
1 7 28 112 448 8197 8212 19456 20481 22528 24577 32848 33088 40976 57344 66304 98560 114688 132608 148480 197120 212992
1 7 28 112 448 8197 8212 19456 20481 22528 24577 32848 33088 40976 57344 67072 82944 98560 114688 131840 196864 197120
1 7 28 112 448 8197 8212 19456 20481 22528 24577 32848 33088 40976 57344 67072 82944 114688 131840 164096 197120 229376
1 7 28 112 448 8197 8212 19456 20481 22528 24577 32848 33088 40976 57344 82944 98560 114688 131840 132608 196864 197632
1 7 28 112 448 8197 8212 19456 20481 22528 24577 32848 33088 40976 57344 82944 114688 131840 132608 164096 197632 229376
1 7 28 112 448 8197 8212 19456 20481 22528 24577 32848 33088 40976 57344 98560 114688 131840 132608 148480 196864 212992
1 7 28 112 448 8197 8212 19456 20481 22528 24577 32848 33088 40976 57344 114688 131840 132608 148480 164096 212992 229376
1 7 28 112 448 8197 8212 19456 20481 22528 24577 32848 33088 57344 66304 67072 82944 98560 114688 139280 163856 172032
1 7 28 112 448 8197 8212 19456 20481 22528 24577 32848 40976 57344 65856 66304 98368 114688 132608 148480 197120 212992
1 7 28 112 448 8197 8212 19456 20481 22528 24577 32848 40976 57344 65856 98368 114688 131840 132608 148480 196864 212992
1 7 28 112 448 8197 8212 19456 20481 22528 24577 32848 40976 57344 66304 67072 82944 98560 114688 131392 163904 164096
1 7 28 112 448 8197 8212 19456 20481 22528 24577 32848 40976 57344 66304 67072 82944 114688 131392 163904 196864 229376
1 7 28 112 448 8197 8212 19456 20481 22528 24577 32848 40976 57344 67072 82944 114688 131392 131840 163904 197120 229376
1 7 28 112 448 8197 8212 19456 20481 22528 24577 33088 33536 57344 67072 82944 98816 114688 131152 139280 163904 172032
1 7 28 112 448 8197 8212 19456 20481 22528 24577 33088 40976 57344 66304 67072 82944 98560 114688 131152 163856 163904
1 7 28 112 448 8197 8212 19456 20481 22528 24577 33088 57344 66304 67072 82944 98560 114688 131152 139280 163904 172032
1 7 28 112 448 8197 8212 19456 20481 22528 24577 33536 34304 50176 57344 65616 65856 73744 98560 172032 204800 229376
1 7 28 112 448 8197 8212 19456 20481 22528 24577 33536 34304 50176 57344 65616 65856 98560 106496 139280 196624 204800
1 7 28 112 448 8197 8212 19456 20481 22528 24577 33536 34304 50176 57344 65616 65856 98560 139280 172032 196624 229376
1 7 28 112 448 8197 8212 19456 20481 22528 24577 33536 34304 50176 57344 65616 73744 98560 106496 131392 196672 196864
1 7 28 112 448 8197 8212 19456 20481 22528 24577 33536 34304 50176 57344 65856 73744 98560 106496 131152 196624 196672
1 7 28 112 448 8197 8212 19456 20481 22528 24577 33536 34304 50176 57344 65856 98560 106496 131152 139280 196672 204800
1 7 28 112 448 8197 8212 19456 20481 22528 24577 33536 34304 50176 57344 65856 98560 131152 139280 172032 196672 229376
1 7 28 112 448 8197 8212 19456 20481 22528 24577 33536 34304 50176 57344 73744 98560 106496 131152 131392 196624 196864
1 7 28 112 448 8197 8212 19456 20481 22528 24577 33536 34304 50176 57344 98560 106496 131152 131392 139280 196864 204800
1 7 28 112 448 8197 8212 19456 20481 22528 24577 33536 34304 50176 57344 98560 131152 131392 139280 172032 196864 229376
1 7 28 112 448 8197 8212 19456 20481 22528 24577 33536 34304 57344 82944 99328 114688 131152 131392 139280 164096 172032
1 7 28 112 448 8197 8212 19456 20481 22528 24577 33536 50176 57344 67072 98816 99328 131152 131392 139280 164096 172032
1 7 28 112 448 8197 8212 19456 20481 22528 24577 33536 57344 67072 82944 98816 114688 131152 131392 139280 164096 172032
1 7 28 112 448 8197 8212 19456 20481 22528 24577 34304 50176 57344 65856 66304 98816 106496 131152 139280 196672 204800
1 7 28 112 448 8197 8212 19456 20481 22528 24577 34304 50176 57344 65856 66304 98816 131152 139280 172032 196672 229376
1 7 28 112 448 8197 8212 19456 20481 22528 24577 34304 50176 57344 66304 98560 98816 131152 131392 139280 164096 172032
1 7 28 112 448 8197 8212 19456 20481 22528 24577 34304 50176 57344 66304 98816 106496 131152 131392 139280 196864 204800
1 7 28 112 448 8197 8212 19456 20481 22528 24577 34304 50176 57344 66304 98816 131152 131392 139280 172032 196864 229376
1 7 28 112 448 8197 8212 19456 20481 22528 24577 40976 57344 65616 65856 98320 114688 131840 132608 148480 196864 212992
1 7 28 112 448 8197 8212 19456 20481 22528 24577 40976 57344 66304 67072 82944 98560 114688 131152 131392 163856 164096
1 7 28 112 448 8197 8212 19456 20481 22528 24577 40976 57344 66304 67072 82944 114688 131152 131392 163856 196864 229376
1 7 28 112 448 8197 8212 19456 20481 22528 24577 50176 57344 66304 67072 98560 99328 131152 131392 139280 164096 172032
1 7 28 112 448 8197 8212 19456 20481 22528 24577 50176 57344 66304 67072 99328 106496 131152 131392 139280 196864 204800
1 7 28 112 448 8197 8212 19456 20481 22528 24577 50176 57344 66304 67072 99328 131152 131392 139280 172032 196864 229376
1 7 28 112 448 8197 8212 19456 20481 22528 24577 57344 65616 65856 73744 106496 114688 131840 132608 148480 196864 212992
1 7 28 112 448 8197 8212 19456 20481 22528 24577 57344 66304 67072 82944 98560 114688 131152 131392 139280 164096 172032
1 7 28 112 448 8197 8212 19456 20481 22528 24577 57344 66304 67072 82944 106496 114688 131152 131392 139280 196864 204800
1 7 28 112 448 8197 8212 19456 20481 22528 24577 57344 66304 67072 82944 114688 131152 131392 139280 172032 196864 229376
1 7 28 112 448 8197 8212 19456 20481 24577 32848 33088 40976 57344 66304 67072 82944 98560 114688 137216 149504 151552
1 7 28 112 448 8197 8212 19456 20481 24577 33536 34304 50176 57344 65616 65856 73744 98560 106496 137216 149504 151552
1 7 28 112 448 8197 8212 19456 22528 24577 32848 33088 40976 57344 66304 67072 82944 98560 114688 135169 147457 151552
1 7 28 112 448 8197 8212 19456 22528 24577 33536 34304 50176 57344 65616 65856 73744 98560 106496 135169 147457 151552
1 7 28 112 448 8197 8212 19456 24577 32848 33088 40976 57344 66304 67072 82944 98560 114688 135169 137216 147457 149504
1 7 28 112 448 8197 8212 19456 24577 33536 34304 50176 57344 65616 65856 73744 98560 106496 135169 137216 147457 149504
1 7 28 112 448 8197 8212 20481 22528 24577 32848 33088 40976 57344 66304 67072 68608 83968 114688 164096 196864 229376
1 7 28 112 448 8197 8212 20481 22528 24577 32848 33088 40976 57344 66304 67072 82944 98560 114688 134144 148480 149504
1 7 28 112 448 8197 8212 20481 22528 24577 32848 33088 40976 57344 66304 67072 83968 98560 114688 134144 197632 198656
1 7 28 112 448 8197 8212 20481 22528 24577 32848 33088 40976 57344 66304 67072 98560 114688 134144 149504 197632 212992
1 7 28 112 448 8197 8212 20481 22528 24577 32848 33088 40976 57344 66304 83968 98560 114688 132608 134144 197120 198656
1 7 28 112 448 8197 8212 20481 22528 24577 32848 33088 40976 57344 66304 98560 114688 132608 134144 149504 197120 212992
1 7 28 112 448 8197 8212 20481 22528 24577 32848 33088 40976 57344 67072 68608 83968 114688 131840 164096 197120 229376
1 7 28 112 448 8197 8212 20481 22528 24577 32848 33088 40976 57344 68608 83968 114688 131840 132608 164096 197632 229376
1 7 28 112 448 8197 8212 20481 22528 24577 32848 33088 40976 57344 83968 98560 114688 131840 132608 134144 196864 198656
1 7 28 112 448 8197 8212 20481 22528 24577 32848 33088 40976 57344 98560 114688 131840 132608 134144 149504 196864 212992
1 7 28 112 448 8197 8212 20481 22528 24577 32848 40976 57344 65856 66304 98368 114688 132608 134144 149504 197120 212992
1 7 28 112 448 8197 8212 20481 22528 24577 32848 40976 57344 65856 98368 114688 131840 132608 134144 149504 196864 212992
1 7 28 112 448 8197 8212 20481 22528 24577 32848 40976 57344 66304 67072 68608 83968 98560 114688 131392 163904 164096
1 7 28 112 448 8197 8212 20481 22528 24577 32848 40976 57344 66304 67072 68608 83968 114688 131392 163904 196864 229376
1 7 28 112 448 8197 8212 20481 22528 24577 32848 40976 57344 67072 68608 83968 114688 131392 131840 163904 197120 229376
1 7 28 112 448 8197 8212 20481 22528 24577 33088 33536 57344 67072 68608 83968 98816 114688 131152 139280 163904 172032
1 7 28 112 448 8197 8212 20481 22528 24577 33088 40976 57344 66304 67072 68608 83968 98560 114688 131152 163856 163904
1 7 28 112 448 8197 8212 20481 22528 24577 33088 57344 66304 67072 68608 83968 98560 114688 131152 139280 163904 172032
1 7 28 112 448 8197 8212 20481 22528 24577 33536 34304 35840 51200 57344 65616 73744 98560 106496 131392 196672 196864
1 7 28 112 448 8197 8212 20481 22528 24577 33536 34304 35840 51200 57344 65856 73744 98560 106496 131152 196624 196672
1 7 28 112 448 8197 8212 20481 22528 24577 33536 34304 35840 51200 57344 65856 98560 106496 131152 139280 196672 204800
1 7 28 112 448 8197 8212 20481 22528 24577 33536 34304 35840 51200 57344 65856 98560 131152 139280 172032 196672 229376
1 7 28 112 448 8197 8212 20481 22528 24577 33536 34304 35840 51200 57344 73744 98560 106496 131152 131392 196624 196864
1 7 28 112 448 8197 8212 20481 22528 24577 33536 34304 35840 51200 57344 98560 106496 131152 131392 139280 196864 204800
1 7 28 112 448 8197 8212 20481 22528 24577 33536 34304 35840 51200 57344 98560 131152 131392 139280 172032 196864 229376
1 7 28 112 448 8197 8212 20481 22528 24577 33536 51200 57344 67072 68608 98816 100352 131152 131392 139280 164096 172032
1 7 28 112 448 8197 8212 20481 22528 24577 33536 57344 67072 68608 83968 98816 114688 131152 131392 139280 164096 172032
1 7 28 112 448 8197 8212 20481 22528 24577 34304 35840 51200 57344 65856 66304 98816 106496 131152 139280 196672 204800
1 7 28 112 448 8197 8212 20481 22528 24577 34304 35840 51200 57344 65856 66304 98816 131152 139280 172032 196672 229376
1 7 28 112 448 8197 8212 20481 22528 24577 34304 35840 51200 57344 66304 98816 106496 131152 131392 139280 196864 204800
1 7 28 112 448 8197 8212 20481 22528 24577 34304 35840 51200 57344 66304 98816 131152 131392 139280 172032 196864 229376
2 7 28 112 448 8197 8212 20481 22528 24577 35840 51200 57344 66304 67072 99328 131152 131392 139280 172032 196864 229376
1 7 28 112 448 8197 8212 20481 22528 24577 40976 57344 66304 67072 68608 83968 98560 114688 131152 131392 163856 164096
1 7 28 112 448 8197 8212 20481 22528 24577 51200 57344 66304 67072 68608 98560 100352 131152 131392 139280 164096 172032
1 7 28 112 448 8197 8212 20481 22528 24577 57344 66304 67072 68608 83968 98560 114688 131152 131392 139280 164096 172032
1 7 28 112 448 8197 12289 19456 22528 28672 33536 34304 50176 57344 65556 65616 73732 106496 131392 164096 196672 229376
1 7 28 112 448 8197 12289 19456 22528 28672 33536 34304 50176 57344 65856 98560 106496 131092 131152 139268 196672 204800
1 7 28 112 448 8197 12289 19456 22528 28672 33536 34304 50176 65556 65616 73732 90112 114688 131392 164096 196672 229376
1 7 28 112 448 8197 12289 19456 22528 28672 33536 34304 50176 65856 90112 98560 114688 131092 131152 139268 196672 204800
1 7 28 112 448 8197 12289 19456 22528 28672 33536 34304 50176 65856 98560 114688 131092 131152 139268 155648 196672 212992
1 7 28 112 448 8197 12289 19456 22528 28672 34304 50176 57344 65556 65616 73732 106496 131392 131840 164352 196672 229376
1 7 28 112 448 8197 12289 19456 22528 28672 34304 50176 57344 65856 66304 98816 106496 131092 131152 139268 196672 204800
1 7 28 112 448 8197 12289 19456 22528 28672 34304 50176 65556 65616 73732 90112 114688 131392 131840 164352 196672 229376
1 7 28 112 448 8197 12289 19456 22528 28672 34304 50176 65856 66304 90112 98816 114688 131092 131152 139268 196672 204800
1 7 28 112 448 8197 12289 19456 22528 28672 34304 50176 65856 66304 98816 114688 131092 131152 139268 155648 196672 212992
1 7 28 112 448 8197 12289 22528 28672 33536 34304 35840 51200 57344 65856 98560 106496 131092 131152 139268 196672 204800
1 7 28 112 448 8197 12289 22528 28672 33536 34304 35840 51200 57344 65856 98560 131092 131152 139268 172032 196672 229376
1 7 28 112 448 8197 12289 22528 28672 33536 34304 35840 51200 65856 90112 98560 114688 131092 131152 139268 196672 204800
1 7 28 112 448 8197 12289 22528 28672 33536 34304 35840 51200 65856 98560 114688 131092 131152 139268 155648 196672 212992
1 7 28 112 448 8197 12289 22528 28672 33536 34304 35840 51200 65856 98560 131092 131152 139268 155648 180224 196672 229376
1 7 28 112 448 8197 19456 20481 22528 24577 32788 32848 40964 57344 65856 98368 114688 131840 132608 148480 196864 212992
1 7 28 112 448 8197 19456 20481 22528 24577 32788 32848 40964 57344 66304 67072 82944 114688 131392 163904 196864 229376
1 7 28 112 448 8197 19456 20481 22528 24577 33088 57344 66304 67072 82944 98560 114688 131092 131152 139268 163904 172032
1 7 28 112 448 8197 19456 20481 22528 24577 33536 34304 50176 57344 65856 98560 106496 131092 131152 139268 196672 204800
1 7 28 112 448 8197 19456 20481 22528 24577 33536 34304 50176 57344 65856 98560 131092 131152 139268 172032 196672 229376
1 7 28 112 8197 8212 19456 20481 22528 24577 32848 32960 33152 40976 57344 66304 67072 82944 114688 164096 196864 229376
1 7 28 112 8197 8212 19456 20481 22528 24577 32848 32960 33152 40976 57344 66304 67072 98560 114688 148480 197632 212992
1 7 28 112 8197 8212 19456 20481 22528 24577 32848 32960 33152 40976 57344 66304 82944 98560 114688 132608 197120 197632
1 7 28 112 8197 8212 19456 20481 22528 24577 32848 32960 33152 40976 57344 66304 98560 114688 132608 148480 197120 212992
1 7 28 112 8197 8212 19456 20481 22528 24577 32848 32960 33152 40976 57344 67072 82944 98560 114688 131840 196864 197120
1 7 28 112 8197 8212 19456 20481 22528 24577 32848 32960 33152 40976 57344 67072 82944 114688 131840 164096 197120 229376
1 7 28 112 8197 8212 19456 20481 22528 24577 32848 32960 33152 40976 57344 82944 98560 114688 131840 132608 196864 197632
1 7 28 112 8197 8212 19456 20481 22528 24577 32848 32960 33152 40976 57344 82944 114688 131840 132608 164096 197632 229376
1 7 28 112 8197 8212 19456 20481 22528 24577 32848 32960 33152 40976 57344 98560 114688 131840 132608 148480 196864 212992
1 7 28 112 8197 8212 19456 20481 22528 24577 32848 32960 33152 40976 57344 114688 131840 132608 148480 164096 212992 229376
1 7 28 112 8197 8212 19456 20481 22528 24577 32848 32960 33152 57344 66304 67072 82944 98560 114688 139280 163856 172032
1 7 28 112 8197 8212 19456 20481 22528 24577 32848 32960 40976 57344 65920 66304 67072 82944 114688 163968 196736 229376
1 7 28 112 8197 8212 19456 20481 22528 24577 32848 32960 40976 57344 65920 66304 67072 98432 114688 148480 197632 212992
1 7 28 112 8197 8212 19456 20481 22528 24577 32848 32960 40976 57344 65920 66304 82944 98432 114688 132608 197120 197632
1 7 28 112 8197 8212 19456 20481 22528 24577 32848 32960 40976 57344 65920 66304 98432 114688 132608 148480 197120 212992
1 7 28 112 8197 8212 19456 20481 22528 24577 32848 32960 40976 57344 65920 67072 82944 98432 114688 131840 196864 197120
1 7 28 112 8197 8212 19456 20481 22528 24577 32848 32960 40976 57344 65920 82944 98432 114688 131840 132608 196864 197632
1 7 28 112 8197 8212 19456 20481 22528 24577 32848 32960 40976 57344 65920 98432 114688 131840 132608 148480 196864 212992
1 7 28 112 8197 8212 19456 20481 22528 24577 32848 32960 40976 57344 66304 67072 82944 98432 114688 131456 196736 196864
1 7 28 112 8197 8212 19456 20481 22528 24577 32848 32960 40976 57344 66304 67072 82944 98560 114688 131456 163968 164096
1 7 28 112 8197 8212 19456 20481 22528 24577 32848 32960 40976 57344 66304 67072 82944 114688 131456 163968 196864 229376
1 7 28 112 8197 8212 19456 20481 22528 24577 32848 32960 40976 57344 67072 82944 98432 114688 131456 131840 196736 197120
1 7 28 112 8197 8212 19456 20481 22528 24577 32848 32960 40976 57344 67072 82944 114688 131456 131840 163968 197120 229376
1 7 28 112 8197 8212 19456 20481 22528 24577 32848 32960 40976 57344 82944 98432 114688 131456 131840 132608 196736 197632
1 7 28 112 8197 8212 19456 20481 22528 24577 32848 32960 40976 57344 82944 114688 131456 131840 132608 163968 197632 229376
1 7 28 112 8197 8212 19456 20481 22528 24577 32848 32960 40976 57344 98432 114688 131456 131840 132608 148480 196736 212992
1 7 28 112 8197 8212 19456 20481 22528 24577 32848 32960 40976 57344 114688 131456 131840 132608 148480 163968 212992 229376
1 7 28 112 8197 8212 19456 20481 22528 24577 32848 32960 57344 65920 66304 67072 82944 98432 114688 139280 163856 172032
1 7 28 112 8197 8212 19456 20481 22528 24577 32848 33088 40976 57344 66304 67072 82944 98560 114688 131264 131392 131456
1 7 28 112 8197 8212 19456 20481 22528 24577 32848 33152 40976 57344 66304 67072 82944 98560 114688 131264 163904 163968
1 7 28 112 8197 8212 19456 20481 22528 24577 32848 40976 57344 65728 65920 66304 98368 114688 132608 148480 197120 212992
1 7 28 112 8197 8212 19456 20481 22528 24577 32848 40976 57344 65728 65920 98368 114688 131840 132608 148480 196864 212992
1 7 28 112 8197 8212 19456 20481 22528 24577 32848 40976 57344 65728 98368 114688 131456 131840 132608 148480 196736 212992
1 7 28 112 8197 8212 19456 20481 22528 24577 32848 40976 57344 65920 66304 67072 82944 98432 114688 131264 163904 163968
1 7 28 112 8197 8212 19456 20481 22528 24577 32848 40976 57344 65920 66304 67072 82944 114688 131264 163904 196736 229376
1 7 28 112 8197 8212 19456 20481 22528 24577 32848 40976 57344 66304 67072 82944 98560 114688 131264 131456 163904 164096
1 7 28 112 8197 8212 19456 20481 22528 24577 32848 40976 57344 66304 67072 82944 114688 131264 131456 163904 196864 229376
1 7 28 112 8197 8212 19456 20481 22528 24577 32848 40976 57344 67072 82944 114688 131264 131456 131840 163904 197120 229376
1 7 28 112 8197 8212 19456 20481 22528 24577 32960 33152 33536 57344 67072 82944 98816 114688 131152 139280 163904 172032
1 7 28 112 8197 8212 19456 20481 22528 24577 32960 33152 40976 57344 66304 67072 82944 98560 114688 131152 163856 163904
1 7 28 112 8197 8212 19456 20481 22528 24577 32960 33152 57344 66304 67072 82944 98560 114688 131152 139280 163904 172032
1 7 28 112 8197 8212 19456 20481 22528 24577 32960 40976 57344 65920 66304 67072 82944 98432 114688 131152 163856 163904
1 7 28 112 8197 8212 19456 20481 22528 24577 32960 57344 65920 66304 67072 82944 98432 114688 131152 139280 163904 172032
1 7 28 112 8197 8212 19456 20481 22528 24577 33152 33536 34304 50176 57344 65616 65728 73744 98432 172032 204800 229376
1 7 28 112 8197 8212 19456 20481 22528 24577 33152 33536 34304 50176 57344 65616 65728 98432 106496 139280 196624 204800
1 7 28 112 8197 8212 19456 20481 22528 24577 33152 33536 34304 50176 57344 65616 65728 98432 139280 172032 196624 229376
1 7 28 112 8197 8212 19456 20481 22528 24577 33152 33536 34304 50176 57344 65616 73744 98432 106496 131264 196672 196736
1 7 28 112 8197 8212 19456 20481 22528 24577 33152 33536 34304 50176 57344 65728 73744 98432 106496 131152 196624 196672
1 7 28 112 8197 8212 19456 20481 22528 24577 33152 33536 34304 50176 57344 65728 98432 106496 131152 139280 196672 204800
1 7 28 112 8197 8212 19456 20481 22528 24577 33152 33536 34304 50176 57344 65728 98432 131152 139280 172032 196672 229376
1 7 28 112 8197 8212 19456 20481 22528 24577 33152 33536 34304 50176 57344 73744 98432 106496 131152 131264 196624 196736
1 7 28 112 8197 8212 19456 20481 22528 24577 33152 33536 34304 50176 57344 98432 106496 131152 131264 139280 196736 204800
1 7 28 112 8197 8212 19456 20481 22528 24577 33152 33536 34304 50176 57344 98432 131152 131264 139280 172032 196736 229376
1 7 28 112 8197 8212 19456 20481 22528 24577 33152 33536 34304 57344 82944 99328 114688 131152 131264 139280 163968 172032
1 7 28 112 8197 8212 19456 20481 22528 24577 33152 33536 50176 57344 67072 98816 99328 131152 131264 139280 163968 172032
1 7 28 112 8197 8212 19456 20481 22528 24577 33152 33536 57344 67072 82944 98816 114688 131152 131264 139280 163968 172032
1 7 28 112 8197 8212 19456 20481 22528 24577 33152 34304 50176 57344 66304 98560 98816 131152 131264 139280 163968 172032
1 7 28 112 8197 8212 19456 20481 22528 24577 33152 40976 57344 66304 67072 82944 98560 114688 131152 131264 163856 163968
1 7 28 112 8197 8212 19456 20481 22528 24577 33152 50176 57344 66304 67072 98560 99328 131152 131264 139280 163968 172032
1 7 28 112 8197 8212 19456 20481 22528 24577 33152 57344 66304 67072 82944 98560 114688 131152 131264 139280 163968 172032
1 7 28 112 8197 8212 19456 20481 22528 24577 33536 34304 50176 57344 65616 65728 65920 73744 98560 172032 204800 229376
1 7 28 112 8197 8212 19456 20481 22528 24577 33536 34304 50176 57344 65616 65728 65920 98560 106496 139280 196624 204800
1 7 28 112 8197 8212 19456 20481 22528 24577 33536 34304 50176 57344 65616 65728 65920 98560 139280 172032 196624 229376
1 7 28 112 8197 8212 19456 20481 22528 24577 33536 34304 50176 57344 65616 65728 73744 98560 106496 131456 196736 196864
1 7 28 112 8197 8212 19456 20481 22528 24577 33536 34304 50176 57344 65616 65856 73744 98560 106496 131264 131392 131456
1 7 28 112 8197 8212 19456 20481 22528 24577 33536 34304 50176 57344 65616 65920 73744 98560 106496 131264 196672 196736
1 7 28 112 8197 8212 19456 20481 22528 24577 33536 34304 50176 57344 65616 73744 98560 106496 131264 131456 196672 196864
1 7 28 112 8197 8212 19456 20481 22528 24577 33536 34304 50176 57344 65728 65920 73744 98560 106496 131152 196624 196672
1 7 28 112 8197 8212 19456 20481 22528 24577 33536 34304 50176 57344 65728 65920 98560 106496 131152 139280 196672 204800
1 7 28 112 8197 8212 19456 20481 22528 24577 33536 34304 50176 57344 65728 65920 98560 131152 139280 172032 196672 229376
1 7 28 112 8197 8212 19456 20481 22528 24577 33536 34304 50176 57344 65920 73744 98560 106496 131152 131264 196624 196736
1 7 28 112 8197 8212 19456 20481 22528 24577 33536 34304 50176 57344 65920 98432 98560 131152 131264 139280 163968 172032
1 7 28 112 8197 8212 19456 20481 22528 24577 33536 34304 50176 57344 65920 98560 106496 131152 131264 139280 196736 204800
1 7 28 112 8197 8212 19456 20481 22528 24577 33536 34304 50176 57344 65920 98560 131152 131264 139280 172032 196736 229376
1 7 28 112 8197 8212 19456 20481 22528 24577 33536 34304 50176 57344 73744 98560 106496 131152 131264 131456 196624 196864
1 7 28 112 8197 8212 19456 20481 22528 24577 33536 34304 50176 57344 98560 106496 131152 131264 131456 139280 196864 204800
1 7 28 112 8197 8212 19456 20481 22528 24577 33536 34304 50176 57344 98560 131152 131264 131456 139280 172032 196864 229376
1 7 28 112 8197 8212 19456 20481 22528 24577 33536 34304 57344 82944 99328 114688 131152 131264 131456 139280 164096 172032
1 7 28 112 8197 8212 19456 20481 22528 24577 33536 50176 57344 67072 98816 99328 131152 131264 131456 139280 164096 172032
1 7 28 112 8197 8212 19456 20481 22528 24577 33536 57344 67072 82944 98816 114688 131152 131264 131456 139280 164096 172032
1 7 28 112 8197 8212 19456 20481 22528 24577 34304 50176 57344 65728 65920 66304 98816 106496 131152 139280 196672 204800
1 7 28 112 8197 8212 19456 20481 22528 24577 34304 50176 57344 65728 65920 66304 98816 131152 139280 172032 196672 229376
1 7 28 112 8197 8212 19456 20481 22528 24577 34304 50176 57344 65920 66304 98432 98816 131152 131264 139280 163968 172032
1 7 28 112 8197 8212 19456 20481 22528 24577 34304 50176 57344 65920 66304 98816 106496 131152 131264 139280 196736 204800
1 7 28 112 8197 8212 19456 20481 22528 24577 34304 50176 57344 65920 66304 98816 131152 131264 139280 172032 196736 229376
1 7 28 112 8197 8212 19456 20481 22528 24577 34304 50176 57344 66304 98560 98816 131152 131264 131456 139280 164096 172032
1 7 28 112 8197 8212 19456 20481 22528 24577 34304 50176 57344 66304 98816 106496 131152 131264 131456 139280 196864 204800
1 7 28 112 8197 8212 19456 20481 22528 24577 34304 50176 57344 66304 98816 131152 131264 131456 139280 172032 196864 229376
1 7 28 112 8197 8212 19456 20481 22528 24577 40976 57344 65616 65728 65920 98320 114688 131840 132608 148480 196864 212992
1 7 28 112 8197 8212 19456 20481 22528 24577 40976 57344 65616 65728 98320 114688 131456 131840 132608 148480 196736 212992
1 7 28 112 8197 8212 19456 20481 22528 24577 40976 57344 65920 66304 67072 82944 98432 114688 131152 131264 163856 163968
1 7 28 112 8197 8212 19456 20481 22528 24577 40976 57344 65920 66304 67072 82944 114688 131152 131264 163856 196736 229376
1 7 28 112 8197 8212 19456 20481 22528 24577 40976 57344 66304 67072 82944 98560 114688 131152 131264 131456 163856 164096
1 7 28 112 8197 8212 19456 20481 22528 24577 40976 57344 66304 67072 82944 114688 131152 131264 131456 163856 196864 229376
1 7 28 112 8197 8212 19456 20481 22528 24577 50176 57344 65920 66304 67072 98432 99328 131152 131264 139280 163968 172032
1 7 28 112 8197 8212 19456 20481 22528 24577 50176 57344 65920 66304 67072 99328 106496 131152 131264 139280 196736 204800
1 7 28 112 8197 8212 19456 20481 22528 24577 50176 57344 65920 66304 67072 99328 131152 131264 139280 172032 196736 229376
1 7 28 112 8197 8212 19456 20481 22528 24577 50176 57344 66304 67072 98560 99328 131152 131264 131456 139280 164096 172032
1 7 28 112 8197 8212 19456 20481 22528 24577 50176 57344 66304 67072 99328 106496 131152 131264 131456 139280 196864 204800
1 7 28 112 8197 8212 19456 20481 22528 24577 50176 57344 66304 67072 99328 131152 131264 131456 139280 172032 196864 229376
1 7 28 112 8197 8212 19456 20481 22528 24577 57344 65616 65728 65920 73744 106496 114688 131840 132608 148480 196864 212992
1 7 28 112 8197 8212 19456 20481 22528 24577 57344 65616 65728 73744 106496 114688 131456 131840 132608 148480 196736 212992
1 7 28 112 8197 8212 19456 20481 22528 24577 57344 65920 66304 67072 82944 98432 114688 131152 131264 139280 163968 172032
1 7 28 112 8197 8212 19456 20481 22528 24577 57344 65920 66304 67072 82944 106496 114688 131152 131264 139280 196736 204800
1 7 28 112 8197 8212 19456 20481 22528 24577 57344 65920 66304 67072 82944 114688 131152 131264 139280 172032 196736 229376
1 7 28 112 8197 8212 19456 20481 22528 24577 57344 66304 67072 82944 98560 114688 131152 131264 131456 139280 164096 172032
1 7 28 112 8197 8212 19456 20481 22528 24577 57344 66304 67072 82944 106496 114688 131152 131264 131456 139280 196864 204800
1 7 28 112 8197 8212 19456 20481 22528 24577 57344 66304 67072 82944 114688 131152 131264 131456 139280 172032 196864 229376
1 7 28 112 8197 8212 19456 20481 24577 32848 32960 33152 40976 57344 66304 67072 82944 98560 114688 137216 149504 151552
1 7 28 112 8197 8212 19456 20481 24577 32848 32960 40976 57344 65920 66304 67072 82944 98432 114688 137216 149504 151552
1 7 28 112 8197 8212 19456 20481 24577 33152 33536 34304 50176 57344 65616 65728 73744 98432 106496 137216 149504 151552
1 7 28 112 8197 8212 19456 20481 24577 33536 34304 50176 57344 65616 65728 65920 73744 98560 106496 137216 149504 151552
1 7 28 112 8197 8212 19456 22528 24577 32848 32960 33152 40976 57344 66304 67072 82944 98560 114688 135169 147457 151552
1 7 28 112 8197 8212 19456 22528 24577 32848 32960 40976 57344 65920 66304 67072 82944 98432 114688 135169 147457 151552
1 7 28 112 8197 8212 19456 22528 24577 33152 33536 34304 50176 57344 65616 65728 73744 98432 106496 135169 147457 151552
1 7 28 112 8197 8212 19456 22528 24577 33536 34304 50176 57344 65616 65728 65920 73744 98560 106496 135169 147457 151552
1 7 28 112 8197 8212 19456 24577 32848 32960 33152 40976 57344 66304 67072 82944 98560 114688 135169 137216 147457 149504
1 7 28 112 8197 8212 19456 24577 32848 32960 40976 57344 65920 66304 67072 82944 98432 114688 135169 137216 147457 149504
1 7 28 112 8197 8212 19456 24577 33152 33536 34304 50176 57344 65616 65728 73744 98432 106496 135169 137216 147457 149504
1 7 28 112 8197 8212 19456 24577 33536 34304 50176 57344 65616 65728 65920 73744 98560 106496 135169 137216 147457 149504
1 7 28 112 8197 8212 20481 22528 24577 32848 32960 33152 40976 57344 66304 67072 68608 83968 114688 164096 196864 229376
1 7 28 112 8197 8212 20481 22528 24577 32848 32960 33152 40976 57344 66304 67072 68608 98560 114688 149504 198656 212992
1 7 28 112 8197 8212 20481 22528 24577 32848 32960 33152 40976 57344 66304 67072 82944 98560 114688 134144 148480 149504
1 7 28 112 8197 8212 20481 22528 24577 32848 32960 33152 40976 57344 66304 67072 83968 98560 114688 134144 197632 198656
1 7 28 112 8197 8212 20481 22528 24577 32848 32960 33152 40976 57344 66304 67072 98560 114688 134144 149504 197632 212992
1 7 28 112 8197 8212 20481 22528 24577 32848 32960 33152 40976 57344 66304 68608 83968 98560 114688 132608 197120 197632
1 7 28 112 8197 8212 20481 22528 24577 32848 32960 33152 40976 57344 66304 83968 98560 114688 132608 134144 197120 198656
1 7 28 112 8197 8212 20481 22528 24577 32848 32960 33152 40976 57344 66304 98560 114688 132608 134144 149504 197120 212992
1 7 28 112 8197 8212 20481 22528 24577 32848 32960 33152 40976 57344 67072 68608 83968 98560 114688 131840 196864 197120
1 7 28 112 8197 8212 20481 22528 24577 32848 32960 33152 40976 57344 67072 68608 83968 114688 131840 164096 197120 229376
1 7 28 112 8197 8212 20481 22528 24577 32848 32960 33152 40976 57344 68608 83968 98560 114688 131840 132608 196864 197632
1 7 28 112 8197 8212 20481 22528 24577 32848 32960 33152 40976 57344 68608 83968 114688 131840 132608 164096 197632 229376
1 7 28 112 8197 8212 20481 22528 24577 32848 32960 33152 40976 57344 83968 98560 114688 131840 132608 134144 196864 198656
1 7 28 112 8197 8212 20481 22528 24577 32848 32960 33152 40976 57344 83968 114688 131840 132608 134144 164096 198656 229376
1 7 28 112 8197 8212 20481 22528 24577 32848 32960 33152 40976 57344 98560 114688 131840 132608 134144 149504 196864 212992
1 7 28 112 8197 8212 20481 22528 24577 32848 32960 33152 40976 57344 114688 131840 132608 134144 149504 164096 212992 229376
1 7 28 112 8197 8212 20481 22528 24577 32848 32960 33152 57344 66304 67072 68608 83968 98560 114688 139280 163856 172032
1 7 28 112 8197 8212 20481 22528 24577 32848 32960 40976 57344 65920 66304 67072 82944 98432 114688 134144 148480 149504
1 7 28 112 8197 8212 20481 22528 24577 32848 32960 40976 57344 65920 66304 67072 98432 114688 134144 149504 197632 212992
1 7 28 112 8197 8212 20481 22528 24577 32848 32960 40976 57344 65920 66304 98432 114688 132608 134144 149504 197120 212992
1 7 28 112 8197 8212 20481 22528 24577 32848 32960 40976 57344 65920 98432 114688 131840 132608 134144 149504 196864 212992
1 7 28 112 8197 8212 20481 22528 24577 32848 32960 40976 57344 66304 67072 68608 83968 98560 114688 131456 163968 164096
1 7 28 112 8197 8212 20481 22528 24577 32848 32960 40976 57344 66304 67072 68608 83968 114688 131456 163968 196864 229376
1 7 28 112 8197 8212 20481 22528 24577 32848 32960 40976 57344 67072 68608 83968 114688 131456 131840 163968 197120 229376
1 7 28 112 8197 8212 20481 22528 24577 32848 32960 40976 57344 68608 83968 114688 131456 131840 132608 163968 197632 229376
1 7 28 112 8197 8212 20481 22528 24577 32848 33088 40976 57344 66304 67072 68608 83968 98560 114688 131264 131392 131456
1 7 28 112 8197 8212 20481 22528 24577 32848 33152 40976 57344 66304 67072 68608 83968 98560 114688 131264 163904 163968
1 7 28 112 8197 8212 20481 22528 24577 32848 40976 57344 65728 65920 66304 98368 114688 132608 134144 149504 197120 212992
1 7 28 112 8197 8212 20481 22528 24577 32848 40976 57344 65728 65920 98368 114688 131840 132608 134144 149504 196864 212992
1 7 28 112 8197 8212 20481 22528 24577 32848 40976 57344 66304 67072 68608 83968 98560 114688 131264 131456 163904 164096
1 7 28 112 8197 8212 20481 22528 24577 32848 40976 57344 66304 67072 68608 83968 114688 131264 131456 163904 196864 229376
1 7 28 112 8197 8212 20481 22528 24577 32848 40976 57344 67072 68608 83968 114688 131264 131456 131840 163904 197120 229376
1 7 28 112 8197 8212 20481 22528 24577 32960 33152 33536 57344 67072 68608 83968 98816 114688 131152 139280 163904 172032
1 7 28 112 8197 8212 20481 22528 24577 32960 33152 40976 57344 66304 67072 68608 83968 98560 114688 131152 163856 163904
1 7 28 112 8197 8212 20481 22528 24577 32960 33152 57344 66304 67072 68608 83968 98560 114688 131152 139280 163904 172032
1 7 28 112 8197 8212 20481 22528 24577 33152 33536 34304 50176 57344 65616 65728 73744 98432 106496 134144 148480 149504
1 7 28 112 8197 8212 20481 22528 24577 33152 33536 34304 57344 68608 83968 99328 114688 131152 131264 139280 163968 172032
1 7 28 112 8197 8212 20481 22528 24577 33152 33536 57344 67072 68608 83968 98816 114688 131152 131264 139280 163968 172032
1 7 28 112 8197 8212 20481 22528 24577 33152 40976 57344 66304 67072 68608 83968 98560 114688 131152 131264 163856 163968
1 7 28 112 8197 8212 20481 22528 24577 33152 57344 66304 67072 68608 83968 98560 114688 131152 131264 139280 163968 172032
1 7 28 112 8197 8212 20481 22528 24577 33536 34304 35840 51200 57344 65616 65728 65920 73744 98560 172032 204800 229376
1 7 28 112 8197 8212 20481 22528 24577 33536 34304 35840 51200 57344 65616 65728 65920 98560 106496 139280 196624 204800
1 7 28 112 8197 8212 20481 22528 24577 33536 34304 35840 51200 57344 65616 65728 65920 98560 139280 172032 196624 229376
1 7 28 112 8197 8212 20481 22528 24577 33536 34304 35840 51200 57344 65616 65728 73744 98560 106496 131456 196736 196864
1 7 28 112 8197 8212 20481 22528 24577 33536 34304 35840 51200 57344 65616 65856 73744 98560 106496 131264 131392 131456
1 7 28 112 8197 8212 20481 22528 24577 33536 34304 35840 51200 57344 65616 65920 73744 98560 106496 131264 196672 196736
1 7 28 112 8197 8212 20481 22528 24577 33536 34304 35840 51200 57344 65616 73744 98560 106496 131264 131456 196672 196864
1 7 28 112 8197 8212 20481 22528 24577 33536 34304 35840 51200 57344 65728 65920 73744 98560 106496 131152 196624 196672
1 7 28 112 8197 8212 20481 22528 24577 33536 34304 35840 51200 57344 65728 65920 98560 106496 131152 139280 196672 204800
1 7 28 112 8197 8212 20481 22528 24577 33536 34304 35840 51200 57344 65728 65920 98560 131152 139280 172032 196672 229376
1 7 28 112 8197 8212 20481 22528 24577 33536 34304 35840 51200 57344 65920 73744 98560 106496 131152 131264 196624 196736
1 7 28 112 8197 8212 20481 22528 24577 33536 34304 35840 51200 57344 65920 98560 106496 131152 131264 139280 196736 204800
1 7 28 112 8197 8212 20481 22528 24577 33536 34304 35840 51200 57344 65920 98560 131152 131264 139280 172032 196736 229376
1 7 28 112 8197 8212 20481 22528 24577 33536 34304 35840 51200 57344 73744 98560 106496 131152 131264 131456 196624 196864
1 7 28 112 8197 8212 20481 22528 24577 33536 34304 35840 51200 57344 98560 106496 131152 131264 131456 139280 196864 204800
1 7 28 112 8197 8212 20481 22528 24577 33536 34304 35840 51200 57344 98560 131152 131264 131456 139280 172032 196864 229376
1 7 28 112 8197 8212 20481 22528 24577 33536 34304 35840 57344 83968 100352 114688 131152 131264 131456 139280 164096 172032
1 7 28 112 8197 8212 20481 22528 24577 33536 34304 50176 57344 65616 65728 65920 73744 98560 106496 134144 148480 149504
1 7 28 112 8197 8212 20481 22528 24577 33536 34304 51200 57344 68608 99328 100352 131152 131264 131456 139280 164096 172032
1 7 28 112 8197 8212 20481 22528 24577 33536 34304 57344 68608 83968 99328 114688 131152 131264 131456 139280 164096 172032
1 7 28 112 8197 8212 20481 22528 24577 33536 35840 51200 57344 67072 98816 99328 131152 131264 131456 139280 164096 172032
1 7 28 112 8197 8212 20481 22528 24577 33536 51200 57344 67072 68608 98816 100352 131152 131264 131456 139280 164096 172032
1 7 28 112 8197 8212 20481 22528 24577 33536 57344 67072 68608 83968 98816 114688 131152 131264 131456 139280 164096 172032
1 7 28 112 8197 8212 20481 22528 24577 34304 35840 51200 57344 65728 65920 66304 98816 106496 131152 139280 196672 204800
1 7 28 112 8197 8212 20481 22528 24577 34304 35840 51200 57344 65728 65920 66304 98816 131152 139280 172032 196672 229376
1 7 28 112 8197 8212 20481 22528 24577 34304 35840 51200 57344 65920 66304 98816 106496 131152 131264 139280 196736 204800
1 7 28 112 8197 8212 20481 22528 24577 34304 35840 51200 57344 65920 66304 98816 131152 131264 139280 172032 196736 229376
1 7 28 112 8197 8212 20481 22528 24577 34304 35840 51200 57344 66304 98560 98816 131152 131264 131456 139280 164096 172032
1 7 28 112 8197 8212 20481 22528 24577 34304 35840 51200 57344 66304 98816 106496 131152 131264 131456 139280 196864 204800
1 7 28 112 8197 8212 20481 22528 24577 34304 35840 51200 57344 66304 98816 131152 131264 131456 139280 172032 196864 229376
1 7 28 112 8197 8212 20481 22528 24577 35840 51200 57344 65920 66304 67072 99328 106496 131152 131264 139280 196736 204800
1 7 28 112 8197 8212 20481 22528 24577 35840 51200 57344 65920 66304 67072 99328 131152 131264 139280 172032 196736 229376
1 7 28 112 8197 8212 20481 22528 24577 35840 51200 57344 66304 67072 98560 99328 131152 131264 131456 139280 164096 172032
1 7 28 112 8197 8212 20481 22528 24577 35840 51200 57344 66304 67072 99328 106496 131152 131264 131456 139280 196864 204800
1 7 28 112 8197 8212 20481 22528 24577 35840 51200 57344 66304 67072 99328 131152 131264 131456 139280 172032 196864 229376
1 7 28 112 8197 8212 20481 22528 24577 40976 57344 65616 65728 65920 98320 114688 131840 132608 134144 149504 196864 212992
1 7 28 112 8197 8212 20481 22528 24577 40976 57344 66304 67072 68608 83968 98560 114688 131152 131264 131456 163856 164096
1 7 28 112 8197 8212 20481 22528 24577 40976 57344 66304 67072 68608 83968 114688 131152 131264 131456 163856 196864 229376
1 7 28 112 8197 8212 20481 22528 24577 51200 57344 66304 67072 68608 98560 100352 131152 131264 131456 139280 164096 172032
1 7 28 112 8197 8212 20481 22528 24577 51200 57344 66304 67072 68608 100352 106496 131152 131264 131456 139280 196864 204800
1 7 28 112 8197 8212 20481 22528 24577 51200 57344 66304 67072 68608 100352 131152 131264 131456 139280 172032 196864 229376
1 7 28 112 8197 8212 20481 22528 24577 57344 65616 65728 65920 73744 106496 114688 131840 132608 134144 149504 196864 212992
1 7 28 112 8197 8212 20481 22528 24577 57344 66304 67072 68608 83968 98560 114688 131152 131264 131456 139280 164096 172032
1 7 28 112 8197 8212 20481 22528 24577 57344 66304 67072 68608 83968 106496 114688 131152 131264 131456 139280 196864 204800
1 7 28 112 8197 8212 20481 22528 24577 57344 66304 67072 68608 83968 114688 131152 131264 131456 139280 172032 196864 229376
1 7 28 112 8197 8212 20481 24577 32848 32960 33152 40976 57344 66304 67072 68608 83968 98560 114688 137216 149504 151552
1 7 28 112 8197 8212 20481 24577 32848 32960 33152 40976 57344 66304 67072 68608 98560 114688 137216 151552 198656 212992
1 7 28 112 8197 8212 20481 24577 32848 32960 33152 40976 57344 66304 67072 82944 98560 114688 134144 137216 148480 151552
1 7 28 112 8197 8212 20481 24577 32848 32960 33152 40976 57344 66304 67072 98560 114688 134144 137216 151552 197632 212992
1 7 28 112 8197 8212 20481 24577 32848 32960 33152 40976 57344 68608 71680 86016 114688 131840 132608 164096 197632 229376
1 7 28 112 8197 8212 20481 24577 32848 32960 33152 40976 57344 71680 86016 114688 131840 132608 134144 164096 198656 229376
1 7 28 112 8197 8212 20481 24577 32848 32960 40976 57344 65920 66304 67072 82944 98432 114688 134144 137216 148480 151552
1 7 28 112 8197 8212 20481 24577 32848 32960 40976 57344 65920 66304 67072 98432 114688 134144 137216 151552 197632 212992
1 7 28 112 8197 8212 20481 24577 32848 32960 40976 57344 65920 66304 98432 114688 132608 134144 137216 151552 197120 212992
1 7 28 112 8197 8212 20481 24577 32848 32960 40976 57344 67072 68608 71680 86016 114688 131456 131840 163968 197120 229376
1 7 28 112 8197 8212 20481 24577 32848 32960 40976 57344 68608 71680 86016 114688 131456 131840 132608 163968 197632 229376
1 7 28 112 8197 8212 20481 24577 32848 40976 57344 65728 65920 66304 98368 114688 132608 134144 137216 151552 197120 212992
1 7 28 112 8197 8212 20481 24577 32848 40976 57344 67072 68608 71680 86016 114688 131264 131456 131840 163904 197120 229376
1 7 28 112 8197 8212 20481 24577 32960 33152 33536 57344 67072 68608 71680 86016 98816 114688 131152 139280 163904 172032
1 7 28 112 8197 8212 20481 24577 33152 33536 34304 50176 57344 65616 65728 73744 98432 106496 134144 137216 148480 151552
1 7 28 112 8197 8212 20481 24577 33152 33536 34304 57344 68608 71680 86016 99328 114688 131152 131264 139280 163968 172032
1 7 28 112 8197 8212 20481 24577 33152 33536 57344 67072 68608 71680 86016 98816 114688 131152 131264 139280 163968 172032
1 7 28 112 8197 8212 20481 24577 33536 34304 35840 51200 57344 65616 65728 65920 73744 98560 106496 137216 149504 151552
1 7 28 112 8197 8212 20481 24577 33536 34304 35840 57344 71680 86016 100352 114688 131152 131264 131456 139280 164096 172032
1 7 28 112 8197 8212 20481 24577 33536 34304 50176 57344 65616 65728 65920 73744 98560 106496 134144 137216 148480 151552
1 7 28 112 8197 8212 20481 24577 33536 34304 57344 68608 71680 86016 99328 114688 131152 131264 131456 139280 164096 172032
1 7 28 112 8197 8212 20481 24577 34304 35840 38912 53248 57344 65728 65920 66304 98816 106496 131152 139280 196672 204800
1 7 28 112 8197 8212 20481 24577 34304 35840 38912 53248 57344 65728 65920 66304 98816 131152 139280 172032 196672 229376
1 7 28 112 8197 8212 20481 24577 34304 35840 38912 53248 57344 65920 66304 98816 106496 131152 131264 139280 196736 204800
1 7 28 112 8197 8212 20481 24577 34304 35840 38912 53248 57344 65920 66304 98816 131152 131264 139280 172032 196736 229376
1 7 28 112 8197 8212 20481 24577 35840 38912 53248 57344 65920 66304 67072 99328 106496 131152 131264 139280 196736 204800
1 7 28 112 8197 8212 20481 24577 35840 38912 53248 57344 65920 66304 67072 99328 131152 131264 139280 172032 196736 229376
1 7 28 112 8197 8212 20481 24577 35840 38912 53248 57344 66304 67072 99328 106496 131152 131264 131456 139280 196864 204800
1 7 28 112 8197 8212 20481 24577 35840 38912 53248 57344 66304 67072 99328 131152 131264 131456 139280 172032 196864 229376
1 7 28 112 8197 8212 20481 24577 38912 53248 57344 66304 67072 68608 100352 106496 131152 131264 131456 139280 196864 204800
1 7 28 112 8197 8212 20481 24577 38912 53248 57344 66304 67072 68608 100352 131152 131264 131456 139280 172032 196864 229376
1 7 28 112 8197 8212 22528 24577 32848 32960 33152 40976 57344 66304 67072 68608 83968 98560 114688 135169 147457 151552
1 7 28 112 8197 8212 22528 24577 33536 34304 35840 51200 57344 65616 65728 65920 73744 98560 106496 135169 147457 151552
1 7 28 112 8197 8212 24577 24592 32848 32960 33152 49168 66304 67072 68608 98560 114688 135169 137216 147457 198656 212992
1 7 28 112 8197 8212 24577 24592 32848 32960 33152 49168 66304 67072 68608 98560 135169 137216 147457 180224 198656 229376
1 7 28 112 8197 8212 24577 24592 32848 32960 33152 49168 66304 67072 98560 114688 134144 135169 137216 147457 197632 212992
1 7 28 112 8197 8212 24577 24592 32848 32960 33152 49168 66304 67072 98560 134144 135169 137216 147457 180224 197632 229376
1 7 28 112 8197 8212 24577 24592 32848 32960 49168 65920 66304 67072 98432 114688 134144 135169 137216 147457 197632 212992
1 7 28 112 8197 8212 24577 24592 32848 32960 49168 65920 66304 67072 98432 134144 135169 137216 147457 180224 197632 229376
1 7 28 112 8197 8212 24577 32848 32960 33152 40976 57344 66304 67072 68608 83968 98560 114688 135169 137216 147457 149504
1 7 28 112 8197 8212 24577 32848 32960 33152 40976 57344 66304 67072 68608 98560 114688 135169 137216 147457 198656 212992
1 7 28 112 8197 8212 24577 32848 32960 33152 40976 57344 66304 67072 82944 98560 114688 134144 135169 137216 147457 148480
1 7 28 112 8197 8212 24577 32848 32960 33152 40976 57344 66304 67072 98560 114688 134144 135169 137216 147457 197632 212992
1 7 28 112 8197 8212 24577 32848 32960 33152 40976 57344 68608 69633 71680 81921 114688 131840 132608 164096 197632 229376
1 7 28 112 8197 8212 24577 32848 32960 33152 40976 57344 69633 71680 81921 114688 131840 132608 134144 164096 198656 229376
1 7 28 112 8197 8212 24577 32848 32960 40976 57344 65920 66304 67072 82944 98432 114688 134144 135169 137216 147457 148480
1 7 28 112 8197 8212 24577 32848 32960 40976 57344 65920 66304 67072 98432 114688 134144 135169 137216 147457 197632 212992
1 7 28 112 8197 8212 24577 32848 32960 40976 57344 68608 69633 71680 81921 114688 131456 131840 132608 163968 197632 229376
1 7 28 112 8197 8212 24577 33152 33536 34304 50176 57344 65616 65728 73744 98432 106496 134144 135169 137216 147457 148480
1 7 28 112 8197 8212 24577 33152 33536 34304 57344 68608 69633 71680 81921 99328 114688 131152 131264 139280 163968 172032
1 7 28 112 8197 8212 24577 33536 34304 35840 51200 57344 65616 65728 65920 73744 98560 106496 135169 137216 147457 149504
1 7 28 112 8197 8212 24577 33536 34304 35840 57344 69633 71680 81921 100352 114688 131152 131264 131456 139280 164096 172032
1 7 28 112 8197 8212 24577 33536 34304 50176 57344 65616 65728 65920 73744 98560 106496 134144 135169 137216 147457 148480
1 7 28 112 8197 8212 24577 33536 34304 57344 68608 69633 71680 81921 99328 114688 131152 131264 131456 139280 164096 172032
1 7 28 112 8197 8212 24577 35840 36865 38912 49153 57344 65920 66304 67072 99328 106496 131152 131264 139280 196736 204800
1 7 28 112 8197 8212 24577 35840 36865 38912 49153 57344 65920 66304 67072 99328 131152 131264 139280 172032 196736 229376
1 7 28 112 8197 8212 24577 35840 36865 38912 49153 57344 66304 67072 99328 106496 131152 131264 131456 139280 196864 204800
1 7 28 112 8197 8212 24577 35840 36865 38912 49153 57344 66304 67072 99328 131152 131264 131456 139280 172032 196864 229376
1 7 28 112 8197 8212 24577 36865 38912 49153 57344 66304 67072 68608 100352 106496 131152 131264 131456 139280 196864 204800
1 7 28 112 8197 8212 24577 36865 38912 49153 57344 66304 67072 68608 100352 131152 131264 131456 139280 172032 196864 229376
1 7 28 112 8197 12289 14336 17152 17920 19456 26624 32788 40964 57344 65616 65728 98320 114688 131456 147712 196736 212992
1 7 28 112 8197 12289 14336 17152 17920 19456 26624 32788 40964 57344 65616 98320 114688 131264 131456 147712 196672 212992
1 7 28 112 8197 12289 14336 17152 17920 19456 26624 32788 40964 57344 65728 65920 82176 98368 114688 131152 163856 163904
1 7 28 112 8197 12289 14336 17152 17920 19456 26624 32788 40964 57344 65728 65920 82176 114688 131152 163856 196672 229376
1 7 28 112 8197 12289 14336 17152 17920 19456 26624 32788 40964 57344 65920 82176 114688 131152 131264 163856 196736 229376
1 7 28 112 8197 12289 14336 17152 17920 19456 26624 32848 32960 57344 65920 82176 98432 114688 131092 139268 163856 172032
1 7 28 112 8197 12289 14336 17152 17920 19456 26624 32848 40964 57344 65728 65920 82176 98368 114688 131092 163844 163856
1 7 28 112 8197 12289 14336 17152 17920 19456 26624 32848 57344 65728 65920 82176 98368 114688 131092 139268 163856 172032
1 7 28 112 8197 12289 14336 17152 17920 19456 26624 32960 33152 49408 57344 65556 73732 98368 106496 131152 196624 196672
1 7 28 112 8197 12289 14336 17152 17920 19456 26624 32960 33152 49408 57344 65616 73732 98368 106496 131092 196612 196624
1 7 28 112 8197 12289 14336 17152 17920 19456 26624 32960 33152 49408 57344 65616 98368 106496 131092 139268 196624 204800
1 7 28 112 8197 12289 14336 17152 17920 19456 26624 32960 33152 49408 57344 65616 98368 131092 139268 172032 196624 229376
1 7 28 112 8197 12289 14336 17152 17920 19456 26624 33152 49408 57344 65616 65728 98432 106496 131092 139268 196624 204800
1 7 28 112 8197 12289 14336 17152 17920 19456 26624 33152 49408 57344 65616 65728 98432 131092 139268 172032 196624 229376
1 7 28 112 8197 12289 14336 17920 19456 26624 32788 40964 57344 65616 65728 98320 114688 131456 131840 147968 196736 212992
1 7 28 112 8197 12289 14336 17920 19456 26624 32788 40964 57344 65616 98320 114688 131264 131456 131840 147968 196672 212992
1 7 28 112 8197 12289 14336 17920 19456 26624 32788 40964 57344 65728 65920 66304 82432 98368 114688 131152 163856 163904
1 7 28 112 8197 12289 14336 17920 19456 26624 32788 40964 57344 65728 65920 66304 82432 114688 131152 163856 196672 229376
1 7 28 112 8197 12289 14336 17920 19456 26624 32788 40964 57344 65920 66304 82432 114688 131152 131264 163856 196736 229376
1 7 28 112 8197 12289 14336 17920 19456 26624 32848 32960 57344 65920 66304 82432 98432 114688 131092 139268 163856 172032
1 7 28 112 8197 12289 14336 17920 19456 26624 32848 40964 57344 65728 65920 66304 82432 98368 114688 131092 163844 163856
1 7 28 112 8197 12289 14336 17920 19456 26624 32848 57344 65728 65920 66304 82432 98368 114688 131092 139268 163856 172032
1 7 28 112 8197 12289 14336 17920 19456 26624 32960 33152 33536 49664 57344 65556 73732 98368 106496 131152 196624 196672
1 7 28 112 8197 12289 14336 17920 19456 26624 32960 33152 33536 49664 57344 65616 73732 98368 106496 131092 196612 196624
1 7 28 112 8197 12289 14336 17920 19456 26624 32960 33152 33536 49664 57344 65616 98368 106496 131092 139268 196624 204800
1 7 28 112 8197 12289 14336 17920 19456 26624 32960 33152 33536 49664 57344 65616 98368 131092 139268 172032 196624 229376
1 7 28 112 8197 12289 14336 17920 19456 26624 33152 33536 49664 57344 65616 65728 98432 106496 131092 139268 196624 204800
1 7 28 112 8197 12289 14336 17920 19456 26624 33152 33536 49664 57344 65616 65728 98432 131092 139268 172032 196624 229376
1 7 28 112 8197 12289 17920 19456 22528 28672 32960 33152 33536 49664 57344 65556 73732 98368 106496 131152 196624 196672
1 7 28 112 8197 12289 17920 19456 22528 28672 32960 33152 33536 49664 57344 65616 73732 98368 106496 131092 196612 196624
1 7 28 112 8197 12289 17920 19456 22528 28672 32960 33152 33536 49664 57344 65616 98368 106496 131092 139268 196624 204800
1 7 28 112 8197 12289 17920 19456 22528 28672 32960 33152 33536 49664 57344 65616 98368 131092 139268 172032 196624 229376
1 7 28 112 8197 12289 17920 19456 22528 28672 32960 33152 33536 49664 65556 73732 90112 98368 114688 131152 196624 196672
1 7 28 112 8197 12289 17920 19456 22528 28672 32960 33152 33536 49664 65616 73732 90112 98368 114688 131092 196612 196624
1 7 28 112 8197 12289 17920 19456 22528 28672 32960 33152 33536 49664 65616 90112 98368 114688 131092 139268 196624 204800
1 7 28 112 8197 12289 17920 19456 22528 28672 32960 33152 33536 49664 65616 98368 114688 131092 139268 155648 196624 212992
1 7 28 112 8197 12289 17920 19456 22528 28672 32960 33152 33536 49664 65616 98368 131092 139268 155648 180224 196624 229376
1 7 28 112 8197 12289 17920 19456 22528 28672 33152 33536 49664 57344 65616 65728 98432 106496 131092 139268 196624 204800
1 7 28 112 8197 12289 17920 19456 22528 28672 33152 33536 49664 57344 65616 65728 98432 131092 139268 172032 196624 229376
1 7 28 112 8197 12289 17920 19456 22528 28672 33152 33536 49664 65616 65728 90112 98432 114688 131092 139268 196624 204800
1 7 28 112 8197 12289 17920 19456 22528 28672 33152 33536 49664 65616 65728 98432 114688 131092 139268 155648 196624 212992
1 7 28 112 8197 12289 17920 19456 22528 28672 33152 33536 49664 65616 65728 98432 131092 139268 155648 180224 196624 229376
1 7 28 224 8197 8212 19456 20481 22528 24577 32816 32928 33152 40976 57344 66304 67072 82944 114688 164096 196864 229376
1 7 28 224 8197 8212 19456 20481 22528 24577 32816 32928 33152 40976 57344 66304 67072 98560 114688 148480 197632 212992
1 7 28 224 8197 8212 19456 20481 22528 24577 32816 32928 33152 40976 57344 66304 82944 98560 114688 132608 197120 197632
1 7 28 224 8197 8212 19456 20481 22528 24577 32816 32928 33152 40976 57344 66304 98560 114688 132608 148480 197120 212992
1 7 28 224 8197 8212 19456 20481 22528 24577 32816 32928 33152 40976 57344 67072 82944 98560 114688 131840 196864 197120
1 7 28 224 8197 8212 19456 20481 22528 24577 32816 32928 33152 40976 57344 67072 82944 114688 131840 164096 197120 229376
1 7 28 224 8197 8212 19456 20481 22528 24577 32816 32928 33152 40976 57344 82944 98560 114688 131840 132608 196864 197632
1 7 28 224 8197 8212 19456 20481 22528 24577 32816 32928 33152 40976 57344 82944 114688 131840 132608 164096 197632 229376
1 7 28 224 8197 8212 19456 20481 22528 24577 32816 32928 33152 40976 57344 98560 114688 131840 132608 148480 196864 212992
1 7 28 224 8197 8212 19456 20481 22528 24577 32816 32928 33152 40976 57344 114688 131840 132608 148480 164096 212992 229376
1 7 28 224 8197 8212 19456 20481 22528 24577 32816 32928 33152 57344 66304 67072 82944 98560 114688 139280 163856 172032
1 7 28 224 8197 8212 19456 20481 22528 24577 32816 32928 40976 57344 65920 66304 67072 82944 114688 163968 196736 229376
1 7 28 224 8197 8212 19456 20481 22528 24577 32816 32928 40976 57344 65920 66304 67072 98432 114688 148480 197632 212992
1 7 28 224 8197 8212 19456 20481 22528 24577 32816 32928 40976 57344 65920 66304 82944 98432 114688 132608 197120 197632
1 7 28 224 8197 8212 19456 20481 22528 24577 32816 32928 40976 57344 65920 66304 98432 114688 132608 148480 197120 212992
1 7 28 224 8197 8212 19456 20481 22528 24577 32816 32928 40976 57344 65920 67072 82944 98432 114688 131840 196864 197120
1 7 28 224 8197 8212 19456 20481 22528 24577 32816 32928 40976 57344 65920 82944 98432 114688 131840 132608 196864 197632
1 7 28 224 8197 8212 19456 20481 22528 24577 32816 32928 40976 57344 65920 98432 114688 131840 132608 148480 196864 212992
1 7 28 224 8197 8212 19456 20481 22528 24577 32816 32928 40976 57344 66304 67072 82944 98432 114688 131456 196736 196864
1 7 28 224 8197 8212 19456 20481 22528 24577 32816 32928 40976 57344 66304 67072 82944 98560 114688 131456 163968 164096
1 7 28 224 8197 8212 19456 20481 22528 24577 32816 32928 40976 57344 66304 67072 82944 114688 131456 163968 196864 229376
1 7 28 224 8197 8212 19456 20481 22528 24577 32816 32928 40976 57344 67072 82944 98432 114688 131456 131840 196736 197120
1 7 28 224 8197 8212 19456 20481 22528 24577 32816 32928 40976 57344 67072 82944 114688 131456 131840 163968 197120 229376
1 7 28 224 8197 8212 19456 20481 22528 24577 32816 32928 40976 57344 82944 98432 114688 131456 131840 132608 196736 197632
1 7 28 224 8197 8212 19456 20481 22528 24577 32816 32928 40976 57344 82944 114688 131456 131840 132608 163968 197632 229376
1 7 28 224 8197 8212 19456 20481 22528 24577 32816 32928 40976 57344 98432 114688 131456 131840 132608 148480 196736 212992
1 7 28 224 8197 8212 19456 20481 22528 24577 32816 32928 40976 57344 114688 131456 131840 132608 148480 163968 212992 229376
1 7 28 224 8197 8212 19456 20481 22528 24577 32816 32928 57344 65920 66304 67072 82944 98432 114688 139280 163856 172032
1 7 28 224 8197 8212 19456 20481 22528 24577 32816 33152 40976 57344 66304 67072 82944 98560 114688 131232 163872 163968
1 7 28 224 8197 8212 19456 20481 22528 24577 32816 40976 57344 65696 65920 98336 114688 131840 132608 148480 196864 212992
1 7 28 224 8197 8212 19456 20481 22528 24577 32816 40976 57344 65696 98336 114688 131456 131840 132608 148480 196736 212992
1 7 28 224 8197 8212 19456 20481 22528 24577 32816 40976 57344 65920 66304 67072 82944 98432 114688 131232 163872 163968
1 7 28 224 8197 8212 19456 20481 22528 24577 32816 40976 57344 65920 66304 67072 82944 114688 131232 163872 196736 229376
1 7 28 224 8197 8212 19456 20481 22528 24577 32816 40976 57344 66304 67072 82944 98560 114688 131232 131456 163872 164096
1 7 28 224 8197 8212 19456 20481 22528 24577 32816 40976 57344 66304 67072 82944 114688 131232 131456 163872 196864 229376
1 7 28 224 8197 8212 19456 20481 22528 24577 32928 33152 40976 57344 66304 67072 82944 98560 114688 131120 163856 163872
1 7 28 224 8197 8212 19456 20481 22528 24577 32928 33152 57344 66304 67072 82944 98560 114688 131120 139280 163872 172032
1 7 28 224 8197 8212 19456 20481 22528 24577 32928 40976 57344 65920 66304 67072 82944 98432 114688 131120 163856 163872
1 7 28 224 8197 8212 19456 20481 22528 24577 32928 57344 65920 66304 67072 82944 98432 114688 131120 139280 163872 172032
1 7 28 224 8197 8212 19456 20481 22528 24577 33152 33536 34304 50176 57344 65584 65696 73744 98432 172032 204800 229376
1 7 28 224 8197 8212 19456 20481 22528 24577 33152 33536 34304 50176 57344 65584 65696 98432 106496 139280 196624 204800
1 7 28 224 8197 8212 19456 20481 22528 24577 33152 33536 34304 50176 57344 65584 65696 98432 139280 172032 196624 229376
1 7 28 224 8197 8212 19456 20481 22528 24577 33152 33536 34304 50176 57344 65584 73744 98432 106496 131232 196640 196736
1 7 28 224 8197 8212 19456 20481 22528 24577 33152 33536 34304 50176 57344 65696 73744 98432 106496 131120 196624 196640
1 7 28 224 8197 8212 19456 20481 22528 24577 33152 33536 34304 50176 57344 65696 98432 106496 131120 139280 196640 204800
1 7 28 224 8197 8212 19456 20481 22528 24577 33152 33536 34304 50176 57344 65696 98432 131120 139280 172032 196640 229376
1 7 28 224 8197 8212 19456 20481 22528 24577 33152 33536 34304 50176 57344 73744 98432 106496 131120 131232 196624 196736
1 7 28 224 8197 8212 19456 20481 22528 24577 33152 33536 34304 50176 57344 98432 106496 131120 131232 139280 196736 204800
1 7 28 224 8197 8212 19456 20481 22528 24577 33152 33536 34304 50176 57344 98432 131120 131232 139280 172032 196736 229376
1 7 28 224 8197 8212 19456 20481 22528 24577 33152 33536 34304 57344 82944 99328 114688 131120 131232 139280 163968 172032
1 7 28 224 8197 8212 19456 20481 22528 24577 33152 33536 50176 57344 67072 98816 99328 131120 131232 139280 163968 172032
1 7 28 224 8197 8212 19456 20481 22528 24577 33152 33536 57344 67072 82944 98816 114688 131120 131232 139280 163968 172032
1 7 28 224 8197 8212 19456 20481 22528 24577 33152 34304 50176 57344 66304 98560 98816 131120 131232 139280 163968 172032
1 7 28 224 8197 8212 19456 20481 22528 24577 33152 40976 57344 66304 67072 82944 98560 114688 131120 131232 163856 163968
1 7 28 224 8197 8212 19456 20481 22528 24577 33152 50176 57344 66304 67072 98560 99328 131120 131232 139280 163968 172032
1 7 28 224 8197 8212 19456 20481 22528 24577 33152 57344 66304 67072 82944 98560 114688 131120 131232 139280 163968 172032
1 7 28 224 8197 8212 19456 20481 22528 24577 33536 34304 50176 57344 65584 65696 65920 73744 98560 172032 204800 229376
1 7 28 224 8197 8212 19456 20481 22528 24577 33536 34304 50176 57344 65584 65696 65920 98560 106496 139280 196624 204800
1 7 28 224 8197 8212 19456 20481 22528 24577 33536 34304 50176 57344 65584 65696 65920 98560 139280 172032 196624 229376
1 7 28 224 8197 8212 19456 20481 22528 24577 33536 34304 50176 57344 65584 65696 73744 98560 106496 131456 196736 196864
1 7 28 224 8197 8212 19456 20481 22528 24577 33536 34304 50176 57344 65584 65920 73744 98560 106496 131232 196640 196736
1 7 28 224 8197 8212 19456 20481 22528 24577 33536 34304 50176 57344 65584 73744 98560 106496 131232 131456 196640 196864
1 7 28 224 8197 8212 19456 20481 22528 24577 33536 34304 50176 57344 65696 65920 73744 98560 106496 131120 196624 196640
1 7 28 224 8197 8212 19456 20481 22528 24577 33536 34304 50176 57344 65696 65920 98560 106496 131120 139280 196640 204800
1 7 28 224 8197 8212 19456 20481 22528 24577 33536 34304 50176 57344 65696 65920 98560 131120 139280 172032 196640 229376
1 7 28 224 8197 8212 19456 20481 22528 24577 33536 34304 50176 57344 65920 73744 98560 106496 131120 131232 196624 196736
1 7 28 224 8197 8212 19456 20481 22528 24577 33536 34304 50176 57344 65920 98432 98560 131120 131232 139280 163968 172032
1 7 28 224 8197 8212 19456 20481 22528 24577 33536 34304 50176 57344 65920 98560 106496 131120 131232 139280 196736 204800
1 7 28 224 8197 8212 19456 20481 22528 24577 33536 34304 50176 57344 65920 98560 131120 131232 139280 172032 196736 229376
1 7 28 224 8197 8212 19456 20481 22528 24577 33536 34304 50176 57344 73744 98560 106496 131120 131232 131456 196624 196864
1 7 28 224 8197 8212 19456 20481 22528 24577 33536 34304 50176 57344 98560 106496 131120 131232 131456 139280 196864 204800
1 7 28 224 8197 8212 19456 20481 22528 24577 33536 34304 50176 57344 98560 131120 131232 131456 139280 172032 196864 229376
1 7 28 224 8197 8212 19456 20481 22528 24577 33536 34304 57344 82944 99328 114688 131120 131232 131456 139280 164096 172032
1 7 28 224 8197 8212 19456 20481 22528 24577 33536 50176 57344 67072 98816 99328 131120 131232 131456 139280 164096 172032
1 7 28 224 8197 8212 19456 20481 22528 24577 33536 57344 67072 82944 98816 114688 131120 131232 131456 139280 164096 172032
1 7 28 224 8197 8212 19456 20481 22528 24577 34304 50176 57344 65920 66304 98432 98816 131120 131232 139280 163968 172032
1 7 28 224 8197 8212 19456 20481 22528 24577 34304 50176 57344 65920 66304 98816 106496 131120 131232 139280 196736 204800
1 7 28 224 8197 8212 19456 20481 22528 24577 34304 50176 57344 65920 66304 98816 131120 131232 139280 172032 196736 229376
1 7 28 224 8197 8212 19456 20481 22528 24577 34304 50176 57344 66304 98560 98816 131120 131232 131456 139280 164096 172032
1 7 28 224 8197 8212 19456 20481 22528 24577 34304 50176 57344 66304 98816 106496 131120 131232 131456 139280 196864 204800
1 7 28 224 8197 8212 19456 20481 22528 24577 34304 50176 57344 66304 98816 131120 131232 131456 139280 172032 196864 229376
1 7 28 224 8197 8212 19456 20481 22528 24577 40976 57344 65584 65696 65920 98320 114688 131840 132608 148480 196864 212992
1 7 28 224 8197 8212 19456 20481 22528 24577 40976 57344 65584 65696 98320 114688 131456 131840 132608 148480 196736 212992
1 7 28 224 8197 8212 19456 20481 22528 24577 40976 57344 65920 66304 67072 82944 98432 114688 131120 131232 163856 163968
1 7 28 224 8197 8212 19456 20481 22528 24577 40976 57344 65920 66304 67072 82944 114688 131120 131232 163856 196736 229376
1 7 28 224 8197 8212 19456 20481 22528 24577 40976 57344 66304 67072 82944 98560 114688 131120 131232 131456 163856 164096
1 7 28 224 8197 8212 19456 20481 22528 24577 40976 57344 66304 67072 82944 114688 131120 131232 131456 163856 196864 229376
1 7 28 224 8197 8212 19456 20481 22528 24577 50176 57344 65920 66304 67072 98432 99328 131120 131232 139280 163968 172032
1 7 28 224 8197 8212 19456 20481 22528 24577 50176 57344 65920 66304 67072 99328 106496 131120 131232 139280 196736 204800
1 7 28 224 8197 8212 19456 20481 22528 24577 50176 57344 65920 66304 67072 99328 131120 131232 139280 172032 196736 229376
1 7 28 224 8197 8212 19456 20481 22528 24577 50176 57344 66304 67072 98560 99328 131120 131232 131456 139280 164096 172032
1 7 28 224 8197 8212 19456 20481 22528 24577 50176 57344 66304 67072 99328 106496 131120 131232 131456 139280 196864 204800
1 7 28 224 8197 8212 19456 20481 22528 24577 50176 57344 66304 67072 99328 131120 131232 131456 139280 172032 196864 229376
1 7 28 224 8197 8212 19456 20481 22528 24577 57344 65584 65696 65920 73744 106496 114688 131840 132608 148480 196864 212992
1 7 28 224 8197 8212 19456 20481 22528 24577 57344 65584 65696 73744 106496 114688 131456 131840 132608 148480 196736 212992
1 7 28 224 8197 8212 19456 20481 22528 24577 57344 65920 66304 67072 82944 98432 114688 131120 131232 139280 163968 172032
1 7 28 224 8197 8212 19456 20481 22528 24577 57344 65920 66304 67072 82944 106496 114688 131120 131232 139280 196736 204800
1 7 28 224 8197 8212 19456 20481 22528 24577 57344 65920 66304 67072 82944 114688 131120 131232 139280 172032 196736 229376
1 7 28 224 8197 8212 19456 20481 22528 24577 57344 66304 67072 82944 98560 114688 131120 131232 131456 139280 164096 172032
1 7 28 224 8197 8212 19456 20481 22528 24577 57344 66304 67072 82944 106496 114688 131120 131232 131456 139280 196864 204800
1 7 28 224 8197 8212 19456 20481 22528 24577 57344 66304 67072 82944 114688 131120 131232 131456 139280 172032 196864 229376
1 7 28 224 8197 8212 19456 20481 24577 32816 32928 33152 40976 57344 66304 67072 82944 98560 114688 137216 149504 151552
1 7 28 224 8197 8212 19456 20481 24577 32816 32928 40976 57344 65920 66304 67072 82944 98432 114688 137216 149504 151552
1 7 28 224 8197 8212 19456 20481 24577 33152 33536 34304 50176 57344 65584 65696 73744 98432 106496 137216 149504 151552
1 7 28 224 8197 8212 19456 20481 24577 33536 34304 50176 57344 65584 65696 65920 73744 98560 106496 137216 149504 151552
1 7 28 224 8197 8212 19456 22528 24577 32816 32928 33152 40976 57344 66304 67072 82944 98560 114688 135169 147457 151552
1 7 28 224 8197 8212 19456 22528 24577 32816 32928 40976 57344 65920 66304 67072 82944 98432 114688 135169 147457 151552
1 7 28 224 8197 8212 19456 22528 24577 33152 33536 34304 50176 57344 65584 65696 73744 98432 106496 135169 147457 151552
1 7 28 224 8197 8212 19456 22528 24577 33536 34304 50176 57344 65584 65696 65920 73744 98560 106496 135169 147457 151552
1 7 28 224 8197 8212 19456 24577 32816 32928 33152 40976 57344 66304 67072 82944 98560 114688 135169 137216 147457 149504
1 7 28 224 8197 8212 19456 24577 32816 32928 40976 57344 65920 66304 67072 82944 98432 114688 135169 137216 147457 149504
1 7 28 224 8197 8212 19456 24577 33152 33536 34304 50176 57344 65584 65696 73744 98432 106496 135169 137216 147457 149504
1 7 28 224 8197 8212 19456 24577 33536 34304 50176 57344 65584 65696 65920 73744 98560 106496 135169 137216 147457 149504
1 7 28 224 8197 8212 20481 22528 24577 32816 32928 33152 40976 57344 66304 67072 82944 98560 114688 134144 148480 149504
1 7 28 224 8197 8212 20481 22528 24577 32816 32928 33152 40976 57344 66304 67072 98560 114688 134144 149504 197632 212992
1 7 28 224 8197 8212 20481 22528 24577 32816 32928 33152 40976 57344 66304 98560 114688 132608 134144 149504 197120 212992
1 7 28 224 8197 8212 20481 22528 24577 32816 32928 33152 40976 57344 67072 68608 83968 114688 131840 164096 197120 229376
1 7 28 224 8197 8212 20481 22528 24577 32816 32928 33152 40976 57344 68608 83968 114688 131840 132608 164096 197632 229376
1 7 28 224 8197 8212 20481 22528 24577 32816 32928 40976 57344 65920 66304 67072 82944 98432 114688 134144 148480 149504
1 7 28 224 8197 8212 20481 22528 24577 32816 32928 40976 57344 65920 66304 67072 98432 114688 134144 149504 197632 212992
1 7 28 224 8197 8212 20481 22528 24577 32816 32928 40976 57344 65920 66304 98432 114688 132608 134144 149504 197120 212992
1 7 28 224 8197 8212 20481 22528 24577 32816 32928 40976 57344 67072 68608 83968 114688 131456 131840 163968 197120 229376
1 7 28 224 8197 8212 20481 22528 24577 32816 32928 40976 57344 68608 83968 114688 131456 131840 132608 163968 197632 229376
1 7 28 224 8197 8212 20481 22528 24577 33152 33536 34304 50176 57344 65584 65696 73744 98432 106496 134144 148480 149504
1 7 28 224 8197 8212 20481 22528 24577 33152 33536 34304 57344 68608 83968 99328 114688 131120 131232 139280 163968 172032
1 7 28 224 8197 8212 20481 22528 24577 33152 33536 57344 67072 68608 83968 98816 114688 131120 131232 139280 163968 172032
1 7 28 224 8197 8212 20481 22528 24577 33536 34304 50176 57344 65584 65696 65920 73744 98560 106496 134144 148480 149504
1 7 28 224 8197 8212 20481 22528 24577 33536 34304 57344 68608 83968 99328 114688 131120 131232 131456 139280 164096 172032
1 7 28 224 8197 8212 20481 22528 24577 33536 57344 67072 68608 83968 98816 114688 131120 131232 131456 139280 164096 172032
1 7 28 224 8197 8212 20481 22528 24577 34304 35840 51200 57344 65920 66304 98816 106496 131120 131232 139280 196736 204800
1 7 28 224 8197 8212 20481 22528 24577 34304 35840 51200 57344 65920 66304 98816 131120 131232 139280 172032 196736 229376
1 7 28 224 8197 8212 20481 22528 24577 34304 35840 51200 57344 66304 98816 106496 131120 131232 131456 139280 196864 204800
1 7 28 224 8197 8212 20481 22528 24577 34304 35840 51200 57344 66304 98816 131120 131232 131456 139280 172032 196864 229376
1 7 28 224 8197 8212 20481 22528 24577 35840 51200 57344 65920 66304 67072 99328 106496 131120 131232 139280 196736 204800
1 7 28 224 8197 8212 20481 22528 24577 35840 51200 57344 65920 66304 67072 99328 131120 131232 139280 172032 196736 229376
1 7 28 224 8197 8212 20481 22528 24577 35840 51200 57344 66304 67072 99328 106496 131120 131232 131456 139280 196864 204800
1 7 28 224 8197 8212 20481 22528 24577 35840 51200 57344 66304 67072 99328 131120 131232 131456 139280 172032 196864 229376
1 7 28 224 8197 8212 20481 24577 32816 32928 33152 40976 57344 66304 67072 82944 98560 114688 134144 137216 148480 151552
1 7 28 224 8197 8212 20481 24577 32816 32928 33152 40976 57344 66304 67072 98560 114688 134144 137216 151552 197632 212992
1 7 28 224 8197 8212 20481 24577 32816 32928 33152 40976 57344 68608 71680 86016 114688 131840 132608 164096 197632 229376
1 7 28 224 8197 8212 20481 24577 32816 32928 40976 57344 65920 66304 67072 82944 98432 114688 134144 137216 148480 151552
1 7 28 224 8197 8212 20481 24577 32816 32928 40976 57344 65920 66304 67072 98432 114688 134144 137216 151552 197632 212992
1 7 28 224 8197 8212 20481 24577 32816 32928 40976 57344 68608 71680 86016 114688 131456 131840 132608 163968 197632 229376
1 7 28 224 8197 8212 20481 24577 33152 33536 34304 50176 57344 65584 65696 73744 98432 106496 134144 137216 148480 151552
1 7 28 224 8197 8212 20481 24577 33152 33536 34304 57344 68608 71680 86016 99328 114688 131120 131232 139280 163968 172032
1 7 28 224 8197 8212 20481 24577 33536 34304 50176 57344 65584 65696 65920 73744 98560 106496 134144 137216 148480 151552
1 7 28 224 8197 8212 20481 24577 33536 34304 57344 68608 71680 86016 99328 114688 131120 131232 131456 139280 164096 172032
1 7 28 224 8197 8212 20481 24577 35840 38912 53248 57344 65920 66304 67072 99328 106496 131120 131232 139280 196736 204800
1 7 28 224 8197 8212 20481 24577 35840 38912 53248 57344 65920 66304 67072 99328 131120 131232 139280 172032 196736 229376
1 7 28 224 8197 8212 20481 24577 35840 38912 53248 57344 66304 67072 99328 106496 131120 131232 131456 139280 196864 204800
1 7 28 224 8197 8212 20481 24577 35840 38912 53248 57344 66304 67072 99328 131120 131232 131456 139280 172032 196864 229376
1 7 28 224 8197 8212 24577 24592 32816 32928 33152 49168 66304 67072 98560 114688 134144 135169 137216 147457 197632 212992
1 7 28 224 8197 8212 24577 24592 32816 32928 33152 49168 66304 67072 98560 134144 135169 137216 147457 180224 197632 229376
1 7 28 224 8197 8212 24577 24592 32816 32928 49168 65920 66304 67072 98432 114688 134144 135169 137216 147457 197632 212992
1 7 28 224 8197 8212 24577 24592 32816 32928 49168 65920 66304 67072 98432 134144 135169 137216 147457 180224 197632 229376
1 7 28 224 8197 8212 24577 32816 32928 33152 40976 57344 66304 67072 82944 98560 114688 134144 135169 137216 147457 148480
1 7 28 224 8197 8212 24577 32816 32928 33152 40976 57344 66304 67072 98560 114688 134144 135169 137216 147457 197632 212992
1 7 28 224 8197 8212 24577 32816 32928 33152 40976 57344 68608 69633 71680 81921 114688 131840 132608 164096 197632 229376
1 7 28 224 8197 8212 24577 32816 32928 40976 57344 65920 66304 67072 82944 98432 114688 134144 135169 137216 147457 148480
1 7 28 224 8197 8212 24577 32816 32928 40976 57344 65920 66304 67072 98432 114688 134144 135169 137216 147457 197632 212992
1 7 28 224 8197 8212 24577 32816 32928 40976 57344 68608 69633 71680 81921 114688 131456 131840 132608 163968 197632 229376
1 7 28 224 8197 8212 24577 33152 33536 34304 50176 57344 65584 65696 73744 98432 106496 134144 135169 137216 147457 148480
1 7 28 224 8197 8212 24577 33152 33536 34304 57344 68608 69633 71680 81921 99328 114688 131120 131232 139280 163968 172032
1 7 28 224 8197 8212 24577 33536 34304 50176 57344 65584 65696 65920 73744 98560 106496 134144 135169 137216 147457 148480
1 7 28 224 8197 8212 24577 33536 34304 57344 68608 69633 71680 81921 99328 114688 131120 131232 131456 139280 164096 172032
1 7 28 224 8197 8212 24577 35840 36865 38912 49153 57344 65920 66304 67072 99328 106496 131120 131232 139280 196736 204800
1 7 28 224 8197 8212 24577 35840 36865 38912 49153 57344 65920 66304 67072 99328 131120 131232 139280 172032 196736 229376
1 7 28 224 8197 8212 24577 35840 36865 38912 49153 57344 66304 67072 99328 106496 131120 131232 131456 139280 196864 204800
1 7 28 224 8197 8212 24577 35840 36865 38912 49153 57344 66304 67072 99328 131120 131232 131456 139280 172032 196864 229376
1 7 28 224 8197 12289 14336 17920 19456 26624 32788 32816 40964 57344 65696 65920 98336 114688 131840 147968 196864 212992
1 7 28 224 8197 12289 14336 17920 19456 26624 32788 32816 40964 57344 65696 98336 114688 131456 131840 147968 196736 212992
1 7 28 224 8197 12289 14336 17920 19456 26624 32788 32816 40964 57344 65920 66304 82432 114688 131232 163872 196736 229376
1 7 28 224 8197 12289 14336 17920 19456 26624 32788 32816 40964 57344 66304 82432 114688 131232 131456 163872 196864 229376
1 7 28 224 8197 12289 14336 17920 19456 26624 32788 40964 57344 65584 65696 98320 114688 131456 131840 147968 196736 212992
1 7 28 224 8197 12289 14336 17920 19456 26624 32788 40964 57344 65920 66304 82432 114688 131120 131232 163856 196736 229376
1 7 28 224 8197 12289 14336 17920 19456 26624 32816 32928 57344 65920 66304 82432 98432 114688 131092 139268 163856 172032
1 7 28 224 8197 12289 14336 17920 19456 26624 32928 33152 57344 66304 82432 98560 114688 131092 131120 139268 163872 172032
1 7 28 224 8197 12289 14336 17920 19456 26624 32928 57344 65920 66304 82432 98432 114688 131092 131120 139268 163872 172032
1 7 28 224 8197 12289 14336 17920 19456 26624 33152 33536 49664 57344 65584 65696 98432 106496 131092 139268 196624 204800
1 7 28 224 8197 12289 14336 17920 19456 26624 33152 33536 49664 57344 65584 65696 98432 131092 139268 172032 196624 229376
1 7 28 224 8197 12289 14336 17920 19456 26624 33152 33536 49664 57344 65696 98432 106496 131092 131120 139268 196640 204800
1 7 28 224 8197 12289 14336 17920 19456 26624 33152 33536 49664 57344 65696 98432 131092 131120 139268 172032 196640 229376
1 7 28 224 8197 12289 14336 17920 19456 26624 33536 49664 57344 65696 65920 98560 106496 131092 131120 139268 196640 204800
1 7 28 224 8197 12289 14336 17920 19456 26624 33536 49664 57344 65696 65920 98560 131092 131120 139268 172032 196640 229376
1 7 28 224 8197 12289 14336 19456 26624 32788 32816 40964 57344 65696 65920 98336 114688 131840 132608 148480 196864 212992
1 7 28 224 8197 12289 14336 19456 26624 32788 32816 40964 57344 65696 98336 114688 131456 131840 132608 148480 196736 212992
1 7 28 224 8197 12289 14336 19456 26624 32788 32816 40964 57344 65920 66304 67072 82944 114688 131232 163872 196736 229376
1 7 28 224 8197 12289 14336 19456 26624 32788 32816 40964 57344 66304 67072 82944 114688 131232 131456 163872 196864 229376
1 7 28 224 8197 12289 14336 19456 26624 32788 40964 57344 65584 65696 98320 114688 131456 131840 132608 148480 196736 212992
1 7 28 224 8197 12289 14336 19456 26624 32788 40964 57344 65920 66304 67072 82944 114688 131120 131232 163856 196736 229376
1 7 28 224 8197 12289 14336 19456 26624 32816 32928 57344 65920 66304 67072 82944 98432 114688 131092 139268 163856 172032
1 7 28 224 8197 12289 14336 19456 26624 32928 33152 57344 66304 67072 82944 98560 114688 131092 131120 139268 163872 172032
1 7 28 224 8197 12289 14336 19456 26624 32928 57344 65920 66304 67072 82944 98432 114688 131092 131120 139268 163872 172032
1 7 28 224 8197 12289 14336 19456 26624 33152 33536 34304 50176 57344 65584 65696 98432 106496 131092 139268 196624 204800
1 7 28 224 8197 12289 14336 19456 26624 33152 33536 34304 50176 57344 65584 65696 98432 131092 139268 172032 196624 229376
1 7 28 224 8197 12289 14336 19456 26624 33152 33536 34304 50176 57344 65696 98432 106496 131092 131120 139268 196640 204800
1 7 28 224 8197 12289 14336 19456 26624 33152 33536 34304 50176 57344 65696 98432 131092 131120 139268 172032 196640 229376
1 7 28 224 8197 12289 14336 19456 26624 33536 34304 50176 57344 65696 65920 98560 106496 131092 131120 139268 196640 204800
1 7 28 224 8197 12289 14336 19456 26624 33536 34304 50176 57344 65696 65920 98560 131092 131120 139268 172032 196640 229376
1 7 28 224 8197 12289 19456 22528 28672 33152 33536 34304 50176 57344 65556 65584 73732 106496 131232 163968 196640 229376
1 7 28 224 8197 12289 19456 22528 28672 33152 33536 34304 50176 57344 65556 73732 106496 131120 131232 163968 196624 229376
1 7 28 224 8197 12289 19456 22528 28672 33152 33536 34304 50176 57344 65584 65696 98432 106496 131092 139268 196624 204800
1 7 28 224 8197 12289 19456 22528 28672 33152 33536 34304 50176 57344 65696 98432 106496 131092 131120 139268 196640 204800
1 7 28 224 8197 12289 19456 22528 28672 33152 33536 34304 50176 65556 65584 73732 90112 114688 131232 163968 196640 229376
1 7 28 224 8197 12289 19456 22528 28672 33152 33536 34304 50176 65556 73732 90112 114688 131120 131232 163968 196624 229376
1 7 28 224 8197 12289 19456 22528 28672 33152 33536 34304 50176 65584 65696 90112 98432 114688 131092 139268 196624 204800
1 7 28 224 8197 12289 19456 22528 28672 33152 33536 34304 50176 65584 65696 98432 114688 131092 139268 155648 196624 212992
1 7 28 224 8197 12289 19456 22528 28672 33152 33536 34304 50176 65696 90112 98432 114688 131092 131120 139268 196640 204800
1 7 28 224 8197 12289 19456 22528 28672 33152 33536 34304 50176 65696 98432 114688 131092 131120 139268 155648 196640 212992
1 7 28 224 8197 12289 19456 22528 28672 33536 34304 50176 57344 65556 65584 73732 106496 131232 131456 164096 196640 229376
1 7 28 224 8197 12289 19456 22528 28672 33536 34304 50176 57344 65556 73732 106496 131120 131232 131456 164096 196624 229376
1 7 28 224 8197 12289 19456 22528 28672 33536 34304 50176 57344 65584 65696 65920 98560 106496 131092 139268 196624 204800
1 7 28 224 8197 12289 19456 22528 28672 33536 34304 50176 57344 65696 65920 98560 106496 131092 131120 139268 196640 204800
1 7 28 224 8197 12289 19456 22528 28672 33536 34304 50176 65556 65584 73732 90112 114688 131232 131456 164096 196640 229376
1 7 28 224 8197 12289 19456 22528 28672 33536 34304 50176 65556 73732 90112 114688 131120 131232 131456 164096 196624 229376
1 7 28 224 8197 12289 19456 22528 28672 33536 34304 50176 65584 65696 65920 90112 98560 114688 131092 139268 196624 204800
1 7 28 224 8197 12289 19456 22528 28672 33536 34304 50176 65584 65696 65920 98560 114688 131092 139268 155648 196624 212992
1 7 28 224 8197 12289 19456 22528 28672 33536 34304 50176 65696 65920 90112 98560 114688 131092 131120 139268 196640 204800
1 7 28 224 8197 12289 19456 22528 28672 33536 34304 50176 65696 65920 98560 114688 131092 131120 139268 155648 196640 212992
1 7 28 224 8197 16404 24577 24580 32816 32928 33152 49168 66304 67072 98560 114688 134144 135169 137216 147457 197632 212992
1 7 28 224 8197 16404 24577 24580 32816 32928 33152 49168 68608 69633 71680 81921 114688 131840 132608 164096 197632 229376
1 7 28 224 8197 16404 24577 24580 32816 32928 49168 65920 66304 67072 98432 114688 134144 135169 137216 147457 197632 212992
1 7 28 224 8197 16404 24577 24580 32816 32928 49168 68608 69633 71680 81921 114688 131456 131840 132608 163968 197632 229376
1 7 28 224 8197 19456 20481 22528 24577 32788 32816 40964 57344 65696 65920 98336 114688 131840 132608 148480 196864 212992
1 7 28 224 8197 19456 20481 22528 24577 32788 32816 40964 57344 65696 98336 114688 131456 131840 132608 148480 196736 212992
1 7 28 224 8197 19456 20481 22528 24577 32788 32816 40964 57344 65920 66304 67072 82944 114688 131232 163872 196736 229376
1 7 28 224 8197 19456 20481 22528 24577 32788 32816 40964 57344 66304 67072 82944 114688 131232 131456 163872 196864 229376
1 7 28 224 8197 19456 20481 22528 24577 32788 40964 57344 65584 65696 65920 98320 114688 131840 132608 148480 196864 212992
1 7 28 224 8197 19456 20481 22528 24577 32788 40964 57344 65584 65696 98320 114688 131456 131840 132608 148480 196736 212992
1 7 28 224 8197 19456 20481 22528 24577 32788 40964 57344 65920 66304 67072 82944 114688 131120 131232 163856 196736 229376
1 7 28 224 8197 19456 20481 22528 24577 32788 40964 57344 66304 67072 82944 114688 131120 131232 131456 163856 196864 229376
1 7 28 224 8197 19456 20481 22528 24577 32816 32928 33152 40976 57344 66304 67072 82944 98560 114688 131092 139268 139280
1 7 28 224 8197 19456 20481 22528 24577 32816 32928 33152 57344 66304 67072 82944 98560 114688 131092 139268 163856 172032
1 7 28 224 8197 19456 20481 22528 24577 32816 32928 40976 57344 65920 66304 67072 82944 98432 114688 131092 139268 139280
1 7 28 224 8197 19456 20481 22528 24577 32816 32928 57344 65920 66304 67072 82944 98432 114688 131092 139268 163856 172032
1 7 28 224 8197 19456 20481 22528 24577 32928 33152 57344 66304 67072 82944 98560 114688 131092 131120 139268 163872 172032
1 7 28 224 8197 19456 20481 22528 24577 32928 57344 65920 66304 67072 82944 98432 114688 131092 131120 139268 163872 172032
1 7 28 224 8197 19456 20481 22528 24577 33152 33536 34304 50176 57344 65584 65696 73744 98432 106496 131092 139268 139280
1 7 28 224 8197 19456 20481 22528 24577 33152 33536 34304 50176 57344 65584 65696 98432 106496 131092 139268 196624 204800
1 7 28 224 8197 19456 20481 22528 24577 33152 33536 34304 50176 57344 65584 65696 98432 131092 139268 172032 196624 229376
1 7 28 224 8197 19456 20481 22528 24577 33152 33536 34304 50176 57344 65696 98432 106496 131092 131120 139268 196640 204800
1 7 28 224 8197 19456 20481 22528 24577 33152 33536 34304 50176 57344 65696 98432 131092 131120 139268 172032 196640 229376
1 7 28 224 8197 19456 20481 22528 24577 33536 34304 50176 57344 65584 65696 65920 73744 98560 106496 131092 139268 139280
1 7 28 224 8197 19456 20481 22528 24577 33536 34304 50176 57344 65584 65696 65920 98560 106496 131092 139268 196624 204800
1 7 28 224 8197 19456 20481 22528 24577 33536 34304 50176 57344 65584 65696 65920 98560 131092 139268 172032 196624 229376
1 7 28 224 8197 19456 20481 22528 24577 33536 34304 50176 57344 65696 65920 98560 106496 131092 131120 139268 196640 204800
1 7 28 224 8197 19456 20481 22528 24577 33536 34304 50176 57344 65696 65920 98560 131092 131120 139268 172032 196640 229376
1 7 28 448 8197 8212 19456 20481 22528 24577 32816 32864 33088 40976 57344 66304 67072 82944 114688 164096 196864 229376
1 7 28 448 8197 8212 19456 20481 22528 24577 32816 32864 33088 40976 57344 66304 67072 98560 114688 148480 197632 212992
1 7 28 448 8197 8212 19456 20481 22528 24577 32816 32864 33088 40976 57344 66304 82944 98560 114688 132608 197120 197632
1 7 28 448 8197 8212 19456 20481 22528 24577 32816 32864 33088 40976 57344 66304 98560 114688 132608 148480 197120 212992
1 7 28 448 8197 8212 19456 20481 22528 24577 32816 32864 33088 40976 57344 67072 82944 98560 114688 131840 196864 197120
1 7 28 448 8197 8212 19456 20481 22528 24577 32816 32864 33088 40976 57344 67072 82944 114688 131840 164096 197120 229376
1 7 28 448 8197 8212 19456 20481 22528 24577 32816 32864 33088 40976 57344 82944 98560 114688 131840 132608 196864 197632
1 7 28 448 8197 8212 19456 20481 22528 24577 32816 32864 33088 40976 57344 82944 114688 131840 132608 164096 197632 229376
1 7 28 448 8197 8212 19456 20481 22528 24577 32816 32864 33088 40976 57344 98560 114688 131840 132608 148480 196864 212992
1 7 28 448 8197 8212 19456 20481 22528 24577 32816 32864 33088 40976 57344 114688 131840 132608 148480 164096 212992 229376
1 7 28 448 8197 8212 19456 20481 22528 24577 32816 32864 33088 57344 66304 67072 82944 98560 114688 139280 163856 172032
1 7 28 448 8197 8212 19456 20481 22528 24577 32816 32864 40976 57344 65856 66304 98368 114688 132608 148480 197120 212992
1 7 28 448 8197 8212 19456 20481 22528 24577 32816 32864 40976 57344 65856 98368 114688 131840 132608 148480 196864 212992
1 7 28 448 8197 8212 19456 20481 22528 24577 32816 32864 40976 57344 66304 67072 82944 98560 114688 131392 163904 164096
1 7 28 448 8197 8212 19456 20481 22528 24577 32816 32864 40976 57344 66304 67072 82944 114688 131392 163904 196864 229376
1 7 28 448 8197 8212 19456 20481 22528 24577 32816 32864 40976 57344 67072 82944 114688 131392 131840 163904 197120 229376
1 7 28 448 8197 8212 19456 20481 22528 24577 32816 33088 40976 57344 66304 67072 82944 98560 114688 131168 163872 163904
1 7 28 448 8197 8212 19456 20481 22528 24577 32816 40976 57344 65632 65856 98336 114688 131840 132608 148480 196864 212992
1 7 28 448 8197 8212 19456 20481 22528 24577 32816 40976 57344 66304 67072 82944 98560 114688 131168 131392 163872 164096
1 7 28 448 8197 8212 19456 20481 22528 24577 32816 40976 57344 66304 67072 82944 114688 131168 131392 163872 196864 229376
1 7 28 448 8197 8212 19456 20481 22528 24577 32848 33088 40976 57344 66304 67072 82944 98560 114688 131120 131152 131168
1 7 28 448 8197 8212 19456 20481 22528 24577 32864 33088 40976 57344 66304 67072 82944 98560 114688 131120 163856 163872
1 7 28 448 8197 8212 19456 20481 22528 24577 32864 33088 57344 66304 67072 82944 98560 114688 131120 139280 163872 172032
1 7 28 448 8197 8212 19456 20481 22528 24577 33088 33536 57344 67072 82944 98816 114688 131120 131168 139280 163904 172032
1 7 28 448 8197 8212 19456 20481 22528 24577 33088 40976 57344 66304 67072 82944 98560 114688 131120 131168 163856 163904
1 7 28 448 8197 8212 19456 20481 22528 24577 33088 57344 66304 67072 82944 98560 114688 131120 131168 139280 163904 172032
1 7 28 448 8197 8212 19456 20481 22528 24577 33536 34304 50176 57344 65584 65632 65856 73744 98560 172032 204800 229376
1 7 28 448 8197 8212 19456 20481 22528 24577 33536 34304 50176 57344 65584 65632 65856 98560 106496 139280 196624 204800
1 7 28 448 8197 8212 19456 20481 22528 24577 33536 34304 50176 57344 65584 65632 65856 98560 139280 172032 196624 229376
1 7 28 448 8197 8212 19456 20481 22528 24577 33536 34304 50176 57344 65584 65632 73744 98560 106496 131392 196672 196864
1 7 28 448 8197 8212 19456 20481 22528 24577 33536 34304 50176 57344 65584 65856 73744 98560 106496 131168 196640 196672
1 7 28 448 8197 8212 19456 20481 22528 24577 33536 34304 50176 57344 65584 73744 98560 106496 131168 131392 196640 196864
1 7 28 448 8197 8212 19456 20481 22528 24577 33536 34304 50176 57344 65616 65856 73744 98560 106496 131120 131152 131168
1 7 28 448 8197 8212 19456 20481 22528 24577 33536 34304 50176 57344 65632 65856 73744 98560 106496 131120 196624 196640
1 7 28 448 8197 8212 19456 20481 22528 24577 33536 34304 50176 57344 65632 65856 98560 106496 131120 139280 196640 204800
1 7 28 448 8197 8212 19456 20481 22528 24577 33536 34304 50176 57344 65632 65856 98560 131120 139280 172032 196640 229376
1 7 28 448 8197 8212 19456 20481 22528 24577 33536 34304 50176 57344 65856 73744 98560 106496 131120 131168 196624 196672
1 7 28 448 8197 8212 19456 20481 22528 24577 33536 34304 50176 57344 65856 98560 106496 131120 131168 139280 196672 204800
1 7 28 448 8197 8212 19456 20481 22528 24577 33536 34304 50176 57344 65856 98560 131120 131168 139280 172032 196672 229376
1 7 28 448 8197 8212 19456 20481 22528 24577 33536 34304 50176 57344 73744 98560 106496 131120 131168 131392 196624 196864
1 7 28 448 8197 8212 19456 20481 22528 24577 33536 34304 50176 57344 98560 106496 131120 131168 131392 139280 196864 204800
1 7 28 448 8197 8212 19456 20481 22528 24577 33536 34304 50176 57344 98560 131120 131168 131392 139280 172032 196864 229376
1 7 28 448 8197 8212 19456 20481 22528 24577 33536 34304 57344 82944 99328 114688 131120 131168 131392 139280 164096 172032
1 7 28 448 8197 8212 19456 20481 22528 24577 33536 50176 57344 67072 98816 99328 131120 131168 131392 139280 164096 172032
1 7 28 448 8197 8212 19456 20481 22528 24577 33536 57344 67072 82944 98816 114688 131120 131168 131392 139280 164096 172032
1 7 28 448 8197 8212 19456 20481 22528 24577 34304 50176 57344 65856 66304 98816 106496 131120 131168 139280 196672 204800
1 7 28 448 8197 8212 19456 20481 22528 24577 34304 50176 57344 65856 66304 98816 131120 131168 139280 172032 196672 229376
1 7 28 448 8197 8212 19456 20481 22528 24577 34304 50176 57344 66304 98560 98816 131120 131168 131392 139280 164096 172032
1 7 28 448 8197 8212 19456 20481 22528 24577 34304 50176 57344 66304 98816 106496 131120 131168 131392 139280 196864 204800
1 7 28 448 8197 8212 19456 20481 22528 24577 34304 50176 57344 66304 98816 131120 131168 131392 139280 172032 196864 229376
1 7 28 448 8197 8212 19456 20481 22528 24577 40976 57344 65584 65632 65856 98320 114688 131840 132608 148480 196864 212992
1 7 28 448 8197 8212 19456 20481 22528 24577 40976 57344 66304 67072 82944 98560 114688 131120 131168 131392 163856 164096
1 7 28 448 8197 8212 19456 20481 22528 24577 40976 57344 66304 67072 82944 114688 131120 131168 131392 163856 196864 229376
1 7 28 448 8197 8212 19456 20481 22528 24577 50176 57344 66304 67072 98560 99328 131120 131168 131392 139280 164096 172032
1 7 28 448 8197 8212 19456 20481 22528 24577 50176 57344 66304 67072 99328 106496 131120 131168 131392 139280 196864 204800
1 7 28 448 8197 8212 19456 20481 22528 24577 50176 57344 66304 67072 99328 131120 131168 131392 139280 172032 196864 229376
1 7 28 448 8197 8212 19456 20481 22528 24577 57344 65584 65632 65856 73744 106496 114688 131840 132608 148480 196864 212992
1 7 28 448 8197 8212 19456 20481 22528 24577 57344 66304 67072 82944 98560 114688 131120 131168 131392 139280 164096 172032
1 7 28 448 8197 8212 19456 20481 22528 24577 57344 66304 67072 82944 106496 114688 131120 131168 131392 139280 196864 204800
1 7 28 448 8197 8212 19456 20481 22528 24577 57344 66304 67072 82944 114688 131120 131168 131392 139280 172032 196864 229376
1 7 28 448 8197 8212 19456 20481 24577 32816 32864 33088 40976 57344 66304 67072 82944 98560 114688 137216 149504 151552
1 7 28 448 8197 8212 19456 20481 24577 33536 34304 50176 57344 65584 65632 65856 73744 98560 106496 137216 149504 151552
1 7 28 448 8197 8212 19456 22528 24577 32816 32864 33088 40976 57344 66304 67072 82944 98560 114688 135169 147457 151552
1 7 28 448 8197 8212 19456 22528 24577 33536 34304 50176 57344 65584 65632 65856 73744 98560 106496 135169 147457 151552
1 7 28 448 8197 8212 19456 24577 32816 32864 33088 40976 57344 66304 67072 82944 98560 114688 135169 137216 147457 149504
1 7 28 448 8197 8212 19456 24577 33536 34304 50176 57344 65584 65632 65856 73744 98560 106496 135169 137216 147457 149504
1 7 28 448 8197 8212 20481 22528 24577 32816 32864 33088 40976 57344 66304 67072 68608 83968 114688 164096 196864 229376
1 7 28 448 8197 8212 20481 22528 24577 32816 32864 33088 40976 57344 66304 67072 68608 98560 114688 149504 198656 212992
1 7 28 448 8197 8212 20481 22528 24577 32816 32864 33088 40976 57344 66304 67072 82944 98560 114688 134144 148480 149504
1 7 28 448 8197 8212 20481 22528 24577 32816 32864 33088 40976 57344 66304 67072 83968 98560 114688 134144 197632 198656
1 7 28 448 8197 8212 20481 22528 24577 32816 32864 33088 40976 57344 66304 67072 98560 114688 134144 149504 197632 212992
1 7 28 448 8197 8212 20481 22528 24577 32816 32864 33088 40976 57344 66304 68608 83968 98560 114688 132608 197120 197632
1 7 28 448 8197 8212 20481 22528 24577 32816 32864 33088 40976 57344 66304 83968 98560 114688 132608 134144 197120 198656
1 7 28 448 8197 8212 20481 22528 24577 32816 32864 33088 40976 57344 66304 98560 114688 132608 134144 149504 197120 212992
1 7 28 448 8197 8212 20481 22528 24577 32816 32864 33088 40976 57344 67072 68608 83968 98560 114688 131840 196864 197120
1 7 28 448 8197 8212 20481 22528 24577 32816 32864 33088 40976 57344 67072 68608 83968 114688 131840 164096 197120 229376
1 7 28 448 8197 8212 20481 22528 24577 32816 32864 33088 40976 57344 68608 83968 98560 114688 131840 132608 196864 197632
1 7 28 448 8197 8212 20481 22528 24577 32816 32864 33088 40976 57344 68608 83968 114688 131840 132608 164096 197632 229376
1 7 28 448 8197 8212 20481 22528 24577 32816 32864 33088 40976 57344 83968 98560 114688 131840 132608 134144 196864 198656
1 7 28 448 8197 8212 20481 22528 24577 32816 32864 33088 40976 57344 83968 114688 131840 132608 134144 164096 198656 229376
1 7 28 448 8197 8212 20481 22528 24577 32816 32864 33088 40976 57344 98560 114688 131840 132608 134144 149504 196864 212992
1 7 28 448 8197 8212 20481 22528 24577 32816 32864 33088 40976 57344 114688 131840 132608 134144 149504 164096 212992 229376
1 7 28 448 8197 8212 20481 22528 24577 32816 32864 33088 57344 66304 67072 68608 83968 98560 114688 139280 163856 172032
1 7 28 448 8197 8212 20481 22528 24577 32816 32864 40976 57344 65856 66304 98368 114688 132608 134144 149504 197120 212992
1 7 28 448 8197 8212 20481 22528 24577 32816 32864 40976 57344 65856 98368 114688 131840 132608 134144 149504 196864 212992
1 7 28 448 8197 8212 20481 22528 24577 32816 32864 40976 57344 66304 67072 68608 83968 98560 114688 131392 163904 164096
1 7 28 448 8197 8212 20481 22528 24577 32816 32864 40976 57344 66304 67072 68608 83968 114688 131392 163904 196864 229376
1 7 28 448 8197 8212 20481 22528 24577 32816 32864 40976 57344 67072 68608 83968 114688 131392 131840 163904 197120 229376
1 7 28 448 8197 8212 20481 22528 24577 32816 33088 40976 57344 66304 67072 68608 83968 98560 114688 131168 163872 163904
1 7 28 448 8197 8212 20481 22528 24577 32816 40976 57344 65632 65856 98336 114688 131840 132608 134144 149504 196864 212992
1 7 28 448 8197 8212 20481 22528 24577 32816 40976 57344 66304 67072 68608 83968 98560 114688 131168 131392 163872 164096
1 7 28 448 8197 8212 20481 22528 24577 32816 40976 57344 66304 67072 68608 83968 114688 131168 131392 163872 196864 229376
1 7 28 448 8197 8212 20481 22528 24577 32848 33088 40976 57344 66304 67072 68608 83968 98560 114688 131120 131152 131168
1 7 28 448 8197 8212 20481 22528 24577 32864 33088 40976 57344 66304 67072 68608 83968 98560 114688 131120 163856 163872
1 7 28 448 8197 8212 20481 22528 24577 32864 33088 57344 66304 67072 68608 83968 98560 114688 131120 139280 163872 172032
1 7 28 448 8197 8212 20481 22528 24577 33088 33536 57344 67072 68608 83968 98816 114688 131120 131168 139280 163904 172032
1 7 28 448 8197 8212 20481 22528 24577 33088 40976 57344 66304 67072 68608 83968 98560 114688 131120 131168 163856 163904
1 7 28 448 8197 8212 20481 22528 24577 33088 57344 66304 67072 68608 83968 98560 114688 131120 131168 139280 163904 172032
1 7 28 448 8197 8212 20481 22528 24577 33536 34304 35840 51200 57344 65584 65632 65856 73744 98560 172032 204800 229376
1 7 28 448 8197 8212 20481 22528 24577 33536 34304 35840 51200 57344 65584 65632 65856 98560 106496 139280 196624 204800
1 7 28 448 8197 8212 20481 22528 24577 33536 34304 35840 51200 57344 65584 65632 65856 98560 139280 172032 196624 229376
1 7 28 448 8197 8212 20481 22528 24577 33536 34304 35840 51200 57344 65584 65632 73744 98560 106496 131392 196672 196864
1 7 28 448 8197 8212 20481 22528 24577 33536 34304 35840 51200 57344 65584 65856 73744 98560 106496 131168 196640 196672
1 7 28 448 8197 8212 20481 22528 24577 33536 34304 35840 51200 57344 65584 73744 98560 106496 131168 131392 196640 196864
1 7 28 448 8197 8212 20481 22528 24577 33536 34304 35840 51200 57344 65616 65856 73744 98560 106496 131120 131152 131168
1 7 28 448 8197 8212 20481 22528 24577 33536 34304 35840 51200 57344 65632 65856 73744 98560 106496 131120 196624 196640
1 7 28 448 8197 8212 20481 22528 24577 33536 34304 35840 51200 57344 65632 65856 98560 106496 131120 139280 196640 204800
1 7 28 448 8197 8212 20481 22528 24577 33536 34304 35840 51200 57344 65632 65856 98560 131120 139280 172032 196640 229376
1 7 28 448 8197 8212 20481 22528 24577 33536 34304 35840 51200 57344 65856 73744 98560 106496 131120 131168 196624 196672
1 7 28 448 8197 8212 20481 22528 24577 33536 34304 35840 51200 57344 65856 98560 106496 131120 131168 139280 196672 204800
1 7 28 448 8197 8212 20481 22528 24577 33536 34304 35840 51200 57344 65856 98560 131120 131168 139280 172032 196672 229376
1 7 28 448 8197 8212 20481 22528 24577 33536 34304 35840 51200 57344 73744 98560 106496 131120 131168 131392 196624 196864
1 7 28 448 8197 8212 20481 22528 24577 33536 34304 35840 51200 57344 98560 106496 131120 131168 131392 139280 196864 204800
1 7 28 448 8197 8212 20481 22528 24577 33536 34304 35840 51200 57344 98560 131120 131168 131392 139280 172032 196864 229376
1 7 28 448 8197 8212 20481 22528 24577 33536 34304 35840 57344 83968 100352 114688 131120 131168 131392 139280 164096 172032
1 7 28 448 8197 8212 20481 22528 24577 33536 34304 50176 57344 65584 65632 65856 73744 98560 106496 134144 148480 149504
1 7 28 448 8197 8212 20481 22528 24577 33536 34304 51200 57344 68608 99328 100352 131120 131168 131392 139280 164096 172032
1 7 28 448 8197 8212 20481 22528 24577 33536 34304 57344 68608 83968 99328 114688 131120 131168 131392 139280 164096 172032
1 7 28 448 8197 8212 20481 22528 24577 33536 35840 51200 57344 67072 98816 99328 131120 131168 131392 139280 164096 172032
1 7 28 448 8197 8212 20481 22528 24577 33536 51200 57344 67072 68608 98816 100352 131120 131168 131392 139280 164096 172032
1 7 28 448 8197 8212 20481 22528 24577 33536 57344 67072 68608 83968 98816 114688 131120 131168 131392 139280 164096 172032
1 7 28 448 8197 8212 20481 22528 24577 34304 35840 51200 57344 65856 66304 98816 106496 131120 131168 139280 196672 204800
1 7 28 448 8197 8212 20481 22528 24577 34304 35840 51200 57344 65856 66304 98816 131120 131168 139280 172032 196672 229376
1 7 28 448 8197 8212 20481 22528 24577 34304 35840 51200 57344 66304 98560 98816 131120 131168 131392 139280 164096 172032
1 7 28 448 8197 8212 20481 22528 24577 34304 35840 51200 57344 66304 98816 106496 131120 131168 131392 139280 196864 204800
1 7 28 448 8197 8212 20481 22528 24577 34304 35840 51200 57344 66304 98816 131120 131168 131392 139280 172032 196864 229376
1 7 28 448 8197 8212 20481 22528 24577 35840 51200 57344 66304 67072 98560 99328 131120 131168 131392 139280 164096 172032
1 7 28 448 8197 8212 20481 22528 24577 35840 51200 57344 66304 67072 99328 106496 131120 131168 131392 139280 196864 204800
1 7 28 448 8197 8212 20481 22528 24577 35840 51200 57344 66304 67072 99328 131120 131168 131392 139280 172032 196864 229376
1 7 28 448 8197 8212 20481 22528 24577 40976 57344 65584 65632 65856 98320 114688 131840 132608 134144 149504 196864 212992
1 7 28 448 8197 8212 20481 22528 24577 40976 57344 66304 67072 68608 83968 98560 114688 131120 131168 131392 163856 164096
1 7 28 448 8197 8212 20481 22528 24577 40976 57344 66304 67072 68608 83968 114688 131120 131168 131392 163856 196864 229376
1 7 28 448 8197 8212 20481 22528 24577 51200 57344 66304 67072 68608 98560 100352 131120 131168 131392 139280 164096 172032
1 7 28 448 8197 8212 20481 22528 24577 51200 57344 66304 67072 68608 100352 106496 131120 131168 131392 139280 196864 204800
1 7 28 448 8197 8212 20481 22528 24577 51200 57344 66304 67072 68608 100352 131120 131168 131392 139280 172032 196864 229376
1 7 28 448 8197 8212 20481 22528 24577 57344 65584 65632 65856 73744 106496 114688 131840 132608 134144 149504 196864 212992
1 7 28 448 8197 8212 20481 22528 24577 57344 66304 67072 68608 83968 98560 114688 131120 131168 131392 139280 164096 172032
1 7 28 448 8197 8212 20481 22528 24577 57344 66304 67072 68608 83968 106496 114688 131120 131168 131392 139280 196864 204800
1 7 28 448 8197 8212 20481 22528 24577 57344 66304 67072 68608 83968 114688 131120 131168 131392 139280 172032 196864 229376
1 7 28 448 8197 8212 20481 24577 32816 32864 33088 40976 57344 66304 67072 68608 83968 98560 114688 137216 149504 151552
1 7 28 448 8197 8212 20481 24577 32816 32864 33088 40976 57344 66304 67072 68608 98560 114688 137216 151552 198656 212992
1 7 28 448 8197 8212 20481 24577 32816 32864 33088 40976 57344 66304 67072 82944 98560 114688 134144 137216 148480 151552
1 7 28 448 8197 8212 20481 24577 32816 32864 33088 40976 57344 66304 67072 98560 114688 134144 137216 151552 197632 212992
1 7 28 448 8197 8212 20481 24577 32816 32864 33088 40976 57344 68608 71680 86016 114688 131840 132608 164096 197632 229376
1 7 28 448 8197 8212 20481 24577 32816 32864 33088 40976 57344 71680 86016 114688 131840 132608 134144 164096 198656 229376
1 7 28 448 8197 8212 20481 24577 33536 34304 35840 51200 57344 65584 65632 65856 73744 98560 106496 137216 149504 151552
1 7 28 448 8197 8212 20481 24577 33536 34304 35840 57344 71680 86016 100352 114688 131120 131168 131392 139280 164096 172032
1 7 28 448 8197 8212 20481 24577 33536 34304 50176 57344 65584 65632 65856 73744 98560 106496 134144 137216 148480 151552
1 7 28 448 8197 8212 20481 24577 33536 34304 57344 68608 71680 86016 99328 114688 131120 131168 131392 139280 164096 172032
1 7 28 448 8197 8212 20481 24577 35840 38912 53248 57344 66304 67072 99328 106496 131120 131168 131392 139280 196864 204800
1 7 28 448 8197 8212 20481 24577 35840 38912 53248 57344 66304 67072 99328 131120 131168 131392 139280 172032 196864 229376
1 7 28 448 8197 8212 20481 24577 38912 53248 57344 66304 67072 68608 100352 106496 131120 131168 131392 139280 196864 204800
1 7 28 448 8197 8212 20481 24577 38912 53248 57344 66304 67072 68608 100352 131120 131168 131392 139280 172032 196864 229376
1 7 28 448 8197 8212 22528 24577 32816 32864 33088 40976 57344 66304 67072 68608 83968 98560 114688 135169 147457 151552
1 7 28 448 8197 8212 22528 24577 33536 34304 35840 51200 57344 65584 65632 65856 73744 98560 106496 135169 147457 151552
1 7 28 448 8197 8212 24577 24592 32816 32864 33088 49168 66304 67072 68608 98560 114688 135169 137216 147457 198656 212992
1 7 28 448 8197 8212 24577 24592 32816 32864 33088 49168 66304 67072 68608 98560 135169 137216 147457 180224 198656 229376
1 7 28 448 8197 8212 24577 24592 32816 32864 33088 49168 66304 67072 98560 114688 134144 135169 137216 147457 197632 212992
1 7 28 448 8197 8212 24577 24592 32816 32864 33088 49168 66304 67072 98560 134144 135169 137216 147457 180224 197632 229376
1 7 28 448 8197 8212 24577 32816 32864 33088 40976 57344 66304 67072 68608 83968 98560 114688 135169 137216 147457 149504
1 7 28 448 8197 8212 24577 32816 32864 33088 40976 57344 66304 67072 68608 98560 114688 135169 137216 147457 198656 212992
1 7 28 448 8197 8212 24577 32816 32864 33088 40976 57344 66304 67072 82944 98560 114688 134144 135169 137216 147457 148480
1 7 28 448 8197 8212 24577 32816 32864 33088 40976 57344 66304 67072 98560 114688 134144 135169 137216 147457 197632 212992
1 7 28 448 8197 8212 24577 32816 32864 33088 40976 57344 68608 69633 71680 81921 114688 131840 132608 164096 197632 229376
1 7 28 448 8197 8212 24577 32816 32864 33088 40976 57344 69633 71680 81921 114688 131840 132608 134144 164096 198656 229376
1 7 28 448 8197 8212 24577 33536 34304 35840 51200 57344 65584 65632 65856 73744 98560 106496 135169 137216 147457 149504
1 7 28 448 8197 8212 24577 33536 34304 35840 57344 69633 71680 81921 100352 114688 131120 131168 131392 139280 164096 172032
1 7 28 448 8197 8212 24577 33536 34304 50176 57344 65584 65632 65856 73744 98560 106496 134144 135169 137216 147457 148480
1 7 28 448 8197 8212 24577 33536 34304 57344 68608 69633 71680 81921 99328 114688 131120 131168 131392 139280 164096 172032
1 7 28 448 8197 8212 24577 35840 36865 38912 49153 57344 66304 67072 99328 106496 131120 131168 131392 139280 196864 204800
1 7 28 448 8197 8212 24577 35840 36865 38912 49153 57344 66304 67072 99328 131120 131168 131392 139280 172032 196864 229376
1 7 28 448 8197 8212 24577 36865 38912 49153 57344 66304 67072 68608 100352 106496 131120 131168 131392 139280 196864 204800
1 7 28 448 8197 8212 24577 36865 38912 49153 57344 66304 67072 68608 100352 131120 131168 131392 139280 172032 196864 229376
1 7 28 448 8197 12289 14336 17152 17920 19456 26624 32788 32816 32864 40964 57344 65856 82176 114688 163904 196672 229376
1 7 28 448 8197 12289 14336 17152 17920 19456 26624 32788 32816 32864 40964 57344 65856 98368 114688 147712 196864 212992
1 7 28 448 8197 12289 14336 17152 17920 19456 26624 32788 32816 32864 40964 57344 82176 98368 114688 131392 196672 196864
1 7 28 448 8197 12289 14336 17152 17920 19456 26624 32788 32816 32864 40964 57344 82176 114688 131392 163904 196864 229376
1 7 28 448 8197 12289 14336 17152 17920 19456 26624 32788 32816 32864 40964 57344 98368 114688 131392 147712 196672 212992
1 7 28 448 8197 12289 14336 17152 17920 19456 26624 32788 32816 32864 40964 57344 114688 131392 147712 163904 212992 229376
1 7 28 448 8197 12289 14336 17152 17920 19456 26624 32788 32816 32864 57344 65856 82176 98368 114688 139268 163844 172032
1 7 28 448 8197 12289 14336 17152 17920 19456 26624 32788 32816 40964 57344 65632 65856 82176 114688 163872 196640 229376
1 7 28 448 8197 12289 14336 17152 17920 19456 26624 32788 32816 40964 57344 65632 65856 98336 114688 147712 196864 212992
1 7 28 448 8197 12289 14336 17152 17920 19456 26624 32788 32816 40964 57344 65632 82176 98336 114688 131392 196672 196864
1 7 28 448 8197 12289 14336 17152 17920 19456 26624 32788 32816 40964 57344 65632 98336 114688 131392 147712 196672 212992
1 7 28 448 8197 12289 14336 17152 17920 19456 26624 32788 32816 40964 57344 65856 82176 98336 114688 131168 196640 196672
1 7 28 448 8197 12289 14336 17152 17920 19456 26624 32788 32816 40964 57344 65856 82176 98368 114688 131168 163872 163904
1 7 28 448 8197 12289 14336 17152 17920 19456 26624 32788 32816 40964 57344 65856 82176 114688 131168 163872 196672 229376
1 7 28 448 8197 12289 14336 17152 17920 19456 26624 32788 32816 40964 57344 82176 98336 114688 131168 131392 196640 196864
1 7 28 448 8197 12289 14336 17152 17920 19456 26624 32788 32816 40964 57344 82176 114688 131168 131392 163872 196864 229376
1 7 28 448 8197 12289 14336 17152 17920 19456 26624 32788 32816 40964 57344 98336 114688 131168 131392 147712 196640 212992
1 7 28 448 8197 12289 14336 17152 17920 19456 26624 32788 32816 40964 57344 114688 131168 131392 147712 163872 212992 229376
1 7 28 448 8197 12289 14336 17152 17920 19456 26624 32788 32816 57344 65632 65856 82176 98336 114688 139268 163844 172032
1 7 28 448 8197 12289 14336 17152 17920 19456 26624 32788 32864 40964 57344 65856 82176 98368 114688 131120 163856 163872
1 7 28 448 8197 12289 14336 17152 17920 19456 26624 32788 40964 57344 65584 65632 98320 114688 131392 147712 196672 212992
1 7 28 448 8197 12289 14336 17152 17920 19456 26624 32788 40964 57344 65584 98320 114688 131168 131392 147712 196640 212992
1 7 28 448 8197 12289 14336 17152 17920 19456 26624 32788 40964 57344 65632 65856 82176 98336 114688 131120 163856 163872
1 7 28 448 8197 12289 14336 17152 17920 19456 26624 32788 40964 57344 65632 65856 82176 114688 131120 163856 196640 229376
1 7 28 448 8197 12289 14336 17152 17920 19456 26624 32788 40964 57344 65856 82176 98368 114688 131120 131168 163856 163904
1 7 28 448 8197 12289 14336 17152 17920 19456 26624 32788 40964 57344 65856 82176 114688 131120 131168 163856 196672 229376
1 7 28 448 8197 12289 14336 17152 17920 19456 26624 32816 32864 40964 57344 65856 82176 98368 114688 131092 163844 163856
1 7 28 448 8197 12289 14336 17152 17920 19456 26624 32816 32864 57344 65856 82176 98368 114688 131092 139268 163856 172032
1 7 28 448 8197 12289 14336 17152 17920 19456 26624 32816 40964 57344 65632 65856 82176 98336 114688 131092 163844 163856
1 7 28 448 8197 12289 14336 17152 17920 19456 26624 32816 57344 65632 65856 82176 98336 114688 131092 139268 163856 172032
1 7 28 448 8197 12289 14336 17152 17920 19456 26624 32864 33088 49408 57344 65556 65584 73732 98336 172032 204800 229376
1 7 28 448 8197 12289 14336 17152 17920 19456 26624 32864 33088 49408 57344 65556 65584 98336 106496 139268 196612 204800
1 7 28 448 8197 12289 14336 17152 17920 19456 26624 32864 33088 49408 57344 65556 65584 98336 139268 172032 196612 229376
1 7 28 448 8197 12289 14336 17152 17920 19456 26624 32864 33088 49408 57344 65556 73732 98336 106496 131120 196624 196640
1 7 28 448 8197 12289 14336 17152 17920 19456 26624 32864 33088 49408 57344 65584 73732 98336 106496 131092 196612 196624
1 7 28 448 8197 12289 14336 17152 17920 19456 26624 32864 33088 49408 57344 65584 98336 106496 131092 139268 196624 204800
1 7 28 448 8197 12289 14336 17152 17920 19456 26624 32864 33088 49408 57344 65584 98336 131092 139268 172032 196624 229376
1 7 28 448 8197 12289 14336 17152 17920 19456 26624 32864 33088 49408 57344 73732 98336 106496 131092 131120 196612 196640
1 7 28 448 8197 12289 14336 17152 17920 19456 26624 32864 33088 49408 57344 98336 106496 131092 131120 139268 196640 204800
1 7 28 448 8197 12289 14336 17152 17920 19456 26624 32864 33088 49408 57344 98336 131092 131120 139268 172032 196640 229376
1 7 28 448 8197 12289 14336 17152 17920 19456 26624 32864 33088 57344 82176 98560 114688 131092 131120 139268 163872 172032
1 7 28 448 8197 12289 14336 17152 17920 19456 26624 32864 40964 57344 65856 82176 98368 114688 131092 131120 163844 163872
1 7 28 448 8197 12289 14336 17152 17920 19456 26624 32864 49408 57344 65856 98368 98560 131092 131120 139268 163872 172032
1 7 28 448 8197 12289 14336 17152 17920 19456 26624 32864 57344 65856 82176 98368 114688 131092 131120 139268 163872 172032
1 7 28 448 8197 12289 14336 17152 17920 19456 26624 33088 49408 57344 65556 65584 65632 73732 98368 172032 204800 229376
1 7 28 448 8197 12289 14336 17152 17920 19456 26624 33088 49408 57344 65556 65584 65632 98368 106496 139268 196612 204800
1 7 28 448 8197 12289 14336 17152 17920 19456 26624 33088 49408 57344 65556 65584 65632 98368 139268 172032 196612 229376
1 7 28 448 8197 12289 14336 17152 17920 19456 26624 33088 49408 57344 65556 65584 73732 98368 106496 131168 196640 196672
1 7 28 448 8197 12289 14336 17152 17920 19456 26624 33088 49408 57344 65556 65632 73732 98368 106496 131120 196624 196640
1 7 28 448 8197 12289 14336 17152 17920 19456 26624 33088 49408 57344 65556 73732 98368 106496 131120 131168 196624 196672
1 7 28 448 8197 12289 14336 17152 17920 19456 26624 33088 49408 57344 65584 65632 73732 98368 106496 131092 196612 196624
1 7 28 448 8197 12289 14336 17152 17920 19456 26624 33088 49408 57344 65584 65632 98368 106496 131092 139268 196624 204800
1 7 28 448 8197 12289 14336 17152 17920 19456 26624 33088 49408 57344 65584 65632 98368 131092 139268 172032 196624 229376
1 7 28 448 8197 12289 14336 17152 17920 19456 26624 33088 49408 57344 65632 73732 98368 106496 131092 131120 196612 196640
1 7 28 448 8197 12289 14336 17152 17920 19456 26624 33088 49408 57344 65632 98336 98368 131092 131120 139268 163872 172032
1 7 28 448 8197 12289 14336 17152 17920 19456 26624 33088 49408 57344 65632 98368 106496 131092 131120 139268 196640 204800
1 7 28 448 8197 12289 14336 17152 17920 19456 26624 33088 49408 57344 65632 98368 131092 131120 139268 172032 196640 229376
1 7 28 448 8197 12289 14336 17152 17920 19456 26624 33088 49408 57344 73732 98368 106496 131092 131120 131168 196612 196672
1 7 28 448 8197 12289 14336 17152 17920 19456 26624 33088 49408 57344 98368 106496 131092 131120 131168 139268 196672 204800
1 7 28 448 8197 12289 14336 17152 17920 19456 26624 33088 49408 57344 98368 131092 131120 131168 139268 172032 196672 229376
1 7 28 448 8197 12289 14336 17152 17920 19456 26624 33088 57344 82176 98560 114688 131092 131120 131168 139268 163904 172032
1 7 28 448 8197 12289 14336 17152 17920 19456 26624 40964 57344 65556 65584 65632 98308 114688 131392 147712 196672 212992
1 7 28 448 8197 12289 14336 17152 17920 19456 26624 40964 57344 65556 65584 98308 114688 131168 131392 147712 196640 212992
1 7 28 448 8197 12289 14336 17152 17920 19456 26624 40964 57344 65632 65856 82176 98336 114688 131092 131120 163844 163872
1 7 28 448 8197 12289 14336 17152 17920 19456 26624 40964 57344 65632 65856 82176 114688 131092 131120 163844 196640 229376
1 7 28 448 8197 12289 14336 17152 17920 19456 26624 40964 57344 65856 82176 98368 114688 131092 131120 131168 163844 163904
1 7 28 448 8197 12289 14336 17152 17920 19456 26624 40964 57344 65856 82176 114688 131092 131120 131168 163844 196672 229376
1 7 28 448 8197 12289 14336 17152 17920 19456 26624 49408 57344 65632 65856 98336 98560 131092 131120 139268 163872 172032
1 7 28 448 8197 12289 14336 17152 17920 19456 26624 49408 57344 65632 65856 98560 106496 131092 131120 139268 196640 204800
1 7 28 448 8197 12289 14336 17152 17920 19456 26624 49408 57344 65632 65856 98560 131092 131120 139268 172032 196640 229376
1 7 28 448 8197 12289 14336 17152 17920 19456 26624 49408 57344 65856 98368 98560 131092 131120 131168 139268 163904 172032
1 7 28 448 8197 12289 14336 17152 17920 19456 26624 49408 57344 65856 98560 106496 131092 131120 131168 139268 196672 204800
1 7 28 448 8197 12289 14336 17152 17920 19456 26624 49408 57344 65856 98560 131092 131120 131168 139268 172032 196672 229376
1 7 28 448 8197 12289 14336 17152 17920 19456 26624 57344 65556 65584 65632 73732 106496 114688 131392 147712 196672 212992
1 7 28 448 8197 12289 14336 17152 17920 19456 26624 57344 65556 65584 73732 106496 114688 131168 131392 147712 196640 212992
1 7 28 448 8197 12289 14336 17152 17920 19456 26624 57344 65632 65856 82176 98336 114688 131092 131120 139268 163872 172032
1 7 28 448 8197 12289 14336 17152 17920 19456 26624 57344 65632 65856 82176 106496 114688 131092 131120 139268 196640 204800
1 7 28 448 8197 12289 14336 17152 17920 19456 26624 57344 65632 65856 82176 114688 131092 131120 139268 172032 196640 229376
1 7 28 448 8197 12289 14336 17152 17920 19456 26624 57344 65856 82176 98368 114688 131092 131120 131168 139268 163904 172032
1 7 28 448 8197 12289 14336 17152 17920 19456 26624 57344 65856 82176 106496 114688 131092 131120 131168 139268 196672 204800
1 7 28 448 8197 12289 14336 17152 17920 19456 26624 57344 65856 82176 114688 131092 131120 131168 139268 172032 196672 229376
1 7 28 448 8197 12289 14336 17152 17920 26624 32788 32816 32864 40964 57344 65856 82176 98368 114688 134144 148480 149504
1 7 28 448 8197 12289 14336 17152 17920 26624 32788 32816 40964 57344 65632 65856 82176 98336 114688 134144 148480 149504
1 7 28 448 8197 12289 14336 17152 17920 26624 32864 33088 49408 57344 65556 65584 73732 98336 106496 134144 148480 149504
1 7 28 448 8197 12289 14336 17152 17920 26624 33088 49408 57344 65556 65584 65632 73732 98368 106496 134144 148480 149504
1 7 28 448 8197 12289 14336 17152 19456 26624 32788 32816 32864 40964 57344 65856 82176 98368 114688 132608 147968 148480
1 7 28 448 8197 12289 14336 17152 19456 26624 32788 32816 40964 57344 65632 65856 82176 98336 114688 132608 147968 148480
1 7 28 448 8197 12289 14336 17152 19456 26624 32864 33088 49408 57344 65556 65584 73732 98336 106496 132608 147968 148480
1 7 28 448 8197 12289 14336 17152 19456 26624 33088 49408 57344 65556 65584 65632 73732 98368 106496 132608 147968 148480
1 7 28 448 8197 12289 14336 17152 26624 32788 32816 32864 40964 57344 65856 82176 98368 114688 132608 134144 147968 149504
1 7 28 448 8197 12289 14336 17152 26624 32788 32816 40964 57344 65632 65856 82176 98336 114688 132608 134144 147968 149504
1 7 28 448 8197 12289 14336 17152 26624 32864 33088 49408 57344 65556 65584 73732 98336 106496 132608 134144 147968 149504
1 7 28 448 8197 12289 14336 17152 26624 33088 49408 57344 65556 65584 65632 73732 98368 106496 132608 134144 147968 149504
1 7 28 448 8197 12289 14336 17920 19456 26624 32788 32816 32864 40964 57344 65856 66304 82432 114688 163904 196672 229376
1 7 28 448 8197 12289 14336 17920 19456 26624 32788 32816 32864 40964 57344 65856 66304 98368 114688 147968 197120 212992
1 7 28 448 8197 12289 14336 17920 19456 26624 32788 32816 32864 40964 57344 65856 82176 98368 114688 131840 147712 147968
1 7 28 448 8197 12289 14336 17920 19456 26624 32788 32816 32864 40964 57344 65856 82432 98368 114688 131840 196864 197120
1 7 28 448 8197 12289 14336 17920 19456 26624 32788 32816 32864 40964 57344 65856 98368 114688 131840 147968 196864 212992
1 7 28 448 8197 12289 14336 17920 19456 26624 32788 32816 32864 40964 57344 66304 82432 98368 114688 131392 196672 196864
1 7 28 448 8197 12289 14336 17920 19456 26624 32788 32816 32864 40964 57344 66304 82432 114688 131392 163904 196864 229376
1 7 28 448 8197 12289 14336 17920 19456 26624 32788 32816 32864 40964 57344 82432 98368 114688 131392 131840 196672 197120
1 7 28 448 8197 12289 14336 17920 19456 26624 32788 32816 32864 40964 57344 82432 114688 131392 131840 163904 197120 229376
1 7 28 448 8197 12289 14336 17920 19456 26624 32788 32816 32864 40964 57344 98368 114688 131392 131840 147968 196672 212992
1 7 28 448 8197 12289 14336 17920 19456 26624 32788 32816 32864 40964 57344 114688 131392 131840 147968 163904 212992 229376
1 7 28 448 8197 12289 14336 17920 19456 26624 32788 32816 32864 57344 65856 66304 82432 98368 114688 139268 163844 172032
1 7 28 448 8197 12289 14336 17920 19456 26624 32788 32816 40964 57344 65632 65856 82176 98336 114688 131840 147712 147968
1 7 28 448 8197 12289 14336 17920 19456 26624 32788 32816 40964 57344 65632 65856 98336 114688 131840 147968 196864 212992
1 7 28 448 8197 12289 14336 17920 19456 26624 32788 32816 40964 57344 65632 98336 114688 131392 131840 147968 196672 212992
1 7 28 448 8197 12289 14336 17920 19456 26624 32788 32816 40964 57344 65856 66304 82432 98368 114688 131168 163872 163904
1 7 28 448 8197 12289 14336 17920 19456 26624 32788 32816 40964 57344 65856 66304 82432 114688 131168 163872 196672 229376
1 7 28 448 8197 12289 14336 17920 19456 26624 32788 32816 40964 57344 66304 82432 114688 131168 131392 163872 196864 229376
1 7 28 448 8197 12289 14336 17920 19456 26624 32788 32864 40964 57344 65856 66304 82432 98368 114688 131120 163856 163872
1 7 28 448 8197 12289 14336 17920 19456 26624 32788 40964 57344 65584 65632 98320 114688 131392 131840 147968 196672 212992
1 7 28 448 8197 12289 14336 17920 19456 26624 32788 40964 57344 65856 66304 82432 98368 114688 131120 131168 163856 163904
1 7 28 448 8197 12289 14336 17920 19456 26624 32788 40964 57344 65856 66304 82432 114688 131120 131168 163856 196672 229376
1 7 28 448 8197 12289 14336 17920 19456 26624 32816 32864 40964 57344 65856 66304 82432 98368 114688 131092 163844 163856
1 7 28 448 8197 12289 14336 17920 19456 26624 32816 32864 57344 65856 66304 82432 98368 114688 131092 139268 163856 172032
1 7 28 448 8197 12289 14336 17920 19456 26624 32864 33088 49408 57344 65556 65584 73732 98336 106496 131840 147712 147968
1 7 28 448 8197 12289 14336 17920 19456 26624 32864 33088 57344 66304 82432 98560 114688 131092 131120 139268 163872 172032
1 7 28 448 8197 12289 14336 17920 19456 26624 32864 40964 57344 65856 66304 82432 98368 114688 131092 131120 163844 163872
1 7 28 448 8197 12289 14336 17920 19456 26624 32864 57344 65856 66304 82432 98368 114688 131092 131120 139268 163872 172032
1 7 28 448 8197 12289 14336 17920 19456 26624 33088 33536 49664 57344 65556 65584 65632 73732 98368 172032 204800 229376
1 7 28 448 8197 12289 14336 17920 19456 26624 33088 33536 49664 57344 65556 65584 65632 98368 106496 139268 196612 204800
1 7 28 448 8197 12289 14336 17920 19456 26624 33088 33536 49664 57344 65556 65584 65632 98368 139268 172032 196612 229376
1 7 28 448 8197 12289 14336 17920 19456 26624 33088 33536 49664 57344 65556 65584 73732 98368 106496 131168 196640 196672
1 7 28 448 8197 12289 14336 17920 19456 26624 33088 33536 49664 57344 65556 65632 73732 98368 106496 131120 196624 196640
1 7 28 448 8197 12289 14336 17920 19456 26624 33088 33536 49664 57344 65556 73732 98368 106496 131120 131168 196624 196672
1 7 28 448 8197 12289 14336 17920 19456 26624 33088 33536 49664 57344 65584 65632 73732 98368 106496 131092 196612 196624
1 7 28 448 8197 12289 14336 17920 19456 26624 33088 33536 49664 57344 65584 65632 98368 106496 131092 139268 196624 204800
1 7 28 448 8197 12289 14336 17920 19456 26624 33088 33536 49664 57344 65584 65632 98368 131092 139268 172032 196624 229376
1 7 28 448 8197 12289 14336 17920 19456 26624 33088 33536 49664 57344 65632 73732 98368 106496 131092 131120 196612 196640
1 7 28 448 8197 12289 14336 17920 19456 26624 33088 33536 49664 57344 65632 98368 106496 131092 131120 139268 196640 204800
1 7 28 448 8197 12289 14336 17920 19456 26624 33088 33536 49664 57344 65632 98368 131092 131120 139268 172032 196640 229376
1 7 28 448 8197 12289 14336 17920 19456 26624 33088 33536 49664 57344 73732 98368 106496 131092 131120 131168 196612 196672
1 7 28 448 8197 12289 14336 17920 19456 26624 33088 33536 49664 57344 98368 106496 131092 131120 131168 139268 196672 204800
1 7 28 448 8197 12289 14336 17920 19456 26624 33088 33536 49664 57344 98368 131092 131120 131168 139268 172032 196672 229376
1 7 28 448 8197 12289 14336 17920 19456 26624 33088 33536 57344 82432 98816 114688 131092 131120 131168 139268 163904 172032
1 7 28 448 8197 12289 14336 17920 19456 26624 33088 49408 57344 65556 65584 65632 73732 98368 106496 131840 147712 147968
1 7 28 448 8197 12289 14336 17920 19456 26624 33088 49664 57344 66304 98560 98816 131092 131120 131168 139268 163904 172032
1 7 28 448 8197 12289 14336 17920 19456 26624 33088 57344 66304 82432 98560 114688 131092 131120 131168 139268 163904 172032
1 7 28 448 8197 12289 14336 17920 19456 26624 33536 49664 57344 65632 65856 98560 106496 131092 131120 139268 196640 204800
1 7 28 448 8197 12289 14336 17920 19456 26624 33536 49664 57344 65632 65856 98560 131092 131120 139268 172032 196640 229376
1 7 28 448 8197 12289 14336 17920 19456 26624 33536 49664 57344 65856 98368 98560 131092 131120 131168 139268 163904 172032
1 7 28 448 8197 12289 14336 17920 19456 26624 33536 49664 57344 65856 98560 106496 131092 131120 131168 139268 196672 204800
1 7 28 448 8197 12289 14336 17920 19456 26624 33536 49664 57344 65856 98560 131092 131120 131168 139268 172032 196672 229376
1 7 28 448 8197 12289 14336 17920 19456 26624 40964 57344 65556 65584 65632 98308 114688 131392 131840 147968 196672 212992
1 7 28 448 8197 12289 14336 17920 19456 26624 40964 57344 65856 66304 82432 98368 114688 131092 131120 131168 163844 163904
1 7 28 448 8197 12289 14336 17920 19456 26624 40964 57344 65856 66304 82432 114688 131092 131120 131168 163844 196672 229376
1 7 28 448 8197 12289 14336 17920 19456 26624 49664 57344 65856 66304 98368 98816 131092 131120 131168 139268 163904 172032
1 7 28 448 8197 12289 14336 17920 19456 26624 49664 57344 65856 66304 98816 106496 131092 131120 131168 139268 196672 204800
1 7 28 448 8197 12289 14336 17920 19456 26624 49664 57344 65856 66304 98816 131092 131120 131168 139268 172032 196672 229376
1 7 28 448 8197 12289 14336 17920 19456 26624 57344 65556 65584 65632 73732 106496 114688 131392 131840 147968 196672 212992
1 7 28 448 8197 12289 14336 17920 19456 26624 57344 65856 66304 82432 98368 114688 131092 131120 131168 139268 163904 172032
1 7 28 448 8197 12289 14336 17920 19456 26624 57344 65856 66304 82432 106496 114688 131092 131120 131168 139268 196672 204800
1 7 28 448 8197 12289 14336 17920 19456 26624 57344 65856 66304 82432 114688 131092 131120 131168 139268 172032 196672 229376
1 7 28 448 8197 12289 14336 17920 26624 32788 32816 32864 40964 57344 65856 66304 82432 98368 114688 134144 148480 149504
1 7 28 448 8197 12289 14336 17920 26624 33088 33536 49664 57344 65556 65584 65632 73732 98368 106496 134144 148480 149504
1 7 28 448 8197 12289 14336 19456 26624 32788 32816 32864 40964 57344 65856 66304 82432 98368 114688 132608 147968 148480
1 7 28 448 8197 12289 14336 19456 26624 32788 32816 32864 40964 57344 65856 66304 98368 114688 132608 148480 197120 212992
1 7 28 448 8197 12289 14336 19456 26624 32788 32816 32864 40964 57344 65856 82176 98368 114688 131840 132608 147712 148480
1 7 28 448 8197 12289 14336 19456 26624 32788 32816 32864 40964 57344 65856 98368 114688 131840 132608 148480 196864 212992
1 7 28 448 8197 12289 14336 19456 26624 32788 32816 32864 40964 57344 66304 67072 82944 114688 131392 163904 196864 229376
1 7 28 448 8197 12289 14336 19456 26624 32788 32816 32864 40964 57344 67072 82944 114688 131392 131840 163904 197120 229376
1 7 28 448 8197 12289 14336 19456 26624 32788 32816 40964 57344 65632 65856 82176 98336 114688 131840 132608 147712 148480
1 7 28 448 8197 12289 14336 19456 26624 32788 32816 40964 57344 65632 65856 98336 114688 131840 132608 148480 196864 212992
1 7 28 448 8197 12289 14336 19456 26624 32788 32816 40964 57344 66304 67072 82944 114688 131168 131392 163872 196864 229376
1 7 28 448 8197 12289 14336 19456 26624 32864 33088 49408 57344 65556 65584 73732 98336 106496 131840 132608 147712 148480
1 7 28 448 8197 12289 14336 19456 26624 32864 33088 57344 66304 67072 82944 98560 114688 131092 131120 139268 163872 172032
1 7 28 448 8197 12289 14336 19456 26624 33088 33536 49664 57344 65556 65584 65632 73732 98368 106496 132608 147968 148480
1 7 28 448 8197 12289 14336 19456 26624 33088 33536 57344 67072 82944 98816 114688 131092 131120 131168 139268 163904 172032
1 7 28 448 8197 12289 14336 19456 26624 33088 49408 57344 65556 65584 65632 73732 98368 106496 131840 132608 147712 148480
1 7 28 448 8197 12289 14336 19456 26624 33088 57344 66304 67072 82944 98560 114688 131092 131120 131168 139268 163904 172032
1 7 28 448 8197 12289 14336 19456 26624 33536 34304 50176 57344 65632 65856 98560 106496 131092 131120 139268 196640 204800
1 7 28 448 8197 12289 14336 19456 26624 33536 34304 50176 57344 65632 65856 98560 131092 131120 139268 172032 196640 229376
1 7 28 448 8197 12289 14336 19456 26624 33536 34304 50176 57344 65856 98560 106496 131092 131120 131168 139268 196672 204800
1 7 28 448 8197 12289 14336 19456 26624 33536 34304 50176 57344 65856 98560 131092 131120 131168 139268 172032 196672 229376
1 7 28 448 8197 12289 14336 19456 26624 34304 50176 57344 65856 66304 98816 106496 131092 131120 131168 139268 196672 204800
1 7 28 448 8197 12289 14336 19456 26624 34304 50176 57344 65856 66304 98816 131092 131120 131168 139268 172032 196672 229376
1 7 28 448 8197 12289 14336 24580 26624 32788 32816 32864 49156 65856 66304 98368 114688 132608 134144 149504 197120 212992
1 7 28 448 8197 12289 14336 24580 26624 32788 32816 32864 49156 65856 66304 98368 132608 134144 149504 180224 197120 229376
1 7 28 448 8197 12289 14336 24580 26624 32788 32816 32864 49156 65856 98368 114688 131840 132608 134144 149504 196864 212992
1 7 28 448 8197 12289 14336 24580 26624 32788 32816 32864 49156 65856 98368 131840 132608 134144 149504 180224 196864 229376
1 7 28 448 8197 12289 14336 24580 26624 32788 32816 49156 65632 65856 98336 114688 131840 132608 134144 149504 196864 212992
1 7 28 448 8197 12289 14336 24580 26624 32788 32816 49156 65632 65856 98336 131840 132608 134144 149504 180224 196864 229376
1 7 28 448 8197 12289 14336 26624 32788 32816 32864 40964 57344 65856 66304 82432 98368 114688 132608 134144 147968 149504
1 7 28 448 8197 12289 14336 26624 32788 32816 32864 40964 57344 65856 66304 98368 114688 132608 134144 149504 197120 212992
1 7 28 448 8197 12289 14336 26624 32788 32816 32864 40964 57344 65856 82176 98368 114688 131840 132608 134144 147712 149504
1 7 28 448 8197 12289 14336 26624 32788 32816 32864 40964 57344 65856 98368 114688 131840 132608 134144 149504 196864 212992
1 7 28 448 8197 12289 14336 26624 32788 32816 32864 40964 57344 66304 67072 68608 83968 114688 131392 163904 196864 229376
1 7 28 448 8197 12289 14336 26624 32788 32816 32864 40964 57344 67072 68608 83968 114688 131392 131840 163904 197120 229376
1 7 28 448 8197 12289 14336 26624 32788 32816 40964 57344 65632 65856 82176 98336 114688 131840 132608 134144 147712 149504
1 7 28 448 8197 12289 14336 26624 32788 32816 40964 57344 65632 65856 98336 114688 131840 132608 134144 149504 196864 212992
1 7 28 448 8197 12289 14336 26624 32788 32816 40964 57344 66304 67072 68608 83968 114688 131168 131392 163872 196864 229376
1 7 28 448 8197 12289 14336 26624 32864 33088 49408 57344 65556 65584 73732 98336 106496 131840 132608 134144 147712 149504
1 7 28 448 8197 12289 14336 26624 32864 33088 57344 66304 67072 68608 83968 98560 114688 131092 131120 139268 163872 172032
1 7 28 448 8197 12289 14336 26624 33088 33536 49664 57344 65556 65584 65632 73732 98368 106496 132608 134144 147968 149504
1 7 28 448 8197 12289 14336 26624 33088 33536 57344 67072 68608 83968 98816 114688 131092 131120 131168 139268 163904 172032
1 7 28 448 8197 12289 14336 26624 33088 49408 57344 65556 65584 65632 73732 98368 106496 131840 132608 134144 147712 149504
1 7 28 448 8197 12289 14336 26624 33088 57344 66304 67072 68608 83968 98560 114688 131092 131120 131168 139268 163904 172032
1 7 28 448 8197 12289 14336 26624 33536 34304 35840 51200 57344 65632 65856 98560 106496 131092 131120 139268 196640 204800
1 7 28 448 8197 12289 14336 26624 33536 34304 35840 51200 57344 65632 65856 98560 131092 131120 139268 172032 196640 229376
1 7 28 448 8197 12289 14336 26624 33536 34304 35840 51200 57344 65856 98560 106496 131092 131120 131168 139268 196672 204800
1 7 28 448 8197 12289 14336 26624 33536 34304 35840 51200 57344 65856 98560 131092 131120 131168 139268 172032 196672 229376
1 7 28 448 8197 12289 14336 26624 34304 35840 51200 57344 65856 66304 98816 106496 131092 131120 131168 139268 196672 204800
1 7 28 448 8197 12289 14336 26624 34304 35840 51200 57344 65856 66304 98816 131092 131120 131168 139268 172032 196672 229376
1 7 28 448 8197 12289 19456 22528 28672 33536 34304 50176 57344 65556 65584 65632 73732 106496 131392 164096 196672 229376
1 7 28 448 8197 12289 19456 22528 28672 33536 34304 50176 57344 65556 65584 73732 106496 131168 131392 164096 196640 229376
1 7 28 448 8197 12289 19456 22528 28672 33536 34304 50176 57344 65556 73732 106496 131120 131168 131392 164096 196624 229376
1 7 28 448 8197 12289 19456 22528 28672 33536 34304 50176 57344 65584 65632 65856 98560 106496 131092 139268 196624 204800
1 7 28 448 8197 12289 19456 22528 28672 33536 34304 50176 57344 65632 65856 98560 106496 131092 131120 139268 196640 204800
1 7 28 448 8197 12289 19456 22528 28672 33536 34304 50176 57344 65856 98560 106496 131092 131120 131168 139268 196672 204800
1 7 28 448 8197 12289 19456 22528 28672 33536 34304 50176 65556 65584 65632 73732 90112 114688 131392 164096 196672 229376
1 7 28 448 8197 12289 19456 22528 28672 33536 34304 50176 65556 65584 73732 90112 114688 131168 131392 164096 196640 229376
1 7 28 448 8197 12289 19456 22528 28672 33536 34304 50176 65556 73732 90112 114688 131120 131168 131392 164096 196624 229376
1 7 28 448 8197 12289 19456 22528 28672 33536 34304 50176 65584 65632 65856 90112 98560 114688 131092 139268 196624 204800
1 7 28 448 8197 12289 19456 22528 28672 33536 34304 50176 65584 65632 65856 98560 114688 131092 139268 155648 196624 212992
1 7 28 448 8197 12289 19456 22528 28672 33536 34304 50176 65632 65856 90112 98560 114688 131092 131120 139268 196640 204800
1 7 28 448 8197 12289 19456 22528 28672 33536 34304 50176 65632 65856 98560 114688 131092 131120 139268 155648 196640 212992
1 7 28 448 8197 12289 19456 22528 28672 33536 34304 50176 65856 90112 98560 114688 131092 131120 131168 139268 196672 204800
1 7 28 448 8197 12289 19456 22528 28672 33536 34304 50176 65856 98560 114688 131092 131120 131168 139268 155648 196672 212992
1 7 28 448 8197 12289 19456 22528 28672 34304 50176 57344 65556 65584 65632 73732 106496 131392 131840 164352 196672 229376
1 7 28 448 8197 12289 19456 22528 28672 34304 50176 57344 65856 66304 98816 106496 131092 131120 131168 139268 196672 204800
1 7 28 448 8197 12289 19456 22528 28672 34304 50176 65556 65584 65632 73732 90112 114688 131392 131840 164352 196672 229376
1 7 28 448 8197 12289 19456 22528 28672 34304 50176 65856 66304 90112 98816 114688 131092 131120 131168 139268 196672 204800
1 7 28 448 8197 12289 19456 22528 28672 34304 50176 65856 66304 98816 114688 131092 131120 131168 139268 155648 196672 212992
1 7 28 448 8197 12289 22528 24580 28672 33536 34304 35840 51200 65632 65856 98560 114688 131092 131120 147460 196640 212992
1 7 28 448 8197 12289 22528 24580 28672 33536 34304 35840 51200 65632 65856 98560 131092 131120 147460 180224 196640 229376
1 7 28 448 8197 12289 22528 24580 28672 33536 34304 35840 51200 65856 98560 114688 131092 131120 131168 147460 196672 212992
1 7 28 448 8197 12289 22528 24580 28672 33536 34304 35840 51200 65856 98560 131092 131120 131168 147460 180224 196672 229376
1 7 28 448 8197 12289 22528 24580 28672 34304 35840 51200 65856 66304 98816 114688 131092 131120 131168 147460 196672 212992
1 7 28 448 8197 12289 22528 24580 28672 34304 35840 51200 65856 66304 98816 131092 131120 131168 147460 180224 196672 229376
1 7 28 448 8197 12289 22528 26624 28672 33536 34304 35840 43008 65556 65584 65632 73732 106496 131392 164096 196672 229376
1 7 28 448 8197 12289 22528 26624 28672 33536 34304 35840 43008 65556 65584 73732 106496 131168 131392 164096 196640 229376
1 7 28 448 8197 12289 22528 26624 28672 33536 34304 35840 43008 65632 65856 98560 106496 131092 131120 139268 196640 204800
1 7 28 448 8197 12289 22528 26624 28672 33536 34304 35840 43008 65856 98560 106496 131092 131120 131168 139268 196672 204800
1 7 28 448 8197 12289 22528 26624 28672 34304 35840 43008 65556 65584 65632 73732 106496 131392 131840 164352 196672 229376
1 7 28 448 8197 12289 22528 26624 28672 34304 35840 43008 65856 66304 98816 106496 131092 131120 131168 139268 196672 204800
1 7 28 448 8197 12289 22528 28672 33536 34304 35840 51200 57344 65584 65632 65856 98560 106496 131092 139268 196624 204800
1 7 28 448 8197 12289 22528 28672 33536 34304 35840 51200 57344 65584 65632 65856 98560 131092 139268 172032 196624 229376
1 7 28 448 8197 12289 22528 28672 33536 34304 35840 51200 57344 65632 65856 98560 106496 131092 131120 139268 196640 204800
1 7 28 448 8197 12289 22528 28672 33536 34304 35840 51200 57344 65632 65856 98560 131092 131120 139268 172032 196640 229376
1 7 28 448 8197 12289 22528 28672 33536 34304 35840 51200 57344 65856 98560 106496 131092 131120 131168 139268 196672 204800
1 7 28 448 8197 12289 22528 28672 33536 34304 35840 51200 57344 65856 98560 131092 131120 131168 139268 172032 196672 229376
1 7 28 448 8197 12289 22528 28672 33536 34304 35840 51200 65584 65632 65856 90112 98560 114688 131092 139268 196624 204800
1 7 28 448 8197 12289 22528 28672 33536 34304 35840 51200 65584 65632 65856 98560 114688 131092 139268 155648 196624 212992
1 7 28 448 8197 12289 22528 28672 33536 34304 35840 51200 65584 65632 65856 98560 131092 139268 155648 180224 196624 229376
1 7 28 448 8197 12289 22528 28672 33536 34304 35840 51200 65632 65856 90112 98560 114688 131092 131120 139268 196640 204800
1 7 28 448 8197 12289 22528 28672 33536 34304 35840 51200 65632 65856 98560 114688 131092 131120 139268 155648 196640 212992
1 7 28 448 8197 12289 22528 28672 33536 34304 35840 51200 65632 65856 98560 131092 131120 139268 155648 180224 196640 229376
1 7 28 448 8197 12289 22528 28672 33536 34304 35840 51200 65856 90112 98560 114688 131092 131120 131168 139268 196672 204800
1 7 28 448 8197 12289 22528 28672 33536 34304 35840 51200 65856 98560 114688 131092 131120 131168 139268 155648 196672 212992
1 7 28 448 8197 12289 22528 28672 33536 34304 35840 51200 65856 98560 131092 131120 131168 139268 155648 180224 196672 229376
1 7 28 448 8197 12289 22528 28672 34304 35840 51200 57344 65856 66304 98816 106496 131092 131120 131168 139268 196672 204800
1 7 28 448 8197 12289 22528 28672 34304 35840 51200 57344 65856 66304 98816 131092 131120 131168 139268 172032 196672 229376
1 7 28 448 8197 12289 22528 28672 34304 35840 51200 65856 66304 90112 98816 114688 131092 131120 131168 139268 196672 204800
1 7 28 448 8197 12289 22528 28672 34304 35840 51200 65856 66304 98816 114688 131092 131120 131168 139268 155648 196672 212992
1 7 28 448 8197 12289 22528 28672 34304 35840 51200 65856 66304 98816 131092 131120 131168 139268 155648 180224 196672 229376
1 7 28 448 8197 14336 20481 24577 28672 33536 34304 35840 43008 65632 65856 98560 106496 131092 131120 139268 196640 204800
1 7 28 448 8197 14336 20481 24577 28672 33536 34304 35840 43008 65632 65856 98560 131092 131120 139268 172032 196640 229376
1 7 28 448 8197 14336 20481 24577 28672 33536 34304 35840 43008 65856 98560 106496 131092 131120 131168 139268 196672 204800
1 7 28 448 8197 14336 20481 24577 28672 33536 34304 35840 43008 65856 98560 131092 131120 131168 139268 172032 196672 229376
1 7 28 448 8197 14336 20481 24577 28672 34304 35840 43008 65856 66304 98816 106496 131092 131120 131168 139268 196672 204800
1 7 28 448 8197 14336 20481 24577 28672 34304 35840 43008 65856 66304 98816 131092 131120 131168 139268 172032 196672 229376
1 7 28 448 8197 16404 24577 24580 32816 32864 33088 49168 66304 67072 68608 98560 114688 135169 137216 147457 198656 212992
1 7 28 448 8197 16404 24577 24580 32816 32864 33088 49168 66304 67072 98560 114688 134144 135169 137216 147457 197632 212992
1 7 28 448 8197 16404 24577 24580 32816 32864 33088 49168 68608 69633 71680 81921 114688 131840 132608 164096 197632 229376
1 7 28 448 8197 16404 24577 24580 32816 32864 33088 49168 69633 71680 81921 114688 131840 132608 134144 164096 198656 229376
1 7 28 448 8197 19456 20481 22528 24577 32788 32816 32864 40964 57344 65856 66304 98368 114688 132608 148480 197120 212992
1 7 28 448 8197 19456 20481 22528 24577 32788 32816 32864 40964 57344 65856 98368 114688 131840 132608 148480 196864 212992
1 7 28 448 8197 19456 20481 22528 24577 32788 32816 32864 40964 57344 66304 67072 82944 114688 131392 163904 196864 229376
1 7 28 448 8197 19456 20481 22528 24577 32788 32816 32864 40964 57344 67072 82944 114688 131392 131840 163904 197120 229376
1 7 28 448 8197 19456 20481 22528 24577 32788 32816 40964 57344 65632 65856 98336 114688 131840 132608 148480 196864 212992
1 7 28 448 8197 19456 20481 22528 24577 32788 32816 40964 57344 66304 67072 82944 114688 131168 131392 163872 196864 229376
1 7 28 448 8197 19456 20481 22528 24577 32788 40964 57344 65584 65632 65856 98320 114688 131840 132608 148480 196864 212992
1 7 28 448 8197 19456 20481 22528 24577 32788 40964 57344 66304 67072 82944 114688 131120 131168 131392 163856 196864 229376
1 7 28 448 8197 19456 20481 22528 24577 32816 32864 33088 40976 57344 66304 67072 82944 98560 114688 131092 139268 139280
1 7 28 448 8197 19456 20481 22528 24577 32816 32864 33088 57344 66304 67072 82944 98560 114688 131092 139268 163856 172032
1 7 28 448 8197 19456 20481 22528 24577 32864 33088 57344 66304 67072 82944 98560 114688 131092 131120 139268 163872 172032
1 7 28 448 8197 19456 20481 22528 24577 33088 33536 57344 67072 82944 98816 114688 131092 131120 131168 139268 163904 172032
1 7 28 448 8197 19456 20481 22528 24577 33088 57344 66304 67072 82944 98560 114688 131092 131120 131168 139268 163904 172032
1 7 28 448 8197 19456 20481 22528 24577 33536 34304 50176 57344 65584 65632 65856 73744 98560 106496 131092 139268 139280
1 7 28 448 8197 19456 20481 22528 24577 33536 34304 50176 57344 65584 65632 65856 98560 106496 131092 139268 196624 204800
1 7 28 448 8197 19456 20481 22528 24577 33536 34304 50176 57344 65584 65632 65856 98560 131092 139268 172032 196624 229376
1 7 28 448 8197 19456 20481 22528 24577 33536 34304 50176 57344 65632 65856 98560 106496 131092 131120 139268 196640 204800
1 7 28 448 8197 19456 20481 22528 24577 33536 34304 50176 57344 65632 65856 98560 131092 131120 139268 172032 196640 229376
1 7 28 448 8197 19456 20481 22528 24577 33536 34304 50176 57344 65856 98560 106496 131092 131120 131168 139268 196672 204800
1 7 28 448 8197 19456 20481 22528 24577 33536 34304 50176 57344 65856 98560 131092 131120 131168 139268 172032 196672 229376
1 7 28 448 8197 19456 20481 22528 24577 34304 50176 57344 65856 66304 98816 106496 131092 131120 131168 139268 196672 204800
1 7 28 448 8197 19456 20481 22528 24577 34304 50176 57344 65856 66304 98816 131092 131120 131168 139268 172032 196672 229376
1 7 28 448 8197 20481 22528 24577 24580 32788 32816 32864 49156 65856 66304 98368 114688 132608 134144 149504 197120 212992
1 7 28 448 8197 20481 22528 24577 24580 32788 32816 32864 49156 65856 66304 98368 132608 134144 149504 180224 197120 229376
1 7 28 448 8197 20481 22528 24577 24580 32788 32816 32864 49156 65856 98368 114688 131840 132608 134144 149504 196864 212992
1 7 28 448 8197 20481 22528 24577 24580 32788 32816 32864 49156 65856 98368 131840 132608 134144 149504 180224 196864 229376
1 7 28 448 8197 20481 22528 24577 24580 32788 32816 49156 65632 65856 98336 114688 131840 132608 134144 149504 196864 212992
1 7 28 448 8197 20481 22528 24577 24580 32788 32816 49156 65632 65856 98336 131840 132608 134144 149504 180224 196864 229376
1 7 28 448 8197 20481 22528 24577 26624 33536 34304 35840 43008 65556 65584 65632 73732 106496 131392 164096 196672 229376
1 7 28 448 8197 20481 22528 24577 26624 33536 34304 35840 43008 65556 65584 73732 106496 131168 131392 164096 196640 229376
1 7 28 448 8197 20481 22528 24577 26624 33536 34304 35840 43008 65632 65856 98560 106496 131092 131120 139268 196640 204800
1 7 28 448 8197 20481 22528 24577 26624 33536 34304 35840 43008 65856 98560 106496 131092 131120 131168 139268 196672 204800
1 7 28 448 8197 20481 22528 24577 26624 34304 35840 43008 65556 65584 65632 73732 106496 131392 131840 164352 196672 229376
1 7 28 448 8197 20481 22528 24577 26624 34304 35840 43008 65856 66304 98816 106496 131092 131120 131168 139268 196672 204800
1 7 28 448 8197 20481 22528 24577 32788 32816 32864 40964 57344 65856 66304 98368 114688 132608 134144 149504 197120 212992
1 7 28 448 8197 20481 22528 24577 32788 32816 32864 40964 57344 65856 98368 114688 131840 132608 134144 149504 196864 212992
1 7 28 448 8197 20481 22528 24577 32788 32816 32864 40964 57344 66304 67072 68608 83968 114688 131392 163904 196864 229376
1 7 28 448 8197 20481 22528 24577 32788 32816 32864 40964 57344 67072 68608 83968 114688 131392 131840 163904 197120 229376
1 7 28 448 8197 20481 22528 24577 32788 32816 40964 57344 65632 65856 98336 114688 131840 132608 134144 149504 196864 212992
1 7 28 448 8197 20481 22528 24577 32788 32816 40964 57344 66304 67072 68608 83968 114688 131168 131392 163872 196864 229376
1 7 28 448 8197 20481 22528 24577 32788 40964 57344 65584 65632 65856 98320 114688 131840 132608 134144 149504 196864 212992
1 7 28 448 8197 20481 22528 24577 32788 40964 57344 66304 67072 68608 83968 114688 131120 131168 131392 163856 196864 229376
1 7 28 448 8197 20481 22528 24577 32816 32864 33088 40976 57344 66304 67072 68608 83968 98560 114688 131092 139268 139280
1 7 28 448 8197 20481 22528 24577 32816 32864 33088 57344 66304 67072 68608 83968 98560 114688 131092 139268 163856 172032
1 7 28 448 8197 20481 22528 24577 32864 33088 57344 66304 67072 68608 83968 98560 114688 131092 131120 139268 163872 172032
1 7 28 448 8197 20481 22528 24577 33088 33536 57344 67072 68608 83968 98816 114688 131092 131120 131168 139268 163904 172032
1 7 28 448 8197 20481 22528 24577 33088 57344 66304 67072 68608 83968 98560 114688 131092 131120 131168 139268 163904 172032
1 7 28 448 8197 20481 22528 24577 33536 34304 35840 51200 57344 65584 65632 65856 73744 98560 106496 131092 139268 139280
1 7 28 448 8197 20481 22528 24577 33536 34304 35840 51200 57344 65584 65632 65856 98560 106496 131092 139268 196624 204800
1 7 28 448 8197 20481 22528 24577 33536 34304 35840 51200 57344 65584 65632 65856 98560 131092 139268 172032 196624 229376
1 7 28 448 8197 20481 22528 24577 33536 34304 35840 51200 57344 65632 65856 98560 106496 131092 131120 139268 196640 204800
1 7 28 448 8197 20481 22528 24577 33536 34304 35840 51200 57344 65632 65856 98560 131092 131120 139268 172032 196640 229376
1 7 28 448 8197 20481 22528 24577 33536 34304 35840 51200 57344 65856 98560 106496 131092 131120 131168 139268 196672 204800
1 7 28 448 8197 20481 22528 24577 33536 34304 35840 51200 57344 65856 98560 131092 131120 131168 139268 172032 196672 229376
1 7 28 448 8197 20481 22528 24577 34304 35840 51200 57344 65856 66304 98816 106496 131092 131120 131168 139268 196672 204800
1 7 28 448 8197 20481 22528 24577 34304 35840 51200 57344 65856 66304 98816 131092 131120 131168 139268 172032 196672 229376
1 7 28 896 8197 8212 17920 19456 20481 22528 24577 32816 32864 32960 40976 57344 66176 82432 114688 163968 196736 229376
1 7 28 896 8197 8212 17920 19456 20481 22528 24577 32816 32864 32960 40976 57344 66176 98432 114688 147968 197120 212992
1 7 28 896 8197 8212 17920 19456 20481 22528 24577 32816 32864 32960 40976 57344 82432 98432 114688 131712 196736 197120
1 7 28 896 8197 8212 17920 19456 20481 22528 24577 32816 32864 32960 40976 57344 82432 114688 131712 163968 197120 229376
1 7 28 896 8197 8212 17920 19456 20481 22528 24577 32816 32864 32960 40976 57344 98432 114688 131712 147968 196736 212992
1 7 28 896 8197 8212 17920 19456 20481 22528 24577 32816 32864 32960 40976 57344 114688 131712 147968 163968 212992 229376
1 7 28 896 8197 8212 17920 19456 20481 22528 24577 32816 32864 32960 57344 66176 82432 98432 114688 139280 163856 172032
1 7 28 896 8197 8212 17920 19456 20481 22528 24577 32816 32864 40976 57344 65728 66176 82432 114688 163904 196672 229376
1 7 28 896 8197 8212 17920 19456 20481 22528 24577 32816 32864 40976 57344 65728 66176 98368 114688 147968 197120 212992
1 7 28 896 8197 8212 17920 19456 20481 22528 24577 32816 32864 40976 57344 65728 82432 98368 114688 131712 196736 197120
1 7 28 896 8197 8212 17920 19456 20481 22528 24577 32816 32864 40976 57344 65728 98368 114688 131712 147968 196736 212992
1 7 28 896 8197 8212 17920 19456 20481 22528 24577 32816 32864 40976 57344 66176 82432 98368 114688 131264 196672 196736
1 7 28 896 8197 8212 17920 19456 20481 22528 24577 32816 32864 40976 57344 66176 82432 98432 114688 131264 163904 163968
1 7 28 896 8197 8212 17920 19456 20481 22528 24577 32816 32864 40976 57344 66176 82432 114688 131264 163904 196736 229376
1 7 28 896 8197 8212 17920 19456 20481 22528 24577 32816 32864 40976 57344 82432 98368 114688 131264 131712 196672 197120
1 7 28 896 8197 8212 17920 19456 20481 22528 24577 32816 32864 40976 57344 82432 114688 131264 131712 163904 197120 229376
1 7 28 896 8197 8212 17920 19456 20481 22528 24577 32816 32864 40976 57344 98368 114688 131264 131712 147968 196672 212992
1 7 28 896 8197 8212 17920 19456 20481 22528 24577 32816 32864 40976 57344 114688 131264 131712 147968 163904 212992 229376
1 7 28 896 8197 8212 17920 19456 20481 22528 24577 32816 32864 57344 65728 66176 82432 98368 114688 139280 163856 172032
1 7 28 896 8197 8212 17920 19456 20481 22528 24577 32816 32960 40976 57344 66176 82432 98432 114688 131168 163872 163904
1 7 28 896 8197 8212 17920 19456 20481 22528 24577 32816 40976 57344 65632 65728 98336 114688 131712 147968 196736 212992
1 7 28 896 8197 8212 17920 19456 20481 22528 24577 32816 40976 57344 65632 98336 114688 131264 131712 147968 196672 212992
1 7 28 896 8197 8212 17920 19456 20481 22528 24577 32816 40976 57344 65728 66176 82432 98368 114688 131168 163872 163904
1 7 28 896 8197 8212 17920 19456 20481 22528 24577 32816 40976 57344 65728 66176 82432 114688 131168 163872 196672 229376
1 7 28 896 8197 8212 17920 19456 20481 22528 24577 32816 40976 57344 66176 82432 98432 114688 131168 131264 163872 163968
1 7 28 896 8197 8212 17920 19456 20481 22528 24577 32816 40976 57344 66176 82432 114688 131168 131264 163872 196736 229376
1 7 28 896 8197 8212 17920 19456 20481 22528 24577 32864 32960 40976 57344 66176 82432 98432 114688 131120 163856 163872
1 7 28 896 8197 8212 17920 19456 20481 22528 24577 32864 32960 57344 66176 82432 98432 114688 131120 139280 163872 172032
1 7 28 896 8197 8212 17920 19456 20481 22528 24577 32864 40976 57344 65728 66176 82432 98368 114688 131120 163856 163872
1 7 28 896 8197 8212 17920 19456 20481 22528 24577 32864 57344 65728 66176 82432 98368 114688 131120 139280 163872 172032
1 7 28 896 8197 8212 17920 19456 20481 22528 24577 32960 33408 49664 57344 65584 65632 73744 98368 172032 204800 229376
1 7 28 896 8197 8212 17920 19456 20481 22528 24577 32960 33408 49664 57344 65584 65632 98368 106496 139280 196624 204800
1 7 28 896 8197 8212 17920 19456 20481 22528 24577 32960 33408 49664 57344 65584 65632 98368 139280 172032 196624 229376
1 7 28 896 8197 8212 17920 19456 20481 22528 24577 32960 33408 49664 57344 65584 73744 98368 106496 131168 196640 196672
1 7 28 896 8197 8212 17920 19456 20481 22528 24577 32960 33408 49664 57344 65632 73744 98368 106496 131120 196624 196640
1 7 28 896 8197 8212 17920 19456 20481 22528 24577 32960 33408 49664 57344 65632 98368 106496 131120 139280 196640 204800
1 7 28 896 8197 8212 17920 19456 20481 22528 24577 32960 33408 49664 57344 65632 98368 131120 139280 172032 196640 229376
1 7 28 896 8197 8212 17920 19456 20481 22528 24577 32960 33408 49664 57344 73744 98368 106496 131120 131168 196624 196672
1 7 28 896 8197 8212 17920 19456 20481 22528 24577 32960 33408 49664 57344 98368 106496 131120 131168 139280 196672 204800
1 7 28 896 8197 8212 17920 19456 20481 22528 24577 32960 33408 49664 57344 98368 131120 131168 139280 172032 196672 229376
1 7 28 896 8197 8212 17920 19456 20481 22528 24577 32960 33408 57344 82432 98816 114688 131120 131168 139280 163904 172032
1 7 28 896 8197 8212 17920 19456 20481 22528 24577 32960 40976 57344 66176 82432 98432 114688 131120 131168 163856 163904
1 7 28 896 8197 8212 17920 19456 20481 22528 24577 32960 49664 57344 66176 98432 98816 131120 131168 139280 163904 172032
1 7 28 896 8197 8212 17920 19456 20481 22528 24577 32960 57344 66176 82432 98432 114688 131120 131168 139280 163904 172032
1 7 28 896 8197 8212 17920 19456 20481 22528 24577 33408 49664 57344 65584 65632 65728 73744 98432 172032 204800 229376
1 7 28 896 8197 8212 17920 19456 20481 22528 24577 33408 49664 57344 65584 65632 65728 98432 106496 139280 196624 204800
1 7 28 896 8197 8212 17920 19456 20481 22528 24577 33408 49664 57344 65584 65632 65728 98432 139280 172032 196624 229376
1 7 28 896 8197 8212 17920 19456 20481 22528 24577 33408 49664 57344 65584 65632 73744 98432 106496 131264 196672 196736
1 7 28 896 8197 8212 17920 19456 20481 22528 24577 33408 49664 57344 65584 65728 73744 98432 106496 131168 196640 196672
1 7 28 896 8197 8212 17920 19456 20481 22528 24577 33408 49664 57344 65584 73744 98432 106496 131168 131264 196640 196736
1 7 28 896 8197 8212 17920 19456 20481 22528 24577 33408 49664 57344 65632 65728 73744 98432 106496 131120 196624 196640
1 7 28 896 8197 8212 17920 19456 20481 22528 24577 33408 49664 57344 65632 65728 98432 106496 131120 139280 196640 204800
1 7 28 896 8197 8212 17920 19456 20481 22528 24577 33408 49664 57344 65632 65728 98432 131120 139280 172032 196640 229376
1 7 28 896 8197 8212 17920 19456 20481 22528 24577 33408 49664 57344 65728 73744 98432 106496 131120 131168 196624 196672
1 7 28 896 8197 8212 17920 19456 20481 22528 24577 33408 49664 57344 65728 98368 98432 131120 131168 139280 163904 172032
1 7 28 896 8197 8212 17920 19456 20481 22528 24577 33408 49664 57344 65728 98432 106496 131120 131168 139280 196672 204800
1 7 28 896 8197 8212 17920 19456 20481 22528 24577 33408 49664 57344 65728 98432 131120 131168 139280 172032 196672 229376
1 7 28 896 8197 8212 17920 19456 20481 22528 24577 33408 49664 57344 73744 98432 106496 131120 131168 131264 196624 196736
1 7 28 896 8197 8212 17920 19456 20481 22528 24577 33408 49664 57344 98432 106496 131120 131168 131264 139280 196736 204800
1 7 28 896 8197 8212 17920 19456 20481 22528 24577 33408 49664 57344 98432 131120 131168 131264 139280 172032 196736 229376
1 7 28 896 8197 8212 17920 19456 20481 22528 24577 33408 57344 82432 98816 114688 131120 131168 131264 139280 163968 172032
1 7 28 896 8197 8212 17920 19456 20481 22528 24577 40976 57344 65584 65632 65728 98320 114688 131712 147968 196736 212992
1 7 28 896 8197 8212 17920 19456 20481 22528 24577 40976 57344 65584 65632 98320 114688 131264 131712 147968 196672 212992
1 7 28 896 8197 8212 17920 19456 20481 22528 24577 40976 57344 65728 66176 82432 98368 114688 131120 131168 163856 163904
1 7 28 896 8197 8212 17920 19456 20481 22528 24577 40976 57344 65728 66176 82432 114688 131120 131168 163856 196672 229376
1 7 28 896 8197 8212 17920 19456 20481 22528 24577 40976 57344 66176 82432 98432 114688 131120 131168 131264 163856 163968
1 7 28 896 8197 8212 17920 19456 20481 22528 24577 40976 57344 66176 82432 114688 131120 131168 131264 163856 196736 229376
1 7 28 896 8197 8212 17920 19456 20481 22528 24577 49664 57344 65728 66176 98368 98816 131120 131168 139280 163904 172032
1 7 28 896 8197 8212 17920 19456 20481 22528 24577 49664 57344 65728 66176 98816 106496 131120 131168 139280 196672 204800
1 7 28 896 8197 8212 17920 19456 20481 22528 24577 49664 57344 65728 66176 98816 131120 131168 139280 172032 196672 229376
1 7 28 896 8197 8212 17920 19456 20481 22528 24577 49664 57344 66176 98432 98816 131120 131168 131264 139280 163968 172032
1 7 28 896 8197 8212 17920 19456 20481 22528 24577 49664 57344 66176 98816 106496 131120 131168 131264 139280 196736 204800
1 7 28 896 8197 8212 17920 19456 20481 22528 24577 49664 57344 66176 98816 131120 131168 131264 139280 172032 196736 229376
1 7 28 896 8197 8212 17920 19456 20481 22528 24577 57344 65584 65632 65728 73744 106496 114688 131712 147968 196736 212992
1 7 28 896 8197 8212 17920 19456 20481 22528 24577 57344 65584 65632 73744 106496 114688 131264 131712 147968 196672 212992
1 7 28 896 8197 8212 17920 19456 20481 22528 24577 57344 65728 66176 82432 98368 114688 131120 131168 139280 163904 172032
1 7 28 896 8197 8212 17920 19456 20481 22528 24577 57344 65728 66176 82432 106496 114688 131120 131168 139280 196672 204800
1 7 28 896 8197 8212 17920 19456 20481 22528 24577 57344 65728 66176 82432 114688 131120 131168 139280 172032 196672 229376
1 7 28 896 8197 8212 17920 19456 20481 22528 24577 57344 66176 82432 98432 114688 131120 131168 131264 139280 163968 172032
1 7 28 896 8197 8212 17920 19456 20481 22528 24577 57344 66176 82432 106496 114688 131120 131168 131264 139280 196736 204800
1 7 28 896 8197 8212 17920 19456 20481 22528 24577 57344 66176 82432 114688 131120 131168 131264 139280 172032 196736 229376
1 7 28 896 8197 8212 17920 19456 20481 24577 32816 32864 32960 40976 57344 66176 82432 98432 114688 137216 149504 151552
1 7 28 896 8197 8212 17920 19456 20481 24577 32816 32864 40976 57344 65728 66176 82432 98368 114688 137216 149504 151552
1 7 28 896 8197 8212 17920 19456 20481 24577 32960 33408 49664 57344 65584 65632 73744 98368 106496 137216 149504 151552
1 7 28 896 8197 8212 17920 19456 20481 24577 33408 49664 57344 65584 65632 65728 73744 98432 106496 137216 149504 151552
1 7 28 896 8197 8212 17920 19456 22528 24577 32816 32864 32960 40976 57344 66176 82432 98432 114688 135169 147457 151552
1 7 28 896 8197 8212 17920 19456 22528 24577 32816 32864 40976 57344 65728 66176 82432 98368 114688 135169 147457 151552
1 7 28 896 8197 8212 17920 19456 22528 24577 32960 33408 49664 57344 65584 65632 73744 98368 106496 135169 147457 151552
1 7 28 896 8197 8212 17920 19456 22528 24577 33408 49664 57344 65584 65632 65728 73744 98432 106496 135169 147457 151552
1 7 28 896 8197 8212 17920 19456 24577 32816 32864 32960 40976 57344 66176 82432 98432 114688 135169 137216 147457 149504
1 7 28 896 8197 8212 17920 19456 24577 32816 32864 40976 57344 65728 66176 82432 98368 114688 135169 137216 147457 149504
1 7 28 896 8197 8212 17920 19456 24577 32960 33408 49664 57344 65584 65632 73744 98368 106496 135169 137216 147457 149504
1 7 28 896 8197 8212 17920 19456 24577 33408 49664 57344 65584 65632 65728 73744 98432 106496 135169 137216 147457 149504
1 7 28 896 8197 8212 17920 20481 22528 24577 32816 32864 32960 40976 57344 66176 82432 98432 114688 134144 148480 149504
1 7 28 896 8197 8212 17920 20481 22528 24577 32816 32864 40976 57344 65728 66176 82432 98368 114688 134144 148480 149504
1 7 28 896 8197 8212 17920 20481 22528 24577 32960 33408 49664 57344 65584 65632 73744 98368 106496 134144 148480 149504
1 7 28 896 8197 8212 17920 20481 22528 24577 33408 49664 57344 65584 65632 65728 73744 98432 106496 134144 148480 149504
1 7 28 896 8197 8212 17920 20481 24577 32816 32864 32960 40976 57344 66176 82432 98432 114688 134144 137216 148480 151552
1 7 28 896 8197 8212 17920 20481 24577 32816 32864 40976 57344 65728 66176 82432 98368 114688 134144 137216 148480 151552
1 7 28 896 8197 8212 17920 20481 24577 32960 33408 49664 57344 65584 65632 73744 98368 106496 134144 137216 148480 151552
1 7 28 896 8197 8212 17920 20481 24577 33408 49664 57344 65584 65632 65728 73744 98432 106496 134144 137216 148480 151552
1 7 28 896 8197 8212 17920 24577 32816 32864 32960 40976 57344 66176 82432 98432 114688 134144 135169 137216 147457 148480
1 7 28 896 8197 8212 17920 24577 32816 32864 40976 57344 65728 66176 82432 98368 114688 134144 135169 137216 147457 148480
1 7 28 896 8197 8212 17920 24577 32960 33408 49664 57344 65584 65632 73744 98368 106496 134144 135169 137216 147457 148480
1 7 28 896 8197 8212 17920 24577 33408 49664 57344 65584 65632 65728 73744 98432 106496 134144 135169 137216 147457 148480
1 7 28 896 8197 8212 19456 20481 22528 24577 32816 32864 32960 40976 57344 66176 67072 82944 114688 163968 196736 229376
1 7 28 896 8197 8212 19456 20481 22528 24577 32816 32864 32960 40976 57344 66176 67072 98432 114688 148480 197632 212992
1 7 28 896 8197 8212 19456 20481 22528 24577 32816 32864 32960 40976 57344 66176 82432 98432 114688 132608 147968 148480
1 7 28 896 8197 8212 19456 20481 22528 24577 32816 32864 32960 40976 57344 66176 82944 98432 114688 132608 197120 197632
1 7 28 896 8197 8212 19456 20481 22528 24577 32816 32864 32960 40976 57344 66176 98432 114688 132608 148480 197120 212992
1 7 28 896 8197 8212 19456 20481 22528 24577 32816 32864 32960 40976 57344 67072 82944 98432 114688 131712 196736 197120
1 7 28 896 8197 8212 19456 20481 22528 24577 32816 32864 32960 40976 57344 67072 82944 114688 131712 163968 197120 229376
1 7 28 896 8197 8212 19456 20481 22528 24577 32816 32864 32960 40976 57344 82944 98432 114688 131712 132608 196736 197632
1 7 28 896 8197 8212 19456 20481 22528 24577 32816 32864 32960 40976 57344 82944 114688 131712 132608 163968 197632 229376
1 7 28 896 8197 8212 19456 20481 22528 24577 32816 32864 32960 40976 57344 98432 114688 131712 132608 148480 196736 212992
1 7 28 896 8197 8212 19456 20481 22528 24577 32816 32864 32960 40976 57344 114688 131712 132608 148480 163968 212992 229376
1 7 28 896 8197 8212 19456 20481 22528 24577 32816 32864 32960 57344 66176 67072 82944 98432 114688 139280 163856 172032
1 7 28 896 8197 8212 19456 20481 22528 24577 32816 32864 40976 57344 65728 66176 82432 98368 114688 132608 147968 148480
1 7 28 896 8197 8212 19456 20481 22528 24577 32816 32864 40976 57344 65728 66176 98368 114688 132608 148480 197120 212992
1 7 28 896 8197 8212 19456 20481 22528 24577 32816 32864 40976 57344 65728 98368 114688 131712 132608 148480 196736 212992
1 7 28 896 8197 8212 19456 20481 22528 24577 32816 32864 40976 57344 66176 67072 82944 98432 114688 131264 163904 163968
1 7 28 896 8197 8212 19456 20481 22528 24577 32816 32864 40976 57344 66176 67072 82944 114688 131264 163904 196736 229376
1 7 28 896 8197 8212 19456 20481 22528 24577 32816 32864 40976 57344 67072 82944 114688 131264 131712 163904 197120 229376
1 7 28 896 8197 8212 19456 20481 22528 24577 32816 32960 40976 57344 66176 67072 82944 98432 114688 131168 163872 163904
1 7 28 896 8197 8212 19456 20481 22528 24577 32816 40976 57344 65632 65728 98336 114688 131712 132608 148480 196736 212992
1 7 28 896 8197 8212 19456 20481 22528 24577 32816 40976 57344 66176 67072 82944 98432 114688 131168 131264 163872 163968
1 7 28 896 8197 8212 19456 20481 22528 24577 32816 40976 57344 66176 67072 82944 114688 131168 131264 163872 196736 229376
1 7 28 896 8197 8212 19456 20481 22528 24577 32864 32960 40976 57344 66176 67072 82944 98432 114688 131120 163856 163872
1 7 28 896 8197 8212 19456 20481 22528 24577 32864 32960 57344 66176 67072 82944 98432 114688 131120 139280 163872 172032
1 7 28 896 8197 8212 19456 20481 22528 24577 32960 33408 49664 57344 65584 65632 73744 98368 106496 132608 147968 148480
1 7 28 896 8197 8212 19456 20481 22528 24577 32960 33408 57344 67072 82944 98816 114688 131120 131168 139280 163904 172032
1 7 28 896 8197 8212 19456 20481 22528 24577 32960 40976 57344 66176 67072 82944 98432 114688 131120 131168 163856 163904
1 7 28 896 8197 8212 19456 20481 22528 24577 32960 57344 66176 67072 82944 98432 114688 131120 131168 139280 163904 172032
1 7 28 896 8197 8212 19456 20481 22528 24577 33408 34304 50176 57344 65584 65632 65728 73744 98432 172032 204800 229376
1 7 28 896 8197 8212 19456 20481 22528 24577 33408 34304 50176 57344 65584 65632 65728 98432 106496 139280 196624 204800
1 7 28 896 8197 8212 19456 20481 22528 24577 33408 34304 50176 57344 65584 65632 65728 98432 139280 172032 196624 229376
1 7 28 896 8197 8212 19456 20481 22528 24577 33408 34304 50176 57344 65584 65632 73744 98432 106496 131264 196672 196736
1 7 28 896 8197 8212 19456 20481 22528 24577 33408 34304 50176 57344 65584 65728 73744 98432 106496 131168 196640 196672
1 7 28 896 8197 8212 19456 20481 22528 24577 33408 34304 50176 57344 65584 73744 98432 106496 131168 131264 196640 196736
1 7 28 896 8197 8212 19456 20481 22528 24577 33408 34304 50176 57344 65632 65728 73744 98432 106496 131120 196624 196640
1 7 28 896 8197 8212 19456 20481 22528 24577 33408 34304 50176 57344 65632 65728 98432 106496 131120 139280 196640 204800
1 7 28 896 8197 8212 19456 20481 22528 24577 33408 34304 50176 57344 65632 65728 98432 131120 139280 172032 196640 229376
1 7 28 896 8197 8212 19456 20481 22528 24577 33408 34304 50176 57344 65728 73744 98432 106496 131120 131168 196624 196672
1 7 28 896 8197 8212 19456 20481 22528 24577 33408 34304 50176 57344 65728 98432 106496 131120 131168 139280 196672 204800
1 7 28 896 8197 8212 19456 20481 22528 24577 33408 34304 50176 57344 65728 98432 131120 131168 139280 172032 196672 229376
1 7 28 896 8197 8212 19456 20481 22528 24577 33408 34304 50176 57344 73744 98432 106496 131120 131168 131264 196624 196736
1 7 28 896 8197 8212 19456 20481 22528 24577 33408 34304 50176 57344 98432 106496 131120 131168 131264 139280 196736 204800
1 7 28 896 8197 8212 19456 20481 22528 24577 33408 34304 50176 57344 98432 131120 131168 131264 139280 172032 196736 229376
1 7 28 896 8197 8212 19456 20481 22528 24577 33408 34304 57344 82944 99328 114688 131120 131168 131264 139280 163968 172032
1 7 28 896 8197 8212 19456 20481 22528 24577 33408 49664 57344 65584 65632 65728 73744 98432 106496 132608 147968 148480
1 7 28 896 8197 8212 19456 20481 22528 24577 33408 50176 57344 67072 98816 99328 131120 131168 131264 139280 163968 172032
1 7 28 896 8197 8212 19456 20481 22528 24577 33408 57344 67072 82944 98816 114688 131120 131168 131264 139280 163968 172032
1 7 28 896 8197 8212 19456 20481 22528 24577 34304 50176 57344 65728 66176 98816 106496 131120 131168 139280 196672 204800
1 7 28 896 8197 8212 19456 20481 22528 24577 34304 50176 57344 65728 66176 98816 131120 131168 139280 172032 196672 229376
1 7 28 896 8197 8212 19456 20481 22528 24577 34304 50176 57344 66176 98432 98816 131120 131168 131264 139280 163968 172032
1 7 28 896 8197 8212 19456 20481 22528 24577 34304 50176 57344 66176 98816 106496 131120 131168 131264 139280 196736 204800
1 7 28 896 8197 8212 19456 20481 22528 24577 34304 50176 57344 66176 98816 131120 131168 131264 139280 172032 196736 229376
1 7 28 896 8197 8212 19456 20481 22528 24577 40976 57344 65584 65632 65728 98320 114688 131712 132608 148480 196736 212992
1 7 28 896 8197 8212 19456 20481 22528 24577 40976 57344 66176 67072 82944 98432 114688 131120 131168 131264 163856 163968
1 7 28 896 8197 8212 19456 20481 22528 24577 40976 57344 66176 67072 82944 114688 131120 131168 131264 163856 196736 229376
1 7 28 896 8197 8212 19456 20481 22528 24577 50176 57344 66176 67072 98432 99328 131120 131168 131264 139280 163968 172032
1 7 28 896 8197 8212 19456 20481 22528 24577 50176 57344 66176 67072 99328 106496 131120 131168 131264 139280 196736 204800
1 7 28 896 8197 8212 19456 20481 22528 24577 50176 57344 66176 67072 99328 131120 131168 131264 139280 172032 196736 229376
1 7 28 896 8197 8212 19456 20481 22528 24577 57344 65584 65632 65728 73744 106496 114688 131712 132608 148480 196736 212992
1 7 28 896 8197 8212 19456 20481 22528 24577 57344 66176 67072 82944 98432 114688 131120 131168 131264 139280 163968 172032
1 7 28 896 8197 8212 19456 20481 22528 24577 57344 66176 67072 82944 106496 114688 131120 131168 131264 139280 196736 204800
1 7 28 896 8197 8212 19456 20481 22528 24577 57344 66176 67072 82944 114688 131120 131168 131264 139280 172032 196736 229376
1 7 28 896 8197 8212 19456 20481 24577 32816 32864 32960 40976 57344 66176 67072 82944 98432 114688 137216 149504 151552
1 7 28 896 8197 8212 19456 20481 24577 33408 34304 50176 57344 65584 65632 65728 73744 98432 106496 137216 149504 151552
1 7 28 896 8197 8212 19456 22528 24577 32816 32864 32960 40976 57344 66176 67072 82944 98432 114688 135169 147457 151552
1 7 28 896 8197 8212 19456 22528 24577 33408 34304 50176 57344 65584 65632 65728 73744 98432 106496 135169 147457 151552
1 7 28 896 8197 8212 19456 24577 32816 32864 32960 40976 57344 66176 67072 82944 98432 114688 135169 137216 147457 149504
1 7 28 896 8197 8212 19456 24577 33408 34304 50176 57344 65584 65632 65728 73744 98432 106496 135169 137216 147457 149504
1 7 28 896 8197 8212 20481 22528 24577 32816 32864 32960 40976 57344 66176 67072 82944 98432 114688 134144 148480 149504
1 7 28 896 8197 8212 20481 22528 24577 32816 32864 32960 40976 57344 66176 67072 98432 114688 134144 149504 197632 212992
1 7 28 896 8197 8212 20481 22528 24577 32816 32864 32960 40976 57344 66176 82432 98432 114688 132608 134144 147968 149504
1 7 28 896 8197 8212 20481 22528 24577 32816 32864 32960 40976 57344 66176 98432 114688 132608 134144 149504 197120 212992
1 7 28 896 8197 8212 20481 22528 24577 32816 32864 32960 40976 57344 67072 68608 83968 114688 131712 163968 197120 229376
1 7 28 896 8197 8212 20481 22528 24577 32816 32864 32960 40976 57344 68608 83968 114688 131712 132608 163968 197632 229376
1 7 28 896 8197 8212 20481 22528 24577 32816 32864 40976 57344 65728 66176 82432 98368 114688 132608 134144 147968 149504
1 7 28 896 8197 8212 20481 22528 24577 32816 32864 40976 57344 65728 66176 98368 114688 132608 134144 149504 197120 212992
1 7 28 896 8197 8212 20481 22528 24577 32816 32864 40976 57344 67072 68608 83968 114688 131264 131712 163904 197120 229376
1 7 28 896 8197 8212 20481 22528 24577 32960 33408 49664 57344 65584 65632 73744 98368 106496 132608 134144 147968 149504
1 7 28 896 8197 8212 20481 22528 24577 32960 33408 57344 67072 68608 83968 98816 114688 131120 131168 139280 163904 172032
1 7 28 896 8197 8212 20481 22528 24577 33408 34304 50176 57344 65584 65632 65728 73744 98432 106496 134144 148480 149504
1 7 28 896 8197 8212 20481 22528 24577 33408 34304 57344 68608 83968 99328 114688 131120 131168 131264 139280 163968 172032
1 7 28 896 8197 8212 20481 22528 24577 33408 49664 57344 65584 65632 65728 73744 98432 106496 132608 134144 147968 149504
1 7 28 896 8197 8212 20481 22528 24577 33408 57344 67072 68608 83968 98816 114688 131120 131168 131264 139280 163968 172032
1 7 28 896 8197 8212 20481 22528 24577 34304 35840 51200 57344 65728 66176 98816 106496 131120 131168 139280 196672 204800
1 7 28 896 8197 8212 20481 22528 24577 34304 35840 51200 57344 65728 66176 98816 131120 131168 139280 172032 196672 229376
1 7 28 896 8197 8212 20481 22528 24577 34304 35840 51200 57344 66176 98816 106496 131120 131168 131264 139280 196736 204800
1 7 28 896 8197 8212 20481 22528 24577 34304 35840 51200 57344 66176 98816 131120 131168 131264 139280 172032 196736 229376
1 7 28 896 8197 8212 20481 22528 24577 35840 51200 57344 66176 67072 99328 106496 131120 131168 131264 139280 196736 204800
1 7 28 896 8197 8212 20481 22528 24577 35840 51200 57344 66176 67072 99328 131120 131168 131264 139280 172032 196736 229376
1 7 28 896 8197 8212 20481 24577 32816 32864 32960 40976 57344 66176 67072 82944 98432 114688 134144 137216 148480 151552
1 7 28 896 8197 8212 20481 24577 32816 32864 32960 40976 57344 66176 67072 98432 114688 134144 137216 151552 197632 212992
1 7 28 896 8197 8212 20481 24577 32816 32864 32960 40976 57344 66176 82432 98432 114688 132608 134144 137216 147968 151552
1 7 28 896 8197 8212 20481 24577 32816 32864 32960 40976 57344 66176 98432 114688 132608 134144 137216 151552 197120 212992
1 7 28 896 8197 8212 20481 24577 32816 32864 32960 40976 57344 67072 68608 71680 86016 114688 131712 163968 197120 229376
1 7 28 896 8197 8212 20481 24577 32816 32864 32960 40976 57344 68608 71680 86016 114688 131712 132608 163968 197632 229376
1 7 28 896 8197 8212 20481 24577 32816 32864 40976 57344 65728 66176 82432 98368 114688 132608 134144 137216 147968 151552
1 7 28 896 8197 8212 20481 24577 32816 32864 40976 57344 65728 66176 98368 114688 132608 134144 137216 151552 197120 212992
1 7 28 896 8197 8212 20481 24577 32816 32864 40976 57344 67072 68608 71680 86016 114688 131264 131712 163904 197120 229376
1 7 28 896 8197 8212 20481 24577 32960 33408 49664 57344 65584 65632 73744 98368 106496 132608 134144 137216 147968 151552
1 7 28 896 8197 8212 20481 24577 32960 33408 57344 67072 68608 71680 86016 98816 114688 131120 131168 139280 163904 172032
1 7 28 896 8197 8212 20481 24577 33408 34304 50176 57344 65584 65632 65728 73744 98432 106496 134144 137216 148480 151552
1 7 28 896 8197 8212 20481 24577 33408 34304 57344 68608 71680 86016 99328 114688 131120 131168 131264 139280 163968 172032
1 7 28 896 8197 8212 20481 24577 33408 49664 57344 65584 65632 65728 73744 98432 106496 132608 134144 137216 147968 151552
1 7 28 896 8197 8212 20481 24577 33408 57344 67072 68608 71680 86016 98816 114688 131120 131168 131264 139280 163968 172032
1 7 28 896 8197 8212 20481 24577 34304 35840 38912 53248 57344 65728 66176 98816 106496 131120 131168 139280 196672 204800
1 7 28 896 8197 8212 20481 24577 34304 35840 38912 53248 57344 65728 66176 98816 131120 131168 139280 172032 196672 229376
1 7 28 896 8197 8212 20481 24577 34304 35840 38912 53248 57344 66176 98816 106496 131120 131168 131264 139280 196736 204800
1 7 28 896 8197 8212 20481 24577 34304 35840 38912 53248 57344 66176 98816 131120 131168 131264 139280 172032 196736 229376
1 7 28 896 8197 8212 20481 24577 35840 38912 53248 57344 66176 67072 99328 106496 131120 131168 131264 139280 196736 204800
1 7 28 896 8197 8212 20481 24577 35840 38912 53248 57344 66176 67072 99328 131120 131168 131264 139280 172032 196736 229376
1 7 28 896 8197 8212 24577 24592 32816 32864 32960 49168 66176 67072 98432 114688 134144 135169 137216 147457 197632 212992
1 7 28 896 8197 8212 24577 24592 32816 32864 32960 49168 66176 67072 98432 134144 135169 137216 147457 180224 197632 229376
1 7 28 896 8197 8212 24577 24592 32816 32864 32960 49168 66176 98432 114688 132608 134144 135169 137216 147457 197120 212992
1 7 28 896 8197 8212 24577 24592 32816 32864 32960 49168 66176 98432 132608 134144 135169 137216 147457 180224 197120 229376
1 7 28 896 8197 8212 24577 24592 32816 32864 49168 65728 66176 98368 114688 132608 134144 135169 137216 147457 197120 212992
1 7 28 896 8197 8212 24577 24592 32816 32864 49168 65728 66176 98368 132608 134144 135169 137216 147457 180224 197120 229376
1 7 28 896 8197 8212 24577 32816 32864 32960 40976 57344 66176 67072 82944 98432 114688 134144 135169 137216 147457 148480
1 7 28 896 8197 8212 24577 32816 32864 32960 40976 57344 66176 67072 98432 114688 134144 135169 137216 147457 197632 212992
1 7 28 896 8197 8212 24577 32816 32864 32960 40976 57344 66176 82432 98432 114688 132608 134144 135169 137216 147457 147968
1 7 28 896 8197 8212 24577 32816 32864 32960 40976 57344 66176 98432 114688 132608 134144 135169 137216 147457 197120 212992
1 7 28 896 8197 8212 24577 32816 32864 32960 40976 57344 67072 68608 69633 71680 81921 114688 131712 163968 197120 229376
1 7 28 896 8197 8212 24577 32816 32864 32960 40976 57344 68608 69633 71680 81921 114688 131712 132608 163968 197632 229376
1 7 28 896 8197 8212 24577 32816 32864 40976 57344 65728 66176 82432 98368 114688 132608 134144 135169 137216 147457 147968
1 7 28 896 8197 8212 24577 32816 32864 40976 57344 65728 66176 98368 114688 132608 134144 135169 137216 147457 197120 212992
1 7 28 896 8197 8212 24577 32816 32864 40976 57344 67072 68608 69633 71680 81921 114688 131264 131712 163904 197120 229376
1 7 28 896 8197 8212 24577 32960 33408 49664 57344 65584 65632 73744 98368 106496 132608 134144 135169 137216 147457 147968
1 7 28 896 8197 8212 24577 32960 33408 57344 67072 68608 69633 71680 81921 98816 114688 131120 131168 139280 163904 172032
1 7 28 896 8197 8212 24577 33408 34304 50176 57344 65584 65632 65728 73744 98432 106496 134144 135169 137216 147457 148480
1 7 28 896 8197 8212 24577 33408 34304 57344 68608 69633 71680 81921 99328 114688 131120 131168 131264 139280 163968 172032
1 7 28 896 8197 8212 24577 33408 49664 57344 65584 65632 65728 73744 98432 106496 132608 134144 135169 137216 147457 147968
1 7 28 896 8197 8212 24577 33408 57344 67072 68608 69633 71680 81921 98816 114688 131120 131168 131264 139280 163968 172032
1 7 28 896 8197 8212 24577 34304 35840 36865 38912 49153 57344 65728 66176 98816 106496 131120 131168 139280 196672 204800
1 7 28 896 8197 8212 24577 34304 35840 36865 38912 49153 57344 65728 66176 98816 131120 131168 139280 172032 196672 229376
1 7 28 896 8197 8212 24577 34304 35840 36865 38912 49153 57344 66176 98816 106496 131120 131168 131264 139280 196736 204800
1 7 28 896 8197 8212 24577 34304 35840 36865 38912 49153 57344 66176 98816 131120 131168 131264 139280 172032 196736 229376
1 7 28 896 8197 8212 24577 35840 36865 38912 49153 57344 66176 67072 99328 106496 131120 131168 131264 139280 196736 204800
1 7 28 896 8197 8212 24577 35840 36865 38912 49153 57344 66176 67072 99328 131120 131168 131264 139280 172032 196736 229376
1 7 28 896 8197 12289 14336 17920 19456 26624 32788 32816 40964 57344 65632 65728 98336 114688 131712 147968 196736 212992
1 7 28 896 8197 12289 14336 17920 19456 26624 32788 32816 40964 57344 65632 98336 114688 131264 131712 147968 196672 212992
1 7 28 896 8197 12289 14336 17920 19456 26624 32788 32816 40964 57344 65728 66176 82432 114688 131168 163872 196672 229376
1 7 28 896 8197 12289 14336 17920 19456 26624 32788 32816 40964 57344 66176 82432 114688 131168 131264 163872 196736 229376
1 7 28 896 8197 12289 14336 17920 19456 26624 32788 40964 57344 65584 65632 65728 98320 114688 131712 147968 196736 212992
1 7 28 896 8197 12289 14336 17920 19456 26624 32788 40964 57344 65584 65632 98320 114688 131264 131712 147968 196672 212992
1 7 28 896 8197 12289 14336 17920 19456 26624 32788 40964 57344 65728 66176 82432 114688 131120 131168 163856 196672 229376
1 7 28 896 8197 12289 14336 17920 19456 26624 32788 40964 57344 66176 82432 114688 131120 131168 131264 163856 196736 229376
1 7 28 896 8197 12289 14336 17920 19456 26624 32816 32864 32960 57344 66176 82432 98432 114688 131092 139268 163856 172032
1 7 28 896 8197 12289 14336 17920 19456 26624 32816 32864 57344 65728 66176 82432 98368 114688 131092 139268 163856 172032
1 7 28 896 8197 12289 14336 17920 19456 26624 32864 32960 57344 66176 82432 98432 114688 131092 131120 139268 163872 172032
1 7 28 896 8197 12289 14336 17920 19456 26624 32864 57344 65728 66176 82432 98368 114688 131092 131120 139268 163872 172032
1 7 28 896 8197 12289 14336 17920 19456 26624 32960 33408 49664 57344 65584 65632 98368 106496 131092 139268 196624 204800
1 7 28 896 8197 12289 14336 17920 19456 26624 32960 33408 49664 57344 65584 65632 98368 131092 139268 172032 196624 229376
1 7 28 896 8197 12289 14336 17920 19456 26624 32960 33408 49664 57344 65632 98368 106496 131092 131120 139268 196640 204800
1 7 28 896 8197 12289 14336 17920 19456 26624 32960 33408 49664 57344 65632 98368 131092 131120 139268 172032 196640 229376
1 7 28 896 8197 12289 14336 17920 19456 26624 33408 49664 57344 65584 65632 65728 98432 106496 131092 139268 196624 204800
1 7 28 896 8197 12289 14336 17920 19456 26624 33408 49664 57344 65584 65632 65728 98432 131092 139268 172032 196624 229376
1 7 28 896 8197 12289 14336 17920 19456 26624 33408 49664 57344 65632 65728 98432 106496 131092 131120 139268 196640 204800
1 7 28 896 8197 12289 14336 17920 19456 26624 33408 49664 57344 65632 65728 98432 131092 131120 139268 172032 196640 229376
1 7 28 896 8197 12289 14336 19456 26624 32788 32816 40964 57344 65632 65728 98336 114688 131712 132608 148480 196736 212992
1 7 28 896 8197 12289 14336 19456 26624 32788 32816 40964 57344 66176 67072 82944 114688 131168 131264 163872 196736 229376
1 7 28 896 8197 12289 14336 19456 26624 32788 40964 57344 65584 65632 65728 98320 114688 131712 132608 148480 196736 212992
1 7 28 896 8197 12289 14336 19456 26624 32788 40964 57344 66176 67072 82944 114688 131120 131168 131264 163856 196736 229376
1 7 28 896 8197 12289 14336 19456 26624 32816 32864 32960 57344 66176 67072 82944 98432 114688 131092 139268 163856 172032
1 7 28 896 8197 12289 14336 19456 26624 32864 32960 57344 66176 67072 82944 98432 114688 131092 131120 139268 163872 172032
1 7 28 896 8197 12289 14336 19456 26624 33408 34304 50176 57344 65584 65632 65728 98432 106496 131092 139268 196624 204800
1 7 28 896 8197 12289 14336 19456 26624 33408 34304 50176 57344 65584 65632 65728 98432 131092 139268 172032 196624 229376
1 7 28 896 8197 12289 14336 19456 26624 33408 34304 50176 57344 65632 65728 98432 106496 131092 131120 139268 196640 204800
1 7 28 896 8197 12289 14336 19456 26624 33408 34304 50176 57344 65632 65728 98432 131092 131120 139268 172032 196640 229376
1 7 28 896 8197 12289 17920 19456 22528 28672 32960 33408 49664 57344 65556 65584 65632 73732 98368 172032 204800 229376
1 7 28 896 8197 12289 17920 19456 22528 28672 32960 33408 49664 57344 65556 65584 65632 98368 106496 139268 196612 204800
1 7 28 896 8197 12289 17920 19456 22528 28672 32960 33408 49664 57344 65556 65584 65632 98368 139268 172032 196612 229376
1 7 28 896 8197 12289 17920 19456 22528 28672 32960 33408 49664 57344 65556 65584 73732 98368 106496 131168 196640 196672
1 7 28 896 8197 12289 17920 19456 22528 28672 32960 33408 49664 57344 65556 65632 73732 98368 106496 131120 196624 196640
1 7 28 896 8197 12289 17920 19456 22528 28672 32960 33408 49664 57344 65556 73732 98368 106496 131120 131168 196624 196672
1 7 28 896 8197 12289 17920 19456 22528 28672 32960 33408 49664 57344 65584 65632 73732 98368 106496 131092 196612 196624
1 7 28 896 8197 12289 17920 19456 22528 28672 32960 33408 49664 57344 65584 65632 98368 106496 131092 139268 196624 204800
1 7 28 896 8197 12289 17920 19456 22528 28672 32960 33408 49664 57344 65584 65632 98368 131092 139268 172032 196624 229376
1 7 28 896 8197 12289 17920 19456 22528 28672 32960 33408 49664 57344 65632 73732 98368 106496 131092 131120 196612 196640
1 7 28 896 8197 12289 17920 19456 22528 28672 32960 33408 49664 57344 65632 98368 106496 131092 131120 139268 196640 204800
1 7 28 896 8197 12289 17920 19456 22528 28672 32960 33408 49664 57344 65632 98368 131092 131120 139268 172032 196640 229376
1 7 28 896 8197 12289 17920 19456 22528 28672 32960 33408 49664 57344 73732 98368 106496 131092 131120 131168 196612 196672
1 7 28 896 8197 12289 17920 19456 22528 28672 32960 33408 49664 57344 98368 106496 131092 131120 131168 139268 196672 204800
1 7 28 896 8197 12289 17920 19456 22528 28672 32960 33408 49664 57344 98368 131092 131120 131168 139268 172032 196672 229376
1 7 28 896 8197 12289 17920 19456 22528 28672 32960 33408 49664 65556 65584 65632 73732 90112 98368 180224 212992 229376
1 7 28 896 8197 12289 17920 19456 22528 28672 32960 33408 49664 65556 65584 65632 73732 98368 106496 155648 172032 180224
1 7 28 896 8197 12289 17920 19456 22528 28672 32960 33408 49664 65556 65584 65632 73732 98368 114688 155648 204800 212992
1 7 28 896 8197 12289 17920 19456 22528 28672 32960 33408 49664 65556 65584 65632 73732 98368 155648 180224 204800 229376
1 7 28 896 8197 12289 17920 19456 22528 28672 32960 33408 49664 65556 65584 65632 90112 98368 114688 139268 196612 204800
1 7 28 896 8197 12289 17920 19456 22528 28672 32960 33408 49664 65556 65584 65632 98368 114688 139268 155648 196612 212992
1 7 28 896 8197 12289 17920 19456 22528 28672 32960 33408 49664 65556 65584 65632 98368 139268 155648 180224 196612 229376
1 7 28 896 8197 12289 17920 19456 22528 28672 32960 33408 49664 65556 65584 73732 90112 98368 114688 131168 196640 196672
1 7 28 896 8197 12289 17920 19456 22528 28672 32960 33408 49664 65556 65632 73732 90112 98368 114688 131120 196624 196640
1 7 28 896 8197 12289 17920 19456 22528 28672 32960 33408 49664 65556 73732 90112 98368 114688 131120 131168 196624 196672
1 7 28 896 8197 12289 17920 19456 22528 28672 32960 33408 49664 65584 65632 73732 90112 98368 114688 131092 196612 196624
1 7 28 896 8197 12289 17920 19456 22528 28672 32960 33408 49664 65584 65632 90112 98368 114688 131092 139268 196624 204800
1 7 28 896 8197 12289 17920 19456 22528 28672 32960 33408 49664 65584 65632 98368 114688 131092 139268 155648 196624 212992
1 7 28 896 8197 12289 17920 19456 22528 28672 32960 33408 49664 65584 65632 98368 131092 139268 155648 180224 196624 229376
1 7 28 896 8197 12289 17920 19456 22528 28672 32960 33408 49664 65632 73732 90112 98368 114688 131092 131120 196612 196640
1 7 28 896 8197 12289 17920 19456 22528 28672 32960 33408 49664 65632 90112 98368 114688 131092 131120 139268 196640 204800
1 7 28 896 8197 12289 17920 19456 22528 28672 32960 33408 49664 65632 98368 114688 131092 131120 139268 155648 196640 212992
1 7 28 896 8197 12289 17920 19456 22528 28672 32960 33408 49664 65632 98368 131092 131120 139268 155648 180224 196640 229376
1 7 28 896 8197 12289 17920 19456 22528 28672 32960 33408 49664 73732 90112 98368 114688 131092 131120 131168 196612 196672
1 7 28 896 8197 12289 17920 19456 22528 28672 32960 33408 49664 90112 98368 114688 131092 131120 131168 139268 196672 204800
1 7 28 896 8197 12289 17920 19456 22528 28672 32960 33408 49664 98368 114688 131092 131120 131168 139268 155648 196672 212992
1 7 28 896 8197 12289 17920 19456 22528 28672 32960 33408 49664 98368 131092 131120 131168 139268 155648 180224 196672 229376
1 7 28 896 8197 12289 17920 19456 22528 28672 32960 49664 57344 66176 98432 98816 131092 131120 131168 139268 163904 172032
1 7 28 896 8197 12289 17920 19456 22528 28672 32960 49664 66176 98432 98816 131092 131120 131168 139268 155648 163904 180224
1 7 28 896 8197 12289 17920 19456 22528 28672 33408 49664 57344 65584 65632 65728 98432 106496 131092 139268 196624 204800
1 7 28 896 8197 12289 17920 19456 22528 28672 33408 49664 57344 65584 65632 65728 98432 131092 139268 172032 196624 229376
1 7 28 896 8197 12289 17920 19456 22528 28672 33408 49664 57344 65632 65728 98432 106496 131092 131120 139268 196640 204800
1 7 28 896 8197 12289 17920 19456 22528 28672 33408 49664 57344 65632 65728 98432 131092 131120 139268 172032 196640 229376
1 7 28 896 8197 12289 17920 19456 22528 28672 33408 49664 57344 65728 98368 98432 131092 131120 131168 139268 163904 172032
1 7 28 896 8197 12289 17920 19456 22528 28672 33408 49664 57344 65728 98432 106496 131092 131120 131168 139268 196672 204800
1 7 28 896 8197 12289 17920 19456 22528 28672 33408 49664 57344 65728 98432 131092 131120 131168 139268 172032 196672 229376
1 7 28 896 8197 12289 17920 19456 22528 28672 33408 49664 65584 65632 65728 90112 98432 114688 131092 139268 196624 204800
1 7 28 896 8197 12289 17920 19456 22528 28672 33408 49664 65584 65632 65728 98432 114688 131092 139268 155648 196624 212992
1 7 28 896 8197 12289 17920 19456 22528 28672 33408 49664 65584 65632 65728 98432 131092 139268 155648 180224 196624 229376
1 7 28 896 8197 12289 17920 19456 22528 28672 33408 49664 65632 65728 90112 98432 114688 131092 131120 139268 196640 204800
1 7 28 896 8197 12289 17920 19456 22528 28672 33408 49664 65632 65728 98432 114688 131092 131120 139268 155648 196640 212992
1 7 28 896 8197 12289 17920 19456 22528 28672 33408 49664 65632 65728 98432 131092 131120 139268 155648 180224 196640 229376
1 7 28 896 8197 12289 17920 19456 22528 28672 33408 49664 65728 90112 98432 114688 131092 131120 131168 139268 196672 204800
1 7 28 896 8197 12289 17920 19456 22528 28672 33408 49664 65728 98368 98432 131092 131120 131168 139268 155648 163904 180224
1 7 28 896 8197 12289 17920 19456 22528 28672 33408 49664 65728 98432 114688 131092 131120 131168 139268 155648 196672 212992
1 7 28 896 8197 12289 17920 19456 22528 28672 33408 49664 65728 98432 131092 131120 131168 139268 155648 180224 196672 229376
1 7 28 896 8197 12289 17920 19456 22528 28672 49664 57344 65728 66176 98368 98816 131092 131120 131168 139268 163904 172032
1 7 28 896 8197 12289 17920 19456 22528 28672 49664 57344 65728 66176 98816 106496 131092 131120 131168 139268 196672 204800
1 7 28 896 8197 12289 17920 19456 22528 28672 49664 57344 65728 66176 98816 131092 131120 131168 139268 172032 196672 229376
1 7 28 896 8197 12289 17920 19456 22528 28672 49664 65728 66176 90112 98816 114688 131092 131120 131168 139268 196672 204800
1 7 28 896 8197 12289 17920 19456 22528 28672 49664 65728 66176 98368 98816 131092 131120 131168 139268 155648 163904 180224
1 7 28 896 8197 12289 17920 19456 22528 28672 49664 65728 66176 98816 114688 131092 131120 131168 139268 155648 196672 212992
1 7 28 896 8197 12289 17920 19456 22528 28672 49664 65728 66176 98816 131092 131120 131168 139268 155648 180224 196672 229376
1 7 28 896 8197 12289 17920 19456 28672 38912 51200 53248 65728 66176 82432 90112 131092 131120 131168 139268 196672 204800
1 7 28 896 8197 12289 17920 19456 28672 38912 51200 53248 65728 66176 82432 131092 131120 131168 139268 155648 196672 212992
1 7 28 896 8197 12289 17920 22528 28672 35840 50176 51200 65728 66176 82432 90112 131092 131120 131168 139268 196672 204800
1 7 28 896 8197 12289 17920 22528 28672 35840 50176 51200 65728 66176 82432 131092 131120 131168 139268 155648 196672 212992
1 7 28 896 8197 12289 17920 28672 35840 38912 50176 53248 65728 66176 82432 90112 131092 131120 131168 139268 196672 204800
1 7 28 896 8197 12289 17920 28672 35840 38912 50176 53248 65728 66176 82432 131092 131120 131168 139268 155648 196672 212992
1 7 28 896 8197 12289 19456 22528 28672 33408 34304 50176 57344 65556 65584 65632 73732 106496 131264 163968 196672 229376
1 7 28 896 8197 12289 19456 22528 28672 33408 34304 50176 57344 65556 65584 73732 106496 131168 131264 163968 196640 229376
1 7 28 896 8197 12289 19456 22528 28672 33408 34304 50176 57344 65556 73732 106496 131120 131168 131264 163968 196624 229376
1 7 28 896 8197 12289 19456 22528 28672 33408 34304 50176 57344 65584 65632 65728 98432 106496 131092 139268 196624 204800
1 7 28 896 8197 12289 19456 22528 28672 33408 34304 50176 57344 65632 65728 98432 106496 131092 131120 139268 196640 204800
1 7 28 896 8197 12289 19456 22528 28672 33408 34304 50176 57344 65728 98432 106496 131092 131120 131168 139268 196672 204800
1 7 28 896 8197 12289 19456 22528 28672 33408 34304 50176 65556 65584 65632 73732 90112 114688 131264 163968 196672 229376
1 7 28 896 8197 12289 19456 22528 28672 33408 34304 50176 65556 65584 73732 90112 114688 131168 131264 163968 196640 229376
1 7 28 896 8197 12289 19456 22528 28672 33408 34304 50176 65556 73732 90112 114688 131120 131168 131264 163968 196624 229376
1 7 28 896 8197 12289 19456 22528 28672 33408 34304 50176 65584 65632 65728 90112 98432 114688 131092 139268 196624 204800
1 7 28 896 8197 12289 19456 22528 28672 33408 34304 50176 65584 65632 65728 98432 114688 131092 139268 155648 196624 212992
1 7 28 896 8197 12289 19456 22528 28672 33408 34304 50176 65632 65728 90112 98432 114688 131092 131120 139268 196640 204800
1 7 28 896 8197 12289 19456 22528 28672 33408 34304 50176 65632 65728 98432 114688 131092 131120 139268 155648 196640 212992
1 7 28 896 8197 12289 19456 22528 28672 33408 34304 50176 65728 90112 98432 114688 131092 131120 131168 139268 196672 204800
1 7 28 896 8197 12289 19456 22528 28672 33408 34304 50176 65728 98432 114688 131092 131120 131168 139268 155648 196672 212992
1 7 28 896 8197 12289 19456 22528 28672 34304 49664 50176 65728 66176 82432 90112 131092 131120 131168 139268 196672 204800
1 7 28 896 8197 12289 19456 22528 28672 34304 49664 50176 65728 66176 82432 131092 131120 131168 139268 155648 196672 212992
1 7 28 896 8197 12289 19456 22528 28672 34304 50176 57344 65556 65584 65632 73732 106496 131264 131712 164352 196672 229376
1 7 28 896 8197 12289 19456 22528 28672 34304 50176 57344 65728 66176 98816 106496 131092 131120 131168 139268 196672 204800
1 7 28 896 8197 12289 19456 22528 28672 34304 50176 65556 65584 65632 73732 90112 114688 131264 131712 164352 196672 229376
1 7 28 896 8197 12289 19456 22528 28672 34304 50176 65728 66176 90112 98816 114688 131092 131120 131168 139268 196672 204800
1 7 28 896 8197 12289 19456 22528 28672 34304 50176 65728 66176 98816 114688 131092 131120 131168 139268 155648 196672 212992
1 7 28 896 8197 12289 22528 28672 34304 35840 49664 51200 65728 66176 82432 90112 131092 131120 131168 139268 196672 204800
1 7 28 896 8197 12289 22528 28672 34304 35840 49664 51200 65728 66176 82432 131092 131120 131168 139268 155648 196672 212992
1 7 28 896 8197 12289 22528 28672 34304 35840 51200 57344 65728 66176 98816 106496 131092 131120 131168 139268 196672 204800
1 7 28 896 8197 12289 22528 28672 34304 35840 51200 57344 65728 66176 98816 131092 131120 131168 139268 172032 196672 229376
1 7 28 896 8197 12289 22528 28672 34304 35840 51200 65728 66176 90112 98816 114688 131092 131120 131168 139268 196672 204800
1 7 28 896 8197 12289 22528 28672 34304 35840 51200 65728 66176 98816 114688 131092 131120 131168 139268 155648 196672 212992
1 7 28 896 8197 12289 22528 28672 34304 35840 51200 65728 66176 98816 131092 131120 131168 139268 155648 180224 196672 229376
1 7 28 896 8197 12289 24580 28672 34304 35840 38912 53248 65556 65584 65632 81924 114688 131264 131712 164352 196672 229376
1 7 28 896 8197 12289 24580 28672 34304 35840 38912 53248 65728 66176 98816 114688 131092 131120 131168 147460 196672 212992
1 7 28 896 8197 12289 28672 34304 35840 38912 49664 53248 65728 66176 82432 90112 131092 131120 131168 139268 196672 204800
1 7 28 896 8197 12289 28672 34304 35840 38912 49664 53248 65728 66176 82432 131092 131120 131168 139268 155648 196672 212992
1 7 28 896 8197 12289 28672 34304 35840 38912 53248 57344 65556 65584 65632 73732 106496 131264 131712 164352 196672 229376
1 7 28 896 8197 12289 28672 34304 35840 38912 53248 57344 65728 66176 98816 106496 131092 131120 131168 139268 196672 204800
1 7 28 896 8197 12289 28672 34304 35840 38912 53248 65556 65584 65632 73732 90112 114688 131264 131712 164352 196672 229376
1 7 28 896 8197 12289 28672 34304 35840 38912 53248 65728 66176 90112 98816 114688 131092 131120 131168 139268 196672 204800
1 7 28 896 8197 12289 28672 34304 35840 38912 53248 65728 66176 98816 114688 131092 131120 131168 139268 155648 196672 212992
1 7 28 896 8197 16404 24577 24580 32816 32864 32960 49168 66176 67072 98432 114688 134144 135169 137216 147457 197632 212992
1 7 28 896 8197 16404 24577 24580 32816 32864 32960 49168 66176 98432 114688 132608 134144 135169 137216 147457 197120 212992
1 7 28 896 8197 16404 24577 24580 32816 32864 32960 49168 67072 68608 69633 71680 81921 114688 131712 163968 197120 229376
1 7 28 896 8197 16404 24577 24580 32816 32864 32960 49168 68608 69633 71680 81921 114688 131712 132608 163968 197632 229376
1 7 28 896 8197 16404 24577 24580 32816 32864 49168 65728 66176 98368 114688 132608 134144 135169 137216 147457 197120 212992
1 7 28 896 8197 16404 24577 24580 32816 32864 49168 67072 68608 69633 71680 81921 114688 131264 131712 163904 197120 229376
1 7 28 896 8197 17920 19456 20481 22528 24577 32788 32816 40964 57344 65632 65728 98336 114688 131712 147968 196736 212992
1 7 28 896 8197 17920 19456 20481 22528 24577 32788 32816 40964 57344 65632 98336 114688 131264 131712 147968 196672 212992
1 7 28 896 8197 17920 19456 20481 22528 24577 32788 32816 40964 57344 65728 66176 82432 114688 131168 163872 196672 229376
1 7 28 896 8197 17920 19456 20481 22528 24577 32788 32816 40964 57344 66176 82432 114688 131168 131264 163872 196736 229376
1 7 28 896 8197 17920 19456 20481 22528 24577 32788 40964 57344 65584 65632 65728 98320 114688 131712 147968 196736 212992
1 7 28 896 8197 17920 19456 20481 22528 24577 32788 40964 57344 65584 65632 98320 114688 131264 131712 147968 196672 212992
1 7 28 896 8197 17920 19456 20481 22528 24577 32788 40964 57344 65728 66176 82432 114688 131120 131168 163856 196672 229376
1 7 28 896 8197 17920 19456 20481 22528 24577 32788 40964 57344 66176 82432 114688 131120 131168 131264 163856 196736 229376
1 7 28 896 8197 17920 19456 20481 22528 24577 32816 32864 32960 40976 57344 66176 82432 98432 114688 131092 139268 139280
1 7 28 896 8197 17920 19456 20481 22528 24577 32816 32864 32960 57344 66176 82432 98432 114688 131092 139268 163856 172032
1 7 28 896 8197 17920 19456 20481 22528 24577 32816 32864 40976 57344 65728 66176 82432 98368 114688 131092 139268 139280
1 7 28 896 8197 17920 19456 20481 22528 24577 32816 32864 57344 65728 66176 82432 98368 114688 131092 139268 163856 172032
1 7 28 896 8197 17920 19456 20481 22528 24577 32864 32960 57344 66176 82432 98432 114688 131092 131120 139268 163872 172032
1 7 28 896 8197 17920 19456 20481 22528 24577 32864 57344 65728 66176 82432 98368 114688 131092 131120 139268 163872 172032
1 7 28 896 8197 17920 19456 20481 22528 24577 32960 33408 49664 57344 65584 65632 73744 98368 106496 131092 139268 139280
1 7 28 896 8197 17920 19456 20481 22528 24577 32960 33408 49664 57344 65584 65632 98368 106496 131092 139268 196624 204800
1 7 28 896 8197 17920 19456 20481 22528 24577 32960 33408 49664 57344 65584 65632 98368 131092 139268 172032 196624 229376
1 7 28 896 8197 17920 19456 20481 22528 24577 32960 33408 49664 57344 65632 98368 106496 131092 131120 139268 196640 204800
1 7 28 896 8197 17920 19456 20481 22528 24577 32960 33408 49664 57344 65632 98368 131092 131120 139268 172032 196640 229376
1 7 28 896 8197 17920 19456 20481 22528 24577 33408 49664 57344 65584 65632 65728 73744 98432 106496 131092 139268 139280
1 7 28 896 8197 17920 19456 20481 22528 24577 33408 49664 57344 65584 65632 65728 98432 106496 131092 139268 196624 204800
1 7 28 896 8197 17920 19456 20481 22528 24577 33408 49664 57344 65584 65632 65728 98432 131092 139268 172032 196624 229376
1 7 28 896 8197 17920 19456 20481 22528 24577 33408 49664 57344 65632 65728 98432 106496 131092 131120 139268 196640 204800
1 7 28 896 8197 17920 19456 20481 22528 24577 33408 49664 57344 65632 65728 98432 131092 131120 139268 172032 196640 229376
1 7 28 896 8197 19456 20481 22528 24577 32788 32816 40964 57344 65632 65728 98336 114688 131712 132608 148480 196736 212992
1 7 28 896 8197 19456 20481 22528 24577 32788 32816 40964 57344 66176 67072 82944 114688 131168 131264 163872 196736 229376
1 7 28 896 8197 19456 20481 22528 24577 32788 40964 57344 65584 65632 65728 98320 114688 131712 132608 148480 196736 212992
1 7 28 896 8197 19456 20481 22528 24577 32788 40964 57344 66176 67072 82944 114688 131120 131168 131264 163856 196736 229376
1 7 28 896 8197 19456 20481 22528 24577 32816 32864 32960 40976 57344 66176 67072 82944 98432 114688 131092 139268 139280
1 7 28 896 8197 19456 20481 22528 24577 32816 32864 32960 57344 66176 67072 82944 98432 114688 131092 139268 163856 172032
1 7 28 896 8197 19456 20481 22528 24577 32864 32960 57344 66176 67072 82944 98432 114688 131092 131120 139268 163872 172032
1 7 28 896 8197 19456 20481 22528 24577 33408 34304 50176 57344 65584 65632 65728 73744 98432 106496 131092 139268 139280
1 7 28 896 8197 19456 20481 22528 24577 33408 34304 50176 57344 65584 65632 65728 98432 106496 131092 139268 196624 204800
1 7 28 896 8197 19456 20481 22528 24577 33408 34304 50176 57344 65584 65632 65728 98432 131092 139268 172032 196624 229376
1 7 28 896 8197 19456 20481 22528 24577 33408 34304 50176 57344 65632 65728 98432 106496 131092 131120 139268 196640 204800
1 7 28 896 8197 19456 20481 22528 24577 33408 34304 50176 57344 65632 65728 98432 131092 131120 139268 172032 196640 229376
1 7 28 896 8197 20481 22528 24577 32788 32816 32864 40964 57344 65728 66176 98368 114688 132608 134144 149504 197120 212992
1 7 28 896 8197 20481 22528 24577 32788 32816 32864 40964 57344 67072 68608 83968 114688 131264 131712 163904 197120 229376
1 7 28 896 8197 20481 22528 24577 32960 33408 57344 67072 68608 83968 98816 114688 131092 131120 131168 139268 163904 172032
1 7 28 896 8197 20481 22528 24577 34304 35840 51200 57344 65728 66176 98816 106496 131092 131120 131168 139268 196672 204800
1 7 28 896 8197 20481 22528 24577 34304 35840 51200 57344 65728 66176 98816 131092 131120 131168 139268 172032 196672 229376
1 7 28 896 8197 20481 24577 24580 32788 32816 32864 49156 65728 66176 98368 114688 132608 134144 137216 151552 197120 212992
1 7 28 896 8197 20481 24577 24580 32788 32816 32864 49156 65728 66176 98368 132608 134144 137216 151552 180224 197120 229376
1 7 28 896 8197 20481 24577 28672 34304 35840 38912 45056 65556 65584 65632 73732 106496 131264 131712 164352 196672 229376
1 7 28 896 8197 20481 24577 28672 34304 35840 38912 45056 65728 66176 98816 106496 131092 131120 131168 139268 196672 204800
1 7 28 896 8197 20481 24577 32788 32816 32864 40964 57344 65728 66176 98368 114688 132608 134144 137216 151552 197120 212992
1 7 28 896 8197 20481 24577 32788 32816 32864 40964 57344 67072 68608 71680 86016 114688 131264 131712 163904 197120 229376
1 7 28 896 8197 20481 24577 32960 33408 57344 67072 68608 71680 86016 98816 114688 131092 131120 131168 139268 163904 172032
1 7 28 896 8197 20481 24577 34304 35840 38912 53248 57344 65728 66176 98816 106496 131092 131120 131168 139268 196672 204800
1 7 28 896 8197 20481 24577 34304 35840 38912 53248 57344 65728 66176 98816 131092 131120 131168 139268 172032 196672 229376
1 7 28 8197 8212 17920 18433 19456 24577 32816 32864 32960 40976 57344 65920 66304 82432 98432 114688 133121 135169 137216
1 7 28 8197 8212 17920 18433 19456 24577 32816 32864 40976 57344 65728 65920 66304 82432 98368 114688 133121 135169 137216
1 7 28 8197 8212 17920 18433 19456 24577 32960 33152 33536 49664 57344 65584 65632 73744 98368 106496 133121 135169 137216
1 7 28 8197 8212 17920 18433 19456 24577 33152 33536 49664 57344 65584 65632 65728 73744 98432 106496 133121 135169 137216
1 7 28 8197 8212 17920 19456 20481 22528 24577 32816 32864 32960 40976 57344 65920 66304 82432 114688 163968 196736 229376
1 7 28 8197 8212 17920 19456 20481 22528 24577 32816 32864 32960 40976 57344 65920 66304 98432 114688 147968 197120 212992
1 7 28 8197 8212 17920 19456 20481 22528 24577 32816 32864 32960 40976 57344 65920 82432 98432 114688 131840 196864 197120
1 7 28 8197 8212 17920 19456 20481 22528 24577 32816 32864 32960 40976 57344 65920 98432 114688 131840 147968 196864 212992
1 7 28 8197 8212 17920 19456 20481 22528 24577 32816 32864 32960 40976 57344 66176 82432 98432 114688 131456 131712 131840
1 7 28 8197 8212 17920 19456 20481 22528 24577 32816 32864 32960 40976 57344 66304 82432 98432 114688 131456 196736 196864
1 7 28 8197 8212 17920 19456 20481 22528 24577 32816 32864 32960 40976 57344 66304 82432 114688 131456 163968 196864 229376
1 7 28 8197 8212 17920 19456 20481 22528 24577 32816 32864 32960 40976 57344 82432 98432 114688 131456 131840 196736 197120
1 7 28 8197 8212 17920 19456 20481 22528 24577 32816 32864 32960 40976 57344 82432 114688 131456 131840 163968 197120 229376
1 7 28 8197 8212 17920 19456 20481 22528 24577 32816 32864 32960 40976 57344 98432 114688 131456 131840 147968 196736 212992
1 7 28 8197 8212 17920 19456 20481 22528 24577 32816 32864 32960 40976 57344 114688 131456 131840 147968 163968 212992 229376
1 7 28 8197 8212 17920 19456 20481 22528 24577 32816 32864 32960 57344 65920 66304 82432 98432 114688 139280 163856 172032
1 7 28 8197 8212 17920 19456 20481 22528 24577 32816 32864 40976 57344 65728 65920 66304 82432 114688 163904 196672 229376
1 7 28 8197 8212 17920 19456 20481 22528 24577 32816 32864 40976 57344 65728 65920 66304 98368 114688 147968 197120 212992
1 7 28 8197 8212 17920 19456 20481 22528 24577 32816 32864 40976 57344 65728 65920 82432 98368 114688 131840 196864 197120
1 7 28 8197 8212 17920 19456 20481 22528 24577 32816 32864 40976 57344 65728 65920 98368 114688 131840 147968 196864 212992
1 7 28 8197 8212 17920 19456 20481 22528 24577 32816 32864 40976 57344 65728 66176 82432 98368 114688 131456 131712 131840
1 7 28 8197 8212 17920 19456 20481 22528 24577 32816 32864 40976 57344 65728 66304 82432 98368 114688 131456 196736 196864
1 7 28 8197 8212 17920 19456 20481 22528 24577 32816 32864 40976 57344 65728 82432 98368 114688 131456 131840 196736 197120
1 7 28 8197 8212 17920 19456 20481 22528 24577 32816 32864 40976 57344 65728 98368 114688 131456 131840 147968 196736 212992
1 7 28 8197 8212 17920 19456 20481 22528 24577 32816 32864 40976 57344 65920 66304 82432 98368 114688 131264 196672 196736
1 7 28 8197 8212 17920 19456 20481 22528 24577 32816 32864 40976 57344 65920 66304 82432 98432 114688 131264 163904 163968
1 7 28 8197 8212 17920 19456 20481 22528 24577 32816 32864 40976 57344 65920 66304 82432 114688 131264 163904 196736 229376
1 7 28 8197 8212 17920 19456 20481 22528 24577 32816 32864 40976 57344 66304 82432 98368 114688 131264 131456 196672 196864
1 7 28 8197 8212 17920 19456 20481 22528 24577 32816 32864 40976 57344 66304 82432 114688 131264 131456 163904 196864 229376
1 7 28 8197 8212 17920 19456 20481 22528 24577 32816 32864 40976 57344 82432 98368 114688 131264 131456 131840 196672 197120
1 7 28 8197 8212 17920 19456 20481 22528 24577 32816 32864 40976 57344 82432 114688 131264 131456 131840 163904 197120 229376
1 7 28 8197 8212 17920 19456 20481 22528 24577 32816 32864 40976 57344 98368 114688 131264 131456 131840 147968 196672 212992
1 7 28 8197 8212 17920 19456 20481 22528 24577 32816 32864 40976 57344 114688 131264 131456 131840 147968 163904 212992 229376
1 7 28 8197 8212 17920 19456 20481 22528 24577 32816 32864 57344 65728 65920 66304 82432 98368 114688 139280 163856 172032
1 7 28 8197 8212 17920 19456 20481 22528 24577 32816 32960 40976 57344 65920 66304 82432 98432 114688 131168 163872 163904
1 7 28 8197 8212 17920 19456 20481 22528 24577 32816 40976 57344 65632 65728 98336 114688 131456 131840 147968 196736 212992
1 7 28 8197 8212 17920 19456 20481 22528 24577 32816 40976 57344 65632 98336 114688 131264 131456 131840 147968 196672 212992
1 7 28 8197 8212 17920 19456 20481 22528 24577 32816 40976 57344 65728 65920 66304 82432 98368 114688 131168 163872 163904
1 7 28 8197 8212 17920 19456 20481 22528 24577 32816 40976 57344 65728 65920 66304 82432 114688 131168 163872 196672 229376
1 7 28 8197 8212 17920 19456 20481 22528 24577 32816 40976 57344 65920 66304 82432 98432 114688 131168 131264 163872 163968
1 7 28 8197 8212 17920 19456 20481 22528 24577 32816 40976 57344 65920 66304 82432 114688 131168 131264 163872 196736 229376
1 7 28 8197 8212 17920 19456 20481 22528 24577 32864 32960 40976 57344 65920 66304 82432 98432 114688 131120 163856 163872
1 7 28 8197 8212 17920 19456 20481 22528 24577 32864 32960 57344 65920 66304 82432 98432 114688 131120 139280 163872 172032
1 7 28 8197 8212 17920 19456 20481 22528 24577 32864 40976 57344 65728 65920 66304 82432 98368 114688 131120 163856 163872
1 7 28 8197 8212 17920 19456 20481 22528 24577 32864 57344 65728 65920 66304 82432 98368 114688 131120 139280 163872 172032
1 7 28 8197 8212 17920 19456 20481 22528 24577 32960 33152 33536 49664 57344 65584 65632 73744 98368 172032 204800 229376
1 7 28 8197 8212 17920 19456 20481 22528 24577 32960 33152 33536 49664 57344 65584 65632 98368 106496 139280 196624 204800
1 7 28 8197 8212 17920 19456 20481 22528 24577 32960 33152 33536 49664 57344 65584 65632 98368 139280 172032 196624 229376
1 7 28 8197 8212 17920 19456 20481 22528 24577 32960 33152 33536 49664 57344 65584 73744 98368 106496 131168 196640 196672
1 7 28 8197 8212 17920 19456 20481 22528 24577 32960 33152 33536 49664 57344 65632 73744 98368 106496 131120 196624 196640
1 7 28 8197 8212 17920 19456 20481 22528 24577 32960 33152 33536 49664 57344 65632 98368 106496 131120 139280 196640 204800
1 7 28 8197 8212 17920 19456 20481 22528 24577 32960 33152 33536 49664 57344 65632 98368 131120 139280 172032 196640 229376
1 7 28 8197 8212 17920 19456 20481 22528 24577 32960 33152 33536 49664 57344 73744 98368 106496 131120 131168 196624 196672
1 7 28 8197 8212 17920 19456 20481 22528 24577 32960 33152 33536 49664 57344 98368 106496 131120 131168 139280 196672 204800
1 7 28 8197 8212 17920 19456 20481 22528 24577 32960 33152 33536 49664 57344 98368 131120 131168 139280 172032 196672 229376
1 7 28 8197 8212 17920 19456 20481 22528 24577 32960 33152 33536 57344 82432 98816 114688 131120 131168 139280 163904 172032
1 7 28 8197 8212 17920 19456 20481 22528 24577 32960 33152 49664 57344 66304 98560 98816 131120 131168 139280 163904 172032
1 7 28 8197 8212 17920 19456 20481 22528 24577 32960 33152 57344 66304 82432 98560 114688 131120 131168 139280 163904 172032
1 7 28 8197 8212 17920 19456 20481 22528 24577 32960 33408 49664 57344 65920 66176 66304 131120 131168 139280 163904 172032
1 7 28 8197 8212 17920 19456 20481 22528 24577 32960 33536 49664 57344 65920 98432 98560 131120 131168 139280 163904 172032
1 7 28 8197 8212 17920 19456 20481 22528 24577 32960 40976 57344 65920 66304 82432 98432 114688 131120 131168 163856 163904
1 7 28 8197 8212 17920 19456 20481 22528 24577 32960 49664 57344 65920 66304 98432 98816 131120 131168 139280 163904 172032
1 7 28 8197 8212 17920 19456 20481 22528 24577 32960 57344 65920 66304 82432 98432 114688 131120 131168 139280 163904 172032
1 7 28 8197 8212 17920 19456 20481 22528 24577 33152 33536 49664 57344 65584 65632 65728 73744 98432 172032 204800 229376
1 7 28 8197 8212 17920 19456 20481 22528 24577 33152 33536 49664 57344 65584 65632 65728 98432 106496 139280 196624 204800
1 7 28 8197 8212 17920 19456 20481 22528 24577 33152 33536 49664 57344 65584 65632 65728 98432 139280 172032 196624 229376
1 7 28 8197 8212 17920 19456 20481 22528 24577 33152 33536 49664 57344 65584 65632 73744 98432 106496 131264 196672 196736
1 7 28 8197 8212 17920 19456 20481 22528 24577 33152 33536 49664 57344 65584 65728 73744 98432 106496 131168 196640 196672
1 7 28 8197 8212 17920 19456 20481 22528 24577 33152 33536 49664 57344 65584 73744 98432 106496 131168 131264 196640 196736
1 7 28 8197 8212 17920 19456 20481 22528 24577 33152 33536 49664 57344 65632 65728 73744 98432 106496 131120 196624 196640
1 7 28 8197 8212 17920 19456 20481 22528 24577 33152 33536 49664 57344 65632 65728 98432 106496 131120 139280 196640 204800
1 7 28 8197 8212 17920 19456 20481 22528 24577 33152 33536 49664 57344 65632 65728 98432 131120 139280 172032 196640 229376
1 7 28 8197 8212 17920 19456 20481 22528 24577 33152 33536 49664 57344 65728 73744 98432 106496 131120 131168 196624 196672
1 7 28 8197 8212 17920 19456 20481 22528 24577 33152 33536 49664 57344 65728 98368 98432 131120 131168 139280 163904 172032
1 7 28 8197 8212 17920 19456 20481 22528 24577 33152 33536 49664 57344 65728 98432 106496 131120 131168 139280 196672 204800
1 7 28 8197 8212 17920 19456 20481 22528 24577 33152 33536 49664 57344 65728 98432 131120 131168 139280 172032 196672 229376
1 7 28 8197 8212 17920 19456 20481 22528 24577 33152 33536 49664 57344 73744 98432 106496 131120 131168 131264 196624 196736
1 7 28 8197 8212 17920 19456 20481 22528 24577 33152 33536 49664 57344 98432 106496 131120 131168 131264 139280 196736 204800
1 7 28 8197 8212 17920 19456 20481 22528 24577 33152 33536 49664 57344 98432 131120 131168 131264 139280 172032 196736 229376
1 7 28 8197 8212 17920 19456 20481 22528 24577 33152 33536 57344 82432 98816 114688 131120 131168 131264 139280 163968 172032
1 7 28 8197 8212 17920 19456 20481 22528 24577 33152 49664 57344 66304 98560 98816 131120 131168 131264 139280 163968 172032
1 7 28 8197 8212 17920 19456 20481 22528 24577 33152 57344 66304 82432 98560 114688 131120 131168 131264 139280 163968 172032
1 7 28 8197 8212 17920 19456 20481 22528 24577 33408 49664 57344 65920 66176 66304 131120 131168 131264 139280 163968 172032
1 7 28 8197 8212 17920 19456 20481 22528 24577 33536 49664 57344 65728 65920 98368 98560 131120 131168 139280 163904 172032
1 7 28 8197 8212 17920 19456 20481 22528 24577 33536 49664 57344 65728 65920 98560 106496 131120 131168 139280 196672 204800
1 7 28 8197 8212 17920 19456 20481 22528 24577 33536 49664 57344 65728 65920 98560 131120 131168 139280 172032 196672 229376
1 7 28 8197 8212 17920 19456 20481 22528 24577 33536 49664 57344 65920 98432 98560 131120 131168 131264 139280 163968 172032
1 7 28 8197 8212 17920 19456 20481 22528 24577 33536 49664 57344 65920 98560 106496 131120 131168 131264 139280 196736 204800
1 7 28 8197 8212 17920 19456 20481 22528 24577 33536 49664 57344 65920 98560 131120 131168 131264 139280 172032 196736 229376
1 7 28 8197 8212 17920 19456 20481 22528 24577 40976 57344 65584 65632 65728 98320 114688 131456 131840 147968 196736 212992
1 7 28 8197 8212 17920 19456 20481 22528 24577 40976 57344 65584 65632 98320 114688 131264 131456 131840 147968 196672 212992
1 7 28 8197 8212 17920 19456 20481 22528 24577 40976 57344 65728 65920 66304 82432 98368 114688 131120 131168 163856 163904
1 7 28 8197 8212 17920 19456 20481 22528 24577 40976 57344 65728 65920 66304 82432 114688 131120 131168 163856 196672 229376
1 7 28 8197 8212 17920 19456 20481 22528 24577 40976 57344 65920 66304 82432 98432 114688 131120 131168 131264 163856 163968
1 7 28 8197 8212 17920 19456 20481 22528 24577 40976 57344 65920 66304 82432 114688 131120 131168 131264 163856 196736 229376
1 7 28 8197 8212 17920 19456 20481 22528 24577 49664 57344 65728 65920 66304 98368 98816 131120 131168 139280 163904 172032
1 7 28 8197 8212 17920 19456 20481 22528 24577 49664 57344 65728 65920 66304 98816 106496 131120 131168 139280 196672 204800
1 7 28 8197 8212 17920 19456 20481 22528 24577 49664 57344 65728 65920 66304 98816 131120 131168 139280 172032 196672 229376
1 7 28 8197 8212 17920 19456 20481 22528 24577 49664 57344 65920 66304 98432 98816 131120 131168 131264 139280 163968 172032
1 7 28 8197 8212 17920 19456 20481 22528 24577 49664 57344 65920 66304 98816 106496 131120 131168 131264 139280 196736 204800
1 7 28 8197 8212 17920 19456 20481 22528 24577 49664 57344 65920 66304 98816 131120 131168 131264 139280 172032 196736 229376
1 7 28 8197 8212 17920 19456 20481 22528 24577 57344 65584 65632 65728 73744 106496 114688 131456 131840 147968 196736 212992
1 7 28 8197 8212 17920 19456 20481 22528 24577 57344 65584 65632 73744 106496 114688 131264 131456 131840 147968 196672 212992
1 7 28 8197 8212 17920 19456 20481 22528 24577 57344 65728 65920 66304 82432 98368 114688 131120 131168 139280 163904 172032
1 7 28 8197 8212 17920 19456 20481 22528 24577 57344 65728 65920 66304 82432 106496 114688 131120 131168 139280 196672 204800
1 7 28 8197 8212 17920 19456 20481 22528 24577 57344 65728 65920 66304 82432 114688 131120 131168 139280 172032 196672 229376
1 7 28 8197 8212 17920 19456 20481 22528 24577 57344 65920 66304 82432 98432 114688 131120 131168 131264 139280 163968 172032
1 7 28 8197 8212 17920 19456 20481 22528 24577 57344 65920 66304 82432 106496 114688 131120 131168 131264 139280 196736 204800
1 7 28 8197 8212 17920 19456 20481 22528 24577 57344 65920 66304 82432 114688 131120 131168 131264 139280 172032 196736 229376
1 7 28 8197 8212 17920 19456 20481 24577 32816 32864 32960 40976 57344 65920 66304 82432 98432 114688 137216 149504 151552
1 7 28 8197 8212 17920 19456 20481 24577 32816 32864 40976 57344 65728 65920 66304 82432 98368 114688 137216 149504 151552
1 7 28 8197 8212 17920 19456 20481 24577 32960 33152 33536 49664 57344 65584 65632 73744 98368 106496 137216 149504 151552
1 7 28 8197 8212 17920 19456 20481 24577 33152 33536 49664 57344 65584 65632 65728 73744 98432 106496 137216 149504 151552
1 7 28 8197 8212 17920 19456 22528 24577 32816 32864 32960 40976 57344 65920 66304 82432 98432 114688 135169 147457 151552
1 7 28 8197 8212 17920 19456 22528 24577 32816 32864 40976 57344 65728 65920 66304 82432 98368 114688 135169 147457 151552
1 7 28 8197 8212 17920 19456 22528 24577 32960 33152 33536 49664 57344 65584 65632 73744 98368 106496 135169 147457 151552
1 7 28 8197 8212 17920 19456 22528 24577 33152 33536 49664 57344 65584 65632 65728 73744 98432 106496 135169 147457 151552
1 7 28 8197 8212 17920 19456 24577 32816 32864 32960 40976 57344 65920 66304 82432 98432 114688 135169 137216 147457 149504
1 7 28 8197 8212 17920 19456 24577 32816 32864 40976 57344 65728 65920 66304 82432 98368 114688 135169 137216 147457 149504
1 7 28 8197 8212 17920 19456 24577 32960 33152 33536 49664 57344 65584 65632 73744 98368 106496 135169 137216 147457 149504
1 7 28 8197 8212 17920 19456 24577 33152 33536 49664 57344 65584 65632 65728 73744 98432 106496 135169 137216 147457 149504
1 7 28 8197 8212 17920 20481 21504 24577 32816 32864 32960 40976 57344 65920 66304 82432 98432 114688 134144 136192 137216
1 7 28 8197 8212 17920 20481 21504 24577 33152 33536 49664 57344 65584 65632 65728 73744 98432 106496 134144 136192 137216
1 7 28 8197 8212 17920 20481 22528 24577 32816 32864 32960 40976 57344 65920 66304 82432 98432 114688 134144 148480 149504
1 7 28 8197 8212 17920 20481 22528 24577 32816 32864 40976 57344 65728 65920 66304 82432 98368 114688 134144 148480 149504
1 7 28 8197 8212 17920 20481 22528 24577 32960 33152 33536 49664 57344 65584 65632 73744 98368 106496 134144 148480 149504
1 7 28 8197 8212 17920 20481 22528 24577 33152 33536 49664 57344 65584 65632 65728 73744 98432 106496 134144 148480 149504
1 7 28 8197 8212 17920 20481 24577 32816 32864 32960 40976 57344 65920 66304 82432 98432 114688 134144 137216 148480 151552
1 7 28 8197 8212 17920 20481 24577 32816 32864 40976 57344 65728 65920 66304 82432 98368 114688 134144 137216 148480 151552
1 7 28 8197 8212 17920 20481 24577 32960 33152 33536 49664 57344 65584 65632 73744 98368 106496 134144 137216 148480 151552
1 7 28 8197 8212 17920 20481 24577 33152 33536 49664 57344 65584 65632 65728 73744 98432 106496 134144 137216 148480 151552
1 7 28 8197 8212 17920 24577 32816 32864 32960 40976 57344 65920 66304 82432 98432 114688 134144 135169 137216 147457 148480
1 7 28 8197 8212 17920 24577 32816 32864 40976 57344 65728 65920 66304 82432 98368 114688 134144 135169 137216 147457 148480
1 7 28 8197 8212 17920 24577 32960 33152 33536 49664 57344 65584 65632 73744 98368 106496 134144 135169 137216 147457 148480
1 7 28 8197 8212 17920 24577 33152 33536 49664 57344 65584 65632 65728 73744 98432 106496 134144 135169 137216 147457 148480
1 7 28 8197 8212 18433 19456 24577 32816 32864 32960 40976 57344 65920 66304 67072 82944 98432 114688 133121 135169 137216
1 7 28 8197 8212 18433 19456 24577 33152 33536 34304 50176 57344 65584 65632 65728 73744 98432 106496 133121 135169 137216
1 7 28 8197 8212 18944 20481 22528 24577 32816 32864 32960 40976 57344 65920 66304 82432 98432 114688 132608 133632 134144
1 7 28 8197 8212 18944 20481 22528 24577 32816 32864 40976 57344 65728 65920 66304 82432 98368 114688 132608 133632 134144
1 7 28 8197 8212 18944 20481 22528 24577 32960 33152 33536 49664 57344 65584 65632 73744 98368 106496 132608 133632 134144
1 7 28 8197 8212 18944 20481 22528 24577 33152 33536 49664 57344 65584 65632 65728 73744 98432 106496 132608 133632 134144
1 7 28 8197 8212 19456 20481 22528 24577 32816 32864 32960 33152 57344 66304 67072 82944 98560 114688 139280 163856 172032
1 7 28 8197 8212 19456 20481 22528 24577 32816 32864 32960 40976 57344 65920 66304 67072 82944 114688 163968 196736 229376
1 7 28 8197 8212 19456 20481 22528 24577 32816 32864 32960 40976 57344 65920 66304 82432 98432 114688 132608 147968 148480
1 7 28 8197 8212 19456 20481 22528 24577 32816 32864 32960 40976 57344 65920 66304 82944 98432 114688 132608 197120 197632
1 7 28 8197 8212 19456 20481 22528 24577 32816 32864 32960 40976 57344 65920 66304 98432 114688 132608 148480 197120 212992
1 7 28 8197 8212 19456 20481 22528 24577 32816 32864 32960 40976 57344 65920 66816 82944 98432 114688 131840 132352 132608
2 7 28 8197 8212 19456 20481 22528 24577 32816 32864 32960 40976 57344 65920 67072 82944 98432 114688 131840 196864 197120
1 7 28 8197 8212 19456 20481 22528 24577 32816 32864 32960 40976 57344 65920 82944 98432 114688 131840 132608 196864 197632
1 7 28 8197 8212 19456 20481 22528 24577 32816 32864 32960 40976 57344 65920 98432 114688 131840 132608 148480 196864 212992
2 7 28 8197 8212 19456 20481 22528 24577 32816 32864 32960 40976 57344 82944 98432 114688 131456 131840 132608 196736 197632
1 7 28 8197 8212 19456 20481 22528 24577 32816 32864 32960 40976 57344 82944 114688 131456 131840 132608 163968 197632 229376
2 7 28 8197 8212 19456 20481 22528 24577 32816 32864 32960 40976 57344 114688 131456 131840 132608 148480 163968 212992 229376
1 7 28 8197 8212 19456 20481 22528 24577 32816 32864 32960 57344 65920 66304 67072 82944 98432 114688 139280 163856 172032
1 7 28 8197 8212 19456 20481 22528 24577 32816 32864 40976 57344 65728 65920 66304 82432 98368 114688 132608 147968 148480
1 7 28 8197 8212 19456 20481 22528 24577 32816 32864 40976 57344 65728 65920 66304 98368 114688 132608 148480 197120 212992
1 7 28 8197 8212 19456 20481 22528 24577 32816 32864 40976 57344 65728 65920 98368 114688 131840 132608 148480 196864 212992
1 7 28 8197 8212 19456 20481 22528 24577 32816 32864 40976 57344 65728 98368 114688 131456 131840 132608 148480 196736 212992
1 7 28 8197 8212 19456 20481 22528 24577 32816 32864 40976 57344 65920 66304 67072 82944 98432 114688 131264 163904 163968
1 7 28 8197 8212 19456 20481 22528 24577 32816 32864 40976 57344 65920 66304 67072 82944 114688 131264 163904 196736 229376
1 7 28 8197 8212 19456 20481 22528 24577 32816 32864 40976 57344 66304 67072 82944 98560 114688 131264 131456 163904 164096
1 7 28 8197 8212 19456 20481 22528 24577 32816 32864 40976 57344 66304 67072 82944 114688 131264 131456 163904 196864 229376
1 7 28 8197 8212 19456 20481 22528 24577 32816 32864 40976 57344 67072 82944 114688 131264 131456 131840 163904 197120 229376
1 7 28 8197 8212 19456 20481 22528 24577 32816 32928 40976 57344 65920 66304 67072 82944 98432 114688 131168 131232 131264
1 7 28 8197 8212 19456 20481 22528 24577 32816 32960 40976 57344 65920 66304 67072 82944 98432 114688 131168 163872 163904
1 7 28 8197 8212 19456 20481 22528 24577 32816 40976 57344 65632 65728 65920 98336 114688 131840 132608 148480 196864 212992
1 7 28 8197 8212 19456 20481 22528 24577 32816 40976 57344 65632 65728 98336 114688 131456 131840 132608 148480 196736 212992
1 7 28 8197 8212 19456 20481 22528 24577 32816 40976 57344 65920 66304 67072 82944 98432 114688 131168 131264 163872 163968
1 7 28 8197 8212 19456 20481 22528 24577 32816 40976 57344 65920 66304 67072 82944 114688 131168 131264 163872 196736 229376
1 7 28 8197 8212 19456 20481 22528 24577 32816 40976 57344 66304 67072 82944 98560 114688 131168 131264 131456 163872 164096
1 7 28 8197 8212 19456 20481 22528 24577 32816 40976 57344 66304 67072 82944 114688 131168 131264 131456 163872 196864 229376
1 7 28 8197 8212 19456 20481 22528 24577 32864 32960 33152 57344 66304 67072 82944 98560 114688 131120 139280 163872 172032
1 7 28 8197 8212 19456 20481 22528 24577 32864 32960 40976 57344 65920 66304 67072 82944 98432 114688 131120 163856 163872
1 7 28 8197 8212 19456 20481 22528 24577 32864 32960 57344 65920 66304 67072 82944 98432 114688 131120 139280 163872 172032
1 7 28 8197 8212 19456 20481 22528 24577 32960 33152 33536 49664 57344 65584 65632 73744 98368 106496 132608 147968 148480
1 7 28 8197 8212 19456 20481 22528 24577 32960 33152 33536 57344 67072 82944 98816 114688 131120 131168 139280 163904 172032
1 7 28 8197 8212 19456 20481 22528 24577 32960 33152 57344 66304 67072 82944 98560 114688 131120 131168 139280 163904 172032
1 7 28 8197 8212 19456 20481 22528 24577 32960 40976 57344 65920 66304 67072 82944 98432 114688 131120 131168 163856 163904
1 7 28 8197 8212 19456 20481 22528 24577 32960 57344 65920 66304 67072 82944 98432 114688 131120 131168 139280 163904 172032
1 7 28 8197 8212 19456 20481 22528 24577 33152 33536 34304 50176 57344 65584 65632 65728 73744 98432 172032 204800 229376
1 7 28 8197 8212 19456 20481 22528 24577 33152 33536 34304 50176 57344 65584 65632 65728 98432 106496 139280 196624 204800
1 7 28 8197 8212 19456 20481 22528 24577 33152 33536 34304 50176 57344 65584 65632 65728 98432 139280 172032 196624 229376
1 7 28 8197 8212 19456 20481 22528 24577 33152 33536 34304 50176 57344 65584 65632 73744 98432 106496 131264 196672 196736
1 7 28 8197 8212 19456 20481 22528 24577 33152 33536 34304 50176 57344 65584 65696 73744 98432 106496 131168 131232 131264
1 7 28 8197 8212 19456 20481 22528 24577 33152 33536 34304 50176 57344 65584 65728 73744 98432 106496 131168 196640 196672
1 7 28 8197 8212 19456 20481 22528 24577 33152 33536 34304 50176 57344 65584 73744 98432 106496 131168 131264 196640 196736
1 7 28 8197 8212 19456 20481 22528 24577 33152 33536 34304 50176 57344 65632 65728 73744 98432 106496 131120 196624 196640
1 7 28 8197 8212 19456 20481 22528 24577 33152 33536 34304 50176 57344 65632 65728 98432 106496 131120 139280 196640 204800
1 7 28 8197 8212 19456 20481 22528 24577 33152 33536 34304 50176 57344 65632 65728 98432 131120 139280 172032 196640 229376
1 7 28 8197 8212 19456 20481 22528 24577 33152 33536 34304 50176 57344 65728 73744 98432 106496 131120 131168 196624 196672
1 7 28 8197 8212 19456 20481 22528 24577 33152 33536 34304 50176 57344 65728 98432 106496 131120 131168 139280 196672 204800
1 7 28 8197 8212 19456 20481 22528 24577 33152 33536 34304 50176 57344 65728 98432 131120 131168 139280 172032 196672 229376
1 7 28 8197 8212 19456 20481 22528 24577 33152 33536 34304 50176 57344 73744 98432 106496 131120 131168 131264 196624 196736
1 7 28 8197 8212 19456 20481 22528 24577 33152 33536 34304 50176 57344 98432 106496 131120 131168 131264 139280 196736 204800
1 7 28 8197 8212 19456 20481 22528 24577 33152 33536 34304 50176 57344 98432 131120 131168 131264 139280 172032 196736 229376
1 7 28 8197 8212 19456 20481 22528 24577 33152 33536 49664 57344 65584 65632 65728 73744 98432 106496 132608 147968 148480
1 7 28 8197 8212 19456 20481 22528 24577 33152 33536 50176 57344 67072 98816 99328 131120 131168 131264 139280 163968 172032
1 7 28 8197 8212 19456 20481 22528 24577 33152 33536 57344 67072 82944 98816 114688 131120 131168 131264 139280 163968 172032
1 7 28 8197 8212 19456 20481 22528 24577 33152 34048 50176 57344 66304 66816 67072 131120 131168 131264 139280 163968 172032
2 7 28 8197 8212 19456 20481 22528 24577 33152 34304 50176 57344 66304 98560 98816 131120 131168 131264 139280 163968 172032
1 7 28 8197 8212 19456 20481 22528 24577 33152 50176 57344 66304 67072 98560 99328 131120 131168 131264 139280 163968 172032
1 7 28 8197 8212 19456 20481 22528 24577 33152 57344 66304 67072 82944 98560 114688 131120 131168 131264 139280 163968 172032
1 7 28 8197 8212 19456 20481 22528 24577 33536 34304 50176 57344 65584 65632 65728 65920 98560 106496 139280 196624 204800
1 7 28 8197 8212 19456 20481 22528 24577 33536 34304 50176 57344 65584 65632 65728 65920 98560 139280 172032 196624 229376
1 7 28 8197 8212 19456 20481 22528 24577 33536 34304 50176 57344 65584 65632 73744 98560 106496 131264 131456 196672 196864
1 7 28 8197 8212 19456 20481 22528 24577 33536 34304 50176 57344 65584 73744 98560 106496 131168 131264 131456 196640 196864
1 7 28 8197 8212 19456 20481 22528 24577 33536 34304 50176 57344 65632 65728 65920 98560 106496 131120 139280 196640 204800
1 7 28 8197 8212 19456 20481 22528 24577 33536 34304 50176 57344 65632 65728 65920 98560 131120 139280 172032 196640 229376
1 7 28 8197 8212 19456 20481 22528 24577 33536 34304 50176 57344 65728 65920 98560 106496 131120 131168 139280 196672 204800
1 7 28 8197 8212 19456 20481 22528 24577 33536 34304 50176 57344 65728 65920 98560 131120 131168 139280 172032 196672 229376
1 7 28 8197 8212 19456 20481 22528 24577 33536 34304 50176 57344 65920 98560 106496 131120 131168 131264 139280 196736 204800
1 7 28 8197 8212 19456 20481 22528 24577 33536 34304 50176 57344 73744 98560 106496 131120 131168 131264 131456 196624 196864
1 7 28 8197 8212 19456 20481 22528 24577 34304 50176 57344 65728 65920 66304 98816 106496 131120 131168 139280 196672 204800
1 7 28 8197 8212 19456 20481 22528 24577 34304 50176 57344 65728 65920 66304 98816 131120 131168 139280 172032 196672 229376
1 7 28 8197 8212 19456 20481 22528 24577 40976 57344 65584 65632 65728 65920 98320 114688 131840 132608 148480 196864 212992
1 7 28 8197 8212 19456 20481 22528 24577 40976 57344 65584 65632 65728 98320 114688 131456 131840 132608 148480 196736 212992
1 7 28 8197 8212 19456 20481 22528 24577 40976 57344 65920 66304 67072 82944 98432 114688 131120 131168 131264 163856 163968
1 7 28 8197 8212 19456 20481 22528 24577 40976 57344 65920 66304 67072 82944 114688 131120 131168 131264 163856 196736 229376
1 7 28 8197 8212 19456 20481 22528 24577 40976 57344 66304 67072 82944 98560 114688 131120 131168 131264 131456 163856 164096
1 7 28 8197 8212 19456 20481 22528 24577 40976 57344 66304 67072 82944 114688 131120 131168 131264 131456 163856 196864 229376
2 7 28 8197 8212 19456 20481 22528 24577 50176 57344 65920 66304 67072 98432 99328 131120 131168 131264 139280 163968 172032
1 7 28 8197 8212 19456 20481 22528 24577 50176 57344 65920 66304 67072 99328 131120 131168 131264 139280 172032 196736 229376
2 7 28 8197 8212 19456 20481 22528 24577 57344 65584 65632 65728 73744 106496 114688 131456 131840 132608 148480 196736 212992
2 7 28 8197 8212 19456 20481 22528 24577 57344 65920 66304 67072 82944 114688 131120 131168 131264 139280 172032 196736 229376
1 7 28 8197 8212 20481 22528 24577 32816 32864 32960 33152 57344 66304 67072 68608 83968 98560 114688 139280 163856 172032
1 7 28 8197 8212 20481 22528 24577 32816 32864 40976 57344 65728 65920 66304 82432 98368 114688 132608 134144 147968 149504
1 7 28 8197 8212 20481 22528 24577 32816 32864 40976 57344 65728 65920 66304 98368 114688 132608 134144 149504 197120 212992
1 7 28 8197 8212 20481 22528 24577 32816 32864 40976 57344 65728 65920 98368 114688 131840 132608 134144 149504 196864 212992
1 7 28 8197 8212 20481 22528 24577 32816 40976 57344 65632 65728 65920 98336 114688 131840 132608 134144 149504 196864 212992
1 7 28 8197 8212 20481 22528 24577 32816 40976 57344 66304 67072 68608 83968 98560 114688 131168 131264 131456 163872 164096
1 7 28 8197 8212 20481 22528 24577 32816 40976 57344 66304 67072 68608 83968 114688 131168 131264 131456 163872 196864 229376
1 7 28 8197 8212 20481 22528 24577 32864 32960 33152 57344 66304 67072 68608 83968 98560 114688 131120 139280 163872 172032
1 7 28 8197 8212 20481 22528 24577 32960 33152 33536 49664 57344 65584 65632 73744 98368 106496 132608 134144 147968 149504
1 7 28 8197 8212 20481 22528 24577 32960 33152 33536 57344 67072 68608 83968 98816 114688 131120 131168 139280 163904 172032
1 7 28 8197 8212 20481 22528 24577 32960 33152 57344 66304 67072 68608 83968 98560 114688 131120 131168 139280 163904 172032
1 7 28 8197 8212 20481 22528 24577 33536 34304 35840 51200 57344 65584 65632 65728 65920 98560 106496 139280 196624 204800
1 7 28 8197 8212 20481 22528 24577 33536 34304 35840 51200 57344 65584 65632 65728 65920 98560 139280 172032 196624 229376
1 7 28 8197 8212 20481 22528 24577 33536 34304 35840 51200 57344 65584 73744 98560 106496 131168 131264 131456 196640 196864
1 7 28 8197 8212 20481 22528 24577 33536 34304 35840 51200 57344 65632 65728 65920 98560 106496 131120 139280 196640 204800
1 7 28 8197 8212 20481 22528 24577 33536 34304 35840 51200 57344 65632 65728 65920 98560 131120 139280 172032 196640 229376
1 7 28 8197 8212 20481 22528 24577 33536 34304 35840 51200 57344 65728 65920 98560 106496 131120 131168 139280 196672 204800
1 7 28 8197 8212 20481 22528 24577 33536 34304 35840 51200 57344 73744 98560 106496 131120 131168 131264 131456 196624 196864
1 7 28 8197 8212 20481 22528 24577 40976 57344 65584 65632 65728 65920 98320 114688 131840 132608 134144 149504 196864 212992
1 7 28 8197 8212 20481 22528 24577 40976 57344 66304 67072 68608 83968 98560 114688 131120 131168 131264 131456 163856 164096
1 7 28 8197 8212 20481 22528 24577 40976 57344 66304 67072 68608 83968 114688 131120 131168 131264 131456 163856 196864 229376
1 7 28 8197 8212 24577 24592 32816 32864 32960 33152 49168 66304 67072 68608 98560 114688 135169 137216 147457 198656 212992
1 7 28 8197 8212 24577 24592 32816 32864 32960 33152 49168 66304 67072 68608 98560 135169 137216 147457 180224 198656 229376
1 7 28 8197 8212 24577 24592 32816 32864 32960 33152 49168 66304 67072 98560 114688 134144 135169 137216 147457 197632 212992
1 7 28 8197 8212 24577 24592 32816 32864 32960 33152 49168 66304 67072 98560 134144 135169 137216 147457 180224 197632 229376
2 7 28 8197 8212 24577 24592 32816 32864 32960 49168 65920 66304 67072 98432 114688 134144 135169 137216 147457 197632 212992
2 7 28 8197 8212 24577 24592 32816 32864 32960 49168 65920 66304 67072 98432 134144 135169 137216 147457 180224 197632 229376
1 7 28 8197 10241 17152 17920 19456 26624 32864 32960 33152 49408 57344 65556 65584 73732 98336 106496 133121 135169 137216
1 7 28 8197 10241 17152 17920 19456 26624 32864 32960 33152 49408 65556 65584 73732 90112 98336 114688 133121 135169 137216
1 7 28 8197 10241 17152 17920 19456 26624 32960 33152 49408 57344 65556 65584 65632 73732 98368 106496 133121 135169 137216
1 7 28 8197 10241 17152 17920 19456 26624 32960 33152 49408 65556 65584 65632 73732 90112 98368 114688 133121 135169 137216
1 7 28 8197 10241 17920 19456 26624 32960 33152 33536 49664 57344 65556 65584 65632 73732 98368 106496 133121 135169 137216
1 7 28 8197 10241 17920 19456 26624 32960 33152 33536 49664 65556 65584 65632 73732 90112 98368 114688 133121 135169 137216
1 7 28 8197 12289 14336 17152 17920 19456 26624 32788 32816 32864 40964 57344 65728 65920 82176 114688 163904 196672 229376
1 7 28 8197 12289 14336 17152 17920 19456 26624 32788 32816 32864 40964 57344 65728 65920 98368 114688 147712 196864 212992
1 7 28 8197 12289 14336 17152 17920 19456 26624 32788 32816 32864 40964 57344 65728 82176 98368 114688 131456 196736 196864
1 7 28 8197 12289 14336 17152 17920 19456 26624 32788 32816 32864 40964 57344 65728 98368 114688 131456 147712 196736 212992
1 7 28 8197 12289 14336 17152 17920 19456 26624 32788 32816 32864 40964 57344 65856 82176 98368 114688 131264 131392 131456
1 7 28 8197 12289 14336 17152 17920 19456 26624 32788 32816 32864 40964 57344 65920 82176 98368 114688 131264 196672 196736
1 7 28 8197 12289 14336 17152 17920 19456 26624 32788 32816 32864 40964 57344 65920 82176 114688 131264 163904 196736 229376
1 7 28 8197 12289 14336 17152 17920 19456 26624 32788 32816 32864 40964 57344 82176 98368 114688 131264 131456 196672 196864
1 7 28 8197 12289 14336 17152 17920 19456 26624 32788 32816 32864 40964 57344 82176 114688 131264 131456 163904 196864 229376
1 7 28 8197 12289 14336 17152 17920 19456 26624 32788 32816 32864 40964 57344 98368 114688 131264 131456 147712 196672 212992
1 7 28 8197 12289 14336 17152 17920 19456 26624 32788 32816 32864 40964 57344 114688 131264 131456 147712 163904 212992 229376
1 7 28 8197 12289 14336 17152 17920 19456 26624 32788 32816 32864 57344 65728 65920 82176 98368 114688 139268 163844 172032
1 7 28 8197 12289 14336 17152 17920 19456 26624 32788 32816 40964 57344 65632 65728 65920 82176 114688 163872 196640 229376
1 7 28 8197 12289 14336 17152 17920 19456 26624 32788 32816 40964 57344 65632 65728 65920 98336 114688 147712 196864 212992
1 7 28 8197 12289 14336 17152 17920 19456 26624 32788 32816 40964 57344 65632 65728 82176 98336 114688 131456 196736 196864
1 7 28 8197 12289 14336 17152 17920 19456 26624 32788 32816 40964 57344 65632 65728 98336 114688 131456 147712 196736 212992
1 7 28 8197 12289 14336 17152 17920 19456 26624 32788 32816 40964 57344 65632 65856 82176 98336 114688 131264 131392 131456
1 7 28 8197 12289 14336 17152 17920 19456 26624 32788 32816 40964 57344 65632 65920 82176 98336 114688 131264 196672 196736
1 7 28 8197 12289 14336 17152 17920 19456 26624 32788 32816 40964 57344 65632 82176 98336 114688 131264 131456 196672 196864
1 7 28 8197 12289 14336 17152 17920 19456 26624 32788 32816 40964 57344 65632 98336 114688 131264 131456 147712 196672 212992
1 7 28 8197 12289 14336 17152 17920 19456 26624 32788 32816 40964 57344 65728 65920 82176 98336 114688 131168 196640 196672
1 7 28 8197 12289 14336 17152 17920 19456 26624 32788 32816 40964 57344 65728 65920 82176 98368 114688 131168 163872 163904
1 7 28 8197 12289 14336 17152 17920 19456 26624 32788 32816 40964 57344 65728 65920 82176 114688 131168 163872 196672 229376
1 7 28 8197 12289 14336 17152 17920 19456 26624 32788 32816 40964 57344 65920 82176 98336 114688 131168 131264 196640 196736
1 7 28 8197 12289 14336 17152 17920 19456 26624 32788 32816 40964 57344 65920 82176 114688 131168 131264 163872 196736 229376
1 7 28 8197 12289 14336 17152 17920 19456 26624 32788 32816 40964 57344 82176 98336 114688 131168 131264 131456 196640 196864
1 7 28 8197 12289 14336 17152 17920 19456 26624 32788 32816 40964 57344 82176 114688 131168 131264 131456 163872 196864 229376
1 7 28 8197 12289 14336 17152 17920 19456 26624 32788 32816 40964 57344 98336 114688 131168 131264 131456 147712 196640 212992
1 7 28 8197 12289 14336 17152 17920 19456 26624 32788 32816 40964 57344 114688 131168 131264 131456 147712 163872 212992 229376
1 7 28 8197 12289 14336 17152 17920 19456 26624 32788 32816 57344 65632 65728 65920 82176 98336 114688 139268 163844 172032
1 7 28 8197 12289 14336 17152 17920 19456 26624 32788 32864 40964 57344 65728 65920 82176 98368 114688 131120 163856 163872
1 7 28 8197 12289 14336 17152 17920 19456 26624 32788 40964 57344 65584 65632 65728 98320 114688 131456 147712 196736 212992
1 7 28 8197 12289 14336 17152 17920 19456 26624 32788 40964 57344 65584 65632 98320 114688 131264 131456 147712 196672 212992
1 7 28 8197 12289 14336 17152 17920 19456 26624 32788 40964 57344 65584 98320 114688 131168 131264 131456 147712 196640 212992
1 7 28 8197 12289 14336 17152 17920 19456 26624 32788 40964 57344 65632 65728 65920 82176 98336 114688 131120 163856 163872
1 7 28 8197 12289 14336 17152 17920 19456 26624 32788 40964 57344 65632 65728 65920 82176 114688 131120 163856 196640 229376
1 7 28 8197 12289 14336 17152 17920 19456 26624 32788 40964 57344 65728 65920 82176 98368 114688 131120 131168 163856 163904
1 7 28 8197 12289 14336 17152 17920 19456 26624 32788 40964 57344 65728 65920 82176 114688 131120 131168 163856 196672 229376
1 7 28 8197 12289 14336 17152 17920 19456 26624 32788 40964 57344 65920 82176 114688 131120 131168 131264 163856 196736 229376
1 7 28 8197 12289 14336 17152 17920 19456 26624 32816 32864 32960 57344 65920 82176 98432 114688 131092 139268 163856 172032
1 7 28 8197 12289 14336 17152 17920 19456 26624 32816 32864 40964 57344 65728 65920 82176 98368 114688 131092 163844 163856
1 7 28 8197 12289 14336 17152 17920 19456 26624 32816 32864 57344 65728 65920 82176 98368 114688 131092 139268 163856 172032
1 7 28 8197 12289 14336 17152 17920 19456 26624 32816 40964 57344 65632 65728 65920 82176 98336 114688 131092 163844 163856
1 7 28 8197 12289 14336 17152 17920 19456 26624 32816 57344 65632 65728 65920 82176 98336 114688 131092 139268 163856 172032
1 7 28 8197 12289 14336 17152 17920 19456 26624 32864 32960 33152 49408 57344 65556 65584 73732 98336 172032 204800 229376
1 7 28 8197 12289 14336 17152 17920 19456 26624 32864 32960 33152 49408 57344 65556 65584 98336 106496 139268 196612 204800
1 7 28 8197 12289 14336 17152 17920 19456 26624 32864 32960 33152 49408 57344 65556 65584 98336 139268 172032 196612 229376
1 7 28 8197 12289 14336 17152 17920 19456 26624 32864 32960 33152 49408 57344 65556 73732 98336 106496 131120 196624 196640
1 7 28 8197 12289 14336 17152 17920 19456 26624 32864 32960 33152 49408 57344 65584 73732 98336 106496 131092 196612 196624
1 7 28 8197 12289 14336 17152 17920 19456 26624 32864 32960 33152 49408 57344 65584 98336 106496 131092 139268 196624 204800
1 7 28 8197 12289 14336 17152 17920 19456 26624 32864 32960 33152 49408 57344 65584 98336 131092 139268 172032 196624 229376
1 7 28 8197 12289 14336 17152 17920 19456 26624 32864 32960 33152 49408 57344 73732 98336 106496 131092 131120 196612 196640
1 7 28 8197 12289 14336 17152 17920 19456 26624 32864 32960 33152 49408 57344 98336 106496 131092 131120 139268 196640 204800
1 7 28 8197 12289 14336 17152 17920 19456 26624 32864 32960 33152 49408 57344 98336 131092 131120 139268 172032 196640 229376
1 7 28 8197 12289 14336 17152 17920 19456 26624 32864 32960 33152 57344 82176 98560 114688 131092 131120 139268 163872 172032
1 7 28 8197 12289 14336 17152 17920 19456 26624 32864 32960 49408 57344 65920 98432 98560 131092 131120 139268 163872 172032
1 7 28 8197 12289 14336 17152 17920 19456 26624 32864 32960 57344 65920 82176 98432 114688 131092 131120 139268 163872 172032
1 7 28 8197 12289 14336 17152 17920 19456 26624 32864 33088 49408 57344 65728 65856 65920 131092 131120 139268 163872 172032
1 7 28 8197 12289 14336 17152 17920 19456 26624 32864 33152 49408 57344 65728 98368 98432 131092 131120 139268 163872 172032
1 7 28 8197 12289 14336 17152 17920 19456 26624 32864 40964 57344 65728 65920 82176 98368 114688 131092 131120 163844 163872
1 7 28 8197 12289 14336 17152 17920 19456 26624 32864 49408 57344 65728 65920 98368 98560 131092 131120 139268 163872 172032
1 7 28 8197 12289 14336 17152 17920 19456 26624 32864 57344 65728 65920 82176 98368 114688 131092 131120 139268 163872 172032
1 7 28 8197 12289 14336 17152 17920 19456 26624 32960 33152 49408 57344 65556 65584 65632 73732 98368 172032 204800 229376
1 7 28 8197 12289 14336 17152 17920 19456 26624 32960 33152 49408 57344 65556 65584 65632 98368 106496 139268 196612 204800
1 7 28 8197 12289 14336 17152 17920 19456 26624 32960 33152 49408 57344 65556 65584 65632 98368 139268 172032 196612 229376
1 7 28 8197 12289 14336 17152 17920 19456 26624 32960 33152 49408 57344 65556 65584 73732 98368 106496 131168 196640 196672
1 7 28 8197 12289 14336 17152 17920 19456 26624 32960 33152 49408 57344 65556 65632 73732 98368 106496 131120 196624 196640
1 7 28 8197 12289 14336 17152 17920 19456 26624 32960 33152 49408 57344 65556 73732 98368 106496 131120 131168 196624 196672
1 7 28 8197 12289 14336 17152 17920 19456 26624 32960 33152 49408 57344 65584 65632 73732 98368 106496 131092 196612 196624
1 7 28 8197 12289 14336 17152 17920 19456 26624 32960 33152 49408 57344 65584 65632 98368 106496 131092 139268 196624 204800
1 7 28 8197 12289 14336 17152 17920 19456 26624 32960 33152 49408 57344 65584 65632 98368 131092 139268 172032 196624 229376
1 7 28 8197 12289 14336 17152 17920 19456 26624 32960 33152 49408 57344 65632 73732 98368 106496 131092 131120 196612 196640
1 7 28 8197 12289 14336 17152 17920 19456 26624 32960 33152 49408 57344 65632 98336 98368 131092 131120 139268 163872 172032
1 7 28 8197 12289 14336 17152 17920 19456 26624 32960 33152 49408 57344 65632 98368 106496 131092 131120 139268 196640 204800
1 7 28 8197 12289 14336 17152 17920 19456 26624 32960 33152 49408 57344 65632 98368 131092 131120 139268 172032 196640 229376
1 7 28 8197 12289 14336 17152 17920 19456 26624 32960 33152 49408 57344 73732 98368 106496 131092 131120 131168 196612 196672
1 7 28 8197 12289 14336 17152 17920 19456 26624 32960 33152 49408 57344 98368 106496 131092 131120 131168 139268 196672 204800
1 7 28 8197 12289 14336 17152 17920 19456 26624 32960 33152 49408 57344 98368 131092 131120 131168 139268 172032 196672 229376
1 7 28 8197 12289 14336 17152 17920 19456 26624 32960 33152 57344 82176 98560 114688 131092 131120 131168 139268 163904 172032
1 7 28 8197 12289 14336 17152 17920 19456 26624 32960 49408 57344 65920 98432 98560 131092 131120 131168 139268 163904 172032
1 7 28 8197 12289 14336 17152 17920 19456 26624 32960 57344 65920 82176 98432 114688 131092 131120 131168 139268 163904 172032
1 7 28 8197 12289 14336 17152 17920 19456 26624 33088 49408 57344 65728 65856 65920 131092 131120 131168 139268 163904 172032
1 7 28 8197 12289 14336 17152 17920 19456 26624 33152 49408 57344 65584 65632 65728 98432 106496 131092 139268 196624 204800
1 7 28 8197 12289 14336 17152 17920 19456 26624 33152 49408 57344 65584 65632 65728 98432 131092 139268 172032 196624 229376
1 7 28 8197 12289 14336 17152 17920 19456 26624 33152 49408 57344 65632 65728 98336 98432 131092 131120 139268 163872 172032
1 7 28 8197 12289 14336 17152 17920 19456 26624 33152 49408 57344 65632 65728 98432 106496 131092 131120 139268 196640 204800
1 7 28 8197 12289 14336 17152 17920 19456 26624 33152 49408 57344 65632 65728 98432 131092 131120 139268 172032 196640 229376
1 7 28 8197 12289 14336 17152 17920 19456 26624 33152 49408 57344 65728 98368 98432 131092 131120 131168 139268 163904 172032
1 7 28 8197 12289 14336 17152 17920 19456 26624 33152 49408 57344 65728 98432 106496 131092 131120 131168 139268 196672 204800
1 7 28 8197 12289 14336 17152 17920 19456 26624 33152 49408 57344 65728 98432 131092 131120 131168 139268 172032 196672 229376
1 7 28 8197 12289 14336 17152 17920 19456 26624 40964 57344 65556 65584 65632 98308 114688 131264 131456 147712 196672 212992
1 7 28 8197 12289 14336 17152 17920 19456 26624 40964 57344 65556 65584 98308 114688 131168 131264 131456 147712 196640 212992
1 7 28 8197 12289 14336 17152 17920 19456 26624 40964 57344 65632 65728 65920 82176 98336 114688 131092 131120 163844 163872
1 7 28 8197 12289 14336 17152 17920 19456 26624 40964 57344 65632 65728 65920 82176 114688 131092 131120 163844 196640 229376
1 7 28 8197 12289 14336 17152 17920 19456 26624 40964 57344 65728 65920 82176 98368 114688 131092 131120 131168 163844 163904
1 7 28 8197 12289 14336 17152 17920 19456 26624 40964 57344 65728 65920 82176 114688 131092 131120 131168 163844 196672 229376
1 7 28 8197 12289 14336 17152 17920 19456 26624 49408 57344 65632 65728 65920 98336 98560 131092 131120 139268 163872 172032
1 7 28 8197 12289 14336 17152 17920 19456 26624 49408 57344 65632 65728 65920 98560 106496 131092 131120 139268 196640 204800
1 7 28 8197 12289 14336 17152 17920 19456 26624 49408 57344 65632 65728 65920 98560 131092 131120 139268 172032 196640 229376
1 7 28 8197 12289 14336 17152 17920 19456 26624 49408 57344 65728 65920 98368 98560 131092 131120 131168 139268 163904 172032
1 7 28 8197 12289 14336 17152 17920 19456 26624 49408 57344 65728 65920 98560 106496 131092 131120 131168 139268 196672 204800
1 7 28 8197 12289 14336 17152 17920 19456 26624 49408 57344 65728 65920 98560 131092 131120 131168 139268 172032 196672 229376
1 7 28 8197 12289 14336 17152 17920 19456 26624 57344 65556 65584 65632 73732 106496 114688 131264 131456 147712 196672 212992
1 7 28 8197 12289 14336 17152 17920 19456 26624 57344 65556 65584 73732 106496 114688 131168 131264 131456 147712 196640 212992
1 7 28 8197 12289 14336 17152 17920 19456 26624 57344 65632 65728 65920 82176 98336 114688 131092 131120 139268 163872 172032
1 7 28 8197 12289 14336 17152 17920 19456 26624 57344 65632 65728 65920 82176 106496 114688 131092 131120 139268 196640 204800
1 7 28 8197 12289 14336 17152 17920 19456 26624 57344 65632 65728 65920 82176 114688 131092 131120 139268 172032 196640 229376
1 7 28 8197 12289 14336 17152 17920 19456 26624 57344 65728 65920 82176 98368 114688 131092 131120 131168 139268 163904 172032
1 7 28 8197 12289 14336 17152 17920 19456 26624 57344 65728 65920 82176 106496 114688 131092 131120 131168 139268 196672 204800
1 7 28 8197 12289 14336 17152 17920 19456 26624 57344 65728 65920 82176 114688 131092 131120 131168 139268 172032 196672 229376
1 7 28 8197 12289 14336 17152 17920 26624 32788 32816 32864 40964 57344 65728 65920 82176 98368 114688 134144 148480 149504
1 7 28 8197 12289 14336 17152 17920 26624 32788 32816 40964 57344 65632 65728 65920 82176 98336 114688 134144 148480 149504
1 7 28 8197 12289 14336 17152 17920 26624 32864 32960 33152 49408 57344 65556 65584 73732 98336 106496 134144 148480 149504
1 7 28 8197 12289 14336 17152 17920 26624 32960 33152 49408 57344 65556 65584 65632 73732 98368 106496 134144 148480 149504
1 7 28 8197 12289 14336 17152 18944 26624 32788 32816 32864 40964 57344 65728 65920 82176 98368 114688 132608 133632 134144
1 7 28 8197 12289 14336 17152 18944 26624 32960 33152 49408 57344 65556 65584 65632 73732 98368 106496 132608 133632 134144
1 7 28 8197 12289 14336 17152 19456 26624 32788 32816 32864 40964 57344 65728 65920 82176 98368 114688 132608 147968 148480
1 7 28 8197 12289 14336 17152 19456 26624 32788 32816 40964 57344 65632 65728 65920 82176 98336 114688 132608 147968 148480
1 7 28 8197 12289 14336 17152 19456 26624 32864 32960 33152 49408 57344 65556 65584 73732 98336 106496 132608 147968 148480
1 7 28 8197 12289 14336 17152 19456 26624 32960 33152 49408 57344 65556 65584 65632 73732 98368 106496 132608 147968 148480
1 7 28 8197 12289 14336 17152 26624 32788 32816 32864 40964 57344 65728 65920 82176 98368 114688 132608 134144 147968 149504
1 7 28 8197 12289 14336 17152 26624 32788 32816 40964 57344 65632 65728 65920 82176 98336 114688 132608 134144 147968 149504
1 7 28 8197 12289 14336 17152 26624 32864 32960 33152 49408 57344 65556 65584 73732 98336 106496 132608 134144 147968 149504
1 7 28 8197 12289 14336 17152 26624 32960 33152 49408 57344 65556 65584 65632 73732 98368 106496 132608 134144 147968 149504
1 7 28 8197 12289 14336 17664 19456 26624 32788 32816 40964 57344 65632 65728 65920 82176 98336 114688 131840 132352 132608
1 7 28 8197 12289 14336 17664 19456 26624 32864 32960 33152 49408 57344 65556 65584 73732 98336 106496 131840 132352 132608
1 7 28 8197 12289 14336 17920 19456 26624 32788 32816 32864 40964 57344 65728 65920 66304 82432 114688 163904 196672 229376
1 7 28 8197 12289 14336 17920 19456 26624 32788 32816 32864 40964 57344 65728 65920 82176 98368 114688 131840 147712 147968
1 7 28 8197 12289 14336 17920 19456 26624 32788 32816 32864 40964 57344 65728 65920 82432 98368 114688 131840 196864 197120
1 7 28 8197 12289 14336 17920 19456 26624 32788 32816 32864 40964 57344 65728 65920 98368 114688 131840 147968 196864 212992
1 7 28 8197 12289 14336 17920 19456 26624 32788 32816 32864 40964 57344 65728 82432 98368 114688 131456 131840 196736 197120
1 7 28 8197 12289 14336 17920 19456 26624 32788 32816 32864 40964 57344 65728 98368 114688 131456 131840 147968 196736 212992
1 7 28 8197 12289 14336 17920 19456 26624 32788 32816 32864 40964 57344 65920 66304 82432 114688 131264 163904 196736 229376
1 7 28 8197 12289 14336 17920 19456 26624 32788 32816 32864 40964 57344 66304 82432 114688 131264 131456 163904 196864 229376
1 7 28 8197 12289 14336 17920 19456 26624 32788 32816 32864 40964 57344 82432 98368 114688 131264 131456 131840 196672 197120
1 7 28 8197 12289 14336 17920 19456 26624 32788 32816 32864 40964 57344 98368 114688 131264 131456 131840 147968 196672 212992
1 7 28 8197 12289 14336 17920 19456 26624 32788 32816 40964 57344 65632 65728 65920 82176 98336 114688 131840 147712 147968
1 7 28 8197 12289 14336 17920 19456 26624 32788 32816 40964 57344 65632 65728 65920 98336 114688 131840 147968 196864 212992
1 7 28 8197 12289 14336 17920 19456 26624 32788 32816 40964 57344 65632 65728 98336 114688 131456 131840 147968 196736 212992
1 7 28 8197 12289 14336 17920 19456 26624 32788 32816 40964 57344 65632 98336 114688 131264 131456 131840 147968 196672 212992
1 7 28 8197 12289 14336 17920 19456 26624 32788 32816 40964 57344 65728 65920 66304 82432 98368 114688 131168 163872 163904
1 7 28 8197 12289 14336 17920 19456 26624 32788 32816 40964 57344 65728 65920 66304 82432 114688 131168 163872 196672 229376
1 7 28 8197 12289 14336 17920 19456 26624 32788 32816 40964 57344 65920 66304 82432 114688 131168 131264 163872 196736 229376
1 7 28 8197 12289 14336 17920 19456 26624 32788 32816 40964 57344 66304 82432 114688 131168 131264 131456 163872 196864 229376
1 7 28 8197 12289 14336 17920 19456 26624 32788 32864 40964 57344 65728 65920 66304 82432 98368 114688 131120 163856 163872
1 7 28 8197 12289 14336 17920 19456 26624 32788 40964 57344 65584 65632 65728 98320 114688 131456 131840 147968 196736 212992
1 7 28 8197 12289 14336 17920 19456 26624 32788 40964 57344 65584 65632 98320 114688 131264 131456 131840 147968 196672 212992
1 7 28 8197 12289 14336 17920 19456 26624 32788 40964 57344 65728 65920 66304 82432 98368 114688 131120 131168 163856 163904
1 7 28 8197 12289 14336 17920 19456 26624 32788 40964 57344 65728 65920 66304 82432 114688 131120 131168 163856 196672 229376
1 7 28 8197 12289 14336 17920 19456 26624 32788 40964 57344 65920 66304 82432 114688 131120 131168 131264 163856 196736 229376
1 7 28 8197 12289 14336 17920 19456 26624 32816 32864 32960 57344 65920 66304 82432 98432 114688 131092 139268 163856 172032
1 7 28 8197 12289 14336 17920 19456 26624 32816 32864 40964 57344 65728 65920 66304 82432 98368 114688 131092 163844 163856
1 7 28 8197 12289 14336 17920 19456 26624 32816 32864 57344 65728 65920 66304 82432 98368 114688 131092 139268 163856 172032
1 7 28 8197 12289 14336 17920 19456 26624 32864 32960 33152 49408 57344 65556 65584 73732 98336 106496 131840 147712 147968
1 7 28 8197 12289 14336 17920 19456 26624 32864 32960 33152 57344 66304 82432 98560 114688 131092 131120 139268 163872 172032
1 7 28 8197 12289 14336 17920 19456 26624 32864 32960 57344 65920 66304 82432 98432 114688 131092 131120 139268 163872 172032
1 7 28 8197 12289 14336 17920 19456 26624 32864 40964 57344 65728 65920 66304 82432 98368 114688 131092 131120 163844 163872
1 7 28 8197 12289 14336 17920 19456 26624 32864 57344 65728 65920 66304 82432 98368 114688 131092 131120 139268 163872 172032
1 7 28 8197 12289 14336 17920 19456 26624 32960 33152 33536 49664 57344 65556 65584 73732 98368 106496 131168 196640 196672
1 7 28 8197 12289 14336 17920 19456 26624 32960 33152 33536 49664 57344 65556 65632 73732 98368 106496 131120 196624 196640
1 7 28 8197 12289 14336 17920 19456 26624 32960 33152 33536 49664 57344 65556 73732 98368 106496 131120 131168 196624 196672
1 7 28 8197 12289 14336 17920 19456 26624 32960 33152 33536 49664 57344 65584 65632 73732 98368 106496 131092 196612 196624
1 7 28 8197 12289 14336 17920 19456 26624 32960 33152 33536 49664 57344 65584 65632 98368 106496 131092 139268 196624 204800
1 7 28 8197 12289 14336 17920 19456 26624 32960 33152 33536 49664 57344 65584 65632 98368 131092 139268 172032 196624 229376
1 7 28 8197 12289 14336 17920 19456 26624 32960 33152 33536 49664 57344 65632 73732 98368 106496 131092 131120 196612 196640
1 7 28 8197 12289 14336 17920 19456 26624 32960 33152 33536 49664 57344 65632 98368 106496 131092 131120 139268 196640 204800
1 7 28 8197 12289 14336 17920 19456 26624 32960 33152 33536 49664 57344 65632 98368 131092 131120 139268 172032 196640 229376
1 7 28 8197 12289 14336 17920 19456 26624 32960 33152 33536 49664 57344 73732 98368 106496 131092 131120 131168 196612 196672
1 7 28 8197 12289 14336 17920 19456 26624 32960 33152 33536 49664 57344 98368 106496 131092 131120 131168 139268 196672 204800
1 7 28 8197 12289 14336 17920 19456 26624 32960 33152 33536 49664 57344 98368 131092 131120 131168 139268 172032 196672 229376
1 7 28 8197 12289 14336 17920 19456 26624 32960 49664 57344 65920 66304 98432 98816 131092 131120 131168 139268 163904 172032
1 7 28 8197 12289 14336 17920 19456 26624 32960 57344 65920 66304 82432 98432 114688 131092 131120 131168 139268 163904 172032
1 7 28 8197 12289 14336 17920 19456 26624 33152 33536 49664 57344 65584 65632 65728 98432 106496 131092 139268 196624 204800
1 7 28 8197 12289 14336 17920 19456 26624 33152 33536 49664 57344 65584 65632 65728 98432 131092 139268 172032 196624 229376
1 7 28 8197 12289 14336 17920 19456 26624 33152 33536 49664 57344 65632 65728 98432 106496 131092 131120 139268 196640 204800
1 7 28 8197 12289 14336 17920 19456 26624 33152 33536 49664 57344 65632 65728 98432 131092 131120 139268 172032 196640 229376
1 7 28 8197 12289 14336 17920 19456 26624 33152 33536 49664 57344 65728 98432 106496 131092 131120 131168 139268 196672 204800
1 7 28 8197 12289 14336 17920 19456 26624 33152 33536 49664 57344 65728 98432 131092 131120 131168 139268 172032 196672 229376
1 7 28 8197 12289 14336 17920 19456 26624 33536 49664 57344 65632 65728 65920 98560 106496 131092 131120 139268 196640 204800
1 7 28 8197 12289 14336 17920 19456 26624 33536 49664 57344 65632 65728 65920 98560 131092 131120 139268 172032 196640 229376
2 7 28 8197 12289 14336 17920 19456 26624 33536 49664 57344 65728 65920 98560 131092 131120 131168 139268 172032 196672 229376
1 7 28 8197 12289 14336 17920 19456 26624 40964 57344 65728 65920 66304 82432 98368 114688 131092 131120 131168 163844 163904
1 7 28 8197 12289 14336 17920 19456 26624 49664 57344 65728 65920 66304 98368 98816 131092 131120 131168 139268 163904 172032
1 7 28 8197 12289 14336 17920 19456 26624 57344 65728 65920 66304 82432 98368 114688 131092 131120 131168 139268 163904 172032
1 7 28 8197 12289 14336 19456 26624 32788 32816 32864 40964 57344 65728 98368 114688 131456 131840 132608 148480 196736 212992
1 7 28 8197 12289 14336 19456 26624 32788 32816 32864 40964 57344 65920 66304 67072 82944 114688 131264 163904 196736 229376
1 7 28 8197 12289 14336 19456 26624 32788 32816 40964 57344 65632 65728 65920 82176 98336 114688 131840 132608 147712 148480
1 7 28 8197 12289 14336 19456 26624 32788 32816 40964 57344 65632 65728 65920 98336 114688 131840 132608 148480 196864 212992
1 7 28 8197 12289 14336 19456 26624 32788 32816 40964 57344 65632 65728 98336 114688 131456 131840 132608 148480 196736 212992
1 7 28 8197 12289 14336 19456 26624 32788 32816 40964 57344 65920 66304 67072 82944 114688 131168 131264 163872 196736 229376
1 7 28 8197 12289 14336 19456 26624 32788 32816 40964 57344 66304 67072 82944 114688 131168 131264 131456 163872 196864 229376
1 7 28 8197 12289 14336 19456 26624 32788 40964 57344 65584 65632 65728 98320 114688 131456 131840 132608 148480 196736 212992
1 7 28 8197 12289 14336 19456 26624 32788 40964 57344 65920 66304 67072 82944 114688 131120 131168 131264 163856 196736 229376
1 7 28 8197 12289 14336 19456 26624 32816 32864 32960 57344 65920 66304 67072 82944 98432 114688 131092 139268 163856 172032
1 7 28 8197 12289 14336 19456 26624 32864 32960 33152 49408 57344 65556 65584 73732 98336 106496 131840 132608 147712 148480
1 7 28 8197 12289 14336 19456 26624 32864 32960 33152 57344 66304 67072 82944 98560 114688 131092 131120 139268 163872 172032
1 7 28 8197 12289 14336 19456 26624 32864 32960 57344 65920 66304 67072 82944 98432 114688 131092 131120 139268 163872 172032
1 7 28 8197 12289 14336 19456 26624 33152 33536 34304 50176 57344 65584 65632 65728 98432 106496 131092 139268 196624 204800
1 7 28 8197 12289 14336 19456 26624 33152 33536 34304 50176 57344 65584 65632 65728 98432 131092 139268 172032 196624 229376
1 7 28 8197 12289 14336 19456 26624 33152 33536 34304 50176 57344 65632 65728 98432 106496 131092 131120 139268 196640 204800
1 7 28 8197 12289 14336 19456 26624 33152 33536 34304 50176 57344 65632 65728 98432 131092 131120 139268 172032 196640 229376
2 7 28 8197 12289 14336 19456 26624 33152 33536 34304 50176 57344 65728 98432 131092 131120 131168 139268 172032 196672 229376
1 7 28 8197 12289 14336 19456 26624 33536 34304 50176 57344 65632 65728 65920 98560 106496 131092 131120 139268 196640 204800
1 7 28 8197 12289 14336 19456 26624 33536 34304 50176 57344 65632 65728 65920 98560 131092 131120 139268 172032 196640 229376
1 7 28 8197 12289 14336 24580 26624 32788 32816 49156 65632 65728 65920 98336 114688 131840 132608 134144 149504 196864 212992
1 7 28 8197 12289 14336 24580 26624 32788 32816 49156 65632 65728 65920 98336 131840 132608 134144 149504 180224 196864 229376
1 7 28 8197 12289 14336 26624 32788 32816 40964 57344 65632 65728 65920 82176 98336 114688 131840 132608 134144 147712 149504
1 7 28 8197 12289 14336 26624 32788 32816 40964 57344 65632 65728 65920 98336 114688 131840 132608 134144 149504 196864 212992
1 7 28 8197 12289 14336 26624 32788 32816 40964 57344 66304 67072 68608 83968 114688 131168 131264 131456 163872 196864 229376
1 7 28 8197 12289 14336 26624 32864 32960 33152 49408 57344 65556 65584 73732 98336 106496 131840 132608 134144 147712 149504
1 7 28 8197 12289 14336 26624 32864 32960 33152 57344 66304 67072 68608 83968 98560 114688 131092 131120 139268 163872 172032
1 7 28 8197 12289 14336 26624 33536 34304 35840 51200 57344 65632 65728 65920 98560 106496 131092 131120 139268 196640 204800
1 7 28 8197 12289 14336 26624 33536 34304 35840 51200 57344 65632 65728 65920 98560 131092 131120 139268 172032 196640 229376
1 7 28 8197 12289 17920 19456 22528 28672 32960 33152 33536 49664 57344 65556 65584 73732 98368 106496 131168 196640 196672
1 7 28 8197 12289 17920 19456 22528 28672 32960 33152 33536 49664 57344 65556 65632 73732 98368 106496 131120 196624 196640
1 7 28 8197 12289 17920 19456 22528 28672 32960 33152 33536 49664 57344 65556 73732 98368 106496 131120 131168 196624 196672
1 7 28 8197 12289 17920 19456 22528 28672 32960 33152 33536 49664 57344 65584 65632 73732 98368 106496 131092 196612 196624
1 7 28 8197 12289 17920 19456 22528 28672 32960 33152 33536 49664 57344 65584 65632 98368 106496 131092 139268 196624 204800
1 7 28 8197 12289 17920 19456 22528 28672 32960 33152 33536 49664 57344 65584 65632 98368 131092 139268 172032 196624 229376
1 7 28 8197 12289 17920 19456 22528 28672 32960 33152 33536 49664 57344 65632 73732 98368 106496 131092 131120 196612 196640
1 7 28 8197 12289 17920 19456 22528 28672 32960 33152 33536 49664 57344 65632 98368 106496 131092 131120 139268 196640 204800
1 7 28 8197 12289 17920 19456 22528 28672 32960 33152 33536 49664 57344 65632 98368 131092 131120 139268 172032 196640 229376
1 7 28 8197 12289 17920 19456 22528 28672 32960 33152 33536 49664 65556 65584 73732 90112 98368 114688 131168 196640 196672
1 7 28 8197 12289 17920 19456 22528 28672 32960 33152 33536 49664 65556 65632 73732 90112 98368 114688 131120 196624 196640
1 7 28 8197 12289 17920 19456 22528 28672 32960 33152 33536 49664 65556 73732 90112 98368 114688 131120 131168 196624 196672
1 7 28 8197 12289 17920 19456 22528 28672 32960 33152 33536 49664 65584 65632 73732 90112 98368 114688 131092 196612 196624
1 7 28 8197 12289 17920 19456 22528 28672 32960 33152 33536 49664 65584 65632 90112 98368 114688 131092 139268 196624 204800
1 7 28 8197 12289 17920 19456 22528 28672 32960 33152 33536 49664 65584 65632 98368 114688 131092 139268 155648 196624 212992
1 7 28 8197 12289 17920 19456 22528 28672 32960 33152 33536 49664 65584 65632 98368 131092 139268 155648 180224 196624 229376
1 7 28 8197 12289 17920 19456 22528 28672 32960 33152 33536 49664 65632 73732 90112 98368 114688 131092 131120 196612 196640
1 7 28 8197 12289 17920 19456 22528 28672 32960 33152 33536 49664 65632 90112 98368 114688 131092 131120 139268 196640 204800
1 7 28 8197 12289 17920 19456 22528 28672 32960 33152 33536 49664 65632 98368 114688 131092 131120 139268 155648 196640 212992
1 7 28 8197 12289 17920 19456 22528 28672 32960 33152 33536 49664 65632 98368 131092 131120 139268 155648 180224 196640 229376
1 7 28 8197 12289 17920 19456 22528 28672 33152 33536 49664 57344 65584 65632 65728 98432 106496 131092 139268 196624 204800
1 7 28 8197 12289 17920 19456 22528 28672 33152 33536 49664 57344 65584 65632 65728 98432 131092 139268 172032 196624 229376
1 7 28 8197 12289 17920 19456 22528 28672 33152 33536 49664 57344 65632 65728 98432 106496 131092 131120 139268 196640 204800
1 7 28 8197 12289 17920 19456 22528 28672 33152 33536 49664 57344 65632 65728 98432 131092 131120 139268 172032 196640 229376
1 7 28 8197 12289 17920 19456 22528 28672 33152 33536 49664 65584 65632 65728 90112 98432 114688 131092 139268 196624 204800
1 7 28 8197 12289 17920 19456 22528 28672 33152 33536 49664 65584 65632 65728 98432 114688 131092 139268 155648 196624 212992
1 7 28 8197 12289 17920 19456 22528 28672 33152 33536 49664 65584 65632 65728 98432 131092 139268 155648 180224 196624 229376
1 7 28 8197 12289 17920 19456 22528 28672 33152 33536 49664 65632 65728 90112 98432 114688 131092 131120 139268 196640 204800
1 7 28 8197 12289 17920 19456 22528 28672 33152 33536 49664 65632 65728 98432 114688 131092 131120 139268 155648 196640 212992
1 7 28 8197 12289 17920 19456 22528 28672 33152 33536 49664 65632 65728 98432 131092 131120 139268 155648 180224 196640 229376
1 7 28 8197 12289 17920 19456 22528 28672 33536 49664 57344 65632 65728 65920 98560 106496 131092 131120 139268 196640 204800
2 7 28 8197 12289 17920 19456 22528 28672 33536 49664 57344 65632 65728 65920 98560 131092 131120 139268 172032 196640 229376
1 7 28 8197 12289 17920 19456 22528 28672 33536 49664 65632 65728 65920 90112 98560 114688 131092 131120 139268 196640 204800
2 7 28 8197 12289 19456 22528 28672 33152 33536 34304 50176 57344 65556 65584 73732 106496 131168 131264 163968 196640 229376
1 7 28 8197 12289 19456 22528 28672 33152 33536 34304 50176 57344 65556 73732 106496 131120 131168 131264 163968 196624 229376
1 7 28 8197 12289 19456 22528 28672 33152 33536 34304 50176 57344 65584 65632 65728 98432 106496 131092 139268 196624 204800
1 7 28 8197 12289 19456 22528 28672 33152 33536 34304 50176 57344 65632 65728 98432 106496 131092 131120 139268 196640 204800
1 7 28 8197 12289 19456 22528 28672 33152 33536 34304 50176 65556 73732 90112 114688 131120 131168 131264 163968 196624 229376
1 7 28 8197 12289 19456 22528 28672 33152 33536 34304 50176 65584 65632 65728 90112 98432 114688 131092 139268 196624 204800
1 7 28 8197 12289 19456 22528 28672 33152 33536 34304 50176 65584 65632 65728 98432 114688 131092 139268 155648 196624 212992
1 7 28 8197 12289 19456 22528 28672 33152 33536 34304 50176 65632 65728 90112 98432 114688 131092 131120 139268 196640 204800
1 7 28 8197 12289 19456 22528 28672 33536 34304 50176 57344 65556 73732 106496 131120 131168 131264 131456 164096 196624 229376
1 7 28 8197 12289 19456 22528 28672 33536 34304 50176 57344 65584 65632 65728 65920 98560 106496 131092 139268 196624 204800
1 7 28 8197 12289 19456 22528 28672 33536 34304 50176 65556 73732 90112 114688 131120 131168 131264 131456 164096 196624 229376
1 7 28 8197 12289 19456 22528 28672 33536 34304 50176 65584 65632 65728 65920 90112 98560 114688 131092 139268 196624 204800
1 7 28 8197 12289 19456 22528 28672 33536 34304 50176 65584 65632 65728 65920 98560 114688 131092 139268 155648 196624 212992
1 7 28 8197 12289 22528 28672 33536 34304 35840 51200 57344 65584 65632 65728 65920 98560 106496 131092 139268 196624 204800
1 7 28 8197 12289 22528 28672 33536 34304 35840 51200 57344 65584 65632 65728 65920 98560 131092 139268 172032 196624 229376
1 7 28 8197 12289 22528 28672 33536 34304 35840 51200 65584 65632 65728 65920 90112 98560 114688 131092 139268 196624 204800
1 7 28 8197 12289 22528 28672 33536 34304 35840 51200 65584 65632 65728 65920 98560 114688 131092 139268 155648 196624 212992
1 7 28 8197 12289 22528 28672 33536 34304 35840 51200 65584 65632 65728 65920 98560 131092 139268 155648 180224 196624 229376
1 7 28 8197 16404 24577 24580 32816 32864 32960 33152 49168 66304 67072 68608 98560 114688 135169 137216 147457 198656 212992
1 7 28 8197 16404 24577 24580 32816 32864 32960 33152 49168 66304 67072 98560 114688 134144 135169 137216 147457 197632 212992
1 7 28 8197 16404 24577 24580 32816 32864 32960 33152 49168 68608 69633 71680 81921 114688 131840 132608 164096 197632 229376
1 7 28 8197 16404 24577 24580 32816 32864 32960 33152 49168 69633 71680 81921 114688 131840 132608 134144 164096 198656 229376
1 7 28 8197 16404 24577 24580 32816 32864 32960 49168 65920 66304 67072 98432 114688 134144 135169 137216 147457 197632 212992
1 7 28 8197 16404 24577 24580 32816 32864 32960 49168 65920 66304 98432 114688 132608 134144 135169 137216 147457 197120 212992
1 7 28 8197 16404 24577 24580 32816 32864 32960 49168 67072 68608 69633 71680 81921 114688 131456 131840 163968 197120 229376
1 7 28 8197 16404 24577 24580 32816 32864 32960 49168 68608 69633 71680 81921 114688 131456 131840 132608 163968 197632 229376
1 7 28 8197 16404 24577 24580 32816 32864 49168 65728 65920 66304 98368 114688 132608 134144 135169 137216 147457 197120 212992
1 7 28 8197 16404 24577 24580 32816 32864 49168 67072 68608 69633 71680 81921 114688 131264 131456 131840 163904 197120 229376
1 7 28 8197 17920 19456 20481 22528 24577 32788 40964 57344 65584 65632 65728 98320 114688 131456 131840 147968 196736 212992
1 7 28 8197 17920 19456 20481 22528 24577 32788 40964 57344 65584 65632 98320 114688 131264 131456 131840 147968 196672 212992
1 7 28 8197 17920 19456 20481 22528 24577 32788 40964 57344 65728 65920 66304 82432 114688 131120 131168 163856 196672 229376
1 7 28 8197 17920 19456 20481 22528 24577 32788 40964 57344 65920 66304 82432 114688 131120 131168 131264 163856 196736 229376
1 7 28 8197 17920 19456 20481 22528 24577 32816 32864 32960 57344 65920 66304 82432 98432 114688 131092 139268 163856 172032
1 7 28 8197 17920 19456 20481 22528 24577 32816 32864 57344 65728 65920 66304 82432 98368 114688 131092 139268 163856 172032
1 7 28 8197 17920 19456 20481 22528 24577 32960 33152 33536 49664 57344 65584 65632 98368 106496 131092 139268 196624 204800
1 7 28 8197 17920 19456 20481 22528 24577 32960 33152 33536 49664 57344 65584 65632 98368 131092 139268 172032 196624 229376
1 7 28 8197 17920 19456 20481 22528 24577 33152 33536 49664 57344 65584 65632 65728 98432 106496 131092 139268 196624 204800
1 7 28 8197 17920 19456 20481 22528 24577 33152 33536 49664 57344 65584 65632 65728 98432 131092 139268 172032 196624 229376
1 7 28 8197 19456 20481 22528 24577 32788 40964 57344 65584 65632 65728 98320 114688 131456 131840 132608 148480 196736 212992
1 7 28 8197 19456 20481 22528 24577 32788 40964 57344 65920 66304 67072 82944 114688 131120 131168 131264 163856 196736 229376
2 7 28 8197 19456 20481 22528 24577 33152 33536 34304 50176 57344 65584 65632 65728 98432 131092 139268 172032 196624 229376
1 7 56 8197 8204 12289 17920 19456 22528 28672 32960 33152 33536 49664 57344 65576 65632 73736 98368 172032 204800 229376
1 7 56 8197 8204 12289 17920 19456 22528 28672 32960 33152 33536 49664 57344 65576 65632 98368 106496 139272 196616 204800
1 7 56 8197 8204 12289 17920 19456 22528 28672 32960 33152 33536 49664 57344 65576 65632 98368 139272 172032 196616 229376
1 7 56 8197 8204 12289 17920 19456 22528 28672 32960 33152 33536 49664 57344 65576 73736 98368 106496 131168 196640 196672
1 7 56 8197 8204 12289 17920 19456 22528 28672 32960 33152 33536 49664 57344 65632 73736 98368 106496 131112 196616 196640
1 7 56 8197 8204 12289 17920 19456 22528 28672 32960 33152 33536 49664 57344 65632 98368 106496 131112 139272 196640 204800
1 7 56 8197 8204 12289 17920 19456 22528 28672 32960 33152 33536 49664 57344 65632 98368 131112 139272 172032 196640 229376
1 7 56 8197 8204 12289 17920 19456 22528 28672 32960 33152 33536 49664 57344 73736 98368 106496 131112 131168 196616 196672
1 7 56 8197 8204 12289 17920 19456 22528 28672 32960 33152 33536 49664 57344 98368 106496 131112 131168 139272 196672 204800
1 7 56 8197 8204 12289 17920 19456 22528 28672 32960 33152 33536 49664 57344 98368 131112 131168 139272 172032 196672 229376
1 7 56 8197 8204 12289 17920 19456 22528 28672 32960 33152 33536 49664 65576 65632 73736 90112 98368 180224 212992 229376
1 7 56 8197 8204 12289 17920 19456 22528 28672 32960 33152 33536 49664 65576 65632 73736 98368 106496 155648 172032 180224
1 7 56 8197 8204 12289 17920 19456 22528 28672 32960 33152 33536 49664 65576 65632 73736 98368 114688 155648 204800 212992
1 7 56 8197 8204 12289 17920 19456 22528 28672 32960 33152 33536 49664 65576 65632 73736 98368 155648 180224 204800 229376
1 7 56 8197 8204 12289 17920 19456 22528 28672 32960 33152 33536 49664 65576 65632 90112 98368 114688 139272 196616 204800
1 7 56 8197 8204 12289 17920 19456 22528 28672 32960 33152 33536 49664 65576 65632 98368 114688 139272 155648 196616 212992
1 7 56 8197 8204 12289 17920 19456 22528 28672 32960 33152 33536 49664 65576 65632 98368 139272 155648 180224 196616 229376
1 7 56 8197 8204 12289 17920 19456 22528 28672 32960 33152 33536 49664 65576 73736 90112 98368 114688 131168 196640 196672
1 7 56 8197 8204 12289 17920 19456 22528 28672 32960 33152 33536 49664 65632 73736 90112 98368 114688 131112 196616 196640
1 7 56 8197 8204 12289 17920 19456 22528 28672 32960 33152 33536 49664 65632 90112 98368 114688 131112 139272 196640 204800
1 7 56 8197 8204 12289 17920 19456 22528 28672 32960 33152 33536 49664 65632 98368 114688 131112 139272 155648 196640 212992
1 7 56 8197 8204 12289 17920 19456 22528 28672 32960 33152 33536 49664 65632 98368 131112 139272 155648 180224 196640 229376
1 7 56 8197 8204 12289 17920 19456 22528 28672 32960 33152 33536 49664 73736 90112 98368 114688 131112 131168 196616 196672
1 7 56 8197 8204 12289 17920 19456 22528 28672 32960 33152 33536 49664 90112 98368 114688 131112 131168 139272 196672 204800
1 7 56 8197 8204 12289 17920 19456 22528 28672 32960 33152 33536 49664 98368 114688 131112 131168 139272 155648 196672 212992
1 7 56 8197 8204 12289 17920 19456 22528 28672 32960 33152 33536 49664 98368 131112 131168 139272 155648 180224 196672 229376
1 7 56 8197 8204 12289 17920 19456 22528 28672 32960 33152 49664 57344 66304 98560 98816 131112 131168 139272 163904 172032
1 7 56 8197 8204 12289 17920 19456 22528 28672 32960 33152 49664 66304 98560 98816 131112 131168 139272 155648 163904 180224
1 7 56 8197 8204 12289 17920 19456 22528 28672 32960 33536 49664 57344 65920 98432 98560 131112 131168 139272 163904 172032
1 7 56 8197 8204 12289 17920 19456 22528 28672 32960 33536 49664 65920 98432 98560 131112 131168 139272 155648 163904 180224
1 7 56 8197 8204 12289 17920 19456 22528 28672 32960 49664 57344 65920 66304 98432 98816 131112 131168 139272 163904 172032
1 7 56 8197 8204 12289 17920 19456 22528 28672 32960 49664 65920 66304 98432 98816 131112 131168 139272 155648 163904 180224
1 7 56 8197 8204 12289 17920 19456 22528 28672 33152 33536 49664 57344 65632 65728 98432 106496 131112 139272 196640 204800
1 7 56 8197 8204 12289 17920 19456 22528 28672 33152 33536 49664 57344 65632 65728 98432 131112 139272 172032 196640 229376
1 7 56 8197 8204 12289 17920 19456 22528 28672 33152 33536 49664 57344 65728 98368 98432 131112 131168 139272 163904 172032
1 7 56 8197 8204 12289 17920 19456 22528 28672 33152 33536 49664 57344 65728 98432 106496 131112 131168 139272 196672 204800
1 7 56 8197 8204 12289 17920 19456 22528 28672 33152 33536 49664 57344 65728 98432 131112 131168 139272 172032 196672 229376
1 7 56 8197 8204 12289 17920 19456 22528 28672 33152 33536 49664 65632 65728 90112 98432 114688 131112 139272 196640 204800
1 7 56 8197 8204 12289 17920 19456 22528 28672 33152 33536 49664 65632 65728 98432 114688 131112 139272 155648 196640 212992
1 7 56 8197 8204 12289 17920 19456 22528 28672 33152 33536 49664 65632 65728 98432 131112 139272 155648 180224 196640 229376
1 7 56 8197 8204 12289 17920 19456 22528 28672 33152 33536 49664 65728 90112 98432 114688 131112 131168 139272 196672 204800
1 7 56 8197 8204 12289 17920 19456 22528 28672 33152 33536 49664 65728 98368 98432 131112 131168 139272 155648 163904 180224
1 7 56 8197 8204 12289 17920 19456 22528 28672 33152 33536 49664 65728 98432 114688 131112 131168 139272 155648 196672 212992
1 7 56 8197 8204 12289 17920 19456 22528 28672 33152 33536 49664 65728 98432 131112 131168 139272 155648 180224 196672 229376
1 7 56 8197 8204 12289 17920 19456 22528 28672 33536 49664 57344 65632 65728 65920 98560 106496 131112 139272 196640 204800
1 7 56 8197 8204 12289 17920 19456 22528 28672 33536 49664 57344 65632 65728 65920 98560 131112 139272 172032 196640 229376
1 7 56 8197 8204 12289 17920 19456 22528 28672 33536 49664 57344 65728 65920 98368 98560 131112 131168 139272 163904 172032
1 7 56 8197 8204 12289 17920 19456 22528 28672 33536 49664 57344 65728 65920 98560 106496 131112 131168 139272 196672 204800
1 7 56 8197 8204 12289 17920 19456 22528 28672 33536 49664 57344 65728 65920 98560 131112 131168 139272 172032 196672 229376
1 7 56 8197 8204 12289 17920 19456 22528 28672 33536 49664 65632 65728 65920 90112 98560 114688 131112 139272 196640 204800
1 7 56 8197 8204 12289 17920 19456 22528 28672 33536 49664 65632 65728 65920 98560 114688 131112 139272 155648 196640 212992
1 7 56 8197 8204 12289 17920 19456 22528 28672 33536 49664 65632 65728 65920 98560 131112 139272 155648 180224 196640 229376
1 7 56 8197 8204 12289 17920 19456 22528 28672 33536 49664 65728 65920 90112 98560 114688 131112 131168 139272 196672 204800
1 7 56 8197 8204 12289 17920 19456 22528 28672 33536 49664 65728 65920 98368 98560 131112 131168 139272 155648 163904 180224
1 7 56 8197 8204 12289 17920 19456 22528 28672 33536 49664 65728 65920 98560 114688 131112 131168 139272 155648 196672 212992
1 7 56 8197 8204 12289 17920 19456 22528 28672 33536 49664 65728 65920 98560 131112 131168 139272 155648 180224 196672 229376
1 7 56 8197 8204 12289 17920 19456 22528 28672 49664 57344 65728 65920 66304 98368 98816 131112 131168 139272 163904 172032
1 7 56 8197 8204 12289 17920 19456 22528 28672 49664 57344 65728 65920 66304 98816 106496 131112 131168 139272 196672 204800
1 7 56 8197 8204 12289 17920 19456 22528 28672 49664 57344 65728 65920 66304 98816 131112 131168 139272 172032 196672 229376
1 7 56 8197 8204 12289 17920 19456 22528 28672 49664 65728 65920 66304 90112 98816 114688 131112 131168 139272 196672 204800
1 7 56 8197 8204 12289 17920 19456 22528 28672 49664 65728 65920 66304 98368 98816 131112 131168 139272 155648 163904 180224
1 7 56 8197 8204 12289 17920 19456 22528 28672 49664 65728 65920 66304 98816 114688 131112 131168 139272 155648 196672 212992
1 7 56 8197 8204 12289 17920 19456 22528 28672 49664 65728 65920 66304 98816 131112 131168 139272 155648 180224 196672 229376
1 7 56 8197 8204 12289 17920 19456 28672 38912 51200 53248 65728 65920 66304 82432 90112 131112 131168 139272 196672 204800
1 7 56 8197 8204 12289 17920 19456 28672 38912 51200 53248 65728 65920 66304 82432 131112 131168 139272 155648 196672 212992
1 7 56 8197 8204 12289 17920 22528 28672 35840 50176 51200 65728 65920 66304 82432 90112 131112 131168 139272 196672 204800
1 7 56 8197 8204 12289 17920 22528 28672 35840 50176 51200 65728 65920 66304 82432 131112 131168 139272 155648 196672 212992
1 7 56 8197 8204 12289 17920 28672 35840 38912 50176 53248 65728 65920 66304 82432 90112 131112 131168 139272 196672 204800
1 7 56 8197 8204 12289 17920 28672 35840 38912 50176 53248 65728 65920 66304 82432 131112 131168 139272 155648 196672 212992
1 7 56 8197 8204 12289 19456 22528 28672 33152 33536 34304 50176 57344 65576 65632 65728 73736 106496 163968 196736 229376
1 7 56 8197 8204 12289 19456 22528 28672 33152 33536 34304 50176 57344 65576 65632 65728 98432 106496 139272 196616 204800
1 7 56 8197 8204 12289 19456 22528 28672 33152 33536 34304 50176 57344 65576 65632 73736 98432 106496 131264 196672 196736
1 7 56 8197 8204 12289 19456 22528 28672 33152 33536 34304 50176 57344 65576 65632 73736 106496 131264 163968 196672 229376
1 7 56 8197 8204 12289 19456 22528 28672 33152 33536 34304 50176 57344 65576 65696 73736 98432 106496 131168 131232 131264
1 7 56 8197 8204 12289 19456 22528 28672 33152 33536 34304 50176 57344 65576 65728 73736 98432 106496 131168 196640 196672
1 7 56 8197 8204 12289 19456 22528 28672 33152 33536 34304 50176 57344 65576 73736 98432 106496 131168 131264 196640 196736
1 7 56 8197 8204 12289 19456 22528 28672 33152 33536 34304 50176 57344 65576 73736 106496 131168 131264 163968 196640 229376
1 7 56 8197 8204 12289 19456 22528 28672 33152 33536 34304 50176 57344 65632 65728 73736 98432 106496 131112 196616 196640
1 7 56 8197 8204 12289 19456 22528 28672 33152 33536 34304 50176 57344 65632 65728 98432 106496 131112 139272 196640 204800
1 7 56 8197 8204 12289 19456 22528 28672 33152 33536 34304 50176 57344 65728 73736 98432 106496 131112 131168 196616 196672
1 7 56 8197 8204 12289 19456 22528 28672 33152 33536 34304 50176 57344 65728 98432 106496 131112 131168 139272 196672 204800
1 7 56 8197 8204 12289 19456 22528 28672 33152 33536 34304 50176 57344 73736 98432 106496 131112 131168 131264 196616 196736
1 7 56 8197 8204 12289 19456 22528 28672 33152 33536 34304 50176 57344 73736 106496 131112 131168 131264 163968 196616 229376
1 7 56 8197 8204 12289 19456 22528 28672 33152 33536 34304 50176 57344 98432 106496 131112 131168 131264 139272 196736 204800
1 7 56 8197 8204 12289 19456 22528 28672 33152 33536 34304 50176 57344 106496 131112 131168 131264 139272 163968 204800 229376
1 7 56 8197 8204 12289 19456 22528 28672 33152 33536 34304 50176 65576 65632 65728 73736 90112 114688 163968 196736 229376
1 7 56 8197 8204 12289 19456 22528 28672 33152 33536 34304 50176 65576 65632 65728 73736 98432 114688 155648 204800 212992
1 7 56 8197 8204 12289 19456 22528 28672 33152 33536 34304 50176 65576 65632 65728 90112 98432 114688 139272 196616 204800
1 7 56 8197 8204 12289 19456 22528 28672 33152 33536 34304 50176 65576 65632 65728 98432 114688 139272 155648 196616 212992
1 7 56 8197 8204 12289 19456 22528 28672 33152 33536 34304 50176 65576 65632 73736 90112 98432 114688 131264 196672 196736
1 7 56 8197 8204 12289 19456 22528 28672 33152 33536 34304 50176 65576 65632 73736 90112 114688 131264 163968 196672 229376
1 7 56 8197 8204 12289 19456 22528 28672 33152 33536 34304 50176 65576 65696 73736 90112 98432 114688 131168 131232 131264
1 7 56 8197 8204 12289 19456 22528 28672 33152 33536 34304 50176 65576 65728 73736 90112 98432 114688 131168 196640 196672
1 7 56 8197 8204 12289 19456 22528 28672 33152 33536 34304 50176 65576 73736 90112 98432 114688 131168 131264 196640 196736
1 7 56 8197 8204 12289 19456 22528 28672 33152 33536 34304 50176 65576 73736 90112 114688 131168 131264 163968 196640 229376
1 7 56 8197 8204 12289 19456 22528 28672 33152 33536 34304 50176 65632 65728 73736 90112 98432 114688 131112 196616 196640
1 7 56 8197 8204 12289 19456 22528 28672 33152 33536 34304 50176 65632 65728 90112 98432 114688 131112 139272 196640 204800
1 7 56 8197 8204 12289 19456 22528 28672 33152 33536 34304 50176 65632 65728 98432 114688 131112 139272 155648 196640 212992
1 7 56 8197 8204 12289 19456 22528 28672 33152 33536 34304 50176 65728 73736 90112 98432 114688 131112 131168 196616 196672
1 7 56 8197 8204 12289 19456 22528 28672 33152 33536 34304 50176 65728 90112 98432 114688 131112 131168 139272 196672 204800
1 7 56 8197 8204 12289 19456 22528 28672 33152 33536 34304 50176 65728 98432 114688 131112 131168 139272 155648 196672 212992
1 7 56 8197 8204 12289 19456 22528 28672 33152 33536 34304 50176 73736 90112 98432 114688 131112 131168 131264 196616 196736
1 7 56 8197 8204 12289 19456 22528 28672 33152 33536 34304 50176 73736 90112 114688 131112 131168 131264 163968 196616 229376
1 7 56 8197 8204 12289 19456 22528 28672 33152 33536 34304 50176 90112 98432 114688 131112 131168 131264 139272 196736 204800
1 7 56 8197 8204 12289 19456 22528 28672 33152 33536 34304 50176 90112 106496 114688 131112 131168 131264 139272 163968 172032
1 7 56 8197 8204 12289 19456 22528 28672 33152 33536 34304 50176 90112 114688 131112 131168 131264 139272 163968 204800 229376
1 7 56 8197 8204 12289 19456 22528 28672 33152 33536 34304 50176 98432 114688 131112 131168 131264 139272 155648 196736 212992
1 7 56 8197 8204 12289 19456 22528 28672 33152 33536 34304 50176 114688 131112 131168 131264 139272 155648 163968 212992 229376
1 7 56 8197 8204 12289 19456 22528 28672 33152 33536 50176 57344 65576 65632 65728 73736 98432 106496 132608 164352 164864
1 7 56 8197 8204 12289 19456 22528 28672 33152 33536 50176 65576 65632 65728 73736 90112 98432 114688 132608 164352 164864
1 7 56 8197 8204 12289 19456 22528 28672 33152 34304 50176 57344 65576 65632 65728 73736 98432 106496 131840 164096 164352
1 7 56 8197 8204 12289 19456 22528 28672 33152 34304 50176 65576 65632 65728 73736 90112 98432 114688 131840 164096 164352
1 7 56 8197 8204 12289 19456 22528 28672 33152 50176 57344 65576 65632 65728 73736 98432 106496 131840 132608 164096 164864
1 7 56 8197 8204 12289 19456 22528 28672 33152 50176 65576 65632 65728 73736 90112 98432 114688 131840 132608 164096 164864
1 7 56 8197 8204 12289 19456 22528 28672 33536 34304 50176 57344 65576 65632 65728 73736 98432 106496 131456 163968 164096
1 7 56 8197 8204 12289 19456 22528 28672 33536 34304 50176 57344 65576 65632 65728 73736 106496 131456 164096 196736 229376
1 7 56 8197 8204 12289 19456 22528 28672 33536 34304 50176 57344 65576 65632 73736 106496 131264 131456 164096 196672 229376
1 7 56 8197 8204 12289 19456 22528 28672 33536 34304 50176 57344 65576 73736 106496 131168 131264 131456 164096 196640 229376
1 7 56 8197 8204 12289 19456 22528 28672 33536 34304 50176 57344 65632 65728 65920 98560 106496 131112 139272 196640 204800
1 7 56 8197 8204 12289 19456 22528 28672 33536 34304 50176 57344 65728 65920 98560 106496 131112 131168 139272 196672 204800
1 7 56 8197 8204 12289 19456 22528 28672 33536 34304 50176 57344 65920 98560 106496 131112 131168 131264 139272 196736 204800
1 7 56 8197 8204 12289 19456 22528 28672 33536 34304 50176 65576 65632 65728 73736 90112 98432 114688 131456 163968 164096
1 7 56 8197 8204 12289 19456 22528 28672 33536 34304 50176 65576 65632 65728 73736 90112 114688 131456 164096 196736 229376
1 7 56 8197 8204 12289 19456 22528 28672 33536 34304 50176 65576 65632 73736 90112 114688 131264 131456 164096 196672 229376
1 7 56 8197 8204 12289 19456 22528 28672 33536 34304 50176 65576 73736 90112 114688 131168 131264 131456 164096 196640 229376
1 7 56 8197 8204 12289 19456 22528 28672 33536 34304 50176 65632 65728 65920 90112 98560 114688 131112 139272 196640 204800
1 7 56 8197 8204 12289 19456 22528 28672 33536 34304 50176 65632 65728 65920 98560 114688 131112 139272 155648 196640 212992
1 7 56 8197 8204 12289 19456 22528 28672 33536 34304 50176 65728 65920 90112 98560 114688 131112 131168 139272 196672 204800
1 7 56 8197 8204 12289 19456 22528 28672 33536 34304 50176 65728 65920 98560 114688 131112 131168 139272 155648 196672 212992
1 7 56 8197 8204 12289 19456 22528 28672 33536 34304 50176 65920 90112 98560 114688 131112 131168 131264 139272 196736 204800
1 7 56 8197 8204 12289 19456 22528 28672 33536 34304 50176 65920 98560 114688 131112 131168 131264 139272 155648 196736 212992
1 7 56 8197 8204 12289 19456 22528 28672 34304 49664 50176 65728 65920 66304 82432 90112 131112 131168 139272 196672 204800
1 7 56 8197 8204 12289 19456 22528 28672 34304 49664 50176 65728 65920 66304 82432 131112 131168 139272 155648 196672 212992
1 7 56 8197 8204 12289 19456 22528 28672 34304 50176 57344 65576 65632 65728 73736 98432 106496 131456 131840 163968 164352
1 7 56 8197 8204 12289 19456 22528 28672 34304 50176 57344 65576 65632 65728 73736 106496 131456 131840 164352 196736 229376
1 7 56 8197 8204 12289 19456 22528 28672 34304 50176 57344 65576 65632 73736 106496 131264 131456 131840 164352 196672 229376
1 7 56 8197 8204 12289 19456 22528 28672 34304 50176 57344 65728 65920 66304 98816 106496 131112 131168 139272 196672 204800
1 7 56 8197 8204 12289 19456 22528 28672 34304 50176 57344 65920 66304 98816 106496 131112 131168 131264 139272 196736 204800
1 7 56 8197 8204 12289 19456 22528 28672 34304 50176 65576 65632 65728 73736 90112 98432 114688 131456 131840 163968 164352
1 7 56 8197 8204 12289 19456 22528 28672 34304 50176 65576 65632 65728 73736 90112 114688 131456 131840 164352 196736 229376
1 7 56 8197 8204 12289 19456 22528 28672 34304 50176 65576 65632 73736 90112 114688 131264 131456 131840 164352 196672 229376
1 7 56 8197 8204 12289 19456 22528 28672 34304 50176 65728 65920 66304 90112 98816 114688 131112 131168 139272 196672 204800
1 7 56 8197 8204 12289 19456 22528 28672 34304 50176 65728 65920 66304 98816 114688 131112 131168 139272 155648 196672 212992
1 7 56 8197 8204 12289 19456 22528 28672 34304 50176 65920 66304 90112 98816 114688 131112 131168 131264 139272 196736 204800
1 7 56 8197 8204 12289 19456 22528 28672 34304 50176 65920 66304 98816 114688 131112 131168 131264 139272 155648 196736 212992
1 7 56 8197 8204 12289 19456 22528 28672 50176 57344 65576 65632 65728 73736 98432 106496 131456 131840 132608 163968 164864
1 7 56 8197 8204 12289 19456 22528 28672 50176 57344 65576 65632 65728 73736 106496 131456 131840 132608 164864 196736 229376
1 7 56 8197 8204 12289 19456 22528 28672 50176 57344 65920 66304 67072 99328 106496 131112 131168 131264 139272 196736 204800
1 7 56 8197 8204 12289 19456 22528 28672 50176 65576 65632 65728 73736 90112 98432 114688 131456 131840 132608 163968 164864
1 7 56 8197 8204 12289 19456 22528 28672 50176 65576 65632 65728 73736 90112 114688 131456 131840 132608 164864 196736 229376
1 7 56 8197 8204 12289 19456 22528 28672 50176 65920 66304 67072 90112 99328 114688 131112 131168 131264 139272 196736 204800
1 7 56 8197 8204 12289 19456 22528 28672 50176 65920 66304 67072 99328 114688 131112 131168 131264 139272 155648 196736 212992
1 7 56 8197 8204 12289 19456 28672 38912 51200 53248 65920 66304 67072 82944 90112 131112 131168 131264 139272 196736 204800
1 7 56 8197 8204 12289 19456 28672 38912 51200 53248 65920 66304 67072 82944 131112 131168 131264 139272 155648 196736 212992
1 7 56 8197 8204 12289 22528 28672 33536 34304 35840 51200 57344 65632 65728 65920 98560 106496 131112 139272 196640 204800
1 7 56 8197 8204 12289 22528 28672 33536 34304 35840 51200 57344 65632 65728 65920 98560 131112 139272 172032 196640 229376
1 7 56 8197 8204 12289 22528 28672 33536 34304 35840 51200 57344 65728 65920 98560 106496 131112 131168 139272 196672 204800
1 7 56 8197 8204 12289 22528 28672 33536 34304 35840 51200 57344 65728 65920 98560 131112 131168 139272 172032 196672 229376
1 7 56 8197 8204 12289 22528 28672 33536 34304 35840 51200 65632 65728 65920 90112 98560 114688 131112 139272 196640 204800
1 7 56 8197 8204 12289 22528 28672 33536 34304 35840 51200 65632 65728 65920 98560 114688 131112 139272 155648 196640 212992
1 7 56 8197 8204 12289 22528 28672 33536 34304 35840 51200 65632 65728 65920 98560 131112 139272 155648 180224 196640 229376
1 7 56 8197 8204 12289 22528 28672 33536 34304 35840 51200 65728 65920 90112 98560 114688 131112 131168 139272 196672 204800
1 7 56 8197 8204 12289 22528 28672 33536 34304 35840 51200 65728 65920 98560 114688 131112 131168 139272 155648 196672 212992
1 7 56 8197 8204 12289 22528 28672 33536 34304 35840 51200 65728 65920 98560 131112 131168 139272 155648 180224 196672 229376
1 7 56 8197 8204 12289 22528 28672 34304 35840 49664 51200 65728 65920 66304 82432 90112 131112 131168 139272 196672 204800
1 7 56 8197 8204 12289 22528 28672 34304 35840 49664 51200 65728 65920 66304 82432 131112 131168 139272 155648 196672 212992
1 7 56 8197 8204 12289 22528 28672 34304 35840 51200 57344 65728 65920 66304 98816 106496 131112 131168 139272 196672 204800
1 7 56 8197 8204 12289 22528 28672 34304 35840 51200 57344 65728 65920 66304 98816 131112 131168 139272 172032 196672 229376
1 7 56 8197 8204 12289 22528 28672 34304 35840 51200 57344 65920 66304 98816 106496 131112 131168 131264 139272 196736 204800
1 7 56 8197 8204 12289 22528 28672 34304 35840 51200 57344 65920 66304 98816 131112 131168 131264 139272 172032 196736 229376
1 7 56 8197 8204 12289 22528 28672 34304 35840 51200 65728 65920 66304 90112 98816 114688 131112 131168 139272 196672 204800
1 7 56 8197 8204 12289 22528 28672 34304 35840 51200 65728 65920 66304 98816 114688 131112 131168 139272 155648 196672 212992
1 7 56 8197 8204 12289 22528 28672 34304 35840 51200 65728 65920 66304 98816 131112 131168 139272 155648 180224 196672 229376
1 7 56 8197 8204 12289 22528 28672 34304 35840 51200 65920 66304 90112 98816 114688 131112 131168 131264 139272 196736 204800
1 7 56 8197 8204 12289 22528 28672 34304 35840 51200 65920 66304 98816 114688 131112 131168 131264 139272 155648 196736 212992
1 7 56 8197 8204 12289 22528 28672 34304 35840 51200 65920 66304 98816 131112 131168 131264 139272 155648 180224 196736 229376
1 7 56 8197 8204 12289 22528 28672 35840 50176 51200 65920 66304 67072 82944 90112 131112 131168 131264 139272 196736 204800
1 7 56 8197 8204 12289 22528 28672 35840 50176 51200 65920 66304 67072 82944 131112 131168 131264 139272 155648 196736 212992
1 7 56 8197 8204 12289 22528 28672 35840 51200 57344 65920 66304 67072 99328 106496 131112 131168 131264 139272 196736 204800
1 7 56 8197 8204 12289 22528 28672 35840 51200 57344 65920 66304 67072 99328 131112 131168 131264 139272 172032 196736 229376
1 7 56 8197 8204 12289 22528 28672 35840 51200 65920 66304 67072 90112 99328 114688 131112 131168 131264 139272 196736 204800
1 7 56 8197 8204 12289 22528 28672 35840 51200 65920 66304 67072 99328 114688 131112 131168 131264 139272 155648 196736 212992
1 7 56 8197 8204 12289 22528 28672 35840 51200 65920 66304 67072 99328 131112 131168 131264 139272 155648 180224 196736 229376
1 7 56 8197 8204 12289 24584 28672 34304 35840 38912 53248 65576 65632 81928 114688 131264 131456 131840 164352 196672 229376
1 7 56 8197 8204 12289 24584 28672 34304 35840 38912 53248 65728 65920 66304 98816 114688 131112 131168 147464 196672 212992
1 7 56 8197 8204 12289 24584 28672 35840 38912 53248 65576 65632 65728 81928 114688 131456 131840 132608 164864 196736 229376
1 7 56 8197 8204 12289 24584 28672 35840 38912 53248 65920 66304 67072 99328 114688 131112 131168 131264 147464 196736 212992
1 7 56 8197 8204 12289 28672 34304 35840 38912 49664 53248 65728 65920 66304 82432 90112 131112 131168 139272 196672 204800
1 7 56 8197 8204 12289 28672 34304 35840 38912 49664 53248 65728 65920 66304 82432 131112 131168 139272 155648 196672 212992
1 7 56 8197 8204 12289 28672 34304 35840 38912 53248 57344 65576 65632 73736 106496 131264 131456 131840 164352 196672 229376
1 7 56 8197 8204 12289 28672 34304 35840 38912 53248 57344 65728 65920 66304 98816 106496 131112 131168 139272 196672 204800
1 7 56 8197 8204 12289 28672 34304 35840 38912 53248 65576 65632 73736 90112 114688 131264 131456 131840 164352 196672 229376
1 7 56 8197 8204 12289 28672 34304 35840 38912 53248 65728 65920 66304 90112 98816 114688 131112 131168 139272 196672 204800
1 7 56 8197 8204 12289 28672 34304 35840 38912 53248 65728 65920 66304 98816 114688 131112 131168 139272 155648 196672 212992
1 7 56 8197 8204 12289 28672 35840 38912 50176 53248 65920 66304 67072 82944 90112 131112 131168 131264 139272 196736 204800
1 7 56 8197 8204 12289 28672 35840 38912 50176 53248 65920 66304 67072 82944 131112 131168 131264 139272 155648 196736 212992
1 7 56 8197 8204 12289 28672 35840 38912 53248 57344 65576 65632 65728 73736 106496 131456 131840 132608 164864 196736 229376
1 7 56 8197 8204 12289 28672 35840 38912 53248 57344 65920 66304 67072 99328 106496 131112 131168 131264 139272 196736 204800
1 7 56 8197 8204 12289 28672 35840 38912 53248 65576 65632 65728 73736 90112 114688 131456 131840 132608 164864 196736 229376
1 7 56 8197 8204 12289 28672 35840 38912 53248 65920 66304 67072 90112 99328 114688 131112 131168 131264 139272 196736 204800
1 7 56 8197 8204 12289 28672 35840 38912 53248 65920 66304 67072 99328 114688 131112 131168 131264 139272 155648 196736 212992
1 7 56 8197 8204 17920 19456 20481 22528 24577 32808 32864 40968 57344 65728 65920 66304 82432 114688 163904 196672 229376
1 7 56 8197 8204 17920 19456 20481 22528 24577 32808 32864 40968 57344 65728 65920 66304 98368 114688 147968 197120 212992
1 7 56 8197 8204 17920 19456 20481 22528 24577 32808 32864 40968 57344 65728 65920 82432 98368 114688 131840 196864 197120
1 7 56 8197 8204 17920 19456 20481 22528 24577 32808 32864 40968 57344 65728 65920 98368 114688 131840 147968 196864 212992
1 7 56 8197 8204 17920 19456 20481 22528 24577 32808 32864 40968 57344 65728 66304 82432 98368 114688 131456 196736 196864
1 7 56 8197 8204 17920 19456 20481 22528 24577 32808 32864 40968 57344 65728 82432 98368 114688 131456 131840 196736 197120
1 7 56 8197 8204 17920 19456 20481 22528 24577 32808 32864 40968 57344 65728 98368 114688 131456 131840 147968 196736 212992
1 7 56 8197 8204 17920 19456 20481 22528 24577 32808 32864 40968 57344 65920 66304 82432 98368 114688 131264 196672 196736
1 7 56 8197 8204 17920 19456 20481 22528 24577 32808 32864 40968 57344 65920 66304 82432 114688 131264 163904 196736 229376
1 7 56 8197 8204 17920 19456 20481 22528 24577 32808 32864 40968 57344 66304 82432 98368 114688 131264 131456 196672 196864
1 7 56 8197 8204 17920 19456 20481 22528 24577 32808 32864 40968 57344 66304 82432 114688 131264 131456 163904 196864 229376
1 7 56 8197 8204 17920 19456 20481 22528 24577 32808 32864 40968 57344 82432 98368 114688 131264 131456 131840 196672 197120
1 7 56 8197 8204 17920 19456 20481 22528 24577 32808 32864 40968 57344 82432 114688 131264 131456 131840 163904 197120 229376
1 7 56 8197 8204 17920 19456 20481 22528 24577 32808 32864 40968 57344 98368 114688 131264 131456 131840 147968 196672 212992
1 7 56 8197 8204 17920 19456 20481 22528 24577 32808 32864 40968 57344 114688 131264 131456 131840 147968 163904 212992 229376
1 7 56 8197 8204 17920 19456 20481 22528 24577 32808 32864 57344 65728 65920 66304 82432 98368 114688 139272 163848 172032
1 7 56 8197 8204 17920 19456 20481 22528 24577 32808 40968 57344 65632 65728 65920 66304 82432 114688 163872 196640 229376
1 7 56 8197 8204 17920 19456 20481 22528 24577 32808 40968 57344 65632 65728 65920 66304 98336 114688 147968 197120 212992
1 7 56 8197 8204 17920 19456 20481 22528 24577 32808 40968 57344 65632 65728 65920 82432 98336 114688 131840 196864 197120
1 7 56 8197 8204 17920 19456 20481 22528 24577 32808 40968 57344 65632 65728 65920 98336 114688 131840 147968 196864 212992
1 7 56 8197 8204 17920 19456 20481 22528 24577 32808 40968 57344 65632 65728 66304 82432 98336 114688 131456 196736 196864
1 7 56 8197 8204 17920 19456 20481 22528 24577 32808 40968 57344 65632 65728 82432 98336 114688 131456 131840 196736 197120
1 7 56 8197 8204 17920 19456 20481 22528 24577 32808 40968 57344 65632 65728 98336 114688 131456 131840 147968 196736 212992
1 7 56 8197 8204 17920 19456 20481 22528 24577 32808 40968 57344 65632 65920 66304 82432 98336 114688 131264 196672 196736
1 7 56 8197 8204 17920 19456 20481 22528 24577 32808 40968 57344 65632 66304 82432 98336 114688 131264 131456 196672 196864
1 7 56 8197 8204 17920 19456 20481 22528 24577 32808 40968 57344 65632 82432 98336 114688 131264 131456 131840 196672 197120
1 7 56 8197 8204 17920 19456 20481 22528 24577 32808 40968 57344 65632 98336 114688 131264 131456 131840 147968 196672 212992
1 7 56 8197 8204 17920 19456 20481 22528 24577 32808 40968 57344 65728 65920 66304 82432 98336 114688 131168 196640 196672
1 7 56 8197 8204 17920 19456 20481 22528 24577 32808 40968 57344 65728 65920 66304 82432 98368 114688 131168 163872 163904
1 7 56 8197 8204 17920 19456 20481 22528 24577 32808 40968 57344 65728 65920 66304 82432 114688 131168 163872 196672 229376
1 7 56 8197 8204 17920 19456 20481 22528 24577 32808 40968 57344 65920 66304 82432 98336 114688 131168 131264 196640 196736
1 7 56 8197 8204 17920 19456 20481 22528 24577 32808 40968 57344 65920 66304 82432 114688 131168 131264 163872 196736 229376
1 7 56 8197 8204 17920 19456 20481 22528 24577 32808 40968 57344 66304 82432 98336 114688 131168 131264 131456 196640 196864
1 7 56 8197 8204 17920 19456 20481 22528 24577 32808 40968 57344 66304 82432 114688 131168 131264 131456 163872 196864 229376
1 7 56 8197 8204 17920 19456 20481 22528 24577 32808 40968 57344 82432 98336 114688 131168 131264 131456 131840 196640 197120
1 7 56 8197 8204 17920 19456 20481 22528 24577 32808 40968 57344 82432 114688 131168 131264 131456 131840 163872 197120 229376
1 7 56 8197 8204 17920 19456 20481 22528 24577 32808 40968 57344 98336 114688 131168 131264 131456 131840 147968 196640 212992
1 7 56 8197 8204 17920 19456 20481 22528 24577 32808 40968 57344 114688 131168 131264 131456 131840 147968 163872 212992 229376
1 7 56 8197 8204 17920 19456 20481 22528 24577 32808 57344 65632 65728 65920 66304 82432 98336 114688 139272 163848 172032
1 7 56 8197 8204 17920 19456 20481 22528 24577 32864 32960 33152 33536 49664 57344 65576 73736 98336 172032 204800 229376
1 7 56 8197 8204 17920 19456 20481 22528 24577 32864 32960 33152 33536 49664 57344 65576 98336 106496 139272 196616 204800
1 7 56 8197 8204 17920 19456 20481 22528 24577 32864 32960 33152 33536 49664 57344 65576 98336 139272 172032 196616 229376
1 7 56 8197 8204 17920 19456 20481 22528 24577 32864 32960 33152 33536 49664 57344 73736 98336 106496 131112 196616 196640
1 7 56 8197 8204 17920 19456 20481 22528 24577 32864 32960 33152 33536 49664 57344 98336 106496 131112 139272 196640 204800
1 7 56 8197 8204 17920 19456 20481 22528 24577 32864 32960 33152 33536 49664 57344 98336 131112 139272 172032 196640 229376
1 7 56 8197 8204 17920 19456 20481 22528 24577 32864 32960 33152 33536 57344 82432 98816 114688 131112 139272 163872 172032
1 7 56 8197 8204 17920 19456 20481 22528 24577 32864 32960 33152 49664 57344 66304 98560 98816 131112 139272 163872 172032
1 7 56 8197 8204 17920 19456 20481 22528 24577 32864 32960 33152 57344 66304 82432 98560 114688 131112 139272 163872 172032
1 7 56 8197 8204 17920 19456 20481 22528 24577 32864 32960 33536 49664 57344 65920 98432 98560 131112 139272 163872 172032
1 7 56 8197 8204 17920 19456 20481 22528 24577 32864 32960 49664 57344 65920 66304 98432 98816 131112 139272 163872 172032
1 7 56 8197 8204 17920 19456 20481 22528 24577 32864 32960 57344 65920 66304 82432 98432 114688 131112 139272 163872 172032
1 7 56 8197 8204 17920 19456 20481 22528 24577 32864 33152 33536 49664 57344 65728 98368 98432 131112 139272 163872 172032
1 7 56 8197 8204 17920 19456 20481 22528 24577 32864 33536 49664 57344 65728 65920 98368 98560 131112 139272 163872 172032
1 7 56 8197 8204 17920 19456 20481 22528 24577 32864 40968 57344 65728 65920 66304 82432 98368 114688 131112 163848 163872
1 7 56 8197 8204 17920 19456 20481 22528 24577 32864 49664 57344 65728 65920 66304 98368 98816 131112 139272 163872 172032
1 7 56 8197 8204 17920 19456 20481 22528 24577 32864 57344 65728 65920 66304 82432 98368 114688 131112 139272 163872 172032
1 7 56 8197 8204 17920 19456 20481 22528 24577 32960 33152 33536 49664 57344 65576 65632 73736 98368 172032 204800 229376
1 7 56 8197 8204 17920 19456 20481 22528 24577 32960 33152 33536 49664 57344 65576 65632 98368 106496 139272 196616 204800
1 7 56 8197 8204 17920 19456 20481 22528 24577 32960 33152 33536 49664 57344 65576 65632 98368 139272 172032 196616 229376
1 7 56 8197 8204 17920 19456 20481 22528 24577 32960 33152 33536 49664 57344 65576 73736 98368 106496 131168 196640 196672
1 7 56 8197 8204 17920 19456 20481 22528 24577 32960 33152 33536 49664 57344 65632 73736 98368 106496 131112 196616 196640
1 7 56 8197 8204 17920 19456 20481 22528 24577 32960 33152 33536 49664 57344 65632 98336 98368 131112 139272 163872 172032
1 7 56 8197 8204 17920 19456 20481 22528 24577 32960 33152 33536 49664 57344 65632 98368 106496 131112 139272 196640 204800
1 7 56 8197 8204 17920 19456 20481 22528 24577 32960 33152 33536 49664 57344 65632 98368 131112 139272 172032 196640 229376
1 7 56 8197 8204 17920 19456 20481 22528 24577 32960 33152 33536 49664 57344 73736 98368 106496 131112 131168 196616 196672
1 7 56 8197 8204 17920 19456 20481 22528 24577 32960 33152 33536 49664 57344 98368 106496 131112 131168 139272 196672 204800
1 7 56 8197 8204 17920 19456 20481 22528 24577 32960 33152 33536 49664 57344 98368 131112 131168 139272 172032 196672 229376
1 7 56 8197 8204 17920 19456 20481 22528 24577 32960 33152 33536 57344 82432 98816 114688 131112 131168 139272 163904 172032
1 7 56 8197 8204 17920 19456 20481 22528 24577 32960 33152 49664 57344 66304 98560 98816 131112 131168 139272 163904 172032
1 7 56 8197 8204 17920 19456 20481 22528 24577 32960 33152 57344 66304 82432 98560 114688 131112 131168 139272 163904 172032
1 7 56 8197 8204 17920 19456 20481 22528 24577 32960 33536 49664 57344 65920 98432 98560 131112 131168 139272 163904 172032
1 7 56 8197 8204 17920 19456 20481 22528 24577 32960 49664 57344 65920 66304 98432 98816 131112 131168 139272 163904 172032
1 7 56 8197 8204 17920 19456 20481 22528 24577 32960 57344 65920 66304 82432 98432 114688 131112 131168 139272 163904 172032
1 7 56 8197 8204 17920 19456 20481 22528 24577 33152 33536 49664 57344 65632 65728 98336 98432 131112 139272 163872 172032
1 7 56 8197 8204 17920 19456 20481 22528 24577 33152 33536 49664 57344 65632 65728 98432 106496 131112 139272 196640 204800
1 7 56 8197 8204 17920 19456 20481 22528 24577 33152 33536 49664 57344 65632 65728 98432 131112 139272 172032 196640 229376
1 7 56 8197 8204 17920 19456 20481 22528 24577 33152 33536 49664 57344 65728 98368 98432 131112 131168 139272 163904 172032
1 7 56 8197 8204 17920 19456 20481 22528 24577 33152 33536 49664 57344 65728 98432 106496 131112 131168 139272 196672 204800
1 7 56 8197 8204 17920 19456 20481 22528 24577 33152 33536 49664 57344 65728 98432 131112 131168 139272 172032 196672 229376
1 7 56 8197 8204 17920 19456 20481 22528 24577 33536 49664 57344 65632 65728 65920 98336 98560 131112 139272 163872 172032
1 7 56 8197 8204 17920 19456 20481 22528 24577 33536 49664 57344 65632 65728 65920 98560 106496 131112 139272 196640 204800
1 7 56 8197 8204 17920 19456 20481 22528 24577 33536 49664 57344 65632 65728 65920 98560 131112 139272 172032 196640 229376
1 7 56 8197 8204 17920 19456 20481 22528 24577 33536 49664 57344 65728 65920 98368 98560 131112 131168 139272 163904 172032
1 7 56 8197 8204 17920 19456 20481 22528 24577 33536 49664 57344 65728 65920 98560 106496 131112 131168 139272 196672 204800
1 7 56 8197 8204 17920 19456 20481 22528 24577 33536 49664 57344 65728 65920 98560 131112 131168 139272 172032 196672 229376
1 7 56 8197 8204 17920 19456 20481 22528 24577 40968 57344 65576 65632 98312 114688 131264 131456 131840 147968 196672 212992
1 7 56 8197 8204 17920 19456 20481 22528 24577 40968 57344 65576 98312 114688 131168 131264 131456 131840 147968 196640 212992
1 7 56 8197 8204 17920 19456 20481 22528 24577 40968 57344 65632 65728 65920 66304 82432 98336 114688 131112 163848 163872
1 7 56 8197 8204 17920 19456 20481 22528 24577 40968 57344 65632 65728 65920 66304 82432 114688 131112 163848 196640 229376
1 7 56 8197 8204 17920 19456 20481 22528 24577 40968 57344 65728 65920 66304 82432 98368 114688 131112 131168 163848 163904
1 7 56 8197 8204 17920 19456 20481 22528 24577 40968 57344 65728 65920 66304 82432 114688 131112 131168 163848 196672 229376
1 7 56 8197 8204 17920 19456 20481 22528 24577 49664 57344 65632 65728 65920 66304 98336 98816 131112 139272 163872 172032
1 7 56 8197 8204 17920 19456 20481 22528 24577 49664 57344 65632 65728 65920 66304 98816 106496 131112 139272 196640 204800
1 7 56 8197 8204 17920 19456 20481 22528 24577 49664 57344 65632 65728 65920 66304 98816 131112 139272 172032 196640 229376
1 7 56 8197 8204 17920 19456 20481 22528 24577 49664 57344 65728 65920 66304 98368 98816 131112 131168 139272 163904 172032
1 7 56 8197 8204 17920 19456 20481 22528 24577 49664 57344 65728 65920 66304 98816 106496 131112 131168 139272 196672 204800
1 7 56 8197 8204 17920 19456 20481 22528 24577 49664 57344 65728 65920 66304 98816 131112 131168 139272 172032 196672 229376
1 7 56 8197 8204 17920 19456 20481 22528 24577 57344 65576 65632 73736 106496 114688 131264 131456 131840 147968 196672 212992
1 7 56 8197 8204 17920 19456 20481 22528 24577 57344 65576 73736 106496 114688 131168 131264 131456 131840 147968 196640 212992
1 7 56 8197 8204 17920 19456 20481 22528 24577 57344 65632 65728 65920 66304 82432 98336 114688 131112 139272 163872 172032
1 7 56 8197 8204 17920 19456 20481 22528 24577 57344 65632 65728 65920 66304 82432 106496 114688 131112 139272 196640 204800
1 7 56 8197 8204 17920 19456 20481 22528 24577 57344 65632 65728 65920 66304 82432 114688 131112 139272 172032 196640 229376
1 7 56 8197 8204 17920 19456 20481 22528 24577 57344 65728 65920 66304 82432 98368 114688 131112 131168 139272 163904 172032
1 7 56 8197 8204 17920 19456 20481 22528 24577 57344 65728 65920 66304 82432 106496 114688 131112 131168 139272 196672 204800
1 7 56 8197 8204 17920 19456 20481 22528 24577 57344 65728 65920 66304 82432 114688 131112 131168 139272 172032 196672 229376
1 7 56 8197 8204 17920 19456 20481 24577 32808 32864 40968 57344 65728 65920 66304 82432 98368 114688 137216 149504 151552
1 7 56 8197 8204 17920 19456 20481 24577 32808 40968 57344 65632 65728 65920 66304 82432 98336 114688 137216 149504 151552
1 7 56 8197 8204 17920 19456 20481 24577 32864 32960 33152 33536 49664 57344 65576 73736 98336 106496 137216 149504 151552
1 7 56 8197 8204 17920 19456 20481 24577 32960 33152 33536 49664 57344 65576 65632 73736 98368 106496 137216 149504 151552
1 7 56 8197 8204 17920 19456 22528 24577 32808 32864 40968 57344 65728 65920 66304 82432 98368 114688 135169 147457 151552
1 7 56 8197 8204 17920 19456 22528 24577 32808 40968 57344 65632 65728 65920 66304 82432 98336 114688 135169 147457 151552
1 7 56 8197 8204 17920 19456 22528 24577 32864 32960 33152 33536 49664 57344 65576 73736 98336 106496 135169 147457 151552
1 7 56 8197 8204 17920 19456 22528 24577 32960 33152 33536 49664 57344 65576 65632 73736 98368 106496 135169 147457 151552
1 7 56 8197 8204 17920 19456 24577 32808 32864 40968 57344 65728 65920 66304 82432 98368 114688 135169 137216 147457 149504
1 7 56 8197 8204 17920 19456 24577 32808 40968 57344 65632 65728 65920 66304 82432 98336 114688 135169 137216 147457 149504
1 7 56 8197 8204 17920 19456 24577 32864 32960 33152 33536 49664 57344 65576 73736 98336 106496 135169 137216 147457 149504
1 7 56 8197 8204 17920 19456 24577 32960 33152 33536 49664 57344 65576 65632 73736 98368 106496 135169 137216 147457 149504
1 7 56 8197 8204 17920 20481 22528 24577 32808 32864 40968 57344 65728 65920 66304 82432 98368 114688 134144 148480 149504
1 7 56 8197 8204 17920 20481 22528 24577 32808 40968 57344 65632 65728 65920 66304 82432 98336 114688 134144 148480 149504
1 7 56 8197 8204 17920 20481 22528 24577 32864 32960 33152 33536 49664 57344 65576 73736 98336 106496 134144 148480 149504
1 7 56 8197 8204 17920 20481 22528 24577 32960 33152 33536 49664 57344 65576 65632 73736 98368 106496 134144 148480 149504
1 7 56 8197 8204 17920 20481 24577 32808 32864 40968 57344 65728 65920 66304 82432 98368 114688 134144 137216 148480 151552
1 7 56 8197 8204 17920 20481 24577 32808 40968 57344 65632 65728 65920 66304 82432 98336 114688 134144 137216 148480 151552
1 7 56 8197 8204 17920 20481 24577 32864 32960 33152 33536 49664 57344 65576 73736 98336 106496 134144 137216 148480 151552
1 7 56 8197 8204 17920 20481 24577 32960 33152 33536 49664 57344 65576 65632 73736 98368 106496 134144 137216 148480 151552
1 7 56 8197 8204 17920 24577 32808 32864 40968 57344 65728 65920 66304 82432 98368 114688 134144 135169 137216 147457 148480
1 7 56 8197 8204 17920 24577 32808 40968 57344 65632 65728 65920 66304 82432 98336 114688 134144 135169 137216 147457 148480
1 7 56 8197 8204 17920 24577 32864 32960 33152 33536 49664 57344 65576 73736 98336 106496 134144 135169 137216 147457 148480
1 7 56 8197 8204 17920 24577 32960 33152 33536 49664 57344 65576 65632 73736 98368 106496 134144 135169 137216 147457 148480
1 7 56 8197 8204 19456 20481 22528 24577 32808 32864 32960 40968 57344 65920 66304 67072 82944 114688 163968 196736 229376
1 7 56 8197 8204 19456 20481 22528 24577 32808 32864 32960 40968 57344 65920 66304 67072 98432 114688 148480 197632 212992
1 7 56 8197 8204 19456 20481 22528 24577 32808 32864 32960 40968 57344 65920 66304 82944 98432 114688 132608 197120 197632
1 7 56 8197 8204 19456 20481 22528 24577 32808 32864 32960 40968 57344 65920 66304 98432 114688 132608 148480 197120 212992
1 7 56 8197 8204 19456 20481 22528 24577 32808 32864 32960 40968 57344 65920 67072 82944 98432 114688 131840 196864 197120
1 7 56 8197 8204 19456 20481 22528 24577 32808 32864 32960 40968 57344 65920 82944 98432 114688 131840 132608 196864 197632
1 7 56 8197 8204 19456 20481 22528 24577 32808 32864 32960 40968 57344 65920 98432 114688 131840 132608 148480 196864 212992
1 7 56 8197 8204 19456 20481 22528 24577 32808 32864 32960 40968 57344 66304 67072 82944 98432 114688 131456 196736 196864
1 7 56 8197 8204 19456 20481 22528 24577 32808 32864 32960 40968 57344 66304 67072 82944 114688 131456 163968 196864 229376
1 7 56 8197 8204 19456 20481 22528 24577 32808 32864 32960 40968 57344 67072 82944 98432 114688 131456 131840 196736 197120
1 7 56 8197 8204 19456 20481 22528 24577 32808 32864 32960 40968 57344 67072 82944 114688 131456 131840 163968 197120 229376
1 7 56 8197 8204 19456 20481 22528 24577 32808 32864 32960 40968 57344 82944 98432 114688 131456 131840 132608 196736 197632
1 7 56 8197 8204 19456 20481 22528 24577 32808 32864 32960 40968 57344 82944 114688 131456 131840 132608 163968 197632 229376
1 7 56 8197 8204 19456 20481 22528 24577 32808 32864 32960 40968 57344 98432 114688 131456 131840 132608 148480 196736 212992
1 7 56 8197 8204 19456 20481 22528 24577 32808 32864 32960 40968 57344 114688 131456 131840 132608 148480 163968 212992 229376
1 7 56 8197 8204 19456 20481 22528 24577 32808 32864 32960 57344 65920 66304 67072 82944 98432 114688 139272 163848 172032
1 7 56 8197 8204 19456 20481 22528 24577 32808 32864 40968 57344 65728 65920 66304 82432 98368 114688 132608 147968 148480
1 7 56 8197 8204 19456 20481 22528 24577 32808 32864 40968 57344 65728 65920 66304 98368 114688 132608 148480 197120 212992
1 7 56 8197 8204 19456 20481 22528 24577 32808 32864 40968 57344 65728 65920 98368 114688 131840 132608 148480 196864 212992
1 7 56 8197 8204 19456 20481 22528 24577 32808 32864 40968 57344 65728 98368 114688 131456 131840 132608 148480 196736 212992
1 7 56 8197 8204 19456 20481 22528 24577 32808 32864 40968 57344 65920 66304 67072 82944 98432 114688 131264 163904 163968
1 7 56 8197 8204 19456 20481 22528 24577 32808 32864 40968 57344 65920 66304 67072 82944 114688 131264 163904 196736 229376
1 7 56 8197 8204 19456 20481 22528 24577 32808 32864 40968 57344 66304 67072 82944 114688 131264 131456 163904 196864 229376
1 7 56 8197 8204 19456 20481 22528 24577 32808 32864 40968 57344 67072 82944 114688 131264 131456 131840 163904 197120 229376
1 7 56 8197 8204 19456 20481 22528 24577 32808 32928 40968 57344 65920 66304 67072 82944 98432 114688 131168 131232 131264
1 7 56 8197 8204 19456 20481 22528 24577 32808 32960 40968 57344 65920 66304 67072 82944 98432 114688 131168 163872 163904
1 7 56 8197 8204 19456 20481 22528 24577 32808 40968 57344 65632 65728 65920 66304 82432 98336 114688 132608 147968 148480
1 7 56 8197 8204 19456 20481 22528 24577 32808 40968 57344 65632 65728 65920 66304 98336 114688 132608 148480 197120 212992
1 7 56 8197 8204 19456 20481 22528 24577 32808 40968 57344 65632 65728 65920 98336 114688 131840 132608 148480 196864 212992
1 7 56 8197 8204 19456 20481 22528 24577 32808 40968 57344 65632 65728 98336 114688 131456 131840 132608 148480 196736 212992
1 7 56 8197 8204 19456 20481 22528 24577 32808 40968 57344 65920 66304 67072 82944 98432 114688 131168 131264 163872 163968
1 7 56 8197 8204 19456 20481 22528 24577 32808 40968 57344 65920 66304 67072 82944 114688 131168 131264 163872 196736 229376
1 7 56 8197 8204 19456 20481 22528 24577 32808 40968 57344 66304 67072 82944 114688 131168 131264 131456 163872 196864 229376
1 7 56 8197 8204 19456 20481 22528 24577 32808 40968 57344 67072 82944 114688 131168 131264 131456 131840 163872 197120 229376
1 7 56 8197 8204 19456 20481 22528 24577 32864 32960 33152 33536 49664 57344 65576 73736 98336 106496 132608 147968 148480
1 7 56 8197 8204 19456 20481 22528 24577 32864 32960 33152 33536 57344 67072 82944 98816 114688 131112 139272 163872 172032
1 7 56 8197 8204 19456 20481 22528 24577 32864 32960 33152 57344 66304 67072 82944 98560 114688 131112 139272 163872 172032
1 7 56 8197 8204 19456 20481 22528 24577 32864 32960 40968 57344 65920 66304 67072 82944 98432 114688 131112 163848 163872
1 7 56 8197 8204 19456 20481 22528 24577 32864 32960 57344 65920 66304 67072 82944 98432 114688 131112 139272 163872 172032
1 7 56 8197 8204 19456 20481 22528 24577 32960 33152 33536 49664 57344 65576 65632 73736 98368 106496 132608 147968 148480
1 7 56 8197 8204 19456 20481 22528 24577 32960 33152 33536 57344 67072 82944 98816 114688 131112 131168 139272 163904 172032
1 7 56 8197 8204 19456 20481 22528 24577 32960 33152 57344 66304 67072 82944 98560 114688 131112 131168 139272 163904 172032
1 7 56 8197 8204 19456 20481 22528 24577 32960 40968 57344 65920 66304 67072 82944 98432 114688 131112 131168 163848 163904
1 7 56 8197 8204 19456 20481 22528 24577 32960 57344 65920 66304 67072 82944 98432 114688 131112 131168 139272 163904 172032
1 7 56 8197 8204 19456 20481 22528 24577 33152 33536 34304 50176 57344 65576 65632 65728 73736 98432 172032 204800 229376
1 7 56 8197 8204 19456 20481 22528 24577 33152 33536 34304 50176 57344 65576 65632 65728 98432 106496 139272 196616 204800
1 7 56 8197 8204 19456 20481 22528 24577 33152 33536 34304 50176 57344 65576 65632 65728 98432 139272 172032 196616 229376
1 7 56 8197 8204 19456 20481 22528 24577 33152 33536 34304 50176 57344 65576 65632 73736 98432 106496 131264 196672 196736
1 7 56 8197 8204 19456 20481 22528 24577 33152 33536 34304 50176 57344 65576 65696 73736 98432 106496 131168 131232 131264
1 7 56 8197 8204 19456 20481 22528 24577 33152 33536 34304 50176 57344 65576 65728 73736 98432 106496 131168 196640 196672
1 7 56 8197 8204 19456 20481 22528 24577 33152 33536 34304 50176 57344 65576 73736 98432 106496 131168 131264 196640 196736
1 7 56 8197 8204 19456 20481 22528 24577 33152 33536 34304 50176 57344 65632 65728 73736 98432 106496 131112 196616 196640
1 7 56 8197 8204 19456 20481 22528 24577 33152 33536 34304 50176 57344 65632 65728 98432 106496 131112 139272 196640 204800
1 7 56 8197 8204 19456 20481 22528 24577 33152 33536 34304 50176 57344 65632 65728 98432 131112 139272 172032 196640 229376
1 7 56 8197 8204 19456 20481 22528 24577 33152 33536 34304 50176 57344 65728 73736 98432 106496 131112 131168 196616 196672
1 7 56 8197 8204 19456 20481 22528 24577 33152 33536 34304 50176 57344 65728 98432 106496 131112 131168 139272 196672 204800
1 7 56 8197 8204 19456 20481 22528 24577 33152 33536 34304 50176 57344 65728 98432 131112 131168 139272 172032 196672 229376
1 7 56 8197 8204 19456 20481 22528 24577 33152 33536 34304 50176 57344 73736 98432 106496 131112 131168 131264 196616 196736
1 7 56 8197 8204 19456 20481 22528 24577 33152 33536 34304 50176 57344 98432 106496 131112 131168 131264 139272 196736 204800
1 7 56 8197 8204 19456 20481 22528 24577 33152 33536 34304 50176 57344 98432 131112 131168 131264 139272 172032 196736 229376
1 7 56 8197 8204 19456 20481 22528 24577 33152 33536 34304 57344 82944 99328 114688 131112 131168 131264 139272 163968 172032
1 7 56 8197 8204 19456 20481 22528 24577 33152 33536 50176 57344 67072 98816 99328 131112 131168 131264 139272 163968 172032
1 7 56 8197 8204 19456 20481 22528 24577 33152 33536 57344 67072 82944 98816 114688 131112 131168 131264 139272 163968 172032
1 7 56 8197 8204 19456 20481 22528 24577 33152 34304 50176 57344 66304 98560 98816 131112 131168 131264 139272 163968 172032
1 7 56 8197 8204 19456 20481 22528 24577 33152 50176 57344 66304 67072 98560 99328 131112 131168 131264 139272 163968 172032
1 7 56 8197 8204 19456 20481 22528 24577 33152 57344 66304 67072 82944 98560 114688 131112 131168 131264 139272 163968 172032
1 7 56 8197 8204 19456 20481 22528 24577 33536 34304 50176 57344 65632 65728 65920 98560 106496 131112 139272 196640 204800
1 7 56 8197 8204 19456 20481 22528 24577 33536 34304 50176 57344 65632 65728 65920 98560 131112 139272 172032 196640 229376
1 7 56 8197 8204 19456 20481 22528 24577 33536 34304 50176 57344 65728 65920 98560 106496 131112 131168 139272 196672 204800
1 7 56 8197 8204 19456 20481 22528 24577 33536 34304 50176 57344 65728 65920 98560 131112 131168 139272 172032 196672 229376
1 7 56 8197 8204 19456 20481 22528 24577 33536 34304 50176 57344 65920 98432 98560 131112 131168 131264 139272 163968 172032
1 7 56 8197 8204 19456 20481 22528 24577 33536 34304 50176 57344 65920 98560 106496 131112 131168 131264 139272 196736 204800
1 7 56 8197 8204 19456 20481 22528 24577 33536 34304 50176 57344 65920 98560 131112 131168 131264 139272 172032 196736 229376
1 7 56 8197 8204 19456 20481 22528 24577 34304 50176 57344 65632 65728 65920 66304 98816 106496 131112 139272 196640 204800
1 7 56 8197 8204 19456 20481 22528 24577 34304 50176 57344 65632 65728 65920 66304 98816 131112 139272 172032 196640 229376
1 7 56 8197 8204 19456 20481 22528 24577 34304 50176 57344 65728 65920 66304 98816 106496 131112 131168 139272 196672 204800
1 7 56 8197 8204 19456 20481 22528 24577 34304 50176 57344 65728 65920 66304 98816 131112 131168 139272 172032 196672 229376
1 7 56 8197 8204 19456 20481 22528 24577 34304 50176 57344 65920 66304 98432 98816 131112 131168 131264 139272 163968 172032
1 7 56 8197 8204 19456 20481 22528 24577 34304 50176 57344 65920 66304 98816 106496 131112 131168 131264 139272 196736 204800
1 7 56 8197 8204 19456 20481 22528 24577 34304 50176 57344 65920 66304 98816 131112 131168 131264 139272 172032 196736 229376
1 7 56 8197 8204 19456 20481 22528 24577 40968 57344 65576 65632 65728 98312 114688 131456 131840 132608 148480 196736 212992
1 7 56 8197 8204 19456 20481 22528 24577 40968 57344 65920 66304 67072 82944 98432 114688 131112 131168 131264 163848 163968
1 7 56 8197 8204 19456 20481 22528 24577 40968 57344 65920 66304 67072 82944 114688 131112 131168 131264 163848 196736 229376
1 7 56 8197 8204 19456 20481 22528 24577 50176 57344 65920 66304 67072 98432 99328 131112 131168 131264 139272 163968 172032
1 7 56 8197 8204 19456 20481 22528 24577 50176 57344 65920 66304 67072 99328 106496 131112 131168 131264 139272 196736 204800
1 7 56 8197 8204 19456 20481 22528 24577 50176 57344 65920 66304 67072 99328 131112 131168 131264 139272 172032 196736 229376
1 7 56 8197 8204 19456 20481 22528 24577 57344 65576 65632 65728 73736 106496 114688 131456 131840 132608 148480 196736 212992
1 7 56 8197 8204 19456 20481 22528 24577 57344 65920 66304 67072 82944 98432 114688 131112 131168 131264 139272 163968 172032
1 7 56 8197 8204 19456 20481 22528 24577 57344 65920 66304 67072 82944 106496 114688 131112 131168 131264 139272 196736 204800
1 7 56 8197 8204 19456 20481 22528 24577 57344 65920 66304 67072 82944 114688 131112 131168 131264 139272 172032 196736 229376
1 7 56 8197 8204 19456 20481 24577 32808 32864 32960 40968 57344 65920 66304 67072 82944 98432 114688 137216 149504 151552
1 7 56 8197 8204 19456 20481 24577 33152 33536 34304 50176 57344 65576 65632 65728 73736 98432 106496 137216 149504 151552
1 7 56 8197 8204 19456 22528 24577 32808 32864 32960 40968 57344 65920 66304 67072 82944 98432 114688 135169 147457 151552
1 7 56 8197 8204 19456 22528 24577 33152 33536 34304 50176 57344 65576 65632 65728 73736 98432 106496 135169 147457 151552
1 7 56 8197 8204 19456 24577 32808 32864 32960 40968 57344 65920 66304 67072 82944 98432 114688 135169 137216 147457 149504
1 7 56 8197 8204 19456 24577 33152 33536 34304 50176 57344 65576 65632 65728 73736 98432 106496 135169 137216 147457 149504
1 7 56 8197 8204 20481 22528 24577 32808 32864 32960 40968 57344 65920 66304 67072 82944 98432 114688 134144 148480 149504
1 7 56 8197 8204 20481 22528 24577 32808 32864 32960 40968 57344 65920 66304 67072 98432 114688 134144 149504 197632 212992
1 7 56 8197 8204 20481 22528 24577 32808 32864 32960 40968 57344 65920 66304 98432 114688 132608 134144 149504 197120 212992
1 7 56 8197 8204 20481 22528 24577 32808 32864 32960 40968 57344 67072 68608 83968 114688 131456 131840 163968 197120 229376
1 7 56 8197 8204 20481 22528 24577 32808 32864 32960 40968 57344 68608 83968 114688 131456 131840 132608 163968 197632 229376
1 7 56 8197 8204 20481 22528 24577 32808 32864 40968 57344 65728 65920 66304 82432 98368 114688 132608 134144 147968 149504
1 7 56 8197 8204 20481 22528 24577 32808 32864 40968 57344 65728 65920 66304 98368 114688 132608 134144 149504 197120 212992
1 7 56 8197 8204 20481 22528 24577 32808 32864 40968 57344 65728 65920 98368 114688 131840 132608 134144 149504 196864 212992
1 7 56 8197 8204 20481 22528 24577 32808 32864 40968 57344 66304 67072 68608 83968 114688 131264 131456 163904 196864 229376
1 7 56 8197 8204 20481 22528 24577 32808 32864 40968 57344 67072 68608 83968 114688 131264 131456 131840 163904 197120 229376
1 7 56 8197 8204 20481 22528 24577 32808 40968 57344 65632 65728 65920 66304 82432 98336 114688 132608 134144 147968 149504
1 7 56 8197 8204 20481 22528 24577 32808 40968 57344 65632 65728 65920 66304 98336 114688 132608 134144 149504 197120 212992
1 7 56 8197 8204 20481 22528 24577 32808 40968 57344 65632 65728 65920 98336 114688 131840 132608 134144 149504 196864 212992
1 7 56 8197 8204 20481 22528 24577 32808 40968 57344 66304 67072 68608 83968 114688 131168 131264 131456 163872 196864 229376
1 7 56 8197 8204 20481 22528 24577 32808 40968 57344 67072 68608 83968 114688 131168 131264 131456 131840 163872 197120 229376
1 7 56 8197 8204 20481 22528 24577 32864 32960 33152 33536 49664 57344 65576 73736 98336 106496 132608 134144 147968 149504
1 7 56 8197 8204 20481 22528 24577 32864 32960 33152 33536 57344 67072 68608 83968 98816 114688 131112 139272 163872 172032
1 7 56 8197 8204 20481 22528 24577 32864 32960 33152 57344 66304 67072 68608 83968 98560 114688 131112 139272 163872 172032
1 7 56 8197 8204 20481 22528 24577 32960 33152 33536 49664 57344 65576 65632 73736 98368 106496 132608 134144 147968 149504
1 7 56 8197 8204 20481 22528 24577 32960 33152 33536 57344 67072 68608 83968 98816 114688 131112 131168 139272 163904 172032
1 7 56 8197 8204 20481 22528 24577 32960 33152 57344 66304 67072 68608 83968 98560 114688 131112 131168 139272 163904 172032
1 7 56 8197 8204 20481 22528 24577 33152 33536 34304 50176 57344 65576 65632 65728 73736 98432 106496 134144 148480 149504
1 7 56 8197 8204 20481 22528 24577 33152 33536 34304 57344 68608 83968 99328 114688 131112 131168 131264 139272 163968 172032
1 7 56 8197 8204 20481 22528 24577 33152 33536 57344 67072 68608 83968 98816 114688 131112 131168 131264 139272 163968 172032
1 7 56 8197 8204 20481 22528 24577 33536 34304 35840 51200 57344 65632 65728 65920 98560 106496 131112 139272 196640 204800
1 7 56 8197 8204 20481 22528 24577 33536 34304 35840 51200 57344 65632 65728 65920 98560 131112 139272 172032 196640 229376
1 7 56 8197 8204 20481 22528 24577 33536 34304 35840 51200 57344 65728 65920 98560 106496 131112 131168 139272 196672 204800
1 7 56 8197 8204 20481 22528 24577 33536 34304 35840 51200 57344 65728 65920 98560 131112 131168 139272 172032 196672 229376
1 7 56 8197 8204 20481 22528 24577 34304 35840 51200 57344 65632 65728 65920 66304 98816 106496 131112 139272 196640 204800
1 7 56 8197 8204 20481 22528 24577 34304 35840 51200 57344 65632 65728 65920 66304 98816 131112 139272 172032 196640 229376
1 7 56 8197 8204 20481 22528 24577 34304 35840 51200 57344 65728 65920 66304 98816 106496 131112 131168 139272 196672 204800
1 7 56 8197 8204 20481 22528 24577 34304 35840 51200 57344 65728 65920 66304 98816 131112 131168 139272 172032 196672 229376
1 7 56 8197 8204 20481 22528 24577 34304 35840 51200 57344 65920 66304 98816 106496 131112 131168 131264 139272 196736 204800
1 7 56 8197 8204 20481 22528 24577 34304 35840 51200 57344 65920 66304 98816 131112 131168 131264 139272 172032 196736 229376
1 7 56 8197 8204 20481 22528 24577 35840 51200 57344 65920 66304 67072 99328 106496 131112 131168 131264 139272 196736 204800
1 7 56 8197 8204 20481 22528 24577 35840 51200 57344 65920 66304 67072 99328 131112 131168 131264 139272 172032 196736 229376
1 7 56 8197 8204 20481 24577 24584 32808 32864 32960 49160 65920 66304 67072 98432 114688 134144 137216 151552 197632 212992
1 7 56 8197 8204 20481 24577 24584 32808 32864 32960 49160 65920 66304 67072 98432 134144 137216 151552 180224 197632 229376
1 7 56 8197 8204 20481 24577 24584 32808 32864 49160 65728 65920 66304 98368 114688 132608 134144 137216 151552 197120 212992
1 7 56 8197 8204 20481 24577 24584 32808 32864 49160 65728 65920 66304 98368 132608 134144 137216 151552 180224 197120 229376
1 7 56 8197 8204 20481 24577 28672 34304 35840 38912 45056 65576 65632 73736 106496 131264 131456 131840 164352 196672 229376
1 7 56 8197 8204 20481 24577 28672 34304 35840 38912 45056 65728 65920 66304 98816 106496 131112 131168 139272 196672 204800
1 7 56 8197 8204 20481 24577 28672 35840 38912 45056 65576 65632 65728 73736 106496 131456 131840 132608 164864 196736 229376
1 7 56 8197 8204 20481 24577 28672 35840 38912 45056 65920 66304 67072 99328 106496 131112 131168 131264 139272 196736 204800
1 7 56 8197 8204 20481 24577 32808 32864 32960 40968 57344 65920 66304 67072 82944 98432 114688 134144 137216 148480 151552
1 7 56 8197 8204 20481 24577 32808 32864 32960 40968 57344 65920 66304 67072 98432 114688 134144 137216 151552 197632 212992
1 7 56 8197 8204 20481 24577 32808 32864 32960 40968 57344 68608 71680 86016 114688 131456 131840 132608 163968 197632 229376
1 7 56 8197 8204 20481 24577 32808 32864 40968 57344 65728 65920 66304 82432 98368 114688 132608 134144 137216 147968 151552
1 7 56 8197 8204 20481 24577 32808 32864 40968 57344 65728 65920 66304 98368 114688 132608 134144 137216 151552 197120 212992
1 7 56 8197 8204 20481 24577 32808 32864 40968 57344 67072 68608 71680 86016 114688 131264 131456 131840 163904 197120 229376
1 7 56 8197 8204 20481 24577 32808 40968 57344 65632 65728 65920 66304 82432 98336 114688 132608 134144 137216 147968 151552
1 7 56 8197 8204 20481 24577 32808 40968 57344 65632 65728 65920 66304 98336 114688 132608 134144 137216 151552 197120 212992
1 7 56 8197 8204 20481 24577 32808 40968 57344 67072 68608 71680 86016 114688 131168 131264 131456 131840 163872 197120 229376
1 7 56 8197 8204 20481 24577 32864 32960 33152 33536 49664 57344 65576 73736 98336 106496 132608 134144 137216 147968 151552
1 7 56 8197 8204 20481 24577 32864 32960 33152 33536 57344 67072 68608 71680 86016 98816 114688 131112 139272 163872 172032
1 7 56 8197 8204 20481 24577 32960 33152 33536 49664 57344 65576 65632 73736 98368 106496 132608 134144 137216 147968 151552
1 7 56 8197 8204 20481 24577 32960 33152 33536 57344 67072 68608 71680 86016 98816 114688 131112 131168 139272 163904 172032
1 7 56 8197 8204 20481 24577 33152 33536 34304 50176 57344 65576 65632 65728 73736 98432 106496 134144 137216 148480 151552
1 7 56 8197 8204 20481 24577 33152 33536 34304 57344 68608 71680 86016 99328 114688 131112 131168 131264 139272 163968 172032
1 7 56 8197 8204 20481 24577 34304 35840 38912 53248 57344 65632 65728 65920 66304 98816 106496 131112 139272 196640 204800
1 7 56 8197 8204 20481 24577 34304 35840 38912 53248 57344 65632 65728 65920 66304 98816 131112 139272 172032 196640 229376
1 7 56 8197 8204 20481 24577 34304 35840 38912 53248 57344 65728 65920 66304 98816 106496 131112 131168 139272 196672 204800
1 7 56 8197 8204 20481 24577 34304 35840 38912 53248 57344 65728 65920 66304 98816 131112 131168 139272 172032 196672 229376
1 7 56 8197 8204 20481 24577 35840 38912 53248 57344 65920 66304 67072 99328 106496 131112 131168 131264 139272 196736 204800
1 7 56 8197 8204 20481 24577 35840 38912 53248 57344 65920 66304 67072 99328 131112 131168 131264 139272 172032 196736 229376
1 7 56 8197 8204 24577 24584 32808 32864 32960 49160 65920 66304 67072 98432 114688 134144 135169 137216 147457 197632 212992
1 7 56 8197 8204 24577 24584 32808 32864 32960 49160 65920 66304 67072 98432 134144 135169 137216 147457 180224 197632 229376
1 7 56 8197 8204 24577 24584 32808 32864 49160 65728 65920 66304 98368 114688 132608 134144 135169 137216 147457 197120 212992
1 7 56 8197 8204 24577 24584 32808 32864 49160 65728 65920 66304 98368 132608 134144 135169 137216 147457 180224 197120 229376
1 7 56 8197 8204 24577 24584 32808 49160 65632 65728 65920 66304 98336 114688 132608 134144 135169 137216 147457 197120 212992
1 7 56 8197 8204 24577 24584 32808 49160 65632 65728 65920 66304 98336 132608 134144 135169 137216 147457 180224 197120 229376
1 7 56 8197 8204 24577 32808 32864 32960 40968 57344 65920 66304 67072 82944 98432 114688 134144 135169 137216 147457 148480
1 7 56 8197 8204 24577 32808 32864 32960 40968 57344 65920 66304 67072 98432 114688 134144 135169 137216 147457 197632 212992
1 7 56 8197 8204 24577 32808 32864 32960 40968 57344 68608 69633 71680 81921 114688 131456 131840 132608 163968 197632 229376
1 7 56 8197 8204 24577 32808 32864 40968 57344 65728 65920 66304 82432 98368 114688 132608 134144 135169 137216 147457 147968
1 7 56 8197 8204 24577 32808 32864 40968 57344 65728 65920 66304 98368 114688 132608 134144 135169 137216 147457 197120 212992
1 7 56 8197 8204 24577 32808 32864 40968 57344 67072 68608 69633 71680 81921 114688 131264 131456 131840 163904 197120 229376
1 7 56 8197 8204 24577 32808 40968 57344 65632 65728 65920 66304 82432 98336 114688 132608 134144 135169 137216 147457 147968
1 7 56 8197 8204 24577 32808 40968 57344 65632 65728 65920 66304 98336 114688 132608 134144 135169 137216 147457 197120 212992
1 7 56 8197 8204 24577 32808 40968 57344 67072 68608 69633 71680 81921 114688 131168 131264 131456 131840 163872 197120 229376
1 7 56 8197 8204 24577 32864 32960 33152 33536 49664 57344 65576 73736 98336 106496 132608 134144 135169 137216 147457 147968
1 7 56 8197 8204 24577 32864 32960 33152 33536 57344 67072 68608 69633 71680 81921 98816 114688 131112 139272 163872 172032
1 7 56 8197 8204 24577 32960 33152 33536 49664 57344 65576 65632 73736 98368 106496 132608 134144 135169 137216 147457 147968
1 7 56 8197 8204 24577 32960 33152 33536 57344 67072 68608 69633 71680 81921 98816 114688 131112 131168 139272 163904 172032
1 7 56 8197 8204 24577 33152 33536 34304 50176 57344 65576 65632 65728 73736 98432 106496 134144 135169 137216 147457 148480
1 7 56 8197 8204 24577 33152 33536 34304 57344 68608 69633 71680 81921 99328 114688 131112 131168 131264 139272 163968 172032
1 7 56 8197 8204 24577 34304 35840 36865 38912 49153 57344 65632 65728 65920 66304 98816 106496 131112 139272 196640 204800
1 7 56 8197 8204 24577 34304 35840 36865 38912 49153 57344 65632 65728 65920 66304 98816 131112 139272 172032 196640 229376
1 7 56 8197 8204 24577 34304 35840 36865 38912 49153 57344 65728 65920 66304 98816 106496 131112 131168 139272 196672 204800
1 7 56 8197 8204 24577 34304 35840 36865 38912 49153 57344 65728 65920 66304 98816 131112 131168 139272 172032 196672 229376
1 7 56 8197 8204 24577 35840 36865 38912 49153 57344 65920 66304 67072 99328 106496 131112 131168 131264 139272 196736 204800
1 7 56 8197 8204 24577 35840 36865 38912 49153 57344 65920 66304 67072 99328 131112 131168 131264 139272 172032 196736 229376
1 7 56 8197 12289 14336 17152 17920 19456 26624 32780 32864 40964 57344 65728 65920 82176 98368 114688 131112 163848 163872
1 7 56 8197 12289 14336 17152 17920 19456 26624 32780 40964 57344 65576 65632 98312 114688 131264 131456 147712 196672 212992
1 7 56 8197 12289 14336 17152 17920 19456 26624 32780 40964 57344 65576 98312 114688 131168 131264 131456 147712 196640 212992
1 7 56 8197 12289 14336 17152 17920 19456 26624 32780 40964 57344 65632 65728 65920 82176 98336 114688 131112 163848 163872
1 7 56 8197 12289 14336 17152 17920 19456 26624 32780 40964 57344 65632 65728 65920 82176 114688 131112 163848 196640 229376
1 7 56 8197 12289 14336 17152 17920 19456 26624 32780 40964 57344 65728 65920 82176 98368 114688 131112 131168 163848 163904
1 7 56 8197 12289 14336 17152 17920 19456 26624 32780 40964 57344 65728 65920 82176 114688 131112 131168 163848 196672 229376
1 7 56 8197 12289 14336 17152 17920 19456 26624 32808 32864 40964 57344 65728 65920 82176 98368 114688 131084 163844 163848
1 7 56 8197 12289 14336 17152 17920 19456 26624 32808 32864 57344 65728 65920 82176 98368 114688 131084 139268 163848 172032
1 7 56 8197 12289 14336 17152 17920 19456 26624 32808 40964 57344 65632 65728 65920 82176 98336 114688 131084 163844 163848
1 7 56 8197 12289 14336 17152 17920 19456 26624 32808 57344 65632 65728 65920 82176 98336 114688 131084 139268 163848 172032
1 7 56 8197 12289 14336 17152 17920 19456 26624 32864 32960 33152 49408 57344 65548 73732 98336 106496 131112 196616 196640
1 7 56 8197 12289 14336 17152 17920 19456 26624 32864 32960 33152 49408 57344 65576 73732 98336 106496 131084 196612 196616
1 7 56 8197 12289 14336 17152 17920 19456 26624 32864 32960 33152 49408 57344 65576 98336 106496 131084 139268 196616 204800
1 7 56 8197 12289 14336 17152 17920 19456 26624 32864 32960 33152 49408 57344 65576 98336 131084 139268 172032 196616 229376
1 7 56 8197 12289 14336 17152 17920 19456 26624 32960 33152 49408 57344 65548 65632 73732 98368 106496 131112 196616 196640
1 7 56 8197 12289 14336 17152 17920 19456 26624 32960 33152 49408 57344 65548 73732 98368 106496 131112 131168 196616 196672
1 7 56 8197 12289 14336 17152 17920 19456 26624 32960 33152 49408 57344 65576 65632 73732 98368 106496 131084 196612 196616
1 7 56 8197 12289 14336 17152 17920 19456 26624 32960 33152 49408 57344 65576 65632 98368 106496 131084 139268 196616 204800
1 7 56 8197 12289 14336 17152 17920 19456 26624 32960 33152 49408 57344 65576 65632 98368 131084 139268 172032 196616 229376
1 7 56 8197 12289 16396 24580 28672 34304 35840 38912 53248 65576 65632 81928 114688 131264 131456 131840 164352 196672 229376
1 7 56 8197 12289 16396 24580 28672 34304 35840 38912 53248 65728 65920 66304 98816 114688 131112 131168 147464 196672 212992
1 7 56 8197 12289 17920 19456 22528 28672 32864 32960 33152 33536 49664 57344 65548 73732 98336 106496 131112 196616 196640
1 7 56 8197 12289 17920 19456 22528 28672 32864 32960 33152 33536 49664 57344 65576 73732 98336 106496 131084 196612 196616
1 7 56 8197 12289 17920 19456 22528 28672 32864 32960 33152 33536 49664 57344 65576 98336 106496 131084 139268 196616 204800
1 7 56 8197 12289 17920 19456 22528 28672 32864 32960 33152 33536 49664 57344 65576 98336 131084 139268 172032 196616 229376
1 7 56 8197 12289 17920 19456 22528 28672 32864 32960 33152 33536 49664 65548 73732 90112 98336 114688 131112 196616 196640
1 7 56 8197 12289 17920 19456 22528 28672 32864 32960 33152 33536 49664 65576 73732 90112 98336 114688 131084 196612 196616
1 7 56 8197 12289 17920 19456 22528 28672 32864 32960 33152 33536 49664 65576 90112 98336 114688 131084 139268 196616 204800
1 7 56 8197 12289 17920 19456 22528 28672 32864 32960 33152 33536 49664 65576 98336 114688 131084 139268 155648 196616 212992
1 7 56 8197 12289 17920 19456 22528 28672 32864 32960 33152 33536 49664 65576 98336 131084 139268 155648 180224 196616 229376
1 7 56 8197 12289 17920 19456 22528 28672 32960 33152 33536 49664 57344 65548 65632 73732 98368 106496 131112 196616 196640
1 7 56 8197 12289 17920 19456 22528 28672 32960 33152 33536 49664 57344 65576 65632 73732 98368 106496 131084 196612 196616
1 7 56 8197 12289 17920 19456 22528 28672 32960 33152 33536 49664 57344 65576 65632 73736 98368 106496 131084 139268 139272
1 7 56 8197 12289 17920 19456 22528 28672 32960 33152 33536 49664 57344 65576 65632 98368 106496 131084 139268 196616 204800
1 7 56 8197 12289 17920 19456 22528 28672 32960 33152 33536 49664 57344 65576 65632 98368 131084 139268 172032 196616 229376
1 7 56 8197 12289 17920 19456 22528 28672 32960 33152 33536 49664 65548 65632 73732 90112 98368 114688 131112 196616 196640
2 7 56 8197 12289 17920 19456 22528 28672 32960 33152 33536 49664 65576 65632 98368 131084 139268 155648 180224 196616 229376
1 7 56 8197 16396 24577 24580 32808 49160 65632 65728 65920 66304 98336 114688 132608 134144 135169 137216 147457 197120 212992
1 7 56 8197 16396 24577 24580 32808 49160 67072 68608 69633 71680 81921 114688 131168 131264 131456 131840 163872 197120 229376
1 7 56 8197 17920 19456 20481 22528 24577 32780 40964 57344 65576 98312 114688 131168 131264 131456 131840 147968 196640 212992
2 7 56 8197 17920 19456 20481 22528 24577 32780 40964 57344 65632 65728 65920 66304 82432 114688 131112 163848 196640 229376
1 7 56 8197 17920 19456 20481 22528 24577 32808 40964 57344 65632 65728 65920 66304 82432 98336 114688 131084 163844 163848
1 7 56 8197 17920 19456 20481 22528 24577 32808 40968 57344 65632 65728 65920 66304 82432 98336 114688 131084 139268 139272
1 7 56 8197 17920 19456 20481 22528 24577 32808 57344 65632 65728 65920 66304 82432 98336 114688 131084 139268 163848 172032
1 7 112 8197 8204 8216 17920 18433 19456 24577 32848 32960 40976 57344 65920 66304 82432 98432 114688 133121 135169 137216
1 7 112 8197 8204 8216 17920 18433 19456 24577 32848 40976 57344 65728 65920 66304 82432 98368 114688 133121 135169 137216
1 7 112 8197 8204 8216 17920 18433 19456 24577 32960 33152 33536 49664 57344 65616 73744 98368 106496 133121 135169 137216
1 7 112 8197 8204 8216 17920 18433 19456 24577 33152 33536 49664 57344 65616 65728 73744 98432 106496 133121 135169 137216
1 7 112 8197 8204 8216 17920 19456 20481 22528 24577 32848 32960 40976 57344 65920 66304 82432 114688 163968 196736 229376
1 7 112 8197 8204 8216 17920 19456 20481 22528 24577 32848 32960 40976 57344 65920 66304 98432 114688 147968 197120 212992
1 7 112 8197 8204 8216 17920 19456 20481 22528 24577 32848 32960 40976 57344 65920 82432 98432 114688 131840 196864 197120
1 7 112 8197 8204 8216 17920 19456 20481 22528 24577 32848 32960 40976 57344 65920 98432 114688 131840 147968 196864 212992
1 7 112 8197 8204 8216 17920 19456 20481 22528 24577 32848 32960 40976 57344 66304 82432 98432 114688 131456 196736 196864
1 7 112 8197 8204 8216 17920 19456 20481 22528 24577 32848 32960 40976 57344 66304 82432 114688 131456 163968 196864 229376
1 7 112 8197 8204 8216 17920 19456 20481 22528 24577 32848 32960 40976 57344 82432 98432 114688 131456 131840 196736 197120
1 7 112 8197 8204 8216 17920 19456 20481 22528 24577 32848 32960 40976 57344 82432 114688 131456 131840 163968 197120 229376
1 7 112 8197 8204 8216 17920 19456 20481 22528 24577 32848 32960 40976 57344 98432 114688 131456 131840 147968 196736 212992
1 7 112 8197 8204 8216 17920 19456 20481 22528 24577 32848 32960 40976 57344 114688 131456 131840 147968 163968 212992 229376
1 7 112 8197 8204 8216 17920 19456 20481 22528 24577 32848 32960 57344 65920 66304 82432 98432 114688 139280 163856 172032
1 7 112 8197 8204 8216 17920 19456 20481 22528 24577 32848 40976 57344 65728 65920 66304 82432 114688 163904 196672 229376
1 7 112 8197 8204 8216 17920 19456 20481 22528 24577 32848 40976 57344 65728 65920 66304 98368 114688 147968 197120 212992
1 7 112 8197 8204 8216 17920 19456 20481 22528 24577 32848 40976 57344 65728 65920 82432 98368 114688 131840 196864 197120
1 7 112 8197 8204 8216 17920 19456 20481 22528 24577 32848 40976 57344 65728 65920 98368 114688 131840 147968 196864 212992
1 7 112 8197 8204 8216 17920 19456 20481 22528 24577 32848 40976 57344 65728 66304 82432 98368 114688 131456 196736 196864
1 7 112 8197 8204 8216 17920 19456 20481 22528 24577 32848 40976 57344 65728 82432 98368 114688 131456 131840 196736 197120
1 7 112 8197 8204 8216 17920 19456 20481 22528 24577 32848 40976 57344 65728 98368 114688 131456 131840 147968 196736 212992
1 7 112 8197 8204 8216 17920 19456 20481 22528 24577 32848 40976 57344 65920 66304 82432 98368 114688 131264 196672 196736
1 7 112 8197 8204 8216 17920 19456 20481 22528 24577 32848 40976 57344 65920 66304 82432 98432 114688 131264 163904 163968
1 7 112 8197 8204 8216 17920 19456 20481 22528 24577 32848 40976 57344 65920 66304 82432 114688 131264 163904 196736 229376
1 7 112 8197 8204 8216 17920 19456 20481 22528 24577 32848 40976 57344 66304 82432 98368 114688 131264 131456 196672 196864
1 7 112 8197 8204 8216 17920 19456 20481 22528 24577 32848 40976 57344 66304 82432 114688 131264 131456 163904 196864 229376
1 7 112 8197 8204 8216 17920 19456 20481 22528 24577 32848 40976 57344 82432 98368 114688 131264 131456 131840 196672 197120
1 7 112 8197 8204 8216 17920 19456 20481 22528 24577 32848 40976 57344 82432 114688 131264 131456 131840 163904 197120 229376
1 7 112 8197 8204 8216 17920 19456 20481 22528 24577 32848 40976 57344 98368 114688 131264 131456 131840 147968 196672 212992
1 7 112 8197 8204 8216 17920 19456 20481 22528 24577 32848 40976 57344 114688 131264 131456 131840 147968 163904 212992 229376
1 7 112 8197 8204 8216 17920 19456 20481 22528 24577 32848 57344 65728 65920 66304 82432 98368 114688 139280 163856 172032
1 7 112 8197 8204 8216 17920 19456 20481 22528 24577 32960 33152 33536 49664 57344 65616 73744 98368 172032 204800 229376
1 7 112 8197 8204 8216 17920 19456 20481 22528 24577 32960 33152 33536 49664 57344 65616 98368 106496 139280 196624 204800
1 7 112 8197 8204 8216 17920 19456 20481 22528 24577 32960 33152 33536 49664 57344 65616 98368 139280 172032 196624 229376
1 7 112 8197 8204 8216 17920 19456 20481 22528 24577 32960 33152 33536 49664 57344 73744 98368 106496 131152 196624 196672
1 7 112 8197 8204 8216 17920 19456 20481 22528 24577 32960 33152 33536 49664 57344 98368 106496 131152 139280 196672 204800
1 7 112 8197 8204 8216 17920 19456 20481 22528 24577 32960 33152 33536 49664 57344 98368 131152 139280 172032 196672 229376
1 7 112 8197 8204 8216 17920 19456 20481 22528 24577 32960 33152 33536 57344 82432 98816 114688 131152 139280 163904 172032
1 7 112 8197 8204 8216 17920 19456 20481 22528 24577 32960 33152 49664 57344 66304 98560 98816 131152 139280 163904 172032
1 7 112 8197 8204 8216 17920 19456 20481 22528 24577 32960 33152 57344 66304 82432 98560 114688 131152 139280 163904 172032
1 7 112 8197 8204 8216 17920 19456 20481 22528 24577 32960 33536 49664 57344 65920 98432 98560 131152 139280 163904 172032
1 7 112 8197 8204 8216 17920 19456 20481 22528 24577 32960 40976 57344 65920 66304 82432 98432 114688 131152 163856 163904
1 7 112 8197 8204 8216 17920 19456 20481 22528 24577 32960 49664 57344 65920 66304 98432 98816 131152 139280 163904 172032
1 7 112 8197 8204 8216 17920 19456 20481 22528 24577 32960 57344 65920 66304 82432 98432 114688 131152 139280 163904 172032
1 7 112 8197 8204 8216 17920 19456 20481 22528 24577 33152 33536 49664 57344 65616 65728 73744 98432 172032 204800 229376
1 7 112 8197 8204 8216 17920 19456 20481 22528 24577 33152 33536 49664 57344 65616 65728 98432 106496 139280 196624 204800
1 7 112 8197 8204 8216 17920 19456 20481 22528 24577 33152 33536 49664 57344 65616 65728 98432 139280 172032 196624 229376
1 7 112 8197 8204 8216 17920 19456 20481 22528 24577 33152 33536 49664 57344 65616 73744 98432 106496 131264 196672 196736
1 7 112 8197 8204 8216 17920 19456 20481 22528 24577 33152 33536 49664 57344 65728 73744 98432 106496 131152 196624 196672
1 7 112 8197 8204 8216 17920 19456 20481 22528 24577 33152 33536 49664 57344 65728 98368 98432 131152 139280 163904 172032
1 7 112 8197 8204 8216 17920 19456 20481 22528 24577 33152 33536 49664 57344 65728 98432 106496 131152 139280 196672 204800
1 7 112 8197 8204 8216 17920 19456 20481 22528 24577 33152 33536 49664 57344 65728 98432 131152 139280 172032 196672 229376
1 7 112 8197 8204 8216 17920 19456 20481 22528 24577 33152 33536 49664 57344 73744 98432 106496 131152 131264 196624 196736
1 7 112 8197 8204 8216 17920 19456 20481 22528 24577 33152 33536 49664 57344 98432 106496 131152 131264 139280 196736 204800
1 7 112 8197 8204 8216 17920 19456 20481 22528 24577 33152 33536 49664 57344 98432 131152 131264 139280 172032 196736 229376
1 7 112 8197 8204 8216 17920 19456 20481 22528 24577 33152 33536 57344 82432 98816 114688 131152 131264 139280 163968 172032
1 7 112 8197 8204 8216 17920 19456 20481 22528 24577 33152 49664 57344 66304 98560 98816 131152 131264 139280 163968 172032
1 7 112 8197 8204 8216 17920 19456 20481 22528 24577 33152 57344 66304 82432 98560 114688 131152 131264 139280 163968 172032
1 7 112 8197 8204 8216 17920 19456 20481 22528 24577 33536 49664 57344 65728 65920 98368 98560 131152 139280 163904 172032
1 7 112 8197 8204 8216 17920 19456 20481 22528 24577 33536 49664 57344 65728 65920 98560 106496 131152 139280 196672 204800
1 7 112 8197 8204 8216 17920 19456 20481 22528 24577 33536 49664 57344 65728 65920 98560 131152 139280 172032 196672 229376
1 7 112 8197 8204 8216 17920 19456 20481 22528 24577 33536 49664 57344 65920 98432 98560 131152 131264 139280 163968 172032
1 7 112 8197 8204 8216 17920 19456 20481 22528 24577 33536 49664 57344 65920 98560 106496 131152 131264 139280 196736 204800
1 7 112 8197 8204 8216 17920 19456 20481 22528 24577 33536 49664 57344 65920 98560 131152 131264 139280 172032 196736 229376
1 7 112 8197 8204 8216 17920 19456 20481 22528 24577 40976 57344 65616 65728 98320 114688 131456 131840 147968 196736 212992
1 7 112 8197 8204 8216 17920 19456 20481 22528 24577 40976 57344 65616 98320 114688 131264 131456 131840 147968 196672 212992
1 7 112 8197 8204 8216 17920 19456 20481 22528 24577 40976 57344 65728 65920 66304 82432 98368 114688 131152 163856 163904
1 7 112 8197 8204 8216 17920 19456 20481 22528 24577 40976 57344 65728 65920 66304 82432 114688 131152 163856 196672 229376
1 7 112 8197 8204 8216 17920 19456 20481 22528 24577 40976 57344 65920 66304 82432 98432 114688 131152 131264 163856 163968
1 7 112 8197 8204 8216 17920 19456 20481 22528 24577 40976 57344 65920 66304 82432 114688 131152 131264 163856 196736 229376
1 7 112 8197 8204 8216 17920 19456 20481 22528 24577 49664 57344 65728 65920 66304 98368 98816 131152 139280 163904 172032
1 7 112 8197 8204 8216 17920 19456 20481 22528 24577 49664 57344 65728 65920 66304 98816 106496 131152 139280 196672 204800
1 7 112 8197 8204 8216 17920 19456 20481 22528 24577 49664 57344 65728 65920 66304 98816 131152 139280 172032 196672 229376
1 7 112 8197 8204 8216 17920 19456 20481 22528 24577 49664 57344 65920 66304 98432 98816 131152 131264 139280 163968 172032
1 7 112 8197 8204 8216 17920 19456 20481 22528 24577 49664 57344 65920 66304 98816 106496 131152 131264 139280 196736 204800
1 7 112 8197 8204 8216 17920 19456 20481 22528 24577 49664 57344 65920 66304 98816 131152 131264 139280 172032 196736 229376
1 7 112 8197 8204 8216 17920 19456 20481 22528 24577 57344 65616 65728 73744 106496 114688 131456 131840 147968 196736 212992
1 7 112 8197 8204 8216 17920 19456 20481 22528 24577 57344 65616 73744 106496 114688 131264 131456 131840 147968 196672 212992
1 7 112 8197 8204 8216 17920 19456 20481 22528 24577 57344 65728 65920 66304 82432 98368 114688 131152 139280 163904 172032
1 7 112 8197 8204 8216 17920 19456 20481 22528 24577 57344 65728 65920 66304 82432 106496 114688 131152 139280 196672 204800
1 7 112 8197 8204 8216 17920 19456 20481 22528 24577 57344 65728 65920 66304 82432 114688 131152 139280 172032 196672 229376
1 7 112 8197 8204 8216 17920 19456 20481 22528 24577 57344 65920 66304 82432 98432 114688 131152 131264 139280 163968 172032
1 7 112 8197 8204 8216 17920 19456 20481 22528 24577 57344 65920 66304 82432 106496 114688 131152 131264 139280 196736 204800
1 7 112 8197 8204 8216 17920 19456 20481 22528 24577 57344 65920 66304 82432 114688 131152 131264 139280 172032 196736 229376
1 7 112 8197 8204 8216 17920 19456 20481 24577 32848 32960 40976 57344 65920 66304 82432 98432 114688 137216 149504 151552
1 7 112 8197 8204 8216 17920 19456 20481 24577 32848 40976 57344 65728 65920 66304 82432 98368 114688 137216 149504 151552
1 7 112 8197 8204 8216 17920 19456 20481 24577 32960 33152 33536 49664 57344 65616 73744 98368 106496 137216 149504 151552
1 7 112 8197 8204 8216 17920 19456 20481 24577 33152 33536 49664 57344 65616 65728 73744 98432 106496 137216 149504 151552
1 7 112 8197 8204 8216 17920 19456 22528 24577 32848 32960 40976 57344 65920 66304 82432 98432 114688 135169 147457 151552
1 7 112 8197 8204 8216 17920 19456 22528 24577 32848 40976 57344 65728 65920 66304 82432 98368 114688 135169 147457 151552
1 7 112 8197 8204 8216 17920 19456 22528 24577 32960 33152 33536 49664 57344 65616 73744 98368 106496 135169 147457 151552
1 7 112 8197 8204 8216 17920 19456 22528 24577 33152 33536 49664 57344 65616 65728 73744 98432 106496 135169 147457 151552
1 7 112 8197 8204 8216 17920 19456 24577 32848 32960 40976 57344 65920 66304 82432 98432 114688 135169 137216 147457 149504
1 7 112 8197 8204 8216 17920 19456 24577 32848 40976 57344 65728 65920 66304 82432 98368 114688 135169 137216 147457 149504
1 7 112 8197 8204 8216 17920 19456 24577 32960 33152 33536 49664 57344 65616 73744 98368 106496 135169 137216 147457 149504
1 7 112 8197 8204 8216 17920 19456 24577 33152 33536 49664 57344 65616 65728 73744 98432 106496 135169 137216 147457 149504
1 7 112 8197 8204 8216 17920 20481 22528 24577 32848 32960 40976 57344 65920 66304 82432 98432 114688 134144 148480 149504
1 7 112 8197 8204 8216 17920 20481 22528 24577 32848 40976 57344 65728 65920 66304 82432 98368 114688 134144 148480 149504
1 7 112 8197 8204 8216 17920 20481 22528 24577 32960 33152 33536 49664 57344 65616 73744 98368 106496 134144 148480 149504
1 7 112 8197 8204 8216 17920 20481 22528 24577 33152 33536 49664 57344 65616 65728 73744 98432 106496 134144 148480 149504
1 7 112 8197 8204 8216 17920 20481 24577 32848 32960 40976 57344 65920 66304 82432 98432 114688 134144 137216 148480 151552
1 7 112 8197 8204 8216 17920 20481 24577 32848 40976 57344 65728 65920 66304 82432 98368 114688 134144 137216 148480 151552
1 7 112 8197 8204 8216 17920 20481 24577 32960 33152 33536 49664 57344 65616 73744 98368 106496 134144 137216 148480 151552
1 7 112 8197 8204 8216 17920 20481 24577 33152 33536 49664 57344 65616 65728 73744 98432 106496 134144 137216 148480 151552
1 7 112 8197 8204 8216 17920 24577 32848 32960 40976 57344 65920 66304 82432 98432 114688 134144 135169 137216 147457 148480
1 7 112 8197 8204 8216 17920 24577 32848 40976 57344 65728 65920 66304 82432 98368 114688 134144 135169 137216 147457 148480
1 7 112 8197 8204 8216 17920 24577 32960 33152 33536 49664 57344 65616 73744 98368 106496 134144 135169 137216 147457 148480
1 7 112 8197 8204 8216 17920 24577 33152 33536 49664 57344 65616 65728 73744 98432 106496 134144 135169 137216 147457 148480
1 7 112 8197 8204 8216 19456 20481 22528 24577 32848 32960 33152 40976 57344 66304 67072 82944 114688 164096 196864 229376
1 7 112 8197 8204 8216 19456 20481 22528 24577 32848 32960 33152 40976 57344 66304 67072 98560 114688 148480 197632 212992
1 7 112 8197 8204 8216 19456 20481 22528 24577 32848 32960 33152 40976 57344 66304 82944 98560 114688 132608 197120 197632
1 7 112 8197 8204 8216 19456 20481 22528 24577 32848 32960 33152 40976 57344 66304 98560 114688 132608 148480 197120 212992
1 7 112 8197 8204 8216 19456 20481 22528 24577 32848 32960 33152 40976 57344 67072 82944 98560 114688 131840 196864 197120
1 7 112 8197 8204 8216 19456 20481 22528 24577 32848 32960 33152 40976 57344 67072 82944 114688 131840 164096 197120 229376
1 7 112 8197 8204 8216 19456 20481 22528 24577 32848 32960 33152 40976 57344 82944 98560 114688 131840 132608 196864 197632
1 7 112 8197 8204 8216 19456 20481 22528 24577 32848 32960 33152 40976 57344 82944 114688 131840 132608 164096 197632 229376
1 7 112 8197 8204 8216 19456 20481 22528 24577 32848 32960 33152 40976 57344 98560 114688 131840 132608 148480 196864 212992
1 7 112 8197 8204 8216 19456 20481 22528 24577 32848 32960 33152 40976 57344 114688 131840 132608 148480 164096 212992 229376
1 7 112 8197 8204 8216 19456 20481 22528 24577 32848 32960 33152 57344 66304 67072 82944 98560 114688 139280 163856 172032
1 7 112 8197 8204 8216 19456 20481 22528 24577 32848 32960 40976 57344 65920 66304 67072 82944 114688 163968 196736 229376
1 7 112 8197 8204 8216 19456 20481 22528 24577 32848 32960 40976 57344 65920 66304 67072 98432 114688 148480 197632 212992
1 7 112 8197 8204 8216 19456 20481 22528 24577 32848 32960 40976 57344 65920 66304 82432 98432 114688 132608 147968 148480
1 7 112 8197 8204 8216 19456 20481 22528 24577 32848 32960 40976 57344 65920 66304 82944 98432 114688 132608 197120 197632
1 7 112 8197 8204 8216 19456 20481 22528 24577 32848 32960 40976 57344 65920 66304 98432 114688 132608 148480 197120 212992
1 7 112 8197 8204 8216 19456 20481 22528 24577 32848 32960 40976 57344 65920 67072 82944 98432 114688 131840 196864 197120
1 7 112 8197 8204 8216 19456 20481 22528 24577 32848 32960 40976 57344 65920 82944 98432 114688 131840 132608 196864 197632
1 7 112 8197 8204 8216 19456 20481 22528 24577 32848 32960 40976 57344 65920 98432 114688 131840 132608 148480 196864 212992
1 7 112 8197 8204 8216 19456 20481 22528 24577 32848 32960 40976 57344 66304 67072 82944 98432 114688 131456 196736 196864
1 7 112 8197 8204 8216 19456 20481 22528 24577 32848 32960 40976 57344 66304 67072 82944 98560 114688 131456 163968 164096
1 7 112 8197 8204 8216 19456 20481 22528 24577 32848 32960 40976 57344 66304 67072 82944 114688 131456 163968 196864 229376
1 7 112 8197 8204 8216 19456 20481 22528 24577 32848 32960 40976 57344 67072 82944 98432 114688 131456 131840 196736 197120
1 7 112 8197 8204 8216 19456 20481 22528 24577 32848 32960 40976 57344 67072 82944 114688 131456 131840 163968 197120 229376
1 7 112 8197 8204 8216 19456 20481 22528 24577 32848 32960 40976 57344 82944 98432 114688 131456 131840 132608 196736 197632
1 7 112 8197 8204 8216 19456 20481 22528 24577 32848 32960 40976 57344 82944 114688 131456 131840 132608 163968 197632 229376
1 7 112 8197 8204 8216 19456 20481 22528 24577 32848 32960 40976 57344 98432 114688 131456 131840 132608 148480 196736 212992
1 7 112 8197 8204 8216 19456 20481 22528 24577 32848 32960 40976 57344 114688 131456 131840 132608 148480 163968 212992 229376
1 7 112 8197 8204 8216 19456 20481 22528 24577 32848 32960 57344 65920 66304 67072 82944 98432 114688 139280 163856 172032
1 7 112 8197 8204 8216 19456 20481 22528 24577 32848 33088 40976 57344 66304 67072 82944 98560 114688 131264 131392 131456
1 7 112 8197 8204 8216 19456 20481 22528 24577 32848 33152 40976 57344 66304 67072 82944 98560 114688 131264 163904 163968
1 7 112 8197 8204 8216 19456 20481 22528 24577 32848 40976 57344 65728 65920 66304 82432 98368 114688 132608 147968 148480
1 7 112 8197 8204 8216 19456 20481 22528 24577 32848 40976 57344 65728 65920 66304 98368 114688 132608 148480 197120 212992
1 7 112 8197 8204 8216 19456 20481 22528 24577 32848 40976 57344 65728 65920 98368 114688 131840 132608 148480 196864 212992
1 7 112 8197 8204 8216 19456 20481 22528 24577 32848 40976 57344 65728 98368 114688 131456 131840 132608 148480 196736 212992
1 7 112 8197 8204 8216 19456 20481 22528 24577 32848 40976 57344 65920 66304 67072 82944 98432 114688 131264 163904 163968
1 7 112 8197 8204 8216 19456 20481 22528 24577 32848 40976 57344 65920 66304 67072 82944 114688 131264 163904 196736 229376
1 7 112 8197 8204 8216 19456 20481 22528 24577 32848 40976 57344 66304 67072 82944 98560 114688 131264 131456 163904 164096
1 7 112 8197 8204 8216 19456 20481 22528 24577 32848 40976 57344 66304 67072 82944 114688 131264 131456 163904 196864 229376
1 7 112 8197 8204 8216 19456 20481 22528 24577 32848 40976 57344 67072 82944 114688 131264 131456 131840 163904 197120 229376
1 7 112 8197 8204 8216 19456 20481 22528 24577 32960 33152 33536 49664 57344 65616 73744 98368 106496 132608 147968 148480
1 7 112 8197 8204 8216 19456 20481 22528 24577 32960 33152 33536 57344 67072 82944 98816 114688 131152 139280 163904 172032
1 7 112 8197 8204 8216 19456 20481 22528 24577 32960 33152 40976 57344 66304 67072 82944 98560 114688 131152 163856 163904
1 7 112 8197 8204 8216 19456 20481 22528 24577 32960 33152 57344 66304 67072 82944 98560 114688 131152 139280 163904 172032
1 7 112 8197 8204 8216 19456 20481 22528 24577 32960 40976 57344 65920 66304 67072 82944 98432 114688 131152 163856 163904
1 7 112 8197 8204 8216 19456 20481 22528 24577 32960 57344 65920 66304 67072 82944 98432 114688 131152 139280 163904 172032
1 7 112 8197 8204 8216 19456 20481 22528 24577 33152 33536 34304 50176 57344 65616 65728 73744 98432 172032 204800 229376
1 7 112 8197 8204 8216 19456 20481 22528 24577 33152 33536 34304 50176 57344 65616 65728 98432 106496 139280 196624 204800
1 7 112 8197 8204 8216 19456 20481 22528 24577 33152 33536 34304 50176 57344 65616 65728 98432 139280 172032 196624 229376
1 7 112 8197 8204 8216 19456 20481 22528 24577 33152 33536 34304 50176 57344 65616 73744 98432 106496 131264 196672 196736
1 7 112 8197 8204 8216 19456 20481 22528 24577 33152 33536 34304 50176 57344 65728 73744 98432 106496 131152 196624 196672
1 7 112 8197 8204 8216 19456 20481 22528 24577 33152 33536 34304 50176 57344 65728 98432 106496 131152 139280 196672 204800
1 7 112 8197 8204 8216 19456 20481 22528 24577 33152 33536 34304 50176 57344 65728 98432 131152 139280 172032 196672 229376
1 7 112 8197 8204 8216 19456 20481 22528 24577 33152 33536 34304 50176 57344 73744 98432 106496 131152 131264 196624 196736
1 7 112 8197 8204 8216 19456 20481 22528 24577 33152 33536 34304 50176 57344 98432 106496 131152 131264 139280 196736 204800
1 7 112 8197 8204 8216 19456 20481 22528 24577 33152 33536 34304 50176 57344 98432 131152 131264 139280 172032 196736 229376
1 7 112 8197 8204 8216 19456 20481 22528 24577 33152 33536 34304 57344 82944 99328 114688 131152 131264 139280 163968 172032
1 7 112 8197 8204 8216 19456 20481 22528 24577 33152 33536 49664 57344 65616 65728 73744 98432 106496 132608 147968 148480
1 7 112 8197 8204 8216 19456 20481 22528 24577 33152 33536 50176 57344 67072 98816 99328 131152 131264 139280 163968 172032
1 7 112 8197 8204 8216 19456 20481 22528 24577 33152 33536 57344 67072 82944 98816 114688 131152 131264 139280 163968 172032
1 7 112 8197 8204 8216 19456 20481 22528 24577 33152 34304 50176 57344 66304 98560 98816 131152 131264 139280 163968 172032
1 7 112 8197 8204 8216 19456 20481 22528 24577 33152 40976 57344 66304 67072 82944 98560 114688 131152 131264 163856 163968
1 7 112 8197 8204 8216 19456 20481 22528 24577 33152 50176 57344 66304 67072 98560 99328 131152 131264 139280 163968 172032
1 7 112 8197 8204 8216 19456 20481 22528 24577 33152 57344 66304 67072 82944 98560 114688 131152 131264 139280 163968 172032
1 7 112 8197 8204 8216 19456 20481 22528 24577 33536 34304 50176 57344 65616 65728 65920 73744 98560 172032 204800 229376
1 7 112 8197 8204 8216 19456 20481 22528 24577 33536 34304 50176 57344 65616 65728 65920 98560 106496 139280 196624 204800
1 7 112 8197 8204 8216 19456 20481 22528 24577 33536 34304 50176 57344 65616 65728 65920 98560 139280 172032 196624 229376
1 7 112 8197 8204 8216 19456 20481 22528 24577 33536 34304 50176 57344 65616 65728 73744 98560 106496 131456 196736 196864
1 7 112 8197 8204 8216 19456 20481 22528 24577 33536 34304 50176 57344 65616 65856 73744 98560 106496 131264 131392 131456
1 7 112 8197 8204 8216 19456 20481 22528 24577 33536 34304 50176 57344 65616 65920 73744 98560 106496 131264 196672 196736
1 7 112 8197 8204 8216 19456 20481 22528 24577 33536 34304 50176 57344 65616 73744 98560 106496 131264 131456 196672 196864
1 7 112 8197 8204 8216 19456 20481 22528 24577 33536 34304 50176 57344 65728 65920 73744 98560 106496 131152 196624 196672
1 7 112 8197 8204 8216 19456 20481 22528 24577 33536 34304 50176 57344 65728 65920 98560 106496 131152 139280 196672 204800
1 7 112 8197 8204 8216 19456 20481 22528 24577 33536 34304 50176 57344 65728 65920 98560 131152 139280 172032 196672 229376
1 7 112 8197 8204 8216 19456 20481 22528 24577 33536 34304 50176 57344 65920 73744 98560 106496 131152 131264 196624 196736
1 7 112 8197 8204 8216 19456 20481 22528 24577 33536 34304 50176 57344 65920 98432 98560 131152 131264 139280 163968 172032
1 7 112 8197 8204 8216 19456 20481 22528 24577 33536 34304 50176 57344 65920 98560 106496 131152 131264 139280 196736 204800
1 7 112 8197 8204 8216 19456 20481 22528 24577 33536 34304 50176 57344 65920 98560 131152 131264 139280 172032 196736 229376
1 7 112 8197 8204 8216 19456 20481 22528 24577 33536 34304 50176 57344 73744 98560 106496 131152 131264 131456 196624 196864
1 7 112 8197 8204 8216 19456 20481 22528 24577 33536 34304 50176 57344 98560 106496 131152 131264 131456 139280 196864 204800
1 7 112 8197 8204 8216 19456 20481 22528 24577 33536 34304 50176 57344 98560 131152 131264 131456 139280 172032 196864 229376
1 7 112 8197 8204 8216 19456 20481 22528 24577 33536 34304 57344 82944 99328 114688 131152 131264 131456 139280 164096 172032
1 7 112 8197 8204 8216 19456 20481 22528 24577 33536 50176 57344 67072 98816 99328 131152 131264 131456 139280 164096 172032
1 7 112 8197 8204 8216 19456 20481 22528 24577 33536 57344 67072 82944 98816 114688 131152 131264 131456 139280 164096 172032
1 7 112 8197 8204 8216 19456 20481 22528 24577 34304 50176 57344 65728 65920 66304 98816 106496 131152 139280 196672 204800
1 7 112 8197 8204 8216 19456 20481 22528 24577 34304 50176 57344 65728 65920 66304 98816 131152 139280 172032 196672 229376
1 7 112 8197 8204 8216 19456 20481 22528 24577 34304 50176 57344 65920 66304 98432 98816 131152 131264 139280 163968 172032
1 7 112 8197 8204 8216 19456 20481 22528 24577 34304 50176 57344 65920 66304 98816 106496 131152 131264 139280 196736 204800
1 7 112 8197 8204 8216 19456 20481 22528 24577 34304 50176 57344 65920 66304 98816 131152 131264 139280 172032 196736 229376
1 7 112 8197 8204 8216 19456 20481 22528 24577 34304 50176 57344 66304 98560 98816 131152 131264 131456 139280 164096 172032
1 7 112 8197 8204 8216 19456 20481 22528 24577 34304 50176 57344 66304 98816 106496 131152 131264 131456 139280 196864 204800
1 7 112 8197 8204 8216 19456 20481 22528 24577 34304 50176 57344 66304 98816 131152 131264 131456 139280 172032 196864 229376
1 7 112 8197 8204 8216 19456 20481 22528 24577 40976 57344 65616 65728 65920 98320 114688 131840 132608 148480 196864 212992
1 7 112 8197 8204 8216 19456 20481 22528 24577 40976 57344 65616 65728 98320 114688 131456 131840 132608 148480 196736 212992
1 7 112 8197 8204 8216 19456 20481 22528 24577 40976 57344 65920 66304 67072 82944 98432 114688 131152 131264 163856 163968
1 7 112 8197 8204 8216 19456 20481 22528 24577 40976 57344 65920 66304 67072 82944 114688 131152 131264 163856 196736 229376
1 7 112 8197 8204 8216 19456 20481 22528 24577 40976 57344 66304 67072 82944 98560 114688 131152 131264 131456 163856 164096
1 7 112 8197 8204 8216 19456 20481 22528 24577 40976 57344 66304 67072 82944 114688 131152 131264 131456 163856 196864 229376
1 7 112 8197 8204 8216 19456 20481 22528 24577 50176 57344 65920 66304 67072 98432 99328 131152 131264 139280 163968 172032
1 7 112 8197 8204 8216 19456 20481 22528 24577 50176 57344 65920 66304 67072 99328 106496 131152 131264 139280 196736 204800
1 7 112 8197 8204 8216 19456 20481 22528 24577 50176 57344 65920 66304 67072 99328 131152 131264 139280 172032 196736 229376
1 7 112 8197 8204 8216 19456 20481 22528 24577 50176 57344 66304 67072 98560 99328 131152 131264 131456 139280 164096 172032
1 7 112 8197 8204 8216 19456 20481 22528 24577 50176 57344 66304 67072 99328 106496 131152 131264 131456 139280 196864 204800
1 7 112 8197 8204 8216 19456 20481 22528 24577 50176 57344 66304 67072 99328 131152 131264 131456 139280 172032 196864 229376
1 7 112 8197 8204 8216 19456 20481 22528 24577 57344 65616 65728 65920 73744 106496 114688 131840 132608 148480 196864 212992
1 7 112 8197 8204 8216 19456 20481 22528 24577 57344 65616 65728 73744 106496 114688 131456 131840 132608 148480 196736 212992
1 7 112 8197 8204 8216 19456 20481 22528 24577 57344 65920 66304 67072 82944 98432 114688 131152 131264 139280 163968 172032
1 7 112 8197 8204 8216 19456 20481 22528 24577 57344 65920 66304 67072 82944 106496 114688 131152 131264 139280 196736 204800
1 7 112 8197 8204 8216 19456 20481 22528 24577 57344 65920 66304 67072 82944 114688 131152 131264 139280 172032 196736 229376
1 7 112 8197 8204 8216 19456 20481 22528 24577 57344 66304 67072 82944 98560 114688 131152 131264 131456 139280 164096 172032
1 7 112 8197 8204 8216 19456 20481 22528 24577 57344 66304 67072 82944 106496 114688 131152 131264 131456 139280 196864 204800
1 7 112 8197 8204 8216 19456 20481 22528 24577 57344 66304 67072 82944 114688 131152 131264 131456 139280 172032 196864 229376
1 7 112 8197 8204 8216 19456 20481 24577 32848 32960 33152 40976 57344 66304 67072 82944 98560 114688 137216 149504 151552
1 7 112 8197 8204 8216 19456 20481 24577 32848 32960 40976 57344 65920 66304 67072 82944 98432 114688 137216 149504 151552
1 7 112 8197 8204 8216 19456 20481 24577 33152 33536 34304 50176 57344 65616 65728 73744 98432 106496 137216 149504 151552
1 7 112 8197 8204 8216 19456 20481 24577 33536 34304 50176 57344 65616 65728 65920 73744 98560 106496 137216 149504 151552
1 7 112 8197 8204 8216 19456 22528 24577 32848 32960 33152 40976 57344 66304 67072 82944 98560 114688 135169 147457 151552
1 7 112 8197 8204 8216 19456 22528 24577 32848 32960 40976 57344 65920 66304 67072 82944 98432 114688 135169 147457 151552
1 7 112 8197 8204 8216 19456 22528 24577 33152 33536 34304 50176 57344 65616 65728 73744 98432 106496 135169 147457 151552
1 7 112 8197 8204 8216 19456 22528 24577 33536 34304 50176 57344 65616 65728 65920 73744 98560 106496 135169 147457 151552
1 7 112 8197 8204 8216 19456 24577 32848 32960 33152 40976 57344 66304 67072 82944 98560 114688 135169 137216 147457 149504
1 7 112 8197 8204 8216 19456 24577 32848 32960 40976 57344 65920 66304 67072 82944 98432 114688 135169 137216 147457 149504
1 7 112 8197 8204 8216 19456 24577 33152 33536 34304 50176 57344 65616 65728 73744 98432 106496 135169 137216 147457 149504
1 7 112 8197 8204 8216 19456 24577 33536 34304 50176 57344 65616 65728 65920 73744 98560 106496 135169 137216 147457 149504
1 7 112 8197 8204 8216 20481 22528 24577 32848 32960 33152 40976 57344 66304 67072 68608 83968 114688 164096 196864 229376
1 7 112 8197 8204 8216 20481 22528 24577 32848 32960 33152 40976 57344 66304 67072 68608 98560 114688 149504 198656 212992
1 7 112 8197 8204 8216 20481 22528 24577 32848 32960 33152 40976 57344 66304 67072 82944 98560 114688 134144 148480 149504
1 7 112 8197 8204 8216 20481 22528 24577 32848 32960 33152 40976 57344 66304 67072 83968 98560 114688 134144 197632 198656
1 7 112 8197 8204 8216 20481 22528 24577 32848 32960 33152 40976 57344 66304 67072 98560 114688 134144 149504 197632 212992
1 7 112 8197 8204 8216 20481 22528 24577 32848 32960 33152 40976 57344 66304 68608 83968 98560 114688 132608 197120 197632
1 7 112 8197 8204 8216 20481 22528 24577 32848 32960 33152 40976 57344 66304 83968 98560 114688 132608 134144 197120 198656
1 7 112 8197 8204 8216 20481 22528 24577 32848 32960 33152 40976 57344 66304 98560 114688 132608 134144 149504 197120 212992
1 7 112 8197 8204 8216 20481 22528 24577 32848 32960 33152 40976 57344 67072 68608 83968 98560 114688 131840 196864 197120
1 7 112 8197 8204 8216 20481 22528 24577 32848 32960 33152 40976 57344 67072 68608 83968 114688 131840 164096 197120 229376
1 7 112 8197 8204 8216 20481 22528 24577 32848 32960 33152 40976 57344 68608 83968 98560 114688 131840 132608 196864 197632
1 7 112 8197 8204 8216 20481 22528 24577 32848 32960 33152 40976 57344 68608 83968 114688 131840 132608 164096 197632 229376
1 7 112 8197 8204 8216 20481 22528 24577 32848 32960 33152 40976 57344 83968 98560 114688 131840 132608 134144 196864 198656
1 7 112 8197 8204 8216 20481 22528 24577 32848 32960 33152 40976 57344 83968 114688 131840 132608 134144 164096 198656 229376
1 7 112 8197 8204 8216 20481 22528 24577 32848 32960 33152 40976 57344 98560 114688 131840 132608 134144 149504 196864 212992
1 7 112 8197 8204 8216 20481 22528 24577 32848 32960 33152 40976 57344 114688 131840 132608 134144 149504 164096 212992 229376
1 7 112 8197 8204 8216 20481 22528 24577 32848 32960 33152 57344 66304 67072 68608 83968 98560 114688 139280 163856 172032
1 7 112 8197 8204 8216 20481 22528 24577 32848 32960 40976 57344 65920 66304 67072 82944 98432 114688 134144 148480 149504
1 7 112 8197 8204 8216 20481 22528 24577 32848 32960 40976 57344 65920 66304 67072 98432 114688 134144 149504 197632 212992
1 7 112 8197 8204 8216 20481 22528 24577 32848 32960 40976 57344 65920 66304 82432 98432 114688 132608 134144 147968 149504
1 7 112 8197 8204 8216 20481 22528 24577 32848 32960 40976 57344 65920 66304 98432 114688 132608 134144 149504 197120 212992
1 7 112 8197 8204 8216 20481 22528 24577 32848 32960 40976 57344 65920 98432 114688 131840 132608 134144 149504 196864 212992
1 7 112 8197 8204 8216 20481 22528 24577 32848 32960 40976 57344 66304 67072 68608 83968 98560 114688 131456 163968 164096
1 7 112 8197 8204 8216 20481 22528 24577 32848 32960 40976 57344 66304 67072 68608 83968 114688 131456 163968 196864 229376
1 7 112 8197 8204 8216 20481 22528 24577 32848 32960 40976 57344 67072 68608 83968 114688 131456 131840 163968 197120 229376
1 7 112 8197 8204 8216 20481 22528 24577 32848 32960 40976 57344 68608 83968 114688 131456 131840 132608 163968 197632 229376
1 7 112 8197 8204 8216 20481 22528 24577 32848 33088 40976 57344 66304 67072 68608 83968 98560 114688 131264 131392 131456
1 7 112 8197 8204 8216 20481 22528 24577 32848 33152 40976 57344 66304 67072 68608 83968 98560 114688 131264 163904 163968
1 7 112 8197 8204 8216 20481 22528 24577 32848 40976 57344 65728 65920 66304 82432 98368 114688 132608 134144 147968 149504
1 7 112 8197 8204 8216 20481 22528 24577 32848 40976 57344 65728 65920 66304 98368 114688 132608 134144 149504 197120 212992
1 7 112 8197 8204 8216 20481 22528 24577 32848 40976 57344 65728 65920 98368 114688 131840 132608 134144 149504 196864 212992
1 7 112 8197 8204 8216 20481 22528 24577 32848 40976 57344 66304 67072 68608 83968 98560 114688 131264 131456 163904 164096
1 7 112 8197 8204 8216 20481 22528 24577 32848 40976 57344 66304 67072 68608 83968 114688 131264 131456 163904 196864 229376
1 7 112 8197 8204 8216 20481 22528 24577 32848 40976 57344 67072 68608 83968 114688 131264 131456 131840 163904 197120 229376
1 7 112 8197 8204 8216 20481 22528 24577 32960 33152 33536 49664 57344 65616 73744 98368 106496 132608 134144 147968 149504
1 7 112 8197 8204 8216 20481 22528 24577 32960 33152 33536 57344 67072 68608 83968 98816 114688 131152 139280 163904 172032
1 7 112 8197 8204 8216 20481 22528 24577 32960 33152 40976 57344 66304 67072 68608 83968 98560 114688 131152 163856 163904
1 7 112 8197 8204 8216 20481 22528 24577 32960 33152 57344 66304 67072 68608 83968 98560 114688 131152 139280 163904 172032
1 7 112 8197 8204 8216 20481 22528 24577 33152 33536 34304 50176 57344 65616 65728 73744 98432 106496 134144 148480 149504
1 7 112 8197 8204 8216 20481 22528 24577 33152 33536 34304 57344 68608 83968 99328 114688 131152 131264 139280 163968 172032
1 7 112 8197 8204 8216 20481 22528 24577 33152 33536 49664 57344 65616 65728 73744 98432 106496 132608 134144 147968 149504
1 7 112 8197 8204 8216 20481 22528 24577 33152 33536 57344 67072 68608 83968 98816 114688 131152 131264 139280 163968 172032
1 7 112 8197 8204 8216 20481 22528 24577 33152 40976 57344 66304 67072 68608 83968 98560 114688 131152 131264 163856 163968
1 7 112 8197 8204 8216 20481 22528 24577 33152 57344 66304 67072 68608 83968 98560 114688 131152 131264 139280 163968 172032
1 7 112 8197 8204 8216 20481 22528 24577 33536 34304 35840 51200 57344 65616 65728 65920 73744 98560 172032 204800 229376
1 7 112 8197 8204 8216 20481 22528 24577 33536 34304 35840 51200 57344 65616 65728 65920 98560 106496 139280 196624 204800
1 7 112 8197 8204 8216 20481 22528 24577 33536 34304 35840 51200 57344 65616 65728 65920 98560 139280 172032 196624 229376
1 7 112 8197 8204 8216 20481 22528 24577 33536 34304 35840 51200 57344 65616 65728 73744 98560 106496 131456 196736 196864
1 7 112 8197 8204 8216 20481 22528 24577 33536 34304 35840 51200 57344 65616 65856 73744 98560 106496 131264 131392 131456
1 7 112 8197 8204 8216 20481 22528 24577 33536 34304 35840 51200 57344 65616 65920 73744 98560 106496 131264 196672 196736
1 7 112 8197 8204 8216 20481 22528 24577 33536 34304 35840 51200 57344 65616 73744 98560 106496 131264 131456 196672 196864
1 7 112 8197 8204 8216 20481 22528 24577 33536 34304 35840 51200 57344 65728 65920 73744 98560 106496 131152 196624 196672
1 7 112 8197 8204 8216 20481 22528 24577 33536 34304 35840 51200 57344 65728 65920 98560 106496 131152 139280 196672 204800
1 7 112 8197 8204 8216 20481 22528 24577 33536 34304 35840 51200 57344 65728 65920 98560 131152 139280 172032 196672 229376
1 7 112 8197 8204 8216 20481 22528 24577 33536 34304 35840 51200 57344 65920 73744 98560 106496 131152 131264 196624 196736
1 7 112 8197 8204 8216 20481 22528 24577 33536 34304 35840 51200 57344 65920 98560 106496 131152 131264 139280 196736 204800
1 7 112 8197 8204 8216 20481 22528 24577 33536 34304 35840 51200 57344 65920 98560 131152 131264 139280 172032 196736 229376
1 7 112 8197 8204 8216 20481 22528 24577 33536 34304 35840 51200 57344 73744 98560 106496 131152 131264 131456 196624 196864
1 7 112 8197 8204 8216 20481 22528 24577 33536 34304 35840 51200 57344 98560 106496 131152 131264 131456 139280 196864 204800
1 7 112 8197 8204 8216 20481 22528 24577 33536 34304 35840 51200 57344 98560 131152 131264 131456 139280 172032 196864 229376
1 7 112 8197 8204 8216 20481 22528 24577 33536 34304 35840 57344 83968 100352 114688 131152 131264 131456 139280 164096 172032
1 7 112 8197 8204 8216 20481 22528 24577 33536 34304 50176 57344 65616 65728 65920 73744 98560 106496 134144 148480 149504
1 7 112 8197 8204 8216 20481 22528 24577 33536 34304 51200 57344 68608 99328 100352 131152 131264 131456 139280 164096 172032
1 7 112 8197 8204 8216 20481 22528 24577 33536 34304 57344 68608 83968 99328 114688 131152 131264 131456 139280 164096 172032
1 7 112 8197 8204 8216 20481 22528 24577 33536 35840 51200 57344 67072 98816 99328 131152 131264 131456 139280 164096 172032
1 7 112 8197 8204 8216 20481 22528 24577 33536 51200 57344 67072 68608 98816 100352 131152 131264 131456 139280 164096 172032
1 7 112 8197 8204 8216 20481 22528 24577 33536 57344 67072 68608 83968 98816 114688 131152 131264 131456 139280 164096 172032
1 7 112 8197 8204 8216 20481 22528 24577 34304 35840 51200 57344 65728 65920 66304 98816 106496 131152 139280 196672 204800
1 7 112 8197 8204 8216 20481 22528 24577 34304 35840 51200 57344 65728 65920 66304 98816 131152 139280 172032 196672 229376
1 7 112 8197 8204 8216 20481 22528 24577 34304 35840 51200 57344 65920 66304 98816 106496 131152 131264 139280 196736 204800
1 7 112 8197 8204 8216 20481 22528 24577 34304 35840 51200 57344 65920 66304 98816 131152 131264 139280 172032 196736 229376
1 7 112 8197 8204 8216 20481 22528 24577 34304 35840 51200 57344 66304 98560 98816 131152 131264 131456 139280 164096 172032
1 7 112 8197 8204 8216 20481 22528 24577 34304 35840 51200 57344 66304 98816 106496 131152 131264 131456 139280 196864 204800
1 7 112 8197 8204 8216 20481 22528 24577 34304 35840 51200 57344 66304 98816 131152 131264 131456 139280 172032 196864 229376
1 7 112 8197 8204 8216 20481 22528 24577 35840 51200 57344 65920 66304 67072 99328 106496 131152 131264 139280 196736 204800
1 7 112 8197 8204 8216 20481 22528 24577 35840 51200 57344 65920 66304 67072 99328 131152 131264 139280 172032 196736 229376
1 7 112 8197 8204 8216 20481 22528 24577 35840 51200 57344 66304 67072 98560 99328 131152 131264 131456 139280 164096 172032
1 7 112 8197 8204 8216 20481 22528 24577 35840 51200 57344 66304 67072 99328 106496 131152 131264 131456 139280 196864 204800
1 7 112 8197 8204 8216 20481 22528 24577 35840 51200 57344 66304 67072 99328 131152 131264 131456 139280 172032 196864 229376
1 7 112 8197 8204 8216 20481 22528 24577 40976 57344 65616 65728 65920 98320 114688 131840 132608 134144 149504 196864 212992
1 7 112 8197 8204 8216 20481 22528 24577 40976 57344 66304 67072 68608 83968 98560 114688 131152 131264 131456 163856 164096
1 7 112 8197 8204 8216 20481 22528 24577 40976 57344 66304 67072 68608 83968 114688 131152 131264 131456 163856 196864 229376
1 7 112 8197 8204 8216 20481 22528 24577 51200 57344 66304 67072 68608 98560 100352 131152 131264 131456 139280 164096 172032
1 7 112 8197 8204 8216 20481 22528 24577 51200 57344 66304 67072 68608 100352 106496 131152 131264 131456 139280 196864 204800
1 7 112 8197 8204 8216 20481 22528 24577 51200 57344 66304 67072 68608 100352 131152 131264 131456 139280 172032 196864 229376
1 7 112 8197 8204 8216 20481 22528 24577 57344 65616 65728 65920 73744 106496 114688 131840 132608 134144 149504 196864 212992
1 7 112 8197 8204 8216 20481 22528 24577 57344 66304 67072 68608 83968 98560 114688 131152 131264 131456 139280 164096 172032
1 7 112 8197 8204 8216 20481 22528 24577 57344 66304 67072 68608 83968 106496 114688 131152 131264 131456 139280 196864 204800
1 7 112 8197 8204 8216 20481 22528 24577 57344 66304 67072 68608 83968 114688 131152 131264 131456 139280 172032 196864 229376
1 7 112 8197 8204 8216 20481 24577 32848 32960 33152 40976 57344 66304 67072 68608 83968 98560 114688 137216 149504 151552
1 7 112 8197 8204 8216 20481 24577 32848 32960 33152 40976 57344 66304 67072 68608 98560 114688 137216 151552 198656 212992
1 7 112 8197 8204 8216 20481 24577 32848 32960 33152 40976 57344 66304 67072 82944 98560 114688 134144 137216 148480 151552
1 7 112 8197 8204 8216 20481 24577 32848 32960 33152 40976 57344 66304 67072 98560 114688 134144 137216 151552 197632 212992
1 7 112 8197 8204 8216 20481 24577 32848 32960 33152 40976 57344 68608 71680 86016 114688 131840 132608 164096 197632 229376
1 7 112 8197 8204 8216 20481 24577 32848 32960 33152 40976 57344 71680 86016 114688 131840 132608 134144 164096 198656 229376
1 7 112 8197 8204 8216 20481 24577 32848 32960 40976 57344 65920 66304 67072 82944 98432 114688 134144 137216 148480 151552
1 7 112 8197 8204 8216 20481 24577 32848 32960 40976 57344 65920 66304 67072 98432 114688 134144 137216 151552 197632 212992
1 7 112 8197 8204 8216 20481 24577 32848 32960 40976 57344 65920 66304 82432 98432 114688 132608 134144 137216 147968 151552
1 7 112 8197 8204 8216 20481 24577 32848 32960 40976 57344 65920 66304 98432 114688 132608 134144 137216 151552 197120 212992
1 7 112 8197 8204 8216 20481 24577 32848 32960 40976 57344 67072 68608 71680 86016 114688 131456 131840 163968 197120 229376
1 7 112 8197 8204 8216 20481 24577 32848 32960 40976 57344 68608 71680 86016 114688 131456 131840 132608 163968 197632 229376
1 7 112 8197 8204 8216 20481 24577 32848 40976 57344 65728 65920 66304 82432 98368 114688 132608 134144 137216 147968 151552
1 7 112 8197 8204 8216 20481 24577 32848 40976 57344 65728 65920 66304 98368 114688 132608 134144 137216 151552 197120 212992
1 7 112 8197 8204 8216 20481 24577 32848 40976 57344 67072 68608 71680 86016 114688 131264 131456 131840 163904 197120 229376
1 7 112 8197 8204 8216 20481 24577 32960 33152 33536 49664 57344 65616 73744 98368 106496 132608 134144 137216 147968 151552
1 7 112 8197 8204 8216 20481 24577 32960 33152 33536 57344 67072 68608 71680 86016 98816 114688 131152 139280 163904 172032
1 7 112 8197 8204 8216 20481 24577 33152 33536 34304 50176 57344 65616 65728 73744 98432 106496 134144 137216 148480 151552
1 7 112 8197 8204 8216 20481 24577 33152 33536 34304 57344 68608 71680 86016 99328 114688 131152 131264 139280 163968 172032
1 7 112 8197 8204 8216 20481 24577 33152 33536 49664 57344 65616 65728 73744 98432 106496 132608 134144 137216 147968 151552
1 7 112 8197 8204 8216 20481 24577 33152 33536 57344 67072 68608 71680 86016 98816 114688 131152 131264 139280 163968 172032
1 7 112 8197 8204 8216 20481 24577 33536 34304 35840 51200 57344 65616 65728 65920 73744 98560 106496 137216 149504 151552
1 7 112 8197 8204 8216 20481 24577 33536 34304 35840 57344 71680 86016 100352 114688 131152 131264 131456 139280 164096 172032
1 7 112 8197 8204 8216 20481 24577 33536 34304 50176 57344 65616 65728 65920 73744 98560 106496 134144 137216 148480 151552
1 7 112 8197 8204 8216 20481 24577 33536 34304 57344 68608 71680 86016 99328 114688 131152 131264 131456 139280 164096 172032
1 7 112 8197 8204 8216 20481 24577 34304 35840 38912 53248 57344 65728 65920 66304 98816 106496 131152 139280 196672 204800
1 7 112 8197 8204 8216 20481 24577 34304 35840 38912 53248 57344 65728 65920 66304 98816 131152 139280 172032 196672 229376
1 7 112 8197 8204 8216 20481 24577 34304 35840 38912 53248 57344 65920 66304 98816 106496 131152 131264 139280 196736 204800
1 7 112 8197 8204 8216 20481 24577 34304 35840 38912 53248 57344 65920 66304 98816 131152 131264 139280 172032 196736 229376
1 7 112 8197 8204 8216 20481 24577 35840 38912 53248 57344 65920 66304 67072 99328 106496 131152 131264 139280 196736 204800
1 7 112 8197 8204 8216 20481 24577 35840 38912 53248 57344 65920 66304 67072 99328 131152 131264 139280 172032 196736 229376
1 7 112 8197 8204 8216 20481 24577 35840 38912 53248 57344 66304 67072 99328 106496 131152 131264 131456 139280 196864 204800
1 7 112 8197 8204 8216 20481 24577 35840 38912 53248 57344 66304 67072 99328 131152 131264 131456 139280 172032 196864 229376
1 7 112 8197 8204 8216 20481 24577 38912 53248 57344 66304 67072 68608 100352 106496 131152 131264 131456 139280 196864 204800
1 7 112 8197 8204 8216 20481 24577 38912 53248 57344 66304 67072 68608 100352 131152 131264 131456 139280 172032 196864 229376
1 7 112 8197 8204 8216 22528 24577 32848 32960 33152 40976 57344 66304 67072 68608 83968 98560 114688 135169 147457 151552
1 7 112 8197 8204 8216 22528 24577 33536 34304 35840 51200 57344 65616 65728 65920 73744 98560 106496 135169 147457 151552
1 7 112 8197 8204 8216 24577 24592 32848 32960 33152 49168 66304 67072 68608 98560 114688 135169 137216 147457 198656 212992
1 7 112 8197 8204 8216 24577 24592 32848 32960 33152 49168 66304 67072 68608 98560 135169 137216 147457 180224 198656 229376
1 7 112 8197 8204 8216 24577 24592 32848 32960 33152 49168 66304 67072 98560 114688 134144 135169 137216 147457 197632 212992
1 7 112 8197 8204 8216 24577 24592 32848 32960 33152 49168 66304 67072 98560 134144 135169 137216 147457 180224 197632 229376
1 7 112 8197 8204 8216 24577 24592 32848 32960 49168 65920 66304 67072 98432 114688 134144 135169 137216 147457 197632 212992
1 7 112 8197 8204 8216 24577 24592 32848 32960 49168 65920 66304 67072 98432 134144 135169 137216 147457 180224 197632 229376
1 7 112 8197 8204 8216 24577 24592 32848 32960 49168 65920 66304 98432 114688 132608 134144 135169 137216 147457 197120 212992
1 7 112 8197 8204 8216 24577 24592 32848 32960 49168 65920 66304 98432 132608 134144 135169 137216 147457 180224 197120 229376
1 7 112 8197 8204 8216 24577 24592 32848 49168 65728 65920 66304 98368 114688 132608 134144 135169 137216 147457 197120 212992
1 7 112 8197 8204 8216 24577 24592 32848 49168 65728 65920 66304 98368 132608 134144 135169 137216 147457 180224 197120 229376
1 7 112 8197 8204 8216 24577 32848 32960 33152 40976 57344 66304 67072 68608 83968 98560 114688 135169 137216 147457 149504
1 7 112 8197 8204 8216 24577 32848 32960 33152 40976 57344 66304 67072 68608 98560 114688 135169 137216 147457 198656 212992
1 7 112 8197 8204 8216 24577 32848 32960 33152 40976 57344 66304 67072 82944 98560 114688 134144 135169 137216 147457 148480
1 7 112 8197 8204 8216 24577 32848 32960 33152 40976 57344 66304 67072 98560 114688 134144 135169 137216 147457 197632 212992
1 7 112 8197 8204 8216 24577 32848 32960 33152 40976 57344 68608 69633 71680 81921 114688 131840 132608 164096 197632 229376
1 7 112 8197 8204 8216 24577 32848 32960 33152 40976 57344 69633 71680 81921 114688 131840 132608 134144 164096 198656 229376
1 7 112 8197 8204 8216 24577 32848 32960 40976 57344 65920 66304 67072 82944 98432 114688 134144 135169 137216 147457 148480
1 7 112 8197 8204 8216 24577 32848 32960 40976 57344 65920 66304 67072 98432 114688 134144 135169 137216 147457 197632 212992
1 7 112 8197 8204 8216 24577 32848 32960 40976 57344 65920 66304 82432 98432 114688 132608 134144 135169 137216 147457 147968
1 7 112 8197 8204 8216 24577 32848 32960 40976 57344 65920 66304 98432 114688 132608 134144 135169 137216 147457 197120 212992
1 7 112 8197 8204 8216 24577 32848 32960 40976 57344 67072 68608 69633 71680 81921 114688 131456 131840 163968 197120 229376
1 7 112 8197 8204 8216 24577 32848 32960 40976 57344 68608 69633 71680 81921 114688 131456 131840 132608 163968 197632 229376
1 7 112 8197 8204 8216 24577 32848 40976 57344 65728 65920 66304 82432 98368 114688 132608 134144 135169 137216 147457 147968
1 7 112 8197 8204 8216 24577 32848 40976 57344 65728 65920 66304 98368 114688 132608 134144 135169 137216 147457 197120 212992
1 7 112 8197 8204 8216 24577 32848 40976 57344 67072 68608 69633 71680 81921 114688 131264 131456 131840 163904 197120 229376
1 7 112 8197 8204 8216 24577 32960 33152 33536 49664 57344 65616 73744 98368 106496 132608 134144 135169 137216 147457 147968
1 7 112 8197 8204 8216 24577 32960 33152 33536 57344 67072 68608 69633 71680 81921 98816 114688 131152 139280 163904 172032
1 7 112 8197 8204 8216 24577 33152 33536 34304 50176 57344 65616 65728 73744 98432 106496 134144 135169 137216 147457 148480
1 7 112 8197 8204 8216 24577 33152 33536 34304 57344 68608 69633 71680 81921 99328 114688 131152 131264 139280 163968 172032
1 7 112 8197 8204 8216 24577 33152 33536 49664 57344 65616 65728 73744 98432 106496 132608 134144 135169 137216 147457 147968
1 7 112 8197 8204 8216 24577 33152 33536 57344 67072 68608 69633 71680 81921 98816 114688 131152 131264 139280 163968 172032
1 7 112 8197 8204 8216 24577 33536 34304 35840 51200 57344 65616 65728 65920 73744 98560 106496 135169 137216 147457 149504
1 7 112 8197 8204 8216 24577 33536 34304 35840 57344 69633 71680 81921 100352 114688 131152 131264 131456 139280 164096 172032
1 7 112 8197 8204 8216 24577 33536 34304 50176 57344 65616 65728 65920 73744 98560 106496 134144 135169 137216 147457 148480
1 7 112 8197 8204 8216 24577 33536 34304 57344 68608 69633 71680 81921 99328 114688 131152 131264 131456 139280 164096 172032
1 7 112 8197 8204 8216 24577 34304 35840 36865 38912 49153 57344 65728 65920 66304 98816 106496 131152 139280 196672 204800
1 7 112 8197 8204 8216 24577 34304 35840 36865 38912 49153 57344 65728 65920 66304 98816 131152 139280 172032 196672 229376
1 7 112 8197 8204 8216 24577 34304 35840 36865 38912 49153 57344 65920 66304 98816 106496 131152 131264 139280 196736 204800
1 7 112 8197 8204 8216 24577 34304 35840 36865 38912 49153 57344 65920 66304 98816 131152 131264 139280 172032 196736 229376
1 7 112 8197 8204 8216 24577 35840 36865 38912 49153 57344 65920 66304 67072 99328 106496 131152 131264 139280 196736 204800
1 7 112 8197 8204 8216 24577 35840 36865 38912 49153 57344 65920 66304 67072 99328 131152 131264 139280 172032 196736 229376
1 7 112 8197 8204 8216 24577 35840 36865 38912 49153 57344 66304 67072 99328 106496 131152 131264 131456 139280 196864 204800
1 7 112 8197 8204 8216 24577 35840 36865 38912 49153 57344 66304 67072 99328 131152 131264 131456 139280 172032 196864 229376
1 7 112 8197 8204 8216 24577 36865 38912 49153 57344 66304 67072 68608 100352 106496 131152 131264 131456 139280 196864 204800
1 7 112 8197 8204 8216 24577 36865 38912 49153 57344 66304 67072 68608 100352 131152 131264 131456 139280 172032 196864 229376
1 7 112 8197 8204 12289 17920 19456 22528 28672 32960 33152 33536 49664 57344 65560 65616 73736 98368 172032 204800 229376
1 7 112 8197 8204 12289 17920 19456 22528 28672 32960 33152 33536 49664 57344 65560 65616 98368 106496 139272 196616 204800
1 7 112 8197 8204 12289 17920 19456 22528 28672 32960 33152 33536 49664 57344 65560 65616 98368 139272 172032 196616 229376
1 7 112 8197 8204 12289 17920 19456 22528 28672 32960 33152 33536 49664 57344 65560 73736 98368 106496 131152 196624 196672
1 7 112 8197 8204 12289 17920 19456 22528 28672 32960 33152 33536 49664 57344 65616 73736 98368 106496 131096 196616 196624
1 7 112 8197 8204 12289 17920 19456 22528 28672 32960 33152 33536 49664 57344 65616 98368 106496 131096 139272 196624 204800
1 7 112 8197 8204 12289 17920 19456 22528 28672 32960 33152 33536 49664 57344 65616 98368 131096 139272 172032 196624 229376
1 7 112 8197 8204 12289 17920 19456 22528 28672 32960 33152 33536 49664 57344 73736 98368 106496 131096 131152 196616 196672
1 7 112 8197 8204 12289 17920 19456 22528 28672 32960 33152 33536 49664 57344 98368 106496 131096 131152 139272 196672 204800
1 7 112 8197 8204 12289 17920 19456 22528 28672 32960 33152 33536 49664 57344 98368 131096 131152 139272 172032 196672 229376
1 7 112 8197 8204 12289 17920 19456 22528 28672 32960 33152 33536 49664 65560 65616 73736 90112 98368 180224 212992 229376
1 7 112 8197 8204 12289 17920 19456 22528 28672 32960 33152 33536 49664 65560 65616 73736 98368 106496 155648 172032 180224
1 7 112 8197 8204 12289 17920 19456 22528 28672 32960 33152 33536 49664 65560 65616 73736 98368 114688 155648 204800 212992
1 7 112 8197 8204 12289 17920 19456 22528 28672 32960 33152 33536 49664 65560 65616 73736 98368 155648 180224 204800 229376
1 7 112 8197 8204 12289 17920 19456 22528 28672 32960 33152 33536 49664 65560 65616 90112 98368 114688 139272 196616 204800
1 7 112 8197 8204 12289 17920 19456 22528 28672 32960 33152 33536 49664 65560 65616 98368 114688 139272 155648 196616 212992
1 7 112 8197 8204 12289 17920 19456 22528 28672 32960 33152 33536 49664 65560 65616 98368 139272 155648 180224 196616 229376
1 7 112 8197 8204 12289 17920 19456 22528 28672 32960 33152 33536 49664 65560 73736 90112 98368 114688 131152 196624 196672
1 7 112 8197 8204 12289 17920 19456 22528 28672 32960 33152 33536 49664 65616 73736 90112 98368 114688 131096 196616 196624
1 7 112 8197 8204 12289 17920 19456 22528 28672 32960 33152 33536 49664 65616 90112 98368 114688 131096 139272 196624 204800
1 7 112 8197 8204 12289 17920 19456 22528 28672 32960 33152 33536 49664 65616 98368 114688 131096 139272 155648 196624 212992
1 7 112 8197 8204 12289 17920 19456 22528 28672 32960 33152 33536 49664 65616 98368 131096 139272 155648 180224 196624 229376
1 7 112 8197 8204 12289 17920 19456 22528 28672 32960 33152 33536 49664 73736 90112 98368 114688 131096 131152 196616 196672
1 7 112 8197 8204 12289 17920 19456 22528 28672 32960 33152 33536 49664 90112 98368 114688 131096 131152 139272 196672 204800
1 7 112 8197 8204 12289 17920 19456 22528 28672 32960 33152 33536 49664 98368 114688 131096 131152 139272 155648 196672 212992
1 7 112 8197 8204 12289 17920 19456 22528 28672 32960 33152 33536 49664 98368 131096 131152 139272 155648 180224 196672 229376
1 7 112 8197 8204 12289 17920 19456 22528 28672 32960 33152 49664 57344 66304 98560 98816 131096 131152 139272 163904 172032
1 7 112 8197 8204 12289 17920 19456 22528 28672 32960 33152 49664 66304 98560 98816 131096 131152 139272 155648 163904 180224
1 7 112 8197 8204 12289 17920 19456 22528 28672 32960 33536 49664 57344 65920 98432 98560 131096 131152 139272 163904 172032
1 7 112 8197 8204 12289 17920 19456 22528 28672 32960 33536 49664 65920 98432 98560 131096 131152 139272 155648 163904 180224
1 7 112 8197 8204 12289 17920 19456 22528 28672 32960 49664 57344 65920 66304 98432 98816 131096 131152 139272 163904 172032
1 7 112 8197 8204 12289 17920 19456 22528 28672 32960 49664 65920 66304 98432 98816 131096 131152 139272 155648 163904 180224
1 7 112 8197 8204 12289 17920 19456 22528 28672 33152 33536 49664 57344 65616 65728 98432 106496 131096 139272 196624 204800
1 7 112 8197 8204 12289 17920 19456 22528 28672 33152 33536 49664 57344 65616 65728 98432 131096 139272 172032 196624 229376
1 7 112 8197 8204 12289 17920 19456 22528 28672 33152 33536 49664 57344 65728 98368 98432 131096 131152 139272 163904 172032
1 7 112 8197 8204 12289 17920 19456 22528 28672 33152 33536 49664 57344 65728 98432 106496 131096 131152 139272 196672 204800
1 7 112 8197 8204 12289 17920 19456 22528 28672 33152 33536 49664 57344 65728 98432 131096 131152 139272 172032 196672 229376
1 7 112 8197 8204 12289 17920 19456 22528 28672 33152 33536 49664 65616 65728 90112 98432 114688 131096 139272 196624 204800
1 7 112 8197 8204 12289 17920 19456 22528 28672 33152 33536 49664 65616 65728 98432 114688 131096 139272 155648 196624 212992
1 7 112 8197 8204 12289 17920 19456 22528 28672 33152 33536 49664 65616 65728 98432 131096 139272 155648 180224 196624 229376
1 7 112 8197 8204 12289 17920 19456 22528 28672 33152 33536 49664 65728 90112 98432 114688 131096 131152 139272 196672 204800
1 7 112 8197 8204 12289 17920 19456 22528 28672 33152 33536 49664 65728 98368 98432 131096 131152 139272 155648 163904 180224
1 7 112 8197 8204 12289 17920 19456 22528 28672 33152 33536 49664 65728 98432 114688 131096 131152 139272 155648 196672 212992
1 7 112 8197 8204 12289 17920 19456 22528 28672 33152 33536 49664 65728 98432 131096 131152 139272 155648 180224 196672 229376
1 7 112 8197 8204 12289 17920 19456 22528 28672 33536 49664 57344 65728 65920 98368 98560 131096 131152 139272 163904 172032
1 7 112 8197 8204 12289 17920 19456 22528 28672 33536 49664 57344 65728 65920 98560 106496 131096 131152 139272 196672 204800
1 7 112 8197 8204 12289 17920 19456 22528 28672 33536 49664 57344 65728 65920 98560 131096 131152 139272 172032 196672 229376
1 7 112 8197 8204 12289 17920 19456 22528 28672 33536 49664 65728 65920 90112 98560 114688 131096 131152 139272 196672 204800
1 7 112 8197 8204 12289 17920 19456 22528 28672 33536 49664 65728 65920 98368 98560 131096 131152 139272 155648 163904 180224
1 7 112 8197 8204 12289 17920 19456 22528 28672 33536 49664 65728 65920 98560 114688 131096 131152 139272 155648 196672 212992
1 7 112 8197 8204 12289 17920 19456 22528 28672 33536 49664 65728 65920 98560 131096 131152 139272 155648 180224 196672 229376
1 7 112 8197 8204 12289 17920 19456 22528 28672 49664 57344 65728 65920 66304 98368 98816 131096 131152 139272 163904 172032
1 7 112 8197 8204 12289 17920 19456 22528 28672 49664 57344 65728 65920 66304 98816 106496 131096 131152 139272 196672 204800
1 7 112 8197 8204 12289 17920 19456 22528 28672 49664 57344 65728 65920 66304 98816 131096 131152 139272 172032 196672 229376
1 7 112 8197 8204 12289 17920 19456 22528 28672 49664 65728 65920 66304 90112 98816 114688 131096 131152 139272 196672 204800
1 7 112 8197 8204 12289 17920 19456 22528 28672 49664 65728 65920 66304 98368 98816 131096 131152 139272 155648 163904 180224
1 7 112 8197 8204 12289 17920 19456 22528 28672 49664 65728 65920 66304 98816 114688 131096 131152 139272 155648 196672 212992
1 7 112 8197 8204 12289 17920 19456 22528 28672 49664 65728 65920 66304 98816 131096 131152 139272 155648 180224 196672 229376
1 7 112 8197 8204 12289 17920 19456 28672 38912 51200 53248 65728 65920 66304 82432 90112 131096 131152 139272 196672 204800
1 7 112 8197 8204 12289 17920 19456 28672 38912 51200 53248 65728 65920 66304 82432 131096 131152 139272 155648 196672 212992
1 7 112 8197 8204 12289 17920 22528 28672 35840 50176 51200 65728 65920 66304 82432 90112 131096 131152 139272 196672 204800
1 7 112 8197 8204 12289 17920 22528 28672 35840 50176 51200 65728 65920 66304 82432 131096 131152 139272 155648 196672 212992
1 7 112 8197 8204 12289 17920 28672 35840 38912 50176 53248 65728 65920 66304 82432 90112 131096 131152 139272 196672 204800
1 7 112 8197 8204 12289 17920 28672 35840 38912 50176 53248 65728 65920 66304 82432 131096 131152 139272 155648 196672 212992
1 7 112 8197 8204 12289 19456 22528 28672 33536 34304 50176 57344 65560 65616 65728 73736 106496 131456 164096 196736 229376
1 7 112 8197 8204 12289 19456 22528 28672 33536 34304 50176 57344 65560 65616 73736 106496 131264 131456 164096 196672 229376
1 7 112 8197 8204 12289 19456 22528 28672 33536 34304 50176 57344 65728 65920 98560 106496 131096 131152 139272 196672 204800
1 7 112 8197 8204 12289 19456 22528 28672 33536 34304 50176 57344 65920 98560 106496 131096 131152 131264 139272 196736 204800
1 7 112 8197 8204 12289 19456 22528 28672 33536 34304 50176 65560 65616 65728 73736 90112 114688 131456 164096 196736 229376
1 7 112 8197 8204 12289 19456 22528 28672 33536 34304 50176 65560 65616 73736 90112 114688 131264 131456 164096 196672 229376
1 7 112 8197 8204 12289 19456 22528 28672 33536 34304 50176 65728 65920 90112 98560 114688 131096 131152 139272 196672 204800
1 7 112 8197 8204 12289 19456 22528 28672 33536 34304 50176 65728 65920 98560 114688 131096 131152 139272 155648 196672 212992
1 7 112 8197 8204 12289 19456 22528 28672 33536 34304 50176 65920 90112 98560 114688 131096 131152 131264 139272 196736 204800
1 7 112 8197 8204 12289 19456 22528 28672 33536 34304 50176 65920 98560 114688 131096 131152 131264 139272 155648 196736 212992
1 7 112 8197 8204 12289 19456 22528 28672 34304 49664 50176 65728 65920 66304 82432 90112 131096 131152 139272 196672 204800
1 7 112 8197 8204 12289 19456 22528 28672 34304 49664 50176 65728 65920 66304 82432 131096 131152 139272 155648 196672 212992
2 7 112 8197 8204 12289 19456 22528 28672 34304 50176 57344 65560 65616 65728 73736 106496 131456 131840 164352 196736 229376
1 7 112 8197 8204 12289 19456 22528 28672 34304 50176 57344 65560 65616 73736 106496 131264 131456 131840 164352 196672 229376
1 7 112 8197 8204 12289 19456 22528 28672 34304 50176 57344 65728 65920 66304 98816 106496 131096 131152 139272 196672 204800
1 7 112 8197 8204 12289 19456 22528 28672 34304 50176 57344 65920 66304 98816 106496 131096 131152 131264 139272 196736 204800
1 7 112 8197 8204 12289 19456 22528 28672 34304 50176 65560 65616 73736 90112 114688 131264 131456 131840 164352 196672 229376
1 7 112 8197 8204 12289 19456 22528 28672 34304 50176 65728 65920 66304 90112 98816 114688 131096 131152 139272 196672 204800
1 7 112 8197 8204 12289 19456 22528 28672 34304 50176 65728 65920 66304 98816 114688 131096 131152 139272 155648 196672 212992
1 7 112 8197 8204 12289 19456 22528 28672 34304 50176 65920 66304 90112 98816 114688 131096 131152 131264 139272 196736 204800
1 7 112 8197 8204 12289 22528 28672 34304 35840 49664 51200 65728 65920 66304 82432 90112 131096 131152 139272 196672 204800
1 7 112 8197 8204 12289 22528 28672 34304 35840 49664 51200 65728 65920 66304 82432 131096 131152 139272 155648 196672 212992
1 7 112 8197 8204 12289 22528 28672 34304 35840 51200 57344 65728 65920 66304 98816 106496 131096 131152 139272 196672 204800
1 7 112 8197 8204 12289 22528 28672 34304 35840 51200 57344 65728 65920 66304 98816 131096 131152 139272 172032 196672 229376
1 7 112 8197 8204 12289 22528 28672 34304 35840 51200 65728 65920 66304 90112 98816 114688 131096 131152 139272 196672 204800
1 7 112 8197 8204 12289 22528 28672 34304 35840 51200 65728 65920 66304 98816 114688 131096 131152 139272 155648 196672 212992
1 7 112 8197 8204 12289 22528 28672 34304 35840 51200 65728 65920 66304 98816 131096 131152 139272 155648 180224 196672 229376
1 7 112 8197 8204 12289 24584 28672 34304 35840 38912 53248 65560 65616 81928 114688 131264 131456 131840 164352 196672 229376
1 7 112 8197 8204 12289 24584 28672 34304 35840 38912 53248 65728 65920 66304 98816 114688 131096 131152 147464 196672 212992
1 7 112 8197 8204 12289 28672 34304 35840 38912 49664 53248 65728 65920 66304 82432 90112 131096 131152 139272 196672 204800
1 7 112 8197 8204 12289 28672 34304 35840 38912 49664 53248 65728 65920 66304 82432 131096 131152 139272 155648 196672 212992
1 7 112 8197 8204 12289 28672 34304 35840 38912 53248 57344 65560 65616 73736 106496 131264 131456 131840 164352 196672 229376
1 7 112 8197 8204 12289 28672 34304 35840 38912 53248 57344 65728 65920 66304 98816 106496 131096 131152 139272 196672 204800
1 7 112 8197 8204 12289 28672 34304 35840 38912 53248 65560 65616 73736 90112 114688 131264 131456 131840 164352 196672 229376
1 7 112 8197 8204 12289 28672 34304 35840 38912 53248 65728 65920 66304 90112 98816 114688 131096 131152 139272 196672 204800
1 7 112 8197 8204 12289 28672 34304 35840 38912 53248 65728 65920 66304 98816 114688 131096 131152 139272 155648 196672 212992
1 7 112 8197 8204 16408 24577 24584 32848 32960 33152 49168 66304 67072 68608 98560 114688 135169 137216 147457 198656 212992
1 7 112 8197 8204 16408 24577 24584 32848 32960 33152 49168 66304 67072 98560 114688 134144 135169 137216 147457 197632 212992
1 7 112 8197 8204 16408 24577 24584 32848 32960 33152 49168 68608 69633 71680 81921 114688 131840 132608 164096 197632 229376
1 7 112 8197 8204 16408 24577 24584 32848 32960 33152 49168 69633 71680 81921 114688 131840 132608 134144 164096 198656 229376
1 7 112 8197 8204 16408 24577 24584 32848 32960 49168 65920 66304 67072 98432 114688 134144 135169 137216 147457 197632 212992
1 7 112 8197 8204 16408 24577 24584 32848 32960 49168 65920 66304 98432 114688 132608 134144 135169 137216 147457 197120 212992
1 7 112 8197 8204 16408 24577 24584 32848 32960 49168 67072 68608 69633 71680 81921 114688 131456 131840 163968 197120 229376
1 7 112 8197 8204 16408 24577 24584 32848 32960 49168 68608 69633 71680 81921 114688 131456 131840 132608 163968 197632 229376
1 7 112 8197 8204 16408 24577 24584 32848 49168 65728 65920 66304 98368 114688 132608 134144 135169 137216 147457 197120 212992
1 7 112 8197 8204 16408 24577 24584 32848 49168 67072 68608 69633 71680 81921 114688 131264 131456 131840 163904 197120 229376
1 7 112 8197 8204 17920 18433 19456 24577 32792 32848 40968 57344 65728 65920 66304 82432 98368 114688 133121 135169 137216
1 7 112 8197 8204 17920 18433 19456 24577 32960 33152 33536 49664 57344 65560 65616 73736 98368 106496 133121 135169 137216
1 7 112 8197 8204 17920 19456 20481 22528 24577 32792 32848 40968 57344 65728 65920 66304 82432 114688 163904 196672 229376
1 7 112 8197 8204 17920 19456 20481 22528 24577 32792 32848 40968 57344 65728 65920 66304 98368 114688 147968 197120 212992
1 7 112 8197 8204 17920 19456 20481 22528 24577 32792 32848 40968 57344 65728 65920 82432 98368 114688 131840 196864 197120
1 7 112 8197 8204 17920 19456 20481 22528 24577 32792 32848 40968 57344 65728 65920 98368 114688 131840 147968 196864 212992
1 7 112 8197 8204 17920 19456 20481 22528 24577 32792 32848 40968 57344 65728 66304 82432 98368 114688 131456 196736 196864
1 7 112 8197 8204 17920 19456 20481 22528 24577 32792 32848 40968 57344 65728 82432 98368 114688 131456 131840 196736 197120
1 7 112 8197 8204 17920 19456 20481 22528 24577 32792 32848 40968 57344 65728 98368 114688 131456 131840 147968 196736 212992
1 7 112 8197 8204 17920 19456 20481 22528 24577 32792 32848 40968 57344 65920 66304 82432 98368 114688 131264 196672 196736
1 7 112 8197 8204 17920 19456 20481 22528 24577 32792 32848 40968 57344 65920 66304 82432 114688 131264 163904 196736 229376
1 7 112 8197 8204 17920 19456 20481 22528 24577 32792 32848 40968 57344 66304 82432 98368 114688 131264 131456 196672 196864
1 7 112 8197 8204 17920 19456 20481 22528 24577 32792 32848 40968 57344 66304 82432 114688 131264 131456 163904 196864 229376
1 7 112 8197 8204 17920 19456 20481 22528 24577 32792 32848 40968 57344 82432 98368 114688 131264 131456 131840 196672 197120
1 7 112 8197 8204 17920 19456 20481 22528 24577 32792 32848 40968 57344 82432 114688 131264 131456 131840 163904 197120 229376
1 7 112 8197 8204 17920 19456 20481 22528 24577 32792 32848 40968 57344 98368 114688 131264 131456 131840 147968 196672 212992
1 7 112 8197 8204 17920 19456 20481 22528 24577 32792 32848 40968 57344 114688 131264 131456 131840 147968 163904 212992 229376
1 7 112 8197 8204 17920 19456 20481 22528 24577 32792 32848 57344 65728 65920 66304 82432 98368 114688 139272 163848 172032
1 7 112 8197 8204 17920 19456 20481 22528 24577 32792 40968 57344 65616 65728 98320 114688 131456 131840 147968 196736 212992
1 7 112 8197 8204 17920 19456 20481 22528 24577 32792 40968 57344 65616 98320 114688 131264 131456 131840 147968 196672 212992
1 7 112 8197 8204 17920 19456 20481 22528 24577 32792 40968 57344 65728 65920 66304 82432 98368 114688 131152 163856 163904
1 7 112 8197 8204 17920 19456 20481 22528 24577 32792 40968 57344 65728 65920 66304 82432 114688 131152 163856 196672 229376
1 7 112 8197 8204 17920 19456 20481 22528 24577 32792 40968 57344 65920 66304 82432 114688 131152 131264 163856 196736 229376
1 7 112 8197 8204 17920 19456 20481 22528 24577 32848 32960 40976 57344 65920 66304 82432 98432 114688 131096 139272 139280
1 7 112 8197 8204 17920 19456 20481 22528 24577 32848 32960 57344 65920 66304 82432 98432 114688 131096 139272 163856 172032
1 7 112 8197 8204 17920 19456 20481 22528 24577 32848 40968 57344 65728 65920 66304 82432 98368 114688 131096 163848 163856
1 7 112 8197 8204 17920 19456 20481 22528 24577 32848 40976 57344 65728 65920 66304 82432 98368 114688 131096 139272 139280
1 7 112 8197 8204 17920 19456 20481 22528 24577 32848 57344 65728 65920 66304 82432 98368 114688 131096 139272 163856 172032
1 7 112 8197 8204 17920 19456 20481 22528 24577 32960 33152 33536 49664 57344 65560 65616 73736 98368 172032 204800 229376
1 7 112 8197 8204 17920 19456 20481 22528 24577 32960 33152 33536 49664 57344 65560 65616 98368 106496 139272 196616 204800
1 7 112 8197 8204 17920 19456 20481 22528 24577 32960 33152 33536 49664 57344 65560 65616 98368 139272 172032 196616 229376
1 7 112 8197 8204 17920 19456 20481 22528 24577 32960 33152 33536 49664 57344 65560 73736 98368 106496 131152 196624 196672
1 7 112 8197 8204 17920 19456 20481 22528 24577 32960 33152 33536 49664 57344 65616 73736 98368 106496 131096 196616 196624
1 7 112 8197 8204 17920 19456 20481 22528 24577 32960 33152 33536 49664 57344 65616 73744 98368 106496 131096 139272 139280
1 7 112 8197 8204 17920 19456 20481 22528 24577 32960 33152 33536 49664 57344 65616 98368 106496 131096 139272 196624 204800
1 7 112 8197 8204 17920 19456 20481 22528 24577 32960 33152 33536 49664 57344 65616 98368 131096 139272 172032 196624 229376
1 7 112 8197 8204 17920 19456 20481 22528 24577 32960 33152 33536 49664 57344 73736 98368 106496 131096 131152 196616 196672
1 7 112 8197 8204 17920 19456 20481 22528 24577 32960 33152 33536 49664 57344 98368 106496 131096 131152 139272 196672 204800
1 7 112 8197 8204 17920 19456 20481 22528 24577 32960 33152 33536 49664 57344 98368 131096 131152 139272 172032 196672 229376
1 7 112 8197 8204 17920 19456 20481 22528 24577 32960 33152 33536 57344 82432 98816 114688 131096 131152 139272 163904 172032
1 7 112 8197 8204 17920 19456 20481 22528 24577 32960 33152 49664 57344 66304 98560 98816 131096 131152 139272 163904 172032
1 7 112 8197 8204 17920 19456 20481 22528 24577 32960 33152 57344 66304 82432 98560 114688 131096 131152 139272 163904 172032
1 7 112 8197 8204 17920 19456 20481 22528 24577 32960 33536 49664 57344 65920 98432 98560 131096 131152 139272 163904 172032
1 7 112 8197 8204 17920 19456 20481 22528 24577 32960 49664 57344 65920 66304 98432 98816 131096 131152 139272 163904 172032
1 7 112 8197 8204 17920 19456 20481 22528 24577 32960 57344 65920 66304 82432 98432 114688 131096 131152 139272 163904 172032
1 7 112 8197 8204 17920 19456 20481 22528 24577 33152 33536 49664 57344 65616 65728 73744 98432 106496 131096 139272 139280
1 7 112 8197 8204 17920 19456 20481 22528 24577 33152 33536 49664 57344 65616 65728 98432 106496 131096 139272 196624 204800
1 7 112 8197 8204 17920 19456 20481 22528 24577 33152 33536 49664 57344 65616 65728 98432 131096 139272 172032 196624 229376
1 7 112 8197 8204 17920 19456 20481 22528 24577 33152 33536 49664 57344 65728 98368 98432 131096 131152 139272 163904 172032
1 7 112 8197 8204 17920 19456 20481 22528 24577 33152 33536 49664 57344 65728 98432 106496 131096 131152 139272 196672 204800
1 7 112 8197 8204 17920 19456 20481 22528 24577 33152 33536 49664 57344 65728 98432 131096 131152 139272 172032 196672 229376
1 7 112 8197 8204 17920 19456 20481 22528 24577 33536 49664 57344 65728 65920 98368 98560 131096 131152 139272 163904 172032
1 7 112 8197 8204 17920 19456 20481 22528 24577 33536 49664 57344 65728 65920 98560 106496 131096 131152 139272 196672 204800
1 7 112 8197 8204 17920 19456 20481 22528 24577 33536 49664 57344 65728 65920 98560 131096 131152 139272 172032 196672 229376
1 7 112 8197 8204 17920 19456 20481 22528 24577 40968 57344 65560 65616 98312 114688 131264 131456 131840 147968 196672 212992
1 7 112 8197 8204 17920 19456 20481 22528 24577 40968 57344 65728 65920 66304 82432 98368 114688 131096 131152 163848 163904
1 7 112 8197 8204 17920 19456 20481 22528 24577 40968 57344 65728 65920 66304 82432 114688 131096 131152 163848 196672 229376
1 7 112 8197 8204 17920 19456 20481 22528 24577 49664 57344 65728 65920 66304 98368 98816 131096 131152 139272 163904 172032
1 7 112 8197 8204 17920 19456 20481 22528 24577 49664 57344 65728 65920 66304 98816 106496 131096 131152 139272 196672 204800
1 7 112 8197 8204 17920 19456 20481 22528 24577 49664 57344 65728 65920 66304 98816 131096 131152 139272 172032 196672 229376
1 7 112 8197 8204 17920 19456 20481 22528 24577 57344 65560 65616 73736 106496 114688 131264 131456 131840 147968 196672 212992
1 7 112 8197 8204 17920 19456 20481 22528 24577 57344 65728 65920 66304 82432 98368 114688 131096 131152 139272 163904 172032
1 7 112 8197 8204 17920 19456 20481 22528 24577 57344 65728 65920 66304 82432 106496 114688 131096 131152 139272 196672 204800
1 7 112 8197 8204 17920 19456 20481 22528 24577 57344 65728 65920 66304 82432 114688 131096 131152 139272 172032 196672 229376
1 7 112 8197 8204 17920 19456 20481 24577 32792 32848 40968 57344 65728 65920 66304 82432 98368 114688 137216 149504 151552
1 7 112 8197 8204 17920 19456 20481 24577 32960 33152 33536 49664 57344 65560 65616 73736 98368 106496 137216 149504 151552
1 7 112 8197 8204 17920 19456 22528 24577 32792 32848 40968 57344 65728 65920 66304 82432 98368 114688 135169 147457 151552
1 7 112 8197 8204 17920 19456 22528 24577 32960 33152 33536 49664 57344 65560 65616 73736 98368 106496 135169 147457 151552
1 7 112 8197 8204 17920 19456 24577 32792 32848 40968 57344 65728 65920 66304 82432 98368 114688 135169 137216 147457 149504
1 7 112 8197 8204 17920 19456 24577 32960 33152 33536 49664 57344 65560 65616 73736 98368 106496 135169 137216 147457 149504
1 7 112 8197 8204 17920 20481 22528 24577 32792 32848 40968 57344 65728 65920 66304 82432 98368 114688 134144 148480 149504
1 7 112 8197 8204 17920 20481 22528 24577 32960 33152 33536 49664 57344 65560 65616 73736 98368 106496 134144 148480 149504
1 7 112 8197 8204 17920 20481 24577 32792 32848 40968 57344 65728 65920 66304 82432 98368 114688 134144 137216 148480 151552
1 7 112 8197 8204 17920 20481 24577 32960 33152 33536 49664 57344 65560 65616 73736 98368 106496 134144 137216 148480 151552
1 7 112 8197 8204 17920 24577 32792 32848 40968 57344 65728 65920 66304 82432 98368 114688 134144 135169 137216 147457 148480
1 7 112 8197 8204 17920 24577 32960 33152 33536 49664 57344 65560 65616 73736 98368 106496 134144 135169 137216 147457 148480
1 7 112 8197 8204 19456 20481 22528 24577 32792 32848 40968 57344 65728 65920 66304 67072 82944 114688 163904 196672 229376
1 7 112 8197 8204 19456 20481 22528 24577 32792 32848 40968 57344 65728 65920 66304 82432 98368 114688 132608 147968 148480
1 7 112 8197 8204 19456 20481 22528 24577 32792 32848 40968 57344 65728 65920 66304 82944 98368 114688 132608 197120 197632
1 7 112 8197 8204 19456 20481 22528 24577 32792 32848 40968 57344 65728 65920 66304 98368 114688 132608 148480 197120 212992
1 7 112 8197 8204 19456 20481 22528 24577 32792 32848 40968 57344 65728 65920 82944 98368 114688 131840 132608 196864 197632
1 7 112 8197 8204 19456 20481 22528 24577 32792 32848 40968 57344 65728 65920 98368 114688 131840 132608 148480 196864 212992
1 7 112 8197 8204 19456 20481 22528 24577 32792 32848 40968 57344 65728 82944 98368 114688 131456 131840 132608 196736 197632
1 7 112 8197 8204 19456 20481 22528 24577 32792 32848 40968 57344 65728 98368 114688 131456 131840 132608 148480 196736 212992
1 7 112 8197 8204 19456 20481 22528 24577 32792 32848 40968 57344 65920 66304 67072 82944 98432 114688 131264 163904 163968
1 7 112 8197 8204 19456 20481 22528 24577 32792 32848 40968 57344 65920 66304 67072 82944 114688 131264 163904 196736 229376
1 7 112 8197 8204 19456 20481 22528 24577 32792 32848 40968 57344 66304 67072 82944 114688 131264 131456 163904 196864 229376
1 7 112 8197 8204 19456 20481 22528 24577 32792 32848 40968 57344 67072 82944 114688 131264 131456 131840 163904 197120 229376
1 7 112 8197 8204 19456 20481 22528 24577 32792 32848 40968 57344 82944 98368 114688 131264 131456 131840 132608 196672 197632
1 7 112 8197 8204 19456 20481 22528 24577 32792 32848 40968 57344 98368 114688 131264 131456 131840 132608 148480 196672 212992
1 7 112 8197 8204 19456 20481 22528 24577 32792 32960 40968 57344 65920 66304 67072 82944 98432 114688 131152 163856 163904
1 7 112 8197 8204 19456 20481 22528 24577 32792 40968 57344 65616 65728 65920 98320 114688 131840 132608 148480 196864 212992
1 7 112 8197 8204 19456 20481 22528 24577 32792 40968 57344 65616 65728 98320 114688 131456 131840 132608 148480 196736 212992
1 7 112 8197 8204 19456 20481 22528 24577 32792 40968 57344 65616 98320 114688 131264 131456 131840 132608 148480 196672 212992
1 7 112 8197 8204 19456 20481 22528 24577 32792 40968 57344 65728 65920 66304 67072 82944 98368 114688 131152 163856 163904
1 7 112 8197 8204 19456 20481 22528 24577 32792 40968 57344 65728 65920 66304 67072 82944 114688 131152 163856 196672 229376
1 7 112 8197 8204 19456 20481 22528 24577 32792 40968 57344 65920 66304 67072 82944 98432 114688 131152 131264 163856 163968
1 7 112 8197 8204 19456 20481 22528 24577 32792 40968 57344 65920 66304 67072 82944 114688 131152 131264 163856 196736 229376
1 7 112 8197 8204 19456 20481 22528 24577 32792 40968 57344 66304 67072 82944 114688 131152 131264 131456 163856 196864 229376
1 7 112 8197 8204 19456 20481 22528 24577 32848 32960 33152 40976 57344 66304 67072 82944 98560 114688 131096 139272 139280
1 7 112 8197 8204 19456 20481 22528 24577 32848 32960 33152 57344 66304 67072 82944 98560 114688 131096 139272 163856 172032
1 7 112 8197 8204 19456 20481 22528 24577 32848 32960 40968 57344 65920 66304 67072 82944 98432 114688 131096 163848 163856
1 7 112 8197 8204 19456 20481 22528 24577 32848 32960 40976 57344 65920 66304 67072 82944 98432 114688 131096 139272 139280
1 7 112 8197 8204 19456 20481 22528 24577 32848 32960 57344 65920 66304 67072 82944 98432 114688 131096 139272 163856 172032
1 7 112 8197 8204 19456 20481 22528 24577 32848 40968 57344 65728 65920 66304 67072 82944 98368 114688 131096 163848 163856
1 7 112 8197 8204 19456 20481 22528 24577 32848 57344 65728 65920 66304 67072 82944 98368 114688 131096 139272 163856 172032
1 7 112 8197 8204 19456 20481 22528 24577 32960 33152 33536 34304 50176 57344 65560 73736 98368 106496 131152 196624 196672
1 7 112 8197 8204 19456 20481 22528 24577 32960 33152 33536 34304 50176 57344 65616 73736 98368 106496 131096 196616 196624
1 7 112 8197 8204 19456 20481 22528 24577 32960 33152 33536 34304 50176 57344 65616 98368 106496 131096 139272 196624 204800
1 7 112 8197 8204 19456 20481 22528 24577 32960 33152 33536 34304 50176 57344 65616 98368 131096 139272 172032 196624 229376
1 7 112 8197 8204 19456 20481 22528 24577 32960 33152 33536 34304 50176 57344 73736 98368 106496 131096 131152 196616 196672
1 7 112 8197 8204 19456 20481 22528 24577 32960 33152 33536 34304 50176 57344 98368 106496 131096 131152 139272 196672 204800
1 7 112 8197 8204 19456 20481 22528 24577 32960 33152 33536 34304 50176 57344 98368 131096 131152 139272 172032 196672 229376
1 7 112 8197 8204 19456 20481 22528 24577 32960 33152 50176 57344 66304 67072 98560 99328 131096 131152 139272 163904 172032
1 7 112 8197 8204 19456 20481 22528 24577 32960 33152 57344 66304 67072 82944 98560 114688 131096 131152 139272 163904 172032
1 7 112 8197 8204 19456 20481 22528 24577 32960 40968 57344 65920 66304 67072 82944 98432 114688 131096 131152 163848 163904
1 7 112 8197 8204 19456 20481 22528 24577 32960 50176 57344 65920 66304 67072 98432 99328 131096 131152 139272 163904 172032
1 7 112 8197 8204 19456 20481 22528 24577 32960 57344 65920 66304 67072 82944 98432 114688 131096 131152 139272 163904 172032
1 7 112 8197 8204 19456 20481 22528 24577 33152 33536 34304 50176 57344 65560 65616 73736 98432 106496 131264 196672 196736
1 7 112 8197 8204 19456 20481 22528 24577 33152 33536 34304 50176 57344 65560 65728 73736 98432 106496 131152 196624 196672
1 7 112 8197 8204 19456 20481 22528 24577 33152 33536 34304 50176 57344 65560 73736 98432 106496 131152 131264 196624 196736
1 7 112 8197 8204 19456 20481 22528 24577 33152 33536 34304 50176 57344 65616 65728 73736 98432 106496 131096 196616 196624
1 7 112 8197 8204 19456 20481 22528 24577 33152 33536 34304 50176 57344 65616 65728 73744 98432 106496 131096 139272 139280
1 7 112 8197 8204 19456 20481 22528 24577 33152 33536 34304 50176 57344 65616 65728 98432 106496 131096 139272 196624 204800
1 7 112 8197 8204 19456 20481 22528 24577 33152 33536 34304 50176 57344 65616 65728 98432 131096 139272 172032 196624 229376
1 7 112 8197 8204 19456 20481 22528 24577 33152 33536 34304 50176 57344 65728 73736 98432 106496 131096 131152 196616 196672
1 7 112 8197 8204 19456 20481 22528 24577 33152 33536 34304 50176 57344 65728 98432 106496 131096 131152 139272 196672 204800
1 7 112 8197 8204 19456 20481 22528 24577 33152 33536 34304 50176 57344 65728 98432 131096 131152 139272 172032 196672 229376
1 7 112 8197 8204 19456 20481 22528 24577 33536 34304 50176 57344 65616 65728 65920 73744 98560 106496 131096 139272 139280
1 7 112 8197 8204 19456 20481 22528 24577 33536 34304 50176 57344 65616 65728 65920 98560 106496 131096 139272 196624 204800
1 7 112 8197 8204 19456 20481 22528 24577 33536 34304 50176 57344 65616 65728 65920 98560 131096 139272 172032 196624 229376
1 7 112 8197 8204 19456 20481 22528 24577 33536 34304 50176 57344 65728 65920 98560 106496 131096 131152 139272 196672 204800
1 7 112 8197 8204 19456 20481 22528 24577 33536 34304 50176 57344 65728 65920 98560 131096 131152 139272 172032 196672 229376
2 7 112 8197 8204 19456 20481 22528 24577 34304 50176 57344 65728 65920 66304 98816 131096 131152 139272 172032 196672 229376
1 7 112 8197 8204 19456 20481 22528 24577 40968 57344 65728 65920 66304 67072 82944 98368 114688 131096 131152 163848 163904
1 7 112 8197 8204 19456 20481 22528 24577 50176 57344 65728 65920 66304 67072 98368 99328 131096 131152 139272 163904 172032
1 7 112 8197 8204 19456 20481 22528 24577 57344 65728 65920 66304 67072 82944 98368 114688 131096 131152 139272 163904 172032
1 7 112 8197 8204 20481 22528 24577 32792 32848 40968 57344 65728 65920 98368 114688 131840 132608 134144 149504 196864 212992
1 7 112 8197 8204 20481 22528 24577 32792 32848 40968 57344 66304 67072 68608 83968 114688 131264 131456 163904 196864 229376
1 7 112 8197 8204 20481 22528 24577 32792 40968 57344 65616 65728 65920 98320 114688 131840 132608 134144 149504 196864 212992
1 7 112 8197 8204 20481 22528 24577 32792 40968 57344 66304 67072 68608 83968 114688 131152 131264 131456 163856 196864 229376
1 7 112 8197 8204 20481 22528 24577 32848 32960 33152 40976 57344 66304 67072 68608 83968 98560 114688 131096 139272 139280
1 7 112 8197 8204 20481 22528 24577 32848 32960 33152 57344 66304 67072 68608 83968 98560 114688 131096 139272 163856 172032
1 7 112 8197 8204 20481 22528 24577 33536 34304 35840 51200 57344 65616 65728 65920 73744 98560 106496 131096 139272 139280
1 7 112 8197 8204 20481 22528 24577 33536 34304 35840 51200 57344 65616 65728 65920 98560 106496 131096 139272 196624 204800
1 7 112 8197 8204 20481 22528 24577 33536 34304 35840 51200 57344 65616 65728 65920 98560 131096 139272 172032 196624 229376
2 7 112 8197 8204 20481 22528 24577 33536 34304 35840 51200 57344 65728 65920 98560 131096 131152 139272 172032 196672 229376
1 7 112 8197 8212 19456 20481 22528 24577 32848 32960 33152 40976 57344 66304 67072 82944 98560 114688 131084 131092 131096
1 7 112 8197 8212 19456 20481 22528 24577 32848 32960 40976 57344 65920 66304 67072 82944 98432 114688 131084 131092 131096
1 7 112 8197 8212 19456 20481 22528 24577 33152 33536 34304 50176 57344 65616 65728 73744 98432 106496 131084 131092 131096
1 7 112 8197 8212 19456 20481 22528 24577 33536 34304 50176 57344 65616 65728 65920 73744 98560 106496 131084 131092 131096
1 7 112 8197 8212 20481 22528 24577 32848 32960 33152 40976 57344 66304 67072 68608 83968 98560 114688 131084 131092 131096
1 7 112 8197 8212 20481 22528 24577 33536 34304 35840 51200 57344 65616 65728 65920 73744 98560 106496 131084 131092 131096
1 7 112 8197 8216 17920 19456 20481 22528 24577 32848 32960 40976 57344 65920 66304 82432 98432 114688 131084 139268 139272
1 7 112 8197 8216 17920 19456 20481 22528 24577 32848 40976 57344 65728 65920 66304 82432 98368 114688 131084 139268 139272
1 7 112 8197 8216 17920 19456 20481 22528 24577 32960 33152 33536 49664 57344 65616 73744 98368 106496 131084 139268 139272
1 7 112 8197 8216 17920 19456 20481 22528 24577 33152 33536 49664 57344 65616 65728 73744 98432 106496 131084 139268 139272
1 7 112 8197 8216 19456 20481 22528 24577 32848 32960 33152 40976 57344 66304 67072 82944 98560 114688 131084 139268 139272
1 7 112 8197 8216 19456 20481 22528 24577 32848 32960 40976 57344 65920 66304 67072 82944 98432 114688 131084 139268 139272
1 7 112 8197 8216 19456 20481 22528 24577 33152 33536 34304 50176 57344 65616 65728 73744 98432 106496 131084 139268 139272
1 7 112 8197 8216 19456 20481 22528 24577 33536 34304 50176 57344 65616 65728 65920 73744 98560 106496 131084 139268 139272
1 7 112 8197 8216 20481 22528 24577 32848 32960 33152 40976 57344 66304 67072 68608 83968 98560 114688 131084 139268 139272
1 7 112 8197 8216 20481 22528 24577 33536 34304 35840 51200 57344 65616 65728 65920 73744 98560 106496 131084 139268 139272
1 7 112 8197 12289 14336 17152 17920 19456 26624 32780 32792 40964 57344 65616 65728 98320 114688 131456 147712 196736 212992
1 7 112 8197 12289 14336 17152 17920 19456 26624 32780 32792 40964 57344 65616 98320 114688 131264 131456 147712 196672 212992
1 7 112 8197 12289 14336 17152 17920 19456 26624 32780 32792 40964 57344 65728 65920 82176 98368 114688 131152 163856 163904
1 7 112 8197 12289 14336 17152 17920 19456 26624 32780 32792 40964 57344 65728 65920 82176 114688 131152 163856 196672 229376
1 7 112 8197 12289 14336 17152 17920 19456 26624 32780 32792 40964 57344 65920 82176 114688 131152 131264 163856 196736 229376
1 7 112 8197 12289 14336 17152 17920 19456 26624 32848 32960 57344 65920 82176 98432 114688 131084 131096 139268 163856 172032
1 7 112 8197 12289 14336 17152 17920 19456 26624 32848 40964 57344 65728 65920 82176 98368 114688 131084 131096 163844 163856
1 7 112 8197 12289 14336 17152 17920 19456 26624 32848 57344 65728 65920 82176 98368 114688 131084 131096 139268 163856 172032
1 7 112 8197 12289 14336 17152 17920 19456 26624 32960 33152 49408 57344 65548 65560 73732 98368 106496 131152 196624 196672
1 7 112 8197 12289 14336 17152 17920 19456 26624 32960 33152 49408 57344 65616 73732 98368 106496 131084 131096 196612 196624
1 7 112 8197 12289 14336 17152 17920 19456 26624 32960 33152 49408 57344 65616 98368 106496 131084 131096 139268 196624 204800
1 7 112 8197 12289 14336 17152 17920 19456 26624 32960 33152 49408 57344 65616 98368 131084 131096 139268 172032 196624 229376
1 7 112 8197 12289 14336 17152 17920 19456 26624 33152 49408 57344 65616 65728 98432 106496 131084 131096 139268 196624 204800
1 7 112 8197 12289 14336 17152 17920 19456 26624 33152 49408 57344 65616 65728 98432 131084 131096 139268 172032 196624 229376
1 7 112 8197 12289 14336 17920 19456 26624 32780 32792 40964 57344 65616 65728 98320 114688 131456 131840 147968 196736 212992
1 7 112 8197 12289 14336 17920 19456 26624 32780 32792 40964 57344 65616 98320 114688 131264 131456 131840 147968 196672 212992
1 7 112 8197 12289 14336 17920 19456 26624 32780 32792 40964 57344 65728 65920 66304 82432 98368 114688 131152 163856 163904
1 7 112 8197 12289 14336 17920 19456 26624 32780 32792 40964 57344 65728 65920 66304 82432 114688 131152 163856 196672 229376
1 7 112 8197 12289 14336 17920 19456 26624 32780 32792 40964 57344 65920 66304 82432 114688 131152 131264 163856 196736 229376
1 7 112 8197 12289 14336 17920 19456 26624 32848 32960 57344 65920 66304 82432 98432 114688 131084 131096 139268 163856 172032
1 7 112 8197 12289 14336 17920 19456 26624 32848 40964 57344 65728 65920 66304 82432 98368 114688 131084 131096 163844 163856
1 7 112 8197 12289 14336 17920 19456 26624 32848 57344 65728 65920 66304 82432 98368 114688 131084 131096 139268 163856 172032
1 7 112 8197 12289 14336 17920 19456 26624 32960 33152 33536 49664 57344 65548 65560 73732 98368 106496 131152 196624 196672
1 7 112 8197 12289 14336 17920 19456 26624 32960 33152 33536 49664 57344 65616 73732 98368 106496 131084 131096 196612 196624
1 7 112 8197 12289 14336 17920 19456 26624 32960 33152 33536 49664 57344 65616 98368 106496 131084 131096 139268 196624 204800
1 7 112 8197 12289 14336 17920 19456 26624 32960 33152 33536 49664 57344 65616 98368 131084 131096 139268 172032 196624 229376
1 7 112 8197 12289 14336 17920 19456 26624 33152 33536 49664 57344 65616 65728 98432 106496 131084 131096 139268 196624 204800
1 7 112 8197 12289 14336 17920 19456 26624 33152 33536 49664 57344 65616 65728 98432 131084 131096 139268 172032 196624 229376
1 7 112 8197 12289 17920 19456 22528 28672 32960 33152 33536 49664 57344 65548 65560 73732 98368 106496 131152 196624 196672
1 7 112 8197 12289 17920 19456 22528 28672 32960 33152 33536 49664 57344 65616 73732 98368 106496 131084 131096 196612 196624
1 7 112 8197 12289 17920 19456 22528 28672 32960 33152 33536 49664 57344 65616 98368 106496 131084 131096 139268 196624 204800
1 7 112 8197 12289 17920 19456 22528 28672 32960 33152 33536 49664 57344 65616 98368 131084 131096 139268 172032 196624 229376
1 7 112 8197 12289 17920 19456 22528 28672 32960 33152 33536 49664 65548 65560 73732 90112 98368 114688 131152 196624 196672
1 7 112 8197 12289 17920 19456 22528 28672 32960 33152 33536 49664 65616 73732 90112 98368 114688 131084 131096 196612 196624
1 7 112 8197 12289 17920 19456 22528 28672 32960 33152 33536 49664 65616 90112 98368 114688 131084 131096 139268 196624 204800
1 7 112 8197 12289 17920 19456 22528 28672 32960 33152 33536 49664 65616 98368 114688 131084 131096 139268 155648 196624 212992
1 7 112 8197 12289 17920 19456 22528 28672 32960 33152 33536 49664 65616 98368 131084 131096 139268 155648 180224 196624 229376
1 7 112 8197 12289 17920 19456 22528 28672 33152 33536 49664 57344 65616 65728 98432 106496 131084 131096 139268 196624 204800
1 7 112 8197 12289 17920 19456 22528 28672 33152 33536 49664 57344 65616 65728 98432 131084 131096 139268 172032 196624 229376
1 7 112 8197 12289 17920 19456 22528 28672 33152 33536 49664 65616 65728 90112 98432 114688 131084 131096 139268 196624 204800
1 7 112 8197 12289 17920 19456 22528 28672 33152 33536 49664 65616 65728 98432 114688 131084 131096 139268 155648 196624 212992
1 7 112 8197 12289 17920 19456 22528 28672 33152 33536 49664 65616 65728 98432 131084 131096 139268 155648 180224 196624 229376
1 7 112 8197 12289 19456 22528 28672 32960 33152 33536 34304 50176 57344 65548 65560 73732 98368 106496 131152 196624 196672
1 7 112 8197 12289 19456 22528 28672 32960 33152 33536 34304 50176 57344 65548 65560 73732 106496 131152 163904 196624 229376
1 7 112 8197 12289 19456 22528 28672 32960 33152 33536 34304 50176 57344 65616 73732 98368 106496 131084 131096 196612 196624
1 7 112 8197 12289 19456 22528 28672 32960 33152 33536 34304 50176 57344 65616 98368 106496 131084 131096 139268 196624 204800
1 7 112 8197 12289 19456 22528 28672 32960 33152 33536 34304 50176 65548 65560 73732 90112 98368 114688 131152 196624 196672
1 7 112 8197 12289 19456 22528 28672 32960 33152 33536 34304 50176 65548 65560 73732 90112 114688 131152 163904 196624 229376
1 7 112 8197 12289 19456 22528 28672 32960 33152 33536 34304 50176 65616 73732 90112 98368 114688 131084 131096 196612 196624
1 7 112 8197 12289 19456 22528 28672 32960 33152 33536 34304 50176 65616 90112 98368 114688 131084 131096 139268 196624 204800
1 7 112 8197 12289 19456 22528 28672 32960 33152 33536 34304 50176 65616 98368 114688 131084 131096 139268 155648 196624 212992
1 7 112 8197 16396 16408 24577 24580 32848 49168 65728 65920 66304 98368 114688 132608 134144 135169 137216 147457 197120 212992
1 7 112 8197 16396 16408 24577 24580 32848 49168 65728 65920 66304 98368 132608 134144 135169 137216 147457 180224 197120 229376
1 7 112 8197 17920 19456 20481 22528 24577 32780 32792 40964 57344 65616 98320 114688 131264 131456 131840 147968 196672 212992
1 7 112 8197 17920 19456 20481 22528 24577 32780 32792 40964 57344 65728 65920 66304 82432 114688 131152 163856 196672 229376
1 7 112 8197 17920 19456 20481 22528 24577 32848 40976 57344 65728 65920 66304 82432 98368 114688 131084 131096 139268 139280
1 7 112 8197 17920 19456 20481 22528 24577 32848 57344 65728 65920 66304 82432 98368 114688 131084 131096 139268 163856 172032
1 7 112 8197 17920 19456 20481 22528 24577 32960 33152 33536 49664 57344 65616 73744 98368 106496 131084 131096 139268 139280
1 7 112 8197 17920 19456 20481 22528 24577 32960 33152 33536 49664 57344 65616 98368 106496 131084 131096 139268 196624 204800
1 7 112 8197 17920 19456 20481 22528 24577 32960 33152 33536 49664 57344 65616 98368 131084 131096 139268 172032 196624 229376
1 7 224 8197 8204 8216 18433 19456 24577 32816 32928 40976 57344 65920 66304 67072 82944 98432 114688 133121 135169 137216
1 7 224 8197 8204 8216 18433 19456 24577 33152 33536 34304 50176 57344 65584 65696 73744 98432 106496 133121 135169 137216
1 7 224 8197 8204 8216 19456 20481 22528 24577 32816 32928 33152 40976 57344 66304 67072 82944 114688 164096 196864 229376
1 7 224 8197 8204 8216 19456 20481 22528 24577 32816 32928 33152 40976 57344 66304 67072 98560 114688 148480 197632 212992
1 7 224 8197 8204 8216 19456 20481 22528 24577 32816 32928 33152 40976 57344 66304 82944 98560 114688 132608 197120 197632
1 7 224 8197 8204 8216 19456 20481 22528 24577 32816 32928 33152 40976 57344 66304 98560 114688 132608 148480 197120 212992
1 7 224 8197 8204 8216 19456 20481 22528 24577 32816 32928 33152 40976 57344 67072 82944 98560 114688 131840 196864 197120
1 7 224 8197 8204 8216 19456 20481 22528 24577 32816 32928 33152 40976 57344 67072 82944 114688 131840 164096 197120 229376
1 7 224 8197 8204 8216 19456 20481 22528 24577 32816 32928 33152 40976 57344 82944 98560 114688 131840 132608 196864 197632
1 7 224 8197 8204 8216 19456 20481 22528 24577 32816 32928 33152 40976 57344 82944 114688 131840 132608 164096 197632 229376
1 7 224 8197 8204 8216 19456 20481 22528 24577 32816 32928 33152 40976 57344 98560 114688 131840 132608 148480 196864 212992
1 7 224 8197 8204 8216 19456 20481 22528 24577 32816 32928 33152 40976 57344 114688 131840 132608 148480 164096 212992 229376
1 7 224 8197 8204 8216 19456 20481 22528 24577 32816 32928 33152 57344 66304 67072 82944 98560 114688 139280 163856 172032
1 7 224 8197 8204 8216 19456 20481 22528 24577 32816 32928 40976 57344 65920 66304 67072 82944 114688 163968 196736 229376
1 7 224 8197 8204 8216 19456 20481 22528 24577 32816 32928 40976 57344 65920 66304 67072 98432 114688 148480 197632 212992
1 7 224 8197 8204 8216 19456 20481 22528 24577 32816 32928 40976 57344 65920 66304 82944 98432 114688 132608 197120 197632
1 7 224 8197 8204 8216 19456 20481 22528 24577 32816 32928 40976 57344 65920 66304 98432 114688 132608 148480 197120 212992
1 7 224 8197 8204 8216 19456 20481 22528 24577 32816 32928 40976 57344 65920 67072 82944 98432 114688 131840 196864 197120
1 7 224 8197 8204 8216 19456 20481 22528 24577 32816 32928 40976 57344 65920 82944 98432 114688 131840 132608 196864 197632
1 7 224 8197 8204 8216 19456 20481 22528 24577 32816 32928 40976 57344 65920 98432 114688 131840 132608 148480 196864 212992
1 7 224 8197 8204 8216 19456 20481 22528 24577 32816 32928 40976 57344 66304 67072 82944 98432 114688 131456 196736 196864
1 7 224 8197 8204 8216 19456 20481 22528 24577 32816 32928 40976 57344 66304 67072 82944 98560 114688 131456 163968 164096
1 7 224 8197 8204 8216 19456 20481 22528 24577 32816 32928 40976 57344 66304 67072 82944 114688 131456 163968 196864 229376
1 7 224 8197 8204 8216 19456 20481 22528 24577 32816 32928 40976 57344 67072 82944 98432 114688 131456 131840 196736 197120
1 7 224 8197 8204 8216 19456 20481 22528 24577 32816 32928 40976 57344 67072 82944 114688 131456 131840 163968 197120 229376
1 7 224 8197 8204 8216 19456 20481 22528 24577 32816 32928 40976 57344 82944 98432 114688 131456 131840 132608 196736 197632
1 7 224 8197 8204 8216 19456 20481 22528 24577 32816 32928 40976 57344 82944 114688 131456 131840 132608 163968 197632 229376
1 7 224 8197 8204 8216 19456 20481 22528 24577 32816 32928 40976 57344 98432 114688 131456 131840 132608 148480 196736 212992
1 7 224 8197 8204 8216 19456 20481 22528 24577 32816 32928 40976 57344 114688 131456 131840 132608 148480 163968 212992 229376
1 7 224 8197 8204 8216 19456 20481 22528 24577 32816 32928 57344 65920 66304 67072 82944 98432 114688 139280 163856 172032
1 7 224 8197 8204 8216 19456 20481 22528 24577 32816 33152 40976 57344 66304 67072 82944 98560 114688 131232 163872 163968
1 7 224 8197 8204 8216 19456 20481 22528 24577 32816 40976 57344 65696 65920 98336 114688 131840 132608 148480 196864 212992
1 7 224 8197 8204 8216 19456 20481 22528 24577 32816 40976 57344 65696 98336 114688 131456 131840 132608 148480 196736 212992
1 7 224 8197 8204 8216 19456 20481 22528 24577 32816 40976 57344 65920 66304 67072 82944 98432 114688 131232 163872 163968
1 7 224 8197 8204 8216 19456 20481 22528 24577 32816 40976 57344 65920 66304 67072 82944 114688 131232 163872 196736 229376
1 7 224 8197 8204 8216 19456 20481 22528 24577 32816 40976 57344 66304 67072 82944 98560 114688 131232 131456 163872 164096
1 7 224 8197 8204 8216 19456 20481 22528 24577 32816 40976 57344 66304 67072 82944 114688 131232 131456 163872 196864 229376
1 7 224 8197 8204 8216 19456 20481 22528 24577 32928 33152 40976 57344 66304 67072 82944 98560 114688 131120 163856 163872
1 7 224 8197 8204 8216 19456 20481 22528 24577 32928 33152 57344 66304 67072 82944 98560 114688 131120 139280 163872 172032
1 7 224 8197 8204 8216 19456 20481 22528 24577 32928 40976 57344 65920 66304 67072 82944 98432 114688 131120 163856 163872
1 7 224 8197 8204 8216 19456 20481 22528 24577 32928 57344 65920 66304 67072 82944 98432 114688 131120 139280 163872 172032
1 7 224 8197 8204 8216 19456 20481 22528 24577 33152 33536 34304 50176 57344 65584 65696 73744 98432 172032 204800 229376
1 7 224 8197 8204 8216 19456 20481 22528 24577 33152 33536 34304 50176 57344 65584 65696 98432 106496 139280 196624 204800
1 7 224 8197 8204 8216 19456 20481 22528 24577 33152 33536 34304 50176 57344 65584 65696 98432 139280 172032 196624 229376
1 7 224 8197 8204 8216 19456 20481 22528 24577 33152 33536 34304 50176 57344 65584 73744 98432 106496 131232 196640 196736
1 7 224 8197 8204 8216 19456 20481 22528 24577 33152 33536 34304 50176 57344 65696 73744 98432 106496 131120 196624 196640
1 7 224 8197 8204 8216 19456 20481 22528 24577 33152 33536 34304 50176 57344 65696 98432 106496 131120 139280 196640 204800
1 7 224 8197 8204 8216 19456 20481 22528 24577 33152 33536 34304 50176 57344 65696 98432 131120 139280 172032 196640 229376
1 7 224 8197 8204 8216 19456 20481 22528 24577 33152 33536 34304 50176 57344 73744 98432 106496 131120 131232 196624 196736
1 7 224 8197 8204 8216 19456 20481 22528 24577 33152 33536 34304 50176 57344 98432 106496 131120 131232 139280 196736 204800
1 7 224 8197 8204 8216 19456 20481 22528 24577 33152 33536 34304 50176 57344 98432 131120 131232 139280 172032 196736 229376
1 7 224 8197 8204 8216 19456 20481 22528 24577 33152 33536 34304 57344 82944 99328 114688 131120 131232 139280 163968 172032
1 7 224 8197 8204 8216 19456 20481 22528 24577 33152 33536 50176 57344 67072 98816 99328 131120 131232 139280 163968 172032
1 7 224 8197 8204 8216 19456 20481 22528 24577 33152 33536 57344 67072 82944 98816 114688 131120 131232 139280 163968 172032
1 7 224 8197 8204 8216 19456 20481 22528 24577 33152 34304 50176 57344 66304 98560 98816 131120 131232 139280 163968 172032
1 7 224 8197 8204 8216 19456 20481 22528 24577 33152 40976 57344 66304 67072 82944 98560 114688 131120 131232 163856 163968
1 7 224 8197 8204 8216 19456 20481 22528 24577 33152 50176 57344 66304 67072 98560 99328 131120 131232 139280 163968 172032
1 7 224 8197 8204 8216 19456 20481 22528 24577 33152 57344 66304 67072 82944 98560 114688 131120 131232 139280 163968 172032
1 7 224 8197 8204 8216 19456 20481 22528 24577 33536 34304 50176 57344 65584 65696 65920 73744 98560 172032 204800 229376
1 7 224 8197 8204 8216 19456 20481 22528 24577 33536 34304 50176 57344 65584 65696 65920 98560 106496 139280 196624 204800
1 7 224 8197 8204 8216 19456 20481 22528 24577 33536 34304 50176 57344 65584 65696 65920 98560 139280 172032 196624 229376
1 7 224 8197 8204 8216 19456 20481 22528 24577 33536 34304 50176 57344 65584 65696 73744 98560 106496 131456 196736 196864
1 7 224 8197 8204 8216 19456 20481 22528 24577 33536 34304 50176 57344 65584 65920 73744 98560 106496 131232 196640 196736
1 7 224 8197 8204 8216 19456 20481 22528 24577 33536 34304 50176 57344 65584 73744 98560 106496 131232 131456 196640 196864
1 7 224 8197 8204 8216 19456 20481 22528 24577 33536 34304 50176 57344 65696 65920 73744 98560 106496 131120 196624 196640
1 7 224 8197 8204 8216 19456 20481 22528 24577 33536 34304 50176 57344 65696 65920 98560 106496 131120 139280 196640 204800
1 7 224 8197 8204 8216 19456 20481 22528 24577 33536 34304 50176 57344 65696 65920 98560 131120 139280 172032 196640 229376
1 7 224 8197 8204 8216 19456 20481 22528 24577 33536 34304 50176 57344 65920 73744 98560 106496 131120 131232 196624 196736
1 7 224 8197 8204 8216 19456 20481 22528 24577 33536 34304 50176 57344 65920 98432 98560 131120 131232 139280 163968 172032
1 7 224 8197 8204 8216 19456 20481 22528 24577 33536 34304 50176 57344 65920 98560 106496 131120 131232 139280 196736 204800
1 7 224 8197 8204 8216 19456 20481 22528 24577 33536 34304 50176 57344 65920 98560 131120 131232 139280 172032 196736 229376
1 7 224 8197 8204 8216 19456 20481 22528 24577 33536 34304 50176 57344 73744 98560 106496 131120 131232 131456 196624 196864
1 7 224 8197 8204 8216 19456 20481 22528 24577 33536 34304 50176 57344 98560 106496 131120 131232 131456 139280 196864 204800
1 7 224 8197 8204 8216 19456 20481 22528 24577 33536 34304 50176 57344 98560 131120 131232 131456 139280 172032 196864 229376
1 7 224 8197 8204 8216 19456 20481 22528 24577 33536 34304 57344 82944 99328 114688 131120 131232 131456 139280 164096 172032
1 7 224 8197 8204 8216 19456 20481 22528 24577 33536 50176 57344 67072 98816 99328 131120 131232 131456 139280 164096 172032
1 7 224 8197 8204 8216 19456 20481 22528 24577 33536 57344 67072 82944 98816 114688 131120 131232 131456 139280 164096 172032
1 7 224 8197 8204 8216 19456 20481 22528 24577 34304 50176 57344 65920 66304 98432 98816 131120 131232 139280 163968 172032
1 7 224 8197 8204 8216 19456 20481 22528 24577 34304 50176 57344 65920 66304 98816 106496 131120 131232 139280 196736 204800
1 7 224 8197 8204 8216 19456 20481 22528 24577 34304 50176 57344 65920 66304 98816 131120 131232 139280 172032 196736 229376
1 7 224 8197 8204 8216 19456 20481 22528 24577 34304 50176 57344 66304 98560 98816 131120 131232 131456 139280 164096 172032
1 7 224 8197 8204 8216 19456 20481 22528 24577 34304 50176 57344 66304 98816 106496 131120 131232 131456 139280 196864 204800
1 7 224 8197 8204 8216 19456 20481 22528 24577 34304 50176 57344 66304 98816 131120 131232 131456 139280 172032 196864 229376
1 7 224 8197 8204 8216 19456 20481 22528 24577 40976 57344 65584 65696 65920 98320 114688 131840 132608 148480 196864 212992
1 7 224 8197 8204 8216 19456 20481 22528 24577 40976 57344 65584 65696 98320 114688 131456 131840 132608 148480 196736 212992
1 7 224 8197 8204 8216 19456 20481 22528 24577 40976 57344 65920 66304 67072 82944 98432 114688 131120 131232 163856 163968
1 7 224 8197 8204 8216 19456 20481 22528 24577 40976 57344 65920 66304 67072 82944 114688 131120 131232 163856 196736 229376
1 7 224 8197 8204 8216 19456 20481 22528 24577 40976 57344 66304 67072 82944 98560 114688 131120 131232 131456 163856 164096
1 7 224 8197 8204 8216 19456 20481 22528 24577 40976 57344 66304 67072 82944 114688 131120 131232 131456 163856 196864 229376
1 7 224 8197 8204 8216 19456 20481 22528 24577 50176 57344 65920 66304 67072 98432 99328 131120 131232 139280 163968 172032
1 7 224 8197 8204 8216 19456 20481 22528 24577 50176 57344 65920 66304 67072 99328 106496 131120 131232 139280 196736 204800
1 7 224 8197 8204 8216 19456 20481 22528 24577 50176 57344 65920 66304 67072 99328 131120 131232 139280 172032 196736 229376
1 7 224 8197 8204 8216 19456 20481 22528 24577 50176 57344 66304 67072 98560 99328 131120 131232 131456 139280 164096 172032
1 7 224 8197 8204 8216 19456 20481 22528 24577 50176 57344 66304 67072 99328 106496 131120 131232 131456 139280 196864 204800
1 7 224 8197 8204 8216 19456 20481 22528 24577 50176 57344 66304 67072 99328 131120 131232 131456 139280 172032 196864 229376
1 7 224 8197 8204 8216 19456 20481 22528 24577 57344 65584 65696 65920 73744 106496 114688 131840 132608 148480 196864 212992
1 7 224 8197 8204 8216 19456 20481 22528 24577 57344 65584 65696 73744 106496 114688 131456 131840 132608 148480 196736 212992
1 7 224 8197 8204 8216 19456 20481 22528 24577 57344 65920 66304 67072 82944 98432 114688 131120 131232 139280 163968 172032
1 7 224 8197 8204 8216 19456 20481 22528 24577 57344 65920 66304 67072 82944 106496 114688 131120 131232 139280 196736 204800
1 7 224 8197 8204 8216 19456 20481 22528 24577 57344 65920 66304 67072 82944 114688 131120 131232 139280 172032 196736 229376
1 7 224 8197 8204 8216 19456 20481 22528 24577 57344 66304 67072 82944 98560 114688 131120 131232 131456 139280 164096 172032
1 7 224 8197 8204 8216 19456 20481 22528 24577 57344 66304 67072 82944 106496 114688 131120 131232 131456 139280 196864 204800
1 7 224 8197 8204 8216 19456 20481 22528 24577 57344 66304 67072 82944 114688 131120 131232 131456 139280 172032 196864 229376
1 7 224 8197 8204 8216 19456 20481 24577 32816 32928 33152 40976 57344 66304 67072 82944 98560 114688 137216 149504 151552
1 7 224 8197 8204 8216 19456 20481 24577 32816 32928 40976 57344 65920 66304 67072 82944 98432 114688 137216 149504 151552
1 7 224 8197 8204 8216 19456 20481 24577 33152 33536 34304 50176 57344 65584 65696 73744 98432 106496 137216 149504 151552
1 7 224 8197 8204 8216 19456 20481 24577 33536 34304 50176 57344 65584 65696 65920 73744 98560 106496 137216 149504 151552
1 7 224 8197 8204 8216 19456 22528 24577 32816 32928 33152 40976 57344 66304 67072 82944 98560 114688 135169 147457 151552
1 7 224 8197 8204 8216 19456 22528 24577 32816 32928 40976 57344 65920 66304 67072 82944 98432 114688 135169 147457 151552
1 7 224 8197 8204 8216 19456 22528 24577 33152 33536 34304 50176 57344 65584 65696 73744 98432 106496 135169 147457 151552
1 7 224 8197 8204 8216 19456 22528 24577 33536 34304 50176 57344 65584 65696 65920 73744 98560 106496 135169 147457 151552
1 7 224 8197 8204 8216 19456 24577 32816 32928 33152 40976 57344 66304 67072 82944 98560 114688 135169 137216 147457 149504
1 7 224 8197 8204 8216 19456 24577 32816 32928 40976 57344 65920 66304 67072 82944 98432 114688 135169 137216 147457 149504
1 7 224 8197 8204 8216 19456 24577 33152 33536 34304 50176 57344 65584 65696 73744 98432 106496 135169 137216 147457 149504
1 7 224 8197 8204 8216 19456 24577 33536 34304 50176 57344 65584 65696 65920 73744 98560 106496 135169 137216 147457 149504
1 7 224 8197 8204 8216 20481 22528 24577 32816 32928 33152 40976 57344 66304 67072 82944 98560 114688 134144 148480 149504
1 7 224 8197 8204 8216 20481 22528 24577 32816 32928 33152 40976 57344 66304 67072 98560 114688 134144 149504 197632 212992
1 7 224 8197 8204 8216 20481 22528 24577 32816 32928 33152 40976 57344 66304 98560 114688 132608 134144 149504 197120 212992
1 7 224 8197 8204 8216 20481 22528 24577 32816 32928 33152 40976 57344 67072 68608 83968 114688 131840 164096 197120 229376
1 7 224 8197 8204 8216 20481 22528 24577 32816 32928 33152 40976 57344 68608 83968 114688 131840 132608 164096 197632 229376
1 7 224 8197 8204 8216 20481 22528 24577 32816 32928 40976 57344 65920 66304 67072 82944 98432 114688 134144 148480 149504
1 7 224 8197 8204 8216 20481 22528 24577 32816 32928 40976 57344 65920 66304 67072 98432 114688 134144 149504 197632 212992
1 7 224 8197 8204 8216 20481 22528 24577 32816 32928 40976 57344 65920 66304 98432 114688 132608 134144 149504 197120 212992
1 7 224 8197 8204 8216 20481 22528 24577 32816 32928 40976 57344 67072 68608 83968 114688 131456 131840 163968 197120 229376
1 7 224 8197 8204 8216 20481 22528 24577 32816 32928 40976 57344 68608 83968 114688 131456 131840 132608 163968 197632 229376
1 7 224 8197 8204 8216 20481 22528 24577 33152 33536 34304 50176 57344 65584 65696 73744 98432 106496 134144 148480 149504
1 7 224 8197 8204 8216 20481 22528 24577 33152 33536 34304 57344 68608 83968 99328 114688 131120 131232 139280 163968 172032
1 7 224 8197 8204 8216 20481 22528 24577 33152 33536 57344 67072 68608 83968 98816 114688 131120 131232 139280 163968 172032
1 7 224 8197 8204 8216 20481 22528 24577 33536 34304 50176 57344 65584 65696 65920 73744 98560 106496 134144 148480 149504
1 7 224 8197 8204 8216 20481 22528 24577 33536 34304 57344 68608 83968 99328 114688 131120 131232 131456 139280 164096 172032
1 7 224 8197 8204 8216 20481 22528 24577 33536 57344 67072 68608 83968 98816 114688 131120 131232 131456 139280 164096 172032
1 7 224 8197 8204 8216 20481 22528 24577 34304 35840 51200 57344 65920 66304 98816 106496 131120 131232 139280 196736 204800
1 7 224 8197 8204 8216 20481 22528 24577 34304 35840 51200 57344 65920 66304 98816 131120 131232 139280 172032 196736 229376
1 7 224 8197 8204 8216 20481 22528 24577 34304 35840 51200 57344 66304 98816 106496 131120 131232 131456 139280 196864 204800
1 7 224 8197 8204 8216 20481 22528 24577 34304 35840 51200 57344 66304 98816 131120 131232 131456 139280 172032 196864 229376
1 7 224 8197 8204 8216 20481 22528 24577 35840 51200 57344 65920 66304 67072 99328 106496 131120 131232 139280 196736 204800
1 7 224 8197 8204 8216 20481 22528 24577 35840 51200 57344 65920 66304 67072 99328 131120 131232 139280 172032 196736 229376
1 7 224 8197 8204 8216 20481 22528 24577 35840 51200 57344 66304 67072 99328 106496 131120 131232 131456 139280 196864 204800
1 7 224 8197 8204 8216 20481 22528 24577 35840 51200 57344 66304 67072 99328 131120 131232 131456 139280 172032 196864 229376
1 7 224 8197 8204 8216 20481 24577 32816 32928 33152 40976 57344 66304 67072 82944 98560 114688 134144 137216 148480 151552
1 7 224 8197 8204 8216 20481 24577 32816 32928 33152 40976 57344 66304 67072 98560 114688 134144 137216 151552 197632 212992
1 7 224 8197 8204 8216 20481 24577 32816 32928 33152 40976 57344 68608 71680 86016 114688 131840 132608 164096 197632 229376
1 7 224 8197 8204 8216 20481 24577 32816 32928 40976 57344 65920 66304 67072 82944 98432 114688 134144 137216 148480 151552
1 7 224 8197 8204 8216 20481 24577 32816 32928 40976 57344 65920 66304 67072 98432 114688 134144 137216 151552 197632 212992
1 7 224 8197 8204 8216 20481 24577 32816 32928 40976 57344 68608 71680 86016 114688 131456 131840 132608 163968 197632 229376
1 7 224 8197 8204 8216 20481 24577 33152 33536 34304 50176 57344 65584 65696 73744 98432 106496 134144 137216 148480 151552
1 7 224 8197 8204 8216 20481 24577 33152 33536 34304 57344 68608 71680 86016 99328 114688 131120 131232 139280 163968 172032
1 7 224 8197 8204 8216 20481 24577 33536 34304 50176 57344 65584 65696 65920 73744 98560 106496 134144 137216 148480 151552
1 7 224 8197 8204 8216 20481 24577 33536 34304 57344 68608 71680 86016 99328 114688 131120 131232 131456 139280 164096 172032
1 7 224 8197 8204 8216 20481 24577 35840 38912 53248 57344 65920 66304 67072 99328 106496 131120 131232 139280 196736 204800
1 7 224 8197 8204 8216 20481 24577 35840 38912 53248 57344 65920 66304 67072 99328 131120 131232 139280 172032 196736 229376
1 7 224 8197 8204 8216 20481 24577 35840 38912 53248 57344 66304 67072 99328 106496 131120 131232 131456 139280 196864 204800
1 7 224 8197 8204 8216 20481 24577 35840 38912 53248 57344 66304 67072 99328 131120 131232 131456 139280 172032 196864 229376
1 7 224 8197 8204 8216 24577 24592 32816 32928 33152 49168 66304 67072 98560 114688 134144 135169 137216 147457 197632 212992
1 7 224 8197 8204 8216 24577 24592 32816 32928 33152 49168 66304 67072 98560 134144 135169 137216 147457 180224 197632 229376
1 7 224 8197 8204 8216 24577 24592 32816 32928 49168 65920 66304 67072 98432 114688 134144 135169 137216 147457 197632 212992
1 7 224 8197 8204 8216 24577 24592 32816 32928 49168 65920 66304 67072 98432 134144 135169 137216 147457 180224 197632 229376
1 7 224 8197 8204 8216 24577 32816 32928 33152 40976 57344 66304 67072 82944 98560 114688 134144 135169 137216 147457 148480
1 7 224 8197 8204 8216 24577 32816 32928 33152 40976 57344 66304 67072 98560 114688 134144 135169 137216 147457 197632 212992
1 7 224 8197 8204 8216 24577 32816 32928 33152 40976 57344 68608 69633 71680 81921 114688 131840 132608 164096 197632 229376
1 7 224 8197 8204 8216 24577 32816 32928 40976 57344 65920 66304 67072 82944 98432 114688 134144 135169 137216 147457 148480
1 7 224 8197 8204 8216 24577 32816 32928 40976 57344 65920 66304 67072 98432 114688 134144 135169 137216 147457 197632 212992
1 7 224 8197 8204 8216 24577 32816 32928 40976 57344 68608 69633 71680 81921 114688 131456 131840 132608 163968 197632 229376
1 7 224 8197 8204 8216 24577 33152 33536 34304 50176 57344 65584 65696 73744 98432 106496 134144 135169 137216 147457 148480
1 7 224 8197 8204 8216 24577 33152 33536 34304 57344 68608 69633 71680 81921 99328 114688 131120 131232 139280 163968 172032
1 7 224 8197 8204 8216 24577 33536 34304 50176 57344 65584 65696 65920 73744 98560 106496 134144 135169 137216 147457 148480
1 7 224 8197 8204 8216 24577 33536 34304 57344 68608 69633 71680 81921 99328 114688 131120 131232 131456 139280 164096 172032
1 7 224 8197 8204 8216 24577 35840 36865 38912 49153 57344 65920 66304 67072 99328 106496 131120 131232 139280 196736 204800
1 7 224 8197 8204 8216 24577 35840 36865 38912 49153 57344 65920 66304 67072 99328 131120 131232 139280 172032 196736 229376
1 7 224 8197 8204 8216 24577 35840 36865 38912 49153 57344 66304 67072 99328 106496 131120 131232 131456 139280 196864 204800
1 7 224 8197 8204 8216 24577 35840 36865 38912 49153 57344 66304 67072 99328 131120 131232 131456 139280 172032 196864 229376
1 7 224 8197 8204 12289 17920 19456 22528 28672 33152 33536 49664 57344 65584 65696 98432 106496 131096 139272 196624 204800
1 7 224 8197 8204 12289 17920 19456 22528 28672 33152 33536 49664 57344 65584 65696 98432 131096 139272 172032 196624 229376
1 7 224 8197 8204 12289 17920 19456 22528 28672 33152 33536 49664 57344 65696 98432 106496 131096 131120 139272 196640 204800
1 7 224 8197 8204 12289 17920 19456 22528 28672 33152 33536 49664 57344 65696 98432 131096 131120 139272 172032 196640 229376
1 7 224 8197 8204 12289 17920 19456 22528 28672 33152 33536 49664 65584 65696 90112 98432 114688 131096 139272 196624 204800
1 7 224 8197 8204 12289 17920 19456 22528 28672 33152 33536 49664 65584 65696 98432 114688 131096 139272 155648 196624 212992
1 7 224 8197 8204 12289 17920 19456 22528 28672 33152 33536 49664 65584 65696 98432 131096 139272 155648 180224 196624 229376
1 7 224 8197 8204 12289 17920 19456 22528 28672 33152 33536 49664 65696 90112 98432 114688 131096 131120 139272 196640 204800
1 7 224 8197 8204 12289 17920 19456 22528 28672 33152 33536 49664 65696 98432 114688 131096 131120 139272 155648 196640 212992
1 7 224 8197 8204 12289 17920 19456 22528 28672 33152 33536 49664 65696 98432 131096 131120 139272 155648 180224 196640 229376
1 7 224 8197 8204 12289 17920 19456 22528 28672 33536 49664 57344 65696 65920 98560 106496 131096 131120 139272 196640 204800
1 7 224 8197 8204 12289 17920 19456 22528 28672 33536 49664 57344 65696 65920 98560 131096 131120 139272 172032 196640 229376
1 7 224 8197 8204 12289 17920 19456 22528 28672 33536 49664 65696 65920 90112 98560 114688 131096 131120 139272 196640 204800
1 7 224 8197 8204 12289 17920 19456 22528 28672 33536 49664 65696 65920 98560 114688 131096 131120 139272 155648 196640 212992
1 7 224 8197 8204 12289 17920 19456 22528 28672 33536 49664 65696 65920 98560 131096 131120 139272 155648 180224 196640 229376
1 7 224 8197 8204 12289 19456 22528 28672 33152 33536 34304 50176 57344 65560 65584 73736 98432 106496 131232 196640 196736
1 7 224 8197 8204 12289 19456 22528 28672 33152 33536 34304 50176 57344 65560 65584 73736 106496 131232 163968 196640 229376
1 7 224 8197 8204 12289 19456 22528 28672 33152 33536 34304 50176 57344 65560 65696 73736 98432 106496 131120 196624 196640
1 7 224 8197 8204 12289 19456 22528 28672 33152 33536 34304 50176 57344 65560 73736 98432 106496 131120 131232 196624 196736
1 7 224 8197 8204 12289 19456 22528 28672 33152 33536 34304 50176 57344 65560 73736 106496 131120 131232 163968 196624 229376
1 7 224 8197 8204 12289 19456 22528 28672 33152 33536 34304 50176 57344 65576 65696 73736 98432 106496 131096 131112 131120
1 7 224 8197 8204 12289 19456 22528 28672 33152 33536 34304 50176 57344 65584 65696 73736 98432 106496 131096 196616 196624
1 7 224 8197 8204 12289 19456 22528 28672 33152 33536 34304 50176 57344 65584 65696 98432 106496 131096 139272 196624 204800
1 7 224 8197 8204 12289 19456 22528 28672 33152 33536 34304 50176 57344 65696 73736 98432 106496 131096 131120 196616 196640
1 7 224 8197 8204 12289 19456 22528 28672 33152 33536 34304 50176 57344 65696 98432 106496 131096 131120 139272 196640 204800
1 7 224 8197 8204 12289 19456 22528 28672 33152 33536 34304 50176 65560 65584 73736 90112 98432 114688 131232 196640 196736
1 7 224 8197 8204 12289 19456 22528 28672 33152 33536 34304 50176 65560 65584 73736 90112 114688 131232 163968 196640 229376
1 7 224 8197 8204 12289 19456 22528 28672 33152 33536 34304 50176 65560 65696 73736 90112 98432 114688 131120 196624 196640
1 7 224 8197 8204 12289 19456 22528 28672 33152 33536 34304 50176 65560 73736 90112 98432 114688 131120 131232 196624 196736
1 7 224 8197 8204 12289 19456 22528 28672 33152 33536 34304 50176 65560 73736 90112 114688 131120 131232 163968 196624 229376
1 7 224 8197 8204 12289 19456 22528 28672 33152 33536 34304 50176 65576 65696 73736 90112 98432 114688 131096 131112 131120
1 7 224 8197 8204 12289 19456 22528 28672 33152 33536 34304 50176 65584 65696 73736 90112 98432 114688 131096 196616 196624
1 7 224 8197 8204 12289 19456 22528 28672 33152 33536 34304 50176 65584 65696 90112 98432 114688 131096 139272 196624 204800
1 7 224 8197 8204 12289 19456 22528 28672 33152 33536 34304 50176 65584 65696 98432 114688 131096 139272 155648 196624 212992
1 7 224 8197 8204 12289 19456 22528 28672 33152 33536 34304 50176 65696 73736 90112 98432 114688 131096 131120 196616 196640
1 7 224 8197 8204 12289 19456 22528 28672 33152 33536 34304 50176 65696 90112 98432 114688 131096 131120 139272 196640 204800
1 7 224 8197 8204 12289 19456 22528 28672 33152 33536 34304 50176 65696 98432 114688 131096 131120 139272 155648 196640 212992
1 7 224 8197 8204 12289 19456 22528 28672 33536 34304 50176 57344 65560 65584 73736 106496 131232 131456 164096 196640 229376
1 7 224 8197 8204 12289 19456 22528 28672 33536 34304 50176 57344 65696 65920 98560 106496 131096 131120 139272 196640 204800
1 7 224 8197 8204 12289 19456 22528 28672 33536 34304 50176 65560 65584 73736 90112 114688 131232 131456 164096 196640 229376
1 7 224 8197 8204 12289 19456 22528 28672 33536 34304 50176 65696 65920 90112 98560 114688 131096 131120 139272 196640 204800
1 7 224 8197 8204 12289 19456 22528 28672 33536 34304 50176 65696 65920 98560 114688 131096 131120 139272 155648 196640 212992
1 7 224 8197 8204 16408 24577 24584 32816 32928 49168 65920 66304 67072 98432 114688 134144 135169 137216 147457 197632 212992
1 7 224 8197 8204 16408 24577 24584 32816 32928 49168 68608 69633 71680 81921 114688 131456 131840 132608 163968 197632 229376
1 7 224 8197 8204 17920 19456 20481 22528 24577 32792 32816 40968 57344 65696 65920 66304 82432 114688 163872 196640 229376
1 7 224 8197 8204 17920 19456 20481 22528 24577 32792 32816 40968 57344 65696 65920 66304 98336 114688 147968 197120 212992
1 7 224 8197 8204 17920 19456 20481 22528 24577 32792 32816 40968 57344 65696 65920 82432 98336 114688 131840 196864 197120
1 7 224 8197 8204 17920 19456 20481 22528 24577 32792 32816 40968 57344 65696 65920 98336 114688 131840 147968 196864 212992
1 7 224 8197 8204 17920 19456 20481 22528 24577 32792 32816 40968 57344 65696 66176 82432 98336 114688 131456 131712 131840
1 7 224 8197 8204 17920 19456 20481 22528 24577 32792 32816 40968 57344 65696 66304 82432 98336 114688 131456 196736 196864
1 7 224 8197 8204 17920 19456 20481 22528 24577 32792 32816 40968 57344 65696 82432 98336 114688 131456 131840 196736 197120
1 7 224 8197 8204 17920 19456 20481 22528 24577 32792 32816 40968 57344 65696 98336 114688 131456 131840 147968 196736 212992
1 7 224 8197 8204 17920 19456 20481 22528 24577 32792 32816 40968 57344 65920 66304 82432 98336 114688 131232 196640 196736
1 7 224 8197 8204 17920 19456 20481 22528 24577 32792 32816 40968 57344 65920 66304 82432 114688 131232 163872 196736 229376
1 7 224 8197 8204 17920 19456 20481 22528 24577 32792 32816 40968 57344 66304 82432 98336 114688 131232 131456 196640 196864
1 7 224 8197 8204 17920 19456 20481 22528 24577 32792 32816 40968 57344 66304 82432 114688 131232 131456 163872 196864 229376
1 7 224 8197 8204 17920 19456 20481 22528 24577 32792 32816 40968 57344 82432 98336 114688 131232 131456 131840 196640 197120
1 7 224 8197 8204 17920 19456 20481 22528 24577 32792 32816 40968 57344 82432 114688 131232 131456 131840 163872 197120 229376
1 7 224 8197 8204 17920 19456 20481 22528 24577 32792 32816 40968 57344 98336 114688 131232 131456 131840 147968 196640 212992
1 7 224 8197 8204 17920 19456 20481 22528 24577 32792 32816 40968 57344 114688 131232 131456 131840 147968 163872 212992 229376
1 7 224 8197 8204 17920 19456 20481 22528 24577 32792 32816 57344 65696 65920 66304 82432 98336 114688 139272 163848 172032
1 7 224 8197 8204 17920 19456 20481 22528 24577 32792 40968 57344 65584 65696 98320 114688 131456 131840 147968 196736 212992
1 7 224 8197 8204 17920 19456 20481 22528 24577 32792 40968 57344 65584 98320 114688 131232 131456 131840 147968 196640 212992
1 7 224 8197 8204 17920 19456 20481 22528 24577 32792 40968 57344 65696 65920 66304 82432 98336 114688 131120 163856 163872
1 7 224 8197 8204 17920 19456 20481 22528 24577 32792 40968 57344 65696 65920 66304 82432 114688 131120 163856 196640 229376
1 7 224 8197 8204 17920 19456 20481 22528 24577 32792 40968 57344 65920 66304 82432 114688 131120 131232 163856 196736 229376
1 7 224 8197 8204 17920 19456 20481 22528 24577 32816 32928 57344 65920 66304 82432 98432 114688 131096 139272 163856 172032
1 7 224 8197 8204 17920 19456 20481 22528 24577 32816 40968 57344 65696 65920 66304 82432 98336 114688 131096 163848 163856
1 7 224 8197 8204 17920 19456 20481 22528 24577 32816 57344 65696 65920 66304 82432 98336 114688 131096 139272 163856 172032
1 7 224 8197 8204 17920 19456 20481 22528 24577 32928 33152 33536 49664 57344 65560 65584 73736 98336 172032 204800 229376
1 7 224 8197 8204 17920 19456 20481 22528 24577 32928 33152 33536 49664 57344 65560 65584 98336 106496 139272 196616 204800
1 7 224 8197 8204 17920 19456 20481 22528 24577 32928 33152 33536 49664 57344 65560 65584 98336 139272 172032 196616 229376
1 7 224 8197 8204 17920 19456 20481 22528 24577 32928 33152 33536 49664 57344 65560 73736 98336 106496 131120 196624 196640
1 7 224 8197 8204 17920 19456 20481 22528 24577 32928 33152 33536 49664 57344 65584 73736 98336 106496 131096 196616 196624
1 7 224 8197 8204 17920 19456 20481 22528 24577 32928 33152 33536 49664 57344 65584 98336 106496 131096 139272 196624 204800
1 7 224 8197 8204 17920 19456 20481 22528 24577 32928 33152 33536 49664 57344 65584 98336 131096 139272 172032 196624 229376
1 7 224 8197 8204 17920 19456 20481 22528 24577 32928 33152 33536 49664 57344 73736 98336 106496 131096 131120 196616 196640
1 7 224 8197 8204 17920 19456 20481 22528 24577 32928 33152 33536 49664 57344 98336 106496 131096 131120 139272 196640 204800
1 7 224 8197 8204 17920 19456 20481 22528 24577 32928 33152 33536 49664 57344 98336 131096 131120 139272 172032 196640 229376
1 7 224 8197 8204 17920 19456 20481 22528 24577 32928 33152 33536 57344 82432 98816 114688 131096 131120 139272 163872 172032
1 7 224 8197 8204 17920 19456 20481 22528 24577 32928 33152 49664 57344 66304 98560 98816 131096 131120 139272 163872 172032
1 7 224 8197 8204 17920 19456 20481 22528 24577 32928 33152 57344 66304 82432 98560 114688 131096 131120 139272 163872 172032
1 7 224 8197 8204 17920 19456 20481 22528 24577 32928 33408 49664 57344 65920 66176 66304 131096 131120 139272 163872 172032
1 7 224 8197 8204 17920 19456 20481 22528 24577 32928 33536 49664 57344 65920 98432 98560 131096 131120 139272 163872 172032
1 7 224 8197 8204 17920 19456 20481 22528 24577 32928 49664 57344 65920 66304 98432 98816 131096 131120 139272 163872 172032
1 7 224 8197 8204 17920 19456 20481 22528 24577 32928 57344 65920 66304 82432 98432 114688 131096 131120 139272 163872 172032
1 7 224 8197 8204 17920 19456 20481 22528 24577 33152 33536 49664 57344 65584 65696 98432 106496 131096 139272 196624 204800
1 7 224 8197 8204 17920 19456 20481 22528 24577 33152 33536 49664 57344 65584 65696 98432 131096 139272 172032 196624 229376
1 7 224 8197 8204 17920 19456 20481 22528 24577 33152 33536 49664 57344 65696 98336 98432 131096 131120 139272 163872 172032
1 7 224 8197 8204 17920 19456 20481 22528 24577 33152 33536 49664 57344 65696 98432 106496 131096 131120 139272 196640 204800
1 7 224 8197 8204 17920 19456 20481 22528 24577 33152 33536 49664 57344 65696 98432 131096 131120 139272 172032 196640 229376
1 7 224 8197 8204 17920 19456 20481 22528 24577 33536 49664 57344 65696 65920 98336 98560 131096 131120 139272 163872 172032
1 7 224 8197 8204 17920 19456 20481 22528 24577 33536 49664 57344 65696 65920 98560 106496 131096 131120 139272 196640 204800
1 7 224 8197 8204 17920 19456 20481 22528 24577 33536 49664 57344 65696 65920 98560 131096 131120 139272 172032 196640 229376
1 7 224 8197 8204 17920 19456 20481 22528 24577 40968 57344 65560 65584 98312 114688 131232 131456 131840 147968 196640 212992
1 7 224 8197 8204 17920 19456 20481 22528 24577 40968 57344 65696 65920 66304 82432 98336 114688 131096 131120 163848 163872
1 7 224 8197 8204 17920 19456 20481 22528 24577 40968 57344 65696 65920 66304 82432 114688 131096 131120 163848 196640 229376
1 7 224 8197 8204 17920 19456 20481 22528 24577 49664 57344 65696 65920 66304 98336 98816 131096 131120 139272 163872 172032
1 7 224 8197 8204 17920 19456 20481 22528 24577 49664 57344 65696 65920 66304 98816 106496 131096 131120 139272 196640 204800
1 7 224 8197 8204 17920 19456 20481 22528 24577 49664 57344 65696 65920 66304 98816 131096 131120 139272 172032 196640 229376
1 7 224 8197 8204 17920 19456 20481 22528 24577 57344 65560 65584 73736 106496 114688 131232 131456 131840 147968 196640 212992
1 7 224 8197 8204 17920 19456 20481 22528 24577 57344 65696 65920 66304 82432 98336 114688 131096 131120 139272 163872 172032
1 7 224 8197 8204 17920 19456 20481 22528 24577 57344 65696 65920 66304 82432 106496 114688 131096 131120 139272 196640 204800
1 7 224 8197 8204 17920 19456 20481 22528 24577 57344 65696 65920 66304 82432 114688 131096 131120 139272 172032 196640 229376
1 7 224 8197 8204 17920 19456 20481 24577 32792 32816 40968 57344 65696 65920 66304 82432 98336 114688 137216 149504 151552
1 7 224 8197 8204 17920 19456 20481 24577 32928 33152 33536 49664 57344 65560 65584 73736 98336 106496 137216 149504 151552
1 7 224 8197 8204 17920 19456 22528 24577 32792 32816 40968 57344 65696 65920 66304 82432 98336 114688 135169 147457 151552
1 7 224 8197 8204 17920 19456 22528 24577 32928 33152 33536 49664 57344 65560 65584 73736 98336 106496 135169 147457 151552
1 7 224 8197 8204 17920 19456 24577 32792 32816 40968 57344 65696 65920 66304 82432 98336 114688 135169 137216 147457 149504
1 7 224 8197 8204 17920 19456 24577 32928 33152 33536 49664 57344 65560 65584 73736 98336 106496 135169 137216 147457 149504
1 7 224 8197 8204 17920 20481 22528 24577 32792 32816 40968 57344 65696 65920 66304 82432 98336 114688 134144 148480 149504
1 7 224 8197 8204 17920 20481 22528 24577 32928 33152 33536 49664 57344 65560 65584 73736 98336 106496 134144 148480 149504
1 7 224 8197 8204 17920 20481 24577 32792 32816 40968 57344 65696 65920 66304 82432 98336 114688 134144 137216 148480 151552
1 7 224 8197 8204 17920 20481 24577 32928 33152 33536 49664 57344 65560 65584 73736 98336 106496 134144 137216 148480 151552
1 7 224 8197 8204 17920 24577 32792 32816 40968 57344 65696 65920 66304 82432 98336 114688 134144 135169 137216 147457 148480
1 7 224 8197 8204 17920 24577 32928 33152 33536 49664 57344 65560 65584 73736 98336 106496 134144 135169 137216 147457 148480
1 7 224 8197 8204 19456 20481 22528 24577 32792 32816 40968 57344 65696 65920 66304 82432 98336 114688 132608 147968 148480
1 7 224 8197 8204 19456 20481 22528 24577 32792 32816 40968 57344 65696 65920 66304 98336 114688 132608 148480 197120 212992
1 7 224 8197 8204 19456 20481 22528 24577 32792 32816 40968 57344 65696 65920 98336 114688 131840 132608 148480 196864 212992
1 7 224 8197 8204 19456 20481 22528 24577 32792 32816 40968 57344 65696 98336 114688 131456 131840 132608 148480 196736 212992
1 7 224 8197 8204 19456 20481 22528 24577 32792 32816 40968 57344 65920 66304 67072 82944 98432 114688 131232 163872 163968
1 7 224 8197 8204 19456 20481 22528 24577 32792 32816 40968 57344 65920 66304 67072 82944 114688 131232 163872 196736 229376
1 7 224 8197 8204 19456 20481 22528 24577 32792 32816 40968 57344 66304 67072 82944 114688 131232 131456 163872 196864 229376
1 7 224 8197 8204 19456 20481 22528 24577 32792 32816 40968 57344 67072 82944 114688 131232 131456 131840 163872 197120 229376
1 7 224 8197 8204 19456 20481 22528 24577 32792 32928 40968 57344 65920 66304 67072 82944 98432 114688 131120 163856 163872
1 7 224 8197 8204 19456 20481 22528 24577 32792 40968 57344 65584 65696 98320 114688 131456 131840 132608 148480 196736 212992
2 7 224 8197 8204 19456 20481 22528 24577 32792 40968 57344 65920 66304 67072 82944 114688 131120 131232 163856 196736 229376
1 7 224 8197 8204 19456 20481 22528 24577 32808 32928 40968 57344 65920 66304 67072 82944 98432 114688 131096 131112 131120
1 7 224 8197 8204 19456 20481 22528 24577 32816 32928 40968 57344 65920 66304 67072 82944 98432 114688 131096 163848 163856
1 7 224 8197 8204 19456 20481 22528 24577 32816 32928 40976 57344 65920 66304 67072 82944 98432 114688 131096 139272 139280
1 7 224 8197 8204 19456 20481 22528 24577 32816 32928 57344 65920 66304 67072 82944 98432 114688 131096 139272 163856 172032
1 7 224 8197 8204 19456 20481 22528 24577 32928 33152 33536 49664 57344 65560 65584 73736 98336 106496 132608 147968 148480
1 7 224 8197 8204 19456 20481 22528 24577 32928 33152 33536 57344 67072 82944 98816 114688 131096 131120 139272 163872 172032
1 7 224 8197 8204 19456 20481 22528 24577 32928 33152 57344 66304 67072 82944 98560 114688 131096 131120 139272 163872 172032
1 7 224 8197 8204 19456 20481 22528 24577 32928 40968 57344 65920 66304 67072 82944 98432 114688 131096 131120 163848 163872
1 7 224 8197 8204 19456 20481 22528 24577 32928 57344 65920 66304 67072 82944 98432 114688 131096 131120 139272 163872 172032
1 7 224 8197 8204 19456 20481 22528 24577 33152 33536 34304 50176 57344 65560 65584 73736 98432 106496 131232 196640 196736
1 7 224 8197 8204 19456 20481 22528 24577 33152 33536 34304 50176 57344 65560 65696 73736 98432 106496 131120 196624 196640
1 7 224 8197 8204 19456 20481 22528 24577 33152 33536 34304 50176 57344 65576 65696 73736 98432 106496 131096 131112 131120
1 7 224 8197 8204 19456 20481 22528 24577 33152 33536 34304 50176 57344 65696 73736 98432 106496 131096 131120 196616 196640
1 7 224 8197 8204 19456 20481 22528 24577 33152 33536 34304 50176 57344 65696 98432 106496 131096 131120 139272 196640 204800
1 7 224 8197 8204 19456 20481 22528 24577 33152 33536 34304 50176 57344 65696 98432 131096 131120 139272 172032 196640 229376
1 7 224 8197 8204 19456 20481 22528 24577 33536 34304 50176 57344 65696 65920 98560 106496 131096 131120 139272 196640 204800
1 7 224 8197 8204 19456 20481 22528 24577 33536 34304 50176 57344 65696 65920 98560 131096 131120 139272 172032 196640 229376
1 7 224 8197 8204 19456 20481 22528 24577 34304 50176 57344 65696 65920 66304 98816 106496 131096 131120 139272 196640 204800
1 7 224 8197 8204 19456 20481 22528 24577 34304 50176 57344 65696 65920 66304 98816 131096 131120 139272 172032 196640 229376
1 7 224 8197 8204 20481 22528 24577 32792 32816 40968 57344 65696 65920 66304 82432 98336 114688 132608 134144 147968 149504
1 7 224 8197 8204 20481 22528 24577 32792 32816 40968 57344 65696 65920 66304 98336 114688 132608 134144 149504 197120 212992
1 7 224 8197 8204 20481 22528 24577 32792 32816 40968 57344 65696 65920 98336 114688 131840 132608 134144 149504 196864 212992
1 7 224 8197 8204 20481 22528 24577 32792 32816 40968 57344 65696 98336 114688 131456 131840 132608 134144 149504 196736 212992
1 7 224 8197 8204 20481 22528 24577 32792 32816 40968 57344 65920 66304 67072 68608 83968 114688 131232 163872 196736 229376
1 7 224 8197 8204 20481 22528 24577 32792 32816 40968 57344 66304 67072 68608 83968 114688 131232 131456 163872 196864 229376
1 7 224 8197 8204 20481 22528 24577 32792 32816 40968 57344 67072 68608 83968 114688 131232 131456 131840 163872 197120 229376
1 7 224 8197 8204 20481 22528 24577 32928 33152 33536 49664 57344 65560 65584 73736 98336 106496 132608 134144 147968 149504
1 7 224 8197 8204 20481 22528 24577 32928 33152 33536 57344 67072 68608 83968 98816 114688 131096 131120 139272 163872 172032
1 7 224 8197 8204 20481 22528 24577 32928 33152 57344 66304 67072 68608 83968 98560 114688 131096 131120 139272 163872 172032
1 7 224 8197 8204 20481 22528 24577 32928 57344 65920 66304 67072 68608 83968 98432 114688 131096 131120 139272 163872 172032
1 7 224 8197 8204 20481 22528 24577 33152 33536 34304 35840 51200 57344 65696 98432 106496 131096 131120 139272 196640 204800
1 7 224 8197 8204 20481 22528 24577 33152 33536 34304 35840 51200 57344 65696 98432 131096 131120 139272 172032 196640 229376
1 7 224 8197 8204 20481 22528 24577 33536 34304 35840 51200 57344 65696 65920 98560 106496 131096 131120 139272 196640 204800
1 7 224 8197 8204 20481 22528 24577 33536 34304 35840 51200 57344 65696 65920 98560 131096 131120 139272 172032 196640 229376
1 7 224 8197 8204 20481 22528 24577 34304 35840 51200 57344 65696 65920 66304 98816 106496 131096 131120 139272 196640 204800
1 7 224 8197 8204 20481 22528 24577 34304 35840 51200 57344 65696 65920 66304 98816 131096 131120 139272 172032 196640 229376
1 7 224 8197 8204 20481 24577 32792 32816 40968 57344 65696 65920 66304 82432 98336 114688 132608 134144 137216 147968 151552
1 7 224 8197 8204 20481 24577 32792 32816 40968 57344 65696 65920 66304 98336 114688 132608 134144 137216 151552 197120 212992
1 7 224 8197 8204 20481 24577 32792 32816 40968 57344 67072 68608 71680 86016 114688 131232 131456 131840 163872 197120 229376
1 7 224 8197 8204 20481 24577 32928 33152 33536 49664 57344 65560 65584 73736 98336 106496 132608 134144 137216 147968 151552
1 7 224 8197 8204 20481 24577 32928 33152 33536 57344 67072 68608 71680 86016 98816 114688 131096 131120 139272 163872 172032
1 7 224 8197 8204 20481 24577 34304 35840 38912 53248 57344 65696 65920 66304 98816 106496 131096 131120 139272 196640 204800
1 7 224 8197 8204 20481 24577 34304 35840 38912 53248 57344 65696 65920 66304 98816 131096 131120 139272 172032 196640 229376
1 7 224 8197 8204 24577 24584 32792 32816 49160 65696 65920 66304 98336 114688 132608 134144 135169 137216 147457 197120 212992
1 7 224 8197 8204 24577 24584 32792 32816 49160 65696 65920 66304 98336 132608 134144 135169 137216 147457 180224 197120 229376
1 7 224 8197 8204 24577 32792 32816 40968 57344 65696 65920 66304 82432 98336 114688 132608 134144 135169 137216 147457 147968
1 7 224 8197 8204 24577 32792 32816 40968 57344 65696 65920 66304 98336 114688 132608 134144 135169 137216 147457 197120 212992
1 7 224 8197 8204 24577 32792 32816 40968 57344 67072 68608 69633 71680 81921 114688 131232 131456 131840 163872 197120 229376
1 7 224 8197 8204 24577 32928 33152 33536 49664 57344 65560 65584 73736 98336 106496 132608 134144 135169 137216 147457 147968
1 7 224 8197 8204 24577 32928 33152 33536 57344 67072 68608 69633 71680 81921 98816 114688 131096 131120 139272 163872 172032
1 7 224 8197 8204 24577 34304 35840 36865 38912 49153 57344 65696 65920 66304 98816 106496 131096 131120 139272 196640 204800
1 7 224 8197 8204 24577 34304 35840 36865 38912 49153 57344 65696 65920 66304 98816 131096 131120 139272 172032 196640 229376
1 7 224 8197 10241 16768 17152 17920 19456 26624 32928 49280 57344 65548 65560 65584 73732 98336 106496 133121 135169 137216
1 7 224 8197 10241 16768 17152 17920 19456 26624 32928 49280 65548 65560 65584 73732 90112 98336 114688 133121 135169 137216
1 7 224 8197 10241 17152 17920 19456 26624 32928 33152 49408 57344 65548 65560 65584 73732 98336 106496 133121 135169 137216
1 7 224 8197 10241 17152 17920 19456 26624 32928 33152 49408 65548 65560 65584 73732 90112 98336 114688 133121 135169 137216
1 7 224 8197 12289 14336 16768 17152 17920 19456 26624 32780 32792 32816 40964 57344 65696 82048 114688 163872 196640 229376
1 7 224 8197 12289 14336 16768 17152 17920 19456 26624 32780 32792 32816 40964 57344 65696 98336 114688 147584 196736 212992
1 7 224 8197 12289 14336 16768 17152 17920 19456 26624 32780 32792 32816 40964 57344 82048 98336 114688 131232 196640 196736
1 7 224 8197 12289 14336 16768 17152 17920 19456 26624 32780 32792 32816 40964 57344 82048 114688 131232 163872 196736 229376
1 7 224 8197 12289 14336 16768 17152 17920 19456 26624 32780 32792 32816 40964 57344 98336 114688 131232 147584 196640 212992
1 7 224 8197 12289 14336 16768 17152 17920 19456 26624 32780 32792 32816 40964 57344 114688 131232 147584 163872 212992 229376
1 7 224 8197 12289 14336 16768 17152 17920 19456 26624 32780 32792 32816 57344 65696 82048 98336 114688 139268 163844 172032
1 7 224 8197 12289 14336 16768 17152 17920 19456 26624 32780 32792 40964 57344 65584 82048 98320 114688 131232 196640 196736
1 7 224 8197 12289 14336 16768 17152 17920 19456 26624 32780 32792 40964 57344 65584 98320 114688 131232 147584 196640 212992
1 7 224 8197 12289 14336 16768 17152 17920 19456 26624 32780 32792 40964 57344 65696 82048 98320 114688 131120 196624 196640
1 7 224 8197 12289 14336 16768 17152 17920 19456 26624 32780 32792 40964 57344 65696 82048 98336 114688 131120 163856 163872
1 7 224 8197 12289 14336 16768 17152 17920 19456 26624 32780 32792 40964 57344 65696 82048 114688 131120 163856 196640 229376
1 7 224 8197 12289 14336 16768 17152 17920 19456 26624 32780 32816 40964 57344 65696 82048 98336 114688 131096 163848 163856
1 7 224 8197 12289 14336 16768 17152 17920 19456 26624 32780 40964 57344 65560 65584 98312 114688 131232 147584 196640 212992
1 7 224 8197 12289 14336 16768 17152 17920 19456 26624 32780 40964 57344 65696 82048 98336 114688 131096 131120 163848 163872
1 7 224 8197 12289 14336 16768 17152 17920 19456 26624 32780 40964 57344 65696 82048 114688 131096 131120 163848 196640 229376
1 7 224 8197 12289 14336 16768 17152 17920 19456 26624 32792 32816 40964 57344 65696 82048 98336 114688 131084 163844 163848
1 7 224 8197 12289 14336 16768 17152 17920 19456 26624 32792 32816 57344 65696 82048 98336 114688 131084 139268 163848 172032
1 7 224 8197 12289 14336 16768 17152 17920 19456 26624 32816 40964 57344 65696 82048 98336 114688 131084 131096 163844 163856
1 7 224 8197 12289 14336 16768 17152 17920 19456 26624 32816 49280 57344 65696 98336 98432 131084 131096 139268 163856 172032
1 7 224 8197 12289 14336 16768 17152 17920 19456 26624 32816 57344 65696 82048 98336 114688 131084 131096 139268 163856 172032
1 7 224 8197 12289 14336 16768 17152 17920 19456 26624 32928 49280 57344 65548 65560 65584 73732 98336 172032 204800 229376
1 7 224 8197 12289 14336 16768 17152 17920 19456 26624 32928 49280 57344 65548 65560 65584 98336 106496 139268 196612 204800
1 7 224 8197 12289 14336 16768 17152 17920 19456 26624 32928 49280 57344 65548 65560 65584 98336 139268 172032 196612 229376
1 7 224 8197 12289 14336 16768 17152 17920 19456 26624 32928 49280 57344 65548 65560 73732 98336 106496 131120 196624 196640
1 7 224 8197 12289 14336 16768 17152 17920 19456 26624 32928 49280 57344 65548 65584 73732 98336 106496 131096 196616 196624
1 7 224 8197 12289 14336 16768 17152 17920 19456 26624 32928 49280 57344 65548 73732 98336 106496 131096 131120 196616 196640
1 7 224 8197 12289 14336 16768 17152 17920 19456 26624 32928 49280 57344 65560 65584 73732 98336 106496 131084 196612 196616
1 7 224 8197 12289 14336 16768 17152 17920 19456 26624 32928 49280 57344 65560 65584 98336 106496 131084 139268 196616 204800
1 7 224 8197 12289 14336 16768 17152 17920 19456 26624 32928 49280 57344 65560 65584 98336 131084 139268 172032 196616 229376
1 7 224 8197 12289 14336 16768 17152 17920 19456 26624 32928 49280 57344 65584 73732 98336 106496 131084 131096 196612 196624
1 7 224 8197 12289 14336 16768 17152 17920 19456 26624 32928 49280 57344 65584 98320 98336 131084 131096 139268 163856 172032
1 7 224 8197 12289 14336 16768 17152 17920 19456 26624 32928 49280 57344 65584 98336 106496 131084 131096 139268 196624 204800
1 7 224 8197 12289 14336 16768 17152 17920 19456 26624 32928 49280 57344 65584 98336 131084 131096 139268 172032 196624 229376
1 7 224 8197 12289 14336 16768 17152 17920 19456 26624 32928 49280 57344 73732 98336 106496 131084 131096 131120 196612 196640
1 7 224 8197 12289 14336 16768 17152 17920 19456 26624 32928 49280 57344 98336 106496 131084 131096 131120 139268 196640 204800
1 7 224 8197 12289 14336 16768 17152 17920 19456 26624 32928 49280 57344 98336 131084 131096 131120 139268 172032 196640 229376
1 7 224 8197 12289 14336 16768 17152 17920 19456 26624 32928 57344 82048 98432 114688 131084 131096 131120 139268 163872 172032
1 7 224 8197 12289 14336 16768 17152 17920 19456 26624 40964 57344 65548 65560 65584 98308 114688 131232 147584 196640 212992
1 7 224 8197 12289 14336 16768 17152 17920 19456 26624 40964 57344 65696 82048 98336 114688 131084 131096 131120 163844 163872
1 7 224 8197 12289 14336 16768 17152 17920 19456 26624 40964 57344 65696 82048 114688 131084 131096 131120 163844 196640 229376
1 7 224 8197 12289 14336 16768 17152 17920 19456 26624 49280 57344 65696 98336 98432 131084 131096 131120 139268 163872 172032
1 7 224 8197 12289 14336 16768 17152 17920 19456 26624 49280 57344 65696 98432 106496 131084 131096 131120 139268 196640 204800
1 7 224 8197 12289 14336 16768 17152 17920 19456 26624 49280 57344 65696 98432 131084 131096 131120 139268 172032 196640 229376
1 7 224 8197 12289 14336 16768 17152 17920 19456 26624 57344 65548 65560 65584 73732 106496 114688 131232 147584 196640 212992
1 7 224 8197 12289 14336 16768 17152 17920 19456 26624 57344 65696 82048 98336 114688 131084 131096 131120 139268 163872 172032
1 7 224 8197 12289 14336 16768 17152 17920 19456 26624 57344 65696 82048 106496 114688 131084 131096 131120 139268 196640 204800
1 7 224 8197 12289 14336 16768 17152 17920 19456 26624 57344 65696 82048 114688 131084 131096 131120 139268 172032 196640 229376
1 7 224 8197 12289 14336 16768 17152 17920 26624 32780 32792 32816 40964 57344 65696 82048 98336 114688 134144 148480 149504
1 7 224 8197 12289 14336 16768 17152 17920 26624 32928 49280 57344 65548 65560 65584 73732 98336 106496 134144 148480 149504
1 7 224 8197 12289 14336 16768 17152 19456 26624 32780 32792 32816 40964 57344 65696 82048 98336 114688 132608 147968 148480
1 7 224 8197 12289 14336 16768 17152 19456 26624 32928 49280 57344 65548 65560 65584 73732 98336 106496 132608 147968 148480
1 7 224 8197 12289 14336 16768 17152 26624 32780 32792 32816 40964 57344 65696 82048 98336 114688 132608 134144 147968 149504
1 7 224 8197 12289 14336 16768 17152 26624 32928 49280 57344 65548 65560 65584 73732 98336 106496 132608 134144 147968 149504
1 7 224 8197 12289 14336 16768 17920 19456 26624 32780 32792 32816 40964 57344 65696 82048 98336 114688 131840 147712 147968
1 7 224 8197 12289 14336 16768 17920 19456 26624 32928 49280 57344 65548 65560 65584 73732 98336 106496 131840 147712 147968
1 7 224 8197 12289 14336 16768 19456 26624 32780 32792 32816 40964 57344 65696 82048 98336 114688 131840 132608 147712 148480
1 7 224 8197 12289 14336 16768 19456 26624 32928 49280 57344 65548 65560 65584 73732 98336 106496 131840 132608 147712 148480
1 7 224 8197 12289 14336 16768 26624 32780 32792 32816 40964 57344 65696 82048 98336 114688 131840 132608 134144 147712 149504
1 7 224 8197 12289 14336 16768 26624 32928 49280 57344 65548 65560 65584 73732 98336 106496 131840 132608 134144 147712 149504
1 7 224 8197 12289 14336 17152 17920 19456 26624 32780 32792 32816 40964 57344 65696 65920 82176 114688 163872 196640 229376
1 7 224 8197 12289 14336 17152 17920 19456 26624 32780 32792 32816 40964 57344 65696 65920 98336 114688 147712 196864 212992
1 7 224 8197 12289 14336 17152 17920 19456 26624 32780 32792 32816 40964 57344 65696 82048 98336 114688 131456 147584 147712
1 7 224 8197 12289 14336 17152 17920 19456 26624 32780 32792 32816 40964 57344 65696 82176 98336 114688 131456 196736 196864
1 7 224 8197 12289 14336 17152 17920 19456 26624 32780 32792 32816 40964 57344 65696 98336 114688 131456 147712 196736 212992
1 7 224 8197 12289 14336 17152 17920 19456 26624 32780 32792 32816 40964 57344 65920 82176 98336 114688 131232 196640 196736
1 7 224 8197 12289 14336 17152 17920 19456 26624 32780 32792 32816 40964 57344 65920 82176 114688 131232 163872 196736 229376
1 7 224 8197 12289 14336 17152 17920 19456 26624 32780 32792 32816 40964 57344 82176 98336 114688 131232 131456 196640 196864
1 7 224 8197 12289 14336 17152 17920 19456 26624 32780 32792 32816 40964 57344 82176 114688 131232 131456 163872 196864 229376
1 7 224 8197 12289 14336 17152 17920 19456 26624 32780 32792 32816 40964 57344 98336 114688 131232 131456 147712 196640 212992
1 7 224 8197 12289 14336 17152 17920 19456 26624 32780 32792 32816 40964 57344 114688 131232 131456 147712 163872 212992 229376
1 7 224 8197 12289 14336 17152 17920 19456 26624 32780 32792 32816 57344 65696 65920 82176 98336 114688 139268 163844 172032
1 7 224 8197 12289 14336 17152 17920 19456 26624 32780 32792 40964 57344 65584 98320 114688 131232 131456 147712 196640 212992
1 7 224 8197 12289 14336 17152 17920 19456 26624 32780 32792 40964 57344 65696 65920 82176 98336 114688 131120 163856 163872
1 7 224 8197 12289 14336 17152 17920 19456 26624 32780 32792 40964 57344 65696 65920 82176 114688 131120 163856 196640 229376
1 7 224 8197 12289 14336 17152 17920 19456 26624 32780 32816 40964 57344 65696 65920 82176 98336 114688 131096 163848 163856
1 7 224 8197 12289 14336 17152 17920 19456 26624 32780 40964 57344 65560 65584 98312 114688 131232 131456 147712 196640 212992
1 7 224 8197 12289 14336 17152 17920 19456 26624 32780 40964 57344 65696 65920 82176 98336 114688 131096 131120 163848 163872
1 7 224 8197 12289 14336 17152 17920 19456 26624 32780 40964 57344 65696 65920 82176 114688 131096 131120 163848 196640 229376
1 7 224 8197 12289 14336 17152 17920 19456 26624 32792 32816 40964 57344 65696 65920 82176 98336 114688 131084 163844 163848
1 7 224 8197 12289 14336 17152 17920 19456 26624 32792 32816 57344 65696 65920 82176 98336 114688 131084 139268 163848 172032
1 7 224 8197 12289 14336 17152 17920 19456 26624 32816 40964 57344 65696 65920 82176 98336 114688 131084 131096 163844 163856
1 7 224 8197 12289 14336 17152 17920 19456 26624 32816 57344 65696 65920 82176 98336 114688 131084 131096 139268 163856 172032
1 7 224 8197 12289 14336 17152 17920 19456 26624 32928 33152 49408 57344 65548 65560 65584 73732 98336 172032 204800 229376
1 7 224 8197 12289 14336 17152 17920 19456 26624 32928 33152 49408 57344 65548 65560 65584 98336 106496 139268 196612 204800
1 7 224 8197 12289 14336 17152 17920 19456 26624 32928 33152 49408 57344 65548 65560 65584 98336 139268 172032 196612 229376
1 7 224 8197 12289 14336 17152 17920 19456 26624 32928 33152 49408 57344 65548 65560 73732 98336 106496 131120 196624 196640
1 7 224 8197 12289 14336 17152 17920 19456 26624 32928 33152 49408 57344 65548 65584 73732 98336 106496 131096 196616 196624
1 7 224 8197 12289 14336 17152 17920 19456 26624 32928 33152 49408 57344 65548 73732 98336 106496 131096 131120 196616 196640
1 7 224 8197 12289 14336 17152 17920 19456 26624 32928 33152 49408 57344 65560 65584 73732 98336 106496 131084 196612 196616
1 7 224 8197 12289 14336 17152 17920 19456 26624 32928 33152 49408 57344 65560 65584 98336 106496 131084 139268 196616 204800
1 7 224 8197 12289 14336 17152 17920 19456 26624 32928 33152 49408 57344 65560 65584 98336 131084 139268 172032 196616 229376
1 7 224 8197 12289 14336 17152 17920 19456 26624 32928 33152 49408 57344 65584 73732 98336 106496 131084 131096 196612 196624
1 7 224 8197 12289 14336 17152 17920 19456 26624 32928 33152 49408 57344 65584 98336 106496 131084 131096 139268 196624 204800
1 7 224 8197 12289 14336 17152 17920 19456 26624 32928 33152 49408 57344 65584 98336 131084 131096 139268 172032 196624 229376
1 7 224 8197 12289 14336 17152 17920 19456 26624 32928 33152 49408 57344 73732 98336 106496 131084 131096 131120 196612 196640
1 7 224 8197 12289 14336 17152 17920 19456 26624 32928 33152 49408 57344 98336 106496 131084 131096 131120 139268 196640 204800
1 7 224 8197 12289 14336 17152 17920 19456 26624 32928 33152 49408 57344 98336 131084 131096 131120 139268 172032 196640 229376
1 7 224 8197 12289 14336 17152 17920 19456 26624 32928 33152 57344 82176 98560 114688 131084 131096 131120 139268 163872 172032
1 7 224 8197 12289 14336 17152 17920 19456 26624 32928 49280 57344 65548 65560 65584 73732 98336 106496 131456 147584 147712
1 7 224 8197 12289 14336 17152 17920 19456 26624 32928 49408 57344 65920 98432 98560 131084 131096 131120 139268 163872 172032
1 7 224 8197 12289 14336 17152 17920 19456 26624 32928 57344 65920 82176 98432 114688 131084 131096 131120 139268 163872 172032
1 7 224 8197 12289 14336 17152 17920 19456 26624 33152 49408 57344 65696 98336 98432 131084 131096 131120 139268 163872 172032
1 7 224 8197 12289 14336 17152 17920 19456 26624 33152 49408 57344 65696 98432 106496 131084 131096 131120 139268 196640 204800
1 7 224 8197 12289 14336 17152 17920 19456 26624 33152 49408 57344 65696 98432 131084 131096 131120 139268 172032 196640 229376
1 7 224 8197 12289 14336 17152 17920 19456 26624 40964 57344 65548 65560 65584 98308 114688 131232 131456 147712 196640 212992
1 7 224 8197 12289 14336 17152 17920 19456 26624 40964 57344 65696 65920 82176 98336 114688 131084 131096 131120 163844 163872
1 7 224 8197 12289 14336 17152 17920 19456 26624 40964 57344 65696 65920 82176 114688 131084 131096 131120 163844 196640 229376
1 7 224 8197 12289 14336 17152 17920 19456 26624 49408 57344 65696 65920 98336 98560 131084 131096 131120 139268 163872 172032
1 7 224 8197 12289 14336 17152 17920 19456 26624 49408 57344 65696 65920 98560 106496 131084 131096 131120 139268 196640 204800
1 7 224 8197 12289 14336 17152 17920 19456 26624 49408 57344 65696 65920 98560 131084 131096 131120 139268 172032 196640 229376
1 7 224 8197 12289 14336 17152 17920 19456 26624 57344 65548 65560 65584 73732 106496 114688 131232 131456 147712 196640 212992
1 7 224 8197 12289 14336 17152 17920 19456 26624 57344 65696 65920 82176 98336 114688 131084 131096 131120 139268 163872 172032
1 7 224 8197 12289 14336 17152 17920 19456 26624 57344 65696 65920 82176 106496 114688 131084 131096 131120 139268 196640 204800
1 7 224 8197 12289 14336 17152 17920 19456 26624 57344 65696 65920 82176 114688 131084 131096 131120 139268 172032 196640 229376
1 7 224 8197 12289 14336 17152 17920 26624 32780 32792 32816 40964 57344 65696 65920 82176 98336 114688 134144 148480 149504
1 7 224 8197 12289 14336 17152 17920 26624 32928 33152 49408 57344 65548 65560 65584 73732 98336 106496 134144 148480 149504
1 7 224 8197 12289 14336 17152 19456 26624 32780 32792 32816 40964 57344 65696 65920 82176 98336 114688 132608 147968 148480
1 7 224 8197 12289 14336 17152 19456 26624 32928 33152 49408 57344 65548 65560 65584 73732 98336 106496 132608 147968 148480
1 7 224 8197 12289 14336 17152 26624 32780 32792 32816 40964 57344 65696 65920 82176 98336 114688 132608 134144 147968 149504
1 7 224 8197 12289 14336 17152 26624 32928 33152 49408 57344 65548 65560 65584 73732 98336 106496 132608 134144 147968 149504
1 7 224 8197 12289 14336 17920 19456 26624 32780 32792 32816 40964 57344 65696 65920 82176 98336 114688 131840 147712 147968
1 7 224 8197 12289 14336 17920 19456 26624 32780 32792 32816 40964 57344 65696 65920 98336 114688 131840 147968 196864 212992
1 7 224 8197 12289 14336 17920 19456 26624 32780 32792 32816 40964 57344 65696 82048 98336 114688 131456 131840 147584 147968
1 7 224 8197 12289 14336 17920 19456 26624 32780 32792 32816 40964 57344 65696 98336 114688 131456 131840 147968 196736 212992
1 7 224 8197 12289 14336 17920 19456 26624 32780 32792 32816 40964 57344 65920 66304 82432 114688 131232 163872 196736 229376
1 7 224 8197 12289 14336 17920 19456 26624 32780 32792 32816 40964 57344 66304 82432 114688 131232 131456 163872 196864 229376
1 7 224 8197 12289 14336 17920 19456 26624 32928 33152 49408 57344 65548 65560 65584 73732 98336 106496 131840 147712 147968
1 7 224 8197 12289 14336 17920 19456 26624 32928 33152 57344 66304 82432 98560 114688 131084 131096 131120 139268 163872 172032
1 7 224 8197 12289 14336 17920 19456 26624 32928 49280 57344 65548 65560 65584 73732 98336 106496 131456 131840 147584 147968
1 7 224 8197 12289 14336 17920 19456 26624 32928 57344 65920 66304 82432 98432 114688 131084 131096 131120 139268 163872 172032
1 7 224 8197 12289 14336 17920 19456 26624 33152 33536 49664 57344 65696 98432 106496 131084 131096 131120 139268 196640 204800
1 7 224 8197 12289 14336 17920 19456 26624 33152 33536 49664 57344 65696 98432 131084 131096 131120 139268 172032 196640 229376
1 7 224 8197 12289 14336 17920 19456 26624 33536 49664 57344 65696 65920 98560 106496 131084 131096 131120 139268 196640 204800
1 7 224 8197 12289 14336 17920 19456 26624 33536 49664 57344 65696 65920 98560 131084 131096 131120 139268 172032 196640 229376
1 7 224 8197 12289 14336 19456 26624 32780 32792 32816 40964 57344 65696 65920 82176 98336 114688 131840 132608 147712 148480
1 7 224 8197 12289 14336 19456 26624 32780 32792 32816 40964 57344 65696 65920 98336 114688 131840 132608 148480 196864 212992
1 7 224 8197 12289 14336 19456 26624 32780 32792 32816 40964 57344 65696 82048 98336 114688 131456 131840 132608 147584 148480
1 7 224 8197 12289 14336 19456 26624 32780 32792 32816 40964 57344 65696 98336 114688 131456 131840 132608 148480 196736 212992
1 7 224 8197 12289 14336 19456 26624 32780 32792 32816 40964 57344 65920 66304 67072 82944 114688 131232 163872 196736 229376
1 7 224 8197 12289 14336 19456 26624 32780 32792 32816 40964 57344 66304 67072 82944 114688 131232 131456 163872 196864 229376
1 7 224 8197 12289 14336 19456 26624 32928 33152 49408 57344 65548 65560 65584 73732 98336 106496 131840 132608 147712 148480
1 7 224 8197 12289 14336 19456 26624 32928 33152 57344 66304 67072 82944 98560 114688 131084 131096 131120 139268 163872 172032
1 7 224 8197 12289 14336 19456 26624 32928 49280 57344 65548 65560 65584 73732 98336 106496 131456 131840 132608 147584 148480
1 7 224 8197 12289 14336 19456 26624 32928 57344 65920 66304 67072 82944 98432 114688 131084 131096 131120 139268 163872 172032
1 7 224 8197 12289 14336 19456 26624 33152 33536 34304 50176 57344 65696 98432 106496 131084 131096 131120 139268 196640 204800
1 7 224 8197 12289 14336 19456 26624 33152 33536 34304 50176 57344 65696 98432 131084 131096 131120 139268 172032 196640 229376
1 7 224 8197 12289 14336 19456 26624 33536 34304 50176 57344 65696 65920 98560 106496 131084 131096 131120 139268 196640 204800
1 7 224 8197 12289 14336 19456 26624 33536 34304 50176 57344 65696 65920 98560 131084 131096 131120 139268 172032 196640 229376
1 7 224 8197 12289 14336 24580 26624 32780 32792 32816 49156 65696 65920 98336 114688 131840 132608 134144 149504 196864 212992
1 7 224 8197 12289 14336 24580 26624 32780 32792 32816 49156 65696 65920 98336 131840 132608 134144 149504 180224 196864 229376
1 7 224 8197 12289 14336 24580 26624 32780 32792 32816 49156 65696 98336 114688 131456 131840 132608 134144 149504 196736 212992
1 7 224 8197 12289 14336 24580 26624 32780 32792 32816 49156 65696 98336 131456 131840 132608 134144 149504 180224 196736 229376
1 7 224 8197 12289 14336 26624 32780 32792 32816 40964 57344 65696 65920 82176 98336 114688 131840 132608 134144 147712 149504
1 7 224 8197 12289 14336 26624 32780 32792 32816 40964 57344 65696 65920 98336 114688 131840 132608 134144 149504 196864 212992
1 7 224 8197 12289 14336 26624 32780 32792 32816 40964 57344 65696 82048 98336 114688 131456 131840 132608 134144 147584 149504
1 7 224 8197 12289 14336 26624 32780 32792 32816 40964 57344 65696 98336 114688 131456 131840 132608 134144 149504 196736 212992
1 7 224 8197 12289 14336 26624 32780 32792 32816 40964 57344 65920 66304 67072 68608 83968 114688 131232 163872 196736 229376
1 7 224 8197 12289 14336 26624 32780 32792 32816 40964 57344 66304 67072 68608 83968 114688 131232 131456 163872 196864 229376
1 7 224 8197 12289 14336 26624 32928 33152 49408 57344 65548 65560 65584 73732 98336 106496 131840 132608 134144 147712 149504
1 7 224 8197 12289 14336 26624 32928 33152 57344 66304 67072 68608 83968 98560 114688 131084 131096 131120 139268 163872 172032
1 7 224 8197 12289 14336 26624 32928 49280 57344 65548 65560 65584 73732 98336 106496 131456 131840 132608 134144 147584 149504
1 7 224 8197 12289 14336 26624 32928 57344 65920 66304 67072 68608 83968 98432 114688 131084 131096 131120 139268 163872 172032
1 7 224 8197 12289 14336 26624 33152 33536 34304 35840 51200 57344 65696 98432 106496 131084 131096 131120 139268 196640 204800
1 7 224 8197 12289 14336 26624 33152 33536 34304 35840 51200 57344 65696 98432 131084 131096 131120 139268 172032 196640 229376
1 7 224 8197 12289 14336 26624 33536 34304 35840 51200 57344 65696 65920 98560 106496 131084 131096 131120 139268 196640 204800
1 7 224 8197 12289 14336 26624 33536 34304 35840 51200 57344 65696 65920 98560 131084 131096 131120 139268 172032 196640 229376
1 7 224 8197 12289 17920 19456 22528 28672 32928 33152 49664 57344 66304 98560 98816 131084 131096 131120 139268 163872 172032
1 7 224 8197 12289 17920 19456 22528 28672 32928 33152 49664 66304 98560 98816 131084 131096 131120 139268 155648 163872 180224
1 7 224 8197 12289 17920 19456 22528 28672 32928 33536 49664 57344 65920 98432 98560 131084 131096 131120 139268 163872 172032
1 7 224 8197 12289 17920 19456 22528 28672 32928 33536 49664 65920 98432 98560 131084 131096 131120 139268 155648 163872 180224
1 7 224 8197 12289 17920 19456 22528 28672 32928 49664 57344 65920 66304 98432 98816 131084 131096 131120 139268 163872 172032
1 7 224 8197 12289 17920 19456 22528 28672 32928 49664 65920 66304 98432 98816 131084 131096 131120 139268 155648 163872 180224
1 7 224 8197 12289 17920 19456 22528 28672 33152 33536 49664 57344 65696 98336 98432 131084 131096 131120 139268 163872 172032
1 7 224 8197 12289 17920 19456 22528 28672 33152 33536 49664 57344 65696 98432 106496 131084 131096 131120 139268 196640 204800
1 7 224 8197 12289 17920 19456 22528 28672 33152 33536 49664 57344 65696 98432 131084 131096 131120 139268 172032 196640 229376
1 7 224 8197 12289 17920 19456 22528 28672 33152 33536 49664 65696 90112 98432 114688 131084 131096 131120 139268 196640 204800
1 7 224 8197 12289 17920 19456 22528 28672 33152 33536 49664 65696 98336 98432 131084 131096 131120 139268 155648 163872 180224
1 7 224 8197 12289 17920 19456 22528 28672 33152 33536 49664 65696 98432 114688 131084 131096 131120 139268 155648 196640 212992
1 7 224 8197 12289 17920 19456 22528 28672 33152 33536 49664 65696 98432 131084 131096 131120 139268 155648 180224 196640 229376
1 7 224 8197 12289 17920 19456 22528 28672 33536 49664 57344 65696 65920 98336 98560 131084 131096 131120 139268 163872 172032
1 7 224 8197 12289 17920 19456 22528 28672 33536 49664 57344 65696 65920 98560 106496 131084 131096 131120 139268 196640 204800
1 7 224 8197 12289 17920 19456 22528 28672 33536 49664 57344 65696 65920 98560 131084 131096 131120 139268 172032 196640 229376
1 7 224 8197 12289 17920 19456 22528 28672 33536 49664 65696 65920 90112 98560 114688 131084 131096 131120 139268 196640 204800
1 7 224 8197 12289 17920 19456 22528 28672 33536 49664 65696 65920 98336 98560 131084 131096 131120 139268 155648 163872 180224
1 7 224 8197 12289 17920 19456 22528 28672 33536 49664 65696 65920 98560 114688 131084 131096 131120 139268 155648 196640 212992
1 7 224 8197 12289 17920 19456 22528 28672 33536 49664 65696 65920 98560 131084 131096 131120 139268 155648 180224 196640 229376
1 7 224 8197 12289 19456 22528 28672 33152 33536 34304 50176 57344 65548 65560 65584 73732 106496 131232 163968 196640 229376
1 7 224 8197 12289 19456 22528 28672 33152 33536 34304 50176 57344 65696 98432 106496 131084 131096 131120 139268 196640 204800
1 7 224 8197 12289 19456 22528 28672 33152 33536 34304 50176 65548 65560 65584 73732 90112 114688 131232 163968 196640 229376
1 7 224 8197 12289 19456 22528 28672 33152 33536 34304 50176 65696 90112 98432 114688 131084 131096 131120 139268 196640 204800
1 7 224 8197 12289 19456 22528 28672 33152 33536 34304 50176 65696 98432 114688 131084 131096 131120 139268 155648 196640 212992
1 7 224 8197 12289 19456 22528 28672 33536 34304 50176 57344 65548 65560 65584 73732 106496 131232 131456 164096 196640 229376
1 7 224 8197 12289 19456 22528 28672 33536 34304 50176 57344 65696 65920 98560 106496 131084 131096 131120 139268 196640 204800
2 7 224 8197 12289 19456 22528 28672 33536 34304 50176 65548 65560 65584 73732 90112 114688 131232 131456 164096 196640 229376
1 7 224 8197 12289 22528 24580 28672 33152 33536 34304 35840 51200 65696 98432 114688 131084 131096 131120 147460 196640 212992
1 7 224 8197 12289 22528 24580 28672 33152 33536 34304 35840 51200 65696 98432 131084 131096 131120 147460 180224 196640 229376
1 7 224 8197 12289 22528 26624 28672 33152 33536 34304 35840 43008 65548 65560 65584 73732 106496 131232 163968 196640 229376
1 7 224 8197 12289 22528 26624 28672 33152 33536 34304 35840 43008 65696 98432 106496 131084 131096 131120 139268 196640 204800
1 7 224 8197 12289 22528 28672 33152 33536 34304 35840 51200 57344 65696 98432 106496 131084 131096 131120 139268 196640 204800
1 7 224 8197 12289 22528 28672 33152 33536 34304 35840 51200 57344 65696 98432 131084 131096 131120 139268 172032 196640 229376
1 7 224 8197 12289 22528 28672 33152 33536 34304 35840 51200 65696 90112 98432 114688 131084 131096 131120 139268 196640 204800
1 7 224 8197 12289 22528 28672 33152 33536 34304 35840 51200 65696 98432 114688 131084 131096 131120 139268 155648 196640 212992
1 7 224 8197 12289 22528 28672 33152 33536 34304 35840 51200 65696 98432 131084 131096 131120 139268 155648 180224 196640 229376
1 7 224 8197 14336 20481 24577 28672 33152 33536 34304 35840 43008 65696 98432 106496 131084 131096 131120 139268 196640 204800
1 7 224 8197 14336 20481 24577 28672 33152 33536 34304 35840 43008 65696 98432 131084 131096 131120 139268 172032 196640 229376
1 7 224 8197 17920 19456 20481 22528 24577 32780 32792 32816 40964 57344 65696 82432 98336 114688 131456 131840 196736 197120
1 7 224 8197 17920 19456 20481 22528 24577 32780 32792 32816 40964 57344 65696 98336 114688 131456 131840 147968 196736 212992
1 7 224 8197 17920 19456 20481 22528 24577 32780 32792 32816 40964 57344 65920 66304 82432 98336 114688 131232 196640 196736
1 7 224 8197 17920 19456 20481 22528 24577 32780 32792 32816 40964 57344 65920 66304 82432 114688 131232 163872 196736 229376
1 7 224 8197 17920 19456 20481 22528 24577 32928 49664 57344 65920 66304 98432 98816 131084 131096 131120 139268 163872 172032
1 7 224 8197 17920 19456 20481 22528 24577 32928 57344 65920 66304 82432 98432 114688 131084 131096 131120 139268 163872 172032
1 7 224 8197 17920 19456 20481 22528 24577 33152 33536 49664 57344 65696 98336 98432 131084 131096 131120 139268 163872 172032
1 7 224 8197 17920 19456 20481 22528 24577 33152 33536 49664 57344 65696 98432 106496 131084 131096 131120 139268 196640 204800
1 7 224 8197 17920 19456 20481 22528 24577 33152 33536 49664 57344 65696 98432 131084 131096 131120 139268 172032 196640 229376
1 7 224 8197 19456 20481 22528 24577 32780 32792 32816 40964 57344 65696 98336 114688 131456 131840 132608 148480 196736 212992
2 7 224 8197 19456 20481 22528 24577 32780 32792 32816 40964 57344 65920 66304 67072 82944 114688 131232 163872 196736 229376
1 7 224 8197 19456 20481 22528 24577 32928 57344 65920 66304 67072 82944 98432 114688 131084 131096 131120 139268 163872 172032
1 7 448 8197 8204 8216 19456 20481 22528 24577 32816 32864 33088 40976 57344 66304 67072 82944 114688 164096 196864 229376
1 7 448 8197 8204 8216 19456 20481 22528 24577 32816 32864 33088 40976 57344 66304 67072 98560 114688 148480 197632 212992
1 7 448 8197 8204 8216 19456 20481 22528 24577 32816 32864 33088 40976 57344 66304 82944 98560 114688 132608 197120 197632
1 7 448 8197 8204 8216 19456 20481 22528 24577 32816 32864 33088 40976 57344 66304 98560 114688 132608 148480 197120 212992
1 7 448 8197 8204 8216 19456 20481 22528 24577 32816 32864 33088 40976 57344 67072 82944 98560 114688 131840 196864 197120
1 7 448 8197 8204 8216 19456 20481 22528 24577 32816 32864 33088 40976 57344 67072 82944 114688 131840 164096 197120 229376
1 7 448 8197 8204 8216 19456 20481 22528 24577 32816 32864 33088 40976 57344 82944 98560 114688 131840 132608 196864 197632
1 7 448 8197 8204 8216 19456 20481 22528 24577 32816 32864 33088 40976 57344 82944 114688 131840 132608 164096 197632 229376
1 7 448 8197 8204 8216 19456 20481 22528 24577 32816 32864 33088 40976 57344 98560 114688 131840 132608 148480 196864 212992
1 7 448 8197 8204 8216 19456 20481 22528 24577 32816 32864 33088 40976 57344 114688 131840 132608 148480 164096 212992 229376
1 7 448 8197 8204 8216 19456 20481 22528 24577 32816 32864 33088 57344 66304 67072 82944 98560 114688 139280 163856 172032
1 7 448 8197 8204 8216 19456 20481 22528 24577 32816 32864 40976 57344 65856 66304 98368 114688 132608 148480 197120 212992
1 7 448 8197 8204 8216 19456 20481 22528 24577 32816 32864 40976 57344 65856 98368 114688 131840 132608 148480 196864 212992
1 7 448 8197 8204 8216 19456 20481 22528 24577 32816 32864 40976 57344 66304 67072 82944 98560 114688 131392 163904 164096
1 7 448 8197 8204 8216 19456 20481 22528 24577 32816 32864 40976 57344 66304 67072 82944 114688 131392 163904 196864 229376
1 7 448 8197 8204 8216 19456 20481 22528 24577 32816 32864 40976 57344 67072 82944 114688 131392 131840 163904 197120 229376
1 7 448 8197 8204 8216 19456 20481 22528 24577 32816 33088 40976 57344 66304 67072 82944 98560 114688 131168 163872 163904
1 7 448 8197 8204 8216 19456 20481 22528 24577 32816 40976 57344 65632 65856 98336 114688 131840 132608 148480 196864 212992
1 7 448 8197 8204 8216 19456 20481 22528 24577 32816 40976 57344 66304 67072 82944 98560 114688 131168 131392 163872 164096
1 7 448 8197 8204 8216 19456 20481 22528 24577 32816 40976 57344 66304 67072 82944 114688 131168 131392 163872 196864 229376
1 7 448 8197 8204 8216 19456 20481 22528 24577 32848 33088 40976 57344 66304 67072 82944 98560 114688 131120 131152 131168
1 7 448 8197 8204 8216 19456 20481 22528 24577 32864 33088 40976 57344 66304 67072 82944 98560 114688 131120 163856 163872
1 7 448 8197 8204 8216 19456 20481 22528 24577 32864 33088 57344 66304 67072 82944 98560 114688 131120 139280 163872 172032
1 7 448 8197 8204 8216 19456 20481 22528 24577 33088 33536 57344 67072 82944 98816 114688 131120 131168 139280 163904 172032
1 7 448 8197 8204 8216 19456 20481 22528 24577 33088 40976 57344 66304 67072 82944 98560 114688 131120 131168 163856 163904
1 7 448 8197 8204 8216 19456 20481 22528 24577 33088 57344 66304 67072 82944 98560 114688 131120 131168 139280 163904 172032
1 7 448 8197 8204 8216 19456 20481 22528 24577 33536 34304 50176 57344 65584 65632 65856 73744 98560 172032 204800 229376
1 7 448 8197 8204 8216 19456 20481 22528 24577 33536 34304 50176 57344 65584 65632 65856 98560 106496 139280 196624 204800
1 7 448 8197 8204 8216 19456 20481 22528 24577 33536 34304 50176 57344 65584 65632 65856 98560 139280 172032 196624 229376
1 7 448 8197 8204 8216 19456 20481 22528 24577 33536 34304 50176 57344 65584 65632 73744 98560 106496 131392 196672 196864
1 7 448 8197 8204 8216 19456 20481 22528 24577 33536 34304 50176 57344 65584 65856 73744 98560 106496 131168 196640 196672
1 7 448 8197 8204 8216 19456 20481 22528 24577 33536 34304 50176 57344 65584 73744 98560 106496 131168 131392 196640 196864
1 7 448 8197 8204 8216 19456 20481 22528 24577 33536 34304 50176 57344 65616 65856 73744 98560 106496 131120 131152 131168
1 7 448 8197 8204 8216 19456 20481 22528 24577 33536 34304 50176 57344 65632 65856 73744 98560 106496 131120 196624 196640
1 7 448 8197 8204 8216 19456 20481 22528 24577 33536 34304 50176 57344 65632 65856 98560 106496 131120 139280 196640 204800
1 7 448 8197 8204 8216 19456 20481 22528 24577 33536 34304 50176 57344 65632 65856 98560 131120 139280 172032 196640 229376
1 7 448 8197 8204 8216 19456 20481 22528 24577 33536 34304 50176 57344 65856 73744 98560 106496 131120 131168 196624 196672
1 7 448 8197 8204 8216 19456 20481 22528 24577 33536 34304 50176 57344 65856 98560 106496 131120 131168 139280 196672 204800
1 7 448 8197 8204 8216 19456 20481 22528 24577 33536 34304 50176 57344 65856 98560 131120 131168 139280 172032 196672 229376
1 7 448 8197 8204 8216 19456 20481 22528 24577 33536 34304 50176 57344 73744 98560 106496 131120 131168 131392 196624 196864
1 7 448 8197 8204 8216 19456 20481 22528 24577 33536 34304 50176 57344 98560 106496 131120 131168 131392 139280 196864 204800
1 7 448 8197 8204 8216 19456 20481 22528 24577 33536 34304 50176 57344 98560 131120 131168 131392 139280 172032 196864 229376
1 7 448 8197 8204 8216 19456 20481 22528 24577 33536 34304 57344 82944 99328 114688 131120 131168 131392 139280 164096 172032
1 7 448 8197 8204 8216 19456 20481 22528 24577 33536 50176 57344 67072 98816 99328 131120 131168 131392 139280 164096 172032
1 7 448 8197 8204 8216 19456 20481 22528 24577 33536 57344 67072 82944 98816 114688 131120 131168 131392 139280 164096 172032
1 7 448 8197 8204 8216 19456 20481 22528 24577 34304 50176 57344 65856 66304 98816 106496 131120 131168 139280 196672 204800
1 7 448 8197 8204 8216 19456 20481 22528 24577 34304 50176 57344 65856 66304 98816 131120 131168 139280 172032 196672 229376
1 7 448 8197 8204 8216 19456 20481 22528 24577 34304 50176 57344 66304 98560 98816 131120 131168 131392 139280 164096 172032
1 7 448 8197 8204 8216 19456 20481 22528 24577 34304 50176 57344 66304 98816 106496 131120 131168 131392 139280 196864 204800
1 7 448 8197 8204 8216 19456 20481 22528 24577 34304 50176 57344 66304 98816 131120 131168 131392 139280 172032 196864 229376
1 7 448 8197 8204 8216 19456 20481 22528 24577 40976 57344 65584 65632 65856 98320 114688 131840 132608 148480 196864 212992
1 7 448 8197 8204 8216 19456 20481 22528 24577 40976 57344 66304 67072 82944 98560 114688 131120 131168 131392 163856 164096
1 7 448 8197 8204 8216 19456 20481 22528 24577 40976 57344 66304 67072 82944 114688 131120 131168 131392 163856 196864 229376
1 7 448 8197 8204 8216 19456 20481 22528 24577 50176 57344 66304 67072 98560 99328 131120 131168 131392 139280 164096 172032
1 7 448 8197 8204 8216 19456 20481 22528 24577 50176 57344 66304 67072 99328 106496 131120 131168 131392 139280 196864 204800
1 7 448 8197 8204 8216 19456 20481 22528 24577 50176 57344 66304 67072 99328 131120 131168 131392 139280 172032 196864 229376
1 7 448 8197 8204 8216 19456 20481 22528 24577 57344 65584 65632 65856 73744 106496 114688 131840 132608 148480 196864 212992
1 7 448 8197 8204 8216 19456 20481 22528 24577 57344 66304 67072 82944 98560 114688 131120 131168 131392 139280 164096 172032
1 7 448 8197 8204 8216 19456 20481 22528 24577 57344 66304 67072 82944 106496 114688 131120 131168 131392 139280 196864 204800
1 7 448 8197 8204 8216 19456 20481 22528 24577 57344 66304 67072 82944 114688 131120 131168 131392 139280 172032 196864 229376
1 7 448 8197 8204 8216 19456 20481 24577 32816 32864 33088 40976 57344 66304 67072 82944 98560 114688 137216 149504 151552
1 7 448 8197 8204 8216 19456 20481 24577 33536 34304 50176 57344 65584 65632 65856 73744 98560 106496 137216 149504 151552
1 7 448 8197 8204 8216 19456 22528 24577 32816 32864 33088 40976 57344 66304 67072 82944 98560 114688 135169 147457 151552
1 7 448 8197 8204 8216 19456 22528 24577 33536 34304 50176 57344 65584 65632 65856 73744 98560 106496 135169 147457 151552
1 7 448 8197 8204 8216 19456 24577 32816 32864 33088 40976 57344 66304 67072 82944 98560 114688 135169 137216 147457 149504
1 7 448 8197 8204 8216 19456 24577 33536 34304 50176 57344 65584 65632 65856 73744 98560 106496 135169 137216 147457 149504
1 7 448 8197 8204 8216 20481 22528 24577 32816 32864 33088 40976 57344 66304 67072 68608 83968 114688 164096 196864 229376
1 7 448 8197 8204 8216 20481 22528 24577 32816 32864 33088 40976 57344 66304 67072 82944 98560 114688 134144 148480 149504
1 7 448 8197 8204 8216 20481 22528 24577 32816 32864 33088 40976 57344 66304 67072 83968 98560 114688 134144 197632 198656
1 7 448 8197 8204 8216 20481 22528 24577 32816 32864 33088 40976 57344 66304 67072 98560 114688 134144 149504 197632 212992
1 7 448 8197 8204 8216 20481 22528 24577 32816 32864 33088 40976 57344 66304 83968 98560 114688 132608 134144 197120 198656
1 7 448 8197 8204 8216 20481 22528 24577 32816 32864 33088 40976 57344 66304 98560 114688 132608 134144 149504 197120 212992
1 7 448 8197 8204 8216 20481 22528 24577 32816 32864 33088 40976 57344 67072 68608 83968 114688 131840 164096 197120 229376
1 7 448 8197 8204 8216 20481 22528 24577 32816 32864 33088 40976 57344 68608 83968 114688 131840 132608 164096 197632 229376
1 7 448 8197 8204 8216 20481 22528 24577 32816 32864 33088 40976 57344 83968 98560 114688 131840 132608 134144 196864 198656
1 7 448 8197 8204 8216 20481 22528 24577 32816 32864 33088 40976 57344 98560 114688 131840 132608 134144 149504 196864 212992
1 7 448 8197 8204 8216 20481 22528 24577 32816 32864 40976 57344 65856 66304 98368 114688 132608 134144 149504 197120 212992
1 7 448 8197 8204 8216 20481 22528 24577 32816 32864 40976 57344 65856 98368 114688 131840 132608 134144 149504 196864 212992
1 7 448 8197 8204 8216 20481 22528 24577 32816 32864 40976 57344 66304 67072 68608 83968 98560 114688 131392 163904 164096
1 7 448 8197 8204 8216 20481 22528 24577 32816 32864 40976 57344 66304 67072 68608 83968 114688 131392 163904 196864 229376
1 7 448 8197 8204 8216 20481 22528 24577 32816 32864 40976 57344 67072 68608 83968 114688 131392 131840 163904 197120 229376
1 7 448 8197 8204 8216 20481 22528 24577 32816 33088 40976 57344 66304 67072 68608 83968 98560 114688 131168 163872 163904
1 7 448 8197 8204 8216 20481 22528 24577 32816 40976 57344 65632 65856 98336 114688 131840 132608 134144 149504 196864 212992
1 7 448 8197 8204 8216 20481 22528 24577 32816 40976 57344 66304 67072 68608 83968 98560 114688 131168 131392 163872 164096
1 7 448 8197 8204 8216 20481 22528 24577 32816 40976 57344 66304 67072 68608 83968 114688 131168 131392 163872 196864 229376
1 7 448 8197 8204 8216 20481 22528 24577 32848 33088 40976 57344 66304 67072 68608 83968 98560 114688 131120 131152 131168
1 7 448 8197 8204 8216 20481 22528 24577 32864 33088 40976 57344 66304 67072 68608 83968 98560 114688 131120 163856 163872
1 7 448 8197 8204 8216 20481 22528 24577 32864 33088 57344 66304 67072 68608 83968 98560 114688 131120 139280 163872 172032
1 7 448 8197 8204 8216 20481 22528 24577 33088 33536 57344 67072 68608 83968 98816 114688 131120 131168 139280 163904 172032
1 7 448 8197 8204 8216 20481 22528 24577 33088 40976 57344 66304 67072 68608 83968 98560 114688 131120 131168 163856 163904
1 7 448 8197 8204 8216 20481 22528 24577 33088 57344 66304 67072 68608 83968 98560 114688 131120 131168 139280 163904 172032
1 7 448 8197 8204 8216 20481 22528 24577 33536 34304 35840 51200 57344 65584 65632 73744 98560 106496 131392 196672 196864
1 7 448 8197 8204 8216 20481 22528 24577 33536 34304 35840 51200 57344 65584 65856 73744 98560 106496 131168 196640 196672
1 7 448 8197 8204 8216 20481 22528 24577 33536 34304 35840 51200 57344 65584 73744 98560 106496 131168 131392 196640 196864
1 7 448 8197 8204 8216 20481 22528 24577 33536 34304 35840 51200 57344 65616 65856 73744 98560 106496 131120 131152 131168
1 7 448 8197 8204 8216 20481 22528 24577 33536 34304 35840 51200 57344 65632 65856 73744 98560 106496 131120 196624 196640
1 7 448 8197 8204 8216 20481 22528 24577 33536 34304 35840 51200 57344 65632 65856 98560 106496 131120 139280 196640 204800
1 7 448 8197 8204 8216 20481 22528 24577 33536 34304 35840 51200 57344 65632 65856 98560 131120 139280 172032 196640 229376
1 7 448 8197 8204 8216 20481 22528 24577 33536 34304 35840 51200 57344 65856 73744 98560 106496 131120 131168 196624 196672
1 7 448 8197 8204 8216 20481 22528 24577 33536 34304 35840 51200 57344 65856 98560 106496 131120 131168 139280 196672 204800
1 7 448 8197 8204 8216 20481 22528 24577 33536 34304 35840 51200 57344 65856 98560 131120 131168 139280 172032 196672 229376
1 7 448 8197 8204 8216 20481 22528 24577 33536 34304 35840 51200 57344 73744 98560 106496 131120 131168 131392 196624 196864
1 7 448 8197 8204 8216 20481 22528 24577 33536 34304 35840 51200 57344 98560 106496 131120 131168 131392 139280 196864 204800
1 7 448 8197 8204 8216 20481 22528 24577 33536 34304 35840 51200 57344 98560 131120 131168 131392 139280 172032 196864 229376
1 7 448 8197 8204 8216 20481 22528 24577 33536 51200 57344 67072 68608 98816 100352 131120 131168 131392 139280 164096 172032
1 7 448 8197 8204 8216 20481 22528 24577 33536 57344 67072 68608 83968 98816 114688 131120 131168 131392 139280 164096 172032
1 7 448 8197 8204 8216 20481 22528 24577 34304 35840 51200 57344 65856 66304 98816 106496 131120 131168 139280 196672 204800
1 7 448 8197 8204 8216 20481 22528 24577 34304 35840 51200 57344 65856 66304 98816 131120 131168 139280 172032 196672 229376
1 7 448 8197 8204 8216 20481 22528 24577 34304 35840 51200 57344 66304 98816 106496 131120 131168 131392 139280 196864 204800
1 7 448 8197 8204 8216 20481 22528 24577 34304 35840 51200 57344 66304 98816 131120 131168 131392 139280 172032 196864 229376
2 7 448 8197 8204 8216 20481 22528 24577 35840 51200 57344 66304 67072 99328 131120 131168 131392 139280 172032 196864 229376
1 7 448 8197 8204 8216 20481 22528 24577 40976 57344 66304 67072 68608 83968 98560 114688 131120 131168 131392 163856 164096
1 7 448 8197 8204 8216 20481 22528 24577 51200 57344 66304 67072 68608 98560 100352 131120 131168 131392 139280 164096 172032
1 7 448 8197 8204 8216 20481 22528 24577 57344 66304 67072 68608 83968 98560 114688 131120 131168 131392 139280 164096 172032
1 7 448 8197 8204 12289 17152 17920 19456 22528 28672 32864 33088 49408 57344 65560 65584 73736 106496 163872 196640 229376
1 7 448 8197 8204 12289 17152 17920 19456 22528 28672 32864 33088 49408 57344 65560 65584 98336 106496 139272 196616 204800
1 7 448 8197 8204 12289 17152 17920 19456 22528 28672 32864 33088 49408 57344 65560 73736 98336 106496 131120 196624 196640
1 7 448 8197 8204 12289 17152 17920 19456 22528 28672 32864 33088 49408 57344 65560 73736 106496 131120 163872 196624 229376
1 7 448 8197 8204 12289 17152 17920 19456 22528 28672 32864 33088 49408 57344 65584 73736 98336 106496 131096 196616 196624
1 7 448 8197 8204 12289 17152 17920 19456 22528 28672 32864 33088 49408 57344 65584 98336 106496 131096 139272 196624 204800
1 7 448 8197 8204 12289 17152 17920 19456 22528 28672 32864 33088 49408 57344 73736 98336 106496 131096 131120 196616 196640
1 7 448 8197 8204 12289 17152 17920 19456 22528 28672 32864 33088 49408 57344 73736 106496 131096 131120 163872 196616 229376
1 7 448 8197 8204 12289 17152 17920 19456 22528 28672 32864 33088 49408 57344 98336 106496 131096 131120 139272 196640 204800
1 7 448 8197 8204 12289 17152 17920 19456 22528 28672 32864 33088 49408 57344 106496 131096 131120 139272 163872 204800 229376
1 7 448 8197 8204 12289 17152 17920 19456 22528 28672 32864 33088 49408 65560 65584 73736 90112 114688 163872 196640 229376
1 7 448 8197 8204 12289 17152 17920 19456 22528 28672 32864 33088 49408 65560 65584 73736 98336 114688 155648 204800 212992
1 7 448 8197 8204 12289 17152 17920 19456 22528 28672 32864 33088 49408 65560 65584 90112 98336 114688 139272 196616 204800
1 7 448 8197 8204 12289 17152 17920 19456 22528 28672 32864 33088 49408 65560 65584 98336 114688 139272 155648 196616 212992
1 7 448 8197 8204 12289 17152 17920 19456 22528 28672 32864 33088 49408 65560 73736 90112 98336 114688 131120 196624 196640
1 7 448 8197 8204 12289 17152 17920 19456 22528 28672 32864 33088 49408 65560 73736 90112 114688 131120 163872 196624 229376
1 7 448 8197 8204 12289 17152 17920 19456 22528 28672 32864 33088 49408 65584 73736 90112 98336 114688 131096 196616 196624
1 7 448 8197 8204 12289 17152 17920 19456 22528 28672 32864 33088 49408 65584 90112 98336 114688 131096 139272 196624 204800
1 7 448 8197 8204 12289 17152 17920 19456 22528 28672 32864 33088 49408 65584 98336 114688 131096 139272 155648 196624 212992
1 7 448 8197 8204 12289 17152 17920 19456 22528 28672 32864 33088 49408 73736 90112 98336 114688 131096 131120 196616 196640
1 7 448 8197 8204 12289 17152 17920 19456 22528 28672 32864 33088 49408 73736 90112 114688 131096 131120 163872 196616 229376
1 7 448 8197 8204 12289 17152 17920 19456 22528 28672 32864 33088 49408 90112 98336 114688 131096 131120 139272 196640 204800
1 7 448 8197 8204 12289 17152 17920 19456 22528 28672 32864 33088 49408 90112 106496 114688 131096 131120 139272 163872 172032
1 7 448 8197 8204 12289 17152 17920 19456 22528 28672 32864 33088 49408 90112 114688 131096 131120 139272 163872 204800 229376
1 7 448 8197 8204 12289 17152 17920 19456 22528 28672 32864 33088 49408 98336 114688 131096 131120 139272 155648 196640 212992
1 7 448 8197 8204 12289 17152 17920 19456 22528 28672 32864 33088 49408 114688 131096 131120 139272 155648 163872 212992 229376
1 7 448 8197 8204 12289 17152 17920 19456 22528 28672 32864 49408 57344 65560 65584 73736 98336 106496 131392 163904 164096
1 7 448 8197 8204 12289 17152 17920 19456 22528 28672 32864 49408 65560 65584 73736 90112 98336 114688 131392 163904 164096
1 7 448 8197 8204 12289 17152 17920 19456 22528 28672 33088 49408 57344 65560 65584 73736 98336 106496 131168 163872 163904
1 7 448 8197 8204 12289 17152 17920 19456 22528 28672 33088 49408 57344 65560 65584 73736 106496 131168 163904 196640 229376
1 7 448 8197 8204 12289 17152 17920 19456 22528 28672 33088 49408 57344 65560 73736 106496 131120 131168 163904 196624 229376
1 7 448 8197 8204 12289 17152 17920 19456 22528 28672 33088 49408 57344 65584 65632 98368 106496 131096 139272 196624 204800
1 7 448 8197 8204 12289 17152 17920 19456 22528 28672 33088 49408 57344 65632 98368 106496 131096 131120 139272 196640 204800
1 7 448 8197 8204 12289 17152 17920 19456 22528 28672 33088 49408 65560 65584 73736 90112 98336 114688 131168 163872 163904
1 7 448 8197 8204 12289 17152 17920 19456 22528 28672 33088 49408 65560 65584 73736 90112 114688 131168 163904 196640 229376
1 7 448 8197 8204 12289 17152 17920 19456 22528 28672 33088 49408 65560 73736 90112 114688 131120 131168 163904 196624 229376
1 7 448 8197 8204 12289 17152 17920 19456 22528 28672 33088 49408 65584 65632 90112 98368 114688 131096 139272 196624 204800
1 7 448 8197 8204 12289 17152 17920 19456 22528 28672 33088 49408 65584 65632 98368 114688 131096 139272 155648 196624 212992
1 7 448 8197 8204 12289 17152 17920 19456 22528 28672 33088 49408 65632 90112 98368 114688 131096 131120 139272 196640 204800
1 7 448 8197 8204 12289 17152 17920 19456 22528 28672 33088 49408 65632 98368 114688 131096 131120 139272 155648 196640 212992
1 7 448 8197 8204 12289 17152 17920 19456 22528 28672 49408 57344 65560 65584 73736 98336 106496 131168 131392 163872 164096
1 7 448 8197 8204 12289 17152 17920 19456 22528 28672 49408 57344 65560 65584 73736 106496 131168 131392 164096 196640 229376
1 7 448 8197 8204 12289 17152 17920 19456 22528 28672 49408 57344 65632 65856 98560 106496 131096 131120 139272 196640 204800
1 7 448 8197 8204 12289 17152 17920 19456 22528 28672 49408 65560 65584 73736 90112 98336 114688 131168 131392 163872 164096
1 7 448 8197 8204 12289 17152 17920 19456 22528 28672 49408 65560 65584 73736 90112 114688 131168 131392 164096 196640 229376
1 7 448 8197 8204 12289 17152 17920 19456 22528 28672 49408 65632 65856 90112 98560 114688 131096 131120 139272 196640 204800
1 7 448 8197 8204 12289 17152 17920 19456 22528 28672 49408 65632 65856 98560 114688 131096 131120 139272 155648 196640 212992
1 7 448 8197 8204 12289 17152 17920 19456 28672 38912 51200 53248 65632 65856 82176 90112 131096 131120 139272 196640 204800
1 7 448 8197 8204 12289 17152 17920 19456 28672 38912 51200 53248 65632 65856 82176 131096 131120 139272 155648 196640 212992
1 7 448 8197 8204 12289 17152 17920 22528 28672 35840 50176 51200 65632 65856 82176 90112 131096 131120 139272 196640 204800
1 7 448 8197 8204 12289 17152 17920 22528 28672 35840 50176 51200 65632 65856 82176 131096 131120 139272 155648 196640 212992
1 7 448 8197 8204 12289 17152 17920 28672 35840 38912 50176 53248 65632 65856 82176 90112 131096 131120 139272 196640 204800
1 7 448 8197 8204 12289 17152 17920 28672 35840 38912 50176 53248 65632 65856 82176 131096 131120 139272 155648 196640 212992
1 7 448 8197 8204 12289 17152 19456 22528 28672 34304 49664 50176 65632 65856 82176 90112 131096 131120 139272 196640 204800
1 7 448 8197 8204 12289 17152 19456 22528 28672 34304 49664 50176 65632 65856 82176 131096 131120 139272 155648 196640 212992
1 7 448 8197 8204 12289 17152 22528 28672 34304 35840 49664 51200 65632 65856 82176 90112 131096 131120 139272 196640 204800
1 7 448 8197 8204 12289 17152 22528 28672 34304 35840 49664 51200 65632 65856 82176 131096 131120 139272 155648 196640 212992
1 7 448 8197 8204 12289 17152 28672 34304 35840 38912 49664 53248 65632 65856 82176 90112 131096 131120 139272 196640 204800
1 7 448 8197 8204 12289 17152 28672 34304 35840 38912 49664 53248 65632 65856 82176 131096 131120 139272 155648 196640 212992
1 7 448 8197 8204 12289 17920 19456 22528 28672 33088 33536 49664 57344 65560 65584 65632 73736 98368 172032 204800 229376
1 7 448 8197 8204 12289 17920 19456 22528 28672 33088 33536 49664 57344 65560 65584 65632 98368 106496 139272 196616 204800
1 7 448 8197 8204 12289 17920 19456 22528 28672 33088 33536 49664 57344 65560 65584 65632 98368 139272 172032 196616 229376
1 7 448 8197 8204 12289 17920 19456 22528 28672 33088 33536 49664 57344 65560 65584 73736 98368 106496 131168 196640 196672
1 7 448 8197 8204 12289 17920 19456 22528 28672 33088 33536 49664 57344 65560 65632 73736 98368 106496 131120 196624 196640
1 7 448 8197 8204 12289 17920 19456 22528 28672 33088 33536 49664 57344 65560 73736 98368 106496 131120 131168 196624 196672
1 7 448 8197 8204 12289 17920 19456 22528 28672 33088 33536 49664 57344 65584 65632 73736 98368 106496 131096 196616 196624
1 7 448 8197 8204 12289 17920 19456 22528 28672 33088 33536 49664 57344 65584 65632 98368 106496 131096 139272 196624 204800
1 7 448 8197 8204 12289 17920 19456 22528 28672 33088 33536 49664 57344 65584 65632 98368 131096 139272 172032 196624 229376
1 7 448 8197 8204 12289 17920 19456 22528 28672 33088 33536 49664 57344 65632 73736 98368 106496 131096 131120 196616 196640
1 7 448 8197 8204 12289 17920 19456 22528 28672 33088 33536 49664 57344 65632 98368 106496 131096 131120 139272 196640 204800
1 7 448 8197 8204 12289 17920 19456 22528 28672 33088 33536 49664 57344 65632 98368 131096 131120 139272 172032 196640 229376
1 7 448 8197 8204 12289 17920 19456 22528 28672 33088 33536 49664 57344 73736 98368 106496 131096 131120 131168 196616 196672
1 7 448 8197 8204 12289 17920 19456 22528 28672 33088 33536 49664 57344 98368 106496 131096 131120 131168 139272 196672 204800
1 7 448 8197 8204 12289 17920 19456 22528 28672 33088 33536 49664 57344 98368 131096 131120 131168 139272 172032 196672 229376
1 7 448 8197 8204 12289 17920 19456 22528 28672 33088 33536 49664 65560 65584 65632 73736 90112 98368 180224 212992 229376
1 7 448 8197 8204 12289 17920 19456 22528 28672 33088 33536 49664 65560 65584 65632 73736 98368 106496 155648 172032 180224
1 7 448 8197 8204 12289 17920 19456 22528 28672 33088 33536 49664 65560 65584 65632 73736 98368 114688 155648 204800 212992
1 7 448 8197 8204 12289 17920 19456 22528 28672 33088 33536 49664 65560 65584 65632 73736 98368 155648 180224 204800 229376
1 7 448 8197 8204 12289 17920 19456 22528 28672 33088 33536 49664 65560 65584 65632 90112 98368 114688 139272 196616 204800
1 7 448 8197 8204 12289 17920 19456 22528 28672 33088 33536 49664 65560 65584 65632 98368 114688 139272 155648 196616 212992
1 7 448 8197 8204 12289 17920 19456 22528 28672 33088 33536 49664 65560 65584 65632 98368 139272 155648 180224 196616 229376
1 7 448 8197 8204 12289 17920 19456 22528 28672 33088 33536 49664 65560 65584 73736 90112 98368 114688 131168 196640 196672
1 7 448 8197 8204 12289 17920 19456 22528 28672 33088 33536 49664 65560 65632 73736 90112 98368 114688 131120 196624 196640
1 7 448 8197 8204 12289 17920 19456 22528 28672 33088 33536 49664 65560 73736 90112 98368 114688 131120 131168 196624 196672
1 7 448 8197 8204 12289 17920 19456 22528 28672 33088 33536 49664 65584 65632 73736 90112 98368 114688 131096 196616 196624
1 7 448 8197 8204 12289 17920 19456 22528 28672 33088 33536 49664 65584 65632 90112 98368 114688 131096 139272 196624 204800
1 7 448 8197 8204 12289 17920 19456 22528 28672 33088 33536 49664 65584 65632 98368 114688 131096 139272 155648 196624 212992
1 7 448 8197 8204 12289 17920 19456 22528 28672 33088 33536 49664 65584 65632 98368 131096 139272 155648 180224 196624 229376
1 7 448 8197 8204 12289 17920 19456 22528 28672 33088 33536 49664 65632 73736 90112 98368 114688 131096 131120 196616 196640
1 7 448 8197 8204 12289 17920 19456 22528 28672 33088 33536 49664 65632 90112 98368 114688 131096 131120 139272 196640 204800
1 7 448 8197 8204 12289 17920 19456 22528 28672 33088 33536 49664 65632 98368 114688 131096 131120 139272 155648 196640 212992
1 7 448 8197 8204 12289 17920 19456 22528 28672 33088 33536 49664 65632 98368 131096 131120 139272 155648 180224 196640 229376
1 7 448 8197 8204 12289 17920 19456 22528 28672 33088 33536 49664 73736 90112 98368 114688 131096 131120 131168 196616 196672
1 7 448 8197 8204 12289 17920 19456 22528 28672 33088 33536 49664 90112 98368 114688 131096 131120 131168 139272 196672 204800
1 7 448 8197 8204 12289 17920 19456 22528 28672 33088 33536 49664 98368 114688 131096 131120 131168 139272 155648 196672 212992
1 7 448 8197 8204 12289 17920 19456 22528 28672 33088 33536 49664 98368 131096 131120 131168 139272 155648 180224 196672 229376
1 7 448 8197 8204 12289 17920 19456 22528 28672 33088 49664 57344 66304 98560 98816 131096 131120 131168 139272 163904 172032
1 7 448 8197 8204 12289 17920 19456 22528 28672 33088 49664 66304 98560 98816 131096 131120 131168 139272 155648 163904 180224
1 7 448 8197 8204 12289 17920 19456 22528 28672 33536 49408 49664 65632 65856 82176 90112 131096 131120 139272 196640 204800
1 7 448 8197 8204 12289 17920 19456 22528 28672 33536 49408 49664 65632 65856 82176 131096 131120 139272 155648 196640 212992
1 7 448 8197 8204 12289 17920 19456 22528 28672 33536 49664 57344 65632 65856 98560 106496 131096 131120 139272 196640 204800
1 7 448 8197 8204 12289 17920 19456 22528 28672 33536 49664 57344 65632 65856 98560 131096 131120 139272 172032 196640 229376
1 7 448 8197 8204 12289 17920 19456 22528 28672 33536 49664 57344 65856 98368 98560 131096 131120 131168 139272 163904 172032
1 7 448 8197 8204 12289 17920 19456 22528 28672 33536 49664 57344 65856 98560 106496 131096 131120 131168 139272 196672 204800
1 7 448 8197 8204 12289 17920 19456 22528 28672 33536 49664 57344 65856 98560 131096 131120 131168 139272 172032 196672 229376
1 7 448 8197 8204 12289 17920 19456 22528 28672 33536 49664 65632 65856 90112 98560 114688 131096 131120 139272 196640 204800
1 7 448 8197 8204 12289 17920 19456 22528 28672 33536 49664 65632 65856 98560 114688 131096 131120 139272 155648 196640 212992
1 7 448 8197 8204 12289 17920 19456 22528 28672 33536 49664 65632 65856 98560 131096 131120 139272 155648 180224 196640 229376
1 7 448 8197 8204 12289 17920 19456 22528 28672 33536 49664 65856 90112 98560 114688 131096 131120 131168 139272 196672 204800
1 7 448 8197 8204 12289 17920 19456 22528 28672 33536 49664 65856 98368 98560 131096 131120 131168 139272 155648 163904 180224
1 7 448 8197 8204 12289 17920 19456 22528 28672 33536 49664 65856 98560 114688 131096 131120 131168 139272 155648 196672 212992
1 7 448 8197 8204 12289 17920 19456 22528 28672 33536 49664 65856 98560 131096 131120 131168 139272 155648 180224 196672 229376
1 7 448 8197 8204 12289 17920 19456 22528 28672 49664 57344 65856 66304 98368 98816 131096 131120 131168 139272 163904 172032
1 7 448 8197 8204 12289 17920 19456 22528 28672 49664 57344 65856 66304 98816 106496 131096 131120 131168 139272 196672 204800
1 7 448 8197 8204 12289 17920 19456 22528 28672 49664 57344 65856 66304 98816 131096 131120 131168 139272 172032 196672 229376
1 7 448 8197 8204 12289 17920 19456 22528 28672 49664 65856 66304 90112 98816 114688 131096 131120 131168 139272 196672 204800
1 7 448 8197 8204 12289 17920 19456 22528 28672 49664 65856 66304 98368 98816 131096 131120 131168 139272 155648 163904 180224
1 7 448 8197 8204 12289 17920 19456 22528 28672 49664 65856 66304 98816 114688 131096 131120 131168 139272 155648 196672 212992
1 7 448 8197 8204 12289 17920 19456 22528 28672 49664 65856 66304 98816 131096 131120 131168 139272 155648 180224 196672 229376
1 7 448 8197 8204 12289 17920 19456 28672 38912 51200 53248 65856 66304 82432 90112 131096 131120 131168 139272 196672 204800
1 7 448 8197 8204 12289 17920 19456 28672 38912 51200 53248 65856 66304 82432 131096 131120 131168 139272 155648 196672 212992
1 7 448 8197 8204 12289 17920 22528 28672 35840 50176 51200 65856 66304 82432 90112 131096 131120 131168 139272 196672 204800
1 7 448 8197 8204 12289 17920 22528 28672 35840 50176 51200 65856 66304 82432 131096 131120 131168 139272 155648 196672 212992
1 7 448 8197 8204 12289 17920 28672 35840 38912 50176 53248 65856 66304 82432 90112 131096 131120 131168 139272 196672 204800
1 7 448 8197 8204 12289 17920 28672 35840 38912 50176 53248 65856 66304 82432 131096 131120 131168 139272 155648 196672 212992
1 7 448 8197 8204 12289 19456 22528 28672 33536 34304 49408 50176 65632 65856 82176 90112 131096 131120 139272 196640 204800
1 7 448 8197 8204 12289 19456 22528 28672 33536 34304 49408 50176 65632 65856 82176 131096 131120 139272 155648 196640 212992
1 7 448 8197 8204 12289 19456 22528 28672 33536 34304 50176 57344 65560 65584 65632 73736 106496 131392 164096 196672 229376
1 7 448 8197 8204 12289 19456 22528 28672 33536 34304 50176 57344 65560 65584 73736 106496 131168 131392 164096 196640 229376
1 7 448 8197 8204 12289 19456 22528 28672 33536 34304 50176 57344 65632 65856 98560 106496 131096 131120 139272 196640 204800
1 7 448 8197 8204 12289 19456 22528 28672 33536 34304 50176 57344 65856 98560 106496 131096 131120 131168 139272 196672 204800
1 7 448 8197 8204 12289 19456 22528 28672 33536 34304 50176 65560 65584 65632 73736 90112 114688 131392 164096 196672 229376
1 7 448 8197 8204 12289 19456 22528 28672 33536 34304 50176 65560 65584 73736 90112 114688 131168 131392 164096 196640 229376
1 7 448 8197 8204 12289 19456 22528 28672 33536 34304 50176 65632 65856 90112 98560 114688 131096 131120 139272 196640 204800
1 7 448 8197 8204 12289 19456 22528 28672 33536 34304 50176 65632 65856 98560 114688 131096 131120 139272 155648 196640 212992
1 7 448 8197 8204 12289 19456 22528 28672 33536 34304 50176 65856 90112 98560 114688 131096 131120 131168 139272 196672 204800
1 7 448 8197 8204 12289 19456 22528 28672 33536 34304 50176 65856 98560 114688 131096 131120 131168 139272 155648 196672 212992
1 7 448 8197 8204 12289 19456 22528 28672 34304 49664 50176 65856 66304 82432 90112 131096 131120 131168 139272 196672 204800
1 7 448 8197 8204 12289 19456 22528 28672 34304 49664 50176 65856 66304 82432 131096 131120 131168 139272 155648 196672 212992
1 7 448 8197 8204 12289 19456 22528 28672 34304 50176 57344 65560 65584 65632 73736 106496 131392 131840 164352 196672 229376
1 7 448 8197 8204 12289 19456 22528 28672 34304 50176 57344 65856 66304 98816 106496 131096 131120 131168 139272 196672 204800
1 7 448 8197 8204 12289 19456 22528 28672 34304 50176 65560 65584 65632 73736 90112 114688 131392 131840 164352 196672 229376
1 7 448 8197 8204 12289 19456 22528 28672 34304 50176 65856 66304 90112 98816 114688 131096 131120 131168 139272 196672 204800
1 7 448 8197 8204 12289 19456 22528 28672 34304 50176 65856 66304 98816 114688 131096 131120 131168 139272 155648 196672 212992
1 7 448 8197 8204 12289 22528 28672 33536 34304 35840 49408 51200 65632 65856 82176 90112 131096 131120 139272 196640 204800
1 7 448 8197 8204 12289 22528 28672 33536 34304 35840 49408 51200 65632 65856 82176 131096 131120 139272 155648 196640 212992
1 7 448 8197 8204 12289 22528 28672 33536 34304 35840 51200 57344 65632 65856 98560 106496 131096 131120 139272 196640 204800
1 7 448 8197 8204 12289 22528 28672 33536 34304 35840 51200 57344 65632 65856 98560 131096 131120 139272 172032 196640 229376
1 7 448 8197 8204 12289 22528 28672 33536 34304 35840 51200 57344 65856 98560 106496 131096 131120 131168 139272 196672 204800
1 7 448 8197 8204 12289 22528 28672 33536 34304 35840 51200 57344 65856 98560 131096 131120 131168 139272 172032 196672 229376
1 7 448 8197 8204 12289 22528 28672 33536 34304 35840 51200 65632 65856 90112 98560 114688 131096 131120 139272 196640 204800
1 7 448 8197 8204 12289 22528 28672 33536 34304 35840 51200 65632 65856 98560 114688 131096 131120 139272 155648 196640 212992
1 7 448 8197 8204 12289 22528 28672 33536 34304 35840 51200 65632 65856 98560 131096 131120 139272 155648 180224 196640 229376
1 7 448 8197 8204 12289 22528 28672 33536 34304 35840 51200 65856 90112 98560 114688 131096 131120 131168 139272 196672 204800
1 7 448 8197 8204 12289 22528 28672 33536 34304 35840 51200 65856 98560 114688 131096 131120 131168 139272 155648 196672 212992
1 7 448 8197 8204 12289 22528 28672 33536 34304 35840 51200 65856 98560 131096 131120 131168 139272 155648 180224 196672 229376
1 7 448 8197 8204 12289 22528 28672 34304 35840 49664 51200 65856 66304 82432 90112 131096 131120 131168 139272 196672 204800
1 7 448 8197 8204 12289 22528 28672 34304 35840 49664 51200 65856 66304 82432 131096 131120 131168 139272 155648 196672 212992
1 7 448 8197 8204 12289 22528 28672 34304 35840 51200 57344 65856 66304 98816 106496 131096 131120 131168 139272 196672 204800
1 7 448 8197 8204 12289 22528 28672 34304 35840 51200 57344 65856 66304 98816 131096 131120 131168 139272 172032 196672 229376
1 7 448 8197 8204 12289 22528 28672 34304 35840 51200 65856 66304 90112 98816 114688 131096 131120 131168 139272 196672 204800
1 7 448 8197 8204 12289 22528 28672 34304 35840 51200 65856 66304 98816 114688 131096 131120 131168 139272 155648 196672 212992
1 7 448 8197 8204 12289 22528 28672 34304 35840 51200 65856 66304 98816 131096 131120 131168 139272 155648 180224 196672 229376
1 7 448 8197 8204 12289 24584 28672 33536 34304 35840 38912 53248 65560 65584 81928 114688 131168 131392 164096 196640 229376
1 7 448 8197 8204 12289 24584 28672 33536 34304 35840 38912 53248 65632 65856 98560 114688 131096 131120 147464 196640 212992
1 7 448 8197 8204 12289 24584 28672 34304 35840 38912 53248 65560 65584 65632 81928 114688 131392 131840 164352 196672 229376
1 7 448 8197 8204 12289 24584 28672 34304 35840 38912 53248 65856 66304 98816 114688 131096 131120 131168 147464 196672 212992
1 7 448 8197 8204 12289 28672 33536 34304 35840 38912 49408 53248 65632 65856 82176 90112 131096 131120 139272 196640 204800
1 7 448 8197 8204 12289 28672 33536 34304 35840 38912 49408 53248 65632 65856 82176 131096 131120 139272 155648 196640 212992
1 7 448 8197 8204 12289 28672 33536 34304 35840 38912 53248 57344 65560 65584 73736 106496 131168 131392 164096 196640 229376
1 7 448 8197 8204 12289 28672 33536 34304 35840 38912 53248 57344 65632 65856 98560 106496 131096 131120 139272 196640 204800
1 7 448 8197 8204 12289 28672 33536 34304 35840 38912 53248 65560 65584 73736 90112 114688 131168 131392 164096 196640 229376
1 7 448 8197 8204 12289 28672 33536 34304 35840 38912 53248 65632 65856 90112 98560 114688 131096 131120 139272 196640 204800
1 7 448 8197 8204 12289 28672 33536 34304 35840 38912 53248 65632 65856 98560 114688 131096 131120 139272 155648 196640 212992
1 7 448 8197 8204 12289 28672 34304 35840 38912 49664 53248 65856 66304 82432 90112 131096 131120 131168 139272 196672 204800
1 7 448 8197 8204 12289 28672 34304 35840 38912 49664 53248 65856 66304 82432 131096 131120 131168 139272 155648 196672 212992
1 7 448 8197 8204 12289 28672 34304 35840 38912 53248 57344 65560 65584 65632 73736 106496 131392 131840 164352 196672 229376
1 7 448 8197 8204 12289 28672 34304 35840 38912 53248 57344 65856 66304 98816 106496 131096 131120 131168 139272 196672 204800
1 7 448 8197 8204 12289 28672 34304 35840 38912 53248 65560 65584 65632 73736 90112 114688 131392 131840 164352 196672 229376
1 7 448 8197 8204 12289 28672 34304 35840 38912 53248 65856 66304 90112 98816 114688 131096 131120 131168 139272 196672 204800
1 7 448 8197 8204 12289 28672 34304 35840 38912 53248 65856 66304 98816 114688 131096 131120 131168 139272 155648 196672 212992
1 7 448 8197 8204 17920 18433 19456 24577 32792 32816 32864 40968 57344 65856 66304 82432 98368 114688 133121 135169 137216
1 7 448 8197 8204 17920 18433 19456 24577 33088 33536 49664 57344 65560 65584 65632 73736 98368 106496 133121 135169 137216
1 7 448 8197 8204 17920 19456 20481 22528 24577 32792 32816 32864 40968 57344 65856 66304 82432 114688 163904 196672 229376
1 7 448 8197 8204 17920 19456 20481 22528 24577 32792 32816 32864 40968 57344 65856 66304 98368 114688 147968 197120 212992
1 7 448 8197 8204 17920 19456 20481 22528 24577 32792 32816 32864 40968 57344 65856 82432 98368 114688 131840 196864 197120
1 7 448 8197 8204 17920 19456 20481 22528 24577 32792 32816 32864 40968 57344 65856 98368 114688 131840 147968 196864 212992
1 7 448 8197 8204 17920 19456 20481 22528 24577 32792 32816 32864 40968 57344 66304 82432 98368 114688 131392 196672 196864
1 7 448 8197 8204 17920 19456 20481 22528 24577 32792 32816 32864 40968 57344 66304 82432 114688 131392 163904 196864 229376
1 7 448 8197 8204 17920 19456 20481 22528 24577 32792 32816 32864 40968 57344 82432 98368 114688 131392 131840 196672 197120
1 7 448 8197 8204 17920 19456 20481 22528 24577 32792 32816 32864 40968 57344 82432 114688 131392 131840 163904 197120 229376
1 7 448 8197 8204 17920 19456 20481 22528 24577 32792 32816 32864 40968 57344 98368 114688 131392 131840 147968 196672 212992
1 7 448 8197 8204 17920 19456 20481 22528 24577 32792 32816 32864 40968 57344 114688 131392 131840 147968 163904 212992 229376
1 7 448 8197 8204 17920 19456 20481 22528 24577 32792 32816 32864 57344 65856 66304 82432 98368 114688 139272 163848 172032
1 7 448 8197 8204 17920 19456 20481 22528 24577 32792 32816 40968 57344 65632 65856 82432 98336 114688 131840 196864 197120
1 7 448 8197 8204 17920 19456 20481 22528 24577 32792 32816 40968 57344 65632 65856 98336 114688 131840 147968 196864 212992
1 7 448 8197 8204 17920 19456 20481 22528 24577 32792 32816 40968 57344 65632 66304 82432 98336 114688 131392 196672 196864
1 7 448 8197 8204 17920 19456 20481 22528 24577 32792 32816 40968 57344 65632 82432 98336 114688 131392 131840 196672 197120
1 7 448 8197 8204 17920 19456 20481 22528 24577 32792 32816 40968 57344 65632 98336 114688 131392 131840 147968 196672 212992
1 7 448 8197 8204 17920 19456 20481 22528 24577 32792 32816 40968 57344 65856 66304 82432 98336 114688 131168 196640 196672
1 7 448 8197 8204 17920 19456 20481 22528 24577 32792 32816 40968 57344 65856 66304 82432 98368 114688 131168 163872 163904
1 7 448 8197 8204 17920 19456 20481 22528 24577 32792 32816 40968 57344 65856 66304 82432 114688 131168 163872 196672 229376
1 7 448 8197 8204 17920 19456 20481 22528 24577 32792 32816 40968 57344 66304 82432 98336 114688 131168 131392 196640 196864
1 7 448 8197 8204 17920 19456 20481 22528 24577 32792 32816 40968 57344 66304 82432 114688 131168 131392 163872 196864 229376
1 7 448 8197 8204 17920 19456 20481 22528 24577 32792 32864 40968 57344 65856 66304 82432 98368 114688 131120 163856 163872
1 7 448 8197 8204 17920 19456 20481 22528 24577 32792 40968 57344 65584 65632 98320 114688 131392 131840 147968 196672 212992
1 7 448 8197 8204 17920 19456 20481 22528 24577 32792 40968 57344 65856 66304 82432 98368 114688 131120 131168 163856 163904
1 7 448 8197 8204 17920 19456 20481 22528 24577 32792 40968 57344 65856 66304 82432 114688 131120 131168 163856 196672 229376
1 7 448 8197 8204 17920 19456 20481 22528 24577 32816 32864 40968 57344 65856 66304 82432 98368 114688 131096 163848 163856
1 7 448 8197 8204 17920 19456 20481 22528 24577 32816 32864 57344 65856 66304 82432 98368 114688 131096 139272 163856 172032
1 7 448 8197 8204 17920 19456 20481 22528 24577 32864 33088 49664 57344 66304 98560 98816 131096 131120 139272 163872 172032
1 7 448 8197 8204 17920 19456 20481 22528 24577 32864 33088 57344 66304 82432 98560 114688 131096 131120 139272 163872 172032
1 7 448 8197 8204 17920 19456 20481 22528 24577 32864 33536 49664 57344 65856 98368 98560 131096 131120 139272 163872 172032
1 7 448 8197 8204 17920 19456 20481 22528 24577 32864 40968 57344 65856 66304 82432 98368 114688 131096 131120 163848 163872
1 7 448 8197 8204 17920 19456 20481 22528 24577 32864 49664 57344 65856 66304 98368 98816 131096 131120 139272 163872 172032
1 7 448 8197 8204 17920 19456 20481 22528 24577 32864 57344 65856 66304 82432 98368 114688 131096 131120 139272 163872 172032
1 7 448 8197 8204 17920 19456 20481 22528 24577 33088 33536 49664 57344 65560 65584 65632 73736 98368 172032 204800 229376
1 7 448 8197 8204 17920 19456 20481 22528 24577 33088 33536 49664 57344 65560 65584 65632 98368 106496 139272 196616 204800
1 7 448 8197 8204 17920 19456 20481 22528 24577 33088 33536 49664 57344 65560 65584 65632 98368 139272 172032 196616 229376
1 7 448 8197 8204 17920 19456 20481 22528 24577 33088 33536 49664 57344 65560 65584 73736 98368 106496 131168 196640 196672
1 7 448 8197 8204 17920 19456 20481 22528 24577 33088 33536 49664 57344 65560 65632 73736 98368 106496 131120 196624 196640
1 7 448 8197 8204 17920 19456 20481 22528 24577 33088 33536 49664 57344 65560 73736 98368 106496 131120 131168 196624 196672
1 7 448 8197 8204 17920 19456 20481 22528 24577 33088 33536 49664 57344 65584 65632 73736 98368 106496 131096 196616 196624
1 7 448 8197 8204 17920 19456 20481 22528 24577 33088 33536 49664 57344 65584 65632 98368 106496 131096 139272 196624 204800
1 7 448 8197 8204 17920 19456 20481 22528 24577 33088 33536 49664 57344 65584 65632 98368 131096 139272 172032 196624 229376
1 7 448 8197 8204 17920 19456 20481 22528 24577 33088 33536 49664 57344 65632 73736 98368 106496 131096 131120 196616 196640
1 7 448 8197 8204 17920 19456 20481 22528 24577 33088 33536 49664 57344 65632 98336 98368 131096 131120 139272 163872 172032
1 7 448 8197 8204 17920 19456 20481 22528 24577 33088 33536 49664 57344 65632 98368 106496 131096 131120 139272 196640 204800
1 7 448 8197 8204 17920 19456 20481 22528 24577 33088 33536 49664 57344 65632 98368 131096 131120 139272 172032 196640 229376
1 7 448 8197 8204 17920 19456 20481 22528 24577 33088 33536 49664 57344 73736 98368 106496 131096 131120 131168 196616 196672
1 7 448 8197 8204 17920 19456 20481 22528 24577 33088 33536 49664 57344 98368 106496 131096 131120 131168 139272 196672 204800
1 7 448 8197 8204 17920 19456 20481 22528 24577 33088 33536 49664 57344 98368 131096 131120 131168 139272 172032 196672 229376
1 7 448 8197 8204 17920 19456 20481 22528 24577 33088 33536 57344 82432 98816 114688 131096 131120 131168 139272 163904 172032
1 7 448 8197 8204 17920 19456 20481 22528 24577 33088 49664 57344 66304 98560 98816 131096 131120 131168 139272 163904 172032
1 7 448 8197 8204 17920 19456 20481 22528 24577 33088 57344 66304 82432 98560 114688 131096 131120 131168 139272 163904 172032
1 7 448 8197 8204 17920 19456 20481 22528 24577 33536 49664 57344 65632 65856 98336 98560 131096 131120 139272 163872 172032
1 7 448 8197 8204 17920 19456 20481 22528 24577 33536 49664 57344 65632 65856 98560 106496 131096 131120 139272 196640 204800
1 7 448 8197 8204 17920 19456 20481 22528 24577 33536 49664 57344 65632 65856 98560 131096 131120 139272 172032 196640 229376
1 7 448 8197 8204 17920 19456 20481 22528 24577 33536 49664 57344 65856 98368 98560 131096 131120 131168 139272 163904 172032
1 7 448 8197 8204 17920 19456 20481 22528 24577 33536 49664 57344 65856 98560 106496 131096 131120 131168 139272 196672 204800
1 7 448 8197 8204 17920 19456 20481 22528 24577 33536 49664 57344 65856 98560 131096 131120 131168 139272 172032 196672 229376
1 7 448 8197 8204 17920 19456 20481 22528 24577 40968 57344 65560 65584 65632 98312 114688 131392 131840 147968 196672 212992
1 7 448 8197 8204 17920 19456 20481 22528 24577 40968 57344 65856 66304 82432 98368 114688 131096 131120 131168 163848 163904
1 7 448 8197 8204 17920 19456 20481 22528 24577 40968 57344 65856 66304 82432 114688 131096 131120 131168 163848 196672 229376
1 7 448 8197 8204 17920 19456 20481 22528 24577 49664 57344 65856 66304 98368 98816 131096 131120 131168 139272 163904 172032
1 7 448 8197 8204 17920 19456 20481 22528 24577 49664 57344 65856 66304 98816 106496 131096 131120 131168 139272 196672 204800
1 7 448 8197 8204 17920 19456 20481 22528 24577 49664 57344 65856 66304 98816 131096 131120 131168 139272 172032 196672 229376
1 7 448 8197 8204 17920 19456 20481 22528 24577 57344 65560 65584 65632 73736 106496 114688 131392 131840 147968 196672 212992
1 7 448 8197 8204 17920 19456 20481 22528 24577 57344 65856 66304 82432 98368 114688 131096 131120 131168 139272 163904 172032
1 7 448 8197 8204 17920 19456 20481 22528 24577 57344 65856 66304 82432 106496 114688 131096 131120 131168 139272 196672 204800
1 7 448 8197 8204 17920 19456 20481 22528 24577 57344 65856 66304 82432 114688 131096 131120 131168 139272 172032 196672 229376
1 7 448 8197 8204 17920 19456 20481 24577 32792 32816 32864 40968 57344 65856 66304 82432 98368 114688 137216 149504 151552
1 7 448 8197 8204 17920 19456 20481 24577 33088 33536 49664 57344 65560 65584 65632 73736 98368 106496 137216 149504 151552
1 7 448 8197 8204 17920 19456 22528 24577 32792 32816 32864 40968 57344 65856 66304 82432 98368 114688 135169 147457 151552
1 7 448 8197 8204 17920 19456 22528 24577 33088 33536 49664 57344 65560 65584 65632 73736 98368 106496 135169 147457 151552
1 7 448 8197 8204 17920 19456 24577 32792 32816 32864 40968 57344 65856 66304 82432 98368 114688 135169 137216 147457 149504
1 7 448 8197 8204 17920 19456 24577 33088 33536 49664 57344 65560 65584 65632 73736 98368 106496 135169 137216 147457 149504
1 7 448 8197 8204 17920 20481 22528 24577 32792 32816 32864 40968 57344 65856 66304 82432 98368 114688 134144 148480 149504
1 7 448 8197 8204 17920 20481 22528 24577 33088 33536 49664 57344 65560 65584 65632 73736 98368 106496 134144 148480 149504
1 7 448 8197 8204 17920 20481 24577 32792 32816 32864 40968 57344 65856 66304 82432 98368 114688 134144 137216 148480 151552
1 7 448 8197 8204 17920 20481 24577 33088 33536 49664 57344 65560 65584 65632 73736 98368 106496 134144 137216 148480 151552
1 7 448 8197 8204 17920 24577 32792 32816 32864 40968 57344 65856 66304 82432 98368 114688 134144 135169 137216 147457 148480
1 7 448 8197 8204 17920 24577 33088 33536 49664 57344 65560 65584 65632 73736 98368 106496 134144 135169 137216 147457 148480
1 7 448 8197 8204 19456 20481 22528 24577 32792 32816 32864 40968 57344 65856 66304 67072 82944 114688 163904 196672 229376
1 7 448 8197 8204 19456 20481 22528 24577 32792 32816 32864 40968 57344 65856 66304 67072 98368 114688 148480 197632 212992
1 7 448 8197 8204 19456 20481 22528 24577 32792 32816 32864 40968 57344 65856 66304 82432 98368 114688 132608 147968 148480
1 7 448 8197 8204 19456 20481 22528 24577 32792 32816 32864 40968 57344 65856 66304 82944 98368 114688 132608 197120 197632
1 7 448 8197 8204 19456 20481 22528 24577 32792 32816 32864 40968 57344 65856 66304 98368 114688 132608 148480 197120 212992
1 7 448 8197 8204 19456 20481 22528 24577 32792 32816 32864 40968 57344 65856 66816 82944 98368 114688 131840 132352 132608
1 7 448 8197 8204 19456 20481 22528 24577 32792 32816 32864 40968 57344 65856 67072 82944 98368 114688 131840 196864 197120
1 7 448 8197 8204 19456 20481 22528 24577 32792 32816 32864 40968 57344 65856 82944 98368 114688 131840 132608 196864 197632
1 7 448 8197 8204 19456 20481 22528 24577 32792 32816 32864 40968 57344 65856 98368 114688 131840 132608 148480 196864 212992
1 7 448 8197 8204 19456 20481 22528 24577 32792 32816 32864 40968 57344 66304 67072 82944 98368 114688 131392 196672 196864
1 7 448 8197 8204 19456 20481 22528 24577 32792 32816 32864 40968 57344 66304 67072 82944 114688 131392 163904 196864 229376
1 7 448 8197 8204 19456 20481 22528 24577 32792 32816 32864 40968 57344 67072 82944 98368 114688 131392 131840 196672 197120
1 7 448 8197 8204 19456 20481 22528 24577 32792 32816 32864 40968 57344 67072 82944 114688 131392 131840 163904 197120 229376
1 7 448 8197 8204 19456 20481 22528 24577 32792 32816 32864 40968 57344 82944 98368 114688 131392 131840 132608 196672 197632
1 7 448 8197 8204 19456 20481 22528 24577 32792 32816 32864 40968 57344 82944 114688 131392 131840 132608 163904 197632 229376
1 7 448 8197 8204 19456 20481 22528 24577 32792 32816 32864 40968 57344 98368 114688 131392 131840 132608 148480 196672 212992
1 7 448 8197 8204 19456 20481 22528 24577 32792 32816 32864 40968 57344 114688 131392 131840 132608 148480 163904 212992 229376
1 7 448 8197 8204 19456 20481 22528 24577 32792 32816 32864 57344 65856 66304 67072 82944 98368 114688 139272 163848 172032
1 7 448 8197 8204 19456 20481 22528 24577 32792 32816 40968 57344 65632 65856 98336 114688 131840 132608 148480 196864 212992
1 7 448 8197 8204 19456 20481 22528 24577 32792 32816 40968 57344 65632 98336 114688 131392 131840 132608 148480 196672 212992
1 7 448 8197 8204 19456 20481 22528 24577 32792 32816 40968 57344 65856 66304 67072 82944 98368 114688 131168 163872 163904
1 7 448 8197 8204 19456 20481 22528 24577 32792 32816 40968 57344 65856 66304 67072 82944 114688 131168 163872 196672 229376
1 7 448 8197 8204 19456 20481 22528 24577 32792 32816 40968 57344 66304 67072 82944 114688 131168 131392 163872 196864 229376
1 7 448 8197 8204 19456 20481 22528 24577 32792 32848 40968 57344 65856 66304 67072 82944 98368 114688 131120 131152 131168
1 7 448 8197 8204 19456 20481 22528 24577 32792 32864 40968 57344 65856 66304 67072 82944 98368 114688 131120 163856 163872
1 7 448 8197 8204 19456 20481 22528 24577 32792 40968 57344 65584 65632 98320 114688 131392 131840 132608 148480 196672 212992
1 7 448 8197 8204 19456 20481 22528 24577 32792 40968 57344 65856 66304 67072 82944 98368 114688 131120 131168 163856 163904
1 7 448 8197 8204 19456 20481 22528 24577 32792 40968 57344 65856 66304 67072 82944 114688 131120 131168 163856 196672 229376
1 7 448 8197 8204 19456 20481 22528 24577 32816 32864 40968 57344 65856 66304 67072 82944 98368 114688 131096 163848 163856
1 7 448 8197 8204 19456 20481 22528 24577 32816 32864 57344 65856 66304 67072 82944 98368 114688 131096 139272 163856 172032
1 7 448 8197 8204 19456 20481 22528 24577 32864 33088 57344 66304 67072 82944 98560 114688 131096 131120 139272 163872 172032
1 7 448 8197 8204 19456 20481 22528 24577 32864 40968 57344 65856 66304 67072 82944 98368 114688 131096 131120 163848 163872
1 7 448 8197 8204 19456 20481 22528 24577 32864 57344 65856 66304 67072 82944 98368 114688 131096 131120 139272 163872 172032
1 7 448 8197 8204 19456 20481 22528 24577 33088 33536 34304 50176 57344 65560 65584 65632 73736 98368 172032 204800 229376
1 7 448 8197 8204 19456 20481 22528 24577 33088 33536 34304 50176 57344 65560 65584 65632 98368 106496 139272 196616 204800
1 7 448 8197 8204 19456 20481 22528 24577 33088 33536 34304 50176 57344 65560 65584 65632 98368 139272 172032 196616 229376
1 7 448 8197 8204 19456 20481 22528 24577 33088 33536 34304 50176 57344 65560 65584 73736 98368 106496 131168 196640 196672
1 7 448 8197 8204 19456 20481 22528 24577 33088 33536 34304 50176 57344 65560 65616 73736 98368 106496 131120 131152 131168
1 7 448 8197 8204 19456 20481 22528 24577 33088 33536 34304 50176 57344 65560 65632 73736 98368 106496 131120 196624 196640
1 7 448 8197 8204 19456 20481 22528 24577 33088 33536 34304 50176 57344 65560 73736 98368 106496 131120 131168 196624 196672
1 7 448 8197 8204 19456 20481 22528 24577 33088 33536 34304 50176 57344 65584 65632 73736 98368 106496 131096 196616 196624
1 7 448 8197 8204 19456 20481 22528 24577 33088 33536 34304 50176 57344 65584 65632 98368 106496 131096 139272 196624 204800
1 7 448 8197 8204 19456 20481 22528 24577 33088 33536 34304 50176 57344 65584 65632 98368 131096 139272 172032 196624 229376
1 7 448 8197 8204 19456 20481 22528 24577 33088 33536 34304 50176 57344 65632 73736 98368 106496 131096 131120 196616 196640
1 7 448 8197 8204 19456 20481 22528 24577 33088 33536 34304 50176 57344 65632 98368 106496 131096 131120 139272 196640 204800
1 7 448 8197 8204 19456 20481 22528 24577 33088 33536 34304 50176 57344 65632 98368 131096 131120 139272 172032 196640 229376
1 7 448 8197 8204 19456 20481 22528 24577 33088 33536 34304 50176 57344 73736 98368 106496 131096 131120 131168 196616 196672
1 7 448 8197 8204 19456 20481 22528 24577 33088 33536 34304 50176 57344 98368 106496 131096 131120 131168 139272 196672 204800
1 7 448 8197 8204 19456 20481 22528 24577 33088 33536 34304 50176 57344 98368 131096 131120 131168 139272 172032 196672 229376
1 7 448 8197 8204 19456 20481 22528 24577 33088 33536 34304 57344 82944 99328 114688 131096 131120 131168 139272 163904 172032
1 7 448 8197 8204 19456 20481 22528 24577 33088 33536 49664 57344 65560 65584 65632 73736 98368 106496 132608 147968 148480
1 7 448 8197 8204 19456 20481 22528 24577 33088 33536 50176 57344 67072 98816 99328 131096 131120 131168 139272 163904 172032
1 7 448 8197 8204 19456 20481 22528 24577 33088 33536 57344 67072 82944 98816 114688 131096 131120 131168 139272 163904 172032
1 7 448 8197 8204 19456 20481 22528 24577 33088 34048 50176 57344 66304 66816 67072 131096 131120 131168 139272 163904 172032
1 7 448 8197 8204 19456 20481 22528 24577 33088 34304 50176 57344 66304 98560 98816 131096 131120 131168 139272 163904 172032
1 7 448 8197 8204 19456 20481 22528 24577 33088 50176 57344 66304 67072 98560 99328 131096 131120 131168 139272 163904 172032
1 7 448 8197 8204 19456 20481 22528 24577 33088 57344 66304 67072 82944 98560 114688 131096 131120 131168 139272 163904 172032
1 7 448 8197 8204 19456 20481 22528 24577 33536 34304 50176 57344 65632 65856 98560 106496 131096 131120 139272 196640 204800
1 7 448 8197 8204 19456 20481 22528 24577 33536 34304 50176 57344 65632 65856 98560 131096 131120 139272 172032 196640 229376
1 7 448 8197 8204 19456 20481 22528 24577 33536 34304 50176 57344 65856 98368 98560 131096 131120 131168 139272 163904 172032
1 7 448 8197 8204 19456 20481 22528 24577 33536 34304 50176 57344 65856 98560 106496 131096 131120 131168 139272 196672 204800
1 7 448 8197 8204 19456 20481 22528 24577 33536 34304 50176 57344 65856 98560 131096 131120 131168 139272 172032 196672 229376
1 7 448 8197 8204 19456 20481 22528 24577 34304 50176 57344 65856 66304 98368 98816 131096 131120 131168 139272 163904 172032
1 7 448 8197 8204 19456 20481 22528 24577 34304 50176 57344 65856 66304 98816 106496 131096 131120 131168 139272 196672 204800
1 7 448 8197 8204 19456 20481 22528 24577 34304 50176 57344 65856 66304 98816 131096 131120 131168 139272 172032 196672 229376
1 7 448 8197 8204 19456 20481 22528 24577 40968 57344 65560 65584 65632 98312 114688 131392 131840 132608 148480 196672 212992
1 7 448 8197 8204 19456 20481 22528 24577 40968 57344 65856 66304 67072 82944 98368 114688 131096 131120 131168 163848 163904
1 7 448 8197 8204 19456 20481 22528 24577 40968 57344 65856 66304 67072 82944 114688 131096 131120 131168 163848 196672 229376
1 7 448 8197 8204 19456 20481 22528 24577 50176 57344 65856 66304 67072 98368 99328 131096 131120 131168 139272 163904 172032
1 7 448 8197 8204 19456 20481 22528 24577 50176 57344 65856 66304 67072 99328 106496 131096 131120 131168 139272 196672 204800
1 7 448 8197 8204 19456 20481 22528 24577 50176 57344 65856 66304 67072 99328 131096 131120 131168 139272 172032 196672 229376
1 7 448 8197 8204 19456 20481 22528 24577 57344 65560 65584 65632 73736 106496 114688 131392 131840 132608 148480 196672 212992
1 7 448 8197 8204 19456 20481 22528 24577 57344 65856 66304 67072 82944 98368 114688 131096 131120 131168 139272 163904 172032
1 7 448 8197 8204 19456 20481 22528 24577 57344 65856 66304 67072 82944 106496 114688 131096 131120 131168 139272 196672 204800
1 7 448 8197 8204 19456 20481 22528 24577 57344 65856 66304 67072 82944 114688 131096 131120 131168 139272 172032 196672 229376
1 7 448 8197 8204 19456 20481 24577 32792 32816 32864 40968 57344 65856 66304 67072 82944 98368 114688 137216 149504 151552
1 7 448 8197 8204 19456 20481 24577 33088 33536 34304 50176 57344 65560 65584 65632 73736 98368 106496 137216 149504 151552
1 7 448 8197 8204 19456 22528 24577 32792 32816 32864 40968 57344 65856 66304 67072 82944 98368 114688 135169 147457 151552
1 7 448 8197 8204 19456 22528 24577 33088 33536 34304 50176 57344 65560 65584 65632 73736 98368 106496 135169 147457 151552
1 7 448 8197 8204 19456 24577 32792 32816 32864 40968 57344 65856 66304 67072 82944 98368 114688 135169 137216 147457 149504
1 7 448 8197 8204 19456 24577 33088 33536 34304 50176 57344 65560 65584 65632 73736 98368 106496 135169 137216 147457 149504
1 7 448 8197 8204 20481 22528 24577 32792 32816 32864 40968 57344 65856 66304 67072 82944 98368 114688 134144 148480 149504
1 7 448 8197 8204 20481 22528 24577 32792 32816 32864 40968 57344 65856 66304 67072 98368 114688 134144 149504 197632 212992
1 7 448 8197 8204 20481 22528 24577 32792 32816 32864 40968 57344 65856 66304 82432 98368 114688 132608 134144 147968 149504
1 7 448 8197 8204 20481 22528 24577 32792 32816 32864 40968 57344 65856 66304 98368 114688 132608 134144 149504 197120 212992
1 7 448 8197 8204 20481 22528 24577 32792 32816 32864 40968 57344 65856 98368 114688 131840 132608 134144 149504 196864 212992
1 7 448 8197 8204 20481 22528 24577 32792 32816 32864 40968 57344 66304 67072 68608 83968 114688 131392 163904 196864 229376
1 7 448 8197 8204 20481 22528 24577 32792 32816 32864 40968 57344 67072 68608 83968 114688 131392 131840 163904 197120 229376
1 7 448 8197 8204 20481 22528 24577 32792 32816 32864 40968 57344 68608 83968 114688 131392 131840 132608 163904 197632 229376
1 7 448 8197 8204 20481 22528 24577 33088 33536 34304 50176 57344 65560 65584 65632 73736 98368 106496 134144 148480 149504
1 7 448 8197 8204 20481 22528 24577 33088 33536 34304 57344 68608 83968 99328 114688 131096 131120 131168 139272 163904 172032
1 7 448 8197 8204 20481 22528 24577 33088 33536 49664 57344 65560 65584 65632 73736 98368 106496 132608 134144 147968 149504
1 7 448 8197 8204 20481 22528 24577 33088 33536 57344 67072 68608 83968 98816 114688 131096 131120 131168 139272 163904 172032
1 7 448 8197 8204 20481 22528 24577 33088 57344 66304 67072 68608 83968 98560 114688 131096 131120 131168 139272 163904 172032
1 7 448 8197 8204 20481 22528 24577 33536 34304 35840 51200 57344 65856 98560 106496 131096 131120 131168 139272 196672 204800
1 7 448 8197 8204 20481 22528 24577 33536 34304 35840 51200 57344 65856 98560 131096 131120 131168 139272 172032 196672 229376
1 7 448 8197 8204 20481 22528 24577 34304 35840 51200 57344 65856 66304 98816 106496 131096 131120 131168 139272 196672 204800
1 7 448 8197 8204 20481 22528 24577 34304 35840 51200 57344 65856 66304 98816 131096 131120 131168 139272 172032 196672 229376
1 7 448 8197 8204 20481 22528 24577 35840 51200 57344 65856 66304 67072 99328 106496 131096 131120 131168 139272 196672 204800
1 7 448 8197 8204 20481 22528 24577 35840 51200 57344 65856 66304 67072 99328 131096 131120 131168 139272 172032 196672 229376
1 7 448 8197 8204 20481 24577 24584 32792 32816 32864 49160 65856 66304 98368 114688 132608 134144 137216 151552 197120 212992
1 7 448 8197 8204 20481 24577 24584 32792 32816 32864 49160 65856 66304 98368 132608 134144 137216 151552 180224 197120 229376
1 7 448 8197 8204 20481 24577 28672 34304 35840 38912 45056 65560 65584 65632 73736 106496 131392 131840 164352 196672 229376
1 7 448 8197 8204 20481 24577 28672 34304 35840 38912 45056 65856 66304 98816 106496 131096 131120 131168 139272 196672 204800
1 7 448 8197 8204 20481 24577 32792 32816 32864 40968 57344 65856 66304 67072 82944 98368 114688 134144 137216 148480 151552
1 7 448 8197 8204 20481 24577 32792 32816 32864 40968 57344 65856 66304 67072 98368 114688 134144 137216 151552 197632 212992
1 7 448 8197 8204 20481 24577 32792 32816 32864 40968 57344 65856 66304 82432 98368 114688 132608 134144 137216 147968 151552
1 7 448 8197 8204 20481 24577 32792 32816 32864 40968 57344 65856 66304 98368 114688 132608 134144 137216 151552 197120 212992
1 7 448 8197 8204 20481 24577 32792 32816 32864 40968 57344 67072 68608 71680 86016 114688 131392 131840 163904 197120 229376
1 7 448 8197 8204 20481 24577 32792 32816 32864 40968 57344 68608 71680 86016 114688 131392 131840 132608 163904 197632 229376
1 7 448 8197 8204 20481 24577 33088 33536 34304 50176 57344 65560 65584 65632 73736 98368 106496 134144 137216 148480 151552
1 7 448 8197 8204 20481 24577 33088 33536 34304 57344 68608 71680 86016 99328 114688 131096 131120 131168 139272 163904 172032
1 7 448 8197 8204 20481 24577 33088 33536 49664 57344 65560 65584 65632 73736 98368 106496 132608 134144 137216 147968 151552
1 7 448 8197 8204 20481 24577 33088 33536 57344 67072 68608 71680 86016 98816 114688 131096 131120 131168 139272 163904 172032
1 7 448 8197 8204 20481 24577 34304 35840 38912 53248 57344 65856 66304 98816 106496 131096 131120 131168 139272 196672 204800
1 7 448 8197 8204 20481 24577 34304 35840 38912 53248 57344 65856 66304 98816 131096 131120 131168 139272 172032 196672 229376
1 7 448 8197 8204 20481 24577 35840 38912 53248 57344 65856 66304 67072 99328 106496 131096 131120 131168 139272 196672 204800
1 7 448 8197 8204 20481 24577 35840 38912 53248 57344 65856 66304 67072 99328 131096 131120 131168 139272 172032 196672 229376
1 7 448 8197 8204 24577 24584 32792 32816 32864 49160 65856 66304 67072 98368 114688 134144 135169 137216 147457 197632 212992
1 7 448 8197 8204 24577 24584 32792 32816 32864 49160 65856 66304 67072 98368 134144 135169 137216 147457 180224 197632 229376
1 7 448 8197 8204 24577 24584 32792 32816 32864 49160 65856 66304 98368 114688 132608 134144 135169 137216 147457 197120 212992
1 7 448 8197 8204 24577 24584 32792 32816 32864 49160 65856 66304 98368 132608 134144 135169 137216 147457 180224 197120 229376
1 7 448 8197 8204 24577 32792 32816 32864 40968 57344 65856 66304 67072 82944 98368 114688 134144 135169 137216 147457 148480
1 7 448 8197 8204 24577 32792 32816 32864 40968 57344 65856 66304 67072 98368 114688 134144 135169 137216 147457 197632 212992
1 7 448 8197 8204 24577 32792 32816 32864 40968 57344 65856 66304 82432 98368 114688 132608 134144 135169 137216 147457 147968
1 7 448 8197 8204 24577 32792 32816 32864 40968 57344 65856 66304 98368 114688 132608 134144 135169 137216 147457 197120 212992
1 7 448 8197 8204 24577 32792 32816 32864 40968 57344 67072 68608 69633 71680 81921 114688 131392 131840 163904 197120 229376
1 7 448 8197 8204 24577 32792 32816 32864 40968 57344 68608 69633 71680 81921 114688 131392 131840 132608 163904 197632 229376
1 7 448 8197 8204 24577 33088 33536 34304 50176 57344 65560 65584 65632 73736 98368 106496 134144 135169 137216 147457 148480
1 7 448 8197 8204 24577 33088 33536 34304 57344 68608 69633 71680 81921 99328 114688 131096 131120 131168 139272 163904 172032
1 7 448 8197 8204 24577 33088 33536 49664 57344 65560 65584 65632 73736 98368 106496 132608 134144 135169 137216 147457 147968
1 7 448 8197 8204 24577 33088 33536 57344 67072 68608 69633 71680 81921 98816 114688 131096 131120 131168 139272 163904 172032
1 7 448 8197 8204 24577 34304 35840 36865 38912 49153 57344 65856 66304 98816 106496 131096 131120 131168 139272 196672 204800
1 7 448 8197 8204 24577 34304 35840 36865 38912 49153 57344 65856 66304 98816 131096 131120 131168 139272 172032 196672 229376
1 7 448 8197 8204 24577 35840 36865 38912 49153 57344 65856 66304 67072 99328 106496 131096 131120 131168 139272 196672 204800
1 7 448 8197 8204 24577 35840 36865 38912 49153 57344 65856 66304 67072 99328 131096 131120 131168 139272 172032 196672 229376
1 7 448 8197 10241 17152 17920 19456 26624 33088 49408 57344 65548 65560 65584 65632 73732 98368 106496 133121 135169 137216
1 7 448 8197 10241 17152 17920 19456 26624 33088 49408 65548 65560 65584 65632 73732 90112 98368 114688 133121 135169 137216
1 7 448 8197 10241 17920 19456 26624 33088 33536 49664 57344 65548 65560 65584 65632 73732 98368 106496 133121 135169 137216
1 7 448 8197 10241 17920 19456 26624 33088 33536 49664 65548 65560 65584 65632 73732 90112 98368 114688 133121 135169 137216
1 7 448 8197 12289 14336 17152 17920 19456 26624 32780 32792 32816 32864 40964 57344 65856 82176 114688 163904 196672 229376
1 7 448 8197 12289 14336 17152 17920 19456 26624 32780 32792 32816 32864 40964 57344 65856 98368 114688 147712 196864 212992
1 7 448 8197 12289 14336 17152 17920 19456 26624 32780 32792 32816 32864 40964 57344 82176 98368 114688 131392 196672 196864
1 7 448 8197 12289 14336 17152 17920 19456 26624 32780 32792 32816 32864 40964 57344 82176 114688 131392 163904 196864 229376
1 7 448 8197 12289 14336 17152 17920 19456 26624 32780 32792 32816 32864 40964 57344 98368 114688 131392 147712 196672 212992
1 7 448 8197 12289 14336 17152 17920 19456 26624 32780 32792 32816 32864 40964 57344 114688 131392 147712 163904 212992 229376
1 7 448 8197 12289 14336 17152 17920 19456 26624 32780 32792 32816 32864 57344 65856 82176 98368 114688 139268 163844 172032
1 7 448 8197 12289 14336 17152 17920 19456 26624 32780 32792 32816 40964 57344 65632 82176 98336 114688 131392 196672 196864
1 7 448 8197 12289 14336 17152 17920 19456 26624 32780 32792 32816 40964 57344 65632 98336 114688 131392 147712 196672 212992
1 7 448 8197 12289 14336 17152 17920 19456 26624 32780 32792 32816 40964 57344 65856 82176 98336 114688 131168 196640 196672
1 7 448 8197 12289 14336 17152 17920 19456 26624 32780 32792 32816 40964 57344 65856 82176 98368 114688 131168 163872 163904
1 7 448 8197 12289 14336 17152 17920 19456 26624 32780 32792 32816 40964 57344 65856 82176 114688 131168 163872 196672 229376
1 7 448 8197 12289 14336 17152 17920 19456 26624 32780 32792 32864 40964 57344 65856 82176 98368 114688 131120 163856 163872
1 7 448 8197 12289 14336 17152 17920 19456 26624 32780 32792 40964 57344 65584 65632 98320 114688 131392 147712 196672 212992
1 7 448 8197 12289 14336 17152 17920 19456 26624 32780 32792 40964 57344 65856 82176 98368 114688 131120 131168 163856 163904
1 7 448 8197 12289 14336 17152 17920 19456 26624 32780 32792 40964 57344 65856 82176 114688 131120 131168 163856 196672 229376
1 7 448 8197 12289 14336 17152 17920 19456 26624 32780 32816 32864 40964 57344 65856 82176 98368 114688 131096 163848 163856
1 7 448 8197 12289 14336 17152 17920 19456 26624 32780 32864 40964 57344 65856 82176 98368 114688 131096 131120 163848 163872
1 7 448 8197 12289 14336 17152 17920 19456 26624 32780 40964 57344 65560 65584 65632 98312 114688 131392 147712 196672 212992
1 7 448 8197 12289 14336 17152 17920 19456 26624 32780 40964 57344 65856 82176 98368 114688 131096 131120 131168 163848 163904
1 7 448 8197 12289 14336 17152 17920 19456 26624 32780 40964 57344 65856 82176 114688 131096 131120 131168 163848 196672 229376
1 7 448 8197 12289 14336 17152 17920 19456 26624 32788 32816 32864 40964 57344 65856 82176 98368 114688 131084 131092 131096
1 7 448 8197 12289 14336 17152 17920 19456 26624 32792 32816 32864 40964 57344 65856 82176 98368 114688 131084 163844 163848
1 7 448 8197 12289 14336 17152 17920 19456 26624 32792 32816 32864 57344 65856 82176 98368 114688 131084 139268 163848 172032
1 7 448 8197 12289 14336 17152 17920 19456 26624 32816 32864 40964 57344 65856 82176 98368 114688 131084 131096 163844 163856
1 7 448 8197 12289 14336 17152 17920 19456 26624 32816 32864 57344 65856 82176 98368 114688 131084 131096 139268 163856 172032
1 7 448 8197 12289 14336 17152 17920 19456 26624 32864 40964 57344 65856 82176 98368 114688 131084 131096 131120 163844 163872
1 7 448 8197 12289 14336 17152 17920 19456 26624 32864 49408 57344 65856 98368 98560 131084 131096 131120 139268 163872 172032
1 7 448 8197 12289 14336 17152 17920 19456 26624 32864 57344 65856 82176 98368 114688 131084 131096 131120 139268 163872 172032
1 7 448 8197 12289 14336 17152 17920 19456 26624 33088 49408 57344 65548 65560 65584 65632 73732 98368 172032 204800 229376
1 7 448 8197 12289 14336 17152 17920 19456 26624 33088 49408 57344 65548 65560 65584 65632 98368 106496 139268 196612 204800
1 7 448 8197 12289 14336 17152 17920 19456 26624 33088 49408 57344 65548 65560 65584 65632 98368 139268 172032 196612 229376
1 7 448 8197 12289 14336 17152 17920 19456 26624 33088 49408 57344 65548 65560 65584 73732 98368 106496 131168 196640 196672
1 7 448 8197 12289 14336 17152 17920 19456 26624 33088 49408 57344 65548 65560 65632 73732 98368 106496 131120 196624 196640
1 7 448 8197 12289 14336 17152 17920 19456 26624 33088 49408 57344 65548 65560 73732 98368 106496 131120 131168 196624 196672
1 7 448 8197 12289 14336 17152 17920 19456 26624 33088 49408 57344 65548 65584 65632 73732 98368 106496 131096 196616 196624
1 7 448 8197 12289 14336 17152 17920 19456 26624 33088 49408 57344 65548 65632 73732 98368 106496 131096 131120 196616 196640
1 7 448 8197 12289 14336 17152 17920 19456 26624 33088 49408 57344 65548 73732 98368 106496 131096 131120 131168 196616 196672
1 7 448 8197 12289 14336 17152 17920 19456 26624 33088 49408 57344 65556 65584 65632 73732 98368 106496 131084 131092 131096
1 7 448 8197 12289 14336 17152 17920 19456 26624 33088 49408 57344 65560 65584 65632 73732 98368 106496 131084 196612 196616
1 7 448 8197 12289 14336 17152 17920 19456 26624 33088 49408 57344 65560 65584 65632 98368 106496 131084 139268 196616 204800
1 7 448 8197 12289 14336 17152 17920 19456 26624 33088 49408 57344 65560 65584 65632 98368 131084 139268 172032 196616 229376
1 7 448 8197 12289 14336 17152 17920 19456 26624 33088 49408 57344 65584 65632 73732 98368 106496 131084 131096 196612 196624
1 7 448 8197 12289 14336 17152 17920 19456 26624 33088 49408 57344 65584 65632 98368 106496 131084 131096 139268 196624 204800
1 7 448 8197 12289 14336 17152 17920 19456 26624 33088 49408 57344 65584 65632 98368 131084 131096 139268 172032 196624 229376
1 7 448 8197 12289 14336 17152 17920 19456 26624 33088 49408 57344 65632 73732 98368 106496 131084 131096 131120 196612 196640
1 7 448 8197 12289 14336 17152 17920 19456 26624 33088 49408 57344 65632 98336 98368 131084 131096 131120 139268 163872 172032
1 7 448 8197 12289 14336 17152 17920 19456 26624 33088 49408 57344 65632 98368 106496 131084 131096 131120 139268 196640 204800
1 7 448 8197 12289 14336 17152 17920 19456 26624 33088 49408 57344 65632 98368 131084 131096 131120 139268 172032 196640 229376
1 7 448 8197 12289 14336 17152 17920 19456 26624 33088 49408 57344 73732 98368 106496 131084 131096 131120 131168 196612 196672
1 7 448 8197 12289 14336 17152 17920 19456 26624 33088 49408 57344 98368 106496 131084 131096 131120 131168 139268 196672 204800
1 7 448 8197 12289 14336 17152 17920 19456 26624 33088 49408 57344 98368 131084 131096 131120 131168 139268 172032 196672 229376
1 7 448 8197 12289 14336 17152 17920 19456 26624 33088 57344 82176 98560 114688 131084 131096 131120 131168 139268 163904 172032
1 7 448 8197 12289 14336 17152 17920 19456 26624 40964 57344 65548 65560 65584 65632 98308 114688 131392 147712 196672 212992
1 7 448 8197 12289 14336 17152 17920 19456 26624 40964 57344 65856 82176 98368 114688 131084 131096 131120 131168 163844 163904
1 7 448 8197 12289 14336 17152 17920 19456 26624 40964 57344 65856 82176 114688 131084 131096 131120 131168 163844 196672 229376
1 7 448 8197 12289 14336 17152 17920 19456 26624 49408 57344 65856 98368 98560 131084 131096 131120 131168 139268 163904 172032
1 7 448 8197 12289 14336 17152 17920 19456 26624 49408 57344 65856 98560 106496 131084 131096 131120 131168 139268 196672 204800
1 7 448 8197 12289 14336 17152 17920 19456 26624 49408 57344 65856 98560 131084 131096 131120 131168 139268 172032 196672 229376
1 7 448 8197 12289 14336 17152 17920 19456 26624 57344 65548 65560 65584 65632 73732 106496 114688 131392 147712 196672 212992
1 7 448 8197 12289 14336 17152 17920 19456 26624 57344 65856 82176 98368 114688 131084 131096 131120 131168 139268 163904 172032
1 7 448 8197 12289 14336 17152 17920 19456 26624 57344 65856 82176 106496 114688 131084 131096 131120 131168 139268 196672 204800
1 7 448 8197 12289 14336 17152 17920 19456 26624 57344 65856 82176 114688 131084 131096 131120 131168 139268 172032 196672 229376
1 7 448 8197 12289 14336 17152 17920 26624 32780 32792 32816 32864 40964 57344 65856 82176 98368 114688 134144 148480 149504
1 7 448 8197 12289 14336 17152 17920 26624 33088 49408 57344 65548 65560 65584 65632 73732 98368 106496 134144 148480 149504
1 7 448 8197 12289 14336 17152 19456 26624 32780 32792 32816 32864 40964 57344 65856 82176 98368 114688 132608 147968 148480
1 7 448 8197 12289 14336 17152 19456 26624 33088 49408 57344 65548 65560 65584 65632 73732 98368 106496 132608 147968 148480
1 7 448 8197 12289 14336 17152 26624 32780 32792 32816 32864 40964 57344 65856 82176 98368 114688 132608 134144 147968 149504
1 7 448 8197 12289 14336 17152 26624 33088 49408 57344 65548 65560 65584 65632 73732 98368 106496 132608 134144 147968 149504
1 7 448 8197 12289 14336 17920 19456 26624 32780 32792 32816 32864 40964 57344 65856 66304 82432 114688 163904 196672 229376
1 7 448 8197 12289 14336 17920 19456 26624 32780 32792 32816 32864 40964 57344 65856 66304 98368 114688 147968 197120 212992
1 7 448 8197 12289 14336 17920 19456 26624 32780 32792 32816 32864 40964 57344 65856 82176 98368 114688 131840 147712 147968
1 7 448 8197 12289 14336 17920 19456 26624 32780 32792 32816 32864 40964 57344 65856 82432 98368 114688 131840 196864 197120
1 7 448 8197 12289 14336 17920 19456 26624 32780 32792 32816 32864 40964 57344 65856 98368 114688 131840 147968 196864 212992
1 7 448 8197 12289 14336 17920 19456 26624 32780 32792 32816 32864 40964 57344 66304 82432 98368 114688 131392 196672 196864
1 7 448 8197 12289 14336 17920 19456 26624 32780 32792 32816 32864 40964 57344 66304 82432 114688 131392 163904 196864 229376
1 7 448 8197 12289 14336 17920 19456 26624 32780 32792 32816 32864 40964 57344 82432 98368 114688 131392 131840 196672 197120
1 7 448 8197 12289 14336 17920 19456 26624 32780 32792 32816 32864 40964 57344 82432 114688 131392 131840 163904 197120 229376
1 7 448 8197 12289 14336 17920 19456 26624 32780 32792 32816 32864 40964 57344 98368 114688 131392 131840 147968 196672 212992
1 7 448 8197 12289 14336 17920 19456 26624 32780 32792 32816 32864 40964 57344 114688 131392 131840 147968 163904 212992 229376
1 7 448 8197 12289 14336 17920 19456 26624 32780 32792 32816 32864 57344 65856 66304 82432 98368 114688 139268 163844 172032
1 7 448 8197 12289 14336 17920 19456 26624 32780 32792 32816 40964 57344 65632 98336 114688 131392 131840 147968 196672 212992
1 7 448 8197 12289 14336 17920 19456 26624 32780 32792 32816 40964 57344 65856 66304 82432 98368 114688 131168 163872 163904
1 7 448 8197 12289 14336 17920 19456 26624 32780 32792 32816 40964 57344 65856 66304 82432 114688 131168 163872 196672 229376
1 7 448 8197 12289 14336 17920 19456 26624 32780 32792 32864 40964 57344 65856 66304 82432 98368 114688 131120 163856 163872
1 7 448 8197 12289 14336 17920 19456 26624 32780 32792 40964 57344 65584 65632 98320 114688 131392 131840 147968 196672 212992
1 7 448 8197 12289 14336 17920 19456 26624 32780 32792 40964 57344 65856 66304 82432 98368 114688 131120 131168 163856 163904
1 7 448 8197 12289 14336 17920 19456 26624 32780 32792 40964 57344 65856 66304 82432 114688 131120 131168 163856 196672 229376
1 7 448 8197 12289 14336 17920 19456 26624 32780 32816 32864 40964 57344 65856 66304 82432 98368 114688 131096 163848 163856
1 7 448 8197 12289 14336 17920 19456 26624 32780 32864 40964 57344 65856 66304 82432 98368 114688 131096 131120 163848 163872
1 7 448 8197 12289 14336 17920 19456 26624 32780 40964 57344 65560 65584 65632 98312 114688 131392 131840 147968 196672 212992
1 7 448 8197 12289 14336 17920 19456 26624 32780 40964 57344 65856 66304 82432 98368 114688 131096 131120 131168 163848 163904
1 7 448 8197 12289 14336 17920 19456 26624 32780 40964 57344 65856 66304 82432 114688 131096 131120 131168 163848 196672 229376
1 7 448 8197 12289 14336 17920 19456 26624 32788 32816 32864 40964 57344 65856 66304 82432 98368 114688 131084 131092 131096
1 7 448 8197 12289 14336 17920 19456 26624 32792 32816 32864 40964 57344 65856 66304 82432 98368 114688 131084 163844 163848
1 7 448 8197 12289 14336 17920 19456 26624 32792 32816 32864 57344 65856 66304 82432 98368 114688 131084 139268 163848 172032
1 7 448 8197 12289 14336 17920 19456 26624 32816 32864 40964 57344 65856 66304 82432 98368 114688 131084 131096 163844 163856
1 7 448 8197 12289 14336 17920 19456 26624 32816 32864 57344 65856 66304 82432 98368 114688 131084 131096 139268 163856 172032
1 7 448 8197 12289 14336 17920 19456 26624 32864 40964 57344 65856 66304 82432 98368 114688 131084 131096 131120 163844 163872
1 7 448 8197 12289 14336 17920 19456 26624 32864 57344 65856 66304 82432 98368 114688 131084 131096 131120 139268 163872 172032
1 7 448 8197 12289 14336 17920 19456 26624 33088 33536 49664 57344 65548 65560 65584 65632 73732 98368 172032 204800 229376
1 7 448 8197 12289 14336 17920 19456 26624 33088 33536 49664 57344 65548 65560 65584 65632 98368 106496 139268 196612 204800
1 7 448 8197 12289 14336 17920 19456 26624 33088 33536 49664 57344 65548 65560 65584 65632 98368 139268 172032 196612 229376
1 7 448 8197 12289 14336 17920 19456 26624 33088 33536 49664 57344 65548 65560 65584 73732 98368 106496 131168 196640 196672
1 7 448 8197 12289 14336 17920 19456 26624 33088 33536 49664 57344 65548 65560 65632 73732 98368 106496 131120 196624 196640
1 7 448 8197 12289 14336 17920 19456 26624 33088 33536 49664 57344 65548 65560 73732 98368 106496 131120 131168 196624 196672
1 7 448 8197 12289 14336 17920 19456 26624 33088 33536 49664 57344 65548 65584 65632 73732 98368 106496 131096 196616 196624
1 7 448 8197 12289 14336 17920 19456 26624 33088 33536 49664 57344 65548 65632 73732 98368 106496 131096 131120 196616 196640
1 7 448 8197 12289 14336 17920 19456 26624 33088 33536 49664 57344 65548 73732 98368 106496 131096 131120 131168 196616 196672
1 7 448 8197 12289 14336 17920 19456 26624 33088 33536 49664 57344 65556 65584 65632 73732 98368 106496 131084 131092 131096
1 7 448 8197 12289 14336 17920 19456 26624 33088 33536 49664 57344 65560 65584 65632 73732 98368 106496 131084 196612 196616
1 7 448 8197 12289 14336 17920 19456 26624 33088 33536 49664 57344 65560 65584 65632 98368 106496 131084 139268 196616 204800
1 7 448 8197 12289 14336 17920 19456 26624 33088 33536 49664 57344 65560 65584 65632 98368 131084 139268 172032 196616 229376
1 7 448 8197 12289 14336 17920 19456 26624 33088 33536 49664 57344 65584 65632 73732 98368 106496 131084 131096 196612 196624
1 7 448 8197 12289 14336 17920 19456 26624 33088 33536 49664 57344 65584 65632 98368 106496 131084 131096 139268 196624 204800
1 7 448 8197 12289 14336 17920 19456 26624 33088 33536 49664 57344 65584 65632 98368 131084 131096 139268 172032 196624 229376
1 7 448 8197 12289 14336 17920 19456 26624 33088 33536 49664 57344 65632 73732 98368 106496 131084 131096 131120 196612 196640
1 7 448 8197 12289 14336 17920 19456 26624 33088 33536 49664 57344 65632 98368 106496 131084 131096 131120 139268 196640 204800
1 7 448 8197 12289 14336 17920 19456 26624 33088 33536 49664 57344 65632 98368 131084 131096 131120 139268 172032 196640 229376
1 7 448 8197 12289 14336 17920 19456 26624 33088 33536 49664 57344 73732 98368 106496 131084 131096 131120 131168 196612 196672
1 7 448 8197 12289 14336 17920 19456 26624 33088 33536 49664 57344 98368 106496 131084 131096 131120 131168 139268 196672 204800
1 7 448 8197 12289 14336 17920 19456 26624 33088 33536 49664 57344 98368 131084 131096 131120 131168 139268 172032 196672 229376
1 7 448 8197 12289 14336 17920 19456 26624 33088 33536 57344 82432 98816 114688 131084 131096 131120 131168 139268 163904 172032
1 7 448 8197 12289 14336 17920 19456 26624 33088 49408 57344 65548 65560 65584 65632 73732 98368 106496 131840 147712 147968
1 7 448 8197 12289 14336 17920 19456 26624 33088 49664 57344 66304 98560 98816 131084 131096 131120 131168 139268 163904 172032
1 7 448 8197 12289 14336 17920 19456 26624 33088 57344 66304 82432 98560 114688 131084 131096 131120 131168 139268 163904 172032
1 7 448 8197 12289 14336 17920 19456 26624 33536 49664 57344 65856 98368 98560 131084 131096 131120 131168 139268 163904 172032
1 7 448 8197 12289 14336 17920 19456 26624 33536 49664 57344 65856 98560 106496 131084 131096 131120 131168 139268 196672 204800
1 7 448 8197 12289 14336 17920 19456 26624 33536 49664 57344 65856 98560 131084 131096 131120 131168 139268 172032 196672 229376
1 7 448 8197 12289 14336 17920 19456 26624 40964 57344 65548 65560 65584 65632 98308 114688 131392 131840 147968 196672 212992
1 7 448 8197 12289 14336 17920 19456 26624 40964 57344 65856 66304 82432 98368 114688 131084 131096 131120 131168 163844 163904
1 7 448 8197 12289 14336 17920 19456 26624 40964 57344 65856 66304 82432 114688 131084 131096 131120 131168 163844 196672 229376
1 7 448 8197 12289 14336 17920 19456 26624 49664 57344 65856 66304 98368 98816 131084 131096 131120 131168 139268 163904 172032
1 7 448 8197 12289 14336 17920 19456 26624 49664 57344 65856 66304 98816 106496 131084 131096 131120 131168 139268 196672 204800
1 7 448 8197 12289 14336 17920 19456 26624 49664 57344 65856 66304 98816 131084 131096 131120 131168 139268 172032 196672 229376
1 7 448 8197 12289 14336 17920 19456 26624 57344 65548 65560 65584 65632 73732 106496 114688 131392 131840 147968 196672 212992
1 7 448 8197 12289 14336 17920 19456 26624 57344 65856 66304 82432 98368 114688 131084 131096 131120 131168 139268 163904 172032
1 7 448 8197 12289 14336 17920 19456 26624 57344 65856 66304 82432 106496 114688 131084 131096 131120 131168 139268 196672 204800
1 7 448 8197 12289 14336 17920 19456 26624 57344 65856 66304 82432 114688 131084 131096 131120 131168 139268 172032 196672 229376
1 7 448 8197 12289 14336 17920 26624 32780 32792 32816 32864 40964 57344 65856 66304 82432 98368 114688 134144 148480 149504
1 7 448 8197 12289 14336 17920 26624 33088 33536 49664 57344 65548 65560 65584 65632 73732 98368 106496 134144 148480 149504
1 7 448 8197 12289 14336 19456 26624 32780 32792 32816 32864 40964 57344 65856 66304 82432 98368 114688 132608 147968 148480
1 7 448 8197 12289 14336 19456 26624 32780 32792 32816 32864 40964 57344 65856 66304 98368 114688 132608 148480 197120 212992
1 7 448 8197 12289 14336 19456 26624 32780 32792 32816 32864 40964 57344 65856 82176 98368 114688 131840 132608 147712 148480
1 7 448 8197 12289 14336 19456 26624 32780 32792 32816 32864 40964 57344 65856 98368 114688 131840 132608 148480 196864 212992
1 7 448 8197 12289 14336 19456 26624 32780 32792 32816 32864 40964 57344 66304 67072 82944 114688 131392 163904 196864 229376
1 7 448 8197 12289 14336 19456 26624 32780 32792 32816 32864 40964 57344 67072 82944 114688 131392 131840 163904 197120 229376
1 7 448 8197 12289 14336 19456 26624 33088 33536 49664 57344 65548 65560 65584 65632 73732 98368 106496 132608 147968 148480
1 7 448 8197 12289 14336 19456 26624 33088 33536 57344 67072 82944 98816 114688 131084 131096 131120 131168 139268 163904 172032
1 7 448 8197 12289 14336 19456 26624 33088 49408 57344 65548 65560 65584 65632 73732 98368 106496 131840 132608 147712 148480
1 7 448 8197 12289 14336 19456 26624 33088 57344 66304 67072 82944 98560 114688 131084 131096 131120 131168 139268 163904 172032
1 7 448 8197 12289 14336 19456 26624 33536 34304 50176 57344 65856 98560 106496 131084 131096 131120 131168 139268 196672 204800
1 7 448 8197 12289 14336 19456 26624 33536 34304 50176 57344 65856 98560 131084 131096 131120 131168 139268 172032 196672 229376
1 7 448 8197 12289 14336 19456 26624 34304 50176 57344 65856 66304 98816 106496 131084 131096 131120 131168 139268 196672 204800
1 7 448 8197 12289 14336 19456 26624 34304 50176 57344 65856 66304 98816 131084 131096 131120 131168 139268 172032 196672 229376
1 7 448 8197 12289 14336 24580 26624 32780 32792 32816 32864 49156 65856 66304 98368 114688 132608 134144 149504 197120 212992
1 7 448 8197 12289 14336 24580 26624 32780 32792 32816 32864 49156 65856 66304 98368 132608 134144 149504 180224 197120 229376
1 7 448 8197 12289 14336 24580 26624 32780 32792 32816 32864 49156 65856 98368 114688 131840 132608 134144 149504 196864 212992
1 7 448 8197 12289 14336 24580 26624 32780 32792 32816 32864 49156 65856 98368 131840 132608 134144 149504 180224 196864 229376
1 7 448 8197 12289 14336 26624 32780 32792 32816 32864 40964 57344 65856 66304 82432 98368 114688 132608 134144 147968 149504
1 7 448 8197 12289 14336 26624 32780 32792 32816 32864 40964 57344 65856 66304 98368 114688 132608 134144 149504 197120 212992
1 7 448 8197 12289 14336 26624 32780 32792 32816 32864 40964 57344 65856 82176 98368 114688 131840 132608 134144 147712 149504
1 7 448 8197 12289 14336 26624 32780 32792 32816 32864 40964 57344 65856 98368 114688 131840 132608 134144 149504 196864 212992
1 7 448 8197 12289 14336 26624 32780 32792 32816 32864 40964 57344 66304 67072 68608 83968 114688 131392 163904 196864 229376
1 7 448 8197 12289 14336 26624 32780 32792 32816 32864 40964 57344 67072 68608 83968 114688 131392 131840 163904 197120 229376
1 7 448 8197 12289 14336 26624 33088 33536 49664 57344 65548 65560 65584 65632 73732 98368 106496 132608 134144 147968 149504
1 7 448 8197 12289 14336 26624 33088 33536 57344 67072 68608 83968 98816 114688 131084 131096 131120 131168 139268 163904 172032
1 7 448 8197 12289 14336 26624 33088 49408 57344 65548 65560 65584 65632 73732 98368 106496 131840 132608 134144 147712 149504
1 7 448 8197 12289 14336 26624 33088 57344 66304 67072 68608 83968 98560 114688 131084 131096 131120 131168 139268 163904 172032
1 7 448 8197 12289 14336 26624 33536 34304 35840 51200 57344 65856 98560 106496 131084 131096 131120 131168 139268 196672 204800
1 7 448 8197 12289 14336 26624 33536 34304 35840 51200 57344 65856 98560 131084 131096 131120 131168 139268 172032 196672 229376
1 7 448 8197 12289 14336 26624 34304 35840 51200 57344 65856 66304 98816 106496 131084 131096 131120 131168 139268 196672 204800
1 7 448 8197 12289 14336 26624 34304 35840 51200 57344 65856 66304 98816 131084 131096 131120 131168 139268 172032 196672 229376
1 7 448 8197 12289 16396 24580 28672 34304 35840 38912 53248 65560 65584 65632 81928 114688 131392 131840 164352 196672 229376
1 7 448 8197 12289 16396 24580 28672 34304 35840 38912 53248 65856 66304 98816 114688 131096 131120 131168 147464 196672 212992
1 7 448 8197 12289 17152 17920 19456 22528 28672 32864 49408 57344 65548 65560 65584 73732 98336 106496 131392 163904 164096
1 7 448 8197 12289 17152 17920 19456 22528 28672 32864 49408 65548 65560 65584 73732 90112 98336 114688 131392 163904 164096
1 7 448 8197 12289 17152 17920 19456 22528 28672 33088 49408 57344 65548 65560 65584 73732 98336 106496 131168 163872 163904
1 7 448 8197 12289 17152 17920 19456 22528 28672 33088 49408 57344 65548 65560 65584 73732 106496 131168 163904 196640 229376
1 7 448 8197 12289 17152 17920 19456 22528 28672 33088 49408 57344 65548 65560 73732 106496 131120 131168 163904 196624 229376
1 7 448 8197 12289 17152 17920 19456 22528 28672 33088 49408 57344 65584 65632 98368 106496 131084 131096 139268 196624 204800
1 7 448 8197 12289 17152 17920 19456 22528 28672 33088 49408 57344 65632 98368 106496 131084 131096 131120 139268 196640 204800
1 7 448 8197 12289 17152 17920 19456 22528 28672 33088 49408 65548 65560 65584 73732 90112 98336 114688 131168 163872 163904
1 7 448 8197 12289 17152 17920 19456 22528 28672 33088 49408 65548 65560 65584 73732 90112 114688 131168 163904 196640 229376
1 7 448 8197 12289 17152 17920 19456 22528 28672 33088 49408 65548 65560 73732 90112 114688 131120 131168 163904 196624 229376
1 7 448 8197 12289 17152 17920 19456 22528 28672 33088 49408 65584 65632 90112 98368 114688 131084 131096 139268 196624 204800
1 7 448 8197 12289 17152 17920 19456 22528 28672 33088 49408 65584 65632 98368 114688 131084 131096 139268 155648 196624 212992
1 7 448 8197 12289 17152 17920 19456 22528 28672 33088 49408 65632 90112 98368 114688 131084 131096 131120 139268 196640 204800
1 7 448 8197 12289 17152 17920 19456 22528 28672 33088 49408 65632 98368 114688 131084 131096 131120 139268 155648 196640 212992
1 7 448 8197 12289 17920 19456 22528 28672 32864 33536 49664 57344 65856 98368 98560 131084 131096 131120 139268 163872 172032
1 7 448 8197 12289 17920 19456 22528 28672 32864 33536 49664 65856 98368 98560 131084 131096 131120 139268 155648 163872 180224
2 7 448 8197 12289 17920 19456 22528 28672 33088 33536 49664 57344 65548 65560 65584 65632 73732 98368 172032 204800 229376
1 7 448 8197 12289 17920 19456 22528 28672 33088 33536 49664 57344 65548 65560 65584 65632 98368 106496 139268 196612 204800
1 7 448 8197 12289 17920 19456 22528 28672 33088 33536 49664 57344 65548 65560 65584 65632 98368 139268 172032 196612 229376
1 7 448 8197 12289 17920 19456 22528 28672 33088 33536 49664 57344 65548 65560 65584 73732 98368 106496 131168 196640 196672
1 7 448 8197 12289 17920 19456 22528 28672 33088 33536 49664 57344 65548 65560 65632 73732 98368 106496 131120 196624 196640
1 7 448 8197 12289 17920 19456 22528 28672 33088 33536 49664 57344 65548 65560 73732 98368 106496 131120 131168 196624 196672
2 7 448 8197 12289 17920 19456 22528 28672 33088 33536 49664 57344 65548 65632 73732 98368 106496 131096 131120 196616 196640
1 7 448 8197 12289 17920 19456 22528 28672 33088 33536 49664 57344 65548 73732 98368 106496 131096 131120 131168 196616 196672
1 7 448 8197 12289 17920 19456 22528 28672 33088 33536 49664 57344 65560 65584 65632 73736 98368 106496 131084 139268 139272
1 7 448 8197 12289 17920 19456 22528 28672 33088 33536 49664 57344 65560 65584 65632 98368 106496 131084 139268 196616 204800
1 7 448 8197 12289 17920 19456 22528 28672 33088 33536 49664 57344 65560 65584 65632 98368 131084 139268 172032 196616 229376
1 7 448 8197 12289 17920 19456 22528 28672 33088 33536 49664 57344 65584 65632 98368 106496 131084 131096 139268 196624 204800
2 7 448 8197 12289 17920 19456 22528 28672 33088 33536 49664 57344 73732 98368 106496 131084 131096 131120 131168 196612 196672
1 7 448 8197 12289 17920 19456 22528 28672 33088 33536 49664 65548 65560 65584 65632 73732 90112 98368 180224 212992 229376
2 7 448 8197 12289 17920 19456 22528 28672 33088 33536 49664 65548 65560 65584 65632 73732 98368 106496 155648 172032 180224
2 7 448 8197 12289 17920 19456 22528 28672 33088 33536 49664 65548 65560 65584 65632 73732 98368 155648 180224 204800 229376
1 7 448 8197 12289 17920 19456 22528 28672 33088 33536 49664 65548 65560 65584 65632 90112 98368 114688 139268 196612 204800
1 7 448 8197 12289 17920 19456 22528 28672 33088 33536 49664 65548 65560 65584 65632 98368 114688 139268 155648 196612 212992
1 7 448 8197 12289 17920 19456 22528 28672 33088 33536 49664 65548 65560 65584 65632 98368 139268 155648 180224 196612 229376
1 7 448 8197 12289 17920 19456 22528 28672 33088 33536 49664 65548 65560 65584 73732 90112 98368 114688 131168 196640 196672
1 7 448 8197 12289 17920 19456 22528 28672 33088 33536 49664 65548 65560 65632 73732 90112 98368 114688 131120 196624 196640
1 7 448 8197 12289 17920 19456 22528 28672 33088 33536 49664 65548 65560 73732 90112 98368 114688 131120 131168 196624 196672
2 7 448 8197 12289 17920 19456 22528 28672 33088 33536 49664 65548 65632 73732 90112 98368 114688 131096 131120 196616 196640
1 7 448 8197 12289 17920 19456 22528 28672 33088 33536 49664 65548 73732 90112 98368 114688 131096 131120 131168 196616 196672
1 7 448 8197 12289 17920 19456 22528 28672 33088 33536 49664 65560 65584 65632 73736 90112 98368 114688 131084 139268 139272
1 7 448 8197 12289 17920 19456 22528 28672 33088 33536 49664 65560 65584 65632 90112 98368 114688 131084 139268 196616 204800
1 7 448 8197 12289 17920 19456 22528 28672 33088 33536 49664 65560 65584 65632 98368 114688 131084 139268 155648 196616 212992
1 7 448 8197 12289 17920 19456 22528 28672 33088 33536 49664 65560 65584 65632 98368 131084 139268 155648 180224 196616 229376
1 7 448 8197 12289 17920 19456 22528 28672 33088 33536 49664 65584 65632 90112 98368 114688 131084 131096 139268 196624 204800
2 7 448 8197 12289 17920 19456 22528 28672 33088 33536 49664 65584 65632 98368 114688 131084 131096 139268 155648 196624 212992
2 7 448 8197 12289 17920 19456 22528 28672 33088 33536 49664 73732 90112 98368 114688 131084 131096 131120 131168 196612 196672
1 7 448 8197 12289 17920 19456 22528 28672 33088 49664 57344 66304 98560 98816 131084 131096 131120 131168 139268 163904 172032
1 7 448 8197 12289 17920 19456 22528 28672 33088 49664 66304 98560 98816 131084 131096 131120 131168 139268 155648 163904 180224
1 7 448 8197 12289 17920 19456 22528 28672 33536 49664 57344 65856 98368 98560 131084 131096 131120 131168 139268 163904 172032
1 7 448 8197 12289 17920 19456 22528 28672 33536 49664 57344 65856 98560 106496 131084 131096 131120 131168 139268 196672 204800
1 7 448 8197 12289 17920 19456 22528 28672 33536 49664 57344 65856 98560 131084 131096 131120 131168 139268 172032 196672 229376
1 7 448 8197 12289 17920 19456 22528 28672 33536 49664 65856 90112 98560 114688 131084 131096 131120 131168 139268 196672 204800
1 7 448 8197 12289 17920 19456 22528 28672 33536 49664 65856 98368 98560 131084 131096 131120 131168 139268 155648 163904 180224
1 7 448 8197 12289 17920 19456 22528 28672 33536 49664 65856 98560 114688 131084 131096 131120 131168 139268 155648 196672 212992
1 7 448 8197 12289 17920 19456 22528 28672 33536 49664 65856 98560 131084 131096 131120 131168 139268 155648 180224 196672 229376
1 7 448 8197 12289 17920 19456 22528 28672 49664 57344 65856 66304 98368 98816 131084 131096 131120 131168 139268 163904 172032
1 7 448 8197 12289 17920 19456 22528 28672 49664 57344 65856 66304 98816 106496 131084 131096 131120 131168 139268 196672 204800
1 7 448 8197 12289 17920 19456 22528 28672 49664 57344 65856 66304 98816 131084 131096 131120 131168 139268 172032 196672 229376
1 7 448 8197 12289 17920 19456 22528 28672 49664 65856 66304 90112 98816 114688 131084 131096 131120 131168 139268 196672 204800
1 7 448 8197 12289 17920 19456 22528 28672 49664 65856 66304 98368 98816 131084 131096 131120 131168 139268 155648 163904 180224
1 7 448 8197 12289 17920 19456 22528 28672 49664 65856 66304 98816 114688 131084 131096 131120 131168 139268 155648 196672 212992
1 7 448 8197 12289 17920 19456 22528 28672 49664 65856 66304 98816 131084 131096 131120 131168 139268 155648 180224 196672 229376
1 7 448 8197 12289 17920 19456 28672 38912 51200 53248 65856 66304 82432 90112 131084 131096 131120 131168 139268 196672 204800
1 7 448 8197 12289 17920 19456 28672 38912 51200 53248 65856 66304 82432 131084 131096 131120 131168 139268 155648 196672 212992
2 7 448 8197 12289 17920 22528 28672 35840 50176 51200 65856 66304 82432 90112 131084 131096 131120 131168 139268 196672 204800
2 7 448 8197 12289 17920 22528 28672 35840 50176 51200 65856 66304 82432 131084 131096 131120 131168 139268 155648 196672 212992
1 7 448 8197 12289 17920 28672 35840 38912 50176 53248 65856 66304 82432 90112 131084 131096 131120 131168 139268 196672 204800
1 7 448 8197 12289 17920 28672 35840 38912 50176 53248 65856 66304 82432 131084 131096 131120 131168 139268 155648 196672 212992
1 7 448 8197 12289 19456 22528 28672 33088 33536 50176 57344 65548 65560 65584 65632 73732 98368 106496 132608 164352 164864
1 7 448 8197 12289 19456 22528 28672 33088 33536 50176 65548 65560 65584 65632 73732 90112 98368 114688 132608 164352 164864
1 7 448 8197 12289 19456 22528 28672 33088 34304 50176 57344 65548 65560 65584 65632 73732 98368 106496 131840 164096 164352
1 7 448 8197 12289 19456 22528 28672 33088 34304 50176 65548 65560 65584 65632 73732 90112 98368 114688 131840 164096 164352
1 7 448 8197 12289 19456 22528 28672 33088 50176 57344 65548 65560 65584 65632 73732 98368 106496 131840 132608 164096 164864
1 7 448 8197 12289 19456 22528 28672 33088 50176 65548 65560 65584 65632 73732 90112 98368 114688 131840 132608 164096 164864
1 7 448 8197 12289 19456 22528 28672 33536 34304 50176 57344 65548 65560 65584 65632 73732 98368 106496 131392 163904 164096
1 7 448 8197 12289 19456 22528 28672 33536 34304 50176 57344 65548 65560 65584 65632 73732 106496 131392 164096 196672 229376
1 7 448 8197 12289 19456 22528 28672 33536 34304 50176 57344 65856 98560 106496 131084 131096 131120 131168 139268 196672 204800
1 7 448 8197 12289 19456 22528 28672 33536 34304 50176 65548 65560 65584 65632 73732 90112 98368 114688 131392 163904 164096
1 7 448 8197 12289 19456 22528 28672 33536 34304 50176 65548 65560 65584 65632 73732 90112 114688 131392 164096 196672 229376
1 7 448 8197 12289 19456 22528 28672 33536 34304 50176 65856 90112 98560 114688 131084 131096 131120 131168 139268 196672 204800
1 7 448 8197 12289 19456 22528 28672 33536 34304 50176 65856 98560 114688 131084 131096 131120 131168 139268 155648 196672 212992
1 7 448 8197 12289 19456 22528 28672 34304 50176 57344 65548 65560 65584 65632 73732 98368 106496 131392 131840 163904 164352
1 7 448 8197 12289 19456 22528 28672 34304 50176 57344 65548 65560 65584 65632 73732 106496 131392 131840 164352 196672 229376
1 7 448 8197 12289 19456 22528 28672 34304 50176 57344 65856 66304 98816 106496 131084 131096 131120 131168 139268 196672 204800
1 7 448 8197 12289 19456 22528 28672 34304 50176 65548 65560 65584 65632 73732 90112 98368 114688 131392 131840 163904 164352
1 7 448 8197 12289 19456 22528 28672 34304 50176 65548 65560 65584 65632 73732 90112 114688 131392 131840 164352 196672 229376
1 7 448 8197 12289 19456 22528 28672 34304 50176 65856 66304 90112 98816 114688 131084 131096 131120 131168 139268 196672 204800
1 7 448 8197 12289 19456 22528 28672 34304 50176 65856 66304 98816 114688 131084 131096 131120 131168 139268 155648 196672 212992
1 7 448 8197 12289 22528 24580 28672 33536 34304 35840 51200 65856 98560 114688 131084 131096 131120 131168 147460 196672 212992
1 7 448 8197 12289 22528 24580 28672 33536 34304 35840 51200 65856 98560 131084 131096 131120 131168 147460 180224 196672 229376
1 7 448 8197 12289 22528 26624 28672 33536 34304 35840 43008 65548 65560 65584 65632 73732 106496 131392 164096 196672 229376
1 7 448 8197 12289 22528 26624 28672 33536 34304 35840 43008 65856 98560 106496 131084 131096 131120 131168 139268 196672 204800
1 7 448 8197 12289 22528 28672 33536 34304 35840 51200 57344 65856 98560 106496 131084 131096 131120 131168 139268 196672 204800
1 7 448 8197 12289 22528 28672 33536 34304 35840 51200 57344 65856 98560 131084 131096 131120 131168 139268 172032 196672 229376
1 7 448 8197 12289 22528 28672 33536 34304 35840 51200 65856 90112 98560 114688 131084 131096 131120 131168 139268 196672 204800
1 7 448 8197 12289 22528 28672 33536 34304 35840 51200 65856 98560 114688 131084 131096 131120 131168 139268 155648 196672 212992
1 7 448 8197 12289 22528 28672 33536 34304 35840 51200 65856 98560 131084 131096 131120 131168 139268 155648 180224 196672 229376
2 7 448 8197 12289 28672 34304 35840 38912 49664 53248 65856 66304 82432 90112 131084 131096 131120 131168 139268 196672 204800
2 7 448 8197 12289 28672 34304 35840 38912 49664 53248 65856 66304 82432 131084 131096 131120 131168 139268 155648 196672 212992
1 7 448 8197 14336 20481 24577 28672 33536 34304 35840 43008 65856 98560 106496 131084 131096 131120 131168 139268 196672 204800
1 7 448 8197 14336 20481 24577 28672 33536 34304 35840 43008 65856 98560 131084 131096 131120 131168 139268 172032 196672 229376
1 7 448 8197 19456 20481 22528 24577 32780 32792 32816 32864 40964 57344 65856 82944 98368 114688 131840 132608 196864 197632
1 7 448 8197 19456 20481 22528 24577 32780 32792 32816 32864 40964 57344 65856 98368 114688 131840 132608 148480 196864 212992
1 7 448 8197 19456 20481 22528 24577 32780 32792 32816 32864 40964 57344 66304 67072 82944 98368 114688 131392 196672 196864
1 7 448 8197 19456 20481 22528 24577 32780 32792 32816 32864 40964 57344 66304 67072 82944 114688 131392 163904 196864 229376
1 7 448 8197 19456 20481 22528 24577 33088 50176 57344 66304 67072 98560 99328 131084 131096 131120 131168 139268 163904 172032
1 7 448 8197 19456 20481 22528 24577 33088 57344 66304 67072 82944 98560 114688 131084 131096 131120 131168 139268 163904 172032
1 7 448 8197 19456 20481 22528 24577 33536 34304 50176 57344 65856 98368 98560 131084 131096 131120 131168 139268 163904 172032
1 7 448 8197 19456 20481 22528 24577 33536 34304 50176 57344 65856 98560 106496 131084 131096 131120 131168 139268 196672 204800
1 7 448 8197 19456 20481 22528 24577 33536 34304 50176 57344 65856 98560 131084 131096 131120 131168 139268 172032 196672 229376
1 7 8197 8201 8204 16393 16408 34304 35840 36865 38912 49153 65584 65632 81936 114688 131264 131456 131840 164352 196672 229376
1 7 8197 8201 8204 16393 16408 34304 35840 36865 38912 49153 65728 65920 66304 98816 114688 131120 131168 147472 196672 212992
1 7 8197 8201 8204 16393 16408 35840 36865 38912 49153 65584 65632 65728 81936 114688 131456 131840 132608 164864 196736 229376
1 7 8197 8201 8204 16393 16408 35840 36865 38912 49153 65920 66304 67072 99328 114688 131120 131168 131264 147472 196736 212992
1 7 8197 8201 8204 16393 20481 34304 35840 38912 53248 65728 65920 66304 98816 114688 131096 131120 131168 147464 196672 212992
1 7 8197 8201 8204 16393 20481 34304 35840 38912 53248 65728 65920 66304 98816 131096 131120 131168 147464 180224 196672 229376
1 7 8197 8201 8204 16393 20481 35840 38912 53248 65920 66304 67072 99328 114688 131096 131120 131168 131264 147464 196736 212992
1 7 8197 8201 8204 16393 20481 35840 38912 53248 65920 66304 67072 99328 131096 131120 131168 131264 147464 180224 196736 229376
1 7 8197 8201 8204 16393 34304 35840 36865 38912 49153 65560 65584 65632 81928 114688 131264 131456 131840 164352 196672 229376
1 7 8197 8201 8204 16393 34304 35840 36865 38912 49153 65728 65920 66304 98816 114688 131096 131120 131168 147464 196672 212992
1 7 8197 8201 8204 16393 35840 36865 38912 49153 65560 65584 65632 65728 81928 114688 131456 131840 132608 164864 196736 229376
1 7 8197 8201 8204 16393 35840 36865 38912 49153 65920 66304 67072 99328 114688 131096 131120 131168 131264 147464 196736 212992
1 7 8197 8204 8216 17920 18433 19456 24577 32816 32864 32960 40976 57344 65920 66304 82432 98432 114688 133121 135169 137216
1 7 8197 8204 8216 17920 18433 19456 24577 32816 32864 40976 57344 65728 65920 66304 82432 98368 114688 133121 135169 137216
1 7 8197 8204 8216 17920 18433 19456 24577 32960 33152 33536 49664 57344 65584 65632 73744 98368 106496 133121 135169 137216
1 7 8197 8204 8216 17920 18433 19456 24577 33152 33536 49664 57344 65584 65632 65728 73744 98432 106496 133121 135169 137216
1 7 8197 8204 8216 17920 19456 20481 22528 24577 32816 32864 32960 40976 57344 65920 66304 82432 114688 163968 196736 229376
1 7 8197 8204 8216 17920 19456 20481 22528 24577 32816 32864 32960 40976 57344 65920 66304 98432 114688 147968 197120 212992
1 7 8197 8204 8216 17920 19456 20481 22528 24577 32816 32864 32960 40976 57344 65920 82432 98432 114688 131840 196864 197120
1 7 8197 8204 8216 17920 19456 20481 22528 24577 32816 32864 32960 40976 57344 65920 98432 114688 131840 147968 196864 212992
1 7 8197 8204 8216 17920 19456 20481 22528 24577 32816 32864 32960 40976 57344 66176 82432 98432 114688 131456 131712 131840
1 7 8197 8204 8216 17920 19456 20481 22528 24577 32816 32864 32960 40976 57344 66304 82432 98432 114688 131456 196736 196864
1 7 8197 8204 8216 17920 19456 20481 22528 24577 32816 32864 32960 40976 57344 66304 82432 114688 131456 163968 196864 229376
1 7 8197 8204 8216 17920 19456 20481 22528 24577 32816 32864 32960 40976 57344 82432 98432 114688 131456 131840 196736 197120
1 7 8197 8204 8216 17920 19456 20481 22528 24577 32816 32864 32960 40976 57344 82432 114688 131456 131840 163968 197120 229376
1 7 8197 8204 8216 17920 19456 20481 22528 24577 32816 32864 32960 40976 57344 98432 114688 131456 131840 147968 196736 212992
1 7 8197 8204 8216 17920 19456 20481 22528 24577 32816 32864 32960 40976 57344 114688 131456 131840 147968 163968 212992 229376
1 7 8197 8204 8216 17920 19456 20481 22528 24577 32816 32864 32960 57344 65920 66304 82432 98432 114688 139280 163856 172032
1 7 8197 8204 8216 17920 19456 20481 22528 24577 32816 32864 40976 57344 65728 65920 66304 82432 114688 163904 196672 229376
1 7 8197 8204 8216 17920 19456 20481 22528 24577 32816 32864 40976 57344 65728 65920 66304 98368 114688 147968 197120 212992
1 7 8197 8204 8216 17920 19456 20481 22528 24577 32816 32864 40976 57344 65728 65920 82432 98368 114688 131840 196864 197120
1 7 8197 8204 8216 17920 19456 20481 22528 24577 32816 32864 40976 57344 65728 65920 98368 114688 131840 147968 196864 212992
1 7 8197 8204 8216 17920 19456 20481 22528 24577 32816 32864 40976 57344 65728 66176 82432 98368 114688 131456 131712 131840
1 7 8197 8204 8216 17920 19456 20481 22528 24577 32816 32864 40976 57344 65728 66304 82432 98368 114688 131456 196736 196864
1 7 8197 8204 8216 17920 19456 20481 22528 24577 32816 32864 40976 57344 65728 82432 98368 114688 131456 131840 196736 197120
1 7 8197 8204 8216 17920 19456 20481 22528 24577 32816 32864 40976 57344 65728 98368 114688 131456 131840 147968 196736 212992
1 7 8197 8204 8216 17920 19456 20481 22528 24577 32816 32864 40976 57344 65920 66304 82432 98368 114688 131264 196672 196736
1 7 8197 8204 8216 17920 19456 20481 22528 24577 32816 32864 40976 57344 65920 66304 82432 98432 114688 131264 163904 163968
1 7 8197 8204 8216 17920 19456 20481 22528 24577 32816 32864 40976 57344 65920 66304 82432 114688 131264 163904 196736 229376
1 7 8197 8204 8216 17920 19456 20481 22528 24577 32816 32864 40976 57344 66304 82432 98368 114688 131264 131456 196672 196864
1 7 8197 8204 8216 17920 19456 20481 22528 24577 32816 32864 40976 57344 66304 82432 114688 131264 131456 163904 196864 229376
1 7 8197 8204 8216 17920 19456 20481 22528 24577 32816 32864 40976 57344 82432 98368 114688 131264 131456 131840 196672 197120
1 7 8197 8204 8216 17920 19456 20481 22528 24577 32816 32864 40976 57344 82432 114688 131264 131456 131840 163904 197120 229376
1 7 8197 8204 8216 17920 19456 20481 22528 24577 32816 32864 40976 57344 98368 114688 131264 131456 131840 147968 196672 212992
1 7 8197 8204 8216 17920 19456 20481 22528 24577 32816 32864 40976 57344 114688 131264 131456 131840 147968 163904 212992 229376
1 7 8197 8204 8216 17920 19456 20481 22528 24577 32816 32864 57344 65728 65920 66304 82432 98368 114688 139280 163856 172032
1 7 8197 8204 8216 17920 19456 20481 22528 24577 32816 32960 40976 57344 65920 66304 82432 98432 114688 131168 163872 163904
1 7 8197 8204 8216 17920 19456 20481 22528 24577 32816 40976 57344 65632 65728 65920 98336 114688 131840 147968 196864 212992
1 7 8197 8204 8216 17920 19456 20481 22528 24577 32816 40976 57344 65632 65728 98336 114688 131456 131840 147968 196736 212992
1 7 8197 8204 8216 17920 19456 20481 22528 24577 32816 40976 57344 65632 98336 114688 131264 131456 131840 147968 196672 212992
1 7 8197 8204 8216 17920 19456 20481 22528 24577 32816 40976 57344 65728 65920 66304 82432 98368 114688 131168 163872 163904
1 7 8197 8204 8216 17920 19456 20481 22528 24577 32816 40976 57344 65728 65920 66304 82432 114688 131168 163872 196672 229376
1 7 8197 8204 8216 17920 19456 20481 22528 24577 32816 40976 57344 65920 66304 82432 98432 114688 131168 131264 163872 163968
1 7 8197 8204 8216 17920 19456 20481 22528 24577 32816 40976 57344 65920 66304 82432 114688 131168 131264 163872 196736 229376
1 7 8197 8204 8216 17920 19456 20481 22528 24577 32816 40976 57344 66304 82432 114688 131168 131264 131456 163872 196864 229376
1 7 8197 8204 8216 17920 19456 20481 22528 24577 32848 32960 40976 57344 65920 66304 82432 98432 114688 131120 131152 131168
1 7 8197 8204 8216 17920 19456 20481 22528 24577 32848 40976 57344 65728 65920 66304 82432 98368 114688 131120 131152 131168
1 7 8197 8204 8216 17920 19456 20481 22528 24577 32864 32960 33152 57344 66304 82432 98560 114688 131120 139280 163872 172032
1 7 8197 8204 8216 17920 19456 20481 22528 24577 32864 32960 40976 57344 65920 66304 82432 98432 114688 131120 163856 163872
1 7 8197 8204 8216 17920 19456 20481 22528 24577 32864 32960 57344 65920 66304 82432 98432 114688 131120 139280 163872 172032
1 7 8197 8204 8216 17920 19456 20481 22528 24577 32864 40976 57344 65728 65920 66304 82432 98368 114688 131120 163856 163872
1 7 8197 8204 8216 17920 19456 20481 22528 24577 32864 57344 65728 65920 66304 82432 98368 114688 131120 139280 163872 172032
1 7 8197 8204 8216 17920 19456 20481 22528 24577 32960 33152 33536 49664 57344 65584 65632 73744 98368 172032 204800 229376
1 7 8197 8204 8216 17920 19456 20481 22528 24577 32960 33152 33536 49664 57344 65584 65632 98368 106496 139280 196624 204800
1 7 8197 8204 8216 17920 19456 20481 22528 24577 32960 33152 33536 49664 57344 65584 65632 98368 139280 172032 196624 229376
1 7 8197 8204 8216 17920 19456 20481 22528 24577 32960 33152 33536 49664 57344 65584 73744 98368 106496 131168 196640 196672
1 7 8197 8204 8216 17920 19456 20481 22528 24577 32960 33152 33536 49664 57344 65616 73744 98368 106496 131120 131152 131168
1 7 8197 8204 8216 17920 19456 20481 22528 24577 32960 33152 33536 49664 57344 65632 73744 98368 106496 131120 196624 196640
1 7 8197 8204 8216 17920 19456 20481 22528 24577 32960 33152 33536 49664 57344 65632 98368 106496 131120 139280 196640 204800
1 7 8197 8204 8216 17920 19456 20481 22528 24577 32960 33152 33536 49664 57344 65632 98368 131120 139280 172032 196640 229376
1 7 8197 8204 8216 17920 19456 20481 22528 24577 32960 33152 33536 49664 57344 73744 98368 106496 131120 131168 196624 196672
1 7 8197 8204 8216 17920 19456 20481 22528 24577 32960 33152 33536 49664 57344 98368 106496 131120 131168 139280 196672 204800
1 7 8197 8204 8216 17920 19456 20481 22528 24577 32960 33152 33536 49664 57344 98368 131120 131168 139280 172032 196672 229376
1 7 8197 8204 8216 17920 19456 20481 22528 24577 32960 33152 33536 57344 82432 98816 114688 131120 131168 139280 163904 172032
1 7 8197 8204 8216 17920 19456 20481 22528 24577 32960 33152 49664 57344 66304 98560 98816 131120 131168 139280 163904 172032
1 7 8197 8204 8216 17920 19456 20481 22528 24577 32960 33152 57344 66304 82432 98560 114688 131120 131168 139280 163904 172032
1 7 8197 8204 8216 17920 19456 20481 22528 24577 32960 33408 49664 57344 65920 66176 66304 131120 131168 139280 163904 172032
1 7 8197 8204 8216 17920 19456 20481 22528 24577 32960 33536 49664 57344 65920 98432 98560 131120 131168 139280 163904 172032
1 7 8197 8204 8216 17920 19456 20481 22528 24577 32960 40976 57344 65920 66304 82432 98432 114688 131120 131168 163856 163904
1 7 8197 8204 8216 17920 19456 20481 22528 24577 32960 49664 57344 65920 66304 98432 98816 131120 131168 139280 163904 172032
1 7 8197 8204 8216 17920 19456 20481 22528 24577 32960 57344 65920 66304 82432 98432 114688 131120 131168 139280 163904 172032
1 7 8197 8204 8216 17920 19456 20481 22528 24577 33152 33536 49664 57344 65584 65632 65728 73744 98432 172032 204800 229376
1 7 8197 8204 8216 17920 19456 20481 22528 24577 33152 33536 49664 57344 65584 65632 65728 98432 106496 139280 196624 204800
1 7 8197 8204 8216 17920 19456 20481 22528 24577 33152 33536 49664 57344 65584 65632 65728 98432 139280 172032 196624 229376
1 7 8197 8204 8216 17920 19456 20481 22528 24577 33152 33536 49664 57344 65584 65632 73744 98432 106496 131264 196672 196736
1 7 8197 8204 8216 17920 19456 20481 22528 24577 33152 33536 49664 57344 65584 65728 73744 98432 106496 131168 196640 196672
1 7 8197 8204 8216 17920 19456 20481 22528 24577 33152 33536 49664 57344 65584 73744 98432 106496 131168 131264 196640 196736
1 7 8197 8204 8216 17920 19456 20481 22528 24577 33152 33536 49664 57344 65616 65728 73744 98432 106496 131120 131152 131168
1 7 8197 8204 8216 17920 19456 20481 22528 24577 33152 33536 49664 57344 65632 65728 73744 98432 106496 131120 196624 196640
1 7 8197 8204 8216 17920 19456 20481 22528 24577 33152 33536 49664 57344 65632 65728 98432 106496 131120 139280 196640 204800
1 7 8197 8204 8216 17920 19456 20481 22528 24577 33152 33536 49664 57344 65632 65728 98432 131120 139280 172032 196640 229376
1 7 8197 8204 8216 17920 19456 20481 22528 24577 33152 33536 49664 57344 65728 73744 98432 106496 131120 131168 196624 196672
1 7 8197 8204 8216 17920 19456 20481 22528 24577 33152 33536 49664 57344 65728 98368 98432 131120 131168 139280 163904 172032
1 7 8197 8204 8216 17920 19456 20481 22528 24577 33152 33536 49664 57344 65728 98432 106496 131120 131168 139280 196672 204800
1 7 8197 8204 8216 17920 19456 20481 22528 24577 33152 33536 49664 57344 65728 98432 131120 131168 139280 172032 196672 229376
1 7 8197 8204 8216 17920 19456 20481 22528 24577 33152 33536 49664 57344 73744 98432 106496 131120 131168 131264 196624 196736
1 7 8197 8204 8216 17920 19456 20481 22528 24577 33152 33536 49664 57344 98432 106496 131120 131168 131264 139280 196736 204800
1 7 8197 8204 8216 17920 19456 20481 22528 24577 33152 33536 49664 57344 98432 131120 131168 131264 139280 172032 196736 229376
1 7 8197 8204 8216 17920 19456 20481 22528 24577 33152 33536 57344 82432 98816 114688 131120 131168 131264 139280 163968 172032
1 7 8197 8204 8216 17920 19456 20481 22528 24577 33152 49664 57344 66304 98560 98816 131120 131168 131264 139280 163968 172032
1 7 8197 8204 8216 17920 19456 20481 22528 24577 33152 57344 66304 82432 98560 114688 131120 131168 131264 139280 163968 172032
1 7 8197 8204 8216 17920 19456 20481 22528 24577 33408 49664 57344 65920 66176 66304 131120 131168 131264 139280 163968 172032
1 7 8197 8204 8216 17920 19456 20481 22528 24577 33536 49664 57344 65632 65728 65920 98560 106496 131120 139280 196640 204800
1 7 8197 8204 8216 17920 19456 20481 22528 24577 33536 49664 57344 65632 65728 65920 98560 131120 139280 172032 196640 229376
1 7 8197 8204 8216 17920 19456 20481 22528 24577 33536 49664 57344 65728 65920 98368 98560 131120 131168 139280 163904 172032
1 7 8197 8204 8216 17920 19456 20481 22528 24577 33536 49664 57344 65728 65920 98560 106496 131120 131168 139280 196672 204800
1 7 8197 8204 8216 17920 19456 20481 22528 24577 33536 49664 57344 65728 65920 98560 131120 131168 139280 172032 196672 229376
1 7 8197 8204 8216 17920 19456 20481 22528 24577 33536 49664 57344 65920 98432 98560 131120 131168 131264 139280 163968 172032
1 7 8197 8204 8216 17920 19456 20481 22528 24577 33536 49664 57344 65920 98560 106496 131120 131168 131264 139280 196736 204800
1 7 8197 8204 8216 17920 19456 20481 22528 24577 33536 49664 57344 65920 98560 131120 131168 131264 139280 172032 196736 229376
1 7 8197 8204 8216 17920 19456 20481 22528 24577 40976 57344 65584 65632 65728 98320 114688 131456 131840 147968 196736 212992
1 7 8197 8204 8216 17920 19456 20481 22528 24577 40976 57344 65584 65632 98320 114688 131264 131456 131840 147968 196672 212992
1 7 8197 8204 8216 17920 19456 20481 22528 24577 40976 57344 65728 65920 66304 82432 98368 114688 131120 131168 163856 163904
1 7 8197 8204 8216 17920 19456 20481 22528 24577 40976 57344 65728 65920 66304 82432 114688 131120 131168 163856 196672 229376
1 7 8197 8204 8216 17920 19456 20481 22528 24577 40976 57344 65920 66304 82432 98432 114688 131120 131168 131264 163856 163968
1 7 8197 8204 8216 17920 19456 20481 22528 24577 40976 57344 65920 66304 82432 114688 131120 131168 131264 163856 196736 229376
1 7 8197 8204 8216 17920 19456 20481 22528 24577 49664 57344 65728 65920 66304 98368 98816 131120 131168 139280 163904 172032
1 7 8197 8204 8216 17920 19456 20481 22528 24577 49664 57344 65728 65920 66304 98816 106496 131120 131168 139280 196672 204800
1 7 8197 8204 8216 17920 19456 20481 22528 24577 49664 57344 65728 65920 66304 98816 131120 131168 139280 172032 196672 229376
1 7 8197 8204 8216 17920 19456 20481 22528 24577 49664 57344 65920 66304 98432 98816 131120 131168 131264 139280 163968 172032
1 7 8197 8204 8216 17920 19456 20481 22528 24577 49664 57344 65920 66304 98816 106496 131120 131168 131264 139280 196736 204800
1 7 8197 8204 8216 17920 19456 20481 22528 24577 49664 57344 65920 66304 98816 131120 131168 131264 139280 172032 196736 229376
1 7 8197 8204 8216 17920 19456 20481 22528 24577 57344 65584 65632 65728 73744 106496 114688 131456 131840 147968 196736 212992
1 7 8197 8204 8216 17920 19456 20481 22528 24577 57344 65584 65632 73744 106496 114688 131264 131456 131840 147968 196672 212992
1 7 8197 8204 8216 17920 19456 20481 22528 24577 57344 65728 65920 66304 82432 98368 114688 131120 131168 139280 163904 172032
1 7 8197 8204 8216 17920 19456 20481 22528 24577 57344 65728 65920 66304 82432 106496 114688 131120 131168 139280 196672 204800
1 7 8197 8204 8216 17920 19456 20481 22528 24577 57344 65728 65920 66304 82432 114688 131120 131168 139280 172032 196672 229376
1 7 8197 8204 8216 17920 19456 20481 22528 24577 57344 65920 66304 82432 98432 114688 131120 131168 131264 139280 163968 172032
1 7 8197 8204 8216 17920 19456 20481 22528 24577 57344 65920 66304 82432 106496 114688 131120 131168 131264 139280 196736 204800
1 7 8197 8204 8216 17920 19456 20481 22528 24577 57344 65920 66304 82432 114688 131120 131168 131264 139280 172032 196736 229376
1 7 8197 8204 8216 17920 19456 20481 24577 32816 32864 32960 40976 57344 65920 66304 82432 98432 114688 137216 149504 151552
1 7 8197 8204 8216 17920 19456 20481 24577 32816 32864 40976 57344 65728 65920 66304 82432 98368 114688 137216 149504 151552
1 7 8197 8204 8216 17920 19456 20481 24577 32960 33152 33536 49664 57344 65584 65632 73744 98368 106496 137216 149504 151552
1 7 8197 8204 8216 17920 19456 20481 24577 33152 33536 49664 57344 65584 65632 65728 73744 98432 106496 137216 149504 151552
1 7 8197 8204 8216 17920 19456 22528 24577 32816 32864 32960 40976 57344 65920 66304 82432 98432 114688 135169 147457 151552
1 7 8197 8204 8216 17920 19456 22528 24577 32816 32864 40976 57344 65728 65920 66304 82432 98368 114688 135169 147457 151552
1 7 8197 8204 8216 17920 19456 22528 24577 32960 33152 33536 49664 57344 65584 65632 73744 98368 106496 135169 147457 151552
1 7 8197 8204 8216 17920 19456 22528 24577 33152 33536 49664 57344 65584 65632 65728 73744 98432 106496 135169 147457 151552
1 7 8197 8204 8216 17920 19456 24577 32816 32864 32960 40976 57344 65920 66304 82432 98432 114688 135169 137216 147457 149504
1 7 8197 8204 8216 17920 19456 24577 32816 32864 40976 57344 65728 65920 66304 82432 98368 114688 135169 137216 147457 149504
1 7 8197 8204 8216 17920 19456 24577 32960 33152 33536 49664 57344 65584 65632 73744 98368 106496 135169 137216 147457 149504
1 7 8197 8204 8216 17920 19456 24577 33152 33536 49664 57344 65584 65632 65728 73744 98432 106496 135169 137216 147457 149504
1 7 8197 8204 8216 17920 20481 21504 24577 32816 32864 32960 40976 57344 65920 66304 82432 98432 114688 134144 136192 137216
1 7 8197 8204 8216 17920 20481 21504 24577 33152 33536 49664 57344 65584 65632 65728 73744 98432 106496 134144 136192 137216
1 7 8197 8204 8216 17920 20481 22528 24577 32816 32864 32960 40976 57344 65920 66304 82432 98432 114688 134144 148480 149504
1 7 8197 8204 8216 17920 20481 22528 24577 32816 32864 40976 57344 65728 65920 66304 82432 98368 114688 134144 148480 149504
1 7 8197 8204 8216 17920 20481 22528 24577 32960 33152 33536 49664 57344 65584 65632 73744 98368 106496 134144 148480 149504
1 7 8197 8204 8216 17920 20481 22528 24577 33152 33536 49664 57344 65584 65632 65728 73744 98432 106496 134144 148480 149504
1 7 8197 8204 8216 17920 20481 24577 32816 32864 32960 40976 57344 65920 66304 82432 98432 114688 134144 137216 148480 151552
1 7 8197 8204 8216 17920 20481 24577 32816 32864 40976 57344 65728 65920 66304 82432 98368 114688 134144 137216 148480 151552
1 7 8197 8204 8216 17920 20481 24577 32960 33152 33536 49664 57344 65584 65632 73744 98368 106496 134144 137216 148480 151552
1 7 8197 8204 8216 17920 20481 24577 33152 33536 49664 57344 65584 65632 65728 73744 98432 106496 134144 137216 148480 151552
1 7 8197 8204 8216 17920 24577 32816 32864 32960 40976 57344 65920 66304 82432 98432 114688 134144 135169 137216 147457 148480
1 7 8197 8204 8216 17920 24577 32816 32864 40976 57344 65728 65920 66304 82432 98368 114688 134144 135169 137216 147457 148480
1 7 8197 8204 8216 17920 24577 32960 33152 33536 49664 57344 65584 65632 73744 98368 106496 134144 135169 137216 147457 148480
1 7 8197 8204 8216 17920 24577 33152 33536 49664 57344 65584 65632 65728 73744 98432 106496 134144 135169 137216 147457 148480
1 7 8197 8204 8216 18433 19456 24577 32816 32864 32960 40976 57344 65920 66304 67072 82944 98432 114688 133121 135169 137216
1 7 8197 8204 8216 18433 19456 24577 33152 33536 34304 50176 57344 65584 65632 65728 73744 98432 106496 133121 135169 137216
1 7 8197 8204 8216 18944 20481 22528 24577 32816 32864 32960 40976 57344 65920 66304 82432 98432 114688 132608 133632 134144
1 7 8197 8204 8216 18944 20481 22528 24577 32816 32864 40976 57344 65728 65920 66304 82432 98368 114688 132608 133632 134144
1 7 8197 8204 8216 18944 20481 22528 24577 32960 33152 33536 49664 57344 65584 65632 73744 98368 106496 132608 133632 134144
1 7 8197 8204 8216 18944 20481 22528 24577 33152 33536 49664 57344 65584 65632 65728 73744 98432 106496 132608 133632 134144
1 7 8197 8204 8216 19456 20481 22528 24577 32816 32864 32960 33152 40976 57344 66304 67072 82944 114688 164096 196864 229376
1 7 8197 8204 8216 19456 20481 22528 24577 32816 32864 32960 33152 40976 57344 66304 67072 98560 114688 148480 197632 212992
1 7 8197 8204 8216 19456 20481 22528 24577 32816 32864 32960 33152 40976 57344 66304 82944 98560 114688 132608 197120 197632
1 7 8197 8204 8216 19456 20481 22528 24577 32816 32864 32960 33152 40976 57344 66304 98560 114688 132608 148480 197120 212992
1 7 8197 8204 8216 19456 20481 22528 24577 32816 32864 32960 33152 40976 57344 66816 82944 98560 114688 131840 132352 132608
1 7 8197 8204 8216 19456 20481 22528 24577 32816 32864 32960 33152 40976 57344 67072 82944 98560 114688 131840 196864 197120
1 7 8197 8204 8216 19456 20481 22528 24577 32816 32864 32960 33152 40976 57344 67072 82944 114688 131840 164096 197120 229376
1 7 8197 8204 8216 19456 20481 22528 24577 32816 32864 32960 33152 40976 57344 82944 98560 114688 131840 132608 196864 197632
1 7 8197 8204 8216 19456 20481 22528 24577 32816 32864 32960 33152 40976 57344 82944 114688 131840 132608 164096 197632 229376
1 7 8197 8204 8216 19456 20481 22528 24577 32816 32864 32960 33152 40976 57344 98560 114688 131840 132608 148480 196864 212992
1 7 8197 8204 8216 19456 20481 22528 24577 32816 32864 32960 33152 40976 57344 114688 131840 132608 148480 164096 212992 229376
1 7 8197 8204 8216 19456 20481 22528 24577 32816 32864 32960 33152 57344 66304 67072 82944 98560 114688 139280 163856 172032
1 7 8197 8204 8216 19456 20481 22528 24577 32816 32864 32960 40976 57344 65920 66304 67072 82944 114688 163968 196736 229376
1 7 8197 8204 8216 19456 20481 22528 24577 32816 32864 32960 40976 57344 65920 66304 67072 98432 114688 148480 197632 212992
1 7 8197 8204 8216 19456 20481 22528 24577 32816 32864 32960 40976 57344 65920 66304 82432 98432 114688 132608 147968 148480
1 7 8197 8204 8216 19456 20481 22528 24577 32816 32864 32960 40976 57344 65920 66304 82944 98432 114688 132608 197120 197632
1 7 8197 8204 8216 19456 20481 22528 24577 32816 32864 32960 40976 57344 65920 66304 98432 114688 132608 148480 197120 212992
1 7 8197 8204 8216 19456 20481 22528 24577 32816 32864 32960 40976 57344 65920 66816 82944 98432 114688 131840 132352 132608
1 7 8197 8204 8216 19456 20481 22528 24577 32816 32864 32960 40976 57344 65920 67072 82944 98432 114688 131840 196864 197120
1 7 8197 8204 8216 19456 20481 22528 24577 32816 32864 32960 40976 57344 65920 82944 98432 114688 131840 132608 196864 197632
1 7 8197 8204 8216 19456 20481 22528 24577 32816 32864 32960 40976 57344 65920 98432 114688 131840 132608 148480 196864 212992
1 7 8197 8204 8216 19456 20481 22528 24577 32816 32864 32960 40976 57344 66176 67072 82944 98432 114688 131456 131712 131840
1 7 8197 8204 8216 19456 20481 22528 24577 32816 32864 32960 40976 57344 66304 67072 82944 98432 114688 131456 196736 196864
1 7 8197 8204 8216 19456 20481 22528 24577 32816 32864 32960 40976 57344 66304 67072 82944 98560 114688 131456 163968 164096
1 7 8197 8204 8216 19456 20481 22528 24577 32816 32864 32960 40976 57344 66304 67072 82944 114688 131456 163968 196864 229376
1 7 8197 8204 8216 19456 20481 22528 24577 32816 32864 32960 40976 57344 67072 82944 98432 114688 131456 131840 196736 197120
1 7 8197 8204 8216 19456 20481 22528 24577 32816 32864 32960 40976 57344 67072 82944 114688 131456 131840 163968 197120 229376
1 7 8197 8204 8216 19456 20481 22528 24577 32816 32864 32960 40976 57344 82944 98432 114688 131456 131840 132608 196736 197632
1 7 8197 8204 8216 19456 20481 22528 24577 32816 32864 32960 40976 57344 82944 114688 131456 131840 132608 163968 197632 229376
1 7 8197 8204 8216 19456 20481 22528 24577 32816 32864 32960 40976 57344 98432 114688 131456 131840 132608 148480 196736 212992
1 7 8197 8204 8216 19456 20481 22528 24577 32816 32864 32960 40976 57344 114688 131456 131840 132608 148480 163968 212992 229376
1 7 8197 8204 8216 19456 20481 22528 24577 32816 32864 32960 57344 65920 66304 67072 82944 98432 114688 139280 163856 172032
1 7 8197 8204 8216 19456 20481 22528 24577 32816 32864 33088 40976 57344 66304 67072 82944 98560 114688 131264 131392 131456
1 7 8197 8204 8216 19456 20481 22528 24577 32816 32864 33152 40976 57344 66304 67072 82944 98560 114688 131264 163904 163968
1 7 8197 8204 8216 19456 20481 22528 24577 32816 32864 40976 57344 65728 65920 66304 82432 98368 114688 132608 147968 148480
1 7 8197 8204 8216 19456 20481 22528 24577 32816 32864 40976 57344 65728 65920 66304 98368 114688 132608 148480 197120 212992
1 7 8197 8204 8216 19456 20481 22528 24577 32816 32864 40976 57344 65728 65920 98368 114688 131840 132608 148480 196864 212992
1 7 8197 8204 8216 19456 20481 22528 24577 32816 32864 40976 57344 65728 98368 114688 131456 131840 132608 148480 196736 212992
1 7 8197 8204 8216 19456 20481 22528 24577 32816 32864 40976 57344 65920 66304 67072 82944 98432 114688 131264 163904 163968
1 7 8197 8204 8216 19456 20481 22528 24577 32816 32864 40976 57344 65920 66304 67072 82944 114688 131264 163904 196736 229376
1 7 8197 8204 8216 19456 20481 22528 24577 32816 32864 40976 57344 66304 67072 82944 98560 114688 131264 131456 163904 164096
1 7 8197 8204 8216 19456 20481 22528 24577 32816 32864 40976 57344 66304 67072 82944 114688 131264 131456 163904 196864 229376
1 7 8197 8204 8216 19456 20481 22528 24577 32816 32864 40976 57344 67072 82944 114688 131264 131456 131840 163904 197120 229376
1 7 8197 8204 8216 19456 20481 22528 24577 32816 32928 33152 40976 57344 66304 67072 82944 98560 114688 131168 131232 131264
1 7 8197 8204 8216 19456 20481 22528 24577 32816 32928 40976 57344 65920 66304 67072 82944 98432 114688 131168 131232 131264
1 7 8197 8204 8216 19456 20481 22528 24577 32816 32960 33152 40976 57344 66304 67072 82944 98560 114688 131168 163872 163904
1 7 8197 8204 8216 19456 20481 22528 24577 32816 32960 40976 57344 65920 66304 67072 82944 98432 114688 131168 163872 163904
1 7 8197 8204 8216 19456 20481 22528 24577 32816 33152 40976 57344 66304 67072 82944 98560 114688 131168 131264 163872 163968
1 7 8197 8204 8216 19456 20481 22528 24577 32816 40976 57344 65632 65728 65920 98336 114688 131840 132608 148480 196864 212992
1 7 8197 8204 8216 19456 20481 22528 24577 32816 40976 57344 65632 65728 98336 114688 131456 131840 132608 148480 196736 212992
1 7 8197 8204 8216 19456 20481 22528 24577 32816 40976 57344 65920 66304 67072 82944 98432 114688 131168 131264 163872 163968
1 7 8197 8204 8216 19456 20481 22528 24577 32816 40976 57344 65920 66304 67072 82944 114688 131168 131264 163872 196736 229376
1 7 8197 8204 8216 19456 20481 22528 24577 32816 40976 57344 66304 67072 82944 98560 114688 131168 131264 131456 163872 164096
1 7 8197 8204 8216 19456 20481 22528 24577 32816 40976 57344 66304 67072 82944 114688 131168 131264 131456 163872 196864 229376
1 7 8197 8204 8216 19456 20481 22528 24577 32848 32960 33152 40976 57344 66304 67072 82944 98560 114688 131120 131152 131168
1 7 8197 8204 8216 19456 20481 22528 24577 32848 32960 40976 57344 65920 66304 67072 82944 98432 114688 131120 131152 131168
1 7 8197 8204 8216 19456 20481 22528 24577 32864 32960 33152 40976 57344 66304 67072 82944 98560 114688 131120 163856 163872
1 7 8197 8204 8216 19456 20481 22528 24577 32864 32960 33152 57344 66304 67072 82944 98560 114688 131120 139280 163872 172032
1 7 8197 8204 8216 19456 20481 22528 24577 32864 32960 40976 57344 65920 66304 67072 82944 98432 114688 131120 163856 163872
1 7 8197 8204 8216 19456 20481 22528 24577 32864 32960 57344 65920 66304 67072 82944 98432 114688 131120 139280 163872 172032
1 7 8197 8204 8216 19456 20481 22528 24577 32960 33152 33536 49664 57344 65584 65632 73744 98368 106496 132608 147968 148480
1 7 8197 8204 8216 19456 20481 22528 24577 32960 33152 33536 57344 67072 82944 98816 114688 131120 131168 139280 163904 172032
1 7 8197 8204 8216 19456 20481 22528 24577 32960 33152 40976 57344 66304 67072 82944 98560 114688 131120 131168 163856 163904
1 7 8197 8204 8216 19456 20481 22528 24577 32960 33152 57344 66304 67072 82944 98560 114688 131120 131168 139280 163904 172032
1 7 8197 8204 8216 19456 20481 22528 24577 32960 40976 57344 65920 66304 67072 82944 98432 114688 131120 131168 163856 163904
1 7 8197 8204 8216 19456 20481 22528 24577 32960 57344 65920 66304 67072 82944 98432 114688 131120 131168 139280 163904 172032
1 7 8197 8204 8216 19456 20481 22528 24577 33152 33536 34304 50176 57344 65584 65632 65728 73744 98432 172032 204800 229376
1 7 8197 8204 8216 19456 20481 22528 24577 33152 33536 34304 50176 57344 65584 65632 65728 98432 106496 139280 196624 204800
1 7 8197 8204 8216 19456 20481 22528 24577 33152 33536 34304 50176 57344 65584 65632 65728 98432 139280 172032 196624 229376
1 7 8197 8204 8216 19456 20481 22528 24577 33152 33536 34304 50176 57344 65584 65632 73744 98432 106496 131264 196672 196736
1 7 8197 8204 8216 19456 20481 22528 24577 33152 33536 34304 50176 57344 65584 65696 73744 98432 106496 131168 131232 131264
1 7 8197 8204 8216 19456 20481 22528 24577 33152 33536 34304 50176 57344 65584 65728 73744 98432 106496 131168 196640 196672
1 7 8197 8204 8216 19456 20481 22528 24577 33152 33536 34304 50176 57344 65584 73744 98432 106496 131168 131264 196640 196736
1 7 8197 8204 8216 19456 20481 22528 24577 33152 33536 34304 50176 57344 65616 65728 73744 98432 106496 131120 131152 131168
1 7 8197 8204 8216 19456 20481 22528 24577 33152 33536 34304 50176 57344 65632 65728 73744 98432 106496 131120 196624 196640
1 7 8197 8204 8216 19456 20481 22528 24577 33152 33536 34304 50176 57344 65632 65728 98432 106496 131120 139280 196640 204800
1 7 8197 8204 8216 19456 20481 22528 24577 33152 33536 34304 50176 57344 65632 65728 98432 131120 139280 172032 196640 229376
1 7 8197 8204 8216 19456 20481 22528 24577 33152 33536 34304 50176 57344 65728 73744 98432 106496 131120 131168 196624 196672
1 7 8197 8204 8216 19456 20481 22528 24577 33152 33536 34304 50176 57344 65728 98432 106496 131120 131168 139280 196672 204800
1 7 8197 8204 8216 19456 20481 22528 24577 33152 33536 34304 50176 57344 65728 98432 131120 131168 139280 172032 196672 229376
1 7 8197 8204 8216 19456 20481 22528 24577 33152 33536 34304 50176 57344 73744 98432 106496 131120 131168 131264 196624 196736
1 7 8197 8204 8216 19456 20481 22528 24577 33152 33536 34304 50176 57344 98432 106496 131120 131168 131264 139280 196736 204800
1 7 8197 8204 8216 19456 20481 22528 24577 33152 33536 34304 50176 57344 98432 131120 131168 131264 139280 172032 196736 229376
1 7 8197 8204 8216 19456 20481 22528 24577 33152 33536 34304 57344 82944 99328 114688 131120 131168 131264 139280 163968 172032
1 7 8197 8204 8216 19456 20481 22528 24577 33152 33536 49664 57344 65584 65632 65728 73744 98432 106496 132608 147968 148480
1 7 8197 8204 8216 19456 20481 22528 24577 33152 33536 50176 57344 67072 98816 99328 131120 131168 131264 139280 163968 172032
1 7 8197 8204 8216 19456 20481 22528 24577 33152 33536 57344 67072 82944 98816 114688 131120 131168 131264 139280 163968 172032
1 7 8197 8204 8216 19456 20481 22528 24577 33152 34048 50176 57344 66304 66816 67072 131120 131168 131264 139280 163968 172032
1 7 8197 8204 8216 19456 20481 22528 24577 33152 34304 50176 57344 66304 98560 98816 131120 131168 131264 139280 163968 172032
1 7 8197 8204 8216 19456 20481 22528 24577 33152 40976 57344 66304 67072 82944 98560 114688 131120 131168 131264 163856 163968
1 7 8197 8204 8216 19456 20481 22528 24577 33152 50176 57344 66304 67072 98560 99328 131120 131168 131264 139280 163968 172032
1 7 8197 8204 8216 19456 20481 22528 24577 33152 57344 66304 67072 82944 98560 114688 131120 131168 131264 139280 163968 172032
1 7 8197 8204 8216 19456 20481 22528 24577 33408 34304 50176 57344 65584 65632 65728 73744 98432 106496 131456 131712 131840
1 7 8197 8204 8216 19456 20481 22528 24577 33536 34304 50176 57344 65584 65632 65728 65920 73744 98560 172032 204800 229376
1 7 8197 8204 8216 19456 20481 22528 24577 33536 34304 50176 57344 65584 65632 65728 65920 98560 106496 139280 196624 204800
1 7 8197 8204 8216 19456 20481 22528 24577 33536 34304 50176 57344 65584 65632 65728 65920 98560 139280 172032 196624 229376
1 7 8197 8204 8216 19456 20481 22528 24577 33536 34304 50176 57344 65584 65632 65728 73744 98560 106496 131456 196736 196864
1 7 8197 8204 8216 19456 20481 22528 24577 33536 34304 50176 57344 65584 65632 65856 73744 98560 106496 131264 131392 131456
1 7 8197 8204 8216 19456 20481 22528 24577 33536 34304 50176 57344 65584 65632 65920 73744 98560 106496 131264 196672 196736
1 7 8197 8204 8216 19456 20481 22528 24577 33536 34304 50176 57344 65584 65632 73744 98560 106496 131264 131456 196672 196864
1 7 8197 8204 8216 19456 20481 22528 24577 33536 34304 50176 57344 65584 65696 65920 73744 98560 106496 131168 131232 131264
1 7 8197 8204 8216 19456 20481 22528 24577 33536 34304 50176 57344 65584 65728 65920 73744 98560 106496 131168 196640 196672
1 7 8197 8204 8216 19456 20481 22528 24577 33536 34304 50176 57344 65584 65920 73744 98560 106496 131168 131264 196640 196736
1 7 8197 8204 8216 19456 20481 22528 24577 33536 34304 50176 57344 65584 73744 98560 106496 131168 131264 131456 196640 196864
1 7 8197 8204 8216 19456 20481 22528 24577 33536 34304 50176 57344 65616 65728 65920 73744 98560 106496 131120 131152 131168
1 7 8197 8204 8216 19456 20481 22528 24577 33536 34304 50176 57344 65632 65728 65920 73744 98560 106496 131120 196624 196640
1 7 8197 8204 8216 19456 20481 22528 24577 33536 34304 50176 57344 65632 65728 65920 98560 106496 131120 139280 196640 204800
1 7 8197 8204 8216 19456 20481 22528 24577 33536 34304 50176 57344 65632 65728 65920 98560 131120 139280 172032 196640 229376
1 7 8197 8204 8216 19456 20481 22528 24577 33536 34304 50176 57344 65728 65920 73744 98560 106496 131120 131168 196624 196672
1 7 8197 8204 8216 19456 20481 22528 24577 33536 34304 50176 57344 65728 65920 98560 106496 131120 131168 139280 196672 204800
1 7 8197 8204 8216 19456 20481 22528 24577 33536 34304 50176 57344 65728 65920 98560 131120 131168 139280 172032 196672 229376
1 7 8197 8204 8216 19456 20481 22528 24577 33536 34304 50176 57344 65920 73744 98560 106496 131120 131168 131264 196624 196736
1 7 8197 8204 8216 19456 20481 22528 24577 33536 34304 50176 57344 65920 98432 98560 131120 131168 131264 139280 163968 172032
1 7 8197 8204 8216 19456 20481 22528 24577 33536 34304 50176 57344 65920 98560 106496 131120 131168 131264 139280 196736 204800
1 7 8197 8204 8216 19456 20481 22528 24577 33536 34304 50176 57344 65920 98560 131120 131168 131264 139280 172032 196736 229376
1 7 8197 8204 8216 19456 20481 22528 24577 33536 34304 50176 57344 73744 98560 106496 131120 131168 131264 131456 196624 196864
1 7 8197 8204 8216 19456 20481 22528 24577 33536 34304 50176 57344 98560 106496 131120 131168 131264 131456 139280 196864 204800
1 7 8197 8204 8216 19456 20481 22528 24577 33536 34304 50176 57344 98560 131120 131168 131264 131456 139280 172032 196864 229376
1 7 8197 8204 8216 19456 20481 22528 24577 33536 34304 57344 82944 99328 114688 131120 131168 131264 131456 139280 164096 172032
1 7 8197 8204 8216 19456 20481 22528 24577 33536 50176 57344 67072 98816 99328 131120 131168 131264 131456 139280 164096 172032
1 7 8197 8204 8216 19456 20481 22528 24577 33536 57344 67072 82944 98816 114688 131120 131168 131264 131456 139280 164096 172032
1 7 8197 8204 8216 19456 20481 22528 24577 34048 50176 57344 66304 66816 67072 131120 131168 131264 131456 139280 164096 172032
1 7 8197 8204 8216 19456 20481 22528 24577 34304 50176 57344 65728 65920 66304 98816 106496 131120 131168 139280 196672 204800
1 7 8197 8204 8216 19456 20481 22528 24577 34304 50176 57344 65728 65920 66304 98816 131120 131168 139280 172032 196672 229376
1 7 8197 8204 8216 19456 20481 22528 24577 34304 50176 57344 65920 66304 98432 98816 131120 131168 131264 139280 163968 172032
1 7 8197 8204 8216 19456 20481 22528 24577 34304 50176 57344 65920 66304 98816 106496 131120 131168 131264 139280 196736 204800
1 7 8197 8204 8216 19456 20481 22528 24577 34304 50176 57344 65920 66304 98816 131120 131168 131264 139280 172032 196736 229376
1 7 8197 8204 8216 19456 20481 22528 24577 34304 50176 57344 66304 98560 98816 131120 131168 131264 131456 139280 164096 172032
1 7 8197 8204 8216 19456 20481 22528 24577 34304 50176 57344 66304 98816 106496 131120 131168 131264 131456 139280 196864 204800
1 7 8197 8204 8216 19456 20481 22528 24577 34304 50176 57344 66304 98816 131120 131168 131264 131456 139280 172032 196864 229376
1 7 8197 8204 8216 19456 20481 22528 24577 40976 57344 65584 65632 65728 65920 98320 114688 131840 132608 148480 196864 212992
1 7 8197 8204 8216 19456 20481 22528 24577 40976 57344 65584 65632 65728 98320 114688 131456 131840 132608 148480 196736 212992
1 7 8197 8204 8216 19456 20481 22528 24577 40976 57344 65920 66304 67072 82944 98432 114688 131120 131168 131264 163856 163968
1 7 8197 8204 8216 19456 20481 22528 24577 40976 57344 65920 66304 67072 82944 114688 131120 131168 131264 163856 196736 229376
1 7 8197 8204 8216 19456 20481 22528 24577 40976 57344 66304 67072 82944 98560 114688 131120 131168 131264 131456 163856 164096
1 7 8197 8204 8216 19456 20481 22528 24577 40976 57344 66304 67072 82944 114688 131120 131168 131264 131456 163856 196864 229376
1 7 8197 8204 8216 19456 20481 22528 24577 50176 57344 65920 66304 67072 98432 99328 131120 131168 131264 139280 163968 172032
1 7 8197 8204 8216 19456 20481 22528 24577 50176 57344 65920 66304 67072 99328 106496 131120 131168 131264 139280 196736 204800
1 7 8197 8204 8216 19456 20481 22528 24577 50176 57344 65920 66304 67072 99328 131120 131168 131264 139280 172032 196736 229376
1 7 8197 8204 8216 19456 20481 22528 24577 50176 57344 66304 67072 98560 99328 131120 131168 131264 131456 139280 164096 172032
1 7 8197 8204 8216 19456 20481 22528 24577 50176 57344 66304 67072 99328 106496 131120 131168 131264 131456 139280 196864 204800
1 7 8197 8204 8216 19456 20481 22528 24577 50176 57344 66304 67072 99328 131120 131168 131264 131456 139280 172032 196864 229376
1 7 8197 8204 8216 19456 20481 22528 24577 57344 65584 65632 65728 65920 73744 106496 114688 131840 132608 148480 196864 212992
1 7 8197 8204 8216 19456 20481 22528 24577 57344 65584 65632 65728 73744 106496 114688 131456 131840 132608 148480 196736 212992
1 7 8197 8204 8216 19456 20481 22528 24577 57344 65920 66304 67072 82944 98432 114688 131120 131168 131264 139280 163968 172032
1 7 8197 8204 8216 19456 20481 22528 24577 57344 65920 66304 67072 82944 106496 114688 131120 131168 131264 139280 196736 204800
1 7 8197 8204 8216 19456 20481 22528 24577 57344 65920 66304 67072 82944 114688 131120 131168 131264 139280 172032 196736 229376
1 7 8197 8204 8216 19456 20481 22528 24577 57344 66304 67072 82944 98560 114688 131120 131168 131264 131456 139280 164096 172032
1 7 8197 8204 8216 19456 20481 22528 24577 57344 66304 67072 82944 106496 114688 131120 131168 131264 131456 139280 196864 204800
1 7 8197 8204 8216 19456 20481 22528 24577 57344 66304 67072 82944 114688 131120 131168 131264 131456 139280 172032 196864 229376
1 7 8197 8204 8216 19456 20481 24577 32816 32864 32960 33152 40976 57344 66304 67072 82944 98560 114688 137216 149504 151552
1 7 8197 8204 8216 19456 20481 24577 32816 32864 32960 40976 57344 65920 66304 67072 82944 98432 114688 137216 149504 151552
1 7 8197 8204 8216 19456 20481 24577 33152 33536 34304 50176 57344 65584 65632 65728 73744 98432 106496 137216 149504 151552
1 7 8197 8204 8216 19456 20481 24577 33536 34304 50176 57344 65584 65632 65728 65920 73744 98560 106496 137216 149504 151552
1 7 8197 8204 8216 19456 22528 24577 32816 32864 32960 33152 40976 57344 66304 67072 82944 98560 114688 135169 147457 151552
1 7 8197 8204 8216 19456 22528 24577 32816 32864 32960 40976 57344 65920 66304 67072 82944 98432 114688 135169 147457 151552
1 7 8197 8204 8216 19456 22528 24577 33152 33536 34304 50176 57344 65584 65632 65728 73744 98432 106496 135169 147457 151552
1 7 8197 8204 8216 19456 22528 24577 33536 34304 50176 57344 65584 65632 65728 65920 73744 98560 106496 135169 147457 151552
1 7 8197 8204 8216 19456 24577 32816 32864 32960 33152 40976 57344 66304 67072 82944 98560 114688 135169 137216 147457 149504
1 7 8197 8204 8216 19456 24577 32816 32864 32960 40976 57344 65920 66304 67072 82944 98432 114688 135169 137216 147457 149504
1 7 8197 8204 8216 19456 24577 33152 33536 34304 50176 57344 65584 65632 65728 73744 98432 106496 135169 137216 147457 149504
1 7 8197 8204 8216 19456 24577 33536 34304 50176 57344 65584 65632 65728 65920 73744 98560 106496 135169 137216 147457 149504
1 7 8197 8204 8216 20481 21504 24577 32816 32864 32960 40976 57344 65920 66304 67072 82944 98432 114688 134144 136192 137216
1 7 8197 8204 8216 20481 21504 24577 33152 33536 34304 50176 57344 65584 65632 65728 73744 98432 106496 134144 136192 137216
1 7 8197 8204 8216 20481 22528 24577 32816 32864 32960 33152 40976 57344 66304 67072 68608 83968 114688 164096 196864 229376
1 7 8197 8204 8216 20481 22528 24577 32816 32864 32960 33152 40976 57344 66304 67072 68608 98560 114688 149504 198656 212992
1 7 8197 8204 8216 20481 22528 24577 32816 32864 32960 33152 40976 57344 66304 67072 82944 98560 114688 134144 148480 149504
1 7 8197 8204 8216 20481 22528 24577 32816 32864 32960 33152 40976 57344 66304 67072 83968 98560 114688 134144 197632 198656
1 7 8197 8204 8216 20481 22528 24577 32816 32864 32960 33152 40976 57344 66304 67072 98560 114688 134144 149504 197632 212992
1 7 8197 8204 8216 20481 22528 24577 32816 32864 32960 33152 40976 57344 66304 68608 83968 98560 114688 132608 197120 197632
1 7 8197 8204 8216 20481 22528 24577 32816 32864 32960 33152 40976 57344 66304 83968 98560 114688 132608 134144 197120 198656
1 7 8197 8204 8216 20481 22528 24577 32816 32864 32960 33152 40976 57344 66304 98560 114688 132608 134144 149504 197120 212992
1 7 8197 8204 8216 20481 22528 24577 32816 32864 32960 33152 40976 57344 66816 68608 83968 98560 114688 131840 132352 132608
1 7 8197 8204 8216 20481 22528 24577 32816 32864 32960 33152 40976 57344 67072 68608 83968 98560 114688 131840 196864 197120
1 7 8197 8204 8216 20481 22528 24577 32816 32864 32960 33152 40976 57344 67072 68608 83968 114688 131840 164096 197120 229376
1 7 8197 8204 8216 20481 22528 24577 32816 32864 32960 33152 40976 57344 68608 83968 98560 114688 131840 132608 196864 197632
1 7 8197 8204 8216 20481 22528 24577 32816 32864 32960 33152 40976 57344 68608 83968 114688 131840 132608 164096 197632 229376
1 7 8197 8204 8216 20481 22528 24577 32816 32864 32960 33152 40976 57344 83968 98560 114688 131840 132608 134144 196864 198656
1 7 8197 8204 8216 20481 22528 24577 32816 32864 32960 33152 40976 57344 83968 114688 131840 132608 134144 164096 198656 229376
1 7 8197 8204 8216 20481 22528 24577 32816 32864 32960 33152 40976 57344 98560 114688 131840 132608 134144 149504 196864 212992
1 7 8197 8204 8216 20481 22528 24577 32816 32864 32960 33152 40976 57344 114688 131840 132608 134144 149504 164096 212992 229376
1 7 8197 8204 8216 20481 22528 24577 32816 32864 32960 33152 57344 66304 67072 68608 83968 98560 114688 139280 163856 172032
1 7 8197 8204 8216 20481 22528 24577 32816 32864 32960 40976 57344 65920 66304 67072 82944 98432 114688 134144 148480 149504
1 7 8197 8204 8216 20481 22528 24577 32816 32864 32960 40976 57344 65920 66304 67072 98432 114688 134144 149504 197632 212992
1 7 8197 8204 8216 20481 22528 24577 32816 32864 32960 40976 57344 65920 66304 82432 98432 114688 132608 134144 147968 149504
1 7 8197 8204 8216 20481 22528 24577 32816 32864 32960 40976 57344 65920 66304 98432 114688 132608 134144 149504 197120 212992
1 7 8197 8204 8216 20481 22528 24577 32816 32864 32960 40976 57344 65920 98432 114688 131840 132608 134144 149504 196864 212992
1 7 8197 8204 8216 20481 22528 24577 32816 32864 32960 40976 57344 66304 67072 68608 83968 98560 114688 131456 163968 164096
1 7 8197 8204 8216 20481 22528 24577 32816 32864 32960 40976 57344 66304 67072 68608 83968 114688 131456 163968 196864 229376
1 7 8197 8204 8216 20481 22528 24577 32816 32864 32960 40976 57344 67072 68608 83968 114688 131456 131840 163968 197120 229376
1 7 8197 8204 8216 20481 22528 24577 32816 32864 32960 40976 57344 68608 83968 114688 131456 131840 132608 163968 197632 229376
1 7 8197 8204 8216 20481 22528 24577 32816 32864 33088 40976 57344 66304 67072 68608 83968 98560 114688 131264 131392 131456
1 7 8197 8204 8216 20481 22528 24577 32816 32864 33152 40976 57344 66304 67072 68608 83968 98560 114688 131264 163904 163968
1 7 8197 8204 8216 20481 22528 24577 32816 32864 40976 57344 65728 65920 66304 82432 98368 114688 132608 134144 147968 149504
1 7 8197 8204 8216 20481 22528 24577 32816 32864 40976 57344 65728 65920 66304 98368 114688 132608 134144 149504 197120 212992
1 7 8197 8204 8216 20481 22528 24577 32816 32864 40976 57344 65728 65920 98368 114688 131840 132608 134144 149504 196864 212992
1 7 8197 8204 8216 20481 22528 24577 32816 32864 40976 57344 66304 67072 68608 83968 98560 114688 131264 131456 163904 164096
1 7 8197 8204 8216 20481 22528 24577 32816 32864 40976 57344 66304 67072 68608 83968 114688 131264 131456 163904 196864 229376
1 7 8197 8204 8216 20481 22528 24577 32816 32864 40976 57344 67072 68608 83968 114688 131264 131456 131840 163904 197120 229376
1 7 8197 8204 8216 20481 22528 24577 32816 32960 33152 40976 57344 66304 67072 68608 83968 98560 114688 131168 163872 163904
1 7 8197 8204 8216 20481 22528 24577 32816 33152 40976 57344 66304 67072 68608 83968 98560 114688 131168 131264 163872 163968
1 7 8197 8204 8216 20481 22528 24577 32816 40976 57344 65632 65728 65920 98336 114688 131840 132608 134144 149504 196864 212992
1 7 8197 8204 8216 20481 22528 24577 32816 40976 57344 66304 67072 68608 83968 98560 114688 131168 131264 131456 163872 164096
1 7 8197 8204 8216 20481 22528 24577 32816 40976 57344 66304 67072 68608 83968 114688 131168 131264 131456 163872 196864 229376
1 7 8197 8204 8216 20481 22528 24577 32848 32960 33152 40976 57344 66304 67072 68608 83968 98560 114688 131120 131152 131168
1 7 8197 8204 8216 20481 22528 24577 32864 32960 33152 40976 57344 66304 67072 68608 83968 98560 114688 131120 163856 163872
1 7 8197 8204 8216 20481 22528 24577 32864 32960 33152 57344 66304 67072 68608 83968 98560 114688 131120 139280 163872 172032
1 7 8197 8204 8216 20481 22528 24577 32960 33152 33536 49664 57344 65584 65632 73744 98368 106496 132608 134144 147968 149504
1 7 8197 8204 8216 20481 22528 24577 32960 33152 33536 57344 67072 68608 83968 98816 114688 131120 131168 139280 163904 172032
1 7 8197 8204 8216 20481 22528 24577 32960 33152 40976 57344 66304 67072 68608 83968 98560 114688 131120 131168 163856 163904
1 7 8197 8204 8216 20481 22528 24577 32960 33152 57344 66304 67072 68608 83968 98560 114688 131120 131168 139280 163904 172032
1 7 8197 8204 8216 20481 22528 24577 33152 33536 34304 50176 57344 65584 65632 65728 73744 98432 106496 134144 148480 149504
1 7 8197 8204 8216 20481 22528 24577 33152 33536 34304 57344 68608 83968 99328 114688 131120 131168 131264 139280 163968 172032
1 7 8197 8204 8216 20481 22528 24577 33152 33536 49664 57344 65584 65632 65728 73744 98432 106496 132608 134144 147968 149504
1 7 8197 8204 8216 20481 22528 24577 33152 33536 57344 67072 68608 83968 98816 114688 131120 131168 131264 139280 163968 172032
1 7 8197 8204 8216 20481 22528 24577 33152 40976 57344 66304 67072 68608 83968 98560 114688 131120 131168 131264 163856 163968
1 7 8197 8204 8216 20481 22528 24577 33152 57344 66304 67072 68608 83968 98560 114688 131120 131168 131264 139280 163968 172032
1 7 8197 8204 8216 20481 22528 24577 33536 34304 35840 51200 57344 65584 65632 65728 65920 73744 98560 172032 204800 229376
1 7 8197 8204 8216 20481 22528 24577 33536 34304 35840 51200 57344 65584 65632 65728 65920 98560 106496 139280 196624 204800
1 7 8197 8204 8216 20481 22528 24577 33536 34304 35840 51200 57344 65584 65632 65728 65920 98560 139280 172032 196624 229376
1 7 8197 8204 8216 20481 22528 24577 33536 34304 35840 51200 57344 65584 65632 65728 73744 98560 106496 131456 196736 196864
1 7 8197 8204 8216 20481 22528 24577 33536 34304 35840 51200 57344 65584 65632 65856 73744 98560 106496 131264 131392 131456
1 7 8197 8204 8216 20481 22528 24577 33536 34304 35840 51200 57344 65584 65632 65920 73744 98560 106496 131264 196672 196736
1 7 8197 8204 8216 20481 22528 24577 33536 34304 35840 51200 57344 65584 65632 73744 98560 106496 131264 131456 196672 196864
1 7 8197 8204 8216 20481 22528 24577 33536 34304 35840 51200 57344 65584 65728 65920 73744 98560 106496 131168 196640 196672
1 7 8197 8204 8216 20481 22528 24577 33536 34304 35840 51200 57344 65584 65920 73744 98560 106496 131168 131264 196640 196736
1 7 8197 8204 8216 20481 22528 24577 33536 34304 35840 51200 57344 65584 73744 98560 106496 131168 131264 131456 196640 196864
1 7 8197 8204 8216 20481 22528 24577 33536 34304 35840 51200 57344 65616 65728 65920 73744 98560 106496 131120 131152 131168
1 7 8197 8204 8216 20481 22528 24577 33536 34304 35840 51200 57344 65632 65728 65920 73744 98560 106496 131120 196624 196640
1 7 8197 8204 8216 20481 22528 24577 33536 34304 35840 51200 57344 65632 65728 65920 98560 106496 131120 139280 196640 204800
1 7 8197 8204 8216 20481 22528 24577 33536 34304 35840 51200 57344 65632 65728 65920 98560 131120 139280 172032 196640 229376
1 7 8197 8204 8216 20481 22528 24577 33536 34304 35840 51200 57344 65728 65920 73744 98560 106496 131120 131168 196624 196672
1 7 8197 8204 8216 20481 22528 24577 33536 34304 35840 51200 57344 65728 65920 98560 106496 131120 131168 139280 196672 204800
1 7 8197 8204 8216 20481 22528 24577 33536 34304 35840 51200 57344 65728 65920 98560 131120 131168 139280 172032 196672 229376
1 7 8197 8204 8216 20481 22528 24577 33536 34304 35840 51200 57344 65920 73744 98560 106496 131120 131168 131264 196624 196736
1 7 8197 8204 8216 20481 22528 24577 33536 34304 35840 51200 57344 65920 98560 106496 131120 131168 131264 139280 196736 204800
1 7 8197 8204 8216 20481 22528 24577 33536 34304 35840 51200 57344 65920 98560 131120 131168 131264 139280 172032 196736 229376
1 7 8197 8204 8216 20481 22528 24577 33536 34304 35840 51200 57344 73744 98560 106496 131120 131168 131264 131456 196624 196864
1 7 8197 8204 8216 20481 22528 24577 33536 34304 35840 51200 57344 98560 106496 131120 131168 131264 131456 139280 196864 204800
1 7 8197 8204 8216 20481 22528 24577 33536 34304 35840 51200 57344 98560 131120 131168 131264 131456 139280 172032 196864 229376
1 7 8197 8204 8216 20481 22528 24577 33536 34304 35840 57344 83968 100352 114688 131120 131168 131264 131456 139280 164096 172032
1 7 8197 8204 8216 20481 22528 24577 33536 34304 50176 57344 65584 65632 65728 65920 73744 98560 106496 134144 148480 149504
1 7 8197 8204 8216 20481 22528 24577 33536 34304 51200 57344 68608 99328 100352 131120 131168 131264 131456 139280 164096 172032
1 7 8197 8204 8216 20481 22528 24577 33536 34304 57344 68608 83968 99328 114688 131120 131168 131264 131456 139280 164096 172032
1 7 8197 8204 8216 20481 22528 24577 33536 35840 51200 57344 67072 98816 99328 131120 131168 131264 131456 139280 164096 172032
1 7 8197 8204 8216 20481 22528 24577 33536 51200 57344 67072 68608 98816 100352 131120 131168 131264 131456 139280 164096 172032
1 7 8197 8204 8216 20481 22528 24577 33536 57344 67072 68608 83968 98816 114688 131120 131168 131264 131456 139280 164096 172032
1 7 8197 8204 8216 20481 22528 24577 34048 35840 51200 57344 65584 65632 65728 65920 73744 98560 106496 131840 132352 132608
1 7 8197 8204 8216 20481 22528 24577 34304 35840 51200 57344 65728 65920 66304 98816 106496 131120 131168 139280 196672 204800
1 7 8197 8204 8216 20481 22528 24577 34304 35840 51200 57344 65728 65920 66304 98816 131120 131168 139280 172032 196672 229376
1 7 8197 8204 8216 20481 22528 24577 34304 35840 51200 57344 65920 66304 98816 106496 131120 131168 131264 139280 196736 204800
1 7 8197 8204 8216 20481 22528 24577 34304 35840 51200 57344 65920 66304 98816 131120 131168 131264 139280 172032 196736 229376
1 7 8197 8204 8216 20481 22528 24577 34304 35840 51200 57344 66304 98560 98816 131120 131168 131264 131456 139280 164096 172032
1 7 8197 8204 8216 20481 22528 24577 34304 35840 51200 57344 66304 98816 106496 131120 131168 131264 131456 139280 196864 204800
1 7 8197 8204 8216 20481 22528 24577 34304 35840 51200 57344 66304 98816 131120 131168 131264 131456 139280 172032 196864 229376
1 7 8197 8204 8216 20481 22528 24577 35840 51200 57344 65920 66304 67072 99328 106496 131120 131168 131264 139280 196736 204800
1 7 8197 8204 8216 20481 22528 24577 35840 51200 57344 65920 66304 67072 99328 131120 131168 131264 139280 172032 196736 229376
1 7 8197 8204 8216 20481 22528 24577 35840 51200 57344 66304 67072 98560 99328 131120 131168 131264 131456 139280 164096 172032
1 7 8197 8204 8216 20481 22528 24577 35840 51200 57344 66304 67072 99328 106496 131120 131168 131264 131456 139280 196864 204800
1 7 8197 8204 8216 20481 22528 24577 35840 51200 57344 66304 67072 99328 131120 131168 131264 131456 139280 172032 196864 229376
1 7 8197 8204 8216 20481 22528 24577 40976 57344 65584 65632 65728 65920 98320 114688 131840 132608 134144 149504 196864 212992
1 7 8197 8204 8216 20481 22528 24577 40976 57344 66304 67072 68608 83968 98560 114688 131120 131168 131264 131456 163856 164096
1 7 8197 8204 8216 20481 22528 24577 40976 57344 66304 67072 68608 83968 114688 131120 131168 131264 131456 163856 196864 229376
1 7 8197 8204 8216 20481 22528 24577 51200 57344 66304 67072 68608 98560 100352 131120 131168 131264 131456 139280 164096 172032
1 7 8197 8204 8216 20481 22528 24577 51200 57344 66304 67072 68608 100352 106496 131120 131168 131264 131456 139280 196864 204800
1 7 8197 8204 8216 20481 22528 24577 51200 57344 66304 67072 68608 100352 131120 131168 131264 131456 139280 172032 196864 229376
1 7 8197 8204 8216 20481 22528 24577 57344 65584 65632 65728 65920 73744 106496 114688 131840 132608 134144 149504 196864 212992
1 7 8197 8204 8216 20481 22528 24577 57344 66304 67072 68608 83968 98560 114688 131120 131168 131264 131456 139280 164096 172032
1 7 8197 8204 8216 20481 22528 24577 57344 66304 67072 68608 83968 106496 114688 131120 131168 131264 131456 139280 196864 204800
1 7 8197 8204 8216 20481 22528 24577 57344 66304 67072 68608 83968 114688 131120 131168 131264 131456 139280 172032 196864 229376
1 7 8197 8204 8216 20481 24577 32816 32864 32960 33152 40976 57344 66304 67072 68608 83968 98560 114688 137216 149504 151552
1 7 8197 8204 8216 20481 24577 32816 32864 32960 33152 40976 57344 66304 67072 68608 98560 114688 137216 151552 198656 212992
1 7 8197 8204 8216 20481 24577 32816 32864 32960 33152 40976 57344 66304 67072 82944 98560 114688 134144 137216 148480 151552
1 7 8197 8204 8216 20481 24577 32816 32864 32960 33152 40976 57344 66304 67072 98560 114688 134144 137216 151552 197632 212992
1 7 8197 8204 8216 20481 24577 32816 32864 32960 33152 40976 57344 68608 71680 86016 114688 131840 132608 164096 197632 229376
1 7 8197 8204 8216 20481 24577 32816 32864 32960 33152 40976 57344 71680 86016 114688 131840 132608 134144 164096 198656 229376
1 7 8197 8204 8216 20481 24577 32816 32864 32960 40976 57344 65920 66304 67072 82944 98432 114688 134144 137216 148480 151552
1 7 8197 8204 8216 20481 24577 32816 32864 32960 40976 57344 65920 66304 67072 98432 114688 134144 137216 151552 197632 212992
1 7 8197 8204 8216 20481 24577 32816 32864 32960 40976 57344 65920 66304 82432 98432 114688 132608 134144 137216 147968 151552
1 7 8197 8204 8216 20481 24577 32816 32864 32960 40976 57344 65920 66304 98432 114688 132608 134144 137216 151552 197120 212992
1 7 8197 8204 8216 20481 24577 32816 32864 32960 40976 57344 67072 68608 71680 86016 114688 131456 131840 163968 197120 229376
1 7 8197 8204 8216 20481 24577 32816 32864 32960 40976 57344 68608 71680 86016 114688 131456 131840 132608 163968 197632 229376
1 7 8197 8204 8216 20481 24577 32816 32864 40976 57344 65728 65920 66304 82432 98368 114688 132608 134144 137216 147968 151552
1 7 8197 8204 8216 20481 24577 32816 32864 40976 57344 65728 65920 66304 98368 114688 132608 134144 137216 151552 197120 212992
1 7 8197 8204 8216 20481 24577 32816 32864 40976 57344 67072 68608 71680 86016 114688 131264 131456 131840 163904 197120 229376
1 7 8197 8204 8216 20481 24577 32960 33152 33536 49664 57344 65584 65632 73744 98368 106496 132608 134144 137216 147968 151552
1 7 8197 8204 8216 20481 24577 32960 33152 33536 57344 67072 68608 71680 86016 98816 114688 131120 131168 139280 163904 172032
1 7 8197 8204 8216 20481 24577 33152 33536 34304 50176 57344 65584 65632 65728 73744 98432 106496 134144 137216 148480 151552
1 7 8197 8204 8216 20481 24577 33152 33536 34304 57344 68608 71680 86016 99328 114688 131120 131168 131264 139280 163968 172032
1 7 8197 8204 8216 20481 24577 33152 33536 49664 57344 65584 65632 65728 73744 98432 106496 132608 134144 137216 147968 151552
1 7 8197 8204 8216 20481 24577 33152 33536 57344 67072 68608 71680 86016 98816 114688 131120 131168 131264 139280 163968 172032
1 7 8197 8204 8216 20481 24577 33536 34304 35840 51200 57344 65584 65632 65728 65920 73744 98560 106496 137216 149504 151552
1 7 8197 8204 8216 20481 24577 33536 34304 35840 57344 71680 86016 100352 114688 131120 131168 131264 131456 139280 164096 172032
1 7 8197 8204 8216 20481 24577 33536 34304 50176 57344 65584 65632 65728 65920 73744 98560 106496 134144 137216 148480 151552
1 7 8197 8204 8216 20481 24577 33536 34304 57344 68608 71680 86016 99328 114688 131120 131168 131264 131456 139280 164096 172032
1 7 8197 8204 8216 20481 24577 34304 35840 38912 53248 57344 65728 65920 66304 98816 106496 131120 131168 139280 196672 204800
1 7 8197 8204 8216 20481 24577 34304 35840 38912 53248 57344 65728 65920 66304 98816 131120 131168 139280 172032 196672 229376
1 7 8197 8204 8216 20481 24577 34304 35840 38912 53248 57344 65920 66304 98816 106496 131120 131168 131264 139280 196736 204800
1 7 8197 8204 8216 20481 24577 34304 35840 38912 53248 57344 65920 66304 98816 131120 131168 131264 139280 172032 196736 229376
1 7 8197 8204 8216 20481 24577 35840 38912 53248 57344 65920 66304 67072 99328 106496 131120 131168 131264 139280 196736 204800
1 7 8197 8204 8216 20481 24577 35840 38912 53248 57344 65920 66304 67072 99328 131120 131168 131264 139280 172032 196736 229376
1 7 8197 8204 8216 20481 24577 35840 38912 53248 57344 66304 67072 99328 106496 131120 131168 131264 131456 139280 196864 204800
1 7 8197 8204 8216 20481 24577 35840 38912 53248 57344 66304 67072 99328 131120 131168 131264 131456 139280 172032 196864 229376
1 7 8197 8204 8216 20481 24577 38912 53248 57344 66304 67072 68608 100352 106496 131120 131168 131264 131456 139280 196864 204800
1 7 8197 8204 8216 20481 24577 38912 53248 57344 66304 67072 68608 100352 131120 131168 131264 131456 139280 172032 196864 229376
1 7 8197 8204 8216 22528 24577 32816 32864 32960 33152 40976 57344 66304 67072 68608 83968 98560 114688 135169 147457 151552
1 7 8197 8204 8216 22528 24577 33536 34304 35840 51200 57344 65584 65632 65728 65920 73744 98560 106496 135169 147457 151552
1 7 8197 8204 8216 24577 24592 32816 32864 32960 33152 49168 66304 67072 68608 98560 114688 135169 137216 147457 198656 212992
1 7 8197 8204 8216 24577 24592 32816 32864 32960 33152 49168 66304 67072 68608 98560 135169 137216 147457 180224 198656 229376
1 7 8197 8204 8216 24577 24592 32816 32864 32960 33152 49168 66304 67072 98560 114688 134144 135169 137216 147457 197632 212992
1 7 8197 8204 8216 24577 24592 32816 32864 32960 33152 49168 66304 67072 98560 134144 135169 137216 147457 180224 197632 229376
1 7 8197 8204 8216 24577 24592 32816 32864 32960 49168 65920 66304 67072 98432 114688 134144 135169 137216 147457 197632 212992
1 7 8197 8204 8216 24577 24592 32816 32864 32960 49168 65920 66304 67072 98432 134144 135169 137216 147457 180224 197632 229376
1 7 8197 8204 8216 24577 24592 32816 32864 32960 49168 65920 66304 98432 114688 132608 134144 135169 137216 147457 197120 212992
1 7 8197 8204 8216 24577 24592 32816 32864 32960 49168 65920 66304 98432 132608 134144 135169 137216 147457 180224 197120 229376
1 7 8197 8204 8216 24577 24592 32816 32864 49168 65728 65920 66304 98368 114688 132608 134144 135169 137216 147457 197120 212992
1 7 8197 8204 8216 24577 24592 32816 32864 49168 65728 65920 66304 98368 132608 134144 135169 137216 147457 180224 197120 229376
1 7 8197 8204 8216 24577 32816 32864 32960 33152 40976 57344 66304 67072 68608 83968 98560 114688 135169 137216 147457 149504
1 7 8197 8204 8216 24577 32816 32864 32960 33152 40976 57344 66304 67072 68608 98560 114688 135169 137216 147457 198656 212992
1 7 8197 8204 8216 24577 32816 32864 32960 33152 40976 57344 66304 67072 82944 98560 114688 134144 135169 137216 147457 148480
1 7 8197 8204 8216 24577 32816 32864 32960 33152 40976 57344 66304 67072 98560 114688 134144 135169 137216 147457 197632 212992
1 7 8197 8204 8216 24577 32816 32864 32960 33152 40976 57344 68608 69633 71680 81921 114688 131840 132608 164096 197632 229376
1 7 8197 8204 8216 24577 32816 32864 32960 33152 40976 57344 69633 71680 81921 114688 131840 132608 134144 164096 198656 229376
1 7 8197 8204 8216 24577 32816 32864 32960 40976 57344 65920 66304 67072 82944 98432 114688 134144 135169 137216 147457 148480
1 7 8197 8204 8216 24577 32816 32864 32960 40976 57344 65920 66304 67072 98432 114688 134144 135169 137216 147457 197632 212992
1 7 8197 8204 8216 24577 32816 32864 32960 40976 57344 65920 66304 82432 98432 114688 132608 134144 135169 137216 147457 147968
1 7 8197 8204 8216 24577 32816 32864 32960 40976 57344 65920 66304 98432 114688 132608 134144 135169 137216 147457 197120 212992
1 7 8197 8204 8216 24577 32816 32864 32960 40976 57344 67072 68608 69633 71680 81921 114688 131456 131840 163968 197120 229376
1 7 8197 8204 8216 24577 32816 32864 32960 40976 57344 68608 69633 71680 81921 114688 131456 131840 132608 163968 197632 229376
1 7 8197 8204 8216 24577 32816 32864 40976 57344 65728 65920 66304 82432 98368 114688 132608 134144 135169 137216 147457 147968
1 7 8197 8204 8216 24577 32816 32864 40976 57344 65728 65920 66304 98368 114688 132608 134144 135169 137216 147457 197120 212992
1 7 8197 8204 8216 24577 32816 32864 40976 57344 67072 68608 69633 71680 81921 114688 131264 131456 131840 163904 197120 229376
1 7 8197 8204 8216 24577 32960 33152 33536 49664 57344 65584 65632 73744 98368 106496 132608 134144 135169 137216 147457 147968
1 7 8197 8204 8216 24577 32960 33152 33536 57344 67072 68608 69633 71680 81921 98816 114688 131120 131168 139280 163904 172032
1 7 8197 8204 8216 24577 33152 33536 34304 50176 57344 65584 65632 65728 73744 98432 106496 134144 135169 137216 147457 148480
1 7 8197 8204 8216 24577 33152 33536 34304 57344 68608 69633 71680 81921 99328 114688 131120 131168 131264 139280 163968 172032
1 7 8197 8204 8216 24577 33152 33536 49664 57344 65584 65632 65728 73744 98432 106496 132608 134144 135169 137216 147457 147968
1 7 8197 8204 8216 24577 33152 33536 57344 67072 68608 69633 71680 81921 98816 114688 131120 131168 131264 139280 163968 172032
1 7 8197 8204 8216 24577 33536 34304 35840 51200 57344 65584 65632 65728 65920 73744 98560 106496 135169 137216 147457 149504
1 7 8197 8204 8216 24577 33536 34304 35840 57344 69633 71680 81921 100352 114688 131120 131168 131264 131456 139280 164096 172032
1 7 8197 8204 8216 24577 33536 34304 50176 57344 65584 65632 65728 65920 73744 98560 106496 134144 135169 137216 147457 148480
1 7 8197 8204 8216 24577 33536 34304 57344 68608 69633 71680 81921 99328 114688 131120 131168 131264 131456 139280 164096 172032
1 7 8197 8204 8216 24577 34304 35840 36865 38912 49153 57344 65728 65920 66304 98816 106496 131120 131168 139280 196672 204800
1 7 8197 8204 8216 24577 34304 35840 36865 38912 49153 57344 65728 65920 66304 98816 131120 131168 139280 172032 196672 229376
1 7 8197 8204 8216 24577 34304 35840 36865 38912 49153 57344 65920 66304 98816 106496 131120 131168 131264 139280 196736 204800
1 7 8197 8204 8216 24577 34304 35840 36865 38912 49153 57344 65920 66304 98816 131120 131168 131264 139280 172032 196736 229376
1 7 8197 8204 8216 24577 35840 36865 38912 49153 57344 65920 66304 67072 99328 106496 131120 131168 131264 139280 196736 204800
1 7 8197 8204 8216 24577 35840 36865 38912 49153 57344 65920 66304 67072 99328 131120 131168 131264 139280 172032 196736 229376
1 7 8197 8204 8216 24577 35840 36865 38912 49153 57344 66304 67072 99328 106496 131120 131168 131264 131456 139280 196864 204800
1 7 8197 8204 8216 24577 35840 36865 38912 49153 57344 66304 67072 99328 131120 131168 131264 131456 139280 172032 196864 229376
1 7 8197 8204 8216 24577 36865 38912 49153 57344 66304 67072 68608 100352 106496 131120 131168 131264 131456 139280 196864 204800
1 7 8197 8204 8216 24577 36865 38912 49153 57344 66304 67072 68608 100352 131120 131168 131264 131456 139280 172032 196864 229376
1 7 8197 8204 12289 17152 17920 19456 22528 28672 32864 32960 33152 49408 57344 65560 65584 73736 106496 163872 196640 229376
1 7 8197 8204 12289 17152 17920 19456 22528 28672 32864 32960 33152 49408 57344 65560 65584 98336 106496 139272 196616 204800
1 7 8197 8204 12289 17152 17920 19456 22528 28672 32864 32960 33152 49408 57344 65560 73736 98336 106496 131120 196624 196640
1 7 8197 8204 12289 17152 17920 19456 22528 28672 32864 32960 33152 49408 57344 65560 73736 106496 131120 163872 196624 229376
1 7 8197 8204 12289 17152 17920 19456 22528 28672 32864 32960 33152 49408 57344 65584 73736 98336 106496 131096 196616 196624
1 7 8197 8204 12289 17152 17920 19456 22528 28672 32864 32960 33152 49408 57344 65584 98336 106496 131096 139272 196624 204800
1 7 8197 8204 12289 17152 17920 19456 22528 28672 32864 32960 33152 49408 57344 73736 98336 106496 131096 131120 196616 196640
1 7 8197 8204 12289 17152 17920 19456 22528 28672 32864 32960 33152 49408 57344 73736 106496 131096 131120 163872 196616 229376
1 7 8197 8204 12289 17152 17920 19456 22528 28672 32864 32960 33152 49408 57344 98336 106496 131096 131120 139272 196640 204800
1 7 8197 8204 12289 17152 17920 19456 22528 28672 32864 32960 33152 49408 57344 106496 131096 131120 139272 163872 204800 229376
1 7 8197 8204 12289 17152 17920 19456 22528 28672 32864 32960 33152 49408 65560 65584 73736 90112 114688 163872 196640 229376
1 7 8197 8204 12289 17152 17920 19456 22528 28672 32864 32960 33152 49408 65560 65584 73736 98336 114688 155648 204800 212992
1 7 8197 8204 12289 17152 17920 19456 22528 28672 32864 32960 33152 49408 65560 65584 90112 98336 114688 139272 196616 204800
1 7 8197 8204 12289 17152 17920 19456 22528 28672 32864 32960 33152 49408 65560 65584 98336 114688 139272 155648 196616 212992
1 7 8197 8204 12289 17152 17920 19456 22528 28672 32864 32960 33152 49408 65560 73736 90112 98336 114688 131120 196624 196640
1 7 8197 8204 12289 17152 17920 19456 22528 28672 32864 32960 33152 49408 65560 73736 90112 114688 131120 163872 196624 229376
1 7 8197 8204 12289 17152 17920 19456 22528 28672 32864 32960 33152 49408 65584 73736 90112 98336 114688 131096 196616 196624
1 7 8197 8204 12289 17152 17920 19456 22528 28672 32864 32960 33152 49408 65584 90112 98336 114688 131096 139272 196624 204800
1 7 8197 8204 12289 17152 17920 19456 22528 28672 32864 32960 33152 49408 65584 98336 114688 131096 139272 155648 196624 212992
1 7 8197 8204 12289 17152 17920 19456 22528 28672 32864 32960 33152 49408 73736 90112 98336 114688 131096 131120 196616 196640
1 7 8197 8204 12289 17152 17920 19456 22528 28672 32864 32960 33152 49408 73736 90112 114688 131096 131120 163872 196616 229376
1 7 8197 8204 12289 17152 17920 19456 22528 28672 32864 32960 33152 49408 90112 98336 114688 131096 131120 139272 196640 204800
1 7 8197 8204 12289 17152 17920 19456 22528 28672 32864 32960 33152 49408 90112 106496 114688 131096 131120 139272 163872 172032
1 7 8197 8204 12289 17152 17920 19456 22528 28672 32864 32960 33152 49408 90112 114688 131096 131120 139272 163872 204800 229376
1 7 8197 8204 12289 17152 17920 19456 22528 28672 32864 32960 33152 49408 98336 114688 131096 131120 139272 155648 196640 212992
1 7 8197 8204 12289 17152 17920 19456 22528 28672 32864 32960 33152 49408 114688 131096 131120 139272 155648 163872 212992 229376
1 7 8197 8204 12289 17152 17920 19456 22528 28672 32864 32960 49408 57344 65560 65584 73736 98336 106496 131456 163968 164096
1 7 8197 8204 12289 17152 17920 19456 22528 28672 32864 32960 49408 65560 65584 73736 90112 98336 114688 131456 163968 164096
1 7 8197 8204 12289 17152 17920 19456 22528 28672 32864 33088 49408 57344 65560 65584 73736 98336 106496 131264 131392 131456
1 7 8197 8204 12289 17152 17920 19456 22528 28672 32864 33088 49408 65560 65584 73736 90112 98336 114688 131264 131392 131456
1 7 8197 8204 12289 17152 17920 19456 22528 28672 32864 33152 49408 57344 65560 65584 73736 98336 106496 131264 163904 163968
1 7 8197 8204 12289 17152 17920 19456 22528 28672 32864 33152 49408 65560 65584 73736 90112 98336 114688 131264 163904 163968
1 7 8197 8204 12289 17152 17920 19456 22528 28672 32864 49408 57344 65560 65584 73736 98336 106496 131264 131456 163904 164096
1 7 8197 8204 12289 17152 17920 19456 22528 28672 32864 49408 65560 65584 73736 90112 98336 114688 131264 131456 163904 164096
1 7 8197 8204 12289 17152 17920 19456 22528 28672 32960 33152 49408 57344 65560 65584 73736 98336 106496 131168 163872 163904
1 7 8197 8204 12289 17152 17920 19456 22528 28672 32960 33152 49408 57344 65560 65584 73736 106496 131168 163904 196640 229376
1 7 8197 8204 12289 17152 17920 19456 22528 28672 32960 33152 49408 57344 65560 73736 106496 131120 131168 163904 196624 229376
1 7 8197 8204 12289 17152 17920 19456 22528 28672 32960 33152 49408 57344 65584 65632 98368 106496 131096 139272 196624 204800
1 7 8197 8204 12289 17152 17920 19456 22528 28672 32960 33152 49408 57344 65632 98368 106496 131096 131120 139272 196640 204800
1 7 8197 8204 12289 17152 17920 19456 22528 28672 32960 33152 49408 65560 65584 73736 90112 98336 114688 131168 163872 163904
1 7 8197 8204 12289 17152 17920 19456 22528 28672 32960 33152 49408 65560 65584 73736 90112 114688 131168 163904 196640 229376
1 7 8197 8204 12289 17152 17920 19456 22528 28672 32960 33152 49408 65560 73736 90112 114688 131120 131168 163904 196624 229376
1 7 8197 8204 12289 17152 17920 19456 22528 28672 32960 33152 49408 65584 65632 90112 98368 114688 131096 139272 196624 204800
1 7 8197 8204 12289 17152 17920 19456 22528 28672 32960 33152 49408 65584 65632 98368 114688 131096 139272 155648 196624 212992
1 7 8197 8204 12289 17152 17920 19456 22528 28672 32960 33152 49408 65632 90112 98368 114688 131096 131120 139272 196640 204800
1 7 8197 8204 12289 17152 17920 19456 22528 28672 32960 33152 49408 65632 98368 114688 131096 131120 139272 155648 196640 212992
1 7 8197 8204 12289 17152 17920 19456 22528 28672 33152 49408 57344 65560 65584 73736 98336 106496 131168 131264 163872 163968
1 7 8197 8204 12289 17152 17920 19456 22528 28672 33152 49408 57344 65560 65584 73736 106496 131168 131264 163968 196640 229376
1 7 8197 8204 12289 17152 17920 19456 22528 28672 33152 49408 57344 65632 65728 98432 106496 131096 131120 139272 196640 204800
1 7 8197 8204 12289 17152 17920 19456 22528 28672 33152 49408 65560 65584 73736 90112 98336 114688 131168 131264 163872 163968
1 7 8197 8204 12289 17152 17920 19456 22528 28672 33152 49408 65560 65584 73736 90112 114688 131168 131264 163968 196640 229376
1 7 8197 8204 12289 17152 17920 19456 22528 28672 33152 49408 65632 65728 90112 98432 114688 131096 131120 139272 196640 204800
1 7 8197 8204 12289 17152 17920 19456 22528 28672 33152 49408 65632 65728 98432 114688 131096 131120 139272 155648 196640 212992
1 7 8197 8204 12289 17152 17920 19456 22528 28672 49408 57344 65560 65584 73736 98336 106496 131168 131264 131456 163872 164096
1 7 8197 8204 12289 17152 17920 19456 22528 28672 49408 57344 65560 65584 73736 106496 131168 131264 131456 164096 196640 229376
1 7 8197 8204 12289 17152 17920 19456 22528 28672 49408 57344 65632 65728 65920 98560 106496 131096 131120 139272 196640 204800
1 7 8197 8204 12289 17152 17920 19456 22528 28672 49408 65560 65584 73736 90112 98336 114688 131168 131264 131456 163872 164096
1 7 8197 8204 12289 17152 17920 19456 22528 28672 49408 65560 65584 73736 90112 114688 131168 131264 131456 164096 196640 229376
1 7 8197 8204 12289 17152 17920 19456 22528 28672 49408 65632 65728 65920 90112 98560 114688 131096 131120 139272 196640 204800
1 7 8197 8204 12289 17152 17920 19456 22528 28672 49408 65632 65728 65920 98560 114688 131096 131120 139272 155648 196640 212992
1 7 8197 8204 12289 17152 17920 19456 28672 38912 51200 53248 65632 65728 65920 82176 90112 131096 131120 139272 196640 204800
1 7 8197 8204 12289 17152 17920 19456 28672 38912 51200 53248 65632 65728 65920 82176 131096 131120 139272 155648 196640 212992
1 7 8197 8204 12289 17152 17920 21504 28672 32864 32960 33152 49408 57344 65560 65584 73736 98336 106496 134144 136192 137216
1 7 8197 8204 12289 17152 17920 21504 28672 32864 32960 33152 49408 65560 65584 73736 90112 98336 114688 134144 136192 137216
1 7 8197 8204 12289 17152 17920 22528 28672 35840 50176 51200 65632 65728 65920 82176 90112 131096 131120 139272 196640 204800
1 7 8197 8204 12289 17152 17920 22528 28672 35840 50176 51200 65632 65728 65920 82176 131096 131120 139272 155648 196640 212992
1 7 8197 8204 12289 17152 17920 28672 35840 38912 50176 53248 65632 65728 65920 82176 90112 131096 131120 139272 196640 204800
1 7 8197 8204 12289 17152 17920 28672 35840 38912 50176 53248 65632 65728 65920 82176 131096 131120 139272 155648 196640 212992
1 7 8197 8204 12289 17152 19456 22528 28672 34304 49664 50176 65632 65728 65920 82176 90112 131096 131120 139272 196640 204800
1 7 8197 8204 12289 17152 19456 22528 28672 34304 49664 50176 65632 65728 65920 82176 131096 131120 139272 155648 196640 212992
1 7 8197 8204 12289 17152 22528 28672 34304 35840 49664 51200 65632 65728 65920 82176 90112 131096 131120 139272 196640 204800
1 7 8197 8204 12289 17152 22528 28672 34304 35840 49664 51200 65632 65728 65920 82176 131096 131120 139272 155648 196640 212992
1 7 8197 8204 12289 17152 28672 34304 35840 38912 49664 53248 65632 65728 65920 82176 90112 131096 131120 139272 196640 204800
1 7 8197 8204 12289 17152 28672 34304 35840 38912 49664 53248 65632 65728 65920 82176 131096 131120 139272 155648 196640 212992
1 7 8197 8204 12289 17664 19456 22528 28672 32864 32960 33152 49408 57344 65560 65584 73736 98336 106496 131840 132352 132608
1 7 8197 8204 12289 17664 19456 22528 28672 32864 32960 33152 49408 65560 65584 73736 90112 98336 114688 131840 132352 132608
1 7 8197 8204 12289 17920 19456 22528 28672 32960 33152 33536 49664 57344 65560 65584 65632 73736 98368 172032 204800 229376
1 7 8197 8204 12289 17920 19456 22528 28672 32960 33152 33536 49664 57344 65560 65584 65632 98368 106496 139272 196616 204800
1 7 8197 8204 12289 17920 19456 22528 28672 32960 33152 33536 49664 57344 65560 65584 65632 98368 139272 172032 196616 229376
1 7 8197 8204 12289 17920 19456 22528 28672 32960 33152 33536 49664 57344 65560 65584 73736 98368 106496 131168 196640 196672
1 7 8197 8204 12289 17920 19456 22528 28672 32960 33152 33536 49664 57344 65560 65616 73736 98368 106496 131120 131152 131168
1 7 8197 8204 12289 17920 19456 22528 28672 32960 33152 33536 49664 57344 65560 65632 73736 98368 106496 131120 196624 196640
1 7 8197 8204 12289 17920 19456 22528 28672 32960 33152 33536 49664 57344 65560 73736 98368 106496 131120 131168 196624 196672
1 7 8197 8204 12289 17920 19456 22528 28672 32960 33152 33536 49664 57344 65576 65632 73736 98368 106496 131096 131112 131120
1 7 8197 8204 12289 17920 19456 22528 28672 32960 33152 33536 49664 57344 65584 65632 73736 98368 106496 131096 196616 196624
1 7 8197 8204 12289 17920 19456 22528 28672 32960 33152 33536 49664 57344 65584 65632 98368 106496 131096 139272 196624 204800
1 7 8197 8204 12289 17920 19456 22528 28672 32960 33152 33536 49664 57344 65584 65632 98368 131096 139272 172032 196624 229376
1 7 8197 8204 12289 17920 19456 22528 28672 32960 33152 33536 49664 57344 65632 73736 98368 106496 131096 131120 196616 196640
1 7 8197 8204 12289 17920 19456 22528 28672 32960 33152 33536 49664 57344 65632 98368 106496 131096 131120 139272 196640 204800
1 7 8197 8204 12289 17920 19456 22528 28672 32960 33152 33536 49664 57344 65632 98368 131096 131120 139272 172032 196640 229376
1 7 8197 8204 12289 17920 19456 22528 28672 32960 33152 33536 49664 57344 73736 98368 106496 131096 131120 131168 196616 196672
1 7 8197 8204 12289 17920 19456 22528 28672 32960 33152 33536 49664 57344 98368 106496 131096 131120 131168 139272 196672 204800
1 7 8197 8204 12289 17920 19456 22528 28672 32960 33152 33536 49664 57344 98368 131096 131120 131168 139272 172032 196672 229376
2 7 8197 8204 12289 17920 19456 22528 28672 32960 33152 33536 49664 65560 65584 65632 73736 90112 98368 180224 212992 229376
2 7 8197 8204 12289 17920 19456 22528 28672 32960 33152 33536 49664 65560 65584 65632 73736 98368 114688 155648 204800 212992
2 7 8197 8204 12289 17920 19456 22528 28672 32960 33152 33536 49664 65560 65584 65632 73736 98368 155648 180224 204800 229376
1 7 8197 8204 12289 17920 19456 22528 28672 32960 33152 33536 49664 65560 65584 65632 90112 98368 114688 139272 196616 204800
1 7 8197 8204 12289 17920 19456 22528 28672 32960 33152 33536 49664 65560 65584 65632 98368 114688 139272 155648 196616 212992
1 7 8197 8204 12289 17920 19456 22528 28672 32960 33152 33536 49664 65560 65584 65632 98368 139272 155648 180224 196616 229376
1 7 8197 8204 12289 17920 19456 22528 28672 32960 33152 33536 49664 65560 65584 73736 90112 98368 114688 131168 196640 196672
1 7 8197 8204 12289 17920 19456 22528 28672 32960 33152 33536 49664 65560 65616 73736 90112 98368 114688 131120 131152 131168
1 7 8197 8204 12289 17920 19456 22528 28672 32960 33152 33536 49664 65560 65632 73736 90112 98368 114688 131120 196624 196640
1 7 8197 8204 12289 17920 19456 22528 28672 32960 33152 33536 49664 65560 73736 90112 98368 114688 131120 131168 196624 196672
1 7 8197 8204 12289 17920 19456 22528 28672 32960 33152 33536 49664 65576 65632 73736 90112 98368 114688 131096 131112 131120
1 7 8197 8204 12289 17920 19456 22528 28672 32960 33152 33536 49664 65584 65632 73736 90112 98368 114688 131096 196616 196624
1 7 8197 8204 12289 17920 19456 22528 28672 32960 33152 33536 49664 65584 65632 90112 98368 114688 131096 139272 196624 204800
1 7 8197 8204 12289 17920 19456 22528 28672 32960 33152 33536 49664 65584 65632 98368 114688 131096 139272 155648 196624 212992
1 7 8197 8204 12289 17920 19456 22528 28672 32960 33152 33536 49664 65584 65632 98368 131096 139272 155648 180224 196624 229376
1 7 8197 8204 12289 17920 19456 22528 28672 32960 33152 33536 49664 65632 73736 90112 98368 114688 131096 131120 196616 196640
1 7 8197 8204 12289 17920 19456 22528 28672 32960 33152 33536 49664 65632 90112 98368 114688 131096 131120 139272 196640 204800
1 7 8197 8204 12289 17920 19456 22528 28672 32960 33152 33536 49664 65632 98368 114688 131096 131120 139272 155648 196640 212992
1 7 8197 8204 12289 17920 19456 22528 28672 32960 33152 33536 49664 65632 98368 131096 131120 139272 155648 180224 196640 229376
1 7 8197 8204 12289 17920 19456 22528 28672 32960 33152 33536 49664 73736 90112 98368 114688 131096 131120 131168 196616 196672
1 7 8197 8204 12289 17920 19456 22528 28672 32960 33152 33536 49664 90112 98368 114688 131096 131120 131168 139272 196672 204800
1 7 8197 8204 12289 17920 19456 22528 28672 32960 33152 33536 49664 98368 114688 131096 131120 131168 139272 155648 196672 212992
1 7 8197 8204 12289 17920 19456 22528 28672 32960 33152 33536 49664 98368 131096 131120 131168 139272 155648 180224 196672 229376
1 7 8197 8204 12289 17920 19456 22528 28672 32960 33152 49664 57344 66304 98560 98816 131096 131120 131168 139272 163904 172032
1 7 8197 8204 12289 17920 19456 22528 28672 32960 33152 49664 66304 98560 98816 131096 131120 131168 139272 155648 163904 180224
1 7 8197 8204 12289 17920 19456 22528 28672 32960 33408 49664 57344 65560 65584 65632 73736 98368 106496 131456 131712 131840
1 7 8197 8204 12289 17920 19456 22528 28672 32960 33408 49664 65560 65584 65632 73736 90112 98368 114688 131456 131712 131840
2 7 8197 8204 12289 17920 19456 22528 28672 32960 33536 49664 57344 65920 98432 98560 131096 131120 131168 139272 163904 172032
2 7 8197 8204 12289 17920 19456 22528 28672 32960 33536 49664 65920 98432 98560 131096 131120 131168 139272 155648 163904 180224
1 7 8197 8204 12289 17920 19456 22528 28672 32960 49664 57344 65920 66304 98432 98816 131096 131120 131168 139272 163904 172032
1 7 8197 8204 12289 17920 19456 22528 28672 32960 49664 65920 66304 98432 98816 131096 131120 131168 139272 155648 163904 180224
1 7 8197 8204 12289 17920 19456 22528 28672 33152 33536 49664 57344 65584 65632 65728 98432 106496 131096 139272 196624 204800
1 7 8197 8204 12289 17920 19456 22528 28672 33152 33536 49664 57344 65584 65632 65728 98432 131096 139272 172032 196624 229376
1 7 8197 8204 12289 17920 19456 22528 28672 33152 33536 49664 57344 65632 65728 98432 106496 131096 131120 139272 196640 204800
1 7 8197 8204 12289 17920 19456 22528 28672 33152 33536 49664 57344 65632 65728 98432 131096 131120 139272 172032 196640 229376
1 7 8197 8204 12289 17920 19456 22528 28672 33152 33536 49664 57344 65728 98432 106496 131096 131120 131168 139272 196672 204800
1 7 8197 8204 12289 17920 19456 22528 28672 33152 33536 49664 57344 65728 98432 131096 131120 131168 139272 172032 196672 229376
1 7 8197 8204 12289 17920 19456 22528 28672 33152 33536 49664 65584 65632 65728 90112 98432 114688 131096 139272 196624 204800
1 7 8197 8204 12289 17920 19456 22528 28672 33152 33536 49664 65584 65632 65728 98432 114688 131096 139272 155648 196624 212992
1 7 8197 8204 12289 17920 19456 22528 28672 33152 33536 49664 65584 65632 65728 98432 131096 139272 155648 180224 196624 229376
1 7 8197 8204 12289 17920 19456 22528 28672 33152 33536 49664 65632 65728 90112 98432 114688 131096 131120 139272 196640 204800
1 7 8197 8204 12289 17920 19456 22528 28672 33152 33536 49664 65632 65728 98432 114688 131096 131120 139272 155648 196640 212992
1 7 8197 8204 12289 17920 19456 22528 28672 33152 33536 49664 65632 65728 98432 131096 131120 139272 155648 180224 196640 229376
1 7 8197 8204 12289 17920 19456 22528 28672 33152 33536 49664 65728 90112 98432 114688 131096 131120 131168 139272 196672 204800
1 7 8197 8204 12289 17920 19456 22528 28672 33152 33536 49664 65728 98432 114688 131096 131120 131168 139272 155648 196672 212992
1 7 8197 8204 12289 17920 19456 22528 28672 33152 33536 49664 65728 98432 131096 131120 131168 139272 155648 180224 196672 229376
1 7 8197 8204 12289 17920 19456 22528 28672 33536 49408 49664 65632 65728 65920 82176 90112 131096 131120 139272 196640 204800
1 7 8197 8204 12289 17920 19456 22528 28672 33536 49408 49664 65632 65728 65920 82176 131096 131120 139272 155648 196640 212992
1 7 8197 8204 12289 17920 19456 22528 28672 33536 49664 57344 65632 65728 65920 98560 106496 131096 131120 139272 196640 204800
1 7 8197 8204 12289 17920 19456 22528 28672 33536 49664 57344 65632 65728 65920 98560 131096 131120 139272 172032 196640 229376
1 7 8197 8204 12289 17920 19456 22528 28672 33536 49664 65632 65728 65920 90112 98560 114688 131096 131120 139272 196640 204800
1 7 8197 8204 12289 17920 19456 22528 28672 33536 49664 65632 65728 65920 98560 114688 131096 131120 139272 155648 196640 212992
1 7 8197 8204 12289 17920 19456 22528 28672 33536 49664 65632 65728 65920 98560 131096 131120 139272 155648 180224 196640 229376
2 7 8197 8204 12289 17920 19456 22528 28672 49664 57344 65728 65920 66304 98368 98816 131096 131120 131168 139272 163904 172032
2 7 8197 8204 12289 17920 19456 22528 28672 49664 65728 65920 66304 98368 98816 131096 131120 131168 139272 155648 163904 180224
1 7 8197 8204 12289 19456 22528 28672 33152 33536 34304 50176 57344 65560 65584 65632 65728 98432 106496 139272 196616 204800
1 7 8197 8204 12289 19456 22528 28672 33152 33536 34304 50176 57344 65560 65584 73736 98432 106496 131168 131264 196640 196736
1 7 8197 8204 12289 19456 22528 28672 33152 33536 34304 50176 57344 65560 65584 73736 106496 131168 131264 163968 196640 229376
1 7 8197 8204 12289 19456 22528 28672 33152 33536 34304 50176 57344 65560 73736 98432 106496 131120 131168 131264 196624 196736
1 7 8197 8204 12289 19456 22528 28672 33152 33536 34304 50176 57344 65560 73736 106496 131120 131168 131264 163968 196624 229376
1 7 8197 8204 12289 19456 22528 28672 33152 33536 34304 50176 57344 65584 65632 65728 98432 106496 131096 139272 196624 204800
1 7 8197 8204 12289 19456 22528 28672 33152 33536 34304 50176 57344 65632 65728 98432 106496 131096 131120 139272 196640 204800
1 7 8197 8204 12289 19456 22528 28672 33152 33536 34304 50176 57344 73736 98432 106496 131096 131120 131168 131264 196616 196736
1 7 8197 8204 12289 19456 22528 28672 33152 33536 34304 50176 57344 73736 106496 131096 131120 131168 131264 163968 196616 229376
1 7 8197 8204 12289 19456 22528 28672 33152 33536 34304 50176 65560 65584 65632 65728 90112 98432 114688 139272 196616 204800
1 7 8197 8204 12289 19456 22528 28672 33152 33536 34304 50176 65560 65584 65632 65728 98432 114688 139272 155648 196616 212992
1 7 8197 8204 12289 19456 22528 28672 33152 33536 34304 50176 65560 65584 73736 90112 98432 114688 131168 131264 196640 196736
1 7 8197 8204 12289 19456 22528 28672 33152 33536 34304 50176 65560 65584 73736 90112 114688 131168 131264 163968 196640 229376
1 7 8197 8204 12289 19456 22528 28672 33152 33536 34304 50176 65560 73736 90112 98432 114688 131120 131168 131264 196624 196736
1 7 8197 8204 12289 19456 22528 28672 33152 33536 34304 50176 65560 73736 90112 114688 131120 131168 131264 163968 196624 229376
1 7 8197 8204 12289 19456 22528 28672 33152 33536 34304 50176 65584 65632 65728 90112 98432 114688 131096 139272 196624 204800
1 7 8197 8204 12289 19456 22528 28672 33152 33536 34304 50176 65584 65632 65728 98432 114688 131096 139272 155648 196624 212992
1 7 8197 8204 12289 19456 22528 28672 33152 33536 34304 50176 65632 65728 90112 98432 114688 131096 131120 139272 196640 204800
1 7 8197 8204 12289 19456 22528 28672 33152 33536 34304 50176 65632 65728 98432 114688 131096 131120 139272 155648 196640 212992
1 7 8197 8204 12289 19456 22528 28672 33152 33536 34304 50176 73736 90112 98432 114688 131096 131120 131168 131264 196616 196736
1 7 8197 8204 12289 19456 22528 28672 33152 33536 34304 50176 73736 90112 114688 131096 131120 131168 131264 163968 196616 229376
1 7 8197 8204 12289 24584 28672 33536 34304 35840 38912 53248 65560 65584 81928 114688 131168 131264 131456 164096 196640 229376
1 7 8197 8204 12289 24584 28672 33536 34304 35840 38912 53248 65632 65728 65920 98560 114688 131096 131120 147464 196640 212992
2 7 8197 8204 12289 24584 28672 34304 35840 38912 53248 65560 65584 65632 81928 114688 131264 131456 131840 164352 196672 229376
2 7 8197 8204 12289 24584 28672 34304 35840 38912 53248 65728 65920 66304 98816 114688 131096 131120 131168 147464 196672 212992
1 7 8197 8204 16408 24577 24584 32816 32864 32960 33152 49168 66304 67072 68608 98560 114688 135169 137216 147457 198656 212992
1 7 8197 8204 16408 24577 24584 32816 32864 32960 33152 49168 66304 67072 98560 114688 134144 135169 137216 147457 197632 212992
1 7 8197 8204 16408 24577 24584 32816 32864 32960 33152 49168 68608 69633 71680 81921 114688 131840 132608 164096 197632 229376
1 7 8197 8204 16408 24577 24584 32816 32864 32960 33152 49168 69633 71680 81921 114688 131840 132608 134144 164096 198656 229376
1 7 8197 8204 16408 24577 24584 32816 32864 32960 49168 65920 66304 67072 98432 114688 134144 135169 137216 147457 197632 212992
1 7 8197 8204 16408 24577 24584 32816 32864 32960 49168 65920 66304 98432 114688 132608 134144 135169 137216 147457 197120 212992
1 7 8197 8204 16408 24577 24584 32816 32864 32960 49168 67072 68608 69633 71680 81921 114688 131456 131840 163968 197120 229376
1 7 8197 8204 16408 24577 24584 32816 32864 32960 49168 68608 69633 71680 81921 114688 131456 131840 132608 163968 197632 229376
1 7 8197 8204 16408 24577 24584 32816 32864 49168 65728 65920 66304 98368 114688 132608 134144 135169 137216 147457 197120 212992
1 7 8197 8204 16408 24577 24584 32816 32864 49168 67072 68608 69633 71680 81921 114688 131264 131456 131840 163904 197120 229376
1 7 8197 8204 17920 18433 19456 24577 32792 32816 32864 40968 57344 65728 65920 66304 82432 98368 114688 133121 135169 137216
1 7 8197 8204 17920 18433 19456 24577 32960 33152 33536 49664 57344 65560 65584 65632 73736 98368 106496 133121 135169 137216
1 7 8197 8204 17920 19456 20481 22528 24577 32792 32816 32864 40968 57344 65728 65920 66304 82432 114688 163904 196672 229376
1 7 8197 8204 17920 19456 20481 22528 24577 32792 32816 32864 40968 57344 65728 65920 66304 98368 114688 147968 197120 212992
1 7 8197 8204 17920 19456 20481 22528 24577 32792 32816 32864 40968 57344 65728 65920 82432 98368 114688 131840 196864 197120
1 7 8197 8204 17920 19456 20481 22528 24577 32792 32816 32864 40968 57344 65728 65920 98368 114688 131840 147968 196864 212992
1 7 8197 8204 17920 19456 20481 22528 24577 32792 32816 32864 40968 57344 65728 66176 82432 98368 114688 131456 131712 131840
1 7 8197 8204 17920 19456 20481 22528 24577 32792 32816 32864 40968 57344 65728 66304 82432 98368 114688 131456 196736 196864
1 7 8197 8204 17920 19456 20481 22528 24577 32792 32816 32864 40968 57344 65728 82432 98368 114688 131456 131840 196736 197120
1 7 8197 8204 17920 19456 20481 22528 24577 32792 32816 32864 40968 57344 65728 98368 114688 131456 131840 147968 196736 212992
1 7 8197 8204 17920 19456 20481 22528 24577 32792 32816 32864 40968 57344 65856 66304 82432 98368 114688 131264 131392 131456
1 7 8197 8204 17920 19456 20481 22528 24577 32792 32816 32864 40968 57344 65920 66304 82432 98368 114688 131264 196672 196736
1 7 8197 8204 17920 19456 20481 22528 24577 32792 32816 32864 40968 57344 65920 66304 82432 114688 131264 163904 196736 229376
1 7 8197 8204 17920 19456 20481 22528 24577 32792 32816 32864 40968 57344 66304 82432 98368 114688 131264 131456 196672 196864
1 7 8197 8204 17920 19456 20481 22528 24577 32792 32816 32864 40968 57344 66304 82432 114688 131264 131456 163904 196864 229376
1 7 8197 8204 17920 19456 20481 22528 24577 32792 32816 32864 40968 57344 82432 98368 114688 131264 131456 131840 196672 197120
1 7 8197 8204 17920 19456 20481 22528 24577 32792 32816 32864 40968 57344 82432 114688 131264 131456 131840 163904 197120 229376
1 7 8197 8204 17920 19456 20481 22528 24577 32792 32816 32864 40968 57344 98368 114688 131264 131456 131840 147968 196672 212992
1 7 8197 8204 17920 19456 20481 22528 24577 32792 32816 32864 40968 57344 114688 131264 131456 131840 147968 163904 212992 229376
1 7 8197 8204 17920 19456 20481 22528 24577 32792 32816 32864 57344 65728 65920 66304 82432 98368 114688 139272 163848 172032
1 7 8197 8204 17920 19456 20481 22528 24577 32792 32816 40968 57344 65632 65728 65920 66304 82432 114688 163872 196640 229376
1 7 8197 8204 17920 19456 20481 22528 24577 32792 32816 40968 57344 65632 65728 65920 66304 98336 114688 147968 197120 212992
1 7 8197 8204 17920 19456 20481 22528 24577 32792 32816 40968 57344 65632 65728 65920 82432 98336 114688 131840 196864 197120
1 7 8197 8204 17920 19456 20481 22528 24577 32792 32816 40968 57344 65632 65728 65920 98336 114688 131840 147968 196864 212992
1 7 8197 8204 17920 19456 20481 22528 24577 32792 32816 40968 57344 65632 65728 66176 82432 98336 114688 131456 131712 131840
1 7 8197 8204 17920 19456 20481 22528 24577 32792 32816 40968 57344 65632 65728 66304 82432 98336 114688 131456 196736 196864
1 7 8197 8204 17920 19456 20481 22528 24577 32792 32816 40968 57344 65632 65728 82432 98336 114688 131456 131840 196736 197120
1 7 8197 8204 17920 19456 20481 22528 24577 32792 32816 40968 57344 65632 65728 98336 114688 131456 131840 147968 196736 212992
1 7 8197 8204 17920 19456 20481 22528 24577 32792 32816 40968 57344 65632 65856 66304 82432 98336 114688 131264 131392 131456
1 7 8197 8204 17920 19456 20481 22528 24577 32792 32816 40968 57344 65632 65920 66304 82432 98336 114688 131264 196672 196736
1 7 8197 8204 17920 19456 20481 22528 24577 32792 32816 40968 57344 65632 66304 82432 98336 114688 131264 131456 196672 196864
1 7 8197 8204 17920 19456 20481 22528 24577 32792 32816 40968 57344 65632 82432 98336 114688 131264 131456 131840 196672 197120
1 7 8197 8204 17920 19456 20481 22528 24577 32792 32816 40968 57344 65632 98336 114688 131264 131456 131840 147968 196672 212992
1 7 8197 8204 17920 19456 20481 22528 24577 32792 32816 40968 57344 65696 65920 66304 82432 98336 114688 131168 131232 131264
1 7 8197 8204 17920 19456 20481 22528 24577 32792 32816 40968 57344 65728 65920 66304 82432 98336 114688 131168 196640 196672
1 7 8197 8204 17920 19456 20481 22528 24577 32792 32816 40968 57344 65728 65920 66304 82432 98368 114688 131168 163872 163904
1 7 8197 8204 17920 19456 20481 22528 24577 32792 32816 40968 57344 65728 65920 66304 82432 114688 131168 163872 196672 229376
1 7 8197 8204 17920 19456 20481 22528 24577 32792 32816 40968 57344 65920 66304 82432 98336 114688 131168 131264 196640 196736
1 7 8197 8204 17920 19456 20481 22528 24577 32792 32816 40968 57344 65920 66304 82432 114688 131168 131264 163872 196736 229376
1 7 8197 8204 17920 19456 20481 22528 24577 32792 32816 40968 57344 66304 82432 98336 114688 131168 131264 131456 196640 196864
1 7 8197 8204 17920 19456 20481 22528 24577 32792 32816 40968 57344 66304 82432 114688 131168 131264 131456 163872 196864 229376
1 7 8197 8204 17920 19456 20481 22528 24577 32792 32816 40968 57344 82432 98336 114688 131168 131264 131456 131840 196640 197120
1 7 8197 8204 17920 19456 20481 22528 24577 32792 32816 40968 57344 82432 114688 131168 131264 131456 131840 163872 197120 229376
1 7 8197 8204 17920 19456 20481 22528 24577 32792 32816 40968 57344 98336 114688 131168 131264 131456 131840 147968 196640 212992
1 7 8197 8204 17920 19456 20481 22528 24577 32792 32816 40968 57344 114688 131168 131264 131456 131840 147968 163872 212992 229376
1 7 8197 8204 17920 19456 20481 22528 24577 32792 32816 57344 65632 65728 65920 66304 82432 98336 114688 139272 163848 172032
1 7 8197 8204 17920 19456 20481 22528 24577 32792 32848 40968 57344 65728 65920 66304 82432 98368 114688 131120 131152 131168
1 7 8197 8204 17920 19456 20481 22528 24577 32792 32864 40968 57344 65728 65920 66304 82432 98368 114688 131120 163856 163872
1 7 8197 8204 17920 19456 20481 22528 24577 32792 40968 57344 65584 65632 65728 98320 114688 131456 131840 147968 196736 212992
1 7 8197 8204 17920 19456 20481 22528 24577 32792 40968 57344 65584 65632 98320 114688 131264 131456 131840 147968 196672 212992
1 7 8197 8204 17920 19456 20481 22528 24577 32792 40968 57344 65584 98320 114688 131168 131264 131456 131840 147968 196640 212992
1 7 8197 8204 17920 19456 20481 22528 24577 32792 40968 57344 65632 65728 65920 66304 82432 98336 114688 131120 163856 163872
1 7 8197 8204 17920 19456 20481 22528 24577 32792 40968 57344 65632 65728 65920 66304 82432 114688 131120 163856 196640 229376
1 7 8197 8204 17920 19456 20481 22528 24577 32792 40968 57344 65728 65920 66304 82432 98368 114688 131120 131168 163856 163904
1 7 8197 8204 17920 19456 20481 22528 24577 32792 40968 57344 65728 65920 66304 82432 114688 131120 131168 163856 196672 229376
1 7 8197 8204 17920 19456 20481 22528 24577 32792 40968 57344 65920 66304 82432 114688 131120 131168 131264 163856 196736 229376
1 7 8197 8204 17920 19456 20481 22528 24577 32808 32864 40968 57344 65728 65920 66304 82432 98368 114688 131096 131112 131120
1 7 8197 8204 17920 19456 20481 22528 24577 32808 40968 57344 65632 65728 65920 66304 82432 98336 114688 131096 131112 131120
1 7 8197 8204 17920 19456 20481 22528 24577 32816 32864 32960 40976 57344 65920 66304 82432 98432 114688 131096 139272 139280
1 7 8197 8204 17920 19456 20481 22528 24577 32816 32864 32960 57344 65920 66304 82432 98432 114688 131096 139272 163856 172032
1 7 8197 8204 17920 19456 20481 22528 24577 32816 32864 40968 57344 65728 65920 66304 82432 98368 114688 131096 163848 163856
1 7 8197 8204 17920 19456 20481 22528 24577 32816 32864 40976 57344 65728 65920 66304 82432 98368 114688 131096 139272 139280
1 7 8197 8204 17920 19456 20481 22528 24577 32816 32864 57344 65728 65920 66304 82432 98368 114688 131096 139272 163856 172032
1 7 8197 8204 17920 19456 20481 22528 24577 32816 40968 57344 65632 65728 65920 66304 82432 98336 114688 131096 163848 163856
1 7 8197 8204 17920 19456 20481 22528 24577 32816 57344 65632 65728 65920 66304 82432 98336 114688 131096 139272 163856 172032
1 7 8197 8204 17920 19456 20481 22528 24577 32864 32960 33152 33536 49664 57344 65560 65584 73736 98336 172032 204800 229376
1 7 8197 8204 17920 19456 20481 22528 24577 32864 32960 33152 33536 49664 57344 65560 65584 98336 106496 139272 196616 204800
1 7 8197 8204 17920 19456 20481 22528 24577 32864 32960 33152 33536 49664 57344 65560 65584 98336 139272 172032 196616 229376
1 7 8197 8204 17920 19456 20481 22528 24577 32864 32960 33152 33536 49664 57344 65560 73736 98336 106496 131120 196624 196640
1 7 8197 8204 17920 19456 20481 22528 24577 32864 32960 33152 33536 49664 57344 65576 73736 98336 106496 131096 131112 131120
1 7 8197 8204 17920 19456 20481 22528 24577 32864 32960 33152 33536 49664 57344 65584 73736 98336 106496 131096 196616 196624
1 7 8197 8204 17920 19456 20481 22528 24577 32864 32960 33152 33536 49664 57344 65584 98336 106496 131096 139272 196624 204800
1 7 8197 8204 17920 19456 20481 22528 24577 32864 32960 33152 33536 49664 57344 65584 98336 131096 139272 172032 196624 229376
1 7 8197 8204 17920 19456 20481 22528 24577 32864 32960 33152 33536 49664 57344 73736 98336 106496 131096 131120 196616 196640
1 7 8197 8204 17920 19456 20481 22528 24577 32864 32960 33152 33536 49664 57344 98336 106496 131096 131120 139272 196640 204800
1 7 8197 8204 17920 19456 20481 22528 24577 32864 32960 33152 33536 49664 57344 98336 131096 131120 139272 172032 196640 229376
1 7 8197 8204 17920 19456 20481 22528 24577 32864 32960 33152 33536 57344 82432 98816 114688 131096 131120 139272 163872 172032
1 7 8197 8204 17920 19456 20481 22528 24577 32864 32960 33152 49664 57344 66304 98560 98816 131096 131120 139272 163872 172032
1 7 8197 8204 17920 19456 20481 22528 24577 32864 32960 33152 57344 66304 82432 98560 114688 131096 131120 139272 163872 172032
1 7 8197 8204 17920 19456 20481 22528 24577 32864 32960 33408 49664 57344 65920 66176 66304 131096 131120 139272 163872 172032
1 7 8197 8204 17920 19456 20481 22528 24577 32864 32960 33536 49664 57344 65920 98432 98560 131096 131120 139272 163872 172032
1 7 8197 8204 17920 19456 20481 22528 24577 32864 32960 49664 57344 65920 66304 98432 98816 131096 131120 139272 163872 172032
1 7 8197 8204 17920 19456 20481 22528 24577 32864 32960 57344 65920 66304 82432 98432 114688 131096 131120 139272 163872 172032
1 7 8197 8204 17920 19456 20481 22528 24577 32864 33088 33536 49664 57344 65560 65584 73736 98336 106496 131264 131392 131456
1 7 8197 8204 17920 19456 20481 22528 24577 32864 33152 33536 49664 57344 65728 98368 98432 131096 131120 139272 163872 172032
1 7 8197 8204 17920 19456 20481 22528 24577 32864 33536 49664 57344 65728 65920 98368 98560 131096 131120 139272 163872 172032
1 7 8197 8204 17920 19456 20481 22528 24577 32864 40968 57344 65728 65920 66304 82432 98368 114688 131096 131120 163848 163872
1 7 8197 8204 17920 19456 20481 22528 24577 32864 49664 57344 65728 65920 66304 98368 98816 131096 131120 139272 163872 172032
1 7 8197 8204 17920 19456 20481 22528 24577 32864 57344 65728 65920 66304 82432 98368 114688 131096 131120 139272 163872 172032
1 7 8197 8204 17920 19456 20481 22528 24577 32928 33152 33536 49664 57344 65632 65696 65728 131096 131120 139272 163872 172032
1 7 8197 8204 17920 19456 20481 22528 24577 32960 33152 33536 49664 57344 65560 65584 65632 73736 98368 172032 204800 229376
1 7 8197 8204 17920 19456 20481 22528 24577 32960 33152 33536 49664 57344 65560 65584 65632 98368 106496 139272 196616 204800
1 7 8197 8204 17920 19456 20481 22528 24577 32960 33152 33536 49664 57344 65560 65584 65632 98368 139272 172032 196616 229376
1 7 8197 8204 17920 19456 20481 22528 24577 32960 33152 33536 49664 57344 65560 65584 73736 98368 106496 131168 196640 196672
1 7 8197 8204 17920 19456 20481 22528 24577 32960 33152 33536 49664 57344 65560 65616 73736 98368 106496 131120 131152 131168
1 7 8197 8204 17920 19456 20481 22528 24577 32960 33152 33536 49664 57344 65560 65632 73736 98368 106496 131120 196624 196640
1 7 8197 8204 17920 19456 20481 22528 24577 32960 33152 33536 49664 57344 65560 73736 98368 106496 131120 131168 196624 196672
1 7 8197 8204 17920 19456 20481 22528 24577 32960 33152 33536 49664 57344 65576 65632 73736 98368 106496 131096 131112 131120
1 7 8197 8204 17920 19456 20481 22528 24577 32960 33152 33536 49664 57344 65584 65632 73736 98368 106496 131096 196616 196624
1 7 8197 8204 17920 19456 20481 22528 24577 32960 33152 33536 49664 57344 65584 65632 73744 98368 106496 131096 139272 139280
1 7 8197 8204 17920 19456 20481 22528 24577 32960 33152 33536 49664 57344 65584 65632 98368 106496 131096 139272 196624 204800
1 7 8197 8204 17920 19456 20481 22528 24577 32960 33152 33536 49664 57344 65584 65632 98368 131096 139272 172032 196624 229376
1 7 8197 8204 17920 19456 20481 22528 24577 32960 33152 33536 49664 57344 65632 73736 98368 106496 131096 131120 196616 196640
1 7 8197 8204 17920 19456 20481 22528 24577 32960 33152 33536 49664 57344 65632 98336 98368 131096 131120 139272 163872 172032
1 7 8197 8204 17920 19456 20481 22528 24577 32960 33152 33536 49664 57344 65632 98368 106496 131096 131120 139272 196640 204800
1 7 8197 8204 17920 19456 20481 22528 24577 32960 33152 33536 49664 57344 65632 98368 131096 131120 139272 172032 196640 229376
1 7 8197 8204 17920 19456 20481 22528 24577 32960 33152 33536 49664 57344 73736 98368 106496 131096 131120 131168 196616 196672
1 7 8197 8204 17920 19456 20481 22528 24577 32960 33152 33536 49664 57344 98368 106496 131096 131120 131168 139272 196672 204800
1 7 8197 8204 17920 19456 20481 22528 24577 32960 33152 33536 49664 57344 98368 131096 131120 131168 139272 172032 196672 229376
1 7 8197 8204 17920 19456 20481 22528 24577 32960 33152 33536 57344 82432 98816 114688 131096 131120 131168 139272 163904 172032
1 7 8197 8204 17920 19456 20481 22528 24577 32960 33152 49664 57344 66304 98560 98816 131096 131120 131168 139272 163904 172032
1 7 8197 8204 17920 19456 20481 22528 24577 32960 33152 57344 66304 82432 98560 114688 131096 131120 131168 139272 163904 172032
1 7 8197 8204 17920 19456 20481 22528 24577 32960 33408 49664 57344 65920 66176 66304 131096 131120 131168 139272 163904 172032
1 7 8197 8204 17920 19456 20481 22528 24577 32960 33536 49664 57344 65920 98432 98560 131096 131120 131168 139272 163904 172032
1 7 8197 8204 17920 19456 20481 22528 24577 32960 49664 57344 65920 66304 98432 98816 131096 131120 131168 139272 163904 172032
1 7 8197 8204 17920 19456 20481 22528 24577 32960 57344 65920 66304 82432 98432 114688 131096 131120 131168 139272 163904 172032
1 7 8197 8204 17920 19456 20481 22528 24577 33088 33536 49664 57344 65560 65584 65632 73736 98368 106496 131264 131392 131456
1 7 8197 8204 17920 19456 20481 22528 24577 33152 33536 49664 57344 65584 65632 65728 73744 98432 106496 131096 139272 139280
1 7 8197 8204 17920 19456 20481 22528 24577 33152 33536 49664 57344 65584 65632 65728 98432 106496 131096 139272 196624 204800
1 7 8197 8204 17920 19456 20481 22528 24577 33152 33536 49664 57344 65584 65632 65728 98432 131096 139272 172032 196624 229376
1 7 8197 8204 17920 19456 20481 22528 24577 33152 33536 49664 57344 65632 65728 98336 98432 131096 131120 139272 163872 172032
1 7 8197 8204 17920 19456 20481 22528 24577 33152 33536 49664 57344 65632 65728 98432 106496 131096 131120 139272 196640 204800
1 7 8197 8204 17920 19456 20481 22528 24577 33152 33536 49664 57344 65632 65728 98432 131096 131120 139272 172032 196640 229376
1 7 8197 8204 17920 19456 20481 22528 24577 33152 33536 49664 57344 65728 98368 98432 131096 131120 131168 139272 163904 172032
1 7 8197 8204 17920 19456 20481 22528 24577 33152 33536 49664 57344 65728 98432 106496 131096 131120 131168 139272 196672 204800
1 7 8197 8204 17920 19456 20481 22528 24577 33152 33536 49664 57344 65728 98432 131096 131120 131168 139272 172032 196672 229376
1 7 8197 8204 17920 19456 20481 22528 24577 33536 49664 57344 65632 65728 65920 98336 98560 131096 131120 139272 163872 172032
1 7 8197 8204 17920 19456 20481 22528 24577 33536 49664 57344 65632 65728 65920 98560 106496 131096 131120 139272 196640 204800
1 7 8197 8204 17920 19456 20481 22528 24577 33536 49664 57344 65632 65728 65920 98560 131096 131120 139272 172032 196640 229376
1 7 8197 8204 17920 19456 20481 22528 24577 33536 49664 57344 65728 65920 98368 98560 131096 131120 131168 139272 163904 172032
1 7 8197 8204 17920 19456 20481 22528 24577 33536 49664 57344 65728 65920 98560 106496 131096 131120 131168 139272 196672 204800
1 7 8197 8204 17920 19456 20481 22528 24577 33536 49664 57344 65728 65920 98560 131096 131120 131168 139272 172032 196672 229376
1 7 8197 8204 17920 19456 20481 22528 24577 40968 57344 65560 65584 65632 98312 114688 131264 131456 131840 147968 196672 212992
1 7 8197 8204 17920 19456 20481 22528 24577 40968 57344 65560 65584 98312 114688 131168 131264 131456 131840 147968 196640 212992
1 7 8197 8204 17920 19456 20481 22528 24577 40968 57344 65632 65728 65920 66304 82432 98336 114688 131096 131120 163848 163872
1 7 8197 8204 17920 19456 20481 22528 24577 40968 57344 65632 65728 65920 66304 82432 114688 131096 131120 163848 196640 229376
1 7 8197 8204 17920 19456 20481 22528 24577 40968 57344 65728 65920 66304 82432 98368 114688 131096 131120 131168 163848 163904
1 7 8197 8204 17920 19456 20481 22528 24577 40968 57344 65728 65920 66304 82432 114688 131096 131120 131168 163848 196672 229376
1 7 8197 8204 17920 19456 20481 22528 24577 49664 57344 65632 65728 65920 66304 98336 98816 131096 131120 139272 163872 172032
1 7 8197 8204 17920 19456 20481 22528 24577 49664 57344 65632 65728 65920 66304 98816 106496 131096 131120 139272 196640 204800
1 7 8197 8204 17920 19456 20481 22528 24577 49664 57344 65632 65728 65920 66304 98816 131096 131120 139272 172032 196640 229376
1 7 8197 8204 17920 19456 20481 22528 24577 49664 57344 65728 65920 66304 98368 98816 131096 131120 131168 139272 163904 172032
1 7 8197 8204 17920 19456 20481 22528 24577 49664 57344 65728 65920 66304 98816 106496 131096 131120 131168 139272 196672 204800
1 7 8197 8204 17920 19456 20481 22528 24577 49664 57344 65728 65920 66304 98816 131096 131120 131168 139272 172032 196672 229376
1 7 8197 8204 17920 19456 20481 22528 24577 57344 65560 65584 65632 73736 106496 114688 131264 131456 131840 147968 196672 212992
1 7 8197 8204 17920 19456 20481 22528 24577 57344 65560 65584 73736 106496 114688 131168 131264 131456 131840 147968 196640 212992
1 7 8197 8204 17920 19456 20481 22528 24577 57344 65632 65728 65920 66304 82432 98336 114688 131096 131120 139272 163872 172032
1 7 8197 8204 17920 19456 20481 22528 24577 57344 65632 65728 65920 66304 82432 106496 114688 131096 131120 139272 196640 204800
1 7 8197 8204 17920 19456 20481 22528 24577 57344 65632 65728 65920 66304 82432 114688 131096 131120 139272 172032 196640 229376
1 7 8197 8204 17920 19456 20481 22528 24577 57344 65728 65920 66304 82432 98368 114688 131096 131120 131168 139272 163904 172032
1 7 8197 8204 17920 19456 20481 22528 24577 57344 65728 65920 66304 82432 106496 114688 131096 131120 131168 139272 196672 204800
1 7 8197 8204 17920 19456 20481 22528 24577 57344 65728 65920 66304 82432 114688 131096 131120 131168 139272 172032 196672 229376
1 7 8197 8204 17920 19456 20481 24577 32792 32816 32864 40968 57344 65728 65920 66304 82432 98368 114688 137216 149504 151552
1 7 8197 8204 17920 19456 20481 24577 32792 32816 40968 57344 65632 65728 65920 66304 82432 98336 114688 137216 149504 151552
1 7 8197 8204 17920 19456 20481 24577 32864 32960 33152 33536 49664 57344 65560 65584 73736 98336 106496 137216 149504 151552
1 7 8197 8204 17920 19456 20481 24577 32960 33152 33536 49664 57344 65560 65584 65632 73736 98368 106496 137216 149504 151552
1 7 8197 8204 17920 19456 22528 24577 32792 32816 32864 40968 57344 65728 65920 66304 82432 98368 114688 135169 147457 151552
1 7 8197 8204 17920 19456 22528 24577 32792 32816 40968 57344 65632 65728 65920 66304 82432 98336 114688 135169 147457 151552
1 7 8197 8204 17920 19456 22528 24577 32864 32960 33152 33536 49664 57344 65560 65584 73736 98336 106496 135169 147457 151552
1 7 8197 8204 17920 19456 22528 24577 32960 33152 33536 49664 57344 65560 65584 65632 73736 98368 106496 135169 147457 151552
1 7 8197 8204 17920 19456 24577 32792 32816 32864 40968 57344 65728 65920 66304 82432 98368 114688 135169 137216 147457 149504
1 7 8197 8204 17920 19456 24577 32792 32816 40968 57344 65632 65728 65920 66304 82432 98336 114688 135169 137216 147457 149504
1 7 8197 8204 17920 19456 24577 32864 32960 33152 33536 49664 57344 65560 65584 73736 98336 106496 135169 137216 147457 149504
1 7 8197 8204 17920 19456 24577 32960 33152 33536 49664 57344 65560 65584 65632 73736 98368 106496 135169 137216 147457 149504
1 7 8197 8204 17920 20481 21504 24577 32792 32816 32864 40968 57344 65728 65920 66304 82432 98368 114688 134144 136192 137216
1 7 8197 8204 17920 20481 21504 24577 32960 33152 33536 49664 57344 65560 65584 65632 73736 98368 106496 134144 136192 137216
1 7 8197 8204 17920 20481 22528 24577 32792 32816 32864 40968 57344 65728 65920 66304 82432 98368 114688 134144 148480 149504
1 7 8197 8204 17920 20481 22528 24577 32792 32816 40968 57344 65632 65728 65920 66304 82432 98336 114688 134144 148480 149504
1 7 8197 8204 17920 20481 22528 24577 32864 32960 33152 33536 49664 57344 65560 65584 73736 98336 106496 134144 148480 149504
1 7 8197 8204 17920 20481 22528 24577 32960 33152 33536 49664 57344 65560 65584 65632 73736 98368 106496 134144 148480 149504
1 7 8197 8204 17920 20481 24577 32792 32816 32864 40968 57344 65728 65920 66304 82432 98368 114688 134144 137216 148480 151552
1 7 8197 8204 17920 20481 24577 32792 32816 40968 57344 65632 65728 65920 66304 82432 98336 114688 134144 137216 148480 151552
1 7 8197 8204 17920 20481 24577 32864 32960 33152 33536 49664 57344 65560 65584 73736 98336 106496 134144 137216 148480 151552
1 7 8197 8204 17920 20481 24577 32960 33152 33536 49664 57344 65560 65584 65632 73736 98368 106496 134144 137216 148480 151552
1 7 8197 8204 17920 24577 32792 32816 32864 40968 57344 65728 65920 66304 82432 98368 114688 134144 135169 137216 147457 148480
1 7 8197 8204 17920 24577 32792 32816 40968 57344 65632 65728 65920 66304 82432 98336 114688 134144 135169 137216 147457 148480
1 7 8197 8204 17920 24577 32864 32960 33152 33536 49664 57344 65560 65584 73736 98336 106496 134144 135169 137216 147457 148480
1 7 8197 8204 17920 24577 32960 33152 33536 49664 57344 65560 65584 65632 73736 98368 106496 134144 135169 137216 147457 148480
1 7 8197 8204 18944 20481 22528 24577 32792 32816 32864 40968 57344 65728 65920 66304 82432 98368 114688 132608 133632 134144
1 7 8197 8204 18944 20481 22528 24577 32792 32816 40968 57344 65632 65728 65920 66304 82432 98336 114688 132608 133632 134144
1 7 8197 8204 18944 20481 22528 24577 32864 32960 33152 33536 49664 57344 65560 65584 73736 98336 106496 132608 133632 134144
1 7 8197 8204 18944 20481 22528 24577 32960 33152 33536 49664 57344 65560 65584 65632 73736 98368 106496 132608 133632 134144
1 7 8197 8204 19456 20481 22528 24577 32792 32816 32864 32960 40968 57344 65920 66304 67072 82944 114688 163968 196736 229376
1 7 8197 8204 19456 20481 22528 24577 32792 32816 32864 32960 40968 57344 65920 66304 67072 98432 114688 148480 197632 212992
1 7 8197 8204 19456 20481 22528 24577 32792 32816 32864 32960 40968 57344 65920 66304 82944 98432 114688 132608 197120 197632
1 7 8197 8204 19456 20481 22528 24577 32792 32816 32864 32960 40968 57344 65920 66304 98432 114688 132608 148480 197120 212992
1 7 8197 8204 19456 20481 22528 24577 32792 32816 32864 32960 40968 57344 65920 67072 82944 98432 114688 131840 196864 197120
1 7 8197 8204 19456 20481 22528 24577 32792 32816 32864 32960 40968 57344 65920 82944 98432 114688 131840 132608 196864 197632
1 7 8197 8204 19456 20481 22528 24577 32792 32816 32864 32960 40968 57344 65920 98432 114688 131840 132608 148480 196864 212992
1 7 8197 8204 19456 20481 22528 24577 32792 32816 32864 32960 40968 57344 66176 67072 82944 98432 114688 131456 131712 131840
1 7 8197 8204 19456 20481 22528 24577 32792 32816 32864 32960 40968 57344 66304 67072 82944 98432 114688 131456 196736 196864
1 7 8197 8204 19456 20481 22528 24577 32792 32816 32864 32960 40968 57344 66304 67072 82944 114688 131456 163968 196864 229376
1 7 8197 8204 19456 20481 22528 24577 32792 32816 32864 32960 40968 57344 67072 82944 98432 114688 131456 131840 196736 197120
1 7 8197 8204 19456 20481 22528 24577 32792 32816 32864 32960 40968 57344 67072 82944 114688 131456 131840 163968 197120 229376
1 7 8197 8204 19456 20481 22528 24577 32792 32816 32864 32960 40968 57344 82944 98432 114688 131456 131840 132608 196736 197632
1 7 8197 8204 19456 20481 22528 24577 32792 32816 32864 32960 40968 57344 82944 114688 131456 131840 132608 163968 197632 229376
1 7 8197 8204 19456 20481 22528 24577 32792 32816 32864 32960 40968 57344 98432 114688 131456 131840 132608 148480 196736 212992
1 7 8197 8204 19456 20481 22528 24577 32792 32816 32864 32960 40968 57344 114688 131456 131840 132608 148480 163968 212992 229376
1 7 8197 8204 19456 20481 22528 24577 32792 32816 32864 32960 57344 65920 66304 67072 82944 98432 114688 139272 163848 172032
1 7 8197 8204 19456 20481 22528 24577 32792 32816 32864 40968 57344 65728 65920 66304 67072 82944 114688 163904 196672 229376
1 7 8197 8204 19456 20481 22528 24577 32792 32816 32864 40968 57344 65728 65920 66304 67072 98368 114688 148480 197632 212992
1 7 8197 8204 19456 20481 22528 24577 32792 32816 32864 40968 57344 65728 65920 66304 82432 98368 114688 132608 147968 148480
1 7 8197 8204 19456 20481 22528 24577 32792 32816 32864 40968 57344 65728 65920 66304 82944 98368 114688 132608 197120 197632
1 7 8197 8204 19456 20481 22528 24577 32792 32816 32864 40968 57344 65728 65920 66304 98368 114688 132608 148480 197120 212992
1 7 8197 8204 19456 20481 22528 24577 32792 32816 32864 40968 57344 65728 65920 66816 82944 98368 114688 131840 132352 132608
1 7 8197 8204 19456 20481 22528 24577 32792 32816 32864 40968 57344 65728 65920 67072 82944 98368 114688 131840 196864 197120
1 7 8197 8204 19456 20481 22528 24577 32792 32816 32864 40968 57344 65728 65920 82944 98368 114688 131840 132608 196864 197632
1 7 8197 8204 19456 20481 22528 24577 32792 32816 32864 40968 57344 65728 65920 98368 114688 131840 132608 148480 196864 212992
1 7 8197 8204 19456 20481 22528 24577 32792 32816 32864 40968 57344 65728 66176 67072 82944 98368 114688 131456 131712 131840
1 7 8197 8204 19456 20481 22528 24577 32792 32816 32864 40968 57344 65728 66304 67072 82944 98368 114688 131456 196736 196864
1 7 8197 8204 19456 20481 22528 24577 32792 32816 32864 40968 57344 65728 67072 82944 98368 114688 131456 131840 196736 197120
1 7 8197 8204 19456 20481 22528 24577 32792 32816 32864 40968 57344 65728 82944 98368 114688 131456 131840 132608 196736 197632
1 7 8197 8204 19456 20481 22528 24577 32792 32816 32864 40968 57344 65728 98368 114688 131456 131840 132608 148480 196736 212992
1 7 8197 8204 19456 20481 22528 24577 32792 32816 32864 40968 57344 65856 66304 67072 82944 98368 114688 131264 131392 131456
1 7 8197 8204 19456 20481 22528 24577 32792 32816 32864 40968 57344 65920 66304 67072 82944 98368 114688 131264 196672 196736
1 7 8197 8204 19456 20481 22528 24577 32792 32816 32864 40968 57344 65920 66304 67072 82944 98432 114688 131264 163904 163968
1 7 8197 8204 19456 20481 22528 24577 32792 32816 32864 40968 57344 65920 66304 67072 82944 114688 131264 163904 196736 229376
1 7 8197 8204 19456 20481 22528 24577 32792 32816 32864 40968 57344 66304 67072 82944 98368 114688 131264 131456 196672 196864
1 7 8197 8204 19456 20481 22528 24577 32792 32816 32864 40968 57344 66304 67072 82944 114688 131264 131456 163904 196864 229376
1 7 8197 8204 19456 20481 22528 24577 32792 32816 32864 40968 57344 67072 82944 98368 114688 131264 131456 131840 196672 197120
1 7 8197 8204 19456 20481 22528 24577 32792 32816 32864 40968 57344 67072 82944 114688 131264 131456 131840 163904 197120 229376
1 7 8197 8204 19456 20481 22528 24577 32792 32816 32864 40968 57344 82944 98368 114688 131264 131456 131840 132608 196672 197632
1 7 8197 8204 19456 20481 22528 24577 32792 32816 32864 40968 57344 82944 114688 131264 131456 131840 132608 163904 197632 229376
1 7 8197 8204 19456 20481 22528 24577 32792 32816 32864 40968 57344 98368 114688 131264 131456 131840 132608 148480 196672 212992
1 7 8197 8204 19456 20481 22528 24577 32792 32816 32864 40968 57344 114688 131264 131456 131840 132608 148480 163904 212992 229376
1 7 8197 8204 19456 20481 22528 24577 32792 32816 32864 57344 65728 65920 66304 67072 82944 98368 114688 139272 163848 172032
1 7 8197 8204 19456 20481 22528 24577 32792 32816 32928 40968 57344 65920 66304 67072 82944 98432 114688 131168 131232 131264
1 7 8197 8204 19456 20481 22528 24577 32792 32816 32960 40968 57344 65920 66304 67072 82944 98432 114688 131168 163872 163904
1 7 8197 8204 19456 20481 22528 24577 32792 32816 40968 57344 65632 65728 65920 66304 82432 98336 114688 132608 147968 148480
1 7 8197 8204 19456 20481 22528 24577 32792 32816 40968 57344 65632 65728 65920 66304 98336 114688 132608 148480 197120 212992
1 7 8197 8204 19456 20481 22528 24577 32792 32816 40968 57344 65632 65728 65920 98336 114688 131840 132608 148480 196864 212992
1 7 8197 8204 19456 20481 22528 24577 32792 32816 40968 57344 65632 65728 98336 114688 131456 131840 132608 148480 196736 212992
1 7 8197 8204 19456 20481 22528 24577 32792 32816 40968 57344 65632 98336 114688 131264 131456 131840 132608 148480 196672 212992
1 7 8197 8204 19456 20481 22528 24577 32792 32816 40968 57344 65728 65920 66304 67072 82944 98368 114688 131168 163872 163904
1 7 8197 8204 19456 20481 22528 24577 32792 32816 40968 57344 65728 65920 66304 67072 82944 114688 131168 163872 196672 229376
1 7 8197 8204 19456 20481 22528 24577 32792 32816 40968 57344 65920 66304 67072 82944 98432 114688 131168 131264 163872 163968
1 7 8197 8204 19456 20481 22528 24577 32792 32816 40968 57344 65920 66304 67072 82944 114688 131168 131264 163872 196736 229376
1 7 8197 8204 19456 20481 22528 24577 32792 32816 40968 57344 66304 67072 82944 114688 131168 131264 131456 163872 196864 229376
1 7 8197 8204 19456 20481 22528 24577 32792 32816 40968 57344 67072 82944 114688 131168 131264 131456 131840 163872 197120 229376
1 7 8197 8204 19456 20481 22528 24577 32792 32848 32960 40968 57344 65920 66304 67072 82944 98432 114688 131120 131152 131168
1 7 8197 8204 19456 20481 22528 24577 32792 32848 40968 57344 65728 65920 66304 67072 82944 98368 114688 131120 131152 131168
1 7 8197 8204 19456 20481 22528 24577 32792 32864 32960 40968 57344 65920 66304 67072 82944 98432 114688 131120 163856 163872
1 7 8197 8204 19456 20481 22528 24577 32792 32864 40968 57344 65728 65920 66304 67072 82944 98368 114688 131120 163856 163872
1 7 8197 8204 19456 20481 22528 24577 32792 32960 40968 57344 65920 66304 67072 82944 98432 114688 131120 131168 163856 163904
1 7 8197 8204 19456 20481 22528 24577 32792 40968 57344 65584 65632 65728 65920 98320 114688 131840 132608 148480 196864 212992
1 7 8197 8204 19456 20481 22528 24577 32792 40968 57344 65584 65632 65728 98320 114688 131456 131840 132608 148480 196736 212992
1 7 8197 8204 19456 20481 22528 24577 32792 40968 57344 65584 65632 98320 114688 131264 131456 131840 132608 148480 196672 212992
1 7 8197 8204 19456 20481 22528 24577 32792 40968 57344 65728 65920 66304 67072 82944 98368 114688 131120 131168 163856 163904
1 7 8197 8204 19456 20481 22528 24577 32792 40968 57344 65728 65920 66304 67072 82944 114688 131120 131168 163856 196672 229376
1 7 8197 8204 19456 20481 22528 24577 32792 40968 57344 65920 66304 67072 82944 98432 114688 131120 131168 131264 163856 163968
1 7 8197 8204 19456 20481 22528 24577 32792 40968 57344 65920 66304 67072 82944 114688 131120 131168 131264 163856 196736 229376
1 7 8197 8204 19456 20481 22528 24577 32792 40968 57344 66304 67072 82944 114688 131120 131168 131264 131456 163856 196864 229376
1 7 8197 8204 19456 20481 22528 24577 32808 32864 32960 40968 57344 65920 66304 67072 82944 98432 114688 131096 131112 131120
1 7 8197 8204 19456 20481 22528 24577 32816 32864 32960 33152 40976 57344 66304 67072 82944 98560 114688 131096 139272 139280
1 7 8197 8204 19456 20481 22528 24577 32816 32864 32960 33152 57344 66304 67072 82944 98560 114688 131096 139272 163856 172032
1 7 8197 8204 19456 20481 22528 24577 32816 32864 32960 40968 57344 65920 66304 67072 82944 98432 114688 131096 163848 163856
1 7 8197 8204 19456 20481 22528 24577 32816 32864 32960 40976 57344 65920 66304 67072 82944 98432 114688 131096 139272 139280
1 7 8197 8204 19456 20481 22528 24577 32816 32864 32960 57344 65920 66304 67072 82944 98432 114688 131096 139272 163856 172032
1 7 8197 8204 19456 20481 22528 24577 32816 32864 40968 57344 65728 65920 66304 67072 82944 98368 114688 131096 163848 163856
1 7 8197 8204 19456 20481 22528 24577 32816 32864 57344 65728 65920 66304 67072 82944 98368 114688 131096 139272 163856 172032
1 7 8197 8204 19456 20481 22528 24577 32864 32960 33152 33536 49664 57344 65560 65584 73736 98336 106496 132608 147968 148480
1 7 8197 8204 19456 20481 22528 24577 32864 32960 33152 33536 57344 67072 82944 98816 114688 131096 131120 139272 163872 172032
1 7 8197 8204 19456 20481 22528 24577 32864 32960 33152 57344 66304 67072 82944 98560 114688 131096 131120 139272 163872 172032
1 7 8197 8204 19456 20481 22528 24577 32864 32960 40968 57344 65920 66304 67072 82944 98432 114688 131096 131120 163848 163872
1 7 8197 8204 19456 20481 22528 24577 32864 32960 57344 65920 66304 67072 82944 98432 114688 131096 131120 139272 163872 172032
1 7 8197 8204 19456 20481 22528 24577 32864 40968 57344 65728 65920 66304 67072 82944 98368 114688 131096 131120 163848 163872
1 7 8197 8204 19456 20481 22528 24577 32864 57344 65728 65920 66304 67072 82944 98368 114688 131096 131120 139272 163872 172032
1 7 8197 8204 19456 20481 22528 24577 32960 33152 33536 34304 50176 57344 65560 65584 65632 73736 98368 172032 204800 229376
1 7 8197 8204 19456 20481 22528 24577 32960 33152 33536 34304 50176 57344 65560 65584 65632 98368 106496 139272 196616 204800
1 7 8197 8204 19456 20481 22528 24577 32960 33152 33536 34304 50176 57344 65560 65584 65632 98368 139272 172032 196616 229376
1 7 8197 8204 19456 20481 22528 24577 32960 33152 33536 34304 50176 57344 65560 65584 73736 98368 106496 131168 196640 196672
1 7 8197 8204 19456 20481 22528 24577 32960 33152 33536 34304 50176 57344 65560 65616 73736 98368 106496 131120 131152 131168
1 7 8197 8204 19456 20481 22528 24577 32960 33152 33536 34304 50176 57344 65560 65632 73736 98368 106496 131120 196624 196640
1 7 8197 8204 19456 20481 22528 24577 32960 33152 33536 34304 50176 57344 65560 73736 98368 106496 131120 131168 196624 196672
1 7 8197 8204 19456 20481 22528 24577 32960 33152 33536 34304 50176 57344 65584 65632 73736 98368 106496 131096 196616 196624
1 7 8197 8204 19456 20481 22528 24577 32960 33152 33536 34304 50176 57344 65584 65632 98368 106496 131096 139272 196624 204800
1 7 8197 8204 19456 20481 22528 24577 32960 33152 33536 34304 50176 57344 65584 65632 98368 131096 139272 172032 196624 229376
1 7 8197 8204 19456 20481 22528 24577 32960 33152 33536 34304 50176 57344 65632 73736 98368 106496 131096 131120 196616 196640
1 7 8197 8204 19456 20481 22528 24577 32960 33152 33536 34304 50176 57344 65632 98368 106496 131096 131120 139272 196640 204800
1 7 8197 8204 19456 20481 22528 24577 32960 33152 33536 34304 50176 57344 65632 98368 131096 131120 139272 172032 196640 229376
1 7 8197 8204 19456 20481 22528 24577 32960 33152 33536 34304 50176 57344 73736 98368 106496 131096 131120 131168 196616 196672
1 7 8197 8204 19456 20481 22528 24577 32960 33152 33536 34304 50176 57344 98368 106496 131096 131120 131168 139272 196672 204800
1 7 8197 8204 19456 20481 22528 24577 32960 33152 33536 34304 50176 57344 98368 131096 131120 131168 139272 172032 196672 229376
1 7 8197 8204 19456 20481 22528 24577 32960 33152 33536 34304 57344 82944 99328 114688 131096 131120 131168 139272 163904 172032
1 7 8197 8204 19456 20481 22528 24577 32960 33152 33536 49664 57344 65560 65584 65632 73736 98368 106496 132608 147968 148480
1 7 8197 8204 19456 20481 22528 24577 32960 33152 33536 50176 57344 67072 98816 99328 131096 131120 131168 139272 163904 172032
1 7 8197 8204 19456 20481 22528 24577 32960 33152 33536 57344 67072 82944 98816 114688 131096 131120 131168 139272 163904 172032
1 7 8197 8204 19456 20481 22528 24577 32960 33152 34048 50176 57344 66304 66816 67072 131096 131120 131168 139272 163904 172032
1 7 8197 8204 19456 20481 22528 24577 32960 33152 34304 50176 57344 66304 98560 98816 131096 131120 131168 139272 163904 172032
1 7 8197 8204 19456 20481 22528 24577 32960 33152 50176 57344 66304 67072 98560 99328 131096 131120 131168 139272 163904 172032
1 7 8197 8204 19456 20481 22528 24577 32960 33152 57344 66304 67072 82944 98560 114688 131096 131120 131168 139272 163904 172032
1 7 8197 8204 19456 20481 22528 24577 32960 33408 34304 50176 57344 65560 65584 65632 73736 98368 106496 131456 131712 131840
1 7 8197 8204 19456 20481 22528 24577 32960 33536 34304 50176 57344 65920 98432 98560 131096 131120 131168 139272 163904 172032
1 7 8197 8204 19456 20481 22528 24577 32960 34304 50176 57344 65920 66304 98432 98816 131096 131120 131168 139272 163904 172032
1 7 8197 8204 19456 20481 22528 24577 32960 40968 57344 65920 66304 67072 82944 98432 114688 131096 131120 131168 163848 163904
1 7 8197 8204 19456 20481 22528 24577 32960 50176 57344 65920 66304 67072 98432 99328 131096 131120 131168 139272 163904 172032
1 7 8197 8204 19456 20481 22528 24577 32960 57344 65920 66304 67072 82944 98432 114688 131096 131120 131168 139272 163904 172032
1 7 8197 8204 19456 20481 22528 24577 33088 33536 34304 50176 57344 65728 65856 65920 131096 131120 131168 139272 163904 172032
1 7 8197 8204 19456 20481 22528 24577 33152 33536 34304 50176 57344 65560 65584 65632 65728 73736 98432 172032 204800 229376
1 7 8197 8204 19456 20481 22528 24577 33152 33536 34304 50176 57344 65560 65584 65632 65728 98432 106496 139272 196616 204800
1 7 8197 8204 19456 20481 22528 24577 33152 33536 34304 50176 57344 65560 65584 65632 65728 98432 139272 172032 196616 229376
1 7 8197 8204 19456 20481 22528 24577 33152 33536 34304 50176 57344 65560 65584 65632 73736 98432 106496 131264 196672 196736
1 7 8197 8204 19456 20481 22528 24577 33152 33536 34304 50176 57344 65560 65584 65696 73736 98432 106496 131168 131232 131264
1 7 8197 8204 19456 20481 22528 24577 33152 33536 34304 50176 57344 65560 65584 65728 73736 98432 106496 131168 196640 196672
1 7 8197 8204 19456 20481 22528 24577 33152 33536 34304 50176 57344 65560 65584 73736 98432 106496 131168 131264 196640 196736
1 7 8197 8204 19456 20481 22528 24577 33152 33536 34304 50176 57344 65560 65616 65728 73736 98432 106496 131120 131152 131168
1 7 8197 8204 19456 20481 22528 24577 33152 33536 34304 50176 57344 65560 65632 65728 73736 98432 106496 131120 196624 196640
1 7 8197 8204 19456 20481 22528 24577 33152 33536 34304 50176 57344 65560 65728 73736 98432 106496 131120 131168 196624 196672
1 7 8197 8204 19456 20481 22528 24577 33152 33536 34304 50176 57344 65560 73736 98432 106496 131120 131168 131264 196624 196736
1 7 8197 8204 19456 20481 22528 24577 33152 33536 34304 50176 57344 65576 65632 65728 73736 98432 106496 131096 131112 131120
1 7 8197 8204 19456 20481 22528 24577 33152 33536 34304 50176 57344 65584 65632 65728 73736 98432 106496 131096 196616 196624
1 7 8197 8204 19456 20481 22528 24577 33152 33536 34304 50176 57344 65584 65632 65728 73744 98432 106496 131096 139272 139280
1 7 8197 8204 19456 20481 22528 24577 33152 33536 34304 50176 57344 65584 65632 65728 98432 106496 131096 139272 196624 204800
1 7 8197 8204 19456 20481 22528 24577 33152 33536 34304 50176 57344 65584 65632 65728 98432 131096 139272 172032 196624 229376
1 7 8197 8204 19456 20481 22528 24577 33152 33536 34304 50176 57344 65632 65728 73736 98432 106496 131096 131120 196616 196640
1 7 8197 8204 19456 20481 22528 24577 33152 33536 34304 50176 57344 65632 65728 98432 106496 131096 131120 139272 196640 204800
1 7 8197 8204 19456 20481 22528 24577 33152 33536 34304 50176 57344 65632 65728 98432 131096 131120 139272 172032 196640 229376
1 7 8197 8204 19456 20481 22528 24577 33152 33536 34304 50176 57344 65728 73736 98432 106496 131096 131120 131168 196616 196672
1 7 8197 8204 19456 20481 22528 24577 33152 33536 34304 50176 57344 65728 98368 98432 131096 131120 131168 139272 163904 172032
1 7 8197 8204 19456 20481 22528 24577 33152 33536 34304 50176 57344 65728 98432 106496 131096 131120 131168 139272 196672 204800
1 7 8197 8204 19456 20481 22528 24577 33152 33536 34304 50176 57344 65728 98432 131096 131120 131168 139272 172032 196672 229376
1 7 8197 8204 19456 20481 22528 24577 33152 33536 34304 50176 57344 73736 98432 106496 131096 131120 131168 131264 196616 196736
1 7 8197 8204 19456 20481 22528 24577 33152 33536 34304 50176 57344 98432 106496 131096 131120 131168 131264 139272 196736 204800
1 7 8197 8204 19456 20481 22528 24577 33152 33536 34304 50176 57344 98432 131096 131120 131168 131264 139272 172032 196736 229376
1 7 8197 8204 19456 20481 22528 24577 33152 33536 34304 57344 82944 99328 114688 131096 131120 131168 131264 139272 163968 172032
1 7 8197 8204 19456 20481 22528 24577 33152 33536 50176 57344 67072 98816 99328 131096 131120 131168 131264 139272 163968 172032
1 7 8197 8204 19456 20481 22528 24577 33152 33536 57344 67072 82944 98816 114688 131096 131120 131168 131264 139272 163968 172032
1 7 8197 8204 19456 20481 22528 24577 33152 34304 50176 57344 66304 98560 98816 131096 131120 131168 131264 139272 163968 172032
1 7 8197 8204 19456 20481 22528 24577 33152 50176 57344 66304 67072 98560 99328 131096 131120 131168 131264 139272 163968 172032
1 7 8197 8204 19456 20481 22528 24577 33152 57344 66304 67072 82944 98560 114688 131096 131120 131168 131264 139272 163968 172032
1 7 8197 8204 19456 20481 22528 24577 33408 34304 50176 57344 65560 65584 65632 65728 73736 98432 106496 131456 131712 131840
1 7 8197 8204 19456 20481 22528 24577 33536 34304 50176 57344 65584 65632 65728 65920 73744 98560 106496 131096 139272 139280
1 7 8197 8204 19456 20481 22528 24577 33536 34304 50176 57344 65584 65632 65728 65920 98560 106496 131096 139272 196624 204800
1 7 8197 8204 19456 20481 22528 24577 33536 34304 50176 57344 65584 65632 65728 65920 98560 131096 139272 172032 196624 229376
1 7 8197 8204 19456 20481 22528 24577 33536 34304 50176 57344 65632 65728 65920 98560 106496 131096 131120 139272 196640 204800
1 7 8197 8204 19456 20481 22528 24577 33536 34304 50176 57344 65632 65728 65920 98560 131096 131120 139272 172032 196640 229376
1 7 8197 8204 19456 20481 22528 24577 33536 34304 50176 57344 65728 65920 98368 98560 131096 131120 131168 139272 163904 172032
1 7 8197 8204 19456 20481 22528 24577 33536 34304 50176 57344 65728 65920 98560 106496 131096 131120 131168 139272 196672 204800
1 7 8197 8204 19456 20481 22528 24577 33536 34304 50176 57344 65728 65920 98560 131096 131120 131168 139272 172032 196672 229376
1 7 8197 8204 19456 20481 22528 24577 33536 34304 50176 57344 65920 98432 98560 131096 131120 131168 131264 139272 163968 172032
1 7 8197 8204 19456 20481 22528 24577 33536 34304 50176 57344 65920 98560 106496 131096 131120 131168 131264 139272 196736 204800
1 7 8197 8204 19456 20481 22528 24577 33536 34304 50176 57344 65920 98560 131096 131120 131168 131264 139272 172032 196736 229376
1 7 8197 8204 19456 20481 22528 24577 34304 50176 57344 65632 65728 65920 66304 98816 106496 131096 131120 139272 196640 204800
1 7 8197 8204 19456 20481 22528 24577 34304 50176 57344 65632 65728 65920 66304 98816 131096 131120 139272 172032 196640 229376
1 7 8197 8204 19456 20481 22528 24577 34304 50176 57344 65728 65920 66304 98368 98816 131096 131120 131168 139272 163904 172032
1 7 8197 8204 19456 20481 22528 24577 34304 50176 57344 65728 65920 66304 98816 106496 131096 131120 131168 139272 196672 204800
1 7 8197 8204 19456 20481 22528 24577 34304 50176 57344 65728 65920 66304 98816 131096 131120 131168 139272 172032 196672 229376
1 7 8197 8204 19456 20481 22528 24577 34304 50176 57344 65920 66304 98432 98816 131096 131120 131168 131264 139272 163968 172032
1 7 8197 8204 19456 20481 22528 24577 34304 50176 57344 65920 66304 98816 106496 131096 131120 131168 131264 139272 196736 204800
1 7 8197 8204 19456 20481 22528 24577 34304 50176 57344 65920 66304 98816 131096 131120 131168 131264 139272 172032 196736 229376
1 7 8197 8204 19456 20481 22528 24577 40968 57344 65560 65584 65632 65728 98312 114688 131456 131840 132608 148480 196736 212992
1 7 8197 8204 19456 20481 22528 24577 40968 57344 65560 65584 65632 98312 114688 131264 131456 131840 132608 148480 196672 212992
1 7 8197 8204 19456 20481 22528 24577 40968 57344 65728 65920 66304 67072 82944 98368 114688 131096 131120 131168 163848 163904
1 7 8197 8204 19456 20481 22528 24577 40968 57344 65728 65920 66304 67072 82944 114688 131096 131120 131168 163848 196672 229376
1 7 8197 8204 19456 20481 22528 24577 40968 57344 65920 66304 67072 82944 98432 114688 131096 131120 131168 131264 163848 163968
1 7 8197 8204 19456 20481 22528 24577 40968 57344 65920 66304 67072 82944 114688 131096 131120 131168 131264 163848 196736 229376
1 7 8197 8204 19456 20481 22528 24577 50176 57344 65728 65920 66304 67072 98368 99328 131096 131120 131168 139272 163904 172032
1 7 8197 8204 19456 20481 22528 24577 50176 57344 65728 65920 66304 67072 99328 106496 131096 131120 131168 139272 196672 204800
1 7 8197 8204 19456 20481 22528 24577 50176 57344 65728 65920 66304 67072 99328 131096 131120 131168 139272 172032 196672 229376
1 7 8197 8204 19456 20481 22528 24577 50176 57344 65920 66304 67072 98432 99328 131096 131120 131168 131264 139272 163968 172032
1 7 8197 8204 19456 20481 22528 24577 50176 57344 65920 66304 67072 99328 106496 131096 131120 131168 131264 139272 196736 204800
1 7 8197 8204 19456 20481 22528 24577 50176 57344 65920 66304 67072 99328 131096 131120 131168 131264 139272 172032 196736 229376
1 7 8197 8204 19456 20481 22528 24577 57344 65560 65584 65632 65728 73736 106496 114688 131456 131840 132608 148480 196736 212992
1 7 8197 8204 19456 20481 22528 24577 57344 65560 65584 65632 73736 106496 114688 131264 131456 131840 132608 148480 196672 212992
1 7 8197 8204 19456 20481 22528 24577 57344 65728 65920 66304 67072 82944 98368 114688 131096 131120 131168 139272 163904 172032
1 7 8197 8204 19456 20481 22528 24577 57344 65728 65920 66304 67072 82944 106496 114688 131096 131120 131168 139272 196672 204800
1 7 8197 8204 19456 20481 22528 24577 57344 65728 65920 66304 67072 82944 114688 131096 131120 131168 139272 172032 196672 229376
1 7 8197 8204 19456 20481 22528 24577 57344 65920 66304 67072 82944 98432 114688 131096 131120 131168 131264 139272 163968 172032
1 7 8197 8204 19456 20481 22528 24577 57344 65920 66304 67072 82944 106496 114688 131096 131120 131168 131264 139272 196736 204800
1 7 8197 8204 19456 20481 22528 24577 57344 65920 66304 67072 82944 114688 131096 131120 131168 131264 139272 172032 196736 229376
1 7 8197 8204 19456 20481 24577 32792 32816 32864 32960 40968 57344 65920 66304 67072 82944 98432 114688 137216 149504 151552
1 7 8197 8204 19456 20481 24577 32792 32816 32864 40968 57344 65728 65920 66304 67072 82944 98368 114688 137216 149504 151552
1 7 8197 8204 19456 20481 24577 32960 33152 33536 34304 50176 57344 65560 65584 65632 73736 98368 106496 137216 149504 151552
1 7 8197 8204 19456 20481 24577 33152 33536 34304 50176 57344 65560 65584 65632 65728 73736 98432 106496 137216 149504 151552
1 7 8197 8204 19456 22528 24577 32792 32816 32864 32960 40968 57344 65920 66304 67072 82944 98432 114688 135169 147457 151552
1 7 8197 8204 19456 22528 24577 32792 32816 32864 40968 57344 65728 65920 66304 67072 82944 98368 114688 135169 147457 151552
1 7 8197 8204 19456 22528 24577 32960 33152 33536 34304 50176 57344 65560 65584 65632 73736 98368 106496 135169 147457 151552
1 7 8197 8204 19456 22528 24577 33152 33536 34304 50176 57344 65560 65584 65632 65728 73736 98432 106496 135169 147457 151552
1 7 8197 8204 19456 24577 32792 32816 32864 32960 40968 57344 65920 66304 67072 82944 98432 114688 135169 137216 147457 149504
1 7 8197 8204 19456 24577 32792 32816 32864 40968 57344 65728 65920 66304 67072 82944 98368 114688 135169 137216 147457 149504
1 7 8197 8204 19456 24577 32960 33152 33536 34304 50176 57344 65560 65584 65632 73736 98368 106496 135169 137216 147457 149504
1 7 8197 8204 19456 24577 33152 33536 34304 50176 57344 65560 65584 65632 65728 73736 98432 106496 135169 137216 147457 149504
1 7 8197 8204 20481 21504 24577 32792 32816 32864 40968 57344 65728 65920 66304 67072 82944 98368 114688 134144 136192 137216
1 7 8197 8204 20481 21504 24577 32960 33152 33536 34304 50176 57344 65560 65584 65632 73736 98368 106496 134144 136192 137216
1 7 8197 8204 20481 22528 24577 32792 32816 32864 32960 40968 57344 65920 66304 67072 82944 98432 114688 134144 148480 149504
1 7 8197 8204 20481 22528 24577 32792 32816 32864 32960 40968 57344 65920 66304 67072 98432 114688 134144 149504 197632 212992
1 7 8197 8204 20481 22528 24577 32792 32816 32864 32960 40968 57344 65920 66304 98432 114688 132608 134144 149504 197120 212992
1 7 8197 8204 20481 22528 24577 32792 32816 32864 32960 40968 57344 67072 68608 83968 114688 131456 131840 163968 197120 229376
1 7 8197 8204 20481 22528 24577 32792 32816 32864 32960 40968 57344 68608 83968 114688 131456 131840 132608 163968 197632 229376
1 7 8197 8204 20481 22528 24577 32792 32816 32864 40968 57344 65728 65920 66304 67072 82944 98368 114688 134144 148480 149504
1 7 8197 8204 20481 22528 24577 32792 32816 32864 40968 57344 65728 65920 66304 67072 98368 114688 134144 149504 197632 212992
1 7 8197 8204 20481 22528 24577 32792 32816 32864 40968 57344 65728 65920 66304 82432 98368 114688 132608 134144 147968 149504
1 7 8197 8204 20481 22528 24577 32792 32816 32864 40968 57344 65728 65920 66304 98368 114688 132608 134144 149504 197120 212992
1 7 8197 8204 20481 22528 24577 32792 32816 32864 40968 57344 65728 65920 98368 114688 131840 132608 134144 149504 196864 212992
1 7 8197 8204 20481 22528 24577 32792 32816 32864 40968 57344 66304 67072 68608 83968 114688 131264 131456 163904 196864 229376
1 7 8197 8204 20481 22528 24577 32792 32816 32864 40968 57344 67072 68608 83968 114688 131264 131456 131840 163904 197120 229376
1 7 8197 8204 20481 22528 24577 32792 32816 32864 40968 57344 68608 83968 114688 131264 131456 131840 132608 163904 197632 229376
1 7 8197 8204 20481 22528 24577 32792 32816 40968 57344 65632 65728 65920 66304 82432 98336 114688 132608 134144 147968 149504
1 7 8197 8204 20481 22528 24577 32792 32816 40968 57344 65632 65728 65920 66304 98336 114688 132608 134144 149504 197120 212992
1 7 8197 8204 20481 22528 24577 32792 32816 40968 57344 65632 65728 65920 98336 114688 131840 132608 134144 149504 196864 212992
1 7 8197 8204 20481 22528 24577 32792 32816 40968 57344 65632 65728 98336 114688 131456 131840 132608 134144 149504 196736 212992
1 7 8197 8204 20481 22528 24577 32792 32816 40968 57344 65920 66304 67072 68608 83968 114688 131168 131264 163872 196736 229376
1 7 8197 8204 20481 22528 24577 32792 32816 40968 57344 66304 67072 68608 83968 114688 131168 131264 131456 163872 196864 229376
1 7 8197 8204 20481 22528 24577 32792 32816 40968 57344 67072 68608 83968 114688 131168 131264 131456 131840 163872 197120 229376
1 7 8197 8204 20481 22528 24577 32792 40968 57344 65584 65632 65728 65920 98320 114688 131840 132608 134144 149504 196864 212992
1 7 8197 8204 20481 22528 24577 32792 40968 57344 65584 65632 65728 98320 114688 131456 131840 132608 134144 149504 196736 212992
1 7 8197 8204 20481 22528 24577 32792 40968 57344 65920 66304 67072 68608 83968 114688 131120 131168 131264 163856 196736 229376
1 7 8197 8204 20481 22528 24577 32792 40968 57344 66304 67072 68608 83968 114688 131120 131168 131264 131456 163856 196864 229376
1 7 8197 8204 20481 22528 24577 32816 32864 32960 33152 40976 57344 66304 67072 68608 83968 98560 114688 131096 139272 139280
1 7 8197 8204 20481 22528 24577 32816 32864 32960 33152 57344 66304 67072 68608 83968 98560 114688 131096 139272 163856 172032
1 7 8197 8204 20481 22528 24577 32816 32864 32960 57344 65920 66304 67072 68608 83968 98432 114688 131096 139272 163856 172032
1 7 8197 8204 20481 22528 24577 32864 32960 33152 33536 49664 57344 65560 65584 73736 98336 106496 132608 134144 147968 149504
1 7 8197 8204 20481 22528 24577 32864 32960 33152 33536 57344 67072 68608 83968 98816 114688 131096 131120 139272 163872 172032
1 7 8197 8204 20481 22528 24577 32864 32960 33152 57344 66304 67072 68608 83968 98560 114688 131096 131120 139272 163872 172032
1 7 8197 8204 20481 22528 24577 32864 32960 57344 65920 66304 67072 68608 83968 98432 114688 131096 131120 139272 163872 172032
1 7 8197 8204 20481 22528 24577 32960 33152 33536 34304 50176 57344 65560 65584 65632 73736 98368 106496 134144 148480 149504
1 7 8197 8204 20481 22528 24577 32960 33152 33536 34304 57344 68608 83968 99328 114688 131096 131120 131168 139272 163904 172032
1 7 8197 8204 20481 22528 24577 32960 33152 33536 49664 57344 65560 65584 65632 73736 98368 106496 132608 134144 147968 149504
1 7 8197 8204 20481 22528 24577 32960 33152 33536 57344 67072 68608 83968 98816 114688 131096 131120 131168 139272 163904 172032
1 7 8197 8204 20481 22528 24577 32960 33152 57344 66304 67072 68608 83968 98560 114688 131096 131120 131168 139272 163904 172032
1 7 8197 8204 20481 22528 24577 33152 33536 34304 35840 51200 57344 65584 65632 65728 98432 106496 131096 139272 196624 204800
1 7 8197 8204 20481 22528 24577 33152 33536 34304 35840 51200 57344 65584 65632 65728 98432 131096 139272 172032 196624 229376
1 7 8197 8204 20481 22528 24577 33152 33536 34304 35840 51200 57344 65632 65728 98432 106496 131096 131120 139272 196640 204800
1 7 8197 8204 20481 22528 24577 33152 33536 34304 35840 51200 57344 65632 65728 98432 131096 131120 139272 172032 196640 229376
1 7 8197 8204 20481 22528 24577 33152 33536 34304 50176 57344 65560 65584 65632 65728 73736 98432 106496 134144 148480 149504
1 7 8197 8204 20481 22528 24577 33152 33536 34304 57344 68608 83968 99328 114688 131096 131120 131168 131264 139272 163968 172032
1 7 8197 8204 20481 22528 24577 33152 33536 57344 67072 68608 83968 98816 114688 131096 131120 131168 131264 139272 163968 172032
1 7 8197 8204 20481 22528 24577 33536 34304 35840 51200 57344 65584 65632 65728 65920 73744 98560 106496 131096 139272 139280
1 7 8197 8204 20481 22528 24577 33536 34304 35840 51200 57344 65584 65632 65728 65920 98560 106496 131096 139272 196624 204800
1 7 8197 8204 20481 22528 24577 33536 34304 35840 51200 57344 65584 65632 65728 65920 98560 131096 139272 172032 196624 229376
1 7 8197 8204 20481 22528 24577 33536 34304 35840 51200 57344 65632 65728 65920 98560 106496 131096 131120 139272 196640 204800
1 7 8197 8204 20481 22528 24577 33536 34304 35840 51200 57344 65632 65728 65920 98560 131096 131120 139272 172032 196640 229376
1 7 8197 8204 20481 22528 24577 33536 34304 35840 51200 57344 65728 65920 98560 106496 131096 131120 131168 139272 196672 204800
1 7 8197 8204 20481 22528 24577 33536 34304 35840 51200 57344 65728 65920 98560 131096 131120 131168 139272 172032 196672 229376
1 7 8197 8204 20481 22528 24577 34304 35840 51200 57344 65632 65728 65920 66304 98816 106496 131096 131120 139272 196640 204800
1 7 8197 8204 20481 22528 24577 34304 35840 51200 57344 65632 65728 65920 66304 98816 131096 131120 139272 172032 196640 229376
1 7 8197 8204 20481 22528 24577 34304 35840 51200 57344 65728 65920 66304 98816 106496 131096 131120 131168 139272 196672 204800
1 7 8197 8204 20481 22528 24577 34304 35840 51200 57344 65728 65920 66304 98816 131096 131120 131168 139272 172032 196672 229376
1 7 8197 8204 20481 22528 24577 34304 35840 51200 57344 65920 66304 98816 106496 131096 131120 131168 131264 139272 196736 204800
1 7 8197 8204 20481 22528 24577 34304 35840 51200 57344 65920 66304 98816 131096 131120 131168 131264 139272 172032 196736 229376
1 7 8197 8204 20481 22528 24577 35840 51200 57344 65728 65920 66304 67072 99328 106496 131096 131120 131168 139272 196672 204800
1 7 8197 8204 20481 22528 24577 35840 51200 57344 65728 65920 66304 67072 99328 131096 131120 131168 139272 172032 196672 229376
1 7 8197 8204 20481 22528 24577 35840 51200 57344 65920 66304 67072 99328 106496 131096 131120 131168 131264 139272 196736 204800
1 7 8197 8204 20481 22528 24577 35840 51200 57344 65920 66304 67072 99328 131096 131120 131168 131264 139272 172032 196736 229376
1 7 8197 8204 20481 24577 24584 32792 32816 32864 32960 49160 65920 66304 67072 98432 114688 134144 137216 151552 197632 212992
1 7 8197 8204 20481 24577 24584 32792 32816 32864 32960 49160 65920 66304 67072 98432 134144 137216 151552 180224 197632 229376
1 7 8197 8204 20481 24577 24584 32792 32816 32864 49160 65728 65920 66304 98368 114688 132608 134144 137216 151552 197120 212992
1 7 8197 8204 20481 24577 24584 32792 32816 32864 49160 65728 65920 66304 98368 132608 134144 137216 151552 180224 197120 229376
1 7 8197 8204 20481 24577 24584 32792 32816 49160 65632 65728 65920 98336 114688 131840 132608 134144 137216 151552 196864 212992
1 7 8197 8204 20481 24577 24584 32792 32816 49160 65632 65728 65920 98336 131840 132608 134144 137216 151552 180224 196864 229376
1 7 8197 8204 20481 24577 28672 33536 34304 35840 38912 45056 65560 65584 73736 106496 131168 131264 131456 164096 196640 229376
1 7 8197 8204 20481 24577 28672 33536 34304 35840 38912 45056 65632 65728 65920 98560 106496 131096 131120 139272 196640 204800
1 7 8197 8204 20481 24577 28672 34304 35840 38912 45056 65560 65584 65632 73736 106496 131264 131456 131840 164352 196672 229376
1 7 8197 8204 20481 24577 28672 34304 35840 38912 45056 65728 65920 66304 98816 106496 131096 131120 131168 139272 196672 204800
1 7 8197 8204 20481 24577 28672 35840 38912 45056 65560 65584 65632 65728 73736 106496 131456 131840 132608 164864 196736 229376
1 7 8197 8204 20481 24577 28672 35840 38912 45056 65920 66304 67072 99328 106496 131096 131120 131168 131264 139272 196736 204800
1 7 8197 8204 20481 24577 32792 32816 32864 32960 40968 57344 65920 66304 67072 82944 98432 114688 134144 137216 148480 151552
1 7 8197 8204 20481 24577 32792 32816 32864 32960 40968 57344 65920 66304 67072 98432 114688 134144 137216 151552 197632 212992
1 7 8197 8204 20481 24577 32792 32816 32864 32960 40968 57344 68608 71680 86016 114688 131456 131840 132608 163968 197632 229376
1 7 8197 8204 20481 24577 32792 32816 32864 40968 57344 65728 65920 66304 67072 82944 98368 114688 134144 137216 148480 151552
1 7 8197 8204 20481 24577 32792 32816 32864 40968 57344 65728 65920 66304 67072 98368 114688 134144 137216 151552 197632 212992
1 7 8197 8204 20481 24577 32792 32816 32864 40968 57344 65728 65920 66304 82432 98368 114688 132608 134144 137216 147968 151552
1 7 8197 8204 20481 24577 32792 32816 32864 40968 57344 65728 65920 66304 98368 114688 132608 134144 137216 151552 197120 212992
1 7 8197 8204 20481 24577 32792 32816 32864 40968 57344 67072 68608 71680 86016 114688 131264 131456 131840 163904 197120 229376
1 7 8197 8204 20481 24577 32792 32816 32864 40968 57344 68608 71680 86016 114688 131264 131456 131840 132608 163904 197632 229376
1 7 8197 8204 20481 24577 32792 32816 40968 57344 65632 65728 65920 66304 82432 98336 114688 132608 134144 137216 147968 151552
1 7 8197 8204 20481 24577 32792 32816 40968 57344 65632 65728 65920 66304 98336 114688 132608 134144 137216 151552 197120 212992
1 7 8197 8204 20481 24577 32792 32816 40968 57344 65632 65728 65920 98336 114688 131840 132608 134144 137216 151552 196864 212992
1 7 8197 8204 20481 24577 32792 32816 40968 57344 66304 67072 68608 71680 86016 114688 131168 131264 131456 163872 196864 229376
1 7 8197 8204 20481 24577 32792 32816 40968 57344 67072 68608 71680 86016 114688 131168 131264 131456 131840 163872 197120 229376
1 7 8197 8204 20481 24577 32864 32960 33152 33536 49664 57344 65560 65584 73736 98336 106496 132608 134144 137216 147968 151552
1 7 8197 8204 20481 24577 32864 32960 33152 33536 57344 67072 68608 71680 86016 98816 114688 131096 131120 139272 163872 172032
1 7 8197 8204 20481 24577 32864 32960 33152 57344 66304 67072 68608 71680 86016 98560 114688 131096 131120 139272 163872 172032
1 7 8197 8204 20481 24577 32960 33152 33536 34304 50176 57344 65560 65584 65632 73736 98368 106496 134144 137216 148480 151552
1 7 8197 8204 20481 24577 32960 33152 33536 34304 57344 68608 71680 86016 99328 114688 131096 131120 131168 139272 163904 172032
1 7 8197 8204 20481 24577 32960 33152 33536 49664 57344 65560 65584 65632 73736 98368 106496 132608 134144 137216 147968 151552
1 7 8197 8204 20481 24577 32960 33152 33536 57344 67072 68608 71680 86016 98816 114688 131096 131120 131168 139272 163904 172032
1 7 8197 8204 20481 24577 33152 33536 34304 50176 57344 65560 65584 65632 65728 73736 98432 106496 134144 137216 148480 151552
1 7 8197 8204 20481 24577 33152 33536 34304 57344 68608 71680 86016 99328 114688 131096 131120 131168 131264 139272 163968 172032
1 7 8197 8204 20481 24577 33536 34304 35840 38912 53248 57344 65632 65728 65920 98560 106496 131096 131120 139272 196640 204800
1 7 8197 8204 20481 24577 33536 34304 35840 38912 53248 57344 65632 65728 65920 98560 131096 131120 139272 172032 196640 229376
1 7 8197 8204 20481 24577 34304 35840 38912 53248 57344 65632 65728 65920 66304 98816 106496 131096 131120 139272 196640 204800
1 7 8197 8204 20481 24577 34304 35840 38912 53248 57344 65632 65728 65920 66304 98816 131096 131120 139272 172032 196640 229376
1 7 8197 8204 20481 24577 34304 35840 38912 53248 57344 65728 65920 66304 98816 106496 131096 131120 131168 139272 196672 204800
1 7 8197 8204 20481 24577 34304 35840 38912 53248 57344 65728 65920 66304 98816 131096 131120 131168 139272 172032 196672 229376
1 7 8197 8204 20481 24577 35840 38912 53248 57344 65728 65920 66304 67072 99328 106496 131096 131120 131168 139272 196672 204800
1 7 8197 8204 20481 24577 35840 38912 53248 57344 65728 65920 66304 67072 99328 131096 131120 131168 139272 172032 196672 229376
1 7 8197 8204 20481 24577 35840 38912 53248 57344 65920 66304 67072 99328 106496 131096 131120 131168 131264 139272 196736 204800
1 7 8197 8204 20481 24577 35840 38912 53248 57344 65920 66304 67072 99328 131096 131120 131168 131264 139272 172032 196736 229376
1 7 8197 8204 24577 24584 32792 32816 32864 32960 49160 65920 66304 67072 98432 114688 134144 135169 137216 147457 197632 212992
1 7 8197 8204 24577 24584 32792 32816 32864 32960 49160 65920 66304 67072 98432 134144 135169 137216 147457 180224 197632 229376
1 7 8197 8204 24577 24584 32792 32816 32864 49160 65728 65920 66304 67072 98368 114688 134144 135169 137216 147457 197632 212992
1 7 8197 8204 24577 24584 32792 32816 32864 49160 65728 65920 66304 67072 98368 134144 135169 137216 147457 180224 197632 229376
1 7 8197 8204 24577 24584 32792 32816 32864 49160 65728 65920 66304 98368 114688 132608 134144 135169 137216 147457 197120 212992
1 7 8197 8204 24577 24584 32792 32816 32864 49160 65728 65920 66304 98368 132608 134144 135169 137216 147457 180224 197120 229376
1 7 8197 8204 24577 24584 32792 32816 49160 65632 65728 65920 66304 98336 114688 132608 134144 135169 137216 147457 197120 212992
1 7 8197 8204 24577 24584 32792 32816 49160 65632 65728 65920 66304 98336 132608 134144 135169 137216 147457 180224 197120 229376
1 7 8197 8204 24577 32792 32816 32864 32960 40968 57344 65920 66304 67072 82944 98432 114688 134144 135169 137216 147457 148480
1 7 8197 8204 24577 32792 32816 32864 32960 40968 57344 65920 66304 67072 98432 114688 134144 135169 137216 147457 197632 212992
1 7 8197 8204 24577 32792 32816 32864 32960 40968 57344 68608 69633 71680 81921 114688 131456 131840 132608 163968 197632 229376
1 7 8197 8204 24577 32792 32816 32864 40968 57344 65728 65920 66304 67072 82944 98368 114688 134144 135169 137216 147457 148480
1 7 8197 8204 24577 32792 32816 32864 40968 57344 65728 65920 66304 67072 98368 114688 134144 135169 137216 147457 197632 212992
1 7 8197 8204 24577 32792 32816 32864 40968 57344 65728 65920 66304 82432 98368 114688 132608 134144 135169 137216 147457 147968
1 7 8197 8204 24577 32792 32816 32864 40968 57344 65728 65920 66304 98368 114688 132608 134144 135169 137216 147457 197120 212992
1 7 8197 8204 24577 32792 32816 32864 40968 57344 67072 68608 69633 71680 81921 114688 131264 131456 131840 163904 197120 229376
1 7 8197 8204 24577 32792 32816 32864 40968 57344 68608 69633 71680 81921 114688 131264 131456 131840 132608 163904 197632 229376
1 7 8197 8204 24577 32792 32816 40968 57344 65632 65728 65920 66304 82432 98336 114688 132608 134144 135169 137216 147457 147968
1 7 8197 8204 24577 32792 32816 40968 57344 65632 65728 65920 66304 98336 114688 132608 134144 135169 137216 147457 197120 212992
1 7 8197 8204 24577 32792 32816 40968 57344 67072 68608 69633 71680 81921 114688 131168 131264 131456 131840 163872 197120 229376
1 7 8197 8204 24577 32864 32960 33152 33536 49664 57344 65560 65584 73736 98336 106496 132608 134144 135169 137216 147457 147968
1 7 8197 8204 24577 32864 32960 33152 33536 57344 67072 68608 69633 71680 81921 98816 114688 131096 131120 139272 163872 172032
1 7 8197 8204 24577 32960 33152 33536 34304 50176 57344 65560 65584 65632 73736 98368 106496 134144 135169 137216 147457 148480
1 7 8197 8204 24577 32960 33152 33536 34304 57344 68608 69633 71680 81921 99328 114688 131096 131120 131168 139272 163904 172032
1 7 8197 8204 24577 32960 33152 33536 49664 57344 65560 65584 65632 73736 98368 106496 132608 134144 135169 137216 147457 147968
1 7 8197 8204 24577 32960 33152 33536 57344 67072 68608 69633 71680 81921 98816 114688 131096 131120 131168 139272 163904 172032
1 7 8197 8204 24577 33152 33536 34304 50176 57344 65560 65584 65632 65728 73736 98432 106496 134144 135169 137216 147457 148480
1 7 8197 8204 24577 33152 33536 34304 57344 68608 69633 71680 81921 99328 114688 131096 131120 131168 131264 139272 163968 172032
1 7 8197 8204 24577 34304 35840 36865 38912 49153 57344 65632 65728 65920 66304 98816 106496 131096 131120 139272 196640 204800
1 7 8197 8204 24577 34304 35840 36865 38912 49153 57344 65632 65728 65920 66304 98816 131096 131120 139272 172032 196640 229376
1 7 8197 8204 24577 34304 35840 36865 38912 49153 57344 65728 65920 66304 98816 106496 131096 131120 131168 139272 196672 204800
1 7 8197 8204 24577 34304 35840 36865 38912 49153 57344 65728 65920 66304 98816 131096 131120 131168 139272 172032 196672 229376
1 7 8197 8204 24577 35840 36865 38912 49153 57344 65728 65920 66304 67072 99328 106496 131096 131120 131168 139272 196672 204800
1 7 8197 8204 24577 35840 36865 38912 49153 57344 65728 65920 66304 67072 99328 131096 131120 131168 139272 172032 196672 229376
1 7 8197 8204 24577 35840 36865 38912 49153 57344 65920 66304 67072 99328 106496 131096 131120 131168 131264 139272 196736 204800
1 7 8197 8204 24577 35840 36865 38912 49153 57344 65920 66304 67072 99328 131096 131120 131168 131264 139272 172032 196736 229376
1 7 8197 8212 17920 19456 20481 22528 24577 32816 32864 32960 40976 57344 65920 66304 82432 98432 114688 131084 131092 131096
1 7 8197 8212 17920 19456 20481 22528 24577 32816 32864 40976 57344 65728 65920 66304 82432 98368 114688 131084 131092 131096
1 7 8197 8212 17920 19456 20481 22528 24577 32960 33152 33536 49664 57344 65584 65632 73744 98368 106496 131084 131092 131096
1 7 8197 8212 17920 19456 20481 22528 24577 33152 33536 49664 57344 65584 65632 65728 73744 98432 106496 131084 131092 131096
1 7 8197 8212 19456 20481 22528 24577 32816 32864 32960 33152 40976 57344 66304 67072 82944 98560 114688 131084 131092 131096
1 7 8197 8212 19456 20481 22528 24577 32816 32864 32960 40976 57344 65920 66304 67072 82944 98432 114688 131084 131092 131096
1 7 8197 8212 19456 20481 22528 24577 33152 33536 34304 50176 57344 65584 65632 65728 73744 98432 106496 131084 131092 131096
1 7 8197 8212 19456 20481 22528 24577 33536 34304 50176 57344 65584 65632 65728 65920 73744 98560 106496 131084 131092 131096
1 7 8197 8212 20481 22528 24577 32816 32864 32960 33152 40976 57344 66304 67072 68608 83968 98560 114688 131084 131092 131096
1 7 8197 8212 20481 22528 24577 33536 34304 35840 51200 57344 65584 65632 65728 65920 73744 98560 106496 131084 131092 131096
1 7 8197 8216 17920 19456 20481 22528 24577 32816 32864 32960 40976 57344 65920 66304 82432 98432 114688 131084 139268 139272
1 7 8197 8216 17920 19456 20481 22528 24577 32816 32864 40976 57344 65728 65920 66304 82432 98368 114688 131084 139268 139272
1 7 8197 8216 17920 19456 20481 22528 24577 32960 33152 33536 49664 57344 65584 65632 73744 98368 106496 131084 139268 139272
1 7 8197 8216 17920 19456 20481 22528 24577 33152 33536 49664 57344 65584 65632 65728 73744 98432 106496 131084 139268 139272
1 7 8197 8216 19456 20481 22528 24577 32816 32864 32960 33152 40976 57344 66304 67072 82944 98560 114688 131084 139268 139272
1 7 8197 8216 19456 20481 22528 24577 32816 32864 32960 40976 57344 65920 66304 67072 82944 98432 114688 131084 139268 139272
1 7 8197 8216 19456 20481 22528 24577 33152 33536 34304 50176 57344 65584 65632 65728 73744 98432 106496 131084 139268 139272
1 7 8197 8216 19456 20481 22528 24577 33536 34304 50176 57344 65584 65632 65728 65920 73744 98560 106496 131084 139268 139272
1 7 8197 8216 20481 22528 24577 32816 32864 32960 33152 40976 57344 66304 67072 68608 83968 98560 114688 131084 139268 139272
1 7 8197 8216 20481 22528 24577 33536 34304 35840 51200 57344 65584 65632 65728 65920 73744 98560 106496 131084 139268 139272
1 7 8197 16396 16408 24577 24580 32816 32864 32960 33152 49168 66304 67072 68608 98560 114688 135169 137216 147457 198656 212992
1 7 8197 16396 16408 24577 24580 32816 32864 32960 33152 49168 66304 67072 68608 98560 135169 137216 147457 180224 198656 229376
1 7 8197 16396 16408 24577 24580 32816 32864 32960 33152 49168 66304 67072 98560 114688 134144 135169 137216 147457 197632 212992
1 7 8197 16396 16408 24577 24580 32816 32864 32960 33152 49168 66304 67072 98560 134144 135169 137216 147457 180224 197632 229376
1 7 8197 16396 16408 24577 24580 32816 32864 32960 49168 65920 66304 67072 98432 114688 134144 135169 137216 147457 197632 212992
1 7 8197 16396 16408 24577 24580 32816 32864 32960 49168 65920 66304 67072 98432 134144 135169 137216 147457 180224 197632 229376
1 7 8197 16396 16408 24577 24580 32816 32864 32960 49168 65920 66304 98432 114688 132608 134144 135169 137216 147457 197120 212992
1 7 8197 16396 16408 24577 24580 32816 32864 32960 49168 65920 66304 98432 132608 134144 135169 137216 147457 180224 197120 229376
1 7 8197 16396 16408 24577 24580 32816 32864 49168 65728 65920 66304 98368 114688 132608 134144 135169 137216 147457 197120 212992
1 7 8197 16396 16408 24577 24580 32816 32864 49168 65728 65920 66304 98368 132608 134144 135169 137216 147457 180224 197120 229376
1 7 8197 16396 20481 24577 24580 32792 32816 32864 32960 49160 65920 66304 67072 98432 114688 134144 137216 151552 197632 212992
1 7 8197 16396 20481 24577 24580 32792 32816 32864 32960 49160 68608 71680 86016 114688 131456 131840 132608 163968 197632 229376
2 7 8197 16396 20481 24577 24580 32792 32816 32864 49160 65728 65920 66304 98368 114688 132608 134144 137216 151552 197120 212992
2 7 8197 16396 20481 24577 24580 32792 32816 32864 49160 67072 68608 71680 86016 114688 131264 131456 131840 163904 197120 229376
1 7 8197 16396 24577 24580 32792 32816 32864 32960 49160 65920 66304 67072 98432 114688 134144 135169 137216 147457 197632 212992
1 7 8197 16396 24577 24580 32792 32816 32864 32960 49160 68608 69633 71680 81921 114688 131456 131840 132608 163968 197632 229376
1 7 8197 16396 24577 24580 32792 32816 32864 49160 65728 65920 66304 67072 98368 114688 134144 135169 137216 147457 197632 212992
1 7 8197 16396 24577 24580 32792 32816 32864 49160 65728 65920 66304 98368 114688 132608 134144 135169 137216 147457 197120 212992
1 7 8197 16396 24577 24580 32792 32816 32864 49160 67072 68608 69633 71680 81921 114688 131264 131456 131840 163904 197120 229376
1 7 8197 16396 24577 24580 32792 32816 32864 49160 68608 69633 71680 81921 114688 131264 131456 131840 132608 163904 197632 229376
1 7 8197 16396 24577 24580 32792 32816 49160 65632 65728 65920 66304 98336 114688 132608 134144 135169 137216 147457 197120 212992
1 7 8197 16396 24577 24580 32792 32816 49160 67072 68608 69633 71680 81921 114688 131168 131264 131456 131840 163872 197120 229376
1 7 8197 17920 19456 20481 22528 24577 32780 32792 32816 40964 57344 65632 65728 65920 66304 82432 114688 163872 196640 229376
1 7 8197 17920 19456 20481 22528 24577 32780 32792 32816 40964 57344 65632 65728 65920 66304 98336 114688 147968 197120 212992
1 7 8197 17920 19456 20481 22528 24577 32780 32792 32816 40964 57344 65632 65728 65920 82432 98336 114688 131840 196864 197120
1 7 8197 17920 19456 20481 22528 24577 32780 32792 32816 40964 57344 65632 65728 65920 98336 114688 131840 147968 196864 212992
1 7 8197 17920 19456 20481 22528 24577 32780 32792 32816 40964 57344 65632 65728 66176 82432 98336 114688 131456 131712 131840
1 7 8197 17920 19456 20481 22528 24577 32780 32792 32816 40964 57344 65632 65728 66304 82432 98336 114688 131456 196736 196864
1 7 8197 17920 19456 20481 22528 24577 32780 32792 32816 40964 57344 65632 65728 82432 98336 114688 131456 131840 196736 197120
1 7 8197 17920 19456 20481 22528 24577 32780 32792 32816 40964 57344 65632 65728 98336 114688 131456 131840 147968 196736 212992
1 7 8197 17920 19456 20481 22528 24577 32780 32792 32816 40964 57344 65632 65920 66304 82432 98336 114688 131264 196672 196736
1 7 8197 17920 19456 20481 22528 24577 32780 32792 32816 40964 57344 65632 66304 82432 98336 114688 131264 131456 196672 196864
1 7 8197 17920 19456 20481 22528 24577 32780 32792 32816 40964 57344 65632 82432 98336 114688 131264 131456 131840 196672 197120
1 7 8197 17920 19456 20481 22528 24577 32780 32792 32816 40964 57344 65632 98336 114688 131264 131456 131840 147968 196672 212992
1 7 8197 17920 19456 20481 22528 24577 32780 32792 32816 40964 57344 65696 65920 66304 82432 98336 114688 131168 131232 131264
1 7 8197 17920 19456 20481 22528 24577 32780 32792 32816 40964 57344 65728 65920 66304 82432 98336 114688 131168 196640 196672
1 7 8197 17920 19456 20481 22528 24577 32780 32792 32816 40964 57344 65728 65920 66304 82432 114688 131168 163872 196672 229376
1 7 8197 17920 19456 20481 22528 24577 32780 32792 32816 40964 57344 65920 66304 82432 98336 114688 131168 131264 196640 196736
1 7 8197 17920 19456 20481 22528 24577 32780 32792 32816 40964 57344 65920 66304 82432 114688 131168 131264 163872 196736 229376
1 7 8197 17920 19456 20481 22528 24577 32780 32792 32816 40964 57344 66304 82432 98336 114688 131168 131264 131456 196640 196864
1 7 8197 17920 19456 20481 22528 24577 32780 32792 32816 40964 57344 66304 82432 114688 131168 131264 131456 163872 196864 229376
1 7 8197 17920 19456 20481 22528 24577 32780 32792 32816 40964 57344 82432 98336 114688 131168 131264 131456 131840 196640 197120
1 7 8197 17920 19456 20481 22528 24577 32780 32792 32816 40964 57344 82432 114688 131168 131264 131456 131840 163872 197120 229376
1 7 8197 17920 19456 20481 22528 24577 32780 32792 32816 40964 57344 98336 114688 131168 131264 131456 131840 147968 196640 212992
1 7 8197 17920 19456 20481 22528 24577 32780 32792 32816 40964 57344 114688 131168 131264 131456 131840 147968 163872 212992 229376
1 7 8197 17920 19456 20481 22528 24577 32780 32792 32816 57344 65632 65728 65920 66304 82432 98336 114688 139268 163844 172032
1 7 8197 17920 19456 20481 22528 24577 32780 32792 40964 57344 65584 65632 65728 98320 114688 131456 131840 147968 196736 212992
1 7 8197 17920 19456 20481 22528 24577 32780 32792 40964 57344 65584 65632 98320 114688 131264 131456 131840 147968 196672 212992
1 7 8197 17920 19456 20481 22528 24577 32780 32792 40964 57344 65584 98320 114688 131168 131264 131456 131840 147968 196640 212992
1 7 8197 17920 19456 20481 22528 24577 32780 32792 40964 57344 65632 65728 65920 66304 82432 98336 114688 131120 163856 163872
1 7 8197 17920 19456 20481 22528 24577 32780 32792 40964 57344 65632 65728 65920 66304 82432 114688 131120 163856 196640 229376
1 7 8197 17920 19456 20481 22528 24577 32780 32792 40964 57344 65728 65920 66304 82432 114688 131120 131168 163856 196672 229376
1 7 8197 17920 19456 20481 22528 24577 32780 32792 40964 57344 65920 66304 82432 114688 131120 131168 131264 163856 196736 229376
1 7 8197 17920 19456 20481 22528 24577 32780 32808 40964 57344 65632 65728 65920 66304 82432 98336 114688 131096 131112 131120
1 7 8197 17920 19456 20481 22528 24577 32780 32816 40964 57344 65632 65728 65920 66304 82432 98336 114688 131096 163848 163856
1 7 8197 17920 19456 20481 22528 24577 32780 40964 57344 65560 65584 65632 98312 114688 131264 131456 131840 147968 196672 212992
1 7 8197 17920 19456 20481 22528 24577 32780 40964 57344 65560 65584 98312 114688 131168 131264 131456 131840 147968 196640 212992
1 7 8197 17920 19456 20481 22528 24577 32780 40964 57344 65632 65728 65920 66304 82432 98336 114688 131096 131120 163848 163872
1 7 8197 17920 19456 20481 22528 24577 32780 40964 57344 65632 65728 65920 66304 82432 114688 131096 131120 163848 196640 229376
1 7 8197 17920 19456 20481 22528 24577 32780 40964 57344 65728 65920 66304 82432 114688 131096 131120 131168 163848 196672 229376
1 7 8197 17920 19456 20481 22528 24577 32792 32816 32864 40968 57344 65728 65920 66304 82432 98368 114688 131084 139268 139272
1 7 8197 17920 19456 20481 22528 24577 32792 32816 32864 57344 65728 65920 66304 82432 98368 114688 131084 139268 163848 172032
1 7 8197 17920 19456 20481 22528 24577 32792 32816 40964 57344 65632 65728 65920 66304 82432 98336 114688 131084 163844 163848
1 7 8197 17920 19456 20481 22528 24577 32792 32816 40968 57344 65632 65728 65920 66304 82432 98336 114688 131084 139268 139272
1 7 8197 17920 19456 20481 22528 24577 32792 32816 57344 65632 65728 65920 66304 82432 98336 114688 131084 139268 163848 172032
1 7 8197 17920 19456 20481 22528 24577 32816 32864 32960 40976 57344 65920 66304 82432 98432 114688 131084 131096 139268 139280
1 7 8197 17920 19456 20481 22528 24577 32816 32864 32960 57344 65920 66304 82432 98432 114688 131084 131096 139268 163856 172032
1 7 8197 17920 19456 20481 22528 24577 32816 32864 40976 57344 65728 65920 66304 82432 98368 114688 131084 131096 139268 139280
1 7 8197 17920 19456 20481 22528 24577 32816 32864 57344 65728 65920 66304 82432 98368 114688 131084 131096 139268 163856 172032
1 7 8197 17920 19456 20481 22528 24577 32816 40964 57344 65632 65728 65920 66304 82432 98336 114688 131084 131096 163844 163856
1 7 8197 17920 19456 20481 22528 24577 32816 57344 65632 65728 65920 66304 82432 98336 114688 131084 131096 139268 163856 172032
1 7 8197 17920 19456 20481 22528 24577 32864 32960 33152 33536 49664 57344 65548 65560 65584 73732 98336 172032 204800 229376
1 7 8197 17920 19456 20481 22528 24577 32864 32960 33152 33536 49664 57344 65548 65560 65584 98336 106496 139268 196612 204800
1 7 8197 17920 19456 20481 22528 24577 32864 32960 33152 33536 49664 57344 65548 65560 65584 98336 139268 172032 196612 229376
1 7 8197 17920 19456 20481 22528 24577 32864 32960 33152 33536 49664 57344 65548 65560 73732 98336 106496 131120 196624 196640
1 7 8197 17920 19456 20481 22528 24577 32864 32960 33152 33536 49664 57344 65548 65576 73732 98336 106496 131096 131112 131120
1 7 8197 17920 19456 20481 22528 24577 32864 32960 33152 33536 49664 57344 65548 65584 73732 98336 106496 131096 196616 196624
1 7 8197 17920 19456 20481 22528 24577 32864 32960 33152 33536 49664 57344 65548 73732 98336 106496 131096 131120 196616 196640
1 7 8197 17920 19456 20481 22528 24577 32864 32960 33152 33536 49664 57344 65560 65584 73732 98336 106496 131084 196612 196616
1 7 8197 17920 19456 20481 22528 24577 32864 32960 33152 33536 49664 57344 65560 65584 73736 98336 106496 131084 139268 139272
1 7 8197 17920 19456 20481 22528 24577 32864 32960 33152 33536 49664 57344 65560 65584 98336 106496 131084 139268 196616 204800
1 7 8197 17920 19456 20481 22528 24577 32864 32960 33152 33536 49664 57344 65560 65584 98336 131084 139268 172032 196616 229376
1 7 8197 17920 19456 20481 22528 24577 32864 32960 33152 33536 49664 57344 65584 73732 98336 106496 131084 131096 196612 196624
1 7 8197 17920 19456 20481 22528 24577 32864 32960 33152 33536 49664 57344 65584 98336 106496 131084 131096 139268 196624 204800
1 7 8197 17920 19456 20481 22528 24577 32864 32960 33152 33536 49664 57344 65584 98336 131084 131096 139268 172032 196624 229376
1 7 8197 17920 19456 20481 22528 24577 32864 32960 33152 33536 49664 57344 73732 98336 106496 131084 131096 131120 196612 196640
1 7 8197 17920 19456 20481 22528 24577 32864 32960 33152 33536 49664 57344 98336 106496 131084 131096 131120 139268 196640 204800
1 7 8197 17920 19456 20481 22528 24577 32864 32960 33152 33536 49664 57344 98336 131084 131096 131120 139268 172032 196640 229376
1 7 8197 17920 19456 20481 22528 24577 32864 32960 33152 33536 57344 82432 98816 114688 131084 131096 131120 139268 163872 172032
1 7 8197 17920 19456 20481 22528 24577 32864 32960 33152 49664 57344 66304 98560 98816 131084 131096 131120 139268 163872 172032
1 7 8197 17920 19456 20481 22528 24577 32864 32960 33152 57344 66304 82432 98560 114688 131084 131096 131120 139268 163872 172032
1 7 8197 17920 19456 20481 22528 24577 32864 32960 33408 49664 57344 65920 66176 66304 131084 131096 131120 139268 163872 172032
1 7 8197 17920 19456 20481 22528 24577 32864 32960 33536 49664 57344 65920 98432 98560 131084 131096 131120 139268 163872 172032
1 7 8197 17920 19456 20481 22528 24577 32864 32960 49664 57344 65920 66304 98432 98816 131084 131096 131120 139268 163872 172032
1 7 8197 17920 19456 20481 22528 24577 32864 32960 57344 65920 66304 82432 98432 114688 131084 131096 131120 139268 163872 172032
1 7 8197 17920 19456 20481 22528 24577 32864 33152 33536 49664 57344 65728 98368 98432 131084 131096 131120 139268 163872 172032
1 7 8197 17920 19456 20481 22528 24577 32864 33536 49664 57344 65728 65920 98368 98560 131084 131096 131120 139268 163872 172032
1 7 8197 17920 19456 20481 22528 24577 32864 49664 57344 65728 65920 66304 98368 98816 131084 131096 131120 139268 163872 172032
1 7 8197 17920 19456 20481 22528 24577 32864 57344 65728 65920 66304 82432 98368 114688 131084 131096 131120 139268 163872 172032
1 7 8197 17920 19456 20481 22528 24577 32928 33152 33536 49664 57344 65632 65696 65728 131084 131096 131120 139268 163872 172032
1 7 8197 17920 19456 20481 22528 24577 32960 33152 33536 49664 57344 65560 65584 65632 73736 98368 106496 131084 139268 139272
1 7 8197 17920 19456 20481 22528 24577 32960 33152 33536 49664 57344 65560 65584 65632 98368 106496 131084 139268 196616 204800
1 7 8197 17920 19456 20481 22528 24577 32960 33152 33536 49664 57344 65560 65584 65632 98368 131084 139268 172032 196616 229376
1 7 8197 17920 19456 20481 22528 24577 32960 33152 33536 49664 57344 65584 65632 73744 98368 106496 131084 131096 139268 139280
1 7 8197 17920 19456 20481 22528 24577 32960 33152 33536 49664 57344 65584 65632 98368 106496 131084 131096 139268 196624 204800
1 7 8197 17920 19456 20481 22528 24577 32960 33152 33536 49664 57344 65584 65632 98368 131084 131096 139268 172032 196624 229376
1 7 8197 17920 19456 20481 22528 24577 32960 33152 33536 49664 57344 65632 98336 98368 131084 131096 131120 139268 163872 172032
1 7 8197 17920 19456 20481 22528 24577 32960 33152 33536 49664 57344 65632 98368 106496 131084 131096 131120 139268 196640 204800
1 7 8197 17920 19456 20481 22528 24577 32960 33152 33536 49664 57344 65632 98368 131084 131096 131120 139268 172032 196640 229376
1 7 8197 17920 19456 20481 22528 24577 33152 33536 49664 57344 65584 65632 65728 73744 98432 106496 131084 131096 139268 139280
1 7 8197 17920 19456 20481 22528 24577 33152 33536 49664 57344 65584 65632 65728 98432 106496 131084 131096 139268 196624 204800
1 7 8197 17920 19456 20481 22528 24577 33152 33536 49664 57344 65584 65632 65728 98432 131084 131096 139268 172032 196624 229376
1 7 8197 17920 19456 20481 22528 24577 33152 33536 49664 57344 65632 65728 98336 98432 131084 131096 131120 139268 163872 172032
1 7 8197 17920 19456 20481 22528 24577 33152 33536 49664 57344 65632 65728 98432 106496 131084 131096 131120 139268 196640 204800
1 7 8197 17920 19456 20481 22528 24577 33152 33536 49664 57344 65632 65728 98432 131084 131096 131120 139268 172032 196640 229376
1 7 8197 17920 19456 20481 22528 24577 33536 49664 57344 65632 65728 65920 98336 98560 131084 131096 131120 139268 163872 172032
1 7 8197 17920 19456 20481 22528 24577 33536 49664 57344 65632 65728 65920 98560 106496 131084 131096 131120 139268 196640 204800
1 7 8197 17920 19456 20481 22528 24577 33536 49664 57344 65632 65728 65920 98560 131084 131096 131120 139268 172032 196640 229376
1 7 8197 17920 19456 20481 22528 24577 40964 57344 65548 65560 65584 98308 114688 131168 131264 131456 131840 147968 196640 212992
1 7 8197 17920 19456 20481 22528 24577 40964 57344 65632 65728 65920 66304 82432 98336 114688 131084 131096 131120 163844 163872
1 7 8197 17920 19456 20481 22528 24577 40964 57344 65632 65728 65920 66304 82432 114688 131084 131096 131120 163844 196640 229376
1 7 8197 17920 19456 20481 22528 24577 49664 57344 65632 65728 65920 66304 98336 98816 131084 131096 131120 139268 163872 172032
1 7 8197 17920 19456 20481 22528 24577 49664 57344 65632 65728 65920 66304 98816 106496 131084 131096 131120 139268 196640 204800
1 7 8197 17920 19456 20481 22528 24577 49664 57344 65632 65728 65920 66304 98816 131084 131096 131120 139268 172032 196640 229376
1 7 8197 17920 19456 20481 22528 24577 57344 65548 65560 65584 73732 106496 114688 131168 131264 131456 131840 147968 196640 212992
1 7 8197 17920 19456 20481 22528 24577 57344 65632 65728 65920 66304 82432 98336 114688 131084 131096 131120 139268 163872 172032
1 7 8197 17920 19456 20481 22528 24577 57344 65632 65728 65920 66304 82432 106496 114688 131084 131096 131120 139268 196640 204800
1 7 8197 17920 19456 20481 22528 24577 57344 65632 65728 65920 66304 82432 114688 131084 131096 131120 139268 172032 196640 229376
1 7 8197 17920 19456 20481 24577 32780 32792 32816 40964 57344 65632 65728 65920 66304 82432 98336 114688 137216 149504 151552
1 7 8197 17920 19456 20481 24577 32864 32960 33152 33536 49664 57344 65548 65560 65584 73732 98336 106496 137216 149504 151552
1 7 8197 17920 19456 22528 24577 32780 32792 32816 40964 57344 65632 65728 65920 66304 82432 98336 114688 135169 147457 151552
1 7 8197 17920 19456 22528 24577 32864 32960 33152 33536 49664 57344 65548 65560 65584 73732 98336 106496 135169 147457 151552
1 7 8197 17920 19456 24577 32780 32792 32816 40964 57344 65632 65728 65920 66304 82432 98336 114688 135169 137216 147457 149504
1 7 8197 17920 19456 24577 32864 32960 33152 33536 49664 57344 65548 65560 65584 73732 98336 106496 135169 137216 147457 149504
1 7 8197 17920 20481 22528 24577 32780 32792 32816 40964 57344 65632 65728 65920 66304 82432 98336 114688 134144 148480 149504
1 7 8197 17920 20481 22528 24577 32864 32960 33152 33536 49664 57344 65548 65560 65584 73732 98336 106496 134144 148480 149504
1 7 8197 17920 20481 24577 32780 32792 32816 40964 57344 65632 65728 65920 66304 82432 98336 114688 134144 137216 148480 151552
1 7 8197 17920 20481 24577 32864 32960 33152 33536 49664 57344 65548 65560 65584 73732 98336 106496 134144 137216 148480 151552
1 7 8197 17920 24577 32780 32792 32816 40964 57344 65632 65728 65920 66304 82432 98336 114688 134144 135169 137216 147457 148480
1 7 8197 17920 24577 32864 32960 33152 33536 49664 57344 65548 65560 65584 73732 98336 106496 134144 135169 137216 147457 148480
1 7 8197 18944 20481 22528 24577 32780 32792 32816 40964 57344 65632 65728 65920 66304 82432 98336 114688 132608 133632 134144
1 7 8197 18944 20481 22528 24577 32864 32960 33152 33536 49664 57344 65548 65560 65584 73732 98336 106496 132608 133632 134144
1 7 8197 19456 20481 22528 24577 32780 32792 32816 32864 57344 65728 65920 66304 67072 82944 98368 114688 139268 163844 172032
1 7 8197 19456 20481 22528 24577 32780 32792 32816 40964 57344 65632 65728 65920 66304 82432 98336 114688 132608 147968 148480
1 7 8197 19456 20481 22528 24577 32780 32792 32816 40964 57344 65632 65728 65920 66304 98336 114688 132608 148480 197120 212992
1 7 8197 19456 20481 22528 24577 32780 32792 32816 40964 57344 65632 65728 65920 98336 114688 131840 132608 148480 196864 212992
1 7 8197 19456 20481 22528 24577 32780 32792 32816 40964 57344 65632 65728 98336 114688 131456 131840 132608 148480 196736 212992
1 7 8197 19456 20481 22528 24577 32780 32792 32816 40964 57344 65632 98336 114688 131264 131456 131840 132608 148480 196672 212992
1 7 8197 19456 20481 22528 24577 32780 32792 40964 57344 65584 65632 65728 65920 98320 114688 131840 132608 148480 196864 212992
1 7 8197 19456 20481 22528 24577 32780 32792 40964 57344 65584 65632 65728 98320 114688 131456 131840 132608 148480 196736 212992
1 7 8197 19456 20481 22528 24577 32780 32792 40964 57344 65584 65632 98320 114688 131264 131456 131840 132608 148480 196672 212992
1 7 8197 19456 20481 22528 24577 32780 32792 40964 57344 65728 65920 66304 67072 82944 98368 114688 131120 131168 163856 163904
1 7 8197 19456 20481 22528 24577 32780 32792 40964 57344 65728 65920 66304 67072 82944 114688 131120 131168 163856 196672 229376
1 7 8197 19456 20481 22528 24577 32780 32792 40964 57344 65920 66304 67072 82944 114688 131120 131168 131264 163856 196736 229376
1 7 8197 19456 20481 22528 24577 32780 32792 40964 57344 66304 67072 82944 114688 131120 131168 131264 131456 163856 196864 229376
1 7 8197 19456 20481 22528 24577 32780 40964 57344 65560 65584 65632 65728 98312 114688 131456 131840 132608 148480 196736 212992
1 7 8197 19456 20481 22528 24577 32780 40964 57344 65560 65584 65632 98312 114688 131264 131456 131840 132608 148480 196672 212992
1 7 8197 19456 20481 22528 24577 32780 40964 57344 65728 65920 66304 67072 82944 98368 114688 131096 131120 131168 163848 163904
1 7 8197 19456 20481 22528 24577 32780 40964 57344 65728 65920 66304 67072 82944 114688 131096 131120 131168 163848 196672 229376
1 7 8197 19456 20481 22528 24577 32780 40964 57344 65920 66304 67072 82944 114688 131096 131120 131168 131264 163848 196736 229376
1 7 8197 19456 20481 22528 24577 32792 32816 32864 32960 40968 57344 65920 66304 67072 82944 98432 114688 131084 139268 139272
1 7 8197 19456 20481 22528 24577 32792 32816 32864 32960 57344 65920 66304 67072 82944 98432 114688 131084 139268 163848 172032
1 7 8197 19456 20481 22528 24577 32792 32816 32864 40968 57344 65728 65920 66304 67072 82944 98368 114688 131084 139268 139272
1 7 8197 19456 20481 22528 24577 32792 32816 32864 57344 65728 65920 66304 67072 82944 98368 114688 131084 139268 163848 172032
1 7 8197 19456 20481 22528 24577 32816 32864 32960 33152 40976 57344 66304 67072 82944 98560 114688 131084 131096 139268 139280
1 7 8197 19456 20481 22528 24577 32816 32864 32960 33152 57344 66304 67072 82944 98560 114688 131084 131096 139268 163856 172032
1 7 8197 19456 20481 22528 24577 32816 32864 32960 40976 57344 65920 66304 67072 82944 98432 114688 131084 131096 139268 139280
1 7 8197 19456 20481 22528 24577 32816 32864 32960 57344 65920 66304 67072 82944 98432 114688 131084 131096 139268 163856 172032
1 7 8197 19456 20481 22528 24577 32816 32864 57344 65728 65920 66304 67072 82944 98368 114688 131084 131096 139268 163856 172032
1 7 8197 19456 20481 22528 24577 32864 32960 33152 33536 49664 57344 65548 65560 65584 73732 98336 106496 132608 147968 148480
1 7 8197 19456 20481 22528 24577 32864 32960 33152 33536 57344 67072 82944 98816 114688 131084 131096 131120 139268 163872 172032
1 7 8197 19456 20481 22528 24577 32864 32960 33152 57344 66304 67072 82944 98560 114688 131084 131096 131120 139268 163872 172032
1 7 8197 19456 20481 22528 24577 32864 32960 57344 65920 66304 67072 82944 98432 114688 131084 131096 131120 139268 163872 172032
1 7 8197 19456 20481 22528 24577 32864 57344 65728 65920 66304 67072 82944 98368 114688 131084 131096 131120 139268 163872 172032
1 7 8197 19456 20481 22528 24577 32960 33152 33536 34304 50176 57344 65548 65560 65584 65632 98368 106496 139268 196612 204800
1 7 8197 19456 20481 22528 24577 32960 33152 33536 34304 50176 57344 65548 65560 65584 65632 98368 139268 172032 196612 229376
1 7 8197 19456 20481 22528 24577 32960 33152 33536 34304 50176 57344 65548 65560 73732 98368 106496 131120 131168 196624 196672
1 7 8197 19456 20481 22528 24577 32960 33152 33536 34304 50176 57344 65548 73732 98368 106496 131096 131120 131168 196616 196672
1 7 8197 19456 20481 22528 24577 32960 33152 33536 34304 50176 57344 65560 65584 65632 73736 98368 106496 131084 139268 139272
1 7 8197 19456 20481 22528 24577 32960 33152 33536 34304 50176 57344 65560 65584 65632 98368 106496 131084 139268 196616 204800
1 7 8197 19456 20481 22528 24577 32960 33152 33536 34304 50176 57344 65560 65584 65632 98368 131084 139268 172032 196616 229376
1 7 8197 19456 20481 22528 24577 32960 33152 33536 34304 50176 57344 65584 65632 98368 106496 131084 131096 139268 196624 204800
1 7 8197 19456 20481 22528 24577 32960 33152 33536 34304 50176 57344 65584 65632 98368 131084 131096 139268 172032 196624 229376
1 7 8197 19456 20481 22528 24577 32960 33152 33536 34304 50176 57344 65632 98368 106496 131084 131096 131120 139268 196640 204800
1 7 8197 19456 20481 22528 24577 32960 33152 33536 34304 50176 57344 73732 98368 106496 131084 131096 131120 131168 196612 196672
1 7 8197 19456 20481 22528 24577 33152 33536 34304 50176 57344 65560 65584 65632 65728 73736 98432 106496 131084 139268 139272
1 7 8197 19456 20481 22528 24577 33152 33536 34304 50176 57344 65560 65584 65632 65728 98432 106496 131084 139268 196616 204800
1 7 8197 19456 20481 22528 24577 33152 33536 34304 50176 57344 65560 65584 65632 65728 98432 131084 139268 172032 196616 229376
1 7 8197 19456 20481 22528 24577 33152 33536 34304 50176 57344 65584 65632 65728 73744 98432 106496 131084 131096 139268 139280
1 7 8197 19456 20481 22528 24577 33152 33536 34304 50176 57344 65584 65632 65728 98432 106496 131084 131096 139268 196624 204800
1 7 8197 19456 20481 22528 24577 33152 33536 34304 50176 57344 65584 65632 65728 98432 131084 131096 139268 172032 196624 229376
1 7 8197 19456 20481 22528 24577 33152 33536 34304 50176 57344 65632 65728 98432 106496 131084 131096 131120 139268 196640 204800
1 7 8197 19456 20481 22528 24577 33536 34304 50176 57344 65584 65632 65728 65920 73744 98560 106496 131084 131096 139268 139280
1 7 8197 19456 20481 22528 24577 33536 34304 50176 57344 65584 65632 65728 65920 98560 106496 131084 131096 139268 196624 204800
1 7 8197 19456 20481 22528 24577 33536 34304 50176 57344 65584 65632 65728 65920 98560 131084 131096 139268 172032 196624 229376
1 7 8197 19456 20481 22528 24577 40964 57344 65548 65560 65584 65632 98308 114688 131264 131456 131840 132608 148480 196672 212992
1 7 8197 19456 20481 22528 24577 40964 57344 65728 65920 66304 67072 82944 98368 114688 131084 131096 131120 131168 163844 163904
1 7 8197 19456 20481 22528 24577 40964 57344 65728 65920 66304 67072 82944 114688 131084 131096 131120 131168 163844 196672 229376
1 7 8197 20481 22528 24577 26624 33152 33536 34304 35840 43008 65548 65560 73732 106496 131120 131168 131264 163968 196624 229376
1 7 8197 20481 22528 24577 26624 33152 33536 34304 35840 43008 65584 65632 65728 98432 106496 131084 131096 139268 196624 204800
1 7 8197 20481 22528 24577 32780 32792 40964 57344 65584 65632 65728 65920 98320 114688 131840 132608 134144 149504 196864 212992
1 7 8197 20481 22528 24577 32780 32792 40964 57344 65584 65632 65728 98320 114688 131456 131840 132608 134144 149504 196736 212992
1 7 8197 20481 22528 24577 32816 32864 32960 33152 57344 66304 67072 68608 83968 98560 114688 131084 131096 139268 163856 172032
1 7 8197 20481 22528 24577 32816 32864 32960 57344 65920 66304 67072 68608 83968 98432 114688 131084 131096 139268 163856 172032
1 7 8197 20481 22528 24577 33152 33536 34304 35840 51200 57344 65584 65632 65728 98432 106496 131084 131096 139268 196624 204800
1 7 8197 24577 24580 32780 32792 32816 32864 49156 65728 65920 66304 67072 98368 114688 134144 135169 137216 147457 197632 212992
1 7 8197 24577 24580 32780 32792 32816 32864 49156 65728 65920 66304 67072 98368 134144 135169 137216 147457 180224 197632 229376
1 11 8198 8202 8204 16393 16408 34304 35840 36865 38912 49153 65584 65632 81936 114688 131264 131456 131840 164352 196672 229376
1 11 8198 8202 8204 16393 16408 34304 35840 36865 38912 49153 65728 65920 66304 98816 114688 131120 131168 147472 196672 212992
1 11 8198 8202 8204 16393 16408 35840 36865 38912 49153 65584 65632 65728 81936 114688 131456 131840 132608 164864 196736 229376
1 11 8198 8202 8204 16393 16408 35840 36865 38912 49153 65920 66304 67072 99328 114688 131120 131168 131264 147472 196736 212992
1 11 8198 8202 8204 16393 20481 34304 35840 38912 53248 65728 65920 66304 98816 114688 131096 131120 131168 147464 196672 212992
1 11 8198 8202 8204 16393 20481 34304 35840 38912 53248 65728 65920 66304 98816 131096 131120 131168 147464 180224 196672 229376
1 11 8198 8202 8204 16393 20481 35840 38912 53248 65920 66304 67072 99328 114688 131096 131120 131168 131264 147464 196736 212992
1 11 8198 8202 8204 16393 20481 35840 38912 53248 65920 66304 67072 99328 131096 131120 131168 131264 147464 180224 196736 229376
1 11 8198 8202 8204 16393 34304 35840 36865 38912 49153 65560 65584 65632 81928 114688 131264 131456 131840 164352 196672 229376
1 11 8198 8202 8204 16393 34304 35840 36865 38912 49153 65728 65920 66304 98816 114688 131096 131120 131168 147464 196672 212992
1 11 8198 8202 8204 16393 35840 36865 38912 49153 65560 65584 65632 65728 81928 114688 131456 131840 132608 164864 196736 229376
1 11 8198 8202 8204 16393 35840 36865 38912 49153 65920 66304 67072 99328 114688 131096 131120 131168 131264 147464 196736 212992
1 8195 8197 8198 16389 16396 16408 34304 35840 36865 38912 49153 65584 65632 65728 81936 114688 131456 131840 164352 196736 229376
1 8195 8197 8198 16389 16396 16408 34304 35840 36865 38912 49153 65584 65632 81936 114688 131264 131456 131840 164352 196672 229376
1 8195 8197 8198 16389 16396 16408 34304 35840 36865 38912 49153 65728 65920 66304 98816 114688 131120 131168 147472 196672 212992
1 8195 8197 8198 16389 16396 16408 34304 35840 36865 38912 49153 65920 66304 98816 114688 131120 131168 131264 147472 196736 212992
1 8195 8197 8198 16389 16396 16408 35840 36865 38912 49153 65584 65632 65728 65920 81936 114688 131840 132608 164864 196864 229376
1 8195 8197 8198 16389 16396 16408 35840 36865 38912 49153 65584 65632 65728 81936 114688 131456 131840 132608 164864 196736 229376
1 8195 8197 8198 16389 16396 16408 35840 36865 38912 49153 65920 66304 67072 99328 114688 131120 131168 131264 147472 196736 212992
1 8195 8197 8198 16389 16396 16408 35840 36865 38912 49153 66304 67072 99328 114688 131120 131168 131264 131456 147472 196864 212992
1 8195 8197 8198 16389 16396 16408 36865 38912 49153 65584 65632 65728 65920 81936 114688 131840 132608 134144 165888 196864 229376
1 8195 8197 8198 16389 16396 16408 36865 38912 49153 66304 67072 68608 100352 114688 131120 131168 131264 131456 147472 196864 212992
1 8195 8197 8198 16389 16396 20481 33536 34304 35840 38912 53248 65632 65728 65920 98560 114688 131096 131120 147464 196640 212992
1 8195 8197 8198 16389 16396 20481 33536 34304 35840 38912 53248 65632 65728 65920 98560 131096 131120 147464 180224 196640 229376
2 8195 8197 8198 16389 16396 20481 34304 35840 38912 53248 65728 65920 66304 98816 114688 131096 131120 131168 147464 196672 212992
2 8195 8197 8198 16389 16396 20481 34304 35840 38912 53248 65728 65920 66304 98816 131096 131120 131168 147464 180224 196672 229376
1 8195 8197 8198 16389 16396 34304 35840 36865 38912 49153 65560 65584 65632 81928 114688 131264 131456 131840 164352 196672 229376
1 8195 8197 8198 16389 16396 34304 35840 36865 38912 49153 65560 65584 81928 114688 131168 131264 131456 131840 164352 196640 229376
1 8195 8197 8198 16389 16396 34304 35840 36865 38912 49153 65632 65728 65920 66304 98816 114688 131096 131120 147464 196640 212992
1 8195 8197 8198 16389 16396 34304 35840 36865 38912 49153 65728 65920 66304 98816 114688 131096 131120 131168 147464 196672 212992
1 8195 8197 8198 16389 16396 35840 36865 38912 49153 65560 65584 65632 65728 81928 114688 131456 131840 132608 164864 196736 229376
1 8195 8197 8198 16389 16396 35840 36865 38912 49153 65560 65584 65632 81928 114688 131264 131456 131840 132608 164864 196672 229376
1 8195 8197 8198 16389 16396 35840 36865 38912 49153 65728 65920 66304 67072 99328 114688 131096 131120 131168 147464 196672 212992
1 8195 8197 8198 16389 16396 35840 36865 38912 49153 65920 66304 67072 99328 114688 131096 131120 131168 131264 147464 196736 212992
1 8195 8197 8198 16389 34304 35840 36865 38912 49153 65548 65560 65584 81924 114688 131168 131264 131456 131840 164352 196640 229376
1 8195 8197 8198 16389 34304 35840 36865 38912 49153 65632 65728 65920 66304 98816 114688 131084 131096 131120 147460 196640 212992
1 8195 8198 8201 8204 16393 16408 32816 32864 32960 49168 65920 66304 67072 98432 114688 134144 135169 137216 147457 197632 212992
1 8195 8198 8201 8204 16393 16408 32816 32864 32960 49168 65920 66304 67072 98432 134144 135169 137216 147457 180224 197632 229376
1 8195 8198 8201 8204 16393 16408 32816 32864 49168 65728 65920 66304 98368 114688 132608 134144 135169 137216 147457 197120 212992
1 8195 8198 8201 8204 16393 16408 32816 32864 49168 65728 65920 66304 98368 132608 134144 135169 137216 147457 180224 197120 229376
1 8195 8198 8201 8204 16393 32792 32816 32864 32960 49160 65920 66304 67072 98432 114688 134144 135169 137216 147457 197632 212992
1 8195 8198 8201 8204 16393 32792 32816 32864 32960 49160 68608 69633 71680 81921 114688 131456 131840 132608 163968 197632 229376
1 8195 8198 8204 8216 16432 16480 16576 16768 24592 33536 34304 35840 49408 57344 69633 71680 73729 106496 165888 198656 229376
1 8195 8198 8204 8216 16432 16480 16576 16768 24592 33536 34304 35840 49408 57344 69633 71680 100352 106496 139265 196609 204800
1 8195 8198 8204 8216 16432 16480 16576 16768 24592 33536 34304 35840 49408 57344 69633 73729 100352 106496 137216 198656 200704
1 8195 8198 8204 8216 16432 16480 16576 16768 24592 33536 34304 35840 49408 57344 69633 73729 106496 137216 165888 200704 229376
1 8195 8198 8204 8216 16432 16480 16576 16768 24592 33536 34304 35840 49408 57344 71680 73729 100352 106496 135169 196609 200704
1 8195 8198 8204 8216 16432 16480 16576 16768 24592 33536 34304 35840 49408 57344 71680 100352 106496 135169 139265 200704 204800
1 8195 8198 8204 8216 16432 16480 16576 16768 24592 33536 34304 35840 49408 57344 73729 100352 106496 135169 137216 196609 198656
1 8195 8198 8204 8216 16432 16480 16576 16768 24592 33536 34304 35840 49408 57344 73729 106496 135169 137216 165888 196609 229376
1 8195 8198 8204 8216 16432 16480 16576 16768 24592 33536 34304 35840 49408 57344 100352 106496 135169 137216 139265 198656 204800
1 8195 8198 8204 8216 16432 16480 16576 16768 24592 33536 34304 35840 49408 57344 106496 135169 137216 139265 165888 204800 229376
1 8195 8198 8204 8216 16432 16480 16576 16768 24592 33536 34304 35840 49408 69633 71680 73729 90112 114688 165888 198656 229376
1 8195 8198 8204 8216 16432 16480 16576 16768 24592 33536 34304 35840 49408 69633 71680 73729 100352 114688 155648 204800 212992
1 8195 8198 8204 8216 16432 16480 16576 16768 24592 33536 34304 35840 49408 69633 71680 90112 100352 114688 139265 196609 204800
1 8195 8198 8204 8216 16432 16480 16576 16768 24592 33536 34304 35840 49408 69633 71680 100352 114688 139265 155648 196609 212992
1 8195 8198 8204 8216 16432 16480 16576 16768 24592 33536 34304 35840 49408 69633 73729 90112 100352 114688 137216 198656 200704
1 8195 8198 8204 8216 16432 16480 16576 16768 24592 33536 34304 35840 49408 69633 73729 90112 114688 137216 165888 200704 229376
1 8195 8198 8204 8216 16432 16480 16576 16768 24592 33536 34304 35840 49408 71680 73729 90112 100352 114688 135169 196609 200704
1 8195 8198 8204 8216 16432 16480 16576 16768 24592 33536 34304 35840 49408 71680 90112 100352 114688 135169 139265 200704 204800
1 8195 8198 8204 8216 16432 16480 16576 16768 24592 33536 34304 35840 49408 71680 100352 114688 135169 139265 155648 200704 212992
1 8195 8198 8204 8216 16432 16480 16576 16768 24592 33536 34304 35840 49408 73729 90112 100352 114688 135169 137216 196609 198656
1 8195 8198 8204 8216 16432 16480 16576 16768 24592 33536 34304 35840 49408 73729 90112 114688 135169 137216 165888 196609 229376
1 8195 8198 8204 8216 16432 16480 16576 16768 24592 33536 34304 35840 49408 90112 100352 114688 135169 137216 139265 198656 204800
1 8195 8198 8204 8216 16432 16480 16576 16768 24592 33536 34304 35840 49408 90112 106496 114688 135169 137216 139265 165888 172032
1 8195 8198 8204 8216 16432 16480 16576 16768 24592 33536 34304 35840 49408 90112 114688 135169 137216 139265 165888 204800 229376
1 8195 8198 8204 8216 16432 16480 16576 16768 24592 33536 34304 35840 49408 100352 114688 135169 137216 139265 155648 198656 212992
1 8195 8198 8204 8216 16432 16480 16576 16768 24592 33536 34304 35840 49408 114688 135169 137216 139265 155648 165888 212992 229376
1 8195 8198 8204 8216 16432 16480 16576 16768 24592 33536 34304 49408 57344 68608 69633 71680 99328 106496 139265 196609 204800
1 8195 8198 8204 8216 16432 16480 16576 16768 24592 33536 34304 49408 57344 68608 69633 73729 99328 106496 137216 198656 200704
1 8195 8198 8204 8216 16432 16480 16576 16768 24592 33536 34304 49408 57344 68608 71680 73729 99328 106496 135169 196609 200704
1 8195 8198 8204 8216 16432 16480 16576 16768 24592 33536 34304 49408 57344 68608 71680 99328 106496 135169 139265 200704 204800
1 8195 8198 8204 8216 16432 16480 16576 16768 24592 33536 34304 49408 57344 68608 73729 99328 106496 135169 137216 196609 198656
1 8195 8198 8204 8216 16432 16480 16576 16768 24592 33536 34304 49408 57344 68608 99328 106496 135169 137216 139265 198656 204800
1 8195 8198 8204 8216 16432 16480 16576 16768 24592 33536 34304 49408 57344 69633 71680 73729 99328 106496 134144 197632 198656
1 8195 8198 8204 8216 16432 16480 16576 16768 24592 33536 34304 49408 57344 69633 71680 73729 100352 106496 134144 164864 165888
1 8195 8198 8204 8216 16432 16480 16576 16768 24592 33536 34304 49408 57344 69633 71680 73729 106496 134144 164864 198656 229376
1 8195 8198 8204 8216 16432 16480 16576 16768 24592 33536 34304 49408 57344 69633 73729 99328 106496 134144 137216 197632 200704
1 8195 8198 8204 8216 16432 16480 16576 16768 24592 33536 34304 49408 57344 69633 73729 106496 134144 137216 164864 200704 229376
1 8195 8198 8204 8216 16432 16480 16576 16768 24592 33536 34304 49408 57344 73729 99328 106496 134144 135169 137216 196609 197632
1 8195 8198 8204 8216 16432 16480 16576 16768 24592 33536 34304 49408 57344 73729 106496 134144 135169 137216 164864 196609 229376
1 8195 8198 8204 8216 16432 16480 16576 16768 24592 33536 34304 49408 68608 69633 71680 90112 99328 114688 139265 196609 204800
1 8195 8198 8204 8216 16432 16480 16576 16768 24592 33536 34304 49408 68608 69633 71680 99328 114688 139265 155648 196609 212992
1 8195 8198 8204 8216 16432 16480 16576 16768 24592 33536 34304 49408 68608 69633 73729 90112 99328 114688 137216 198656 200704
1 8195 8198 8204 8216 16432 16480 16576 16768 24592 33536 34304 49408 68608 71680 73729 90112 99328 114688 135169 196609 200704
1 8195 8198 8204 8216 16432 16480 16576 16768 24592 33536 34304 49408 68608 71680 90112 99328 114688 135169 139265 200704 204800
1 8195 8198 8204 8216 16432 16480 16576 16768 24592 33536 34304 49408 68608 71680 99328 114688 135169 139265 155648 200704 212992
1 8195 8198 8204 8216 16432 16480 16576 16768 24592 33536 34304 49408 68608 73729 90112 99328 114688 135169 137216 196609 198656
2 8195 8198 8204 8216 16432 16480 16576 16768 24592 33536 34304 49408 68608 90112 99328 114688 135169 137216 139265 198656 204800
1 8195 8198 8204 8216 16432 16480 16576 16768 24592 33536 34304 49408 69633 73729 90112 99328 114688 134144 137216 197632 200704
1 8195 8198 8204 8216 16432 16480 16576 16768 24592 33536 34304 49408 69633 73729 90112 114688 134144 137216 164864 200704 229376
1 8195 8198 8204 8216 16432 16480 16576 16768 24592 33536 34304 49408 73729 90112 99328 114688 134144 135169 137216 196609 197632
1 8195 8198 8204 8216 16432 16480 16576 16768 24592 33536 34304 49408 73729 90112 114688 134144 135169 137216 164864 196609 229376
1 8195 8198 8204 8216 16432 16480 16576 16768 24592 33536 49408 57344 67072 68608 71680 98816 106496 135169 139265 200704 204800
1 8195 8198 8204 8216 16432 16480 16576 16768 24592 33536 49408 57344 69633 73729 106496 132608 134144 137216 164352 200704 229376
2 8195 8198 8204 8216 16432 16480 16576 16768 24592 33536 49408 67072 68608 71680 90112 98816 114688 135169 139265 200704 204800
1 8195 8198 8204 8216 16432 16480 16576 24592 33152 33536 34304 49280 57344 68608 69633 71680 73729 99328 172032 204800 229376
1 8195 8198 8204 8216 16432 16480 16576 24592 33152 33536 34304 49280 57344 68608 69633 71680 99328 106496 139265 196609 204800
1 8195 8198 8204 8216 16432 16480 16576 24592 33152 33536 34304 49280 57344 68608 69633 71680 99328 139265 172032 196609 229376
1 8195 8198 8204 8216 16432 16480 16576 24592 33152 33536 34304 49280 57344 68608 69633 73729 99328 106496 137216 198656 200704
1 8195 8198 8204 8216 16432 16480 16576 24592 33152 33536 34304 49280 57344 68608 71680 73729 99328 106496 135169 196609 200704
1 8195 8198 8204 8216 16432 16480 16576 24592 33152 33536 34304 49280 57344 68608 71680 99328 106496 135169 139265 200704 204800
1 8195 8198 8204 8216 16432 16480 16576 24592 33152 33536 34304 49280 57344 68608 71680 99328 135169 139265 172032 200704 229376
1 8195 8198 8204 8216 16432 16480 16576 24592 33152 33536 34304 49280 57344 68608 73729 99328 106496 135169 137216 196609 198656
1 8195 8198 8204 8216 16432 16480 16576 24592 33152 33536 34304 49280 57344 68608 99328 106496 135169 137216 139265 198656 204800
1 8195 8198 8204 8216 16432 16480 16576 24592 33152 33536 34304 49280 57344 68608 99328 135169 137216 139265 172032 198656 229376
1 8195 8198 8204 8216 16432 16480 16576 24592 33152 33536 34304 49280 57344 69633 71680 73729 99328 106496 134144 197632 198656
1 8195 8198 8204 8216 16432 16480 16576 24592 33152 33536 34304 49280 57344 69633 73729 99328 106496 134144 137216 197632 200704
1 8195 8198 8204 8216 16432 16480 16576 24592 33152 33536 34304 49280 57344 73729 99328 106496 134144 135169 137216 196609 197632
1 8195 8198 8204 8216 16432 16480 16576 24592 33152 33536 34304 49280 57344 99328 106496 134144 135169 137216 139265 197632 204800
1 8195 8198 8204 8216 16432 16480 16576 24592 33152 33536 34304 49280 57344 99328 134144 135169 137216 139265 172032 197632 229376
2 8195 8198 8204 8216 16432 16480 16576 24592 33152 33536 34304 49280 68608 69633 71680 73729 90112 99328 180224 212992 229376
2 8195 8198 8204 8216 16432 16480 16576 24592 33152 33536 34304 49280 68608 69633 71680 73729 99328 114688 155648 204800 212992
2 8195 8198 8204 8216 16432 16480 16576 24592 33152 33536 34304 49280 68608 69633 71680 73729 99328 155648 180224 204800 229376
1 8195 8198 8204 8216 16432 16480 16576 24592 33152 33536 34304 49280 68608 69633 71680 90112 99328 114688 139265 196609 204800
1 8195 8198 8204 8216 16432 16480 16576 24592 33152 33536 34304 49280 68608 69633 71680 99328 114688 139265 155648 196609 212992
1 8195 8198 8204 8216 16432 16480 16576 24592 33152 33536 34304 49280 68608 69633 71680 99328 139265 155648 180224 196609 229376
1 8195 8198 8204 8216 16432 16480 16576 24592 33152 33536 34304 49280 68608 69633 73729 90112 99328 114688 137216 198656 200704
1 8195 8198 8204 8216 16432 16480 16576 24592 33152 33536 34304 49280 68608 71680 73729 90112 99328 114688 135169 196609 200704
1 8195 8198 8204 8216 16432 16480 16576 24592 33152 33536 34304 49280 68608 71680 90112 99328 114688 135169 139265 200704 204800
1 8195 8198 8204 8216 16432 16480 16576 24592 33152 33536 34304 49280 68608 71680 99328 114688 135169 139265 155648 200704 212992
1 8195 8198 8204 8216 16432 16480 16576 24592 33152 33536 34304 49280 68608 71680 99328 135169 139265 155648 180224 200704 229376
1 8195 8198 8204 8216 16432 16480 16576 24592 33152 33536 34304 49280 68608 73729 90112 99328 114688 135169 137216 196609 198656
1 8195 8198 8204 8216 16432 16480 16576 24592 33152 33536 34304 49280 68608 90112 99328 114688 135169 137216 139265 198656 204800
1 8195 8198 8204 8216 16432 16480 16576 24592 33152 33536 34304 49280 68608 99328 114688 135169 137216 139265 155648 198656 212992
1 8195 8198 8204 8216 16432 16480 16576 24592 33152 33536 34304 49280 68608 99328 135169 137216 139265 155648 180224 198656 229376
1 8195 8198 8204 8216 16432 16480 16576 24592 33152 33536 34304 49280 69633 71680 73729 90112 99328 114688 134144 197632 198656
1 8195 8198 8204 8216 16432 16480 16576 24592 33152 33536 34304 49280 69633 73729 90112 99328 114688 134144 137216 197632 200704
1 8195 8198 8204 8216 16432 16480 16576 24592 33152 33536 34304 49280 73729 90112 99328 114688 134144 135169 137216 196609 197632
1 8195 8198 8204 8216 16432 16480 16576 24592 33152 33536 34304 49280 90112 99328 114688 134144 135169 137216 139265 197632 204800
1 8195 8198 8204 8216 16432 16480 16576 24592 33152 33536 34304 49280 99328 114688 134144 135169 137216 139265 155648 197632 212992
1 8195 8198 8204 8216 16432 16480 16576 24592 33152 33536 34304 49280 99328 134144 135169 137216 139265 155648 180224 197632 229376
1 8195 8198 8204 8216 16432 16480 16576 24592 33152 33536 49280 57344 67072 68608 69633 71680 98816 106496 139265 196609 204800
1 8195 8198 8204 8216 16432 16480 16576 24592 33152 33536 49280 57344 67072 68608 69633 71680 98816 139265 172032 196609 229376
1 8195 8198 8204 8216 16432 16480 16576 24592 33152 33536 49280 57344 67072 68608 69633 73729 98816 106496 137216 198656 200704
1 8195 8198 8204 8216 16432 16480 16576 24592 33152 33536 49280 57344 67072 68608 71680 73729 98816 106496 135169 196609 200704
1 8195 8198 8204 8216 16432 16480 16576 24592 33152 33536 49280 57344 67072 68608 71680 98816 106496 135169 139265 200704 204800
1 8195 8198 8204 8216 16432 16480 16576 24592 33152 33536 49280 57344 67072 68608 71680 98816 135169 139265 172032 200704 229376
1 8195 8198 8204 8216 16432 16480 16576 24592 33152 33536 49280 57344 67072 68608 73729 98816 106496 135169 137216 196609 198656
1 8195 8198 8204 8216 16432 16480 16576 24592 33152 33536 49280 57344 67072 68608 98816 106496 135169 137216 139265 198656 204800
1 8195 8198 8204 8216 16432 16480 16576 24592 33152 33536 49280 57344 67072 68608 98816 135169 137216 139265 172032 198656 229376
1 8195 8198 8204 8216 16432 16480 16576 24592 33152 33536 49280 57344 67072 69633 71680 73729 98816 106496 134144 197632 198656
1 8195 8198 8204 8216 16432 16480 16576 24592 33152 33536 49280 57344 67072 69633 73729 98816 106496 134144 137216 197632 200704
1 8195 8198 8204 8216 16432 16480 16576 24592 33152 33536 49280 57344 67072 73729 98816 106496 134144 135169 137216 196609 197632
1 8195 8198 8204 8216 16432 16480 16576 24592 33152 33536 49280 57344 67072 98816 99328 134144 135169 137216 139265 164864 172032
1 8195 8198 8204 8216 16432 16480 16576 24592 33152 33536 49280 57344 67072 98816 106496 134144 135169 137216 139265 197632 204800
1 8195 8198 8204 8216 16432 16480 16576 24592 33152 33536 49280 57344 67072 98816 134144 135169 137216 139265 172032 197632 229376
1 8195 8198 8204 8216 16432 16480 16576 24592 33152 33536 49280 57344 68608 69633 71680 73729 98816 106496 132608 197120 197632
1 8195 8198 8204 8216 16432 16480 16576 24592 33152 33536 49280 57344 69633 71680 73729 98816 106496 132608 134144 197120 198656
1 8195 8198 8204 8216 16432 16480 16576 24592 33152 33536 49280 57344 69633 73729 98816 106496 132608 134144 137216 197120 200704
1 8195 8198 8204 8216 16432 16480 16576 24592 33152 33536 49280 57344 73729 98816 106496 132608 134144 135169 137216 196609 197120
1 8195 8198 8204 8216 16432 16480 16576 24592 33152 33536 49280 67072 68608 69633 71680 90112 98816 114688 139265 196609 204800
1 8195 8198 8204 8216 16432 16480 16576 24592 33152 33536 49280 67072 68608 69633 71680 98816 114688 139265 155648 196609 212992
1 8195 8198 8204 8216 16432 16480 16576 24592 33152 33536 49280 67072 68608 69633 71680 98816 139265 155648 180224 196609 229376
1 8195 8198 8204 8216 16432 16480 16576 24592 33152 33536 49280 67072 68608 69633 73729 90112 98816 114688 137216 198656 200704
1 8195 8198 8204 8216 16432 16480 16576 24592 33152 33536 49280 67072 68608 71680 73729 90112 98816 114688 135169 196609 200704
1 8195 8198 8204 8216 16432 16480 16576 24592 33152 33536 49280 67072 68608 71680 90112 98816 114688 135169 139265 200704 204800
1 8195 8198 8204 8216 16432 16480 16576 24592 33152 33536 49280 67072 68608 71680 98816 114688 135169 139265 155648 200704 212992
1 8195 8198 8204 8216 16432 16480 16576 24592 33152 33536 49280 67072 68608 71680 98816 135169 139265 155648 180224 200704 229376
1 8195 8198 8204 8216 16432 16480 16576 24592 33152 33536 49280 67072 68608 73729 90112 98816 114688 135169 137216 196609 198656
1 8195 8198 8204 8216 16432 16480 16576 24592 33152 33536 49280 67072 68608 90112 98816 114688 135169 137216 139265 198656 204800
1 8195 8198 8204 8216 16432 16480 16576 24592 33152 33536 49280 67072 68608 98816 114688 135169 137216 139265 155648 198656 212992
1 8195 8198 8204 8216 16432 16480 16576 24592 33152 33536 49280 67072 68608 98816 135169 137216 139265 155648 180224 198656 229376
1 8195 8198 8204 8216 16432 16480 16576 24592 33152 33536 49280 67072 69633 71680 73729 90112 98816 114688 134144 197632 198656
1 8195 8198 8204 8216 16432 16480 16576 24592 33152 33536 49280 67072 69633 73729 90112 98816 114688 134144 137216 197632 200704
1 8195 8198 8204 8216 16432 16480 16576 24592 33152 33536 49280 67072 73729 90112 98816 114688 134144 135169 137216 196609 197632
1 8195 8198 8204 8216 16432 16480 16576 24592 33152 33536 49280 67072 90112 98816 114688 134144 135169 137216 139265 197632 204800
1 8195 8198 8204 8216 16432 16480 16576 24592 33152 33536 49280 67072 98816 99328 134144 135169 137216 139265 155648 164864 180224
1 8195 8198 8204 8216 16432 16480 16576 24592 33152 33536 49280 67072 98816 114688 134144 135169 137216 139265 155648 197632 212992
1 8195 8198 8204 8216 16432 16480 16576 24592 33152 33536 49280 67072 98816 134144 135169 137216 139265 155648 180224 197632 229376
1 8195 8198 8204 8216 16432 16480 16576 24592 33152 33536 49280 68608 69633 71680 73729 90112 98816 114688 132608 197120 197632
1 8195 8198 8204 8216 16432 16480 16576 24592 33152 33536 49280 69633 71680 73729 90112 98816 114688 132608 134144 197120 198656
1 8195 8198 8204 8216 16432 16480 16576 24592 33152 33536 49280 69633 73729 90112 98816 114688 132608 134144 137216 197120 200704
1 8195 8198 8204 8216 16432 16480 16576 24592 33152 33536 49280 73729 90112 98816 114688 132608 134144 135169 137216 196609 197120
2 8195 8198 8204 8216 16432 16480 16576 24592 33152 34304 49280 57344 66304 98560 98816 134144 135169 137216 139265 164864 172032
2 8195 8198 8204 8216 16432 16480 16576 24592 33152 34304 49280 66304 98560 98816 134144 135169 137216 139265 155648 164864 180224
1 8195 8198 8204 8216 16432 16480 16576 24592 33152 49280 49408 66304 67072 68608 82176 90112 135169 137216 139265 198656 204800
1 8195 8198 8204 8216 16432 16480 16576 24592 33152 49280 49408 66304 67072 68608 82176 135169 137216 139265 155648 198656 212992
1 8195 8198 8204 8216 16432 16480 16576 24592 33152 49280 57344 66304 67072 68608 98560 106496 135169 137216 139265 198656 204800
1 8195 8198 8204 8216 16432 16480 16576 24592 33152 49280 57344 66304 67072 68608 98560 135169 137216 139265 172032 198656 229376
1 8195 8198 8204 8216 16432 16480 16576 24592 33152 49280 57344 66304 67072 98560 99328 134144 135169 137216 139265 164864 172032
1 8195 8198 8204 8216 16432 16480 16576 24592 33152 49280 66304 67072 68608 90112 98560 114688 135169 137216 139265 198656 204800
1 8195 8198 8204 8216 16432 16480 16576 24592 33152 49280 66304 67072 68608 98560 114688 135169 137216 139265 155648 198656 212992
1 8195 8198 8204 8216 16432 16480 16576 24592 33152 49280 66304 67072 68608 98560 135169 137216 139265 155648 180224 198656 229376
1 8195 8198 8204 8216 16432 16480 16576 24592 33152 49280 66304 67072 98560 99328 134144 135169 137216 139265 155648 164864 180224
2 8195 8198 8204 8216 16432 16480 16576 24592 49280 57344 65920 66304 67072 98432 99328 134144 135169 137216 139265 164864 172032
2 8195 8198 8204 8216 16432 16480 16576 24592 49280 65920 66304 67072 98432 99328 134144 135169 137216 139265 155648 164864 180224
1 8195 8198 8204 8216 16432 16480 16768 24592 32960 49216 49280 66304 67072 68608 82176 90112 135169 137216 139265 198656 204800
1 8195 8198 8204 8216 16432 16480 16768 24592 32960 49216 49280 66304 67072 68608 82176 135169 137216 139265 155648 198656 212992
1 8195 8198 8204 8216 16432 16480 24592 32960 33152 33536 49216 57344 67072 68608 69633 73729 98816 106496 137216 198656 200704
1 8195 8198 8204 8216 16432 16480 24592 32960 33152 33536 49216 57344 67072 68608 71680 73729 98816 106496 135169 196609 200704
1 8195 8198 8204 8216 16432 16480 24592 32960 33152 33536 49216 57344 67072 68608 71680 98816 106496 135169 139265 200704 204800
1 8195 8198 8204 8216 16432 16480 24592 32960 33152 33536 49216 57344 67072 68608 73729 98816 106496 135169 137216 196609 198656
1 8195 8198 8204 8216 16432 16480 24592 32960 33152 33536 49216 57344 67072 68608 98816 106496 135169 137216 139265 198656 204800
1 8195 8198 8204 8216 16432 16480 24592 32960 33152 33536 49216 57344 67072 69633 73729 98816 106496 134144 137216 197632 200704
1 8195 8198 8204 8216 16432 16480 24592 32960 33152 33536 49216 57344 67072 73729 98816 106496 134144 135169 137216 196609 197632
1 8195 8198 8204 8216 16432 16480 24592 32960 33152 33536 49216 57344 69633 71680 73729 98816 106496 132608 134144 197120 198656
1 8195 8198 8204 8216 16432 16480 24592 32960 33152 33536 49216 57344 69633 71680 73729 106496 132608 134144 164352 198656 229376
1 8195 8198 8204 8216 16432 16480 24592 32960 33152 33536 49216 57344 69633 73729 98816 106496 132608 134144 137216 197120 200704
1 8195 8198 8204 8216 16432 16480 24592 32960 33152 33536 49216 57344 69633 73729 106496 132608 134144 137216 164352 200704 229376
1 8195 8198 8204 8216 16432 16480 24592 32960 33152 33536 49216 57344 73729 98816 106496 132608 134144 135169 137216 196609 197120
1 8195 8198 8204 8216 16432 16480 24592 32960 33152 33536 49216 67072 68608 69633 73729 90112 98816 114688 137216 198656 200704
1 8195 8198 8204 8216 16432 16480 24592 32960 33152 33536 49216 67072 68608 71680 73729 90112 98816 114688 135169 196609 200704
1 8195 8198 8204 8216 16432 16480 24592 32960 33152 33536 49216 67072 68608 71680 90112 98816 114688 135169 139265 200704 204800
1 8195 8198 8204 8216 16432 16480 24592 32960 33152 33536 49216 67072 68608 71680 98816 114688 135169 139265 155648 200704 212992
1 8195 8198 8204 8216 16432 16480 24592 32960 33152 33536 49216 67072 68608 73729 90112 98816 114688 135169 137216 196609 198656
1 8195 8198 8204 8216 16432 16480 24592 32960 33152 33536 49216 67072 68608 90112 98816 114688 135169 137216 139265 198656 204800
1 8195 8198 8204 8216 16432 16480 24592 32960 33152 33536 49216 67072 68608 98816 114688 135169 137216 139265 155648 198656 212992
1 8195 8198 8204 8216 16432 16480 24592 32960 33152 33536 49216 67072 69633 73729 90112 98816 114688 134144 137216 197632 200704
1 8195 8198 8204 8216 16432 16480 24592 32960 33152 33536 49216 67072 73729 90112 98816 114688 134144 135169 137216 196609 197632
1 8195 8198 8204 8216 16432 16480 24592 32960 33152 33536 49216 69633 71680 73729 90112 98816 114688 132608 134144 197120 198656
1 8195 8198 8204 8216 16432 16480 24592 32960 33152 33536 49216 69633 71680 73729 90112 114688 132608 134144 164352 198656 229376
1 8195 8198 8204 8216 16432 16480 24592 32960 33152 33536 49216 69633 73729 90112 98816 114688 132608 134144 137216 197120 200704
1 8195 8198 8204 8216 16432 16480 24592 32960 33152 33536 49216 69633 73729 90112 114688 132608 134144 137216 164352 200704 229376
1 8195 8198 8204 8216 16432 16480 24592 32960 33152 33536 49216 73729 90112 98816 114688 132608 134144 135169 137216 196609 197120
2 8195 8198 8204 8216 24577 24592 32816 32864 32960 49168 65920 66304 67072 98432 114688 134144 135169 137216 147457 197632 212992
2 8195 8198 8204 8216 24577 24592 32816 32864 32960 49168 68608 69633 71680 81921 114688 131456 131840 132608 163968 197632 229376
1 8195 8198 8204 16408 16432 16480 24584 32960 33152 33536 49216 57344 67072 68608 69633 73729 98816 106496 137216 198656 200704
1 8195 8198 8204 16408 16432 16480 24584 32960 33152 33536 49216 57344 67072 68608 71680 73729 98816 106496 135169 196609 200704
1 8195 8198 8204 16408 16432 16480 24584 32960 33152 33536 49216 57344 67072 68608 71680 77824 98816 106496 135169 139265 143360
1 8195 8198 8204 16408 16432 16480 24584 32960 33152 33536 49216 57344 67072 68608 71680 98816 106496 135169 139265 200704 204800
1 8195 8198 8204 16408 16432 16480 24584 32960 33152 33536 49216 57344 67072 68608 71680 98816 135169 139265 172032 200704 229376
1 8195 8198 8204 16408 16432 16480 24584 32960 33152 33536 49216 57344 67072 68608 73729 98816 106496 135169 137216 196609 198656
1 8195 8198 8204 16408 16432 16480 24584 32960 33152 33536 49216 57344 67072 68608 98816 106496 135169 137216 139265 198656 204800
2 8195 8198 8204 16408 16432 16480 24584 32960 33152 33536 49216 57344 67072 69633 73729 98816 106496 134144 137216 197632 200704
1 8195 8198 8204 16408 16432 16480 24584 32960 33152 33536 49216 57344 67072 73729 98816 106496 134144 135169 137216 196609 197632
1 8195 8198 8204 16408 16432 16480 24584 32960 33152 34304 49216 57344 66304 98560 98816 134144 135169 137216 139265 164864 172032
1 8195 8198 8204 16408 16432 16480 24584 32960 33152 49216 57344 66304 67072 68608 98560 106496 135169 137216 139265 198656 204800
1 8195 8198 8204 16408 16432 16480 24584 32960 33152 49216 57344 66304 67072 68608 98560 135169 137216 139265 172032 198656 229376
1 8195 8198 8204 16408 16432 16480 24584 32960 33152 49216 57344 66304 67072 98560 99328 134144 135169 137216 139265 164864 172032
2 8195 8198 8204 16408 16432 16480 24584 32960 33152 49216 57344 66304 67072 98560 106496 134144 135169 137216 139265 197632 204800
1 8195 8198 8204 16408 16432 16480 24584 32960 33152 49216 57344 66304 67072 98560 134144 135169 137216 139265 172032 197632 229376
2 8195 8198 8204 16408 16432 16480 24584 32960 34304 49216 57344 65920 66304 98432 98816 134144 135169 137216 139265 164864 172032
1 8195 8198 8204 16408 16432 16480 24584 32960 49216 57344 65920 66304 67072 98432 99328 134144 135169 137216 139265 164864 172032
2 8195 8198 8204 16408 16432 16480 24584 32960 49216 57344 65920 66304 67072 98432 134144 135169 137216 139265 172032 197632 229376
2 8195 8198 8204 16408 16432 16480 24584 33536 34304 35840 57344 65728 65920 81984 98560 114688 135169 137216 139265 165888 172032
