1 7 13 25 16401 16432 35840 38912 40961 45056 49153 65632 65728 81952 114688 131456 131840 132608 164864 196736 229376
1 7 13 25 16401 16432 35840 38912 40961 45056 49153 65920 66304 67072 99328 114688 131168 131264 147488 196736 212992
1 7 13 25 16401 16432 38912 40961 45056 49153 65632 65728 65920 81952 114688 131840 132608 134144 165888 196864 229376
1 7 13 25 16401 16432 38912 40961 45056 49153 66304 67072 68608 100352 114688 131168 131264 131456 147488 196864 212992
1 7 13 25 16401 24577 35840 38912 45056 57344 65920 66304 67072 99328 114688 131120 131168 131264 147472 196736 212992
1 7 13 25 16401 24577 35840 38912 45056 57344 65920 66304 67072 99328 131120 131168 131264 147472 180224 196736 229376
1 7 13 25 16401 24577 38912 45056 57344 66304 67072 68608 100352 114688 131120 131168 131264 131456 147472 196864 212992
1 7 13 25 16401 24577 38912 45056 57344 66304 67072 68608 100352 131120 131168 131264 131456 147472 180224 196864 229376
1 7 13 25 16401 35840 38912 40961 45056 49153 65584 65632 65728 81936 114688 131456 131840 132608 164864 196736 229376
1 7 13 25 16401 35840 38912 40961 45056 49153 65920 66304 67072 99328 114688 131120 131168 131264 147472 196736 212992
1 7 13 25 16401 38912 40961 45056 49153 65584 65632 65728 65920 81936 114688 131840 132608 134144 165888 196864 229376
1 7 13 25 16401 38912 40961 45056 49153 66304 67072 68608 100352 114688 131120 131168 131264 131456 147472 196864 212992
1 7 13 56 224 896 16393 16424 32928 33408 49184 67072 68608 71680 98816 114688 139265 143360 147457 200704 212992
1 7 13 56 224 896 16393 16424 32928 33408 49184 67072 68608 71680 98816 139265 143360 147457 180224 200704 229376
1 7 13 56 224 896 16393 16424 32928 33408 49184 67072 68608 98816 114688 137216 139265 143360 147457 198656 212992
1 7 13 56 224 896 16393 16424 32928 33408 49184 67072 68608 98816 137216 139265 143360 147457 180224 198656 229376
1 7 13 56 224 12289 16393 16424 32928 33152 49184 66304 67072 98560 114688 134144 135169 137216 147457 197632 212992
1 7 13 56 224 12289 16393 16424 32928 33152 49184 66304 67072 98560 134144 135169 137216 147457 180224 197632 229376
1 7 13 56 224 12289 16393 16424 32928 49184 65920 66304 67072 98432 114688 134144 135169 137216 147457 197632 212992
1 7 13 56 224 12289 16393 16424 32928 49184 65920 66304 67072 98432 134144 135169 137216 147457 180224 197632 229376
1 7 13 56 224 12289 16393 20481 32808 32928 49160 65920 66304 67072 98432 114688 134144 137216 151552 197632 212992
1 7 13 56 224 12289 16393 20481 32808 32928 49160 65920 66304 98432 114688 132608 134144 137216 151552 197120 212992
1 7 13 56 224 12289 16393 20481 32808 32928 49160 67072 68608 71680 86016 114688 131456 131840 163968 197120 229376
1 7 13 56 224 12289 16393 20481 32808 32928 49160 68608 71680 86016 114688 131456 131840 132608 163968 197632 229376
1 7 13 56 224 12289 16393 32808 32928 49160 65920 66304 67072 98432 114688 134144 135169 137216 147457 197632 212992
1 7 13 56 224 12289 16393 32808 32928 49160 68608 69633 71680 81921 114688 131456 131840 132608 163968 197632 229376
1 7 13 56 224 16393 16424 32928 33152 33536 49184 67072 68608 71680 98816 114688 139265 143360 147457 200704 212992
1 7 13 56 224 16393 16424 32928 33152 33536 49184 67072 68608 71680 98816 139265 143360 147457 180224 200704 229376
1 7 13 56 224 16393 16424 32928 33152 33536 49184 67072 68608 98816 114688 137216 139265 143360 147457 198656 212992
1 7 13 56 224 16393 16424 32928 33152 33536 49184 67072 68608 98816 137216 139265 143360 147457 180224 198656 229376
1 7 13 56 224 16393 16424 32928 33152 49184 66304 67072 68608 98560 114688 137216 139265 143360 147457 198656 212992
1 7 13 56 224 16393 16424 32928 33152 49184 66304 67072 68608 98560 137216 139265 143360 147457 180224 198656 229376
1 7 13 56 224 16393 16424 32928 33152 49184 66304 67072 98560 114688 134144 137216 139265 143360 147457 197632 212992
1 7 13 56 224 16393 16424 32928 33152 49184 66304 67072 98560 134144 137216 139265 143360 147457 180224 197632 229376
1 7 13 56 224 16393 16424 32928 49184 65920 66304 67072 98432 114688 134144 137216 139265 143360 147457 197632 212992
1 7 13 56 224 16393 16424 32928 49184 65920 66304 67072 98432 134144 137216 139265 143360 147457 180224 197632 229376
1 7 13 56 224 16393 24577 28672 32808 32928 49160 65920 66304 67072 98432 114688 134144 137216 151552 197632 212992
1 7 13 56 224 16393 24577 28672 32808 32928 49160 65920 66304 98432 114688 132608 134144 137216 151552 197120 212992
1 7 13 56 224 16393 24577 28672 32808 32928 49160 67072 68608 71680 86016 114688 131456 131840 163968 197120 229376
1 7 13 56 224 16393 24577 28672 32808 32928 49160 68608 71680 86016 114688 131456 131840 132608 163968 197632 229376
1 7 13 56 224 16393 24577 32808 32928 33152 49160 66304 67072 68608 98560 114688 137216 143360 155648 198656 212992
1 7 13 56 224 16393 24577 32808 32928 33152 49160 71680 77824 90112 114688 131840 132608 134144 164096 198656 229376
1 7 13 56 224 16393 24577 32808 32928 49160 65920 66304 67072 98432 114688 134144 137216 143360 155648 197632 212992
1 7 13 56 224 16393 24577 32808 32928 49160 68608 71680 77824 90112 114688 131456 131840 132608 163968 197632 229376
1 7 13 56 224 16393 32808 32928 33152 49160 66304 67072 68608 98560 114688 137216 139265 143360 147457 198656 212992
1 7 13 56 224 16393 32808 32928 33152 49160 71680 73729 77824 81921 114688 131840 132608 134144 164096 198656 229376
1 7 13 56 224 16393 32808 32928 49160 65920 66304 67072 98432 114688 134144 137216 139265 143360 147457 197632 212992
1 7 13 56 224 16393 32808 32928 49160 68608 71680 73729 77824 81921 114688 131456 131840 132608 163968 197632 229376
1 7 13 56 448 12289 16393 16424 32864 33088 49184 66304 67072 68608 98560 114688 135169 137216 147457 198656 212992
1 7 13 56 448 12289 16393 16424 32864 33088 49184 66304 67072 68608 98560 135169 137216 147457 180224 198656 229376
1 7 13 56 448 16393 16424 32864 33088 33536 49184 67072 68608 98816 114688 137216 139265 143360 147457 198656 212992
1 7 13 56 448 16393 16424 32864 33088 33536 49184 67072 68608 98816 137216 139265 143360 147457 180224 198656 229376
1 7 13 56 448 16393 16424 32864 33088 49184 66304 67072 68608 98560 114688 137216 139265 143360 147457 198656 212992
1 7 13 56 448 16393 16424 32864 33088 49184 66304 67072 68608 98560 137216 139265 143360 147457 180224 198656 229376
1 7 13 56 448 16393 24577 32808 32864 33088 49160 66304 67072 68608 98560 114688 137216 143360 155648 198656 212992
1 7 13 56 448 16393 24577 32808 32864 33088 49160 71680 77824 90112 114688 131840 132608 134144 164096 198656 229376
1 7 13 56 448 16393 32808 32864 33088 49160 66304 67072 68608 98560 114688 137216 139265 143360 147457 198656 212992
1 7 13 56 448 16393 32808 32864 33088 49160 71680 73729 77824 81921 114688 131840 132608 134144 164096 198656 229376
1 7 13 56 896 12289 16393 20481 32808 32864 32960 49160 66176 67072 98432 114688 134144 137216 151552 197632 212992
1 7 13 56 896 12289 16393 20481 32808 32864 32960 49160 66176 98432 114688 132608 134144 137216 151552 197120 212992
1 7 13 56 896 12289 16393 20481 32808 32864 32960 49160 67072 68608 71680 86016 114688 131712 163968 197120 229376
1 7 13 56 896 12289 16393 20481 32808 32864 32960 49160 68608 71680 86016 114688 131712 132608 163968 197632 229376
1 7 13 56 896 12289 16393 20481 32808 32864 49160 65728 66176 98368 114688 132608 134144 137216 151552 197120 212992
1 7 13 56 896 12289 16393 20481 32808 32864 49160 67072 68608 71680 86016 114688 131264 131712 163904 197120 229376
1 7 13 56 896 16393 16424 32864 32960 33408 49184 67072 68608 71680 98816 114688 139265 143360 147457 200704 212992
1 7 13 56 896 16393 16424 32864 32960 33408 49184 67072 68608 71680 98816 139265 143360 147457 180224 200704 229376
1 7 13 56 896 16393 16424 32864 32960 33408 49184 67072 68608 98816 114688 137216 139265 143360 147457 198656 212992
1 7 13 56 896 16393 16424 32864 32960 33408 49184 67072 68608 98816 137216 139265 143360 147457 180224 198656 229376
1 7 13 56 896 16393 24577 28672 32808 32864 32960 49160 66176 67072 98432 114688 134144 137216 151552 197632 212992
1 7 13 56 896 16393 24577 28672 32808 32864 32960 49160 66176 98432 114688 132608 134144 137216 151552 197120 212992
1 7 13 56 896 16393 24577 28672 32808 32864 32960 49160 67072 68608 71680 86016 114688 131712 163968 197120 229376
1 7 13 56 896 16393 24577 28672 32808 32864 32960 49160 68608 71680 86016 114688 131712 132608 163968 197632 229376
1 7 13 56 896 16393 24577 28672 32808 32864 49160 65728 66176 98368 114688 132608 134144 137216 151552 197120 212992
1 7 13 56 896 16393 24577 28672 32808 32864 49160 67072 68608 71680 86016 114688 131264 131712 163904 197120 229376
1 7 13 56 1792 12289 16393 16424 32864 32960 33152 49184 66816 68608 98560 114688 135169 137216 147457 198656 212992
1 7 13 56 1792 12289 16393 16424 32864 32960 33152 49184 66816 68608 98560 135169 137216 147457 180224 198656 229376
1 7 13 56 1792 12289 16393 16424 32864 32960 33152 49184 66816 98560 114688 134144 135169 137216 147457 197632 212992
1 7 13 56 1792 12289 16393 16424 32864 32960 33152 49184 66816 98560 134144 135169 137216 147457 180224 197632 229376
1 7 13 56 1792 12289 16393 16424 32864 32960 49184 65920 66816 98432 114688 134144 135169 137216 147457 197632 212992
1 7 13 56 1792 12289 16393 16424 32864 32960 49184 65920 66816 98432 134144 135169 137216 147457 180224 197632 229376
1 7 13 56 1792 16393 16424 32864 32960 33152 49184 66816 68608 98560 114688 137216 139265 143360 147457 198656 212992
1 7 13 56 1792 16393 16424 32864 32960 33152 49184 66816 68608 98560 137216 139265 143360 147457 180224 198656 229376
1 7 13 56 1792 16393 16424 32864 32960 33152 49184 66816 98560 114688 134144 137216 139265 143360 147457 197632 212992
1 7 13 56 1792 16393 16424 32864 32960 33152 49184 66816 98560 134144 137216 139265 143360 147457 180224 197632 229376
1 7 13 56 1792 16393 16424 32864 32960 49184 65920 66816 98432 114688 134144 137216 139265 143360 147457 197632 212992
1 7 13 56 1792 16393 16424 32864 32960 49184 65920 66816 98432 134144 137216 139265 143360 147457 180224 197632 229376
1 7 13 56 1792 16393 24577 32808 32864 32960 33152 49160 66816 68608 98560 114688 137216 143360 155648 198656 212992
1 7 13 56 1792 16393 24577 32808 32864 32960 33152 49160 71680 77824 90112 114688 132352 134144 164096 198656 229376
1 7 13 56 1792 16393 24577 32808 32864 32960 49160 65920 66816 98432 114688 134144 137216 143360 155648 197632 212992
1 7 13 56 1792 16393 24577 32808 32864 32960 49160 68608 71680 77824 90112 114688 131456 132352 163968 197632 229376
1 7 13 56 1792 16393 32808 32864 32960 33152 49160 66816 68608 98560 114688 137216 139265 143360 147457 198656 212992
1 7 13 56 1792 16393 32808 32864 32960 33152 49160 71680 73729 77824 81921 114688 132352 134144 164096 198656 229376
1 7 13 56 1792 16393 32808 32864 32960 49160 65920 66816 98432 114688 134144 137216 139265 143360 147457 197632 212992
1 7 13 56 1792 16393 32808 32864 32960 49160 68608 71680 73729 77824 81921 114688 131456 132352 163968 197632 229376
1 7 13 56 3584 12289 16393 20481 32808 32864 49160 65728 65920 66304 98368 114688 133632 137216 151552 197120 212992
1 7 13 56 3584 12289 16393 20481 32808 32864 49160 68096 71680 86016 114688 131264 131456 131840 163904 197120 229376
1 7 13 56 3584 16393 16424 32864 32960 33152 33536 49184 68096 71680 98816 114688 139265 143360 147457 200704 212992
1 7 13 56 3584 16393 16424 32864 32960 33152 33536 49184 68096 71680 98816 139265 143360 147457 180224 200704 229376
1 7 13 56 3584 16393 16424 32864 32960 33152 33536 49184 68096 98816 114688 137216 139265 143360 147457 198656 212992
1 7 13 56 3584 16393 16424 32864 32960 33152 33536 49184 68096 98816 137216 139265 143360 147457 180224 198656 229376
1 7 13 56 3584 16393 16424 32864 32960 33152 49184 66304 68096 98560 114688 137216 139265 143360 147457 198656 212992
1 7 13 56 3584 16393 16424 32864 32960 33152 49184 66304 68096 98560 137216 139265 143360 147457 180224 198656 229376
1 7 13 56 3584 16393 24577 28672 32808 32864 49160 65728 65920 66304 98368 114688 133632 137216 151552 197120 212992
1 7 13 56 3584 16393 24577 28672 32808 32864 49160 68096 71680 86016 114688 131264 131456 131840 163904 197120 229376
1 7 13 56 7168 12289 16393 16424 32864 32960 33152 49184 66304 67072 98560 114688 135169 136192 147457 197632 212992
1 7 13 56 7168 12289 16393 16424 32864 32960 33152 49184 66304 67072 98560 135169 136192 147457 180224 197632 229376
1 7 13 56 7168 12289 16393 16424 32864 32960 49184 65920 66304 67072 98432 114688 135169 136192 147457 197632 212992
1 7 13 56 7168 12289 16393 16424 32864 32960 49184 65920 66304 67072 98432 135169 136192 147457 180224 197632 229376
1 7 13 56 7168 12289 16393 20481 32808 32864 32960 49160 65920 66304 67072 98432 114688 136192 151552 197632 212992
1 7 13 56 7168 12289 16393 20481 32808 32864 32960 49160 65920 66304 98432 114688 132608 136192 151552 197120 212992
1 7 13 56 7168 12289 16393 20481 32808 32864 32960 49160 67072 70656 86016 114688 131456 131840 163968 197120 229376
1 7 13 56 7168 12289 16393 20481 32808 32864 32960 49160 70656 86016 114688 131456 131840 132608 163968 197632 229376
1 7 13 56 7168 12289 16393 32808 32864 32960 49160 65920 66304 67072 98432 114688 135169 136192 147457 197632 212992
1 7 13 56 7168 12289 16393 32808 32864 32960 49160 69633 70656 81921 114688 131456 131840 132608 163968 197632 229376
1 7 13 56 7168 16393 16424 32864 32960 33152 49184 66304 67072 98560 114688 136192 139265 143360 147457 197632 212992
1 7 13 56 7168 16393 16424 32864 32960 33152 49184 66304 67072 98560 136192 139265 143360 147457 180224 197632 229376
1 7 13 56 7168 16393 16424 32864 32960 49184 65920 66304 67072 98432 114688 136192 139265 143360 147457 197632 212992
1 7 13 56 7168 16393 16424 32864 32960 49184 65920 66304 67072 98432 136192 139265 143360 147457 180224 197632 229376
1 7 13 56 7168 16393 24577 28672 32808 32864 32960 49160 65920 66304 67072 98432 114688 136192 151552 197632 212992
1 7 13 56 7168 16393 24577 28672 32808 32864 32960 49160 65920 66304 98432 114688 132608 136192 151552 197120 212992
1 7 13 56 7168 16393 24577 28672 32808 32864 32960 49160 67072 70656 86016 114688 131456 131840 163968 197120 229376
1 7 13 56 7168 16393 24577 28672 32808 32864 32960 49160 70656 86016 114688 131456 131840 132608 163968 197632 229376
1 7 13 56 7168 16393 24577 32808 32864 32960 49160 65920 66304 67072 98432 114688 136192 143360 155648 197632 212992
1 7 13 56 7168 16393 24577 32808 32864 32960 49160 70656 77824 90112 114688 131456 131840 132608 163968 197632 229376
1 7 13 56 7168 16393 32808 32864 32960 49160 65920 66304 67072 98432 114688 136192 139265 143360 147457 197632 212992
1 7 13 56 7168 16393 32808 32864 32960 49160 70656 73729 77824 81921 114688 131456 131840 132608 163968 197632 229376
1 7 13 56 12289 16393 16424 32864 32960 33152 49184 66304 67072 68608 98560 114688 135169 137216 147457 198656 212992
1 7 13 56 12289 16393 16424 32864 32960 33152 49184 66304 67072 68608 98560 135169 137216 147457 180224 198656 229376
1 7 13 56 12289 16393 16424 32864 32960 33152 49184 66304 67072 98560 114688 134144 135169 137216 147457 197632 212992
1 7 13 56 12289 16393 16424 32864 32960 33152 49184 66304 67072 98560 134144 135169 137216 147457 180224 197632 229376
1 7 13 56 12289 16393 16424 32864 32960 49184 65920 66304 67072 98432 114688 134144 135169 137216 147457 197632 212992
1 7 13 56 12289 16393 16424 32864 32960 49184 65920 66304 67072 98432 134144 135169 137216 147457 180224 197632 229376
1 7 13 56 12289 16393 20481 32808 32864 32960 49160 65920 66304 67072 98432 114688 134144 137216 151552 197632 212992
1 7 13 56 12289 16393 20481 32808 32864 32960 49160 65920 66304 98432 114688 132608 134144 137216 151552 197120 212992
1 7 13 56 12289 16393 20481 32808 32864 32960 49160 67072 68608 71680 86016 114688 131456 131840 163968 197120 229376
1 7 13 56 12289 16393 20481 32808 32864 32960 49160 68608 71680 86016 114688 131456 131840 132608 163968 197632 229376
1 7 13 56 12289 16393 20481 32808 32864 49160 65728 65920 66304 98368 114688 132608 134144 137216 151552 197120 212992
1 7 13 56 12289 16393 20481 32808 32864 49160 67072 68608 71680 86016 114688 131264 131456 131840 163904 197120 229376
1 7 13 56 12289 16393 32808 32864 32960 49160 65920 66304 67072 98432 114688 134144 135169 137216 147457 197632 212992
1 7 13 56 12289 16393 32808 32864 32960 49160 68608 69633 71680 81921 114688 131456 131840 132608 163968 197632 229376
1 7 13 56 14336 16393 16424 32864 32960 33152 49184 66304 67072 68608 98560 114688 139265 141312 147457 198656 212992
1 7 13 56 14336 16393 16424 32864 32960 33152 49184 66304 67072 68608 98560 139265 141312 147457 180224 198656 229376
1 7 13 56 14336 16393 16424 32864 32960 33152 49184 66304 67072 98560 114688 134144 139265 141312 147457 197632 212992
1 7 13 56 14336 16393 16424 32864 32960 33152 49184 66304 67072 98560 134144 139265 141312 147457 180224 197632 229376
1 7 13 56 16393 16424 32864 32960 33152 33536 49184 67072 68608 71680 98816 114688 139265 143360 147457 200704 212992
1 7 13 56 16393 16424 32864 32960 33152 33536 49184 67072 68608 71680 98816 139265 143360 147457 180224 200704 229376
1 7 13 56 16393 16424 32864 32960 33152 33536 49184 67072 68608 98816 114688 137216 139265 143360 147457 198656 212992
1 7 13 56 16393 16424 32864 32960 33152 33536 49184 67072 68608 98816 137216 139265 143360 147457 180224 198656 229376
1 7 13 56 16393 16424 32864 32960 33152 49184 66304 67072 68608 98560 114688 137216 139265 143360 147457 198656 212992
1 7 13 56 16393 16424 32864 32960 33152 49184 66304 67072 68608 98560 137216 139265 143360 147457 180224 198656 229376
1 7 13 56 16393 16424 32864 32960 33152 49184 66304 67072 98560 114688 134144 137216 139265 143360 147457 197632 212992
1 7 13 56 16393 16424 32864 32960 33152 49184 66304 67072 98560 134144 137216 139265 143360 147457 180224 197632 229376
1 7 13 56 16393 16424 32864 32960 49184 65920 66304 67072 98432 114688 134144 137216 139265 143360 147457 197632 212992
1 7 13 56 16393 16424 32864 32960 49184 65920 66304 67072 98432 134144 137216 139265 143360 147457 180224 197632 229376
1 7 13 56 16393 24577 28672 32808 32864 32960 49160 65920 66304 67072 98432 114688 134144 137216 151552 197632 212992
1 7 13 56 16393 24577 28672 32808 32864 32960 49160 65920 66304 98432 114688 132608 134144 137216 151552 197120 212992
1 7 13 56 16393 24577 28672 32808 32864 32960 49160 67072 68608 71680 86016 114688 131456 131840 163968 197120 229376
1 7 13 56 16393 24577 28672 32808 32864 32960 49160 68608 71680 86016 114688 131456 131840 132608 163968 197632 229376
1 7 13 56 16393 24577 28672 32808 32864 49160 65728 65920 66304 98368 114688 132608 134144 137216 151552 197120 212992
1 7 13 56 16393 24577 28672 32808 32864 49160 67072 68608 71680 86016 114688 131264 131456 131840 163904 197120 229376
1 7 13 56 16393 24577 32808 32864 32960 33152 49160 66304 67072 68608 98560 114688 137216 143360 155648 198656 212992
1 7 13 56 16393 24577 32808 32864 32960 33152 49160 71680 77824 90112 114688 131840 132608 134144 164096 198656 229376
1 7 13 56 16393 24577 32808 32864 32960 49160 65920 66304 67072 98432 114688 134144 137216 143360 155648 197632 212992
1 7 13 56 16393 24577 32808 32864 32960 49160 68608 71680 77824 90112 114688 131456 131840 132608 163968 197632 229376
1 7 13 56 16393 32808 32864 32960 33152 49160 66304 67072 68608 98560 114688 137216 139265 143360 147457 198656 212992
1 7 13 56 16393 32808 32864 32960 33152 49160 71680 73729 77824 81921 114688 131840 132608 134144 164096 198656 229376
1 7 13 56 16393 32808 32864 32960 49160 65920 66304 67072 98432 114688 134144 137216 139265 143360 147457 197632 212992
1 7 13 56 16393 32808 32864 32960 49160 68608 71680 73729 77824 81921 114688 131456 131840 132608 163968 197632 229376
1 7 13 112 448 16393 16408 24577 32848 33088 49168 66304 67072 68608 98560 114688 137216 143360 155648 198656 212992
1 7 13 112 448 16393 16408 24577 32848 33088 49168 66304 67072 68608 98560 137216 143360 155648 180224 198656 229376
1 7 13 112 448 16393 16408 32848 33088 49168 66304 67072 68608 98560 114688 137216 139265 143360 147457 198656 212992
1 7 13 112 448 16393 16408 32848 33088 49168 66304 67072 68608 98560 137216 139265 143360 147457 180224 198656 229376
1 7 13 112 448 16393 24577 32792 32848 33088 49160 66304 67072 68608 98560 114688 137216 143360 155648 198656 212992
1 7 13 112 448 16393 24577 32792 32848 33088 49160 71680 77824 90112 114688 131840 132608 134144 164096 198656 229376
1 7 13 112 448 16393 32792 32848 33088 49160 66304 67072 68608 98560 114688 137216 139265 143360 147457 198656 212992
1 7 13 112 448 16393 32792 32848 33088 49160 71680 73729 77824 81921 114688 131840 132608 134144 164096 198656 229376
1 7 13 112 12289 16393 20481 32792 32848 32960 49160 65920 66304 98432 114688 132608 134144 137216 151552 197120 212992
1 7 13 112 12289 16393 20481 32792 32848 32960 49160 67072 68608 71680 86016 114688 131456 131840 163968 197120 229376
1 7 13 112 12289 16393 20481 32792 32848 49160 65728 65920 66304 98368 114688 132608 134144 137216 151552 197120 212992
1 7 13 112 12289 16393 20481 32792 32848 49160 67072 68608 71680 86016 114688 131264 131456 131840 163904 197120 229376
1 7 13 112 16393 16408 24577 32848 32960 33152 49168 66304 67072 68608 98560 114688 137216 143360 155648 198656 212992
1 7 13 112 16393 16408 24577 32848 32960 33152 49168 66304 67072 68608 98560 137216 143360 155648 180224 198656 229376
1 7 13 112 16393 16408 24577 32848 32960 49168 65920 66304 67072 98432 114688 134144 137216 143360 155648 197632 212992
1 7 13 112 16393 16408 24577 32848 32960 49168 65920 66304 67072 98432 134144 137216 143360 155648 180224 197632 229376
1 7 13 112 16393 16408 32848 32960 33152 49168 66304 67072 68608 98560 114688 137216 139265 143360 147457 198656 212992
1 7 13 112 16393 16408 32848 32960 33152 49168 66304 67072 68608 98560 137216 139265 143360 147457 180224 198656 229376
1 7 13 112 16393 16408 32848 32960 49168 65920 66304 67072 98432 114688 134144 137216 139265 143360 147457 197632 212992
1 7 13 112 16393 16408 32848 32960 49168 65920 66304 67072 98432 134144 137216 139265 143360 147457 180224 197632 229376
1 7 13 112 16393 16408 32848 49168 65728 65920 66304 67072 98368 114688 134144 137216 139265 143360 147457 197632 212992
1 7 13 112 16393 16408 32848 49168 65728 65920 66304 67072 98368 134144 137216 139265 143360 147457 180224 197632 229376
1 7 13 112 16393 24577 28672 32792 32848 32960 49160 65920 66304 98432 114688 132608 134144 137216 151552 197120 212992
1 7 13 112 16393 24577 28672 32792 32848 32960 49160 67072 68608 71680 86016 114688 131456 131840 163968 197120 229376
1 7 13 112 16393 24577 28672 32792 32848 49160 65728 65920 66304 98368 114688 132608 134144 137216 151552 197120 212992
1 7 13 112 16393 24577 28672 32792 32848 49160 67072 68608 71680 86016 114688 131264 131456 131840 163904 197120 229376
1 7 13 112 16393 24577 32792 32848 32960 33152 49160 66304 67072 68608 98560 114688 137216 143360 155648 198656 212992
1 7 13 112 16393 24577 32792 32848 32960 33152 49160 71680 77824 90112 114688 131840 132608 134144 164096 198656 229376
1 7 13 112 16393 24577 32792 32848 32960 49160 65920 66304 67072 98432 114688 134144 137216 143360 155648 197632 212992
1 7 13 112 16393 24577 32792 32848 32960 49160 68608 71680 77824 90112 114688 131456 131840 132608 163968 197632 229376
1 7 13 112 16393 24577 32792 32848 49160 65728 65920 66304 67072 98368 114688 134144 137216 143360 155648 197632 212992
1 7 13 112 16393 24577 32792 32848 49160 68608 71680 77824 90112 114688 131264 131456 131840 132608 163904 197632 229376
1 7 13 112 16393 32792 32848 32960 33152 49160 66304 67072 68608 98560 114688 137216 139265 143360 147457 198656 212992
1 7 13 112 16393 32792 32848 32960 33152 49160 71680 73729 77824 81921 114688 131840 132608 134144 164096 198656 229376
1 7 13 112 16393 32792 32848 32960 49160 65920 66304 67072 98432 114688 134144 137216 139265 143360 147457 197632 212992
1 7 13 112 16393 32792 32848 32960 49160 68608 71680 73729 77824 81921 114688 131456 131840 132608 163968 197632 229376
1 7 13 112 16393 32792 32848 49160 65728 65920 66304 67072 98368 114688 134144 137216 139265 143360 147457 197632 212992
1 7 13 112 16393 32792 32848 49160 68608 71680 73729 77824 81921 114688 131264 131456 131840 132608 163904 197632 229376
1 7 13 224 896 16393 16408 16432 32928 33408 49184 67072 68608 71680 98816 114688 139265 143360 147457 200704 212992
1 7 13 224 896 16393 16408 16432 32928 33408 49184 67072 68608 98816 114688 137216 139265 143360 147457 198656 212992
1 7 13 224 896 16393 16408 16432 32928 33408 49184 71680 73729 77824 81921 114688 132608 134144 164352 198656 229376
1 7 13 224 896 16393 16408 16432 32928 33408 49184 73729 77824 81921 114688 132608 134144 137216 164352 200704 229376
1 7 13 224 896 16393 16408 32816 32928 49168 66176 67072 68608 98432 114688 137216 139265 143360 147457 198656 212992
1 7 13 224 896 16393 16408 32816 32928 49168 66176 67072 68608 98432 137216 139265 143360 147457 180224 198656 229376
1 7 13 224 896 16393 24577 32792 32816 32928 49160 66176 67072 68608 98432 114688 137216 143360 155648 198656 212992
1 7 13 224 896 16393 24577 32792 32816 32928 49160 71680 77824 90112 114688 131712 132608 134144 163968 198656 229376
1 7 13 224 896 16393 32792 32816 32928 49160 66176 67072 68608 98432 114688 137216 139265 143360 147457 198656 212992
1 7 13 224 896 16393 32792 32816 32928 49160 71680 73729 77824 81921 114688 131712 132608 134144 163968 198656 229376
1 7 13 224 12289 16393 16408 16432 32928 33152 49184 66304 67072 98560 114688 134144 135169 137216 147457 197632 212992
1 7 13 224 12289 16393 16408 16432 32928 33152 49184 68608 69633 71680 81921 114688 131840 132608 164096 197632 229376
1 7 13 224 12289 16393 16408 16432 32928 49184 65920 66304 67072 98432 114688 134144 135169 137216 147457 197632 212992
1 7 13 224 12289 16393 16408 16432 32928 49184 68608 69633 71680 81921 114688 131456 131840 132608 163968 197632 229376
1 7 13 224 12289 16393 16408 32816 32928 49168 65920 66304 67072 98432 114688 134144 135169 137216 147457 197632 212992
1 7 13 224 12289 16393 16408 32816 32928 49168 65920 66304 67072 98432 134144 135169 137216 147457 180224 197632 229376
1 7 13 224 12289 16393 20481 32792 32816 32928 49160 65920 66304 67072 98432 114688 134144 137216 151552 197632 212992
1 7 13 224 12289 16393 20481 32792 32816 32928 49160 65920 66304 98432 114688 132608 134144 137216 151552 197120 212992
1 7 13 224 12289 16393 20481 32792 32816 32928 49160 67072 68608 71680 86016 114688 131456 131840 163968 197120 229376
1 7 13 224 12289 16393 20481 32792 32816 32928 49160 68608 71680 86016 114688 131456 131840 132608 163968 197632 229376
1 7 13 224 12289 16393 32792 32816 32928 49160 65920 66304 67072 98432 114688 134144 135169 137216 147457 197632 212992
1 7 13 224 12289 16393 32792 32816 32928 49160 68608 69633 71680 81921 114688 131456 131840 132608 163968 197632 229376
1 7 13 224 16393 16408 16432 32928 33152 33536 49184 67072 68608 71680 98816 114688 139265 143360 147457 200704 212992
1 7 13 224 16393 16408 16432 32928 33152 33536 49184 67072 68608 98816 114688 137216 139265 143360 147457 198656 212992
1 7 13 224 16393 16408 16432 32928 33152 33536 49184 71680 73729 77824 81921 114688 132608 134144 164352 198656 229376
1 7 13 224 16393 16408 16432 32928 33152 33536 49184 73729 77824 81921 114688 132608 134144 137216 164352 200704 229376
1 7 13 224 16393 16408 16432 32928 33152 49184 66304 67072 68608 98560 114688 137216 139265 143360 147457 198656 212992
1 7 13 224 16393 16408 16432 32928 33152 49184 66304 67072 98560 114688 134144 137216 139265 143360 147457 197632 212992
1 7 13 224 16393 16408 16432 32928 33152 49184 68608 71680 73729 77824 81921 114688 131840 132608 164096 197632 229376
1 7 13 224 16393 16408 16432 32928 33152 49184 71680 73729 77824 81921 114688 131840 132608 134144 164096 198656 229376
1 7 13 224 16393 16408 16432 32928 49184 65920 66304 67072 98432 114688 134144 137216 139265 143360 147457 197632 212992
1 7 13 224 16393 16408 16432 32928 49184 68608 71680 73729 77824 81921 114688 131456 131840 132608 163968 197632 229376
1 7 13 224 16393 16408 24577 32816 32928 49168 65920 66304 67072 98432 114688 134144 137216 143360 155648 197632 212992
1 7 13 224 16393 16408 24577 32816 32928 49168 65920 66304 67072 98432 134144 137216 143360 155648 180224 197632 229376
1 7 13 224 16393 16408 32816 32928 33152 49168 66304 67072 68608 98560 114688 137216 139265 143360 147457 198656 212992
1 7 13 224 16393 16408 32816 32928 33152 49168 66304 67072 68608 98560 137216 139265 143360 147457 180224 198656 229376
1 7 13 224 16393 16408 32816 32928 49168 65920 66304 67072 68608 98432 114688 137216 139265 143360 147457 198656 212992
1 7 13 224 16393 16408 32816 32928 49168 65920 66304 67072 68608 98432 137216 139265 143360 147457 180224 198656 229376
1 7 13 224 16393 16408 32816 32928 49168 65920 66304 67072 98432 114688 134144 137216 139265 143360 147457 197632 212992
1 7 13 224 16393 16408 32816 32928 49168 65920 66304 67072 98432 134144 137216 139265 143360 147457 180224 197632 229376
1 7 13 224 16393 24577 28672 32792 32816 32928 49160 65920 66304 67072 98432 114688 134144 137216 151552 197632 212992
1 7 13 224 16393 24577 28672 32792 32816 32928 49160 65920 66304 98432 114688 132608 134144 137216 151552 197120 212992
1 7 13 224 16393 24577 28672 32792 32816 32928 49160 67072 68608 71680 86016 114688 131456 131840 163968 197120 229376
1 7 13 224 16393 24577 28672 32792 32816 32928 49160 68608 71680 86016 114688 131456 131840 132608 163968 197632 229376
1 7 13 224 16393 24577 32792 32816 32928 33152 49160 66304 67072 68608 98560 114688 137216 143360 155648 198656 212992
1 7 13 224 16393 24577 32792 32816 32928 33152 49160 71680 77824 90112 114688 131840 132608 134144 164096 198656 229376
1 7 13 224 16393 24577 32792 32816 32928 49160 65920 66304 67072 68608 98432 114688 137216 143360 155648 198656 212992
1 7 13 224 16393 24577 32792 32816 32928 49160 65920 66304 67072 98432 114688 134144 137216 143360 155648 197632 212992
1 7 13 224 16393 24577 32792 32816 32928 49160 68608 71680 77824 90112 114688 131456 131840 132608 163968 197632 229376
1 7 13 224 16393 24577 32792 32816 32928 49160 71680 77824 90112 114688 131456 131840 132608 134144 163968 198656 229376
1 7 13 224 16393 32792 32816 32928 33152 49160 66304 67072 68608 98560 114688 137216 139265 143360 147457 198656 212992
1 7 13 224 16393 32792 32816 32928 33152 49160 71680 73729 77824 81921 114688 131840 132608 134144 164096 198656 229376
1 7 13 224 16393 32792 32816 32928 49160 65920 66304 67072 68608 98432 114688 137216 139265 143360 147457 198656 212992
1 7 13 224 16393 32792 32816 32928 49160 65920 66304 67072 98432 114688 134144 137216 139265 143360 147457 197632 212992
1 7 13 224 16393 32792 32816 32928 49160 68608 71680 73729 77824 81921 114688 131456 131840 132608 163968 197632 229376
1 7 13 224 16393 32792 32816 32928 49160 71680 73729 77824 81921 114688 131456 131840 132608 134144 163968 198656 229376
1 7 13 448 1792 16393 16408 32816 32864 33088 49168 66816 68608 98560 114688 137216 139265 143360 147457 198656 212992
1 7 13 448 1792 16393 16408 32816 32864 33088 49168 66816 68608 98560 137216 139265 143360 147457 180224 198656 229376
1 7 13 448 1792 16393 16408 32816 32864 49168 65856 66816 98368 114688 134144 137216 139265 143360 147457 197632 212992
1 7 13 448 1792 16393 16408 32816 32864 49168 65856 66816 98368 134144 137216 139265 143360 147457 180224 197632 229376
1 7 13 448 1792 16393 24577 32792 32816 32864 33088 49160 66816 68608 98560 114688 137216 143360 155648 198656 212992
1 7 13 448 1792 16393 24577 32792 32816 32864 33088 49160 71680 77824 90112 114688 132352 134144 164096 198656 229376
1 7 13 448 1792 16393 24577 32792 32816 32864 49160 65856 66816 98368 114688 134144 137216 143360 155648 197632 212992
1 7 13 448 1792 16393 24577 32792 32816 32864 49160 68608 71680 77824 90112 114688 131392 132352 163904 197632 229376
1 7 13 448 1792 16393 32792 32816 32864 33088 49160 66816 68608 98560 114688 137216 139265 143360 147457 198656 212992
1 7 13 448 1792 16393 32792 32816 32864 33088 49160 71680 73729 77824 81921 114688 132352 134144 164096 198656 229376
1 7 13 448 1792 16393 32792 32816 32864 49160 65856 66816 98368 114688 134144 137216 139265 143360 147457 197632 212992
1 7 13 448 1792 16393 32792 32816 32864 49160 68608 71680 73729 77824 81921 114688 131392 132352 163904 197632 229376
1 7 13 448 12289 16393 16408 16432 32864 33088 49184 66304 67072 68608 98560 114688 135169 137216 147457 198656 212992
1 7 13 448 12289 16393 16408 16432 32864 33088 49184 69633 71680 81921 114688 131840 132608 134144 164096 198656 229376
1 7 13 448 12289 16393 20481 32792 32816 32864 49160 65856 66304 98368 114688 132608 134144 137216 151552 197120 212992
1 7 13 448 12289 16393 20481 32792 32816 32864 49160 65856 98368 114688 131840 132608 134144 137216 151552 196864 212992
1 7 13 448 12289 16393 20481 32792 32816 32864 49160 66304 67072 68608 71680 86016 114688 131392 163904 196864 229376
1 7 13 448 12289 16393 20481 32792 32816 32864 49160 67072 68608 71680 86016 114688 131392 131840 163904 197120 229376
1 7 13 448 12289 16393 20481 32792 32816 49160 65632 65856 98336 114688 131840 132608 134144 137216 151552 196864 212992
1 7 13 448 12289 16393 20481 32792 32816 49160 66304 67072 68608 71680 86016 114688 131168 131392 163872 196864 229376
1 7 13 448 16393 16408 16432 32864 33088 33536 49184 67072 68608 98816 114688 137216 139265 143360 147457 198656 212992
1 7 13 448 16393 16408 16432 32864 33088 33536 49184 71680 73729 77824 81921 114688 132608 134144 164352 198656 229376
1 7 13 448 16393 16408 16432 32864 33088 49184 66304 67072 68608 98560 114688 137216 139265 143360 147457 198656 212992
1 7 13 448 16393 16408 16432 32864 33088 49184 71680 73729 77824 81921 114688 131840 132608 134144 164096 198656 229376
1 7 13 448 16393 16408 24577 32816 32864 33088 49168 66304 67072 68608 98560 114688 137216 143360 155648 198656 212992
1 7 13 448 16393 16408 24577 32816 32864 33088 49168 66304 67072 68608 98560 137216 143360 155648 180224 198656 229376
1 7 13 448 16393 16408 32816 32864 33088 49168 66304 67072 68608 98560 114688 137216 139265 143360 147457 198656 212992
1 7 13 448 16393 16408 32816 32864 33088 49168 66304 67072 68608 98560 137216 139265 143360 147457 180224 198656 229376
1 7 13 448 16393 16408 32816 32864 49168 65856 66304 67072 98368 114688 134144 137216 139265 143360 147457 197632 212992
1 7 13 448 16393 16408 32816 32864 49168 65856 66304 67072 98368 134144 137216 139265 143360 147457 180224 197632 229376
1 7 13 448 16393 24577 28672 32792 32816 32864 49160 65856 66304 98368 114688 132608 134144 137216 151552 197120 212992
1 7 13 448 16393 24577 28672 32792 32816 32864 49160 65856 98368 114688 131840 132608 134144 137216 151552 196864 212992
1 7 13 448 16393 24577 28672 32792 32816 32864 49160 66304 67072 68608 71680 86016 114688 131392 163904 196864 229376
1 7 13 448 16393 24577 28672 32792 32816 32864 49160 67072 68608 71680 86016 114688 131392 131840 163904 197120 229376
1 7 13 448 16393 24577 28672 32792 32816 49160 65632 65856 98336 114688 131840 132608 134144 137216 151552 196864 212992
1 7 13 448 16393 24577 28672 32792 32816 49160 66304 67072 68608 71680 86016 114688 131168 131392 163872 196864 229376
1 7 13 448 16393 24577 32792 32816 32864 33088 49160 66304 67072 68608 98560 114688 137216 143360 155648 198656 212992
1 7 13 448 16393 24577 32792 32816 32864 33088 49160 71680 77824 90112 114688 131840 132608 134144 164096 198656 229376
1 7 13 448 16393 24577 32792 32816 32864 49160 65856 66304 67072 98368 114688 134144 137216 143360 155648 197632 212992
1 7 13 448 16393 24577 32792 32816 32864 49160 68608 71680 77824 90112 114688 131392 131840 132608 163904 197632 229376
1 7 13 448 16393 32792 32816 32864 33088 49160 66304 67072 68608 98560 114688 137216 139265 143360 147457 198656 212992
1 7 13 448 16393 32792 32816 32864 33088 49160 71680 73729 77824 81921 114688 131840 132608 134144 164096 198656 229376
1 7 13 448 16393 32792 32816 32864 49160 65856 66304 67072 98368 114688 134144 137216 139265 143360 147457 197632 212992
1 7 13 448 16393 32792 32816 32864 49160 68608 71680 73729 77824 81921 114688 131392 131840 132608 163904 197632 229376
1 7 13 896 3584 16393 16408 32816 32864 32960 49168 66176 68096 98432 114688 137216 139265 143360 147457 198656 212992
1 7 13 896 3584 16393 16408 32816 32864 32960 49168 66176 68096 98432 137216 139265 143360 147457 180224 198656 229376
1 7 13 896 3584 16393 16408 32816 32864 49168 65728 66176 98368 114688 133632 137216 139265 143360 147457 197120 212992
1 7 13 896 3584 16393 16408 32816 32864 49168 65728 66176 98368 133632 137216 139265 143360 147457 180224 197120 229376
1 7 13 896 3584 16393 24577 32792 32816 32864 32960 49160 66176 68096 98432 114688 137216 143360 155648 198656 212992
1 7 13 896 3584 16393 24577 32792 32816 32864 32960 49160 71680 77824 90112 114688 131712 133632 163968 198656 229376
1 7 13 896 3584 16393 24577 32792 32816 32864 49160 65728 66176 98368 114688 133632 137216 143360 155648 197120 212992
1 7 13 896 3584 16393 24577 32792 32816 32864 49160 68096 71680 77824 90112 114688 131264 131712 163904 197120 229376
1 7 13 896 3584 16393 32792 32816 32864 32960 49160 66176 68096 98432 114688 137216 139265 143360 147457 198656 212992
1 7 13 896 3584 16393 32792 32816 32864 32960 49160 71680 73729 77824 81921 114688 131712 133632 163968 198656 229376
1 7 13 896 3584 16393 32792 32816 32864 49160 65728 66176 98368 114688 133632 137216 139265 143360 147457 197120 212992
1 7 13 896 3584 16393 32792 32816 32864 49160 68096 71680 73729 77824 81921 114688 131264 131712 163904 197120 229376
1 7 13 896 12289 16393 16408 32816 32864 32960 49168 66176 67072 98432 114688 134144 135169 137216 147457 197632 212992
1 7 13 896 12289 16393 16408 32816 32864 32960 49168 66176 67072 98432 134144 135169 137216 147457 180224 197632 229376
1 7 13 896 12289 16393 16408 32816 32864 49168 65728 66176 98368 114688 132608 134144 135169 137216 147457 197120 212992
1 7 13 896 12289 16393 16408 32816 32864 49168 65728 66176 98368 132608 134144 135169 137216 147457 180224 197120 229376
1 7 13 896 12289 16393 20481 32792 32816 32864 32960 49160 66176 67072 98432 114688 134144 137216 151552 197632 212992
1 7 13 896 12289 16393 20481 32792 32816 32864 32960 49160 66176 98432 114688 132608 134144 137216 151552 197120 212992
1 7 13 896 12289 16393 20481 32792 32816 32864 32960 49160 67072 68608 71680 86016 114688 131712 163968 197120 229376
1 7 13 896 12289 16393 20481 32792 32816 32864 32960 49160 68608 71680 86016 114688 131712 132608 163968 197632 229376
1 7 13 896 12289 16393 20481 32792 32816 32864 49160 65728 66176 98368 114688 132608 134144 137216 151552 197120 212992
1 7 13 896 12289 16393 20481 32792 32816 32864 49160 67072 68608 71680 86016 114688 131264 131712 163904 197120 229376
1 7 13 896 12289 16393 32792 32816 32864 32960 49160 66176 67072 98432 114688 134144 135169 137216 147457 197632 212992
1 7 13 896 12289 16393 32792 32816 32864 32960 49160 68608 69633 71680 81921 114688 131712 132608 163968 197632 229376
1 7 13 896 12289 16393 32792 32816 32864 49160 65728 66176 98368 114688 132608 134144 135169 137216 147457 197120 212992
1 7 13 896 12289 16393 32792 32816 32864 49160 67072 68608 69633 71680 81921 114688 131264 131712 163904 197120 229376
1 7 13 896 16393 16408 16432 32864 32960 33408 49184 67072 68608 71680 98816 114688 139265 143360 147457 200704 212992
1 7 13 896 16393 16408 16432 32864 32960 33408 49184 67072 68608 98816 114688 137216 139265 143360 147457 198656 212992
1 7 13 896 16393 16408 16432 32864 32960 33408 49184 71680 73729 77824 81921 114688 132608 134144 164352 198656 229376
1 7 13 896 16393 16408 16432 32864 32960 33408 49184 73729 77824 81921 114688 132608 134144 137216 164352 200704 229376
1 7 13 896 16393 16408 24577 32816 32864 32960 49168 66176 67072 98432 114688 134144 137216 143360 155648 197632 212992
1 7 13 896 16393 16408 24577 32816 32864 32960 49168 66176 67072 98432 134144 137216 143360 155648 180224 197632 229376
1 7 13 896 16393 16408 24577 32816 32864 49168 65728 66176 98368 114688 132608 134144 137216 143360 155648 197120 212992
1 7 13 896 16393 16408 24577 32816 32864 49168 65728 66176 98368 132608 134144 137216 143360 155648 180224 197120 229376
1 7 13 896 16393 16408 32816 32864 32960 49168 66176 67072 68608 98432 114688 137216 139265 143360 147457 198656 212992
1 7 13 896 16393 16408 32816 32864 32960 49168 66176 67072 68608 98432 137216 139265 143360 147457 180224 198656 229376
1 7 13 896 16393 16408 32816 32864 32960 49168 66176 67072 98432 114688 134144 137216 139265 143360 147457 197632 212992
1 7 13 896 16393 16408 32816 32864 32960 49168 66176 67072 98432 134144 137216 139265 143360 147457 180224 197632 229376
1 7 13 896 16393 16408 32816 32864 49168 65728 66176 67072 98368 114688 134144 137216 139265 143360 147457 197632 212992
1 7 13 896 16393 16408 32816 32864 49168 65728 66176 67072 98368 134144 137216 139265 143360 147457 180224 197632 229376
1 7 13 896 16393 16408 32816 32864 49168 65728 66176 98368 114688 132608 134144 137216 139265 143360 147457 197120 212992
1 7 13 896 16393 16408 32816 32864 49168 65728 66176 98368 132608 134144 137216 139265 143360 147457 180224 197120 229376
1 7 13 896 16393 24577 28672 32792 32816 32864 32960 49160 66176 67072 98432 114688 134144 137216 151552 197632 212992
1 7 13 896 16393 24577 28672 32792 32816 32864 32960 49160 66176 98432 114688 132608 134144 137216 151552 197120 212992
1 7 13 896 16393 24577 28672 32792 32816 32864 32960 49160 67072 68608 71680 86016 114688 131712 163968 197120 229376
1 7 13 896 16393 24577 28672 32792 32816 32864 32960 49160 68608 71680 86016 114688 131712 132608 163968 197632 229376
1 7 13 896 16393 24577 28672 32792 32816 32864 49160 65728 66176 98368 114688 132608 134144 137216 151552 197120 212992
1 7 13 896 16393 24577 28672 32792 32816 32864 49160 67072 68608 71680 86016 114688 131264 131712 163904 197120 229376
1 7 13 896 16393 24577 32792 32816 32864 32960 49160 66176 67072 68608 98432 114688 137216 143360 155648 198656 212992
1 7 13 896 16393 24577 32792 32816 32864 32960 49160 66176 67072 98432 114688 134144 137216 143360 155648 197632 212992
1 7 13 896 16393 24577 32792 32816 32864 32960 49160 68608 71680 77824 90112 114688 131712 132608 163968 197632 229376
1 7 13 896 16393 24577 32792 32816 32864 32960 49160 71680 77824 90112 114688 131712 132608 134144 163968 198656 229376
1 7 13 896 16393 24577 32792 32816 32864 49160 65728 66176 67072 98368 114688 134144 137216 143360 155648 197632 212992
1 7 13 896 16393 24577 32792 32816 32864 49160 65728 66176 98368 114688 132608 134144 137216 143360 155648 197120 212992
1 7 13 896 16393 24577 32792 32816 32864 49160 67072 68608 71680 77824 90112 114688 131264 131712 163904 197120 229376
1 7 13 896 16393 24577 32792 32816 32864 49160 68608 71680 77824 90112 114688 131264 131712 132608 163904 197632 229376
1 7 13 896 16393 32792 32816 32864 32960 49160 66176 67072 68608 98432 114688 137216 139265 143360 147457 198656 212992
1 7 13 896 16393 32792 32816 32864 32960 49160 66176 67072 98432 114688 134144 137216 139265 143360 147457 197632 212992
1 7 13 896 16393 32792 32816 32864 32960 49160 68608 71680 73729 77824 81921 114688 131712 132608 163968 197632 229376
1 7 13 896 16393 32792 32816 32864 32960 49160 71680 73729 77824 81921 114688 131712 132608 134144 163968 198656 229376
1 7 13 896 16393 32792 32816 32864 49160 65728 66176 67072 98368 114688 134144 137216 139265 143360 147457 197632 212992
1 7 13 896 16393 32792 32816 32864 49160 65728 66176 98368 114688 132608 134144 137216 139265 143360 147457 197120 212992
1 7 13 896 16393 32792 32816 32864 49160 67072 68608 71680 73729 77824 81921 114688 131264 131712 163904 197120 229376
1 7 13 896 16393 32792 32816 32864 49160 68608 71680 73729 77824 81921 114688 131264 131712 132608 163904 197632 229376
1 7 13 1792 7168 12289 16393 20481 32792 32816 32864 49160 65728 65920 98368 114688 132352 136192 151552 196864 212992
1 7 13 1792 7168 12289 16393 20481 32792 32816 32864 49160 66816 70656 86016 114688 131264 131456 163904 196864 229376
1 7 13 1792 7168 12289 16393 20481 32792 32816 49160 65632 65728 65920 98336 114688 132352 136192 151552 196864 212992
1 7 13 1792 7168 12289 16393 20481 32792 32816 49160 66816 70656 86016 114688 131168 131264 131456 163872 196864 229376
1 7 13 1792 7168 16393 16408 32816 32864 49168 65728 65920 66816 98368 114688 136192 139265 143360 147457 197632 212992
1 7 13 1792 7168 16393 16408 32816 32864 49168 65728 65920 66816 98368 136192 139265 143360 147457 180224 197632 229376
1 7 13 1792 7168 16393 24577 28672 32792 32816 32864 49160 65728 65920 98368 114688 132352 136192 151552 196864 212992
1 7 13 1792 7168 16393 24577 28672 32792 32816 32864 49160 66816 70656 86016 114688 131264 131456 163904 196864 229376
1 7 13 1792 7168 16393 24577 28672 32792 32816 49160 65632 65728 65920 98336 114688 132352 136192 151552 196864 212992
1 7 13 1792 7168 16393 24577 28672 32792 32816 49160 66816 70656 86016 114688 131168 131264 131456 163872 196864 229376
1 7 13 1792 7168 16393 24577 32792 32816 32864 49160 65728 65920 66816 98368 114688 136192 143360 155648 197632 212992
1 7 13 1792 7168 16393 24577 32792 32816 32864 49160 70656 77824 90112 114688 131264 131456 132352 163904 197632 229376
1 7 13 1792 7168 16393 32792 32816 32864 49160 65728 65920 66816 98368 114688 136192 139265 143360 147457 197632 212992
1 7 13 1792 7168 16393 32792 32816 32864 49160 70656 73729 77824 81921 114688 131264 131456 132352 163904 197632 229376
1 7 13 1792 12289 16393 16408 16432 32864 32960 33152 49184 66816 68608 98560 114688 135169 137216 147457 198656 212992
1 7 13 1792 12289 16393 16408 16432 32864 32960 33152 49184 66816 98560 114688 134144 135169 137216 147457 197632 212992
1 7 13 1792 12289 16393 16408 16432 32864 32960 33152 49184 68608 69633 71680 81921 114688 132352 164096 197632 229376
1 7 13 1792 12289 16393 16408 16432 32864 32960 33152 49184 69633 71680 81921 114688 132352 134144 164096 198656 229376
1 7 13 1792 12289 16393 16408 16432 32864 32960 49184 65920 66816 98432 114688 134144 135169 137216 147457 197632 212992
1 7 13 1792 12289 16393 16408 16432 32864 32960 49184 68608 69633 71680 81921 114688 131456 132352 163968 197632 229376
1 7 13 1792 12289 16393 20481 32792 32816 32864 49160 65728 65920 98368 114688 132352 134144 137216 151552 196864 212992
1 7 13 1792 12289 16393 20481 32792 32816 32864 49160 66816 68608 71680 86016 114688 131264 131456 163904 196864 229376
1 7 13 1792 12289 16393 20481 32792 32816 49160 65632 65728 65920 98336 114688 132352 134144 137216 151552 196864 212992
1 7 13 1792 12289 16393 20481 32792 32816 49160 66816 68608 71680 86016 114688 131168 131264 131456 163872 196864 229376
1 7 13 1792 16393 16408 16432 32864 32960 33152 49184 66816 68608 98560 114688 137216 139265 143360 147457 198656 212992
1 7 13 1792 16393 16408 16432 32864 32960 33152 49184 66816 98560 114688 134144 137216 139265 143360 147457 197632 212992
1 7 13 1792 16393 16408 16432 32864 32960 33152 49184 68608 71680 73729 77824 81921 114688 132352 164096 197632 229376
1 7 13 1792 16393 16408 16432 32864 32960 33152 49184 71680 73729 77824 81921 114688 132352 134144 164096 198656 229376
1 7 13 1792 16393 16408 16432 32864 32960 49184 65920 66816 98432 114688 134144 137216 139265 143360 147457 197632 212992
1 7 13 1792 16393 16408 16432 32864 32960 49184 68608 71680 73729 77824 81921 114688 131456 132352 163968 197632 229376
1 7 13 1792 16393 16408 24577 32816 32864 32960 33152 49168 66816 68608 98560 114688 137216 143360 155648 198656 212992
1 7 13 1792 16393 16408 24577 32816 32864 32960 33152 49168 66816 68608 98560 137216 143360 155648 180224 198656 229376
1 7 13 1792 16393 16408 24577 32816 32864 32960 49168 65920 66816 98432 114688 134144 137216 143360 155648 197632 212992
1 7 13 1792 16393 16408 24577 32816 32864 32960 49168 65920 66816 98432 134144 137216 143360 155648 180224 197632 229376
1 7 13 1792 16393 16408 32816 32864 32960 33152 49168 66816 68608 98560 114688 137216 139265 143360 147457 198656 212992
1 7 13 1792 16393 16408 32816 32864 32960 33152 49168 66816 68608 98560 137216 139265 143360 147457 180224 198656 229376
1 7 13 1792 16393 16408 32816 32864 32960 49168 65920 66816 68608 98432 114688 137216 139265 143360 147457 198656 212992
1 7 13 1792 16393 16408 32816 32864 32960 49168 65920 66816 68608 98432 137216 139265 143360 147457 180224 198656 229376
1 7 13 1792 16393 16408 32816 32864 32960 49168 65920 66816 98432 114688 134144 137216 139265 143360 147457 197632 212992
1 7 13 1792 16393 16408 32816 32864 32960 49168 65920 66816 98432 134144 137216 139265 143360 147457 180224 197632 229376
1 7 13 1792 16393 16408 32816 32864 49168 65728 65920 66816 98368 114688 134144 137216 139265 143360 147457 197632 212992
1 7 13 1792 16393 16408 32816 32864 49168 65728 65920 66816 98368 134144 137216 139265 143360 147457 180224 197632 229376
1 7 13 1792 16393 24577 28672 32792 32816 32864 49160 65728 65920 98368 114688 132352 134144 137216 151552 196864 212992
1 7 13 1792 16393 24577 28672 32792 32816 32864 49160 66816 68608 71680 86016 114688 131264 131456 163904 196864 229376
1 7 13 1792 16393 24577 28672 32792 32816 49160 65632 65728 65920 98336 114688 132352 134144 137216 151552 196864 212992
1 7 13 1792 16393 24577 28672 32792 32816 49160 66816 68608 71680 86016 114688 131168 131264 131456 163872 196864 229376
1 7 13 1792 16393 24577 32792 32816 32864 32960 33152 49160 66816 68608 98560 114688 137216 143360 155648 198656 212992
1 7 13 1792 16393 24577 32792 32816 32864 32960 33152 49160 71680 77824 90112 114688 132352 134144 164096 198656 229376
1 7 13 1792 16393 24577 32792 32816 32864 32960 49160 65920 66816 68608 98432 114688 137216 143360 155648 198656 212992
1 7 13 1792 16393 24577 32792 32816 32864 32960 49160 65920 66816 98432 114688 134144 137216 143360 155648 197632 212992
1 7 13 1792 16393 24577 32792 32816 32864 32960 49160 68608 71680 77824 90112 114688 131456 132352 163968 197632 229376
1 7 13 1792 16393 24577 32792 32816 32864 32960 49160 71680 77824 90112 114688 131456 132352 134144 163968 198656 229376
1 7 13 1792 16393 24577 32792 32816 32864 49160 65728 65920 66816 98368 114688 134144 137216 143360 155648 197632 212992
1 7 13 1792 16393 24577 32792 32816 32864 49160 68608 71680 77824 90112 114688 131264 131456 132352 163904 197632 229376
1 7 13 1792 16393 32792 32816 32864 32960 33152 49160 66816 68608 98560 114688 137216 139265 143360 147457 198656 212992
1 7 13 1792 16393 32792 32816 32864 32960 33152 49160 71680 73729 77824 81921 114688 132352 134144 164096 198656 229376
1 7 13 1792 16393 32792 32816 32864 32960 49160 65920 66816 68608 98432 114688 137216 139265 143360 147457 198656 212992
1 7 13 1792 16393 32792 32816 32864 32960 49160 65920 66816 98432 114688 134144 137216 139265 143360 147457 197632 212992
1 7 13 1792 16393 32792 32816 32864 32960 49160 68608 71680 73729 77824 81921 114688 131456 132352 163968 197632 229376
1 7 13 1792 16393 32792 32816 32864 32960 49160 71680 73729 77824 81921 114688 131456 132352 134144 163968 198656 229376
1 7 13 1792 16393 32792 32816 32864 49160 65728 65920 66816 98368 114688 134144 137216 139265 143360 147457 197632 212992
1 7 13 1792 16393 32792 32816 32864 49160 68608 71680 73729 77824 81921 114688 131264 131456 132352 163904 197632 229376
1 7 13 3584 12289 16393 16408 32816 32864 49168 65728 65920 66304 98368 114688 133632 135169 137216 147457 197120 212992
1 7 13 3584 12289 16393 16408 32816 32864 49168 65728 65920 66304 98368 133632 135169 137216 147457 180224 197120 229376
1 7 13 3584 12289 16393 20481 32792 32816 32864 49160 65728 65920 66304 98368 114688 133632 137216 151552 197120 212992
1 7 13 3584 12289 16393 20481 32792 32816 32864 49160 65728 65920 98368 114688 131840 133632 137216 151552 196864 212992
1 7 13 3584 12289 16393 20481 32792 32816 32864 49160 66304 68096 71680 86016 114688 131264 131456 163904 196864 229376
1 7 13 3584 12289 16393 20481 32792 32816 32864 49160 68096 71680 86016 114688 131264 131456 131840 163904 197120 229376
1 7 13 3584 12289 16393 32792 32816 32864 49160 65728 65920 66304 98368 114688 133632 135169 137216 147457 197120 212992
1 7 13 3584 12289 16393 32792 32816 32864 49160 68096 69633 71680 81921 114688 131264 131456 131840 163904 197120 229376
1 7 13 3584 14336 16393 16408 24577 32816 32864 49168 65728 65920 66304 98368 114688 133632 141312 155648 197120 212992
1 7 13 3584 14336 16393 16408 24577 32816 32864 49168 65728 65920 66304 98368 133632 141312 155648 180224 197120 229376
1 7 13 3584 14336 16393 16408 32816 32864 49168 65728 65920 66304 98368 114688 133632 139265 141312 147457 197120 212992
1 7 13 3584 14336 16393 16408 32816 32864 49168 65728 65920 66304 98368 133632 139265 141312 147457 180224 197120 229376
1 7 13 3584 14336 16393 24577 32792 32816 32864 49160 65728 65920 66304 98368 114688 133632 141312 155648 197120 212992
1 7 13 3584 14336 16393 24577 32792 32816 32864 49160 68096 75776 90112 114688 131264 131456 131840 163904 197120 229376
1 7 13 3584 14336 16393 32792 32816 32864 49160 65728 65920 66304 98368 114688 133632 139265 141312 147457 197120 212992
1 7 13 3584 14336 16393 32792 32816 32864 49160 68096 73729 75776 81921 114688 131264 131456 131840 163904 197120 229376
1 7 13 3584 16393 16408 16432 32864 32960 33152 33536 49184 68096 71680 98816 114688 139265 143360 147457 200704 212992
1 7 13 3584 16393 16408 16432 32864 32960 33152 33536 49184 68096 98816 114688 137216 139265 143360 147457 198656 212992
1 7 13 3584 16393 16408 16432 32864 32960 33152 33536 49184 71680 73729 77824 81921 114688 133632 164352 198656 229376
1 7 13 3584 16393 16408 16432 32864 32960 33152 33536 49184 73729 77824 81921 114688 133632 137216 164352 200704 229376
1 7 13 3584 16393 16408 16432 32864 32960 33152 49184 66304 68096 98560 114688 137216 139265 143360 147457 198656 212992
1 7 13 3584 16393 16408 16432 32864 32960 33152 49184 71680 73729 77824 81921 114688 131840 133632 164096 198656 229376
1 7 13 3584 16393 16408 24577 32816 32864 49168 65728 65920 66304 98368 114688 133632 137216 143360 155648 197120 212992
1 7 13 3584 16393 16408 24577 32816 32864 49168 65728 65920 66304 98368 133632 137216 143360 155648 180224 197120 229376
1 7 13 3584 16393 16408 32816 32864 32960 49168 65920 66304 68096 98432 114688 137216 139265 143360 147457 198656 212992
1 7 13 3584 16393 16408 32816 32864 32960 49168 65920 66304 68096 98432 137216 139265 143360 147457 180224 198656 229376
1 7 13 3584 16393 16408 32816 32864 49168 65728 65920 66304 98368 114688 133632 137216 139265 143360 147457 197120 212992
1 7 13 3584 16393 16408 32816 32864 49168 65728 65920 66304 98368 133632 137216 139265 143360 147457 180224 197120 229376
1 7 13 3584 16393 24577 28672 32792 32816 32864 49160 65728 65920 66304 98368 114688 133632 137216 151552 197120 212992
1 7 13 3584 16393 24577 28672 32792 32816 32864 49160 65728 65920 98368 114688 131840 133632 137216 151552 196864 212992
1 7 13 3584 16393 24577 28672 32792 32816 32864 49160 66304 68096 71680 86016 114688 131264 131456 163904 196864 229376
1 7 13 3584 16393 24577 28672 32792 32816 32864 49160 68096 71680 86016 114688 131264 131456 131840 163904 197120 229376
1 7 13 3584 16393 24577 32792 32816 32864 32960 49160 65920 66304 68096 98432 114688 137216 143360 155648 198656 212992
1 7 13 3584 16393 24577 32792 32816 32864 32960 49160 71680 77824 90112 114688 131456 131840 133632 163968 198656 229376
1 7 13 3584 16393 24577 32792 32816 32864 49160 65728 65920 66304 98368 114688 133632 137216 143360 155648 197120 212992
1 7 13 3584 16393 24577 32792 32816 32864 49160 68096 71680 77824 90112 114688 131264 131456 131840 163904 197120 229376
1 7 13 3584 16393 32792 32816 32864 32960 49160 65920 66304 68096 98432 114688 137216 139265 143360 147457 198656 212992
1 7 13 3584 16393 32792 32816 32864 32960 49160 71680 73729 77824 81921 114688 131456 131840 133632 163968 198656 229376
1 7 13 3584 16393 32792 32816 32864 49160 65728 65920 66304 98368 114688 133632 137216 139265 143360 147457 197120 212992
1 7 13 3584 16393 32792 32816 32864 49160 68096 71680 73729 77824 81921 114688 131264 131456 131840 163904 197120 229376
1 7 13 7168 12289 16393 16408 16432 32864 32960 33152 49184 66304 67072 98560 114688 135169 136192 147457 197632 212992
1 7 13 7168 12289 16393 16408 16432 32864 32960 33152 49184 69633 70656 81921 114688 131840 132608 164096 197632 229376
1 7 13 7168 12289 16393 16408 16432 32864 32960 49184 65920 66304 67072 98432 114688 135169 136192 147457 197632 212992
1 7 13 7168 12289 16393 16408 16432 32864 32960 49184 69633 70656 81921 114688 131456 131840 132608 163968 197632 229376
1 7 13 7168 12289 16393 16408 32816 32864 32960 49168 65920 66304 67072 98432 114688 135169 136192 147457 197632 212992
1 7 13 7168 12289 16393 16408 32816 32864 32960 49168 65920 66304 67072 98432 135169 136192 147457 180224 197632 229376
1 7 13 7168 12289 16393 16408 32816 32864 49168 65728 65920 66304 98368 114688 132608 135169 136192 147457 197120 212992
1 7 13 7168 12289 16393 16408 32816 32864 49168 65728 65920 66304 98368 132608 135169 136192 147457 180224 197120 229376
1 7 13 7168 12289 16393 20481 32792 32816 32864 32960 49160 65920 66304 67072 98432 114688 136192 151552 197632 212992
1 7 13 7168 12289 16393 20481 32792 32816 32864 32960 49160 65920 66304 98432 114688 132608 136192 151552 197120 212992
1 7 13 7168 12289 16393 20481 32792 32816 32864 32960 49160 67072 70656 86016 114688 131456 131840 163968 197120 229376
1 7 13 7168 12289 16393 20481 32792 32816 32864 32960 49160 70656 86016 114688 131456 131840 132608 163968 197632 229376
1 7 13 7168 12289 16393 20481 32792 32816 32864 49160 65728 65920 66304 98368 114688 132608 136192 151552 197120 212992
1 7 13 7168 12289 16393 20481 32792 32816 32864 49160 65728 65920 98368 114688 131840 132608 136192 151552 196864 212992
1 7 13 7168 12289 16393 20481 32792 32816 32864 49160 66304 67072 70656 86016 114688 131264 131456 163904 196864 229376
1 7 13 7168 12289 16393 20481 32792 32816 32864 49160 67072 70656 86016 114688 131264 131456 131840 163904 197120 229376
1 7 13 7168 12289 16393 20481 32792 32816 49160 65632 65728 65920 98336 114688 131840 132608 136192 151552 196864 212992
1 7 13 7168 12289 16393 20481 32792 32816 49160 66304 67072 70656 86016 114688 131168 131264 131456 163872 196864 229376
1 7 13 7168 12289 16393 32792 32816 32864 32960 49160 65920 66304 67072 98432 114688 135169 136192 147457 197632 212992
1 7 13 7168 12289 16393 32792 32816 32864 32960 49160 69633 70656 81921 114688 131456 131840 132608 163968 197632 229376
1 7 13 7168 12289 16393 32792 32816 32864 49160 65728 65920 66304 98368 114688 132608 135169 136192 147457 197120 212992
1 7 13 7168 12289 16393 32792 32816 32864 49160 67072 69633 70656 81921 114688 131264 131456 131840 163904 197120 229376
1 7 13 7168 16393 16408 16432 32864 32960 33152 49184 66304 67072 98560 114688 136192 139265 143360 147457 197632 212992
1 7 13 7168 16393 16408 16432 32864 32960 33152 49184 70656 73729 77824 81921 114688 131840 132608 164096 197632 229376
1 7 13 7168 16393 16408 16432 32864 32960 49184 65920 66304 67072 98432 114688 136192 139265 143360 147457 197632 212992
1 7 13 7168 16393 16408 16432 32864 32960 49184 70656 73729 77824 81921 114688 131456 131840 132608 163968 197632 229376
1 7 13 7168 16393 16408 24577 32816 32864 32960 49168 65920 66304 67072 98432 114688 136192 143360 155648 197632 212992
1 7 13 7168 16393 16408 24577 32816 32864 32960 49168 65920 66304 67072 98432 136192 143360 155648 180224 197632 229376
1 7 13 7168 16393 16408 32816 32864 32960 49168 65920 66304 67072 98432 114688 136192 139265 143360 147457 197632 212992
1 7 13 7168 16393 16408 32816 32864 32960 49168 65920 66304 67072 98432 136192 139265 143360 147457 180224 197632 229376
1 7 13 7168 16393 16408 32816 32864 49168 65728 65920 66304 67072 98368 114688 136192 139265 143360 147457 197632 212992
1 7 13 7168 16393 16408 32816 32864 49168 65728 65920 66304 67072 98368 136192 139265 143360 147457 180224 197632 229376
1 7 13 7168 16393 16408 32816 32864 49168 65728 65920 66304 98368 114688 132608 136192 139265 143360 147457 197120 212992
1 7 13 7168 16393 16408 32816 32864 49168 65728 65920 66304 98368 132608 136192 139265 143360 147457 180224 197120 229376
1 7 13 7168 16393 24577 28672 32792 32816 32864 32960 49160 65920 66304 67072 98432 114688 136192 151552 197632 212992
1 7 13 7168 16393 24577 28672 32792 32816 32864 32960 49160 65920 66304 98432 114688 132608 136192 151552 197120 212992
1 7 13 7168 16393 24577 28672 32792 32816 32864 32960 49160 67072 70656 86016 114688 131456 131840 163968 197120 229376
1 7 13 7168 16393 24577 28672 32792 32816 32864 32960 49160 70656 86016 114688 131456 131840 132608 163968 197632 229376
1 7 13 7168 16393 24577 28672 32792 32816 32864 49160 65728 65920 66304 98368 114688 132608 136192 151552 197120 212992
1 7 13 7168 16393 24577 28672 32792 32816 32864 49160 65728 65920 98368 114688 131840 132608 136192 151552 196864 212992
1 7 13 7168 16393 24577 28672 32792 32816 32864 49160 66304 67072 70656 86016 114688 131264 131456 163904 196864 229376
1 7 13 7168 16393 24577 28672 32792 32816 32864 49160 67072 70656 86016 114688 131264 131456 131840 163904 197120 229376
1 7 13 7168 16393 24577 28672 32792 32816 49160 65632 65728 65920 98336 114688 131840 132608 136192 151552 196864 212992
1 7 13 7168 16393 24577 28672 32792 32816 49160 66304 67072 70656 86016 114688 131168 131264 131456 163872 196864 229376
1 7 13 7168 16393 24577 32792 32816 32864 32960 49160 65920 66304 67072 98432 114688 136192 143360 155648 197632 212992
1 7 13 7168 16393 24577 32792 32816 32864 32960 49160 70656 77824 90112 114688 131456 131840 132608 163968 197632 229376
1 7 13 7168 16393 24577 32792 32816 32864 49160 65728 65920 66304 67072 98368 114688 136192 143360 155648 197632 212992
1 7 13 7168 16393 24577 32792 32816 32864 49160 65728 65920 66304 98368 114688 132608 136192 143360 155648 197120 212992
1 7 13 7168 16393 24577 32792 32816 32864 49160 67072 70656 77824 90112 114688 131264 131456 131840 163904 197120 229376
1 7 13 7168 16393 24577 32792 32816 32864 49160 70656 77824 90112 114688 131264 131456 131840 132608 163904 197632 229376
1 7 13 7168 16393 32792 32816 32864 32960 49160 65920 66304 67072 98432 114688 136192 139265 143360 147457 197632 212992
1 7 13 7168 16393 32792 32816 32864 32960 49160 70656 73729 77824 81921 114688 131456 131840 132608 163968 197632 229376
1 7 13 7168 16393 32792 32816 32864 49160 65728 65920 66304 67072 98368 114688 136192 139265 143360 147457 197632 212992
1 7 13 7168 16393 32792 32816 32864 49160 65728 65920 66304 98368 114688 132608 136192 139265 143360 147457 197120 212992
1 7 13 7168 16393 32792 32816 32864 49160 67072 70656 73729 77824 81921 114688 131264 131456 131840 163904 197120 229376
1 7 13 7168 16393 32792 32816 32864 49160 70656 73729 77824 81921 114688 131264 131456 131840 132608 163904 197632 229376
1 7 13 8201 16408 24584 34304 35840 38912 45056 57344 65584 65632 81936 114688 131264 131456 131840 164352 196672 229376
1 7 13 8201 16408 24584 34304 35840 38912 45056 57344 65728 65920 66304 98816 114688 131120 131168 147472 196672 212992
1 7 13 8201 16408 24584 35840 38912 45056 57344 65584 65632 65728 81936 114688 131456 131840 132608 164864 196736 229376
1 7 13 8201 16408 24584 35840 38912 45056 57344 65920 66304 67072 99328 114688 131120 131168 131264 147472 196736 212992
1 7 13 8201 24584 28672 34304 35840 38912 53248 65728 65920 66304 98816 114688 131096 131120 131168 147464 196672 212992
1 7 13 8201 24584 28672 34304 35840 38912 53248 65728 65920 66304 98816 131096 131120 131168 147464 180224 196672 229376
1 7 13 8201 24584 28672 35840 38912 53248 65920 66304 67072 99328 114688 131096 131120 131168 131264 147464 196736 212992
1 7 13 8201 24584 28672 35840 38912 53248 65920 66304 67072 99328 131096 131120 131168 131264 147464 180224 196736 229376
1 7 13 8201 24584 34304 35840 38912 45056 57344 65560 65584 65632 81928 114688 131264 131456 131840 164352 196672 229376
1 7 13 8201 24584 34304 35840 38912 45056 57344 65728 65920 66304 98816 114688 131096 131120 131168 147464 196672 212992
1 7 13 8201 24584 35840 38912 45056 57344 65560 65584 65632 65728 81928 114688 131456 131840 132608 164864 196736 229376
1 7 13 8201 24584 35840 38912 45056 57344 65920 66304 67072 99328 114688 131096 131120 131168 131264 147464 196736 212992
1 7 13 12289 16393 16408 16432 32864 32960 33152 49184 66304 67072 68608 98560 114688 135169 137216 147457 198656 212992
1 7 13 12289 16393 16408 16432 32864 32960 33152 49184 66304 67072 98560 114688 134144 135169 137216 147457 197632 212992
1 7 13 12289 16393 16408 16432 32864 32960 33152 49184 68608 69633 71680 81921 114688 131840 132608 164096 197632 229376
1 7 13 12289 16393 16408 16432 32864 32960 33152 49184 69633 71680 81921 114688 131840 132608 134144 164096 198656 229376
1 7 13 12289 16393 16408 16432 32864 32960 49184 65920 66304 67072 98432 114688 134144 135169 137216 147457 197632 212992
1 7 13 12289 16393 16408 16432 32864 32960 49184 68608 69633 71680 81921 114688 131456 131840 132608 163968 197632 229376
1 7 13 12289 16393 16408 32816 32864 32960 49168 65920 66304 67072 98432 114688 134144 135169 137216 147457 197632 212992
1 7 13 12289 16393 16408 32816 32864 32960 49168 65920 66304 67072 98432 134144 135169 137216 147457 180224 197632 229376
1 7 13 12289 16393 16408 32816 32864 49168 65728 65920 66304 98368 114688 132608 134144 135169 137216 147457 197120 212992
1 7 13 12289 16393 16408 32816 32864 49168 65728 65920 66304 98368 132608 134144 135169 137216 147457 180224 197120 229376
1 7 13 12289 16393 20481 32792 32816 32864 32960 49160 65920 66304 67072 98432 114688 134144 137216 151552 197632 212992
1 7 13 12289 16393 20481 32792 32816 32864 32960 49160 65920 66304 98432 114688 132608 134144 137216 151552 197120 212992
1 7 13 12289 16393 20481 32792 32816 32864 32960 49160 67072 68608 71680 86016 114688 131456 131840 163968 197120 229376
1 7 13 12289 16393 20481 32792 32816 32864 32960 49160 68608 71680 86016 114688 131456 131840 132608 163968 197632 229376
1 7 13 12289 16393 20481 32792 32816 32864 49160 65728 65920 66304 98368 114688 132608 134144 137216 151552 197120 212992
1 7 13 12289 16393 20481 32792 32816 32864 49160 65728 65920 98368 114688 131840 132608 134144 137216 151552 196864 212992
1 7 13 12289 16393 20481 32792 32816 32864 49160 66304 67072 68608 71680 86016 114688 131264 131456 163904 196864 229376
1 7 13 12289 16393 20481 32792 32816 32864 49160 67072 68608 71680 86016 114688 131264 131456 131840 163904 197120 229376
1 7 13 12289 16393 20481 32792 32816 49160 65632 65728 65920 98336 114688 131840 132608 134144 137216 151552 196864 212992
1 7 13 12289 16393 20481 32792 32816 49160 66304 67072 68608 71680 86016 114688 131168 131264 131456 163872 196864 229376
1 7 13 12289 16393 32792 32816 32864 32960 49160 65920 66304 67072 98432 114688 134144 135169 137216 147457 197632 212992
1 7 13 12289 16393 32792 32816 32864 32960 49160 68608 69633 71680 81921 114688 131456 131840 132608 163968 197632 229376
1 7 13 12289 16393 32792 32816 32864 49160 65728 65920 66304 98368 114688 132608 134144 135169 137216 147457 197120 212992
1 7 13 12289 16393 32792 32816 32864 49160 67072 68608 69633 71680 81921 114688 131264 131456 131840 163904 197120 229376
1 7 13 14336 16393 16408 16432 32864 32960 33152 49184 66304 67072 68608 98560 114688 139265 141312 147457 198656 212992
1 7 13 14336 16393 16408 16432 32864 32960 33152 49184 66304 67072 98560 114688 134144 139265 141312 147457 197632 212992
1 7 13 14336 16393 16408 16432 32864 32960 33152 49184 68608 73729 75776 81921 114688 131840 132608 164096 197632 229376
1 7 13 14336 16393 16408 16432 32864 32960 33152 49184 73729 75776 81921 114688 131840 132608 134144 164096 198656 229376
1 7 13 14336 16393 16408 24577 32816 32864 32960 49168 65920 66304 67072 98432 114688 134144 141312 155648 197632 212992
1 7 13 14336 16393 16408 24577 32816 32864 32960 49168 65920 66304 67072 98432 134144 141312 155648 180224 197632 229376
1 7 13 14336 16393 16408 24577 32816 32864 49168 65728 65920 66304 98368 114688 132608 134144 141312 155648 197120 212992
1 7 13 14336 16393 16408 24577 32816 32864 49168 65728 65920 66304 98368 132608 134144 141312 155648 180224 197120 229376
1 7 13 14336 16393 16408 32816 32864 32960 49168 65920 66304 67072 68608 98432 114688 139265 141312 147457 198656 212992
1 7 13 14336 16393 16408 32816 32864 32960 49168 65920 66304 67072 68608 98432 139265 141312 147457 180224 198656 229376
1 7 13 14336 16393 16408 32816 32864 32960 49168 65920 66304 67072 98432 114688 134144 139265 141312 147457 197632 212992
1 7 13 14336 16393 16408 32816 32864 32960 49168 65920 66304 67072 98432 134144 139265 141312 147457 180224 197632 229376
1 7 13 14336 16393 16408 32816 32864 49168 65728 65920 66304 98368 114688 132608 134144 139265 141312 147457 197120 212992
1 7 13 14336 16393 16408 32816 32864 49168 65728 65920 66304 98368 132608 134144 139265 141312 147457 180224 197120 229376
1 7 13 14336 16393 24577 32792 32816 32864 32960 49160 65920 66304 67072 68608 98432 114688 141312 155648 198656 212992
1 7 13 14336 16393 24577 32792 32816 32864 32960 49160 65920 66304 67072 98432 114688 134144 141312 155648 197632 212992
1 7 13 14336 16393 24577 32792 32816 32864 32960 49160 68608 75776 90112 114688 131456 131840 132608 163968 197632 229376
1 7 13 14336 16393 24577 32792 32816 32864 32960 49160 75776 90112 114688 131456 131840 132608 134144 163968 198656 229376
1 7 13 14336 16393 24577 32792 32816 32864 49160 65728 65920 66304 98368 114688 132608 134144 141312 155648 197120 212992
1 7 13 14336 16393 24577 32792 32816 32864 49160 67072 68608 75776 90112 114688 131264 131456 131840 163904 197120 229376
1 7 13 14336 16393 32792 32816 32864 32960 49160 65920 66304 67072 68608 98432 114688 139265 141312 147457 198656 212992
1 7 13 14336 16393 32792 32816 32864 32960 49160 65920 66304 67072 98432 114688 134144 139265 141312 147457 197632 212992
1 7 13 14336 16393 32792 32816 32864 32960 49160 68608 73729 75776 81921 114688 131456 131840 132608 163968 197632 229376
1 7 13 14336 16393 32792 32816 32864 32960 49160 73729 75776 81921 114688 131456 131840 132608 134144 163968 198656 229376
1 7 13 14336 16393 32792 32816 32864 49160 65728 65920 66304 98368 114688 132608 134144 139265 141312 147457 197120 212992
1 7 13 14336 16393 32792 32816 32864 49160 67072 68608 73729 75776 81921 114688 131264 131456 131840 163904 197120 229376
1 7 13 16393 16408 16432 32864 32960 33152 33536 49184 67072 68608 71680 98816 114688 139265 143360 147457 200704 212992
1 7 13 16393 16408 16432 32864 32960 33152 33536 49184 67072 68608 98816 114688 137216 139265 143360 147457 198656 212992
1 7 13 16393 16408 16432 32864 32960 33152 33536 49184 71680 73729 77824 81921 114688 132608 134144 164352 198656 229376
1 7 13 16393 16408 16432 32864 32960 33152 33536 49184 73729 77824 81921 114688 132608 134144 137216 164352 200704 229376
1 7 13 16393 16408 16432 32864 32960 33152 49184 66304 67072 68608 98560 114688 137216 139265 143360 147457 198656 212992
1 7 13 16393 16408 16432 32864 32960 33152 49184 66304 67072 98560 114688 134144 137216 139265 143360 147457 197632 212992
1 7 13 16393 16408 16432 32864 32960 33152 49184 68608 71680 73729 77824 81921 114688 131840 132608 164096 197632 229376
1 7 13 16393 16408 16432 32864 32960 33152 49184 71680 73729 77824 81921 114688 131840 132608 134144 164096 198656 229376
1 7 13 16393 16408 16432 32864 32960 49184 65920 66304 67072 98432 114688 134144 137216 139265 143360 147457 197632 212992
1 7 13 16393 16408 16432 32864 32960 49184 68608 71680 73729 77824 81921 114688 131456 131840 132608 163968 197632 229376
1 7 13 16393 16408 24577 32816 32864 32960 33152 49168 66304 67072 68608 98560 114688 137216 143360 155648 198656 212992
1 7 13 16393 16408 24577 32816 32864 32960 33152 49168 66304 67072 68608 98560 137216 143360 155648 180224 198656 229376
1 7 13 16393 16408 24577 32816 32864 32960 49168 65920 66304 67072 98432 114688 134144 137216 143360 155648 197632 212992
1 7 13 16393 16408 24577 32816 32864 32960 49168 65920 66304 67072 98432 134144 137216 143360 155648 180224 197632 229376
1 7 13 16393 16408 24577 32816 32864 49168 65728 65920 66304 98368 114688 132608 134144 137216 143360 155648 197120 212992
1 7 13 16393 16408 24577 32816 32864 49168 65728 65920 66304 98368 132608 134144 137216 143360 155648 180224 197120 229376
1 7 13 16393 16408 32816 32864 32960 33152 49168 66304 67072 68608 98560 114688 137216 139265 143360 147457 198656 212992
1 7 13 16393 16408 32816 32864 32960 33152 49168 66304 67072 68608 98560 137216 139265 143360 147457 180224 198656 229376
1 7 13 16393 16408 32816 32864 32960 49168 65920 66304 67072 68608 98432 114688 137216 139265 143360 147457 198656 212992
1 7 13 16393 16408 32816 32864 32960 49168 65920 66304 67072 68608 98432 137216 139265 143360 147457 180224 198656 229376
1 7 13 16393 16408 32816 32864 32960 49168 65920 66304 67072 98432 114688 134144 137216 139265 143360 147457 197632 212992
1 7 13 16393 16408 32816 32864 32960 49168 65920 66304 67072 98432 134144 137216 139265 143360 147457 180224 197632 229376
1 7 13 16393 16408 32816 32864 49168 65728 65920 66304 67072 98368 114688 134144 137216 139265 143360 147457 197632 212992
1 7 13 16393 16408 32816 32864 49168 65728 65920 66304 67072 98368 134144 137216 139265 143360 147457 180224 197632 229376
1 7 13 16393 16408 32816 32864 49168 65728 65920 66304 98368 114688 132608 134144 137216 139265 143360 147457 197120 212992
1 7 13 16393 16408 32816 32864 49168 65728 65920 66304 98368 132608 134144 137216 139265 143360 147457 180224 197120 229376
1 7 13 16393 24577 28672 32792 32816 32864 32960 49160 65920 66304 67072 98432 114688 134144 137216 151552 197632 212992
1 7 13 16393 24577 28672 32792 32816 32864 32960 49160 65920 66304 98432 114688 132608 134144 137216 151552 197120 212992
1 7 13 16393 24577 28672 32792 32816 32864 32960 49160 67072 68608 71680 86016 114688 131456 131840 163968 197120 229376
1 7 13 16393 24577 28672 32792 32816 32864 32960 49160 68608 71680 86016 114688 131456 131840 132608 163968 197632 229376
1 7 13 16393 24577 28672 32792 32816 32864 49160 65728 65920 66304 98368 114688 132608 134144 137216 151552 197120 212992
1 7 13 16393 24577 28672 32792 32816 32864 49160 65728 65920 98368 114688 131840 132608 134144 137216 151552 196864 212992
1 7 13 16393 24577 28672 32792 32816 32864 49160 66304 67072 68608 71680 86016 114688 131264 131456 163904 196864 229376
1 7 13 16393 24577 28672 32792 32816 32864 49160 67072 68608 71680 86016 114688 131264 131456 131840 163904 197120 229376
1 7 13 16393 24577 28672 32792 32816 49160 65632 65728 65920 98336 114688 131840 132608 134144 137216 151552 196864 212992
1 7 13 16393 24577 28672 32792 32816 49160 66304 67072 68608 71680 86016 114688 131168 131264 131456 163872 196864 229376
1 7 13 16393 24577 32792 32816 32864 32960 33152 49160 66304 67072 68608 98560 114688 137216 143360 155648 198656 212992
1 7 13 16393 24577 32792 32816 32864 32960 33152 49160 71680 77824 90112 114688 131840 132608 134144 164096 198656 229376
1 7 13 16393 24577 32792 32816 32864 32960 49160 65920 66304 67072 68608 98432 114688 137216 143360 155648 198656 212992
1 7 13 16393 24577 32792 32816 32864 32960 49160 65920 66304 67072 98432 114688 134144 137216 143360 155648 197632 212992
1 7 13 16393 24577 32792 32816 32864 32960 49160 68608 71680 77824 90112 114688 131456 131840 132608 163968 197632 229376
1 7 13 16393 24577 32792 32816 32864 32960 49160 71680 77824 90112 114688 131456 131840 132608 134144 163968 198656 229376
1 7 13 16393 24577 32792 32816 32864 49160 65728 65920 66304 67072 98368 114688 134144 137216 143360 155648 197632 212992
1 7 13 16393 24577 32792 32816 32864 49160 65728 65920 66304 98368 114688 132608 134144 137216 143360 155648 197120 212992
1 7 13 16393 24577 32792 32816 32864 49160 67072 68608 71680 77824 90112 114688 131264 131456 131840 163904 197120 229376
1 7 13 16393 24577 32792 32816 32864 49160 68608 71680 77824 90112 114688 131264 131456 131840 132608 163904 197632 229376
1 7 13 16393 32792 32816 32864 32960 33152 49160 66304 67072 68608 98560 114688 137216 139265 143360 147457 198656 212992
1 7 13 16393 32792 32816 32864 32960 33152 49160 71680 73729 77824 81921 114688 131840 132608 134144 164096 198656 229376
1 7 13 16393 32792 32816 32864 32960 49160 65920 66304 67072 68608 98432 114688 137216 139265 143360 147457 198656 212992
1 7 13 16393 32792 32816 32864 32960 49160 65920 66304 67072 98432 114688 134144 137216 139265 143360 147457 197632 212992
1 7 13 16393 32792 32816 32864 32960 49160 68608 71680 73729 77824 81921 114688 131456 131840 132608 163968 197632 229376
1 7 13 16393 32792 32816 32864 32960 49160 71680 73729 77824 81921 114688 131456 131840 132608 134144 163968 198656 229376
1 7 13 16393 32792 32816 32864 49160 65728 65920 66304 67072 98368 114688 134144 137216 139265 143360 147457 197632 212992
1 7 13 16393 32792 32816 32864 49160 65728 65920 66304 98368 114688 132608 134144 137216 139265 143360 147457 197120 212992
1 7 13 16393 32792 32816 32864 49160 67072 68608 71680 73729 77824 81921 114688 131264 131456 131840 163904 197120 229376
1 7 13 16393 32792 32816 32864 49160 68608 71680 73729 77824 81921 114688 131264 131456 131840 132608 163904 197632 229376
1 7 21 28 16401 16432 32864 32960 33152 49184 66304 67072 68608 98560 114688 137216 139265 143360 147457 198656 212992
1 7 21 28 16401 16432 32864 32960 33152 49184 66304 67072 68608 98560 137216 139265 143360 147457 180224 198656 229376
1 7 21 28 16401 16432 32864 32960 49184 65920 66304 67072 98432 114688 134144 137216 139265 143360 147457 197632 212992
1 7 21 28 16401 16432 32864 32960 49184 65920 66304 67072 98432 134144 137216 139265 143360 147457 180224 197632 229376
1 7 21 28 16401 32816 32864 32960 33152 49168 66304 67072 68608 98560 114688 137216 139265 143360 147457 198656 212992
1 7 21 28 16401 32816 32864 32960 33152 49168 71680 73729 77824 81921 114688 131840 132608 134144 164096 198656 229376
2 7 28 112 448 1792 7168 12289 16389 16404 36865 37888 49153 65616 65856 81936 114688 132352 164864 196864 229376
2 7 28 112 448 1792 7168 12289 16389 16404 36865 37888 49153 65616 81936 114688 131392 132352 164864 196672 229376
1 7 28 112 448 1792 7168 16389 16404 37888 40961 45056 49153 65616 65856 81936 114688 132352 164864 196864 229376
1 7 28 112 448 1792 7168 16389 16404 37888 40961 45056 49153 65616 81936 114688 131392 132352 164864 196672 229376
1 7 28 112 448 1792 7168 16389 16404 37888 40961 45056 49153 65856 66816 99328 114688 131152 147472 196672 212992
1 7 28 112 448 1792 7168 16389 16404 37888 40961 45056 49153 66816 99328 114688 131152 131392 147472 196864 212992
2 7 28 112 448 1792 7168 16389 16404 40961 45056 49153 65616 65856 81936 114688 132352 136192 167936 196864 229376
2 7 28 112 448 1792 7168 16389 16404 40961 45056 49153 66816 70656 102400 114688 131152 131392 147472 196864 212992
1 7 28 112 448 1792 7168 16389 24577 28672 37888 53248 65556 65616 81924 114688 131392 132352 164864 196672 229376
1 7 28 112 448 1792 7168 16389 24577 28672 37888 53248 65856 66816 99328 114688 131092 131152 147460 196672 212992
1 7 28 112 448 1792 7168 16389 24577 37888 45056 57344 65856 66816 99328 114688 131092 131152 147460 196672 212992
1 7 28 112 448 1792 16389 16404 35840 38912 40961 45056 49153 65616 65856 81936 114688 132352 164864 196864 229376
2 7 28 112 448 1792 16389 16404 35840 38912 40961 45056 49153 65616 81936 114688 131392 132352 164864 196672 229376
2 7 28 112 448 1792 16389 16404 35840 38912 40961 45056 49153 65856 66816 99328 114688 131152 147472 196672 212992
1 7 28 112 448 1792 16389 16404 35840 38912 40961 45056 49153 66816 99328 114688 131152 131392 147472 196864 212992
1 7 28 112 448 1792 16389 16404 38912 40961 45056 49153 65616 65856 81936 114688 132352 134144 165888 196864 229376
1 7 28 112 448 1792 16389 16404 38912 40961 45056 49153 66816 68608 100352 114688 131152 131392 147472 196864 212992
1 7 28 112 448 1792 16389 16404 40961 45056 49153 65616 65856 81936 114688 132352 134144 137216 167936 196864 229376
1 7 28 112 448 1792 16389 16404 40961 45056 49153 66816 68608 71680 102400 114688 131152 131392 147472 196864 212992
1 7 28 112 448 1792 16389 24577 28672 34048 35840 38912 53248 65556 65616 81924 114688 131392 164096 196672 229376
1 7 28 112 448 1792 16389 24577 28672 34048 35840 38912 53248 65556 81924 114688 131152 131392 164096 196624 229376
1 7 28 112 448 3584 16389 16404 38912 40961 45056 49153 65616 65856 66304 81936 114688 133632 165888 197120 229376
1 7 28 112 448 3584 16389 16404 38912 40961 45056 49153 65616 65856 81936 114688 131840 133632 165888 196864 229376
1 7 28 112 448 3584 16389 16404 38912 40961 45056 49153 66304 68096 100352 114688 131152 131392 147472 196864 212992
1 7 28 112 448 3584 16389 16404 38912 40961 45056 49153 68096 100352 114688 131152 131392 131840 147472 197120 212992
1 7 28 112 448 3584 16389 16404 40961 45056 49153 65616 65856 66304 81936 114688 133632 137216 167936 197120 229376
1 7 28 112 448 3584 16389 16404 40961 45056 49153 65616 65856 81936 114688 131840 133632 137216 167936 196864 229376
1 7 28 112 448 3584 16389 16404 40961 45056 49153 66304 68096 71680 102400 114688 131152 131392 147472 196864 212992
1 7 28 112 448 3584 16389 16404 40961 45056 49153 68096 71680 102400 114688 131152 131392 131840 147472 197120 212992
1 7 28 112 448 7168 16389 16404 37888 40961 45056 49153 65616 65856 81936 114688 131840 132608 164864 196864 229376
1 7 28 112 448 7168 16389 16404 37888 40961 45056 49153 65616 81936 114688 131392 131840 132608 164864 196672 229376
1 7 28 112 448 7168 16389 16404 37888 40961 45056 49153 65856 66304 67072 99328 114688 131152 147472 196672 212992
1 7 28 112 448 7168 16389 16404 37888 40961 45056 49153 66304 67072 99328 114688 131152 131392 147472 196864 212992
1 7 28 112 448 7168 16389 24577 28672 33536 34304 37888 53248 65556 65616 81924 114688 131392 164096 196672 229376
1 7 28 112 448 7168 16389 24577 28672 33536 34304 37888 53248 65856 98560 114688 131092 131152 147460 196672 212992
1 7 28 112 448 7168 16389 24577 28672 34304 37888 53248 65556 65616 81924 114688 131392 131840 164352 196672 229376
1 7 28 112 448 7168 16389 24577 28672 34304 37888 53248 65856 66304 98816 114688 131092 131152 147460 196672 212992
2 7 28 112 448 7168 16389 24577 28672 37888 53248 65556 65616 81924 114688 131392 131840 132608 164864 196672 229376
2 7 28 112 448 7168 16389 24577 28672 37888 53248 65856 66304 67072 99328 114688 131092 131152 147460 196672 212992
1 7 28 112 448 16389 16404 24577 35840 38912 45056 57344 66304 67072 99328 114688 131152 131392 147472 196864 212992
1 7 28 112 448 16389 16404 24577 35840 38912 45056 57344 66304 67072 99328 131152 131392 147472 180224 196864 229376
1 7 28 112 448 16389 16404 24577 38912 45056 57344 66304 67072 68608 100352 114688 131152 131392 147472 196864 212992
1 7 28 112 448 16389 16404 24577 38912 45056 57344 66304 67072 68608 100352 131152 131392 147472 180224 196864 229376
1 7 28 112 448 16389 16404 35840 38912 40961 45056 49153 65616 65856 81936 114688 131840 132608 164864 196864 229376
1 7 28 112 448 16389 16404 35840 38912 40961 45056 49153 65616 81936 114688 131392 131840 132608 164864 196672 229376
1 7 28 112 448 16389 16404 35840 38912 40961 45056 49153 65856 66304 67072 99328 114688 131152 147472 196672 212992
1 7 28 112 448 16389 16404 35840 38912 40961 45056 49153 66304 67072 99328 114688 131152 131392 147472 196864 212992
1 7 28 112 448 16389 16404 38912 40961 45056 49153 65616 65856 81936 114688 131840 132608 134144 165888 196864 229376
1 7 28 112 448 16389 24577 28672 33536 34304 35840 38912 53248 65556 65616 81924 114688 131392 164096 196672 229376
1 7 28 112 448 16389 24577 28672 33536 34304 35840 38912 53248 65856 98560 114688 131092 131152 147460 196672 212992
1 7 28 112 448 16389 24577 28672 34304 35840 38912 53248 65556 65616 81924 114688 131392 131840 164352 196672 229376
1 7 28 112 448 16389 24577 28672 34304 35840 38912 53248 65856 66304 98816 114688 131092 131152 147460 196672 212992
2 7 28 112 448 16389 24577 28672 35840 38912 53248 65556 65616 81924 114688 131392 131840 132608 164864 196672 229376
2 7 28 112 448 16389 24577 28672 35840 38912 53248 65856 66304 67072 99328 114688 131092 131152 147460 196672 212992
1 7 28 112 896 3584 16389 16404 38912 40961 45056 49153 65616 65728 66176 81936 114688 133632 165888 197120 229376
1 7 28 112 896 3584 16389 16404 38912 40961 45056 49153 65616 65728 81936 114688 131712 133632 165888 196736 229376
1 7 28 112 896 3584 16389 16404 38912 40961 45056 49153 66176 68096 100352 114688 131152 131264 147472 196736 212992
1 7 28 112 896 3584 16389 16404 38912 40961 45056 49153 68096 100352 114688 131152 131264 131712 147472 197120 212992
1 7 28 112 896 3584 16389 16404 40961 45056 49153 65616 65728 66176 81936 114688 133632 137216 167936 197120 229376
1 7 28 112 896 3584 16389 16404 40961 45056 49153 68096 71680 102400 114688 131152 131264 131712 147472 197120 212992
1 7 28 112 896 3584 16389 24577 35328 38912 45056 57344 65728 66176 98816 114688 131092 131152 147460 196672 212992
1 7 28 112 896 3584 16389 24577 35328 38912 45056 57344 65728 66176 98816 131092 131152 147460 180224 196672 229376
1 7 28 112 896 3584 16389 24577 38912 45056 57344 66176 68096 100352 114688 131092 131152 131264 147460 196736 212992
1 7 28 112 896 3584 16389 24577 38912 45056 57344 66176 68096 100352 131092 131152 131264 147460 180224 196736 229376
1 7 28 112 896 3584 16389 38912 40961 45056 49153 65556 65616 65728 81924 114688 131712 133632 165888 196736 229376
1 7 28 112 896 3584 16389 38912 40961 45056 49153 66176 68096 100352 114688 131092 131152 131264 147460 196736 212992
1 7 28 112 896 16389 16404 24577 34304 35840 38912 45056 57344 65728 66176 98816 114688 131152 147472 196672 212992
1 7 28 112 896 16389 16404 24577 34304 35840 38912 45056 57344 65728 66176 98816 131152 147472 180224 196672 229376
1 7 28 112 896 16389 16404 24577 34304 35840 38912 45056 57344 66176 98816 114688 131152 131264 147472 196736 212992
1 7 28 112 896 16389 16404 24577 34304 35840 38912 45056 57344 66176 98816 131152 131264 147472 180224 196736 229376
1 7 28 112 896 16389 16404 24577 35840 38912 45056 57344 66176 67072 99328 114688 131152 131264 147472 196736 212992
1 7 28 112 896 16389 16404 24577 35840 38912 45056 57344 66176 67072 99328 131152 131264 147472 180224 196736 229376
1 7 28 112 896 16389 16404 38912 40961 45056 49153 65616 65728 66176 81936 114688 132608 134144 165888 197120 229376
1 7 28 112 896 16389 16404 38912 40961 45056 49153 65616 65728 81936 114688 131712 132608 134144 165888 196736 229376
1 7 28 112 896 16389 16404 38912 40961 45056 49153 66176 67072 68608 100352 114688 131152 131264 147472 196736 212992
1 7 28 112 896 16389 16404 38912 40961 45056 49153 67072 68608 100352 114688 131152 131264 131712 147472 197120 212992
1 7 28 112 896 16389 16404 40961 45056 49153 65616 65728 66176 81936 114688 132608 134144 137216 167936 197120 229376
1 7 28 112 896 16389 16404 40961 45056 49153 67072 68608 71680 102400 114688 131152 131264 131712 147472 197120 212992
1 7 28 112 896 16389 24577 28672 34304 35840 38912 53248 65556 65616 65728 81924 114688 131712 164352 196736 229376
1 7 28 112 896 16389 24577 28672 34304 35840 38912 53248 65556 65616 81924 114688 131264 131712 164352 196672 229376
1 7 28 112 896 16389 24577 28672 34304 35840 38912 53248 65728 66176 98816 114688 131092 131152 147460 196672 212992
1 7 28 112 896 16389 24577 28672 34304 35840 38912 53248 66176 98816 114688 131092 131152 131264 147460 196736 212992
1 7 28 112 896 16389 24577 28672 35840 38912 53248 65556 65616 65728 81924 114688 131712 132608 164864 196736 229376
1 7 28 112 896 16389 24577 28672 35840 38912 53248 65556 65616 81924 114688 131264 131712 132608 164864 196672 229376
1 7 28 112 896 16389 24577 28672 35840 38912 53248 65728 66176 67072 99328 114688 131092 131152 147460 196672 212992
1 7 28 112 896 16389 24577 28672 35840 38912 53248 66176 67072 99328 114688 131092 131152 131264 147460 196736 212992
1 7 28 112 896 16389 24577 34304 35840 38912 45056 57344 65728 66176 98816 114688 131092 131152 147460 196672 212992
1 7 28 112 896 16389 24577 34304 35840 38912 45056 57344 65728 66176 98816 131092 131152 147460 180224 196672 229376
1 7 28 112 896 16389 24577 35840 38912 45056 57344 65728 66176 67072 99328 114688 131092 131152 147460 196672 212992
1 7 28 112 896 16389 24577 35840 38912 45056 57344 65728 66176 67072 99328 131092 131152 147460 180224 196672 229376
1 7 28 112 896 16389 24577 35840 38912 45056 57344 66176 67072 99328 114688 131092 131152 131264 147460 196736 212992
1 7 28 112 896 16389 24577 35840 38912 45056 57344 66176 67072 99328 131092 131152 131264 147460 180224 196736 229376
1 7 28 112 896 16389 24577 38912 45056 57344 66176 67072 68608 100352 114688 131092 131152 131264 147460 196736 212992
1 7 28 112 896 16389 24577 38912 45056 57344 66176 67072 68608 100352 131092 131152 131264 147460 180224 196736 229376
1 7 28 112 896 16389 38912 40961 45056 49153 65556 65616 65728 81924 114688 131712 132608 134144 165888 196736 229376
1 7 28 112 896 16389 38912 40961 45056 49153 66176 67072 68608 100352 114688 131092 131152 131264 147460 196736 212992
1 7 28 112 1792 7168 16389 16404 37888 40961 45056 49153 65616 65728 65920 81936 114688 132352 164864 196864 229376
1 7 28 112 1792 7168 16389 16404 37888 40961 45056 49153 65616 65728 81936 114688 131456 132352 164864 196736 229376
1 7 28 112 1792 7168 16389 16404 37888 40961 45056 49153 65616 81936 114688 131264 131456 132352 164864 196672 229376
1 7 28 112 1792 7168 16389 16404 37888 40961 45056 49153 65728 65920 66816 99328 114688 131152 147472 196672 212992
1 7 28 112 1792 7168 16389 16404 37888 40961 45056 49153 65920 66816 99328 114688 131152 131264 147472 196736 212992
1 7 28 112 1792 7168 16389 16404 37888 40961 45056 49153 66816 99328 114688 131152 131264 131456 147472 196864 212992
1 7 28 112 1792 7168 16389 16404 40961 45056 49153 65616 65728 65920 81936 114688 132352 136192 167936 196864 229376
1 7 28 112 1792 7168 16389 16404 40961 45056 49153 66816 70656 102400 114688 131152 131264 131456 147472 196864 212992
2 7 28 112 1792 7168 16389 24577 28672 34048 37888 53248 65556 81924 114688 131152 131264 131456 164096 196624 229376
2 7 28 112 1792 7168 16389 24577 28672 34048 37888 53248 65616 65728 65920 98560 114688 131092 147460 196624 212992
1 7 28 112 1792 16389 16404 24577 35840 38912 45056 57344 65920 66816 99328 114688 131152 131264 147472 196736 212992
1 7 28 112 1792 16389 16404 24577 35840 38912 45056 57344 65920 66816 99328 131152 131264 147472 180224 196736 229376
1 7 28 112 1792 16389 16404 24577 35840 38912 45056 57344 66816 99328 114688 131152 131264 131456 147472 196864 212992
1 7 28 112 1792 16389 16404 24577 35840 38912 45056 57344 66816 99328 131152 131264 131456 147472 180224 196864 229376
1 7 28 112 1792 16389 16404 24577 38912 45056 57344 66816 68608 100352 114688 131152 131264 131456 147472 196864 212992
1 7 28 112 1792 16389 16404 24577 38912 45056 57344 66816 68608 100352 131152 131264 131456 147472 180224 196864 229376
1 7 28 112 1792 16389 16404 35840 38912 40961 45056 49153 65616 65728 65920 81936 114688 132352 164864 196864 229376
1 7 28 112 1792 16389 16404 35840 38912 40961 45056 49153 65616 65728 81936 114688 131456 132352 164864 196736 229376
1 7 28 112 1792 16389 16404 35840 38912 40961 45056 49153 65616 81936 114688 131264 131456 132352 164864 196672 229376
1 7 28 112 1792 16389 16404 35840 38912 40961 45056 49153 65728 65920 66816 99328 114688 131152 147472 196672 212992
1 7 28 112 1792 16389 16404 35840 38912 40961 45056 49153 65920 66816 99328 114688 131152 131264 147472 196736 212992
1 7 28 112 1792 16389 16404 35840 38912 40961 45056 49153 66816 99328 114688 131152 131264 131456 147472 196864 212992
1 7 28 112 1792 16389 16404 38912 40961 45056 49153 65616 65728 65920 81936 114688 132352 134144 165888 196864 229376
1 7 28 112 1792 16389 16404 38912 40961 45056 49153 65616 65728 81936 114688 131456 132352 134144 165888 196736 229376
1 7 28 112 1792 16389 16404 38912 40961 45056 49153 65920 66816 68608 100352 114688 131152 131264 147472 196736 212992
1 7 28 112 1792 16389 16404 38912 40961 45056 49153 66816 68608 100352 114688 131152 131264 131456 147472 196864 212992
1 7 28 112 1792 16389 16404 40961 45056 49153 65616 65728 65920 81936 114688 132352 134144 137216 167936 196864 229376
1 7 28 112 1792 16389 16404 40961 45056 49153 66816 68608 71680 102400 114688 131152 131264 131456 147472 196864 212992
1 7 28 112 1792 16389 24577 28672 34048 35840 38912 53248 65556 65616 81924 114688 131264 131456 164096 196672 229376
1 7 28 112 1792 16389 24577 28672 34048 35840 38912 53248 65556 81924 114688 131152 131264 131456 164096 196624 229376
1 7 28 112 1792 16389 24577 28672 34048 35840 38912 53248 65616 65728 65920 98560 114688 131092 147460 196624 212992
1 7 28 112 1792 16389 24577 28672 34048 35840 38912 53248 65728 65920 98560 114688 131092 131152 147460 196672 212992
1 7 28 112 1792 16389 24577 28672 35840 38912 53248 65556 65616 81924 114688 131264 131456 132352 164864 196672 229376
1 7 28 112 1792 16389 24577 28672 35840 38912 53248 65728 65920 66816 99328 114688 131092 131152 147460 196672 212992
1 7 28 112 1792 16389 24577 35840 38912 45056 57344 65728 65920 66816 99328 114688 131092 131152 147460 196672 212992
1 7 28 112 1792 16389 24577 35840 38912 45056 57344 65728 65920 66816 99328 131092 131152 147460 180224 196672 229376
1 7 28 112 1792 16389 24577 35840 38912 45056 57344 65920 66816 99328 114688 131092 131152 131264 147460 196736 212992
1 7 28 112 1792 16389 24577 35840 38912 45056 57344 65920 66816 99328 131092 131152 131264 147460 180224 196736 229376
1 7 28 112 1792 16389 24577 38912 45056 57344 65920 66816 68608 100352 114688 131092 131152 131264 147460 196736 212992
1 7 28 112 1792 16389 24577 38912 45056 57344 65920 66816 68608 100352 131092 131152 131264 147460 180224 196736 229376
1 7 28 112 1792 16389 35840 38912 40961 45056 49153 65556 65616 81924 114688 131264 131456 132352 164864 196672 229376
1 7 28 112 1792 16389 35840 38912 40961 45056 49153 65728 65920 66816 99328 114688 131092 131152 147460 196672 212992
1 7 28 112 3584 16389 16404 24577 35328 38912 45056 57344 65728 65920 66304 98816 114688 131152 147472 196672 212992
1 7 28 112 3584 16389 16404 24577 35328 38912 45056 57344 65728 65920 66304 98816 131152 147472 180224 196672 229376
1 7 28 112 3584 16389 16404 24577 35328 38912 45056 57344 65920 66304 98816 114688 131152 131264 147472 196736 212992
1 7 28 112 3584 16389 16404 24577 35328 38912 45056 57344 65920 66304 98816 131152 131264 147472 180224 196736 229376
1 7 28 112 3584 16389 16404 38912 40961 45056 49153 65616 65728 65920 66304 81936 114688 133632 165888 197120 229376
1 7 28 112 3584 16389 16404 38912 40961 45056 49153 65616 65728 65920 81936 114688 131840 133632 165888 196864 229376
1 7 28 112 3584 16389 16404 38912 40961 45056 49153 65616 65728 81936 114688 131456 131840 133632 165888 196736 229376
1 7 28 112 3584 16389 16404 38912 40961 45056 49153 65920 66304 68096 100352 114688 131152 131264 147472 196736 212992
1 7 28 112 3584 16389 16404 38912 40961 45056 49153 66304 68096 100352 114688 131152 131264 131456 147472 196864 212992
1 7 28 112 3584 16389 16404 38912 40961 45056 49153 68096 100352 114688 131152 131264 131456 131840 147472 197120 212992
1 7 28 112 3584 16389 16404 40961 45056 49153 65616 65728 65920 66304 81936 114688 133632 137216 167936 197120 229376
1 7 28 112 3584 16389 16404 40961 45056 49153 65616 65728 65920 81936 114688 131840 133632 137216 167936 196864 229376
1 7 28 112 3584 16389 16404 40961 45056 49153 66304 68096 71680 102400 114688 131152 131264 131456 147472 196864 212992
1 7 28 112 3584 16389 16404 40961 45056 49153 68096 71680 102400 114688 131152 131264 131456 131840 147472 197120 212992
1 7 28 112 16389 16404 24577 34304 35840 38912 45056 57344 65728 65920 66304 98816 114688 131152 147472 196672 212992
1 7 28 112 16389 16404 24577 34304 35840 38912 45056 57344 65728 65920 66304 98816 131152 147472 180224 196672 229376
1 7 28 112 16389 16404 24577 34304 35840 38912 45056 57344 65920 66304 98816 114688 131152 131264 147472 196736 212992
1 7 28 112 16389 16404 24577 34304 35840 38912 45056 57344 65920 66304 98816 131152 131264 147472 180224 196736 229376
1 7 28 112 16389 16404 24577 35840 38912 45056 57344 65920 66304 67072 99328 114688 131152 131264 147472 196736 212992
1 7 28 112 16389 16404 24577 35840 38912 45056 57344 65920 66304 67072 99328 131152 131264 147472 180224 196736 229376
1 7 28 112 16389 16404 24577 35840 38912 45056 57344 66304 67072 99328 114688 131152 131264 131456 147472 196864 212992
1 7 28 112 16389 16404 24577 35840 38912 45056 57344 66304 67072 99328 131152 131264 131456 147472 180224 196864 229376
1 7 28 112 16389 16404 24577 38912 45056 57344 66304 67072 68608 100352 114688 131152 131264 131456 147472 196864 212992
1 7 28 112 16389 16404 24577 38912 45056 57344 66304 67072 68608 100352 131152 131264 131456 147472 180224 196864 229376
1 7 28 112 16389 16404 35840 38912 40961 45056 49153 65616 65728 65920 81936 114688 131840 132608 164864 196864 229376
1 7 28 112 16389 16404 35840 38912 40961 45056 49153 65616 65728 81936 114688 131456 131840 132608 164864 196736 229376
1 7 28 112 16389 16404 35840 38912 40961 45056 49153 65616 81936 114688 131264 131456 131840 132608 164864 196672 229376
1 7 28 112 16389 16404 35840 38912 40961 45056 49153 65728 65920 66304 67072 99328 114688 131152 147472 196672 212992
1 7 28 112 16389 16404 35840 38912 40961 45056 49153 65920 66304 67072 99328 114688 131152 131264 147472 196736 212992
1 7 28 112 16389 16404 35840 38912 40961 45056 49153 66304 67072 99328 114688 131152 131264 131456 147472 196864 212992
1 7 28 112 16389 16404 38912 40961 45056 49153 65616 65728 65920 66304 81936 114688 132608 134144 165888 197120 229376
1 7 28 112 16389 16404 38912 40961 45056 49153 65616 65728 65920 81936 114688 131840 132608 134144 165888 196864 229376
1 7 28 112 16389 16404 38912 40961 45056 49153 65616 65728 81936 114688 131456 131840 132608 134144 165888 196736 229376
1 7 28 112 16389 16404 38912 40961 45056 49153 65920 66304 67072 68608 100352 114688 131152 131264 147472 196736 212992
1 7 28 112 16389 16404 38912 40961 45056 49153 66304 67072 68608 100352 114688 131152 131264 131456 147472 196864 212992
1 7 28 112 16389 16404 38912 40961 45056 49153 67072 68608 100352 114688 131152 131264 131456 131840 147472 197120 212992
1 7 28 112 16389 16404 40961 45056 49153 65616 65728 65920 66304 81936 114688 132608 134144 137216 167936 197120 229376
1 7 28 112 16389 16404 40961 45056 49153 65616 65728 65920 81936 114688 131840 132608 134144 137216 167936 196864 229376
1 7 28 112 16389 16404 40961 45056 49153 66304 67072 68608 71680 102400 114688 131152 131264 131456 147472 196864 212992
1 7 28 112 16389 16404 40961 45056 49153 67072 68608 71680 102400 114688 131152 131264 131456 131840 147472 197120 212992
2 7 28 112 16389 24577 28672 33536 34304 35840 38912 53248 65556 81924 114688 131152 131264 131456 164096 196624 229376
2 7 28 112 16389 24577 28672 33536 34304 35840 38912 53248 65616 65728 65920 98560 114688 131092 147460 196624 212992
1 7 28 224 896 16389 16404 16432 38912 40961 45056 49153 65696 66176 81952 114688 132608 134144 165888 197120 229376
1 7 28 224 896 16389 16404 16432 38912 40961 45056 49153 67072 68608 100352 114688 131232 131712 147488 197120 212992
1 7 28 224 896 16389 16404 16432 40961 45056 49153 65696 66176 81952 114688 132608 134144 137216 167936 197120 229376
1 7 28 224 896 16389 16404 16432 40961 45056 49153 67072 68608 71680 102400 114688 131232 131712 147488 197120 212992
1 7 28 224 896 16389 16404 38912 40961 45056 49153 65584 65696 81936 114688 131712 132608 134144 165888 196736 229376
1 7 28 224 896 16389 16404 38912 40961 45056 49153 66176 67072 68608 100352 114688 131120 131232 147472 196736 212992
1 7 28 224 896 16389 24577 28672 34304 35840 38912 53248 65556 65584 65696 81924 114688 131712 164352 196736 229376
1 7 28 224 896 16389 24577 28672 34304 35840 38912 53248 66176 98816 114688 131092 131120 131232 147460 196736 212992
1 7 28 224 896 16389 24577 28672 35840 38912 53248 65556 65584 65696 81924 114688 131712 132608 164864 196736 229376
1 7 28 224 896 16389 24577 28672 35840 38912 53248 66176 67072 99328 114688 131092 131120 131232 147460 196736 212992
2 7 28 224 896 16389 24577 28672 38912 53248 65556 65584 65696 81924 114688 131712 132608 134144 165888 196736 229376
2 7 28 224 896 16389 24577 28672 38912 53248 66176 67072 68608 100352 114688 131092 131120 131232 147460 196736 212992
2 7 28 224 896 16389 24577 35840 38912 45056 57344 66176 67072 99328 114688 131092 131120 131232 147460 196736 212992
2 7 28 224 896 16389 24577 35840 38912 45056 57344 66176 67072 99328 131092 131120 131232 147460 180224 196736 229376
1 7 28 224 1792 16389 16404 16432 35840 38912 40961 45056 49153 65696 65920 81952 114688 132352 164864 196864 229376
1 7 28 224 1792 16389 16404 16432 35840 38912 40961 45056 49153 65696 81952 114688 131456 132352 164864 196736 229376
1 7 28 224 1792 16389 16404 16432 35840 38912 40961 45056 49153 65920 66816 99328 114688 131232 147488 196736 212992
1 7 28 224 1792 16389 16404 16432 35840 38912 40961 45056 49153 66816 99328 114688 131232 131456 147488 196864 212992
1 7 28 224 1792 16389 16404 16432 38912 40961 45056 49153 65696 65920 81952 114688 132352 134144 165888 196864 229376
1 7 28 224 1792 16389 16404 16432 38912 40961 45056 49153 66816 68608 100352 114688 131232 131456 147488 196864 212992
1 7 28 224 1792 16389 16404 35840 38912 40961 45056 49153 65584 65696 65920 81936 114688 132352 164864 196864 229376
1 7 28 224 1792 16389 16404 35840 38912 40961 45056 49153 65584 65696 81936 114688 131456 132352 164864 196736 229376
1 7 28 224 1792 16389 16404 35840 38912 40961 45056 49153 65920 66816 99328 114688 131120 131232 147472 196736 212992
1 7 28 224 1792 16389 16404 35840 38912 40961 45056 49153 66816 99328 114688 131120 131232 131456 147472 196864 212992
1 7 28 224 1792 16389 16404 38912 40961 45056 49153 65584 65696 65920 81936 114688 132352 134144 165888 196864 229376
1 7 28 224 1792 16389 16404 38912 40961 45056 49153 65584 65696 81936 114688 131456 132352 134144 165888 196736 229376
1 7 28 224 1792 16389 16404 38912 40961 45056 49153 65920 66816 68608 100352 114688 131120 131232 147472 196736 212992
1 7 28 224 1792 16389 16404 38912 40961 45056 49153 66816 68608 100352 114688 131120 131232 131456 147472 196864 212992
1 7 28 224 1792 16389 24577 35840 38912 45056 57344 65920 66816 99328 114688 131092 131120 131232 147460 196736 212992
1 7 28 224 1792 16389 24577 35840 38912 45056 57344 65920 66816 99328 131092 131120 131232 147460 180224 196736 229376
1 7 28 224 1792 16389 24577 38912 45056 57344 65920 66816 68608 100352 114688 131092 131120 131232 147460 196736 212992
1 7 28 224 1792 16389 24577 38912 45056 57344 65920 66816 68608 100352 131092 131120 131232 147460 180224 196736 229376
1 7 28 224 3584 16389 16404 16432 38912 40961 45056 49153 65696 65920 66304 81952 114688 133632 165888 197120 229376
1 7 28 224 3584 16389 16404 16432 38912 40961 45056 49153 65696 65920 81952 114688 131840 133632 165888 196864 229376
1 7 28 224 3584 16389 16404 16432 38912 40961 45056 49153 66304 68096 100352 114688 131232 131456 147488 196864 212992
1 7 28 224 3584 16389 16404 16432 38912 40961 45056 49153 68096 100352 114688 131232 131456 131840 147488 197120 212992
1 7 28 224 3584 16389 16404 16432 40961 45056 49153 65696 65920 66304 81952 114688 133632 137216 167936 197120 229376
1 7 28 224 3584 16389 16404 16432 40961 45056 49153 68096 71680 102400 114688 131232 131456 131840 147488 197120 212992
1 7 28 224 3584 16389 16404 38912 40961 45056 49153 65584 65696 65920 66304 81936 114688 133632 165888 197120 229376
1 7 28 224 3584 16389 16404 38912 40961 45056 49153 65584 65696 65920 81936 114688 131840 133632 165888 196864 229376
1 7 28 224 3584 16389 16404 38912 40961 45056 49153 65584 65696 81936 114688 131456 131840 133632 165888 196736 229376
1 7 28 224 3584 16389 16404 38912 40961 45056 49153 65920 66304 68096 100352 114688 131120 131232 147472 196736 212992
1 7 28 224 3584 16389 16404 38912 40961 45056 49153 66304 68096 100352 114688 131120 131232 131456 147472 196864 212992
1 7 28 224 3584 16389 16404 38912 40961 45056 49153 68096 100352 114688 131120 131232 131456 131840 147472 197120 212992
1 7 28 224 3584 16389 16404 40961 45056 49153 65584 65696 65920 66304 81936 114688 133632 137216 167936 197120 229376
1 7 28 224 3584 16389 16404 40961 45056 49153 68096 71680 102400 114688 131120 131232 131456 131840 147472 197120 212992
1 7 28 224 3584 16389 22528 24577 28672 33152 33536 35328 51200 65584 65696 98432 114688 131092 147460 196624 212992
1 7 28 224 3584 16389 22528 24577 28672 33152 33536 35328 51200 65584 65696 98432 131092 147460 180224 196624 229376
1 7 28 224 3584 16389 22528 24577 28672 33152 33536 35328 51200 65696 98432 114688 131092 131120 147460 196640 212992
1 7 28 224 3584 16389 22528 24577 28672 33152 33536 35328 51200 65696 98432 131092 131120 147460 180224 196640 229376
1 7 28 224 3584 16389 22528 24577 28672 33536 35328 51200 65696 65920 98560 114688 131092 131120 147460 196640 212992
1 7 28 224 3584 16389 22528 24577 28672 33536 35328 51200 65696 65920 98560 131092 131120 147460 180224 196640 229376
1 7 28 224 3584 16389 24577 28672 35328 38912 53248 65556 65584 81924 114688 131232 131456 131840 164352 196640 229376
1 7 28 224 3584 16389 24577 28672 35328 38912 53248 65696 65920 66304 98816 114688 131092 131120 147460 196640 212992
1 7 28 224 3584 16389 24577 38912 45056 57344 65920 66304 68096 100352 114688 131092 131120 131232 147460 196736 212992
1 7 28 224 3584 16389 24577 38912 45056 57344 65920 66304 68096 100352 131092 131120 131232 147460 180224 196736 229376
1 7 28 224 3584 16389 38912 40961 45056 49153 65556 65584 65696 81924 114688 131456 131840 133632 165888 196736 229376
1 7 28 224 3584 16389 38912 40961 45056 49153 65920 66304 68096 100352 114688 131092 131120 131232 147460 196736 212992
1 7 28 224 7168 16389 16404 16432 37888 40961 45056 49153 65696 65920 81952 114688 131840 132608 164864 196864 229376
1 7 28 224 7168 16389 16404 16432 37888 40961 45056 49153 65696 81952 114688 131456 131840 132608 164864 196736 229376
1 7 28 224 7168 16389 16404 16432 37888 40961 45056 49153 65920 66304 67072 99328 114688 131232 147488 196736 212992
1 7 28 224 7168 16389 16404 16432 37888 40961 45056 49153 66304 67072 99328 114688 131232 131456 147488 196864 212992
1 7 28 224 7168 16389 16404 37888 40961 45056 49153 65584 65696 65920 81936 114688 131840 132608 164864 196864 229376
1 7 28 224 7168 16389 16404 37888 40961 45056 49153 65584 65696 81936 114688 131456 131840 132608 164864 196736 229376
1 7 28 224 7168 16389 16404 37888 40961 45056 49153 65920 66304 67072 99328 114688 131120 131232 147472 196736 212992
1 7 28 224 7168 16389 16404 37888 40961 45056 49153 66304 67072 99328 114688 131120 131232 131456 147472 196864 212992
1 7 28 224 7168 16389 24577 28672 34304 37888 53248 65556 65584 65696 81924 114688 131456 131840 164352 196736 229376
1 7 28 224 7168 16389 24577 28672 34304 37888 53248 65920 66304 98816 114688 131092 131120 131232 147460 196736 212992
1 7 28 224 7168 16389 24577 28672 37888 53248 65556 65584 65696 81924 114688 131456 131840 132608 164864 196736 229376
1 7 28 224 7168 16389 24577 28672 37888 53248 65920 66304 67072 99328 114688 131092 131120 131232 147460 196736 212992
1 7 28 224 7168 16389 24577 37888 45056 57344 65920 66304 67072 99328 114688 131092 131120 131232 147460 196736 212992
1 7 28 224 7168 16389 24577 37888 45056 57344 65920 66304 67072 99328 131092 131120 131232 147460 180224 196736 229376
1 7 28 224 14336 16389 16404 16432 35840 40961 43008 49153 65696 65920 81952 114688 131840 132608 164864 196864 229376
1 7 28 224 14336 16389 16404 16432 35840 40961 43008 49153 66304 67072 99328 114688 131232 131456 147488 196864 212992
1 7 28 224 14336 16389 16404 16432 40961 43008 49153 65696 65920 81952 114688 131840 132608 134144 165888 196864 229376
1 7 28 224 14336 16389 16404 16432 40961 43008 49153 66304 67072 68608 100352 114688 131232 131456 147488 196864 212992
2 7 28 224 14336 16389 16404 35840 40961 43008 49153 65584 65696 65920 81936 114688 131840 132608 164864 196864 229376
1 7 28 224 14336 16389 16404 35840 40961 43008 49153 65584 65696 81936 114688 131456 131840 132608 164864 196736 229376
1 7 28 224 14336 16389 16404 35840 40961 43008 49153 65920 66304 67072 99328 114688 131120 131232 147472 196736 212992
2 7 28 224 14336 16389 16404 35840 40961 43008 49153 66304 67072 99328 114688 131120 131232 131456 147472 196864 212992
2 7 28 224 14336 16389 16404 40961 43008 49153 65584 65696 81936 114688 131456 131840 132608 134144 165888 196736 229376
2 7 28 224 14336 16389 16404 40961 43008 49153 65920 66304 67072 68608 100352 114688 131120 131232 147472 196736 212992
1 7 28 224 14336 16389 24577 26624 33152 33536 34304 35840 51200 65556 65584 81924 114688 131232 163968 196640 229376
1 7 28 224 14336 16389 24577 26624 33152 33536 34304 35840 51200 65556 81924 114688 131120 131232 163968 196624 229376
1 7 28 224 14336 16389 24577 26624 33152 33536 34304 35840 51200 65584 65696 98432 114688 131092 147460 196624 212992
1 7 28 224 14336 16389 24577 26624 33152 33536 34304 35840 51200 65696 98432 114688 131092 131120 147460 196640 212992
1 7 28 224 14336 16389 24577 26624 33536 34304 35840 51200 65556 65584 81924 114688 131232 131456 164096 196640 229376
1 7 28 224 14336 16389 24577 26624 33536 34304 35840 51200 65696 65920 98560 114688 131092 131120 147460 196640 212992
1 7 28 224 16389 16404 16432 35840 38912 40961 45056 49153 65696 65920 81952 114688 131840 132608 164864 196864 229376
1 7 28 224 16389 16404 16432 35840 38912 40961 45056 49153 65696 81952 114688 131456 131840 132608 164864 196736 229376
1 7 28 224 16389 16404 16432 35840 38912 40961 45056 49153 65920 66304 67072 99328 114688 131232 147488 196736 212992
1 7 28 224 16389 16404 16432 35840 38912 40961 45056 49153 66304 67072 99328 114688 131232 131456 147488 196864 212992
1 7 28 224 16389 16404 16432 38912 40961 45056 49153 65696 65920 66304 81952 114688 132608 134144 165888 197120 229376
1 7 28 224 16389 16404 16432 38912 40961 45056 49153 65696 65920 81952 114688 131840 132608 134144 165888 196864 229376
1 7 28 224 16389 16404 16432 38912 40961 45056 49153 66304 67072 68608 100352 114688 131232 131456 147488 196864 212992
1 7 28 224 16389 16404 16432 38912 40961 45056 49153 67072 68608 100352 114688 131232 131456 131840 147488 197120 212992
1 7 28 224 16389 16404 16432 40961 45056 49153 65696 65920 66304 81952 114688 132608 134144 137216 167936 197120 229376
1 7 28 224 16389 16404 16432 40961 45056 49153 67072 68608 71680 102400 114688 131232 131456 131840 147488 197120 212992
1 7 28 224 16389 16404 24577 35840 38912 45056 57344 65920 66304 67072 99328 114688 131120 131232 147472 196736 212992
1 7 28 224 16389 16404 24577 35840 38912 45056 57344 65920 66304 67072 99328 131120 131232 147472 180224 196736 229376
1 7 28 224 16389 16404 24577 35840 38912 45056 57344 66304 67072 99328 114688 131120 131232 131456 147472 196864 212992
1 7 28 224 16389 16404 24577 35840 38912 45056 57344 66304 67072 99328 131120 131232 131456 147472 180224 196864 229376
1 7 28 224 16389 16404 35840 38912 40961 45056 49153 65584 65696 65920 81936 114688 131840 132608 164864 196864 229376
1 7 28 224 16389 16404 35840 38912 40961 45056 49153 65584 65696 81936 114688 131456 131840 132608 164864 196736 229376
1 7 28 224 16389 16404 35840 38912 40961 45056 49153 65920 66304 67072 99328 114688 131120 131232 147472 196736 212992
1 7 28 224 16389 16404 35840 38912 40961 45056 49153 66304 67072 99328 114688 131120 131232 131456 147472 196864 212992
1 7 28 224 16389 16404 38912 40961 45056 49153 65584 65696 65920 66304 81936 114688 132608 134144 165888 197120 229376
1 7 28 224 16389 16404 38912 40961 45056 49153 65584 65696 65920 81936 114688 131840 132608 134144 165888 196864 229376
1 7 28 224 16389 16404 38912 40961 45056 49153 65584 65696 81936 114688 131456 131840 132608 134144 165888 196736 229376
1 7 28 224 16389 16404 38912 40961 45056 49153 65920 66304 67072 68608 100352 114688 131120 131232 147472 196736 212992
1 7 28 224 16389 16404 38912 40961 45056 49153 66304 67072 68608 100352 114688 131120 131232 131456 147472 196864 212992
1 7 28 224 16389 16404 38912 40961 45056 49153 67072 68608 100352 114688 131120 131232 131456 131840 147472 197120 212992
1 7 28 224 16389 16404 40961 45056 49153 65584 65696 65920 66304 81936 114688 132608 134144 137216 167936 197120 229376
1 7 28 224 16389 16404 40961 45056 49153 67072 68608 71680 102400 114688 131120 131232 131456 131840 147472 197120 212992
1 7 28 224 16389 22528 24577 28672 33152 33536 34304 35840 51200 65584 65696 98432 114688 131092 147460 196624 212992
1 7 28 224 16389 22528 24577 28672 33152 33536 34304 35840 51200 65584 65696 98432 131092 147460 180224 196624 229376
1 7 28 224 16389 22528 24577 28672 33152 33536 34304 35840 51200 65696 98432 114688 131092 131120 147460 196640 212992
1 7 28 224 16389 22528 24577 28672 33152 33536 34304 35840 51200 65696 98432 131092 131120 147460 180224 196640 229376
1 7 28 224 16389 22528 24577 28672 33536 34304 35840 51200 65696 65920 98560 114688 131092 131120 147460 196640 212992
1 7 28 224 16389 22528 24577 28672 33536 34304 35840 51200 65696 65920 98560 131092 131120 147460 180224 196640 229376
1 7 28 224 16389 24577 28672 34304 35840 38912 53248 65556 65584 65696 81924 114688 131456 131840 164352 196736 229376
1 7 28 224 16389 24577 28672 34304 35840 38912 53248 65556 65584 81924 114688 131232 131456 131840 164352 196640 229376
1 7 28 224 16389 24577 28672 34304 35840 38912 53248 65696 65920 66304 98816 114688 131092 131120 147460 196640 212992
1 7 28 224 16389 24577 28672 34304 35840 38912 53248 65920 66304 98816 114688 131092 131120 131232 147460 196736 212992
1 7 28 224 16389 24577 28672 35840 38912 53248 65556 65584 65696 81924 114688 131456 131840 132608 164864 196736 229376
1 7 28 224 16389 24577 28672 35840 38912 53248 65920 66304 67072 99328 114688 131092 131120 131232 147460 196736 212992
1 7 28 224 16389 24577 28672 38912 53248 65556 65584 65696 81924 114688 131456 131840 132608 134144 165888 196736 229376
1 7 28 224 16389 24577 28672 38912 53248 65920 66304 67072 68608 100352 114688 131092 131120 131232 147460 196736 212992
1 7 28 224 16389 24577 35840 38912 45056 57344 65920 66304 67072 99328 114688 131092 131120 131232 147460 196736 212992
1 7 28 224 16389 24577 35840 38912 45056 57344 65920 66304 67072 99328 131092 131120 131232 147460 180224 196736 229376
1 7 28 224 16389 24577 38912 45056 57344 65920 66304 67072 68608 100352 114688 131092 131120 131232 147460 196736 212992
1 7 28 224 16389 24577 38912 45056 57344 65920 66304 67072 68608 100352 131092 131120 131232 147460 180224 196736 229376
1 7 28 224 16389 38912 40961 45056 49153 65556 65584 65696 81924 114688 131456 131840 132608 134144 165888 196736 229376
1 7 28 224 16389 38912 40961 45056 49153 65920 66304 67072 68608 100352 114688 131092 131120 131232 147460 196736 212992
1 7 28 448 1792 16389 16404 35840 38912 40961 45056 49153 65584 65632 65856 81936 114688 132352 164864 196864 229376
2 7 28 448 1792 16389 16404 35840 38912 40961 45056 49153 65584 65632 81936 114688 131392 132352 164864 196672 229376
2 7 28 448 1792 16389 16404 35840 38912 40961 45056 49153 65856 66816 99328 114688 131120 131168 147472 196672 212992
1 7 28 448 1792 16389 16404 35840 38912 40961 45056 49153 66816 99328 114688 131120 131168 131392 147472 196864 212992
1 7 28 448 1792 16389 16404 38912 40961 45056 49153 65584 65632 65856 81936 114688 132352 134144 165888 196864 229376
1 7 28 448 1792 16389 16404 38912 40961 45056 49153 66816 68608 100352 114688 131120 131168 131392 147472 196864 212992
1 7 28 448 1792 16389 16404 40961 45056 49153 65584 65632 65856 81936 114688 132352 134144 137216 167936 196864 229376
1 7 28 448 1792 16389 16404 40961 45056 49153 66816 68608 71680 102400 114688 131120 131168 131392 147472 196864 212992
1 7 28 448 1792 16389 24577 28672 34048 35840 38912 53248 65556 65584 65632 81924 114688 131392 164096 196672 229376
1 7 28 448 1792 16389 24577 28672 34048 35840 38912 53248 65556 65584 81924 114688 131168 131392 164096 196640 229376
1 7 28 448 1792 16389 24577 28672 34048 35840 38912 53248 65556 81924 114688 131120 131168 131392 164096 196624 229376
1 7 28 448 3584 16389 16404 38912 40961 45056 49153 65584 65632 65856 66304 81936 114688 133632 165888 197120 229376
1 7 28 448 3584 16389 16404 38912 40961 45056 49153 65584 65632 65856 81936 114688 131840 133632 165888 196864 229376
1 7 28 448 3584 16389 16404 38912 40961 45056 49153 66304 68096 100352 114688 131120 131168 131392 147472 196864 212992
1 7 28 448 3584 16389 16404 38912 40961 45056 49153 68096 100352 114688 131120 131168 131392 131840 147472 197120 212992
1 7 28 448 3584 16389 16404 40961 45056 49153 65584 65632 65856 66304 81936 114688 133632 137216 167936 197120 229376
1 7 28 448 3584 16389 16404 40961 45056 49153 65584 65632 65856 81936 114688 131840 133632 137216 167936 196864 229376
1 7 28 448 3584 16389 16404 40961 45056 49153 66304 68096 71680 102400 114688 131120 131168 131392 147472 196864 212992
1 7 28 448 3584 16389 16404 40961 45056 49153 68096 71680 102400 114688 131120 131168 131392 131840 147472 197120 212992
1 7 28 448 3584 16389 22528 24577 28672 33536 35328 51200 65632 65856 98560 114688 131092 131120 147460 196640 212992
1 7 28 448 3584 16389 22528 24577 28672 33536 35328 51200 65632 65856 98560 131092 131120 147460 180224 196640 229376
1 7 28 448 3584 16389 22528 24577 28672 33536 35328 51200 65856 98560 114688 131092 131120 131168 147460 196672 212992
1 7 28 448 3584 16389 22528 24577 28672 33536 35328 51200 65856 98560 131092 131120 131168 147460 180224 196672 229376
1 7 28 448 3584 16389 22528 24577 28672 35328 51200 65856 66304 98816 114688 131092 131120 131168 147460 196672 212992
1 7 28 448 3584 16389 22528 24577 28672 35328 51200 65856 66304 98816 131092 131120 131168 147460 180224 196672 229376
1 7 28 448 3584 16389 24577 28672 33536 35328 38912 53248 65556 65584 65632 81924 114688 131392 164096 196672 229376
1 7 28 448 3584 16389 24577 28672 33536 35328 38912 53248 65556 65584 81924 114688 131168 131392 164096 196640 229376
1 7 28 448 3584 16389 24577 28672 33536 35328 38912 53248 65632 65856 98560 114688 131092 131120 147460 196640 212992
1 7 28 448 3584 16389 24577 28672 33536 35328 38912 53248 65856 98560 114688 131092 131120 131168 147460 196672 212992
1 7 28 448 3584 16389 24577 28672 35328 38912 53248 65556 65584 65632 81924 114688 131392 131840 164352 196672 229376
1 7 28 448 3584 16389 24577 28672 35328 38912 53248 65556 65584 81924 114688 131168 131392 131840 164352 196640 229376
1 7 28 448 3584 16389 24577 28672 35328 38912 53248 65632 65856 66304 98816 114688 131092 131120 147460 196640 212992
1 7 28 448 3584 16389 24577 28672 35328 38912 53248 65856 66304 98816 114688 131092 131120 131168 147460 196672 212992
2 7 28 448 7168 16389 16404 37888 40961 45056 49153 65584 65632 65856 81936 114688 131840 132608 164864 196864 229376
1 7 28 448 7168 16389 16404 37888 40961 45056 49153 65584 65632 81936 114688 131392 131840 132608 164864 196672 229376
1 7 28 448 7168 16389 16404 37888 40961 45056 49153 65856 66304 67072 99328 114688 131120 131168 147472 196672 212992
2 7 28 448 7168 16389 16404 37888 40961 45056 49153 66304 67072 99328 114688 131120 131168 131392 147472 196864 212992
1 7 28 448 7168 16389 24577 28672 33536 34304 37888 53248 65556 65584 65632 81924 114688 131392 164096 196672 229376
1 7 28 448 7168 16389 24577 28672 33536 34304 37888 53248 65556 65584 81924 114688 131168 131392 164096 196640 229376
1 7 28 448 7168 16389 24577 28672 33536 34304 37888 53248 65556 81924 114688 131120 131168 131392 164096 196624 229376
1 7 28 448 7168 16389 24577 28672 33536 34304 37888 53248 65584 65632 65856 98560 114688 131092 147460 196624 212992
1 7 28 448 7168 16389 24577 28672 33536 34304 37888 53248 65632 65856 98560 114688 131092 131120 147460 196640 212992
1 7 28 448 7168 16389 24577 28672 33536 34304 37888 53248 65856 98560 114688 131092 131120 131168 147460 196672 212992
1 7 28 448 7168 16389 24577 28672 34304 37888 53248 65556 65584 65632 81924 114688 131392 131840 164352 196672 229376
1 7 28 448 16389 16404 16432 38912 40961 45056 49153 65632 65856 66304 81952 114688 132608 134144 165888 197120 229376
1 7 28 448 16389 16404 16432 38912 40961 45056 49153 65632 65856 81952 114688 131840 132608 134144 165888 196864 229376
1 7 28 448 16389 16404 16432 38912 40961 45056 49153 66304 67072 68608 100352 114688 131168 131392 147488 196864 212992
1 7 28 448 16389 16404 16432 38912 40961 45056 49153 67072 68608 100352 114688 131168 131392 131840 147488 197120 212992
1 7 28 448 16389 16404 24577 35840 38912 45056 57344 66304 67072 99328 114688 131120 131168 131392 147472 196864 212992
1 7 28 448 16389 16404 24577 35840 38912 45056 57344 66304 67072 99328 131120 131168 131392 147472 180224 196864 229376
1 7 28 448 16389 16404 24577 38912 45056 57344 66304 67072 68608 100352 114688 131120 131168 131392 147472 196864 212992
1 7 28 448 16389 16404 24577 38912 45056 57344 66304 67072 68608 100352 131120 131168 131392 147472 180224 196864 229376
1 7 28 448 16389 16404 35840 38912 40961 45056 49153 65584 65632 65856 81936 114688 131840 132608 164864 196864 229376
1 7 28 448 16389 16404 35840 38912 40961 45056 49153 65584 65632 81936 114688 131392 131840 132608 164864 196672 229376
1 7 28 448 16389 16404 35840 38912 40961 45056 49153 65856 66304 67072 99328 114688 131120 131168 147472 196672 212992
1 7 28 448 16389 16404 35840 38912 40961 45056 49153 66304 67072 99328 114688 131120 131168 131392 147472 196864 212992
1 7 28 448 16389 16404 38912 40961 45056 49153 65584 65632 65856 66304 81936 114688 132608 134144 165888 197120 229376
1 7 28 448 16389 16404 38912 40961 45056 49153 65584 65632 65856 81936 114688 131840 132608 134144 165888 196864 229376
1 7 28 448 16389 16404 38912 40961 45056 49153 66304 67072 68608 100352 114688 131120 131168 131392 147472 196864 212992
1 7 28 448 16389 16404 38912 40961 45056 49153 67072 68608 100352 114688 131120 131168 131392 131840 147472 197120 212992
1 7 28 448 16389 16404 40961 45056 49153 65584 65632 65856 66304 81936 114688 132608 134144 137216 167936 197120 229376
1 7 28 448 16389 16404 40961 45056 49153 65584 65632 65856 81936 114688 131840 132608 134144 137216 167936 196864 229376
1 7 28 448 16389 16404 40961 45056 49153 66304 67072 68608 71680 102400 114688 131120 131168 131392 147472 196864 212992
1 7 28 448 16389 16404 40961 45056 49153 67072 68608 71680 102400 114688 131120 131168 131392 131840 147472 197120 212992
1 7 28 448 16389 22528 24577 28672 33536 34304 35840 51200 65632 65856 98560 114688 131092 131120 147460 196640 212992
1 7 28 448 16389 22528 24577 28672 33536 34304 35840 51200 65632 65856 98560 131092 131120 147460 180224 196640 229376
1 7 28 448 16389 22528 24577 28672 33536 34304 35840 51200 65856 98560 114688 131092 131120 131168 147460 196672 212992
1 7 28 448 16389 22528 24577 28672 33536 34304 35840 51200 65856 98560 131092 131120 131168 147460 180224 196672 229376
1 7 28 448 16389 22528 24577 28672 34304 35840 51200 65856 66304 98816 114688 131092 131120 131168 147460 196672 212992
1 7 28 448 16389 22528 24577 28672 34304 35840 51200 65856 66304 98816 131092 131120 131168 147460 180224 196672 229376
1 7 28 448 16389 24577 28672 33536 34304 35840 38912 53248 65556 65584 65632 81924 114688 131392 164096 196672 229376
1 7 28 448 16389 24577 28672 33536 34304 35840 38912 53248 65556 65584 81924 114688 131168 131392 164096 196640 229376
1 7 28 448 16389 24577 28672 33536 34304 35840 38912 53248 65556 81924 114688 131120 131168 131392 164096 196624 229376
1 7 28 448 16389 24577 28672 33536 34304 35840 38912 53248 65584 65632 65856 98560 114688 131092 147460 196624 212992
1 7 28 448 16389 24577 28672 33536 34304 35840 38912 53248 65632 65856 98560 114688 131092 131120 147460 196640 212992
1 7 28 448 16389 24577 28672 33536 34304 35840 38912 53248 65856 98560 114688 131092 131120 131168 147460 196672 212992
1 7 28 448 16389 24577 28672 34304 35840 38912 53248 65556 65584 65632 81924 114688 131392 131840 164352 196672 229376
1 7 28 448 16389 24577 28672 34304 35840 38912 53248 65556 65584 81924 114688 131168 131392 131840 164352 196640 229376
1 7 28 448 16389 24577 28672 34304 35840 38912 53248 65632 65856 66304 98816 114688 131092 131120 147460 196640 212992
1 7 28 448 16389 24577 28672 34304 35840 38912 53248 65856 66304 98816 114688 131092 131120 131168 147460 196672 212992
1 7 28 448 16389 24577 28672 35840 38912 53248 65556 65584 65632 81924 114688 131392 131840 132608 164864 196672 229376
1 7 28 448 16389 24577 28672 35840 38912 53248 65856 66304 67072 99328 114688 131092 131120 131168 147460 196672 212992
1 7 28 448 16389 24577 35840 38912 45056 57344 65856 66304 67072 99328 114688 131092 131120 131168 147460 196672 212992
1 7 28 448 16389 24577 35840 38912 45056 57344 65856 66304 67072 99328 131092 131120 131168 147460 180224 196672 229376
1 7 28 448 16389 35840 38912 40961 45056 49153 65556 65584 65632 81924 114688 131392 131840 132608 164864 196672 229376
1 7 28 448 16389 35840 38912 40961 45056 49153 65856 66304 67072 99328 114688 131092 131120 131168 147460 196672 212992
1 7 28 896 3584 16389 16404 35328 38912 40961 45056 49153 65584 65632 65728 81936 114688 131712 164352 196736 229376
1 7 28 896 3584 16389 16404 35328 38912 40961 45056 49153 65584 65632 81936 114688 131264 131712 164352 196672 229376
1 7 28 896 3584 16389 16404 35328 38912 40961 45056 49153 65728 66176 98816 114688 131120 131168 147472 196672 212992
1 7 28 896 3584 16389 16404 35328 38912 40961 45056 49153 66176 98816 114688 131120 131168 131264 147472 196736 212992
4 7 28 896 3584 16389 16404 38912 40961 45056 49153 65584 65632 65728 81936 114688 131712 133632 165888 196736 229376
4 7 28 896 3584 16389 16404 38912 40961 45056 49153 66176 68096 100352 114688 131120 131168 131264 147472 196736 212992
1 7 28 896 3584 16389 24577 28672 35328 38912 53248 65556 65584 65632 81924 114688 131264 131712 164352 196672 229376
2 7 28 896 3584 16389 24577 28672 35328 38912 53248 65556 65584 81924 114688 131168 131264 131712 164352 196640 229376
2 7 28 896 3584 16389 24577 28672 35328 38912 53248 65632 65728 66176 98816 114688 131092 131120 147460 196640 212992
1 7 28 896 16389 16404 16432 38912 40961 45056 49153 65632 65728 66176 81952 114688 132608 134144 165888 197120 229376
1 7 28 896 16389 16404 16432 38912 40961 45056 49153 67072 68608 100352 114688 131168 131264 131712 147488 197120 212992
1 7 28 896 16389 16404 16432 40961 45056 49153 65632 65728 66176 81952 114688 132608 134144 137216 167936 197120 229376
1 7 28 896 16389 16404 16432 40961 45056 49153 67072 68608 71680 102400 114688 131168 131264 131712 147488 197120 212992
1 7 28 896 16389 16404 24577 34304 35840 38912 45056 57344 65728 66176 98816 114688 131120 131168 147472 196672 212992
1 7 28 896 16389 16404 24577 34304 35840 38912 45056 57344 65728 66176 98816 131120 131168 147472 180224 196672 229376
1 7 28 896 16389 16404 24577 34304 35840 38912 45056 57344 66176 98816 114688 131120 131168 131264 147472 196736 212992
1 7 28 896 16389 16404 24577 34304 35840 38912 45056 57344 66176 98816 131120 131168 131264 147472 180224 196736 229376
1 7 28 896 16389 16404 24577 35840 38912 45056 57344 66176 67072 99328 114688 131120 131168 131264 147472 196736 212992
1 7 28 896 16389 16404 24577 35840 38912 45056 57344 66176 67072 99328 131120 131168 131264 147472 180224 196736 229376
1 7 28 896 16389 16404 34304 35840 38912 40961 45056 49153 65584 65632 65728 81936 114688 131712 164352 196736 229376
1 7 28 896 16389 16404 34304 35840 38912 40961 45056 49153 65584 65632 81936 114688 131264 131712 164352 196672 229376
1 7 28 896 16389 16404 34304 35840 38912 40961 45056 49153 65728 66176 98816 114688 131120 131168 147472 196672 212992
1 7 28 896 16389 16404 34304 35840 38912 40961 45056 49153 66176 98816 114688 131120 131168 131264 147472 196736 212992
1 7 28 896 16389 16404 35840 38912 40961 45056 49153 65584 65632 65728 81936 114688 131712 132608 164864 196736 229376
1 7 28 896 16389 16404 35840 38912 40961 45056 49153 65584 65632 81936 114688 131264 131712 132608 164864 196672 229376
1 7 28 896 16389 16404 35840 38912 40961 45056 49153 65728 66176 67072 99328 114688 131120 131168 147472 196672 212992
1 7 28 896 16389 16404 35840 38912 40961 45056 49153 66176 67072 99328 114688 131120 131168 131264 147472 196736 212992
1 7 28 896 16389 16404 38912 40961 45056 49153 65584 65632 65728 66176 81936 114688 132608 134144 165888 197120 229376
1 7 28 896 16389 16404 38912 40961 45056 49153 65584 65632 65728 81936 114688 131712 132608 134144 165888 196736 229376
1 7 28 896 16389 16404 38912 40961 45056 49153 66176 67072 68608 100352 114688 131120 131168 131264 147472 196736 212992
1 7 28 896 16389 16404 38912 40961 45056 49153 67072 68608 100352 114688 131120 131168 131264 131712 147472 197120 212992
1 7 28 896 16389 16404 40961 45056 49153 65584 65632 65728 66176 81936 114688 132608 134144 137216 167936 197120 229376
1 7 28 896 16389 16404 40961 45056 49153 67072 68608 71680 102400 114688 131120 131168 131264 131712 147472 197120 212992
1 7 28 896 16389 22528 24577 28672 33408 34304 35840 51200 65584 65632 65728 98432 114688 131092 147460 196624 212992
1 7 28 896 16389 22528 24577 28672 33408 34304 35840 51200 65584 65632 65728 98432 131092 147460 180224 196624 229376
1 7 28 896 16389 22528 24577 28672 33408 34304 35840 51200 65632 65728 98432 114688 131092 131120 147460 196640 212992
1 7 28 896 16389 22528 24577 28672 33408 34304 35840 51200 65632 65728 98432 131092 131120 147460 180224 196640 229376
1 7 28 896 16389 24577 28672 34304 35840 38912 53248 65556 65584 65632 65728 81924 114688 131712 164352 196736 229376
1 7 28 896 16389 24577 28672 34304 35840 38912 53248 65556 65584 65632 81924 114688 131264 131712 164352 196672 229376
1 7 28 896 16389 24577 28672 34304 35840 38912 53248 65556 65584 81924 114688 131168 131264 131712 164352 196640 229376
1 7 28 896 16389 24577 28672 34304 35840 38912 53248 65632 65728 66176 98816 114688 131092 131120 147460 196640 212992
1 7 28 896 16389 24577 28672 34304 35840 38912 53248 65728 66176 98816 114688 131092 131120 131168 147460 196672 212992
1 7 28 896 16389 24577 28672 34304 35840 38912 53248 66176 98816 114688 131092 131120 131168 131264 147460 196736 212992
1 7 28 896 16389 24577 28672 35840 38912 53248 65556 65584 65632 65728 81924 114688 131712 132608 164864 196736 229376
1 7 28 896 16389 24577 28672 35840 38912 53248 65556 65584 65632 81924 114688 131264 131712 132608 164864 196672 229376
1 7 28 896 16389 24577 28672 35840 38912 53248 65728 66176 67072 99328 114688 131092 131120 131168 147460 196672 212992
1 7 28 896 16389 24577 28672 35840 38912 53248 66176 67072 99328 114688 131092 131120 131168 131264 147460 196736 212992
1 7 28 896 16389 24577 28672 38912 53248 65556 65584 65632 65728 81924 114688 131712 132608 134144 165888 196736 229376
1 7 28 896 16389 24577 28672 38912 53248 66176 67072 68608 100352 114688 131092 131120 131168 131264 147460 196736 212992
1 7 28 896 16389 24577 34304 35840 38912 45056 57344 65632 65728 66176 98816 114688 131092 131120 147460 196640 212992
1 7 28 896 16389 24577 34304 35840 38912 45056 57344 65632 65728 66176 98816 131092 131120 147460 180224 196640 229376
1 7 28 896 16389 24577 34304 35840 38912 45056 57344 65728 66176 98816 114688 131092 131120 131168 147460 196672 212992
1 7 28 896 16389 24577 34304 35840 38912 45056 57344 65728 66176 98816 131092 131120 131168 147460 180224 196672 229376
1 7 28 896 16389 24577 35840 38912 45056 57344 65728 66176 67072 99328 114688 131092 131120 131168 147460 196672 212992
1 7 28 896 16389 24577 35840 38912 45056 57344 65728 66176 67072 99328 131092 131120 131168 147460 180224 196672 229376
1 7 28 896 16389 24577 35840 38912 45056 57344 66176 67072 99328 114688 131092 131120 131168 131264 147460 196736 212992
1 7 28 896 16389 24577 35840 38912 45056 57344 66176 67072 99328 131092 131120 131168 131264 147460 180224 196736 229376
1 7 28 896 16389 24577 38912 45056 57344 66176 67072 68608 100352 114688 131092 131120 131168 131264 147460 196736 212992
1 7 28 896 16389 24577 38912 45056 57344 66176 67072 68608 100352 131092 131120 131168 131264 147460 180224 196736 229376
1 7 28 896 16389 38912 40961 45056 49153 65556 65584 65632 65728 81924 114688 131712 132608 134144 165888 196736 229376
1 7 28 896 16389 38912 40961 45056 49153 66176 67072 68608 100352 114688 131092 131120 131168 131264 147460 196736 212992
1 7 28 1792 16389 16404 16432 35840 38912 40961 45056 49153 65632 65728 65920 81952 114688 132352 164864 196864 229376
1 7 28 1792 16389 16404 16432 35840 38912 40961 45056 49153 65632 65728 81952 114688 131456 132352 164864 196736 229376
1 7 28 1792 16389 16404 16432 35840 38912 40961 45056 49153 65920 66816 99328 114688 131168 131264 147488 196736 212992
1 7 28 1792 16389 16404 16432 35840 38912 40961 45056 49153 66816 99328 114688 131168 131264 131456 147488 196864 212992
1 7 28 1792 16389 16404 16432 38912 40961 45056 49153 65632 65728 65920 81952 114688 132352 134144 165888 196864 229376
1 7 28 1792 16389 16404 16432 38912 40961 45056 49153 66816 68608 100352 114688 131168 131264 131456 147488 196864 212992
2 7 28 1792 16389 16404 35840 38912 40961 45056 49153 65584 65632 65728 65920 81936 114688 132352 164864 196864 229376
1 7 28 1792 16389 16404 35840 38912 40961 45056 49153 65584 65632 65728 81936 114688 131456 132352 164864 196736 229376
1 7 28 1792 16389 16404 35840 38912 40961 45056 49153 65584 65632 81936 114688 131264 131456 132352 164864 196672 229376
1 7 28 1792 16389 16404 35840 38912 40961 45056 49153 65728 65920 66816 99328 114688 131120 131168 147472 196672 212992
1 7 28 1792 16389 16404 35840 38912 40961 45056 49153 65920 66816 99328 114688 131120 131168 131264 147472 196736 212992
2 7 28 1792 16389 16404 35840 38912 40961 45056 49153 66816 99328 114688 131120 131168 131264 131456 147472 196864 212992
2 7 28 1792 16389 16404 38912 40961 45056 49153 65584 65632 65728 81936 114688 131456 132352 134144 165888 196736 229376
2 7 28 1792 16389 16404 38912 40961 45056 49153 65920 66816 68608 100352 114688 131120 131168 131264 147472 196736 212992
1 7 28 1792 16389 22528 24577 28672 33152 34048 35840 51200 65632 65728 98432 114688 131092 131120 147460 196640 212992
1 7 28 1792 16389 22528 24577 28672 33152 34048 35840 51200 65632 65728 98432 131092 131120 147460 180224 196640 229376
1 7 28 1792 16389 22528 24577 28672 34048 35840 51200 65632 65728 65920 98560 114688 131092 131120 147460 196640 212992
1 7 28 1792 16389 22528 24577 28672 34048 35840 51200 65632 65728 65920 98560 131092 131120 147460 180224 196640 229376
1 7 28 1792 16389 24577 28672 34048 35840 38912 53248 65556 65584 65632 81924 114688 131264 131456 164096 196672 229376
1 7 28 1792 16389 24577 28672 34048 35840 38912 53248 65556 65584 81924 114688 131168 131264 131456 164096 196640 229376
1 7 28 1792 16389 24577 28672 34048 35840 38912 53248 65556 81924 114688 131120 131168 131264 131456 164096 196624 229376
1 7 28 1792 16389 24577 28672 34048 35840 38912 53248 65584 65632 65728 65920 98560 114688 131092 147460 196624 212992
1 7 28 1792 16389 24577 28672 34048 35840 38912 53248 65632 65728 65920 98560 114688 131092 131120 147460 196640 212992
1 7 28 1792 16389 24577 28672 34048 35840 38912 53248 65728 65920 98560 114688 131092 131120 131168 147460 196672 212992
1 7 28 16389 16404 16432 35840 38912 40961 45056 49153 65632 65728 65920 81952 114688 131840 132608 164864 196864 229376
1 7 28 16389 16404 16432 35840 38912 40961 45056 49153 65632 65728 81952 114688 131456 131840 132608 164864 196736 229376
1 7 28 16389 16404 16432 35840 38912 40961 45056 49153 65920 66304 67072 99328 114688 131168 131264 147488 196736 212992
1 7 28 16389 16404 16432 35840 38912 40961 45056 49153 66304 67072 99328 114688 131168 131264 131456 147488 196864 212992
1 7 28 16389 16404 16432 38912 40961 45056 49153 65632 65728 65920 66304 81952 114688 132608 134144 165888 197120 229376
1 7 28 16389 16404 16432 38912 40961 45056 49153 65632 65728 65920 81952 114688 131840 132608 134144 165888 196864 229376
1 7 28 16389 16404 16432 38912 40961 45056 49153 66304 67072 68608 100352 114688 131168 131264 131456 147488 196864 212992
1 7 28 16389 16404 16432 38912 40961 45056 49153 67072 68608 100352 114688 131168 131264 131456 131840 147488 197120 212992
1 7 28 16389 16404 16432 40961 45056 49153 65632 65728 65920 66304 81952 114688 132608 134144 137216 167936 197120 229376
1 7 28 16389 16404 16432 40961 45056 49153 67072 68608 71680 102400 114688 131168 131264 131456 131840 147488 197120 212992
1 7 28 16389 16404 34304 35840 38912 40961 45056 49153 65584 65632 65728 81936 114688 131456 131840 164352 196736 229376
1 7 28 16389 16404 34304 35840 38912 40961 45056 49153 65584 65632 81936 114688 131264 131456 131840 164352 196672 229376
1 7 28 16389 16404 34304 35840 38912 40961 45056 49153 65728 65920 66304 98816 114688 131120 131168 147472 196672 212992
1 7 28 16389 16404 34304 35840 38912 40961 45056 49153 65920 66304 98816 114688 131120 131168 131264 147472 196736 212992
2 7 28 16389 16404 35840 38912 40961 45056 49153 65584 65632 65728 65920 81936 114688 131840 132608 164864 196864 229376
1 7 28 16389 16404 35840 38912 40961 45056 49153 65584 65632 65728 81936 114688 131456 131840 132608 164864 196736 229376
1 7 28 16389 16404 35840 38912 40961 45056 49153 65584 65632 81936 114688 131264 131456 131840 132608 164864 196672 229376
1 7 28 16389 16404 35840 38912 40961 45056 49153 65728 65920 66304 67072 99328 114688 131120 131168 147472 196672 212992
1 7 28 16389 16404 35840 38912 40961 45056 49153 65920 66304 67072 99328 114688 131120 131168 131264 147472 196736 212992
2 7 28 16389 16404 35840 38912 40961 45056 49153 66304 67072 99328 114688 131120 131168 131264 131456 147472 196864 212992
2 7 28 16389 16404 38912 40961 45056 49153 65584 65632 65728 81936 114688 131456 131840 132608 134144 165888 196736 229376
2 7 28 16389 16404 38912 40961 45056 49153 65920 66304 67072 68608 100352 114688 131120 131168 131264 147472 196736 212992
1 7 28 16389 22528 24577 28672 33152 33536 34304 35840 51200 65584 65632 65728 98432 114688 131092 147460 196624 212992
1 7 28 16389 22528 24577 28672 33152 33536 34304 35840 51200 65584 65632 65728 98432 131092 147460 180224 196624 229376
1 7 28 16389 22528 24577 28672 33152 33536 34304 35840 51200 65632 65728 98432 114688 131092 131120 147460 196640 212992
1 7 28 16389 22528 24577 28672 33152 33536 34304 35840 51200 65632 65728 98432 131092 131120 147460 180224 196640 229376
1 7 28 16389 22528 24577 28672 33152 33536 34304 35840 51200 65728 98432 114688 131092 131120 131168 147460 196672 212992
1 7 28 16389 22528 24577 28672 33152 33536 34304 35840 51200 65728 98432 131092 131120 131168 147460 180224 196672 229376
1 7 28 16389 22528 24577 28672 33536 34304 35840 51200 65632 65728 65920 98560 114688 131092 131120 147460 196640 212992
1 7 28 16389 22528 24577 28672 33536 34304 35840 51200 65632 65728 65920 98560 131092 131120 147460 180224 196640 229376
1 7 28 16389 22528 24577 28672 33536 34304 35840 51200 65728 65920 98560 114688 131092 131120 131168 147460 196672 212992
1 7 28 16389 22528 24577 28672 33536 34304 35840 51200 65728 65920 98560 131092 131120 131168 147460 180224 196672 229376
1 7 28 16389 22528 24577 28672 34304 35840 51200 65728 65920 66304 98816 114688 131092 131120 131168 147460 196672 212992
1 7 28 16389 22528 24577 28672 34304 35840 51200 65728 65920 66304 98816 131092 131120 131168 147460 180224 196672 229376
1 7 28 16389 24577 28672 33536 34304 35840 38912 53248 65556 65584 65632 81924 114688 131264 131456 164096 196672 229376
1 7 28 16389 24577 28672 33536 34304 35840 38912 53248 65556 65584 81924 114688 131168 131264 131456 164096 196640 229376
1 7 28 16389 24577 28672 33536 34304 35840 38912 53248 65556 81924 114688 131120 131168 131264 131456 164096 196624 229376
1 7 28 16389 24577 28672 33536 34304 35840 38912 53248 65584 65632 65728 65920 98560 114688 131092 147460 196624 212992
1 7 28 16389 24577 28672 33536 34304 35840 38912 53248 65632 65728 65920 98560 114688 131092 131120 147460 196640 212992
1 7 28 16389 24577 28672 33536 34304 35840 38912 53248 65728 65920 98560 114688 131092 131120 131168 147460 196672 212992
1 7 28 16389 24577 28672 34304 35840 38912 53248 65556 65584 65632 81924 114688 131264 131456 131840 164352 196672 229376
1 7 28 16389 24577 28672 34304 35840 38912 53248 65556 65584 81924 114688 131168 131264 131456 131840 164352 196640 229376
1 7 28 16389 24577 28672 34304 35840 38912 53248 65632 65728 65920 66304 98816 114688 131092 131120 147460 196640 212992
1 7 28 16389 24577 34304 35840 38912 45056 57344 65632 65728 65920 66304 98816 114688 131092 131120 147460 196640 212992
1 7 56 448 16389 16396 16424 38912 40961 45056 49153 65632 65856 66304 81952 114688 132608 134144 165888 197120 229376
1 7 56 448 16389 16396 16424 38912 40961 45056 49153 65632 65856 81952 114688 131840 132608 134144 165888 196864 229376
1 7 56 448 16389 16396 16424 38912 40961 45056 49153 66304 67072 68608 100352 114688 131168 131392 147488 196864 212992
1 7 56 448 16389 16396 16424 38912 40961 45056 49153 67072 68608 100352 114688 131168 131392 131840 147488 197120 212992
1 7 56 448 16389 16396 24577 28672 33536 34304 35840 38912 53248 65576 65632 81928 114688 131392 164096 196672 229376
1 7 56 448 16389 16396 24577 28672 33536 34304 35840 38912 53248 65576 81928 114688 131168 131392 164096 196640 229376
1 7 56 448 16389 16396 24577 28672 33536 34304 35840 38912 53248 65632 65856 98560 114688 131112 147464 196640 212992
1 7 56 448 16389 16396 24577 28672 33536 34304 35840 38912 53248 65856 98560 114688 131112 131168 147464 196672 212992
1 7 56 448 16389 16396 24577 28672 34304 35840 38912 53248 65576 65632 81928 114688 131392 131840 164352 196672 229376
1 7 56 448 16389 16396 24577 28672 34304 35840 38912 53248 65856 66304 98816 114688 131112 131168 147464 196672 212992
1 7 56 448 16389 16396 24577 35840 38912 45056 57344 65856 66304 67072 99328 114688 131112 131168 147464 196672 212992
1 7 56 448 16389 16396 24577 35840 38912 45056 57344 65856 66304 67072 99328 131112 131168 147464 180224 196672 229376
1 7 56 448 16389 16396 35840 38912 40961 45056 49153 65576 65632 81928 114688 131392 131840 132608 164864 196672 229376
1 7 56 448 16389 16396 35840 38912 40961 45056 49153 65856 66304 67072 99328 114688 131112 131168 147464 196672 212992
1 7 56 448 16389 24577 28672 33536 34304 35840 38912 53248 65548 65576 65632 81924 114688 131392 164096 196672 229376
1 7 56 448 16389 24577 28672 33536 34304 35840 38912 53248 65856 98560 114688 131084 131112 131168 147460 196672 212992
1 7 56 448 16389 24577 28672 34304 35840 38912 53248 65548 65576 65632 81924 114688 131392 131840 164352 196672 229376
1 7 56 448 16389 24577 28672 34304 35840 38912 53248 65856 66304 98816 114688 131084 131112 131168 147460 196672 212992
1 7 56 896 16389 16396 16424 38912 40961 45056 49153 65632 65728 66176 81952 114688 132608 134144 165888 197120 229376
1 7 56 896 16389 16396 16424 38912 40961 45056 49153 67072 68608 100352 114688 131168 131264 131712 147488 197120 212992
1 7 56 896 16389 16396 16424 40961 45056 49153 65632 65728 66176 81952 114688 132608 134144 137216 167936 197120 229376
1 7 56 896 16389 16396 16424 40961 45056 49153 67072 68608 71680 102400 114688 131168 131264 131712 147488 197120 212992
1 7 56 896 16389 16396 24577 28672 34304 35840 38912 53248 65576 65632 65728 81928 114688 131712 164352 196736 229376
1 7 56 896 16389 16396 24577 28672 34304 35840 38912 53248 65576 65632 81928 114688 131264 131712 164352 196672 229376
1 7 56 896 16389 16396 24577 28672 34304 35840 38912 53248 65728 66176 98816 114688 131112 131168 147464 196672 212992
1 7 56 896 16389 16396 24577 28672 34304 35840 38912 53248 66176 98816 114688 131112 131168 131264 147464 196736 212992
1 7 56 896 16389 16396 24577 28672 35840 38912 53248 65576 65632 65728 81928 114688 131712 132608 164864 196736 229376
1 7 56 896 16389 16396 24577 28672 35840 38912 53248 66176 67072 99328 114688 131112 131168 131264 147464 196736 212992
1 7 56 896 16389 16396 24577 34304 35840 38912 45056 57344 65632 65728 66176 98816 114688 131112 147464 196640 212992
1 7 56 896 16389 16396 24577 34304 35840 38912 45056 57344 65632 65728 66176 98816 131112 147464 180224 196640 229376
1 7 56 896 16389 16396 24577 34304 35840 38912 45056 57344 65728 66176 98816 114688 131112 131168 147464 196672 212992
1 7 56 896 16389 16396 24577 34304 35840 38912 45056 57344 65728 66176 98816 131112 131168 147464 180224 196672 229376
1 7 56 896 16389 16396 24577 35840 38912 45056 57344 65728 66176 67072 99328 114688 131112 131168 147464 196672 212992
1 7 56 896 16389 16396 24577 35840 38912 45056 57344 65728 66176 67072 99328 131112 131168 147464 180224 196672 229376
1 7 56 896 16389 16396 24577 35840 38912 45056 57344 66176 67072 99328 114688 131112 131168 131264 147464 196736 212992
1 7 56 896 16389 16396 24577 35840 38912 45056 57344 66176 67072 99328 131112 131168 131264 147464 180224 196736 229376
1 7 56 896 16389 16396 24577 38912 45056 57344 66176 67072 68608 100352 114688 131112 131168 131264 147464 196736 212992
1 7 56 896 16389 16396 24577 38912 45056 57344 66176 67072 68608 100352 131112 131168 131264 147464 180224 196736 229376
1 7 56 896 16389 16396 34304 35840 38912 40961 45056 49153 65576 65632 81928 114688 131264 131712 164352 196672 229376
1 7 56 896 16389 16396 34304 35840 38912 40961 45056 49153 65576 81928 114688 131168 131264 131712 164352 196640 229376
1 7 56 896 16389 16396 34304 35840 38912 40961 45056 49153 65632 65728 66176 98816 114688 131112 147464 196640 212992
1 7 56 896 16389 16396 34304 35840 38912 40961 45056 49153 65728 66176 98816 114688 131112 131168 147464 196672 212992
1 7 56 896 16389 16396 35840 38912 40961 45056 49153 65576 65632 65728 81928 114688 131712 132608 164864 196736 229376
1 7 56 896 16389 16396 35840 38912 40961 45056 49153 65576 65632 81928 114688 131264 131712 132608 164864 196672 229376
1 7 56 896 16389 16396 35840 38912 40961 45056 49153 65576 81928 114688 131168 131264 131712 132608 164864 196640 229376
1 7 56 896 16389 16396 35840 38912 40961 45056 49153 65632 65728 66176 67072 99328 114688 131112 147464 196640 212992
1 7 56 896 16389 16396 35840 38912 40961 45056 49153 65728 66176 67072 99328 114688 131112 131168 147464 196672 212992
1 7 56 896 16389 16396 35840 38912 40961 45056 49153 66176 67072 99328 114688 131112 131168 131264 147464 196736 212992
1 7 56 896 16389 16396 38912 40961 45056 49153 65576 65632 65728 81928 114688 131712 132608 134144 165888 196736 229376
1 7 56 896 16389 16396 38912 40961 45056 49153 66176 67072 68608 100352 114688 131112 131168 131264 147464 196736 212992
1 7 56 896 16389 24577 28672 34304 35840 38912 53248 65548 65576 65632 65728 81924 114688 131712 164352 196736 229376
1 7 56 896 16389 24577 28672 34304 35840 38912 53248 65548 65576 65632 81924 114688 131264 131712 164352 196672 229376
1 7 56 896 16389 24577 28672 34304 35840 38912 53248 65548 65576 81924 114688 131168 131264 131712 164352 196640 229376
1 7 56 896 16389 24577 28672 34304 35840 38912 53248 65632 65728 66176 98816 114688 131084 131112 147460 196640 212992
1 7 56 896 16389 24577 28672 34304 35840 38912 53248 65728 66176 98816 114688 131084 131112 131168 147460 196672 212992
1 7 56 896 16389 24577 28672 34304 35840 38912 53248 66176 98816 114688 131084 131112 131168 131264 147460 196736 212992
1 7 56 896 16389 24577 28672 35840 38912 53248 65548 65576 65632 65728 81924 114688 131712 132608 164864 196736 229376
1 7 56 896 16389 24577 28672 35840 38912 53248 66176 67072 99328 114688 131084 131112 131168 131264 147460 196736 212992
1 7 56 896 16389 24577 34304 35840 38912 45056 57344 65632 65728 66176 98816 114688 131084 131112 147460 196640 212992
1 7 56 896 16389 24577 34304 35840 38912 45056 57344 65632 65728 66176 98816 131084 131112 147460 180224 196640 229376
1 7 56 896 16389 24577 34304 35840 38912 45056 57344 65728 66176 98816 114688 131084 131112 131168 147460 196672 212992
1 7 56 896 16389 24577 34304 35840 38912 45056 57344 65728 66176 98816 131084 131112 131168 147460 180224 196672 229376
1 7 56 896 16389 24577 35840 38912 45056 57344 65632 65728 66176 67072 99328 114688 131084 131112 147460 196640 212992
1 7 56 896 16389 24577 35840 38912 45056 57344 65632 65728 66176 67072 99328 131084 131112 147460 180224 196640 229376
1 7 56 896 16389 24577 35840 38912 45056 57344 65728 66176 67072 99328 114688 131084 131112 131168 147460 196672 212992
1 7 56 896 16389 24577 35840 38912 45056 57344 65728 66176 67072 99328 131084 131112 131168 147460 180224 196672 229376
1 7 56 896 16389 24577 35840 38912 45056 57344 66176 67072 99328 114688 131084 131112 131168 131264 147460 196736 212992
1 7 56 896 16389 24577 35840 38912 45056 57344 66176 67072 99328 131084 131112 131168 131264 147460 180224 196736 229376
1 7 56 896 16389 24577 38912 45056 57344 66176 67072 68608 100352 114688 131084 131112 131168 131264 147460 196736 212992
1 7 56 896 16389 24577 38912 45056 57344 66176 67072 68608 100352 131084 131112 131168 131264 147460 180224 196736 229376
1 7 56 896 16389 34304 35840 38912 40961 45056 49153 65548 65576 81924 114688 131168 131264 131712 164352 196640 229376
1 7 56 896 16389 34304 35840 38912 40961 45056 49153 65632 65728 66176 98816 114688 131084 131112 147460 196640 212992
1 7 56 896 16389 35840 38912 40961 45056 49153 65548 65576 81924 114688 131168 131264 131712 132608 164864 196640 229376
1 7 56 896 16389 35840 38912 40961 45056 49153 65632 65728 66176 67072 99328 114688 131084 131112 147460 196640 212992
1 7 56 896 16389 38912 40961 45056 49153 65548 65576 65632 65728 81924 114688 131712 132608 134144 165888 196736 229376
1 7 56 896 16389 38912 40961 45056 49153 66176 67072 68608 100352 114688 131084 131112 131168 131264 147460 196736 212992
1 7 56 1792 16389 16396 16424 35840 38912 40961 45056 49153 65632 65728 65920 81952 114688 132352 164864 196864 229376
1 7 56 1792 16389 16396 16424 35840 38912 40961 45056 49153 65632 65728 81952 114688 131456 132352 164864 196736 229376
1 7 56 1792 16389 16396 16424 35840 38912 40961 45056 49153 65920 66816 99328 114688 131168 131264 147488 196736 212992
1 7 56 1792 16389 16396 16424 35840 38912 40961 45056 49153 66816 99328 114688 131168 131264 131456 147488 196864 212992
1 7 56 1792 16389 16396 16424 38912 40961 45056 49153 65632 65728 65920 81952 114688 132352 134144 165888 196864 229376
1 7 56 1792 16389 16396 16424 38912 40961 45056 49153 66816 68608 100352 114688 131168 131264 131456 147488 196864 212992
1 7 56 1792 16389 16396 24577 28672 34048 35840 38912 53248 65576 65632 81928 114688 131264 131456 164096 196672 229376
1 7 56 1792 16389 16396 24577 28672 34048 35840 38912 53248 65576 81928 114688 131168 131264 131456 164096 196640 229376
1 7 56 1792 16389 16396 24577 28672 34048 35840 38912 53248 65632 65728 65920 98560 114688 131112 147464 196640 212992
1 7 56 1792 16389 16396 24577 28672 34048 35840 38912 53248 65728 65920 98560 114688 131112 131168 147464 196672 212992
1 7 56 1792 16389 16396 24577 35840 38912 45056 57344 65728 65920 66816 99328 114688 131112 131168 147464 196672 212992
1 7 56 1792 16389 16396 24577 35840 38912 45056 57344 65728 65920 66816 99328 131112 131168 147464 180224 196672 229376
1 7 56 1792 16389 16396 24577 35840 38912 45056 57344 65920 66816 99328 114688 131112 131168 131264 147464 196736 212992
1 7 56 1792 16389 16396 24577 35840 38912 45056 57344 65920 66816 99328 131112 131168 131264 147464 180224 196736 229376
1 7 56 1792 16389 16396 24577 38912 45056 57344 65920 66816 68608 100352 114688 131112 131168 131264 147464 196736 212992
1 7 56 1792 16389 16396 24577 38912 45056 57344 65920 66816 68608 100352 131112 131168 131264 147464 180224 196736 229376
1 7 56 1792 16389 16396 24577 38912 45056 57344 66816 68608 100352 114688 131112 131168 131264 131456 147464 196864 212992
1 7 56 1792 16389 16396 24577 38912 45056 57344 66816 68608 100352 131112 131168 131264 131456 147464 180224 196864 229376
1 7 56 1792 16389 16396 35840 38912 40961 45056 49153 65576 65632 65728 81928 114688 131456 132352 164864 196736 229376
1 7 56 1792 16389 16396 35840 38912 40961 45056 49153 65576 65632 81928 114688 131264 131456 132352 164864 196672 229376
1 7 56 1792 16389 16396 35840 38912 40961 45056 49153 65576 81928 114688 131168 131264 131456 132352 164864 196640 229376
1 7 56 1792 16389 16396 35840 38912 40961 45056 49153 65632 65728 65920 66816 99328 114688 131112 147464 196640 212992
1 7 56 1792 16389 16396 35840 38912 40961 45056 49153 65728 65920 66816 99328 114688 131112 131168 147464 196672 212992
1 7 56 1792 16389 16396 35840 38912 40961 45056 49153 65920 66816 99328 114688 131112 131168 131264 147464 196736 212992
1 7 56 1792 16389 16396 38912 40961 45056 49153 65576 65632 65728 65920 81928 114688 132352 134144 165888 196864 229376
1 7 56 1792 16389 16396 38912 40961 45056 49153 65576 65632 65728 81928 114688 131456 132352 134144 165888 196736 229376
1 7 56 1792 16389 16396 38912 40961 45056 49153 65920 66816 68608 100352 114688 131112 131168 131264 147464 196736 212992
1 7 56 1792 16389 16396 38912 40961 45056 49153 66816 68608 100352 114688 131112 131168 131264 131456 147464 196864 212992
1 7 56 1792 16389 24577 28672 34048 35840 38912 53248 65548 65576 65632 81924 114688 131264 131456 164096 196672 229376
1 7 56 1792 16389 24577 28672 34048 35840 38912 53248 65548 65576 81924 114688 131168 131264 131456 164096 196640 229376
1 7 56 1792 16389 24577 28672 34048 35840 38912 53248 65632 65728 65920 98560 114688 131084 131112 147460 196640 212992
1 7 56 1792 16389 24577 28672 34048 35840 38912 53248 65728 65920 98560 114688 131084 131112 131168 147460 196672 212992
1 7 56 1792 16389 24577 35840 38912 45056 57344 65632 65728 65920 66816 99328 114688 131084 131112 147460 196640 212992
1 7 56 1792 16389 24577 35840 38912 45056 57344 65632 65728 65920 66816 99328 131084 131112 147460 180224 196640 229376
1 7 56 1792 16389 24577 35840 38912 45056 57344 65728 65920 66816 99328 114688 131084 131112 131168 147460 196672 212992
1 7 56 1792 16389 24577 35840 38912 45056 57344 65728 65920 66816 99328 131084 131112 131168 147460 180224 196672 229376
1 7 56 1792 16389 24577 35840 38912 45056 57344 65920 66816 99328 114688 131084 131112 131168 131264 147460 196736 212992
1 7 56 1792 16389 24577 35840 38912 45056 57344 65920 66816 99328 131084 131112 131168 131264 147460 180224 196736 229376
1 7 56 1792 16389 24577 38912 45056 57344 65920 66816 68608 100352 114688 131084 131112 131168 131264 147460 196736 212992
1 7 56 1792 16389 24577 38912 45056 57344 65920 66816 68608 100352 131084 131112 131168 131264 147460 180224 196736 229376
1 7 56 1792 16389 35840 38912 40961 45056 49153 65548 65576 65632 81924 114688 131264 131456 132352 164864 196672 229376
1 7 56 1792 16389 35840 38912 40961 45056 49153 65548 65576 81924 114688 131168 131264 131456 132352 164864 196640 229376
1 7 56 1792 16389 35840 38912 40961 45056 49153 65632 65728 65920 66816 99328 114688 131084 131112 147460 196640 212992
1 7 56 1792 16389 35840 38912 40961 45056 49153 65728 65920 66816 99328 114688 131084 131112 131168 147460 196672 212992
2 7 56 16389 16396 16424 35840 38912 40961 45056 49153 65632 65728 65920 66304 81952 114688 132608 164864 197120 229376
1 7 56 16389 16396 16424 35840 38912 40961 45056 49153 65632 65728 65920 81952 114688 131840 132608 164864 196864 229376
1 7 56 16389 16396 16424 35840 38912 40961 45056 49153 65632 65728 81952 114688 131456 131840 132608 164864 196736 229376
1 7 56 16389 16396 16424 35840 38912 40961 45056 49153 65920 66304 67072 99328 114688 131168 131264 147488 196736 212992
1 7 56 16389 16396 16424 35840 38912 40961 45056 49153 66304 67072 99328 114688 131168 131264 131456 147488 196864 212992
2 7 56 16389 16396 16424 35840 38912 40961 45056 49153 67072 99328 114688 131168 131264 131456 131840 147488 197120 212992
2 7 56 16389 16396 16424 38912 40961 45056 49153 65632 65728 65920 81952 114688 131840 132608 134144 165888 196864 229376
2 7 56 16389 16396 16424 38912 40961 45056 49153 66304 67072 68608 100352 114688 131168 131264 131456 147488 196864 212992
1 7 56 16389 16396 24577 28672 33536 34304 35840 38912 53248 65576 65632 81928 114688 131264 131456 164096 196672 229376
1 7 56 16389 16396 24577 28672 33536 34304 35840 38912 53248 65576 81928 114688 131168 131264 131456 164096 196640 229376
1 7 56 16389 16396 24577 28672 33536 34304 35840 38912 53248 65632 65728 65920 98560 114688 131112 147464 196640 212992
1 7 56 16389 16396 24577 28672 33536 34304 35840 38912 53248 65728 65920 98560 114688 131112 131168 147464 196672 212992
1 7 56 16389 16396 24577 28672 34304 35840 38912 53248 65576 65632 65728 81928 114688 131456 131840 164352 196736 229376
1 7 56 16389 16396 24577 28672 34304 35840 38912 53248 65576 65632 81928 114688 131264 131456 131840 164352 196672 229376
1 7 56 16389 16396 24577 28672 34304 35840 38912 53248 65728 65920 66304 98816 114688 131112 131168 147464 196672 212992
1 7 56 16389 16396 24577 28672 34304 35840 38912 53248 65920 66304 98816 114688 131112 131168 131264 147464 196736 212992
1 7 56 16389 16396 24577 28672 35840 38912 53248 65576 65632 65728 81928 114688 131456 131840 132608 164864 196736 229376
1 7 56 16389 16396 24577 28672 35840 38912 53248 65920 66304 67072 99328 114688 131112 131168 131264 147464 196736 212992
1 7 56 16389 16396 24577 34304 35840 38912 45056 57344 65632 65728 65920 66304 98816 114688 131112 147464 196640 212992
1 7 56 16389 16396 24577 34304 35840 38912 45056 57344 65632 65728 65920 66304 98816 131112 147464 180224 196640 229376
1 7 56 16389 16396 24577 34304 35840 38912 45056 57344 65728 65920 66304 98816 114688 131112 131168 147464 196672 212992
1 7 56 16389 16396 24577 34304 35840 38912 45056 57344 65728 65920 66304 98816 131112 131168 147464 180224 196672 229376
1 7 56 16389 16396 24577 35840 38912 45056 57344 65728 65920 66304 67072 99328 114688 131112 131168 147464 196672 212992
1 7 56 16389 16396 24577 35840 38912 45056 57344 65728 65920 66304 67072 99328 131112 131168 147464 180224 196672 229376
1 7 56 16389 16396 24577 35840 38912 45056 57344 65920 66304 67072 99328 114688 131112 131168 131264 147464 196736 212992
1 7 56 16389 16396 24577 35840 38912 45056 57344 65920 66304 67072 99328 131112 131168 131264 147464 180224 196736 229376
1 7 56 16389 16396 24577 38912 45056 57344 65920 66304 67072 68608 100352 114688 131112 131168 131264 147464 196736 212992
1 7 56 16389 16396 24577 38912 45056 57344 65920 66304 67072 68608 100352 131112 131168 131264 147464 180224 196736 229376
1 7 56 16389 16396 24577 38912 45056 57344 66304 67072 68608 100352 114688 131112 131168 131264 131456 147464 196864 212992
1 7 56 16389 16396 24577 38912 45056 57344 66304 67072 68608 100352 131112 131168 131264 131456 147464 180224 196864 229376
1 7 56 16389 16396 34304 35840 38912 40961 45056 49153 65576 65632 81928 114688 131264 131456 131840 164352 196672 229376
1 7 56 16389 16396 34304 35840 38912 40961 45056 49153 65576 81928 114688 131168 131264 131456 131840 164352 196640 229376
1 7 56 16389 16396 34304 35840 38912 40961 45056 49153 65632 65728 65920 66304 98816 114688 131112 147464 196640 212992
1 7 56 16389 16396 34304 35840 38912 40961 45056 49153 65728 65920 66304 98816 114688 131112 131168 147464 196672 212992
1 7 56 16389 16396 35840 38912 40961 45056 49153 65576 65632 65728 81928 114688 131456 131840 132608 164864 196736 229376
1 7 56 16389 16396 35840 38912 40961 45056 49153 65576 65632 81928 114688 131264 131456 131840 132608 164864 196672 229376
1 7 56 16389 16396 35840 38912 40961 45056 49153 65576 81928 114688 131168 131264 131456 131840 132608 164864 196640 229376
1 7 56 16389 16396 35840 38912 40961 45056 49153 65632 65728 65920 66304 67072 99328 114688 131112 147464 196640 212992
1 7 56 16389 16396 35840 38912 40961 45056 49153 65728 65920 66304 67072 99328 114688 131112 131168 147464 196672 212992
1 7 56 16389 16396 35840 38912 40961 45056 49153 65920 66304 67072 99328 114688 131112 131168 131264 147464 196736 212992
1 7 56 16389 16396 38912 40961 45056 49153 65576 65632 65728 65920 81928 114688 131840 132608 134144 165888 196864 229376
1 7 56 16389 16396 38912 40961 45056 49153 65576 65632 65728 81928 114688 131456 131840 132608 134144 165888 196736 229376
1 7 56 16389 16396 38912 40961 45056 49153 65920 66304 67072 68608 100352 114688 131112 131168 131264 147464 196736 212992
1 7 56 16389 16396 38912 40961 45056 49153 66304 67072 68608 100352 114688 131112 131168 131264 131456 147464 196864 212992
1 7 112 1792 16389 16396 16408 24577 35840 38912 45056 57344 65920 66816 99328 114688 131152 131264 147472 196736 212992
1 7 112 1792 16389 16396 16408 24577 35840 38912 45056 57344 65920 66816 99328 131152 131264 147472 180224 196736 229376
1 7 112 1792 16389 16396 16408 24577 35840 38912 45056 57344 66816 99328 114688 131152 131264 131456 147472 196864 212992
1 7 112 1792 16389 16396 16408 24577 35840 38912 45056 57344 66816 99328 131152 131264 131456 147472 180224 196864 229376
1 7 112 1792 16389 16396 16408 24577 38912 45056 57344 66816 68608 100352 114688 131152 131264 131456 147472 196864 212992
1 7 112 1792 16389 16396 16408 24577 38912 45056 57344 66816 68608 100352 131152 131264 131456 147472 180224 196864 229376
1 7 112 1792 16389 16396 16408 35840 38912 40961 45056 49153 65616 65728 65920 81936 114688 132352 164864 196864 229376
1 7 112 1792 16389 16396 16408 35840 38912 40961 45056 49153 65616 65728 81936 114688 131456 132352 164864 196736 229376
2 7 112 1792 16389 16396 16408 35840 38912 40961 45056 49153 65616 81936 114688 131264 131456 132352 164864 196672 229376
2 7 112 1792 16389 16396 16408 35840 38912 40961 45056 49153 65728 65920 66816 99328 114688 131152 147472 196672 212992
1 7 112 1792 16389 16396 16408 35840 38912 40961 45056 49153 65920 66816 99328 114688 131152 131264 147472 196736 212992
1 7 112 1792 16389 16396 16408 35840 38912 40961 45056 49153 66816 99328 114688 131152 131264 131456 147472 196864 212992
1 7 112 1792 16389 16396 16408 38912 40961 45056 49153 65616 65728 65920 81936 114688 132352 134144 165888 196864 229376
1 7 112 1792 16389 16396 16408 38912 40961 45056 49153 65616 65728 81936 114688 131456 132352 134144 165888 196736 229376
1 7 112 1792 16389 16396 16408 38912 40961 45056 49153 65920 66816 68608 100352 114688 131152 131264 147472 196736 212992
1 7 112 1792 16389 16396 16408 38912 40961 45056 49153 66816 68608 100352 114688 131152 131264 131456 147472 196864 212992
1 7 112 1792 16389 16396 16408 40961 45056 49153 65616 65728 65920 81936 114688 132352 134144 137216 167936 196864 229376
1 7 112 1792 16389 16396 16408 40961 45056 49153 66816 68608 71680 102400 114688 131152 131264 131456 147472 196864 212992
1 7 112 1792 16389 16396 24577 35840 38912 45056 57344 65920 66816 99328 114688 131096 131152 131264 147464 196736 212992
1 7 112 1792 16389 16396 24577 35840 38912 45056 57344 65920 66816 99328 131096 131152 131264 147464 180224 196736 229376
1 7 112 1792 16389 16396 24577 38912 45056 57344 66816 68608 100352 114688 131096 131152 131264 131456 147464 196864 212992
1 7 112 1792 16389 16396 24577 38912 45056 57344 66816 68608 100352 131096 131152 131264 131456 147464 180224 196864 229376
2 7 112 1792 16389 16396 35840 38912 40961 45056 49153 65560 65616 65728 81928 114688 131456 132352 164864 196736 229376
2 7 112 1792 16389 16396 35840 38912 40961 45056 49153 65920 66816 99328 114688 131096 131152 131264 147464 196736 212992
1 7 112 1792 16389 16396 38912 40961 45056 49153 65560 65616 65728 65920 81928 114688 132352 134144 165888 196864 229376
1 7 112 1792 16389 16396 38912 40961 45056 49153 66816 68608 100352 114688 131096 131152 131264 131456 147464 196864 212992
1 7 112 1792 16389 24577 28672 34048 35840 38912 53248 65548 65560 65616 81924 114688 131264 131456 164096 196672 229376
1 7 112 1792 16389 24577 28672 34048 35840 38912 53248 65548 65560 81924 114688 131152 131264 131456 164096 196624 229376
1 7 112 3584 16389 16396 16408 24577 35328 38912 45056 57344 65728 65920 66304 98816 114688 131152 147472 196672 212992
1 7 112 3584 16389 16396 16408 24577 35328 38912 45056 57344 65728 65920 66304 98816 131152 147472 180224 196672 229376
1 7 112 3584 16389 16396 16408 24577 35328 38912 45056 57344 65920 66304 98816 114688 131152 131264 147472 196736 212992
1 7 112 3584 16389 16396 16408 24577 35328 38912 45056 57344 65920 66304 98816 131152 131264 147472 180224 196736 229376
1 7 112 3584 16389 16396 16408 35328 38912 40961 45056 49153 65616 65728 81936 114688 131456 131840 164352 196736 229376
1 7 112 3584 16389 16396 16408 35328 38912 40961 45056 49153 65616 81936 114688 131264 131456 131840 164352 196672 229376
1 7 112 3584 16389 16396 16408 35328 38912 40961 45056 49153 65728 65920 66304 98816 114688 131152 147472 196672 212992
1 7 112 3584 16389 16396 16408 35328 38912 40961 45056 49153 65920 66304 98816 114688 131152 131264 147472 196736 212992
1 7 112 3584 16389 16396 16408 38912 40961 45056 49153 65616 65728 65920 66304 81936 114688 133632 165888 197120 229376
1 7 112 3584 16389 16396 16408 38912 40961 45056 49153 65616 65728 65920 81936 114688 131840 133632 165888 196864 229376
1 7 112 3584 16389 16396 16408 38912 40961 45056 49153 65616 65728 81936 114688 131456 131840 133632 165888 196736 229376
1 7 112 3584 16389 16396 16408 38912 40961 45056 49153 65920 66304 68096 100352 114688 131152 131264 147472 196736 212992
1 7 112 3584 16389 16396 16408 38912 40961 45056 49153 66304 68096 100352 114688 131152 131264 131456 147472 196864 212992
1 7 112 3584 16389 16396 16408 38912 40961 45056 49153 68096 100352 114688 131152 131264 131456 131840 147472 197120 212992
1 7 112 3584 16389 16396 16408 40961 45056 49153 65616 65728 65920 66304 81936 114688 133632 137216 167936 197120 229376
1 7 112 3584 16389 16396 16408 40961 45056 49153 65616 65728 65920 81936 114688 131840 133632 137216 167936 196864 229376
1 7 112 3584 16389 16396 16408 40961 45056 49153 66304 68096 71680 102400 114688 131152 131264 131456 147472 196864 212992
1 7 112 3584 16389 16396 16408 40961 45056 49153 68096 71680 102400 114688 131152 131264 131456 131840 147472 197120 212992
1 7 112 3584 16389 16396 24577 35328 38912 45056 57344 65728 65920 66304 98816 114688 131096 131152 147464 196672 212992
1 7 112 3584 16389 16396 24577 35328 38912 45056 57344 65728 65920 66304 98816 131096 131152 147464 180224 196672 229376
1 7 112 3584 16389 16396 35328 38912 40961 45056 49153 65560 65616 81928 114688 131264 131456 131840 164352 196672 229376
1 7 112 3584 16389 16396 35328 38912 40961 45056 49153 65728 65920 66304 98816 114688 131096 131152 147464 196672 212992
1 7 112 16389 16396 16408 24577 34304 35840 38912 45056 57344 65728 65920 66304 98816 114688 131152 147472 196672 212992
1 7 112 16389 16396 16408 24577 34304 35840 38912 45056 57344 65728 65920 66304 98816 131152 147472 180224 196672 229376
1 7 112 16389 16396 16408 24577 34304 35840 38912 45056 57344 65920 66304 98816 114688 131152 131264 147472 196736 212992
1 7 112 16389 16396 16408 24577 34304 35840 38912 45056 57344 65920 66304 98816 131152 131264 147472 180224 196736 229376
1 7 112 16389 16396 16408 24577 35840 38912 45056 57344 65920 66304 67072 99328 114688 131152 131264 147472 196736 212992
1 7 112 16389 16396 16408 24577 35840 38912 45056 57344 65920 66304 67072 99328 131152 131264 147472 180224 196736 229376
1 7 112 16389 16396 16408 24577 35840 38912 45056 57344 66304 67072 99328 114688 131152 131264 131456 147472 196864 212992
1 7 112 16389 16396 16408 24577 35840 38912 45056 57344 66304 67072 99328 131152 131264 131456 147472 180224 196864 229376
1 7 112 16389 16396 16408 24577 38912 45056 57344 66304 67072 68608 100352 114688 131152 131264 131456 147472 196864 212992
1 7 112 16389 16396 16408 24577 38912 45056 57344 66304 67072 68608 100352 131152 131264 131456 147472 180224 196864 229376
1 7 112 16389 16396 16408 34304 35840 38912 40961 45056 49153 65616 65728 81936 114688 131456 131840 164352 196736 229376
1 7 112 16389 16396 16408 34304 35840 38912 40961 45056 49153 65616 81936 114688 131264 131456 131840 164352 196672 229376
1 7 112 16389 16396 16408 34304 35840 38912 40961 45056 49153 65728 65920 66304 98816 114688 131152 147472 196672 212992
1 7 112 16389 16396 16408 34304 35840 38912 40961 45056 49153 65920 66304 98816 114688 131152 131264 147472 196736 212992
1 7 112 16389 16396 16408 35840 38912 40961 45056 49153 65616 65728 65920 81936 114688 131840 132608 164864 196864 229376
1 7 112 16389 16396 16408 35840 38912 40961 45056 49153 65616 65728 81936 114688 131456 131840 132608 164864 196736 229376
1 7 112 16389 16396 16408 35840 38912 40961 45056 49153 65616 81936 114688 131264 131456 131840 132608 164864 196672 229376
1 7 112 16389 16396 16408 35840 38912 40961 45056 49153 65728 65920 66304 67072 99328 114688 131152 147472 196672 212992
1 7 112 16389 16396 16408 35840 38912 40961 45056 49153 65920 66304 67072 99328 114688 131152 131264 147472 196736 212992
1 7 112 16389 16396 16408 35840 38912 40961 45056 49153 66304 67072 99328 114688 131152 131264 131456 147472 196864 212992
1 7 112 16389 16396 16408 38912 40961 45056 49153 65616 65728 65920 66304 81936 114688 132608 134144 165888 197120 229376
1 7 112 16389 16396 16408 38912 40961 45056 49153 65616 65728 65920 81936 114688 131840 132608 134144 165888 196864 229376
1 7 112 16389 16396 16408 38912 40961 45056 49153 65616 65728 81936 114688 131456 131840 132608 134144 165888 196736 229376
1 7 112 16389 16396 16408 38912 40961 45056 49153 65920 66304 67072 68608 100352 114688 131152 131264 147472 196736 212992
1 7 112 16389 16396 16408 38912 40961 45056 49153 66304 67072 68608 100352 114688 131152 131264 131456 147472 196864 212992
1 7 112 16389 16396 16408 38912 40961 45056 49153 67072 68608 100352 114688 131152 131264 131456 131840 147472 197120 212992
1 7 112 16389 16396 16408 40961 45056 49153 65616 65728 65920 66304 81936 114688 132608 134144 137216 167936 197120 229376
1 7 112 16389 16396 16408 40961 45056 49153 65616 65728 65920 81936 114688 131840 132608 134144 137216 167936 196864 229376
1 7 112 16389 16396 16408 40961 45056 49153 66304 67072 68608 71680 102400 114688 131152 131264 131456 147472 196864 212992
1 7 112 16389 16396 16408 40961 45056 49153 67072 68608 71680 102400 114688 131152 131264 131456 131840 147472 197120 212992
1 7 112 16389 16396 24577 28672 34304 35840 38912 53248 65560 65616 65728 81928 114688 131456 131840 164352 196736 229376
1 7 112 16389 16396 24577 28672 34304 35840 38912 53248 65560 65616 81928 114688 131264 131456 131840 164352 196672 229376
1 7 112 16389 16396 24577 28672 34304 35840 38912 53248 65728 65920 66304 98816 114688 131096 131152 147464 196672 212992
1 7 112 16389 16396 24577 28672 34304 35840 38912 53248 65920 66304 98816 114688 131096 131152 131264 147464 196736 212992
1 7 112 16389 16396 24577 34304 35840 38912 45056 57344 65728 65920 66304 98816 114688 131096 131152 147464 196672 212992
1 7 112 16389 16396 24577 34304 35840 38912 45056 57344 65728 65920 66304 98816 131096 131152 147464 180224 196672 229376
1 7 112 16389 16396 24577 35840 38912 45056 57344 65728 65920 66304 67072 99328 114688 131096 131152 147464 196672 212992
1 7 112 16389 16396 24577 35840 38912 45056 57344 65728 65920 66304 67072 99328 131096 131152 147464 180224 196672 229376
1 7 112 16389 16396 24577 35840 38912 45056 57344 65920 66304 67072 99328 114688 131096 131152 131264 147464 196736 212992
1 7 112 16389 16396 34304 35840 38912 40961 45056 49153 65560 65616 81928 114688 131264 131456 131840 164352 196672 229376
1 7 112 16389 16396 34304 35840 38912 40961 45056 49153 65728 65920 66304 98816 114688 131096 131152 147464 196672 212992
1 7 112 16389 16396 35840 38912 40961 45056 49153 65560 65616 81928 114688 131264 131456 131840 132608 164864 196672 229376
2 7 112 16389 24577 28672 33536 34304 35840 38912 53248 65548 65560 81924 114688 131152 131264 131456 164096 196624 229376
2 7 112 16389 24577 28672 33536 34304 35840 38912 53248 65616 65728 65920 98560 114688 131084 131096 147460 196624 212992
1 7 224 16389 16396 16408 16432 35840 38912 40961 45056 49153 65696 65920 66304 81952 114688 132608 164864 197120 229376
1 7 224 16389 16396 16408 16432 35840 38912 40961 45056 49153 65696 65920 81952 114688 131840 132608 164864 196864 229376
1 7 224 16389 16396 16408 16432 35840 38912 40961 45056 49153 65696 81952 114688 131456 131840 132608 164864 196736 229376
1 7 224 16389 16396 16408 16432 35840 38912 40961 45056 49153 65920 66304 67072 99328 114688 131232 147488 196736 212992
1 7 224 16389 16396 16408 16432 35840 38912 40961 45056 49153 66304 67072 99328 114688 131232 131456 147488 196864 212992
1 7 224 16389 16396 16408 16432 35840 38912 40961 45056 49153 67072 99328 114688 131232 131456 131840 147488 197120 212992
1 7 224 16389 16396 16408 16432 38912 40961 45056 49153 65696 65920 66304 81952 114688 132608 134144 165888 197120 229376
1 7 224 16389 16396 16408 16432 38912 40961 45056 49153 65696 65920 81952 114688 131840 132608 134144 165888 196864 229376
1 7 224 16389 16396 16408 16432 38912 40961 45056 49153 66304 67072 68608 100352 114688 131232 131456 147488 196864 212992
1 7 224 16389 16396 16408 16432 38912 40961 45056 49153 67072 68608 100352 114688 131232 131456 131840 147488 197120 212992
1 7 224 16389 16396 16408 16432 40961 45056 49153 65696 65920 66304 81952 114688 132608 134144 137216 167936 197120 229376
1 7 224 16389 16396 16408 16432 40961 45056 49153 67072 68608 71680 102400 114688 131232 131456 131840 147488 197120 212992
1 7 224 16389 16396 16408 24577 35840 38912 45056 57344 65920 66304 67072 99328 114688 131120 131232 147472 196736 212992
1 7 224 16389 16396 16408 24577 35840 38912 45056 57344 65920 66304 67072 99328 131120 131232 147472 180224 196736 229376
1 7 224 16389 16396 16408 24577 35840 38912 45056 57344 66304 67072 99328 114688 131120 131232 131456 147472 196864 212992
1 7 224 16389 16396 16408 24577 35840 38912 45056 57344 66304 67072 99328 131120 131232 131456 147472 180224 196864 229376
1 7 224 16389 16396 16408 35840 38912 40961 45056 49153 65584 65696 65920 81936 114688 131840 132608 164864 196864 229376
1 7 224 16389 16396 16408 35840 38912 40961 45056 49153 65584 65696 81936 114688 131456 131840 132608 164864 196736 229376
1 7 224 16389 16396 16408 35840 38912 40961 45056 49153 65920 66304 67072 99328 114688 131120 131232 147472 196736 212992
1 7 224 16389 16396 16408 35840 38912 40961 45056 49153 66304 67072 99328 114688 131120 131232 131456 147472 196864 212992
1 7 224 16389 16396 16408 38912 40961 45056 49153 65584 65696 65920 66304 81936 114688 132608 134144 165888 197120 229376
1 7 224 16389 16396 16408 38912 40961 45056 49153 65584 65696 65920 81936 114688 131840 132608 134144 165888 196864 229376
1 7 224 16389 16396 16408 38912 40961 45056 49153 65584 65696 81936 114688 131456 131840 132608 134144 165888 196736 229376
1 7 224 16389 16396 16408 38912 40961 45056 49153 65920 66304 67072 68608 100352 114688 131120 131232 147472 196736 212992
1 7 224 16389 16396 16408 38912 40961 45056 49153 66304 67072 68608 100352 114688 131120 131232 131456 147472 196864 212992
1 7 224 16389 16396 16408 38912 40961 45056 49153 67072 68608 100352 114688 131120 131232 131456 131840 147472 197120 212992
1 7 224 16389 16396 16408 40961 45056 49153 65584 65696 65920 66304 81936 114688 132608 134144 137216 167936 197120 229376
1 7 224 16389 16396 16408 40961 45056 49153 67072 68608 71680 102400 114688 131120 131232 131456 131840 147472 197120 212992
1 7 224 16389 16396 24577 34304 35840 38912 45056 57344 65696 65920 66304 98816 114688 131096 131120 147464 196640 212992
1 7 224 16389 16396 24577 34304 35840 38912 45056 57344 65696 65920 66304 98816 131096 131120 147464 180224 196640 229376
1 7 224 16389 16396 34304 35840 38912 40961 45056 49153 65560 65584 81928 114688 131232 131456 131840 164352 196640 229376
1 7 224 16389 16396 34304 35840 38912 40961 45056 49153 65696 65920 66304 98816 114688 131096 131120 147464 196640 212992
1 7 224 16389 16396 35840 38912 40961 45056 49153 65560 65584 81928 114688 131232 131456 131840 132608 164864 196640 229376
1 7 224 16389 16396 35840 38912 40961 45056 49153 65696 65920 66304 67072 99328 114688 131096 131120 147464 196640 212992
1 7 224 16389 22528 24577 28672 33152 33536 34304 35840 51200 65696 98432 114688 131084 131096 131120 147460 196640 212992
1 7 224 16389 22528 24577 28672 33152 33536 34304 35840 51200 65696 98432 131084 131096 131120 147460 180224 196640 229376
1 7 224 16389 22528 24577 28672 33536 34304 35840 51200 65696 65920 98560 114688 131084 131096 131120 147460 196640 212992
1 7 224 16389 22528 24577 28672 33536 34304 35840 51200 65696 65920 98560 131084 131096 131120 147460 180224 196640 229376
1 7 224 16389 24577 28672 33152 33536 34304 35840 38912 53248 65548 65560 65584 81924 114688 131232 163968 196640 229376
1 7 224 16389 24577 28672 33152 33536 34304 35840 38912 53248 65696 98432 114688 131084 131096 131120 147460 196640 212992
1 7 224 16389 24577 28672 33536 34304 35840 38912 53248 65548 65560 65584 81924 114688 131232 131456 164096 196640 229376
1 7 224 16389 24577 28672 33536 34304 35840 38912 53248 65696 65920 98560 114688 131084 131096 131120 147460 196640 212992
2 7 224 16389 24577 28672 34304 35840 38912 53248 65548 65560 65584 81924 114688 131232 131456 131840 164352 196640 229376
2 7 224 16389 24577 28672 34304 35840 38912 53248 65696 65920 66304 98816 114688 131084 131096 131120 147460 196640 212992
1 7 448 16389 16396 16408 16432 38912 40961 45056 49153 65632 65856 66304 81952 114688 132608 134144 165888 197120 229376
1 7 448 16389 16396 16408 16432 38912 40961 45056 49153 65632 65856 81952 114688 131840 132608 134144 165888 196864 229376
1 7 448 16389 16396 16408 16432 38912 40961 45056 49153 66304 67072 68608 100352 114688 131168 131392 147488 196864 212992
1 7 448 16389 16396 16408 16432 38912 40961 45056 49153 67072 68608 100352 114688 131168 131392 131840 147488 197120 212992
1 7 448 16389 16396 16408 24577 35840 38912 45056 57344 66304 67072 99328 114688 131120 131168 131392 147472 196864 212992
1 7 448 16389 16396 16408 24577 35840 38912 45056 57344 66304 67072 99328 131120 131168 131392 147472 180224 196864 229376
1 7 448 16389 16396 16408 24577 38912 45056 57344 66304 67072 68608 100352 114688 131120 131168 131392 147472 196864 212992
1 7 448 16389 16396 16408 24577 38912 45056 57344 66304 67072 68608 100352 131120 131168 131392 147472 180224 196864 229376
1 7 448 16389 16396 16408 35840 38912 40961 45056 49153 65584 65632 65856 81936 114688 131840 132608 164864 196864 229376
1 7 448 16389 16396 16408 35840 38912 40961 45056 49153 65584 65632 81936 114688 131392 131840 132608 164864 196672 229376
1 7 448 16389 16396 16408 35840 38912 40961 45056 49153 65856 66304 67072 99328 114688 131120 131168 147472 196672 212992
1 7 448 16389 16396 16408 35840 38912 40961 45056 49153 66304 67072 99328 114688 131120 131168 131392 147472 196864 212992
1 7 448 16389 16396 16408 38912 40961 45056 49153 65584 65632 65856 81936 114688 131840 132608 134144 165888 196864 229376
1 7 448 16389 16396 24577 28672 33536 34304 35840 38912 53248 65560 65584 65632 81928 114688 131392 164096 196672 229376
1 7 448 16389 16396 24577 28672 33536 34304 35840 38912 53248 65560 65584 81928 114688 131168 131392 164096 196640 229376
1 7 448 16389 16396 24577 28672 33536 34304 35840 38912 53248 65632 65856 98560 114688 131096 131120 147464 196640 212992
1 7 448 16389 16396 24577 28672 33536 34304 35840 38912 53248 65856 98560 114688 131096 131120 131168 147464 196672 212992
1 7 448 16389 16396 24577 28672 34304 35840 38912 53248 65560 65584 65632 81928 114688 131392 131840 164352 196672 229376
1 7 448 16389 16396 24577 28672 34304 35840 38912 53248 65856 66304 98816 114688 131096 131120 131168 147464 196672 212992
1 7 448 16389 16396 24577 33536 34304 35840 38912 45056 57344 65632 65856 98560 114688 131096 131120 147464 196640 212992
1 7 448 16389 16396 24577 33536 34304 35840 38912 45056 57344 65632 65856 98560 131096 131120 147464 180224 196640 229376
2 7 448 16389 16396 24577 34304 35840 38912 45056 57344 65632 65856 66304 98816 114688 131096 131120 147464 196640 212992
2 7 448 16389 16396 24577 34304 35840 38912 45056 57344 65632 65856 66304 98816 131096 131120 147464 180224 196640 229376
1 7 448 16389 16396 24577 34304 35840 38912 45056 57344 65856 66304 98816 114688 131096 131120 131168 147464 196672 212992
1 7 448 16389 16396 24577 34304 35840 38912 45056 57344 65856 66304 98816 131096 131120 131168 147464 180224 196672 229376
1 7 448 16389 16396 24577 35840 38912 45056 57344 65856 66304 67072 99328 114688 131096 131120 131168 147464 196672 212992
1 7 448 16389 16396 24577 35840 38912 45056 57344 65856 66304 67072 99328 131096 131120 131168 147464 180224 196672 229376
1 7 448 16389 16396 34304 35840 38912 40961 45056 49153 65560 65584 65632 81928 114688 131392 131840 164352 196672 229376
1 7 448 16389 16396 34304 35840 38912 40961 45056 49153 65856 66304 98816 114688 131096 131120 131168 147464 196672 212992
1 7 448 16389 16396 35840 38912 40961 45056 49153 65560 65584 65632 81928 114688 131392 131840 132608 164864 196672 229376
1 7 448 16389 16396 35840 38912 40961 45056 49153 65856 66304 67072 99328 114688 131096 131120 131168 147464 196672 212992
1 7 448 16389 16396 38912 40961 45056 49153 65560 65584 65632 81928 114688 131392 131840 132608 134144 165888 196672 229376
1 7 448 16389 16396 38912 40961 45056 49153 65856 66304 67072 68608 100352 114688 131096 131120 131168 147464 196672 212992
1 7 448 16389 22528 24577 28672 33536 34304 35840 51200 65856 98560 114688 131084 131096 131120 131168 147460 196672 212992
1 7 448 16389 22528 24577 28672 33536 34304 35840 51200 65856 98560 131084 131096 131120 131168 147460 180224 196672 229376
1 7 448 16389 22528 24577 28672 34304 35840 51200 65856 66304 98816 114688 131084 131096 131120 131168 147460 196672 212992
1 7 448 16389 22528 24577 28672 34304 35840 51200 65856 66304 98816 131084 131096 131120 131168 147460 180224 196672 229376
1 7 448 16389 24577 28672 33536 34304 35840 38912 53248 65548 65560 65584 65632 81924 114688 131392 164096 196672 229376
1 7 448 16389 24577 28672 33536 34304 35840 38912 53248 65856 98560 114688 131084 131096 131120 131168 147460 196672 212992
1 7 448 16389 24577 28672 34304 35840 38912 53248 65548 65560 65584 65632 81924 114688 131392 131840 164352 196672 229376
1 7 448 16389 24577 28672 34304 35840 38912 53248 65856 66304 98816 114688 131084 131096 131120 131168 147460 196672 212992
2 7 448 16389 24577 28672 35840 38912 53248 65548 65560 65584 65632 81924 114688 131392 131840 132608 164864 196672 229376
2 7 448 16389 24577 28672 35840 38912 53248 65856 66304 67072 99328 114688 131084 131096 131120 131168 147460 196672 212992
2 7 448 16389 24577 34304 35840 38912 45056 57344 65856 66304 98816 114688 131084 131096 131120 131168 147460 196672 212992
2 7 448 16389 24577 34304 35840 38912 45056 57344 65856 66304 98816 131084 131096 131120 131168 147460 180224 196672 229376
1 7 896 16389 16396 16408 16432 38912 40961 45056 49153 65632 65728 66176 81952 114688 132608 134144 165888 197120 229376
1 7 896 16389 16396 16408 16432 38912 40961 45056 49153 67072 68608 100352 114688 131168 131264 131712 147488 197120 212992
1 7 896 16389 16396 16408 16432 40961 45056 49153 65632 65728 66176 81952 114688 132608 134144 137216 167936 197120 229376
1 7 896 16389 16396 16408 16432 40961 45056 49153 67072 68608 71680 102400 114688 131168 131264 131712 147488 197120 212992
1 7 896 16389 16396 16408 24577 34304 35840 38912 45056 57344 65728 66176 98816 114688 131120 131168 147472 196672 212992
1 7 896 16389 16396 16408 24577 34304 35840 38912 45056 57344 65728 66176 98816 131120 131168 147472 180224 196672 229376
1 7 896 16389 16396 16408 24577 34304 35840 38912 45056 57344 66176 98816 114688 131120 131168 131264 147472 196736 212992
1 7 896 16389 16396 16408 24577 34304 35840 38912 45056 57344 66176 98816 131120 131168 131264 147472 180224 196736 229376
1 7 896 16389 16396 16408 24577 35840 38912 45056 57344 66176 67072 99328 114688 131120 131168 131264 147472 196736 212992
1 7 896 16389 16396 16408 24577 35840 38912 45056 57344 66176 67072 99328 131120 131168 131264 147472 180224 196736 229376
1 7 896 16389 16396 16408 34304 35840 38912 40961 45056 49153 65584 65632 65728 81936 114688 131712 164352 196736 229376
1 7 896 16389 16396 16408 34304 35840 38912 40961 45056 49153 65584 65632 81936 114688 131264 131712 164352 196672 229376
2 7 896 16389 16396 16408 34304 35840 38912 40961 45056 49153 65584 81936 114688 131168 131264 131712 164352 196640 229376
2 7 896 16389 16396 16408 34304 35840 38912 40961 45056 49153 65632 65728 66176 98816 114688 131120 147472 196640 212992
1 7 896 16389 16396 16408 34304 35840 38912 40961 45056 49153 65728 66176 98816 114688 131120 131168 147472 196672 212992
1 7 896 16389 16396 16408 34304 35840 38912 40961 45056 49153 66176 98816 114688 131120 131168 131264 147472 196736 212992
1 7 896 16389 16396 16408 35840 38912 40961 45056 49153 65584 65632 65728 81936 114688 131712 132608 164864 196736 229376
1 7 896 16389 16396 16408 35840 38912 40961 45056 49153 65584 65632 81936 114688 131264 131712 132608 164864 196672 229376
1 7 896 16389 16396 16408 35840 38912 40961 45056 49153 65728 66176 67072 99328 114688 131120 131168 147472 196672 212992
1 7 896 16389 16396 16408 35840 38912 40961 45056 49153 66176 67072 99328 114688 131120 131168 131264 147472 196736 212992
2 7 896 16389 16396 16408 38912 40961 45056 49153 65584 65632 65728 81936 114688 131712 132608 134144 165888 196736 229376
2 7 896 16389 16396 16408 38912 40961 45056 49153 66176 67072 68608 100352 114688 131120 131168 131264 147472 196736 212992
1 7 896 16389 16396 24577 34304 35840 38912 45056 57344 65728 66176 98816 114688 131096 131120 131168 147464 196672 212992
1 7 896 16389 16396 24577 34304 35840 38912 45056 57344 65728 66176 98816 131096 131120 131168 147464 180224 196672 229376
4 7 896 16389 16396 24577 35840 38912 45056 57344 65728 66176 67072 99328 114688 131096 131120 131168 147464 196672 212992
4 7 896 16389 16396 24577 35840 38912 45056 57344 65728 66176 67072 99328 131096 131120 131168 147464 180224 196672 229376
2 7 896 16389 16396 34304 35840 38912 40961 45056 49153 65560 65584 65632 81928 114688 131264 131712 164352 196672 229376
2 7 896 16389 16396 34304 35840 38912 40961 45056 49153 65728 66176 98816 114688 131096 131120 131168 147464 196672 212992
2 7 896 16389 16396 35840 38912 40961 45056 49153 65560 65584 65632 65728 81928 114688 131712 132608 164864 196736 229376
2 7 896 16389 16396 35840 38912 40961 45056 49153 66176 67072 99328 114688 131096 131120 131168 131264 147464 196736 212992
1 7 16389 16396 16408 16432 35840 38912 40961 45056 49153 65632 65728 65920 66304 81952 114688 132608 164864 197120 229376
1 7 16389 16396 16408 16432 35840 38912 40961 45056 49153 65632 65728 65920 81952 114688 131840 132608 164864 196864 229376
1 7 16389 16396 16408 16432 35840 38912 40961 45056 49153 65632 65728 81952 114688 131456 131840 132608 164864 196736 229376
1 7 16389 16396 16408 16432 35840 38912 40961 45056 49153 65920 66304 67072 99328 114688 131168 131264 147488 196736 212992
1 7 16389 16396 16408 16432 35840 38912 40961 45056 49153 66304 67072 99328 114688 131168 131264 131456 147488 196864 212992
1 7 16389 16396 16408 16432 35840 38912 40961 45056 49153 67072 99328 114688 131168 131264 131456 131840 147488 197120 212992
1 7 16389 16396 16408 16432 38912 40961 45056 49153 65632 65728 65920 66304 81952 114688 132608 134144 165888 197120 229376
1 7 16389 16396 16408 16432 38912 40961 45056 49153 65632 65728 65920 81952 114688 131840 132608 134144 165888 196864 229376
1 7 16389 16396 16408 16432 38912 40961 45056 49153 66304 67072 68608 100352 114688 131168 131264 131456 147488 196864 212992
1 7 16389 16396 16408 16432 38912 40961 45056 49153 67072 68608 100352 114688 131168 131264 131456 131840 147488 197120 212992
1 7 16389 16396 16408 16432 40961 45056 49153 65632 65728 65920 66304 81952 114688 132608 134144 137216 167936 197120 229376
1 7 16389 16396 16408 16432 40961 45056 49153 67072 68608 71680 102400 114688 131168 131264 131456 131840 147488 197120 212992
1 7 16389 16396 16408 24577 34304 35840 38912 45056 57344 65728 65920 66304 98816 114688 131120 131168 147472 196672 212992
1 7 16389 16396 16408 24577 34304 35840 38912 45056 57344 65728 65920 66304 98816 131120 131168 147472 180224 196672 229376
1 7 16389 16396 16408 24577 34304 35840 38912 45056 57344 65920 66304 98816 114688 131120 131168 131264 147472 196736 212992
1 7 16389 16396 16408 24577 34304 35840 38912 45056 57344 65920 66304 98816 131120 131168 131264 147472 180224 196736 229376
1 7 16389 16396 16408 24577 35840 38912 45056 57344 65920 66304 67072 99328 114688 131120 131168 131264 147472 196736 212992
1 7 16389 16396 16408 24577 35840 38912 45056 57344 65920 66304 67072 99328 131120 131168 131264 147472 180224 196736 229376
1 7 16389 16396 16408 24577 35840 38912 45056 57344 66304 67072 99328 114688 131120 131168 131264 131456 147472 196864 212992
1 7 16389 16396 16408 24577 35840 38912 45056 57344 66304 67072 99328 131120 131168 131264 131456 147472 180224 196864 229376
1 7 16389 16396 16408 24577 38912 45056 57344 66304 67072 68608 100352 114688 131120 131168 131264 131456 147472 196864 212992
1 7 16389 16396 16408 24577 38912 45056 57344 66304 67072 68608 100352 131120 131168 131264 131456 147472 180224 196864 229376
1 7 16389 16396 16408 34304 35840 38912 40961 45056 49153 65584 65632 65728 81936 114688 131456 131840 164352 196736 229376
1 7 16389 16396 16408 34304 35840 38912 40961 45056 49153 65584 65632 81936 114688 131264 131456 131840 164352 196672 229376
1 7 16389 16396 16408 34304 35840 38912 40961 45056 49153 65584 81936 114688 131168 131264 131456 131840 164352 196640 229376
1 7 16389 16396 16408 34304 35840 38912 40961 45056 49153 65632 65728 65920 66304 98816 114688 131120 147472 196640 212992
1 7 16389 16396 16408 34304 35840 38912 40961 45056 49153 65728 65920 66304 98816 114688 131120 131168 147472 196672 212992
1 7 16389 16396 16408 34304 35840 38912 40961 45056 49153 65920 66304 98816 114688 131120 131168 131264 147472 196736 212992
1 7 16389 16396 16408 35840 38912 40961 45056 49153 65584 65632 65728 65920 81936 114688 131840 132608 164864 196864 229376
1 7 16389 16396 16408 35840 38912 40961 45056 49153 65584 65632 65728 81936 114688 131456 131840 132608 164864 196736 229376
1 7 16389 16396 16408 35840 38912 40961 45056 49153 65584 65632 81936 114688 131264 131456 131840 132608 164864 196672 229376
1 7 16389 16396 16408 35840 38912 40961 45056 49153 65728 65920 66304 67072 99328 114688 131120 131168 147472 196672 212992
1 7 16389 16396 16408 35840 38912 40961 45056 49153 65920 66304 67072 99328 114688 131120 131168 131264 147472 196736 212992
1 7 16389 16396 16408 35840 38912 40961 45056 49153 66304 67072 99328 114688 131120 131168 131264 131456 147472 196864 212992
1 7 16389 16396 16408 38912 40961 45056 49153 65584 65632 65728 65920 66304 81936 114688 132608 134144 165888 197120 229376
1 7 16389 16396 16408 38912 40961 45056 49153 65584 65632 65728 65920 81936 114688 131840 132608 134144 165888 196864 229376
1 7 16389 16396 16408 38912 40961 45056 49153 65584 65632 65728 81936 114688 131456 131840 132608 134144 165888 196736 229376
1 7 16389 16396 16408 38912 40961 45056 49153 65920 66304 67072 68608 100352 114688 131120 131168 131264 147472 196736 212992
1 7 16389 16396 16408 38912 40961 45056 49153 66304 67072 68608 100352 114688 131120 131168 131264 131456 147472 196864 212992
1 7 16389 16396 16408 38912 40961 45056 49153 67072 68608 100352 114688 131120 131168 131264 131456 131840 147472 197120 212992
1 7 16389 16396 16408 40961 45056 49153 65584 65632 65728 65920 66304 81936 114688 132608 134144 137216 167936 197120 229376
1 7 16389 16396 16408 40961 45056 49153 65584 65632 65728 65920 81936 114688 131840 132608 134144 137216 167936 196864 229376
1 7 16389 16396 16408 40961 45056 49153 66304 67072 68608 71680 102400 114688 131120 131168 131264 131456 147472 196864 212992
1 7 16389 16396 16408 40961 45056 49153 67072 68608 71680 102400 114688 131120 131168 131264 131456 131840 147472 197120 212992
1 7 16389 16396 24577 33536 34304 35840 38912 45056 57344 65632 65728 65920 98560 114688 131096 131120 147464 196640 212992
1 7 16389 16396 24577 33536 34304 35840 38912 45056 57344 65632 65728 65920 98560 131096 131120 147464 180224 196640 229376
1 7 16389 16396 24577 34304 35840 38912 45056 57344 65632 65728 65920 66304 98816 114688 131096 131120 147464 196640 212992
1 7 16389 16396 24577 34304 35840 38912 45056 57344 65632 65728 65920 66304 98816 131096 131120 147464 180224 196640 229376
1 7 16389 16396 24577 34304 35840 38912 45056 57344 65728 65920 66304 98816 114688 131096 131120 131168 147464 196672 212992
1 7 16389 16396 24577 34304 35840 38912 45056 57344 65728 65920 66304 98816 131096 131120 131168 147464 180224 196672 229376
2 7 16389 16396 24577 35840 38912 45056 57344 65728 65920 66304 67072 99328 114688 131096 131120 131168 147464 196672 212992
2 7 16389 16396 24577 35840 38912 45056 57344 65728 65920 66304 67072 99328 131096 131120 131168 147464 180224 196672 229376
1 7 16389 16396 34304 35840 38912 40961 45056 49153 65560 65584 65632 81928 114688 131264 131456 131840 164352 196672 229376
1 7 16389 16396 34304 35840 38912 40961 45056 49153 65560 65584 81928 114688 131168 131264 131456 131840 164352 196640 229376
1 7 16389 16396 34304 35840 38912 40961 45056 49153 65632 65728 65920 66304 98816 114688 131096 131120 147464 196640 212992
1 7 16389 16396 34304 35840 38912 40961 45056 49153 65728 65920 66304 98816 114688 131096 131120 131168 147464 196672 212992
1 7 16389 16396 35840 38912 40961 45056 49153 65560 65584 65632 65728 81928 114688 131456 131840 132608 164864 196736 229376
1 7 16389 16396 35840 38912 40961 45056 49153 65560 65584 65632 81928 114688 131264 131456 131840 132608 164864 196672 229376
1 7 16389 16396 35840 38912 40961 45056 49153 65560 65584 81928 114688 131168 131264 131456 131840 132608 164864 196640 229376
1 7 16389 16396 35840 38912 40961 45056 49153 65632 65728 65920 66304 67072 99328 114688 131096 131120 147464 196640 212992
1 7 16389 16396 35840 38912 40961 45056 49153 65728 65920 66304 67072 99328 114688 131096 131120 131168 147464 196672 212992
1 7 16389 16396 35840 38912 40961 45056 49153 65920 66304 67072 99328 114688 131096 131120 131168 131264 147464 196736 212992
1 7 16389 16396 38912 40961 45056 49153 65560 65584 65632 65728 65920 81928 114688 131840 132608 134144 165888 196864 229376
1 7 16389 16396 38912 40961 45056 49153 65560 65584 65632 65728 81928 114688 131456 131840 132608 134144 165888 196736 229376
1 7 16389 16396 38912 40961 45056 49153 65560 65584 65632 81928 114688 131264 131456 131840 132608 134144 165888 196672 229376
1 7 16389 16396 38912 40961 45056 49153 65728 65920 66304 67072 68608 100352 114688 131096 131120 131168 147464 196672 212992
1 7 16389 16396 38912 40961 45056 49153 65920 66304 67072 68608 100352 114688 131096 131120 131168 131264 147464 196736 212992
1 7 16389 16396 38912 40961 45056 49153 66304 67072 68608 100352 114688 131096 131120 131168 131264 131456 147464 196864 212992
1 7 16389 34304 35840 38912 40961 45056 49153 65548 65560 65584 81924 114688 131168 131264 131456 131840 164352 196640 229376
1 7 16389 34304 35840 38912 40961 45056 49153 65632 65728 65920 66304 98816 114688 131084 131096 131120 147460 196640 212992
2 7 16389 35840 38912 40961 45056 49153 65548 65560 65584 65632 81924 114688 131264 131456 131840 132608 164864 196672 229376
1 7 16389 35840 38912 40961 45056 49153 65548 65560 65584 81924 114688 131168 131264 131456 131840 132608 164864 196640 229376
1 7 16389 35840 38912 40961 45056 49153 65632 65728 65920 66304 67072 99328 114688 131084 131096 131120 147460 196640 212992
2 7 16389 35840 38912 40961 45056 49153 65728 65920 66304 67072 99328 114688 131084 131096 131120 131168 147460 196672 212992
1 16387 16390 16396 16408 16432 32864 32960 33152 33536 49184 67072 68608 71680 98816 114688 139265 143360 147457 200704 212992
1 16387 16390 16396 16408 16432 32864 32960 33152 33536 49184 67072 68608 98816 114688 137216 139265 143360 147457 198656 212992
2 16387 16390 16396 16408 16432 32864 32960 33152 33536 49184 67072 98816 114688 134144 137216 139265 143360 147457 197632 212992
2 16387 16390 16396 16408 16432 32864 32960 33152 33536 49184 68608 71680 73729 77824 81921 114688 132608 164352 197632 229376
1 16387 16390 16396 16408 16432 32864 32960 33152 33536 49184 71680 73729 77824 81921 114688 132608 134144 164352 198656 229376
1 16387 16390 16396 16408 16432 32864 32960 33152 33536 49184 73729 77824 81921 114688 132608 134144 137216 164352 200704 229376
2 16387 16390 16396 16408 16432 32864 32960 33152 49184 66304 67072 68608 98560 114688 137216 139265 143360 147457 198656 212992
2 16387 16390 16396 16408 16432 32864 32960 33152 49184 71680 73729 77824 81921 114688 131840 132608 134144 164096 198656 229376
2 16387 16390 16396 16408 32816 32864 32960 33152 49168 66304 67072 68608 71680 98560 114688 139265 143360 147457 200704 212992
2 16387 16390 16396 16408 32816 32864 32960 33152 49168 66304 67072 68608 71680 98560 139265 143360 147457 180224 200704 229376
1 16387 16390 16396 16408 32816 32864 32960 33152 49168 66304 67072 68608 98560 114688 137216 139265 143360 147457 198656 212992
4 16387 16390 16396 16408 32816 32864 32960 49168 65920 66304 67072 68608 98432 114688 137216 139265 143360 147457 198656 212992
4 16387 16390 16396 16408 32816 32864 32960 49168 65920 66304 67072 68608 98432 137216 139265 143360 147457 180224 198656 229376
