processed 0 states 9 /~ 29960879 sec 6.5334e-05
processed 10000 states 37235 /~ 29960879 sec 0.0795567
processed 20000 states 70114 /~ 29960879 sec 0.143352
processed 30000 states 101135 /~ 29960879 sec 0.209859
processed 40000 states 130803 /~ 29960879 sec 0.273381
processed 50000 states 161813 /~ 29960879 sec 0.338289
processed 60000 states 191440 /~ 29960879 sec 0.408002
processed 70000 states 221676 /~ 29960879 sec 0.480839
processed 80000 states 249455 /~ 29960879 sec 0.551827
processed 90000 states 274005 /~ 29960879 sec 0.621644
processed 100000 states 306985 /~ 29960879 sec 0.693884
processed 110000 states 335136 /~ 29960879 sec 0.762001
processed 120000 states 362133 /~ 29960879 sec 0.82506
processed 130000 states 386179 /~ 29960879 sec 0.885217
processed 140000 states 412958 /~ 29960879 sec 0.948199
processed 150000 states 441393 /~ 29960879 sec 1.01108
processed 160000 states 470299 /~ 29960879 sec 1.07699
processed 170000 states 496184 /~ 29960879 sec 1.1444
processed 180000 states 521377 /~ 29960879 sec 1.21003
processed 190000 states 551055 /~ 29960879 sec 1.27764
processed 200000 states 579114 /~ 29960879 sec 1.34614
processed 210000 states 603856 /~ 29960879 sec 1.41246
processed 220000 states 633930 /~ 29960879 sec 1.48
processed 230000 states 660692 /~ 29960879 sec 1.54747
processed 240000 states 686284 /~ 29960879 sec 1.62077
processed 250000 states 709983 /~ 29960879 sec 1.68885
processed 260000 states 733167 /~ 29960879 sec 1.758
processed 270000 states 755146 /~ 29960879 sec 1.82605
processed 280000 states 783236 /~ 29960879 sec 1.90355
processed 290000 states 813656 /~ 29960879 sec 1.9804
processed 300000 states 842325 /~ 29960879 sec 2.05411
processed 310000 states 866382 /~ 29960879 sec 2.11984
processed 320000 states 894559 /~ 29960879 sec 2.19175
processed 330000 states 918148 /~ 29960879 sec 2.25622
processed 340000 states 940343 /~ 29960879 sec 2.32048
processed 350000 states 963692 /~ 29960879 sec 2.38432
processed 360000 states 989454 /~ 29960879 sec 2.50802
processed 370000 states 1012549 /~ 29960879 sec 2.57956
processed 380000 states 1033421 /~ 29960879 sec 2.64101
processed 390000 states 1054160 /~ 29960879 sec 2.70272
processed 400000 states 1080366 /~ 29960879 sec 2.76818
processed 410000 states 1104811 /~ 29960879 sec 2.83393
processed 420000 states 1127833 /~ 29960879 sec 2.89674
processed 430000 states 1154115 /~ 29960879 sec 2.96345
processed 440000 states 1179453 /~ 29960879 sec 3.03522
processed 450000 states 1201866 /~ 29960879 sec 3.10671
processed 460000 states 1229381 /~ 29960879 sec 3.18063
processed 470000 states 1254977 /~ 29960879 sec 3.25428
processed 480000 states 1278652 /~ 29960879 sec 3.33266
processed 490000 states 1300489 /~ 29960879 sec 3.40325
processed 500000 states 1322880 /~ 29960879 sec 3.47973
processed 510000 states 1342610 /~ 29960879 sec 3.54862
processed 520000 states 1365338 /~ 29960879 sec 3.61258
processed 530000 states 1392714 /~ 29960879 sec 3.68421
processed 540000 states 1415249 /~ 29960879 sec 3.84447
processed 550000 states 1442942 /~ 29960879 sec 3.98307
processed 560000 states 1469735 /~ 29960879 sec 4.07229
processed 570000 states 1495440 /~ 29960879 sec 4.1564
processed 580000 states 1518637 /~ 29960879 sec 4.22854
processed 590000 states 1540922 /~ 29960879 sec 4.30397
processed 600000 states 1562928 /~ 29960879 sec 4.39974
processed 610000 states 1585769 /~ 29960879 sec 4.47253
processed 620000 states 1614580 /~ 29960879 sec 4.54874
processed 630000 states 1642094 /~ 29960879 sec 4.61901
processed 640000 states 1668352 /~ 29960879 sec 4.69818
processed 650000 states 1692852 /~ 29960879 sec 4.77663
processed 660000 states 1716354 /~ 29960879 sec 4.8571
processed 670000 states 1740856 /~ 29960879 sec 4.97162
processed 680000 states 1763312 /~ 29960879 sec 5.06611
processed 690000 states 1783099 /~ 29960879 sec 5.14435
processed 700000 states 1804540 /~ 29960879 sec 5.22901
processed 710000 states 1826363 /~ 29960879 sec 5.30321
processed 720000 states 1847067 /~ 29960879 sec 5.3865
processed 730000 states 1866966 /~ 29960879 sec 5.46679
processed 740000 states 1888736 /~ 29960879 sec 5.54909
processed 750000 states 1908282 /~ 29960879 sec 5.62023
processed 760000 states 1927418 /~ 29960879 sec 5.68472
processed 770000 states 1950968 /~ 29960879 sec 5.75614
processed 780000 states 1982694 /~ 29960879 sec 5.84112
processed 790000 states 2010880 /~ 29960879 sec 5.92162
processed 800000 states 2037114 /~ 29960879 sec 5.99583
processed 810000 states 2058924 /~ 29960879 sec 6.06689
processed 820000 states 2086567 /~ 29960879 sec 6.14395
processed 830000 states 2111041 /~ 29960879 sec 6.21703
processed 840000 states 2132786 /~ 29960879 sec 6.28465
processed 850000 states 2154204 /~ 29960879 sec 6.35359
processed 860000 states 2174884 /~ 29960879 sec 6.41803
processed 870000 states 2199029 /~ 29960879 sec 6.48906
processed 880000 states 2223629 /~ 29960879 sec 6.5636
processed 890000 states 2244402 /~ 29960879 sec 6.63294
processed 900000 states 2265128 /~ 29960879 sec 6.7022
processed 910000 states 2284770 /~ 29960879 sec 6.76592
processed 920000 states 2303546 /~ 29960879 sec 6.82975
processed 930000 states 2323031 /~ 29960879 sec 6.89425
processed 940000 states 2342412 /~ 29960879 sec 6.95761
processed 950000 states 2359713 /~ 29960879 sec 7.0174
processed 960000 states 2382455 /~ 29960879 sec 7.08376
processed 970000 states 2406825 /~ 29960879 sec 7.15643
processed 980000 states 2428965 /~ 29960879 sec 7.22701
processed 990000 states 2449180 /~ 29960879 sec 7.29163
processed 1000000 states 2468578 /~ 29960879 sec 7.35629
processed 1010000 states 2488120 /~ 29960879 sec 7.42254
processed 1020000 states 2506244 /~ 29960879 sec 7.48491
processed 1030000 states 2524202 /~ 29960879 sec 7.54566
processed 1040000 states 2542272 /~ 29960879 sec 7.60624
processed 1050000 states 2560970 /~ 29960879 sec 7.66921
processed 1060000 states 2577806 /~ 29960879 sec 7.72804
processed 1070000 states 2603241 /~ 29960879 sec 7.79848
processed 1080000 states 2626961 /~ 29960879 sec 7.87014
processed 1090000 states 2648445 /~ 29960879 sec 7.93908
processed 1100000 states 2666710 /~ 29960879 sec 8.00504
processed 1110000 states 2685532 /~ 29960879 sec 8.06897
processed 1120000 states 2705506 /~ 29960879 sec 8.13531
processed 1130000 states 2721768 /~ 29960879 sec 8.19605
processed 1140000 states 2743194 /~ 29960879 sec 8.25891
processed 1150000 states 2767929 /~ 29960879 sec 8.33355
processed 1160000 states 2790122 /~ 29960879 sec 8.40128
processed 1170000 states 2810979 /~ 29960879 sec 8.46653
processed 1180000 states 2832136 /~ 29960879 sec 8.53732
processed 1190000 states 2851855 /~ 29960879 sec 8.60965
processed 1200000 states 2869860 /~ 29960879 sec 8.67491
processed 1210000 states 2890757 /~ 29960879 sec 8.74184
processed 1220000 states 2917302 /~ 29960879 sec 8.81449
processed 1230000 states 2941869 /~ 29960879 sec 8.88705
processed 1240000 states 2964881 /~ 29960879 sec 8.95961
processed 1250000 states 2986821 /~ 29960879 sec 9.02992
processed 1260000 states 3008858 /~ 29960879 sec 9.10125
processed 1270000 states 3029006 /~ 29960879 sec 9.18072
processed 1280000 states 3046892 /~ 29960879 sec 9.24816
processed 1290000 states 3064226 /~ 29960879 sec 9.31795
processed 1300000 states 3084063 /~ 29960879 sec 9.38419
processed 1310000 states 3102457 /~ 29960879 sec 9.45484
processed 1320000 states 3122649 /~ 29960879 sec 9.53087
processed 1330000 states 3139663 /~ 29960879 sec 9.60327
processed 1340000 states 3155876 /~ 29960879 sec 9.66875
processed 1350000 states 3173599 /~ 29960879 sec 9.7369
processed 1360000 states 3193268 /~ 29960879 sec 9.80173
processed 1370000 states 3216911 /~ 29960879 sec 9.87228
processed 1380000 states 3238775 /~ 29960879 sec 9.94249
processed 1390000 states 3260133 /~ 29960879 sec 10.0104
processed 1400000 states 3278835 /~ 29960879 sec 10.0735
processed 1410000 states 3298972 /~ 29960879 sec 10.1388
processed 1420000 states 3317356 /~ 29960879 sec 10.2001
processed 1430000 states 3341463 /~ 29960879 sec 10.2718
processed 1440000 states 3367249 /~ 29960879 sec 10.3409
processed 1450000 states 3391718 /~ 29960879 sec 10.4163
processed 1460000 states 3413797 /~ 29960879 sec 10.489
processed 1470000 states 3437829 /~ 29960879 sec 10.5574
processed 1480000 states 3461394 /~ 29960879 sec 10.6273
processed 1490000 states 3484670 /~ 29960879 sec 10.7055
processed 1500000 states 3504127 /~ 29960879 sec 10.7749
processed 1510000 states 3525938 /~ 29960879 sec 10.8453
processed 1520000 states 3546504 /~ 29960879 sec 10.9078
processed 1530000 states 3566425 /~ 29960879 sec 10.9756
processed 1540000 states 3583909 /~ 29960879 sec 11.0471
processed 1550000 states 3604995 /~ 29960879 sec 11.1235
processed 1560000 states 3623553 /~ 29960879 sec 11.1924
processed 1570000 states 3641669 /~ 29960879 sec 11.2585
processed 1580000 states 3662542 /~ 29960879 sec 11.3306
processed 1590000 states 3687635 /~ 29960879 sec 11.4058
processed 1600000 states 3714077 /~ 29960879 sec 11.4813
processed 1610000 states 3737730 /~ 29960879 sec 11.5563
processed 1620000 states 3762043 /~ 29960879 sec 11.6355
processed 1630000 states 3786655 /~ 29960879 sec 11.7169
processed 1640000 states 3811075 /~ 29960879 sec 11.8169
processed 1650000 states 3835522 /~ 29960879 sec 11.9018
processed 1660000 states 3857560 /~ 29960879 sec 11.9881
processed 1670000 states 3879162 /~ 29960879 sec 12.0607
processed 1680000 states 3900152 /~ 29960879 sec 12.1438
processed 1690000 states 3921132 /~ 29960879 sec 12.2282
processed 1700000 states 3942499 /~ 29960879 sec 12.3051
processed 1710000 states 3963821 /~ 29960879 sec 12.3854
processed 1720000 states 3982675 /~ 29960879 sec 12.4592
processed 1730000 states 4006031 /~ 29960879 sec 12.5384
processed 1740000 states 4026582 /~ 29960879 sec 12.6142
processed 1750000 states 4047819 /~ 29960879 sec 12.6968
processed 1760000 states 4066144 /~ 29960879 sec 12.783
processed 1770000 states 4083364 /~ 29960879 sec 12.8607
processed 1780000 states 4098877 /~ 29960879 sec 12.9279
processed 1790000 states 4118648 /~ 29960879 sec 12.9974
processed 1800000 states 4136966 /~ 29960879 sec 13.0703
processed 1810000 states 4154033 /~ 29960879 sec 13.1337
processed 1820000 states 4171215 /~ 29960879 sec 13.1943
processed 1830000 states 4191876 /~ 29960879 sec 13.2636
processed 1840000 states 4208852 /~ 29960879 sec 13.3494
processed 1850000 states 4228005 /~ 29960879 sec 13.4297
processed 1860000 states 4245139 /~ 29960879 sec 13.507
processed 1870000 states 4264401 /~ 29960879 sec 13.584
processed 1880000 states 4283835 /~ 29960879 sec 13.6605
processed 1890000 states 4300617 /~ 29960879 sec 13.7399
processed 1900000 states 4317782 /~ 29960879 sec 13.8094
processed 1910000 states 4334019 /~ 29960879 sec 13.8816
processed 1920000 states 4350385 /~ 29960879 sec 13.948
processed 1930000 states 4366682 /~ 29960879 sec 14.022
processed 1940000 states 4380136 /~ 29960879 sec 14.0889
processed 1950000 states 4410612 /~ 29960879 sec 14.1835
processed 1960000 states 4437780 /~ 29960879 sec 14.2741
processed 1970000 states 4463336 /~ 29960879 sec 14.3648
processed 1980000 states 4485773 /~ 29960879 sec 14.4504
processed 1990000 states 4508351 /~ 29960879 sec 14.5377
processed 2000000 states 4532323 /~ 29960879 sec 14.62
processed 2010000 states 4554814 /~ 29960879 sec 14.6968
processed 2020000 states 4576017 /~ 29960879 sec 14.7709
processed 2030000 states 4598123 /~ 29960879 sec 14.8475
processed 2040000 states 4617390 /~ 29960879 sec 14.9203
processed 2050000 states 4636736 /~ 29960879 sec 14.9917
processed 2060000 states 4654161 /~ 29960879 sec 15.0695
processed 2070000 states 4678608 /~ 29960879 sec 15.1578
processed 2080000 states 4700086 /~ 29960879 sec 15.237
processed 2090000 states 4718748 /~ 29960879 sec 15.3167
processed 2100000 states 4739819 /~ 29960879 sec 15.3944
processed 2110000 states 4756933 /~ 29960879 sec 15.4686
processed 2120000 states 4774169 /~ 29960879 sec 15.5383
processed 2130000 states 4790763 /~ 29960879 sec 15.6089
processed 2140000 states 4805948 /~ 29960879 sec 15.6799
processed 2150000 states 4826563 /~ 29960879 sec 15.7494
processed 2160000 states 4845085 /~ 29960879 sec 15.8148
processed 2170000 states 4862194 /~ 29960879 sec 15.8799
processed 2180000 states 4877519 /~ 29960879 sec 15.9437
processed 2190000 states 4900012 /~ 29960879 sec 16.0201
processed 2200000 states 4919874 /~ 29960879 sec 16.0952
processed 2210000 states 4940181 /~ 29960879 sec 16.1717
processed 2220000 states 4958402 /~ 29960879 sec 16.2446
processed 2230000 states 4975684 /~ 29960879 sec 16.3161
processed 2240000 states 4991620 /~ 29960879 sec 16.3889
processed 2250000 states 5007098 /~ 29960879 sec 16.4594
processed 2260000 states 5023769 /~ 29960879 sec 16.5307
processed 2270000 states 5041023 /~ 29960879 sec 16.5976
processed 2280000 states 5056736 /~ 29960879 sec 16.6637
processed 2290000 states 5071179 /~ 29960879 sec 16.7289
processed 2300000 states 5086040 /~ 29960879 sec 16.8004
processed 2310000 states 5099596 /~ 29960879 sec 16.8647
processed 2320000 states 5116412 /~ 29960879 sec 16.9319
processed 2330000 states 5131956 /~ 29960879 sec 16.9994
processed 2340000 states 5147368 /~ 29960879 sec 17.0666
processed 2350000 states 5160948 /~ 29960879 sec 17.1291
processed 2360000 states 5175541 /~ 29960879 sec 17.194
processed 2370000 states 5192137 /~ 29960879 sec 17.2549
processed 2380000 states 5214162 /~ 29960879 sec 17.3338
processed 2390000 states 5235550 /~ 29960879 sec 17.4111
processed 2400000 states 5255085 /~ 29960879 sec 17.4832
processed 2410000 states 5272970 /~ 29960879 sec 17.556
processed 2420000 states 5290098 /~ 29960879 sec 17.6314
processed 2430000 states 5309509 /~ 29960879 sec 17.701
processed 2440000 states 5325904 /~ 29960879 sec 17.766
processed 2450000 states 5342163 /~ 29960879 sec 17.8351
processed 2460000 states 5357846 /~ 29960879 sec 17.9014
processed 2470000 states 5372648 /~ 29960879 sec 17.9695
processed 2480000 states 5389714 /~ 29960879 sec 18.0409
processed 2490000 states 5404261 /~ 29960879 sec 18.1099
processed 2500000 states 5418852 /~ 29960879 sec 18.1764
processed 2510000 states 5431371 /~ 29960879 sec 18.2447
processed 2520000 states 5446035 /~ 29960879 sec 18.3196
processed 2530000 states 5459564 /~ 29960879 sec 18.3952
processed 2540000 states 5474377 /~ 29960879 sec 18.4675
processed 2550000 states 5490854 /~ 29960879 sec 18.54
processed 2560000 states 5506321 /~ 29960879 sec 18.6113
processed 2570000 states 5520494 /~ 29960879 sec 18.675
processed 2580000 states 5533707 /~ 29960879 sec 18.7428
processed 2590000 states 5554627 /~ 29960879 sec 18.8227
processed 2600000 states 5577479 /~ 29960879 sec 18.9126
processed 2610000 states 5596141 /~ 29960879 sec 18.9944
processed 2620000 states 5614741 /~ 29960879 sec 19.0766
processed 2630000 states 5630001 /~ 29960879 sec 19.1576
processed 2640000 states 5646458 /~ 29960879 sec 19.2302
processed 2650000 states 5662871 /~ 29960879 sec 19.3155
processed 2660000 states 5677376 /~ 29960879 sec 19.3978
processed 2670000 states 5689472 /~ 29960879 sec 19.4749
processed 2680000 states 5702853 /~ 29960879 sec 19.552
processed 2690000 states 5721458 /~ 29960879 sec 19.6394
processed 2700000 states 5736462 /~ 29960879 sec 19.7168
processed 2710000 states 5749448 /~ 29960879 sec 19.7926
processed 2720000 states 5761968 /~ 29960879 sec 19.8655
processed 2730000 states 5776553 /~ 29960879 sec 19.9389
processed 2740000 states 5796202 /~ 29960879 sec 20.0211
processed 2750000 states 5815832 /~ 29960879 sec 20.1017
processed 2760000 states 5835917 /~ 29960879 sec 20.19
processed 2770000 states 5854982 /~ 29960879 sec 20.2837
processed 2780000 states 5871213 /~ 29960879 sec 20.3542
processed 2790000 states 5890657 /~ 29960879 sec 20.4308
processed 2800000 states 5906844 /~ 29960879 sec 20.4988
processed 2810000 states 5925000 /~ 29960879 sec 20.5721
processed 2820000 states 5941429 /~ 29960879 sec 20.6442
processed 2830000 states 5958202 /~ 29960879 sec 20.7196
processed 2840000 states 5975738 /~ 29960879 sec 20.8009
processed 2850000 states 5990690 /~ 29960879 sec 20.8739
processed 2860000 states 6004561 /~ 29960879 sec 20.9415
processed 2870000 states 6019155 /~ 29960879 sec 21.0153
processed 2880000 states 6033543 /~ 29960879 sec 21.0843
processed 2890000 states 6056065 /~ 29960879 sec 21.1622
processed 2900000 states 6076754 /~ 29960879 sec 21.2353
processed 2910000 states 6101098 /~ 29960879 sec 21.3151
processed 2920000 states 6122929 /~ 29960879 sec 21.3981
processed 2930000 states 6140314 /~ 29960879 sec 21.4825
processed 2940000 states 6160787 /~ 29960879 sec 21.5518
processed 2950000 states 6179489 /~ 29960879 sec 21.6243
processed 2960000 states 6199279 /~ 29960879 sec 21.7054
processed 2970000 states 6215652 /~ 29960879 sec 21.7777
processed 2980000 states 6235164 /~ 29960879 sec 21.8503
processed 2990000 states 6251264 /~ 29960879 sec 21.9227
processed 3000000 states 6271194 /~ 29960879 sec 21.9981
processed 3010000 states 6288810 /~ 29960879 sec 22.0753
processed 3020000 states 6305846 /~ 29960879 sec 22.1573
processed 3030000 states 6320238 /~ 29960879 sec 22.2401
processed 3040000 states 6334382 /~ 29960879 sec 22.308
processed 3050000 states 6350117 /~ 29960879 sec 22.3777
processed 3060000 states 6363469 /~ 29960879 sec 22.4557
processed 3070000 states 6378939 /~ 29960879 sec 22.52
processed 3080000 states 6397070 /~ 29960879 sec 22.5898
processed 3090000 states 6413265 /~ 29960879 sec 22.6959
processed 3100000 states 6427974 /~ 29960879 sec 22.7897
processed 3110000 states 6444354 /~ 29960879 sec 22.8718
processed 3120000 states 6461858 /~ 29960879 sec 22.9591
processed 3130000 states 6476163 /~ 29960879 sec 23.0436
processed 3140000 states 6490184 /~ 29960879 sec 23.1221
processed 3150000 states 6503611 /~ 29960879 sec 23.1945
processed 3160000 states 6517660 /~ 29960879 sec 23.2689
processed 3170000 states 6530182 /~ 29960879 sec 23.3389
processed 3180000 states 6545965 /~ 29960879 sec 23.4108
processed 3190000 states 6560123 /~ 29960879 sec 23.477
processed 3200000 states 6573520 /~ 29960879 sec 23.5394
processed 3210000 states 6597608 /~ 29960879 sec 23.6268
processed 3220000 states 6616726 /~ 29960879 sec 23.7052
processed 3230000 states 6636085 /~ 29960879 sec 23.7868
processed 3240000 states 6650552 /~ 29960879 sec 23.8612
processed 3250000 states 6669076 /~ 29960879 sec 23.9448
processed 3260000 states 6683923 /~ 29960879 sec 24.019
processed 3270000 states 6698162 /~ 29960879 sec 24.0864
processed 3280000 states 6716607 /~ 29960879 sec 24.1596
processed 3290000 states 6734332 /~ 29960879 sec 24.2313
processed 3300000 states 6749355 /~ 29960879 sec 24.2978
processed 3310000 states 6764383 /~ 29960879 sec 24.3626
processed 3320000 states 6783119 /~ 29960879 sec 24.4355
processed 3330000 states 6800482 /~ 29960879 sec 24.5154
processed 3340000 states 6818393 /~ 29960879 sec 24.587
processed 3350000 states 6840094 /~ 29960879 sec 24.6595
processed 3360000 states 6859904 /~ 29960879 sec 24.734
processed 3370000 states 6882321 /~ 29960879 sec 24.8128
processed 3380000 states 6902405 /~ 29960879 sec 24.899
processed 3390000 states 6922363 /~ 29960879 sec 24.9715
processed 3400000 states 6940554 /~ 29960879 sec 25.045
processed 3410000 states 6960002 /~ 29960879 sec 25.1236
processed 3420000 states 6980346 /~ 29960879 sec 25.1973
processed 3430000 states 7001096 /~ 29960879 sec 25.2697
processed 3440000 states 7021422 /~ 29960879 sec 25.3456
processed 3450000 states 7041651 /~ 29960879 sec 25.4224
processed 3460000 states 7061896 /~ 29960879 sec 25.5054
processed 3470000 states 7081653 /~ 29960879 sec 25.5855
processed 3480000 states 7102177 /~ 29960879 sec 25.6735
processed 3490000 states 7120178 /~ 29960879 sec 25.7605
processed 3500000 states 7136308 /~ 29960879 sec 25.8358
processed 3510000 states 7152172 /~ 29960879 sec 25.9052
processed 3520000 states 7172026 /~ 29960879 sec 25.9802
processed 3530000 states 7189729 /~ 29960879 sec 26.0585
processed 3540000 states 7207479 /~ 29960879 sec 26.1302
processed 3550000 states 7224350 /~ 29960879 sec 26.2046
processed 3560000 states 7241746 /~ 29960879 sec 26.2876
processed 3570000 states 7257005 /~ 29960879 sec 26.3643
processed 3580000 states 7271490 /~ 29960879 sec 26.448
processed 3590000 states 7289494 /~ 29960879 sec 26.537
processed 3600000 states 7307233 /~ 29960879 sec 26.6326
processed 3610000 states 7322738 /~ 29960879 sec 26.7206
processed 3620000 states 7338443 /~ 29960879 sec 26.8037
processed 3630000 states 7353658 /~ 29960879 sec 26.8766
processed 3640000 states 7368438 /~ 29960879 sec 26.9525
processed 3650000 states 7381291 /~ 29960879 sec 27.031
processed 3660000 states 7402466 /~ 29960879 sec 27.1107
processed 3670000 states 7422478 /~ 29960879 sec 27.1978
processed 3680000 states 7442384 /~ 29960879 sec 27.2764
processed 3690000 states 7465091 /~ 29960879 sec 27.3552
processed 3700000 states 7485307 /~ 29960879 sec 27.4422
processed 3710000 states 7508257 /~ 29960879 sec 27.5273
processed 3720000 states 7527370 /~ 29960879 sec 27.6133
processed 3730000 states 7548007 /~ 29960879 sec 27.6869
processed 3740000 states 7567102 /~ 29960879 sec 27.7632
processed 3750000 states 7587007 /~ 29960879 sec 27.8445
processed 3760000 states 7607379 /~ 29960879 sec 27.9178
processed 3770000 states 7630968 /~ 29960879 sec 27.9954
processed 3780000 states 7651355 /~ 29960879 sec 28.0746
processed 3790000 states 7670919 /~ 29960879 sec 28.141
processed 3800000 states 7690712 /~ 29960879 sec 28.2146
processed 3810000 states 7712329 /~ 29960879 sec 28.291
processed 3820000 states 7732650 /~ 29960879 sec 28.3759
processed 3830000 states 7751825 /~ 29960879 sec 28.458
processed 3840000 states 7772379 /~ 29960879 sec 28.5439
processed 3850000 states 7789808 /~ 29960879 sec 28.6328
processed 3860000 states 7806498 /~ 29960879 sec 28.7147
processed 3870000 states 7824215 /~ 29960879 sec 28.7857
processed 3880000 states 7841143 /~ 29960879 sec 28.8576
processed 3890000 states 7857300 /~ 29960879 sec 28.9302
processed 3900000 states 7876372 /~ 29960879 sec 29.0102
processed 3910000 states 7894207 /~ 29960879 sec 29.0947
processed 3920000 states 7909373 /~ 29960879 sec 29.1709
processed 3930000 states 7927446 /~ 29960879 sec 29.2557
processed 3940000 states 7945273 /~ 29960879 sec 29.3313
processed 3950000 states 7963792 /~ 29960879 sec 29.4115
processed 3960000 states 7982034 /~ 29960879 sec 29.4939
processed 3970000 states 7998488 /~ 29960879 sec 29.5652
processed 3980000 states 8012935 /~ 29960879 sec 29.6359
processed 3990000 states 8032671 /~ 29960879 sec 29.7354
processed 4000000 states 8052330 /~ 29960879 sec 29.8194
processed 4010000 states 8068927 /~ 29960879 sec 29.9097
processed 4020000 states 8084356 /~ 29960879 sec 29.9944
processed 4030000 states 8103354 /~ 29960879 sec 30.0789
processed 4040000 states 8119635 /~ 29960879 sec 30.1687
processed 4050000 states 8137148 /~ 29960879 sec 30.2647
processed 4060000 states 8152481 /~ 29960879 sec 30.3614
processed 4070000 states 8167562 /~ 29960879 sec 30.4442
processed 4080000 states 8180718 /~ 29960879 sec 30.5318
processed 4090000 states 8193440 /~ 29960879 sec 30.6042
processed 4100000 states 8206842 /~ 29960879 sec 30.6732
processed 4110000 states 8224333 /~ 29960879 sec 30.7445
processed 4120000 states 8240094 /~ 29960879 sec 30.8193
processed 4130000 states 8255961 /~ 29960879 sec 30.8946
processed 4140000 states 8269080 /~ 29960879 sec 30.9705
processed 4150000 states 8281841 /~ 29960879 sec 31.0424
processed 4160000 states 8297655 /~ 29960879 sec 31.1155
processed 4170000 states 8311167 /~ 29960879 sec 31.1778
processed 4180000 states 8329320 /~ 29960879 sec 31.2497
processed 4190000 states 8345624 /~ 29960879 sec 31.3262
processed 4200000 states 8360673 /~ 29960879 sec 31.4021
processed 4210000 states 8375273 /~ 29960879 sec 31.4775
processed 4220000 states 8391741 /~ 29960879 sec 31.5543
processed 4230000 states 8406313 /~ 29960879 sec 31.6345
processed 4240000 states 8419557 /~ 29960879 sec 31.716
processed 4250000 states 8435818 /~ 29960879 sec 31.7989
processed 4260000 states 8452561 /~ 29960879 sec 31.8883
processed 4270000 states 8468624 /~ 29960879 sec 31.9812
processed 4280000 states 8484434 /~ 29960879 sec 32.0714
processed 4290000 states 8499232 /~ 29960879 sec 32.1669
processed 4300000 states 8511984 /~ 29960879 sec 32.2519
processed 4310000 states 8526010 /~ 29960879 sec 32.3236
processed 4320000 states 8540897 /~ 29960879 sec 32.3992
processed 4330000 states 8552110 /~ 29960879 sec 32.4733
processed 4340000 states 8565320 /~ 29960879 sec 32.5402
processed 4350000 states 8579750 /~ 29960879 sec 32.6087
processed 4360000 states 8592469 /~ 29960879 sec 32.6808
processed 4370000 states 8604282 /~ 29960879 sec 32.7548
processed 4380000 states 8614056 /~ 29960879 sec 32.8209
processed 4390000 states 8639116 /~ 29960879 sec 32.9169
processed 4400000 states 8662243 /~ 29960879 sec 33.0099
processed 4410000 states 8683833 /~ 29960879 sec 33.1097
processed 4420000 states 8704126 /~ 29960879 sec 33.2159
processed 4430000 states 8728038 /~ 29960879 sec 33.3225
processed 4440000 states 8746401 /~ 29960879 sec 33.4163
processed 4450000 states 8766438 /~ 29960879 sec 33.5077
processed 4460000 states 8786125 /~ 29960879 sec 33.5935
processed 4470000 states 8806438 /~ 29960879 sec 33.6779
processed 4480000 states 8823013 /~ 29960879 sec 33.7867
processed 4490000 states 8840986 /~ 29960879 sec 33.8812
processed 4500000 states 8859865 /~ 29960879 sec 33.9718
processed 4510000 states 8875803 /~ 29960879 sec 34.058
processed 4520000 states 8895551 /~ 29960879 sec 34.1453
processed 4530000 states 8914429 /~ 29960879 sec 34.2275
processed 4540000 states 8932832 /~ 29960879 sec 34.3121
processed 4550000 states 8951108 /~ 29960879 sec 34.3915
processed 4560000 states 8968511 /~ 29960879 sec 34.4793
processed 4570000 states 8983494 /~ 29960879 sec 34.5654
processed 4580000 states 8999176 /~ 29960879 sec 34.657
processed 4590000 states 9017568 /~ 29960879 sec 34.7478
processed 4600000 states 9034661 /~ 29960879 sec 34.8302
processed 4610000 states 9049808 /~ 29960879 sec 34.9125
processed 4620000 states 9064835 /~ 29960879 sec 35.0045
processed 4630000 states 9079497 /~ 29960879 sec 35.0918
processed 4640000 states 9094734 /~ 29960879 sec 35.1825
processed 4650000 states 9108480 /~ 29960879 sec 35.2687
processed 4660000 states 9126688 /~ 29960879 sec 35.3555
processed 4670000 states 9144026 /~ 29960879 sec 35.438
processed 4680000 states 9160263 /~ 29960879 sec 35.5202
processed 4690000 states 9176373 /~ 29960879 sec 35.6021
processed 4700000 states 9191868 /~ 29960879 sec 35.6786
processed 4710000 states 9205724 /~ 29960879 sec 35.7579
processed 4720000 states 9221405 /~ 29960879 sec 35.8428
processed 4730000 states 9238081 /~ 29960879 sec 35.9266
processed 4740000 states 9251018 /~ 29960879 sec 36.0058
processed 4750000 states 9264230 /~ 29960879 sec 36.0842
processed 4760000 states 9276536 /~ 29960879 sec 36.1619
processed 4770000 states 9289135 /~ 29960879 sec 36.2409
processed 4780000 states 9301972 /~ 29960879 sec 36.3227
processed 4790000 states 9313851 /~ 29960879 sec 36.3979
processed 4800000 states 9327418 /~ 29960879 sec 36.4755
processed 4810000 states 9340937 /~ 29960879 sec 36.5504
processed 4820000 states 9356705 /~ 29960879 sec 36.627
processed 4830000 states 9371388 /~ 29960879 sec 36.7009
processed 4840000 states 9384974 /~ 29960879 sec 36.7715
processed 4850000 states 9397925 /~ 29960879 sec 36.8384
processed 4860000 states 9411962 /~ 29960879 sec 36.9084
processed 4870000 states 9424212 /~ 29960879 sec 36.9795
processed 4880000 states 9435874 /~ 29960879 sec 37.0491
processed 4890000 states 9453664 /~ 29960879 sec 37.1366
processed 4900000 states 9470480 /~ 29960879 sec 37.2198
processed 4910000 states 9484953 /~ 29960879 sec 37.2978
processed 4920000 states 9500217 /~ 29960879 sec 37.3758
processed 4930000 states 9513054 /~ 29960879 sec 37.4571
processed 4940000 states 9530236 /~ 29960879 sec 37.5401
processed 4950000 states 9543967 /~ 29960879 sec 37.6236
processed 4960000 states 9556290 /~ 29960879 sec 37.698
processed 4970000 states 9569125 /~ 29960879 sec 37.7733
processed 4980000 states 9581179 /~ 29960879 sec 37.8462
processed 4990000 states 9592619 /~ 29960879 sec 37.9251
processed 5000000 states 9604794 /~ 29960879 sec 38.0007
processed 5010000 states 9617108 /~ 29960879 sec 38.0777
processed 5020000 states 9630185 /~ 29960879 sec 38.1513
processed 5030000 states 9643548 /~ 29960879 sec 38.2241
processed 5040000 states 9655284 /~ 29960879 sec 38.3084
processed 5050000 states 9666315 /~ 29960879 sec 38.3924
processed 5060000 states 9677821 /~ 29960879 sec 38.4643
processed 5070000 states 9688841 /~ 29960879 sec 38.537
processed 5080000 states 9700579 /~ 29960879 sec 38.6195
processed 5090000 states 9710177 /~ 29960879 sec 38.7018
processed 5100000 states 9719864 /~ 29960879 sec 38.7782
processed 5110000 states 9731494 /~ 29960879 sec 38.859
processed 5120000 states 9745350 /~ 29960879 sec 38.9384
processed 5130000 states 9757625 /~ 29960879 sec 39.0102
processed 5140000 states 9769625 /~ 29960879 sec 39.0808
processed 5150000 states 9780369 /~ 29960879 sec 39.1502
processed 5160000 states 9790148 /~ 29960879 sec 39.2176
processed 5170000 states 9801092 /~ 29960879 sec 39.2846
processed 5180000 states 9813208 /~ 29960879 sec 39.346
processed 5190000 states 9826891 /~ 29960879 sec 39.4145
processed 5200000 states 9845395 /~ 29960879 sec 39.5001
processed 5210000 states 9862303 /~ 29960879 sec 39.5823
processed 5220000 states 9877344 /~ 29960879 sec 39.6682
processed 5230000 states 9895972 /~ 29960879 sec 39.7542
processed 5240000 states 9911847 /~ 29960879 sec 39.8356
processed 5250000 states 9927213 /~ 29960879 sec 39.9143
processed 5260000 states 9942479 /~ 29960879 sec 39.9894
processed 5270000 states 9956139 /~ 29960879 sec 40.067
processed 5280000 states 9970253 /~ 29960879 sec 40.1435
processed 5290000 states 9983564 /~ 29960879 sec 40.2234
processed 5300000 states 9999488 /~ 29960879 sec 40.3
processed 5310000 states 10012400 /~ 29960879 sec 40.3729
processed 5320000 states 10025280 /~ 29960879 sec 40.4426
processed 5330000 states 10036389 /~ 29960879 sec 40.5109
processed 5340000 states 10049874 /~ 29960879 sec 40.5829
processed 5350000 states 10062041 /~ 29960879 sec 40.6536
processed 5360000 states 10073608 /~ 29960879 sec 40.7248
processed 5370000 states 10084331 /~ 29960879 sec 40.7955
processed 5380000 states 10097380 /~ 29960879 sec 40.8685
processed 5390000 states 10109283 /~ 29960879 sec 40.9401
processed 5400000 states 10119545 /~ 29960879 sec 41.0111
processed 5410000 states 10131758 /~ 29960879 sec 41.087
processed 5420000 states 10141904 /~ 29960879 sec 41.1577
processed 5430000 states 10151166 /~ 29960879 sec 41.2268
processed 5440000 states 10161939 /~ 29960879 sec 41.2978
processed 5450000 states 10172102 /~ 29960879 sec 41.3647
processed 5460000 states 10182180 /~ 29960879 sec 41.4334
processed 5470000 states 10193299 /~ 29960879 sec 41.5121
processed 5480000 states 10206797 /~ 29960879 sec 41.5882
processed 5490000 states 10220368 /~ 29960879 sec 41.6709
processed 5500000 states 10232947 /~ 29960879 sec 41.747
processed 5510000 states 10244804 /~ 29960879 sec 41.821
processed 5520000 states 10255040 /~ 29960879 sec 41.8916
processed 5530000 states 10264875 /~ 29960879 sec 41.9644
processed 5540000 states 10277021 /~ 29960879 sec 42.0346
processed 5550000 states 10297588 /~ 29960879 sec 42.1327
processed 5560000 states 10316059 /~ 29960879 sec 42.2228
processed 5570000 states 10333996 /~ 29960879 sec 42.3119
processed 5580000 states 10349637 /~ 29960879 sec 42.3949
processed 5590000 states 10364015 /~ 29960879 sec 42.4746
processed 5600000 states 10378153 /~ 29960879 sec 42.5554
processed 5610000 states 10391304 /~ 29960879 sec 42.639
processed 5620000 states 10402062 /~ 29960879 sec 42.7147
processed 5630000 states 10413702 /~ 29960879 sec 42.7899
processed 5640000 states 10424598 /~ 29960879 sec 42.8586
processed 5650000 states 10438077 /~ 29960879 sec 42.9385
processed 5660000 states 10450000 /~ 29960879 sec 43.0152
processed 5670000 states 10460854 /~ 29960879 sec 43.0916
processed 5680000 states 10470551 /~ 29960879 sec 43.1607
processed 5690000 states 10479719 /~ 29960879 sec 43.2296
processed 5700000 states 10489088 /~ 29960879 sec 43.2957
processed 5710000 states 10505390 /~ 29960879 sec 43.375
processed 5720000 states 10519723 /~ 29960879 sec 43.4516
processed 5730000 states 10531827 /~ 29960879 sec 43.523
processed 5740000 states 10541842 /~ 29960879 sec 43.5938
processed 5750000 states 10551646 /~ 29960879 sec 43.6643
processed 5760000 states 10561119 /~ 29960879 sec 43.7321
processed 5770000 states 10571268 /~ 29960879 sec 43.7977
processed 5780000 states 10585596 /~ 29960879 sec 43.8737
processed 5790000 states 10600980 /~ 29960879 sec 43.9544
processed 5800000 states 10614536 /~ 29960879 sec 44.0427
processed 5810000 states 10629676 /~ 29960879 sec 44.1341
processed 5820000 states 10647356 /~ 29960879 sec 44.2571
processed 5830000 states 10662028 /~ 29960879 sec 44.3521
processed 5840000 states 10678542 /~ 29960879 sec 44.4478
processed 5850000 states 10692110 /~ 29960879 sec 44.5446
processed 5860000 states 10705611 /~ 29960879 sec 44.6301
processed 5870000 states 10717667 /~ 29960879 sec 44.71
processed 5880000 states 10732154 /~ 29960879 sec 44.7991
processed 5890000 states 10748119 /~ 29960879 sec 44.9013
processed 5900000 states 10759807 /~ 29960879 sec 44.9925
processed 5910000 states 10772749 /~ 29960879 sec 45.0774
processed 5920000 states 10787461 /~ 29960879 sec 45.1667
processed 5930000 states 10800585 /~ 29960879 sec 45.2503
processed 5940000 states 10813868 /~ 29960879 sec 45.3296
processed 5950000 states 10826019 /~ 29960879 sec 45.4098
processed 5960000 states 10841680 /~ 29960879 sec 45.4923
processed 5970000 states 10856070 /~ 29960879 sec 45.575
processed 5980000 states 10868770 /~ 29960879 sec 45.6577
processed 5990000 states 10880435 /~ 29960879 sec 45.7311
processed 6000000 states 10891227 /~ 29960879 sec 45.8051
processed 6010000 states 10902418 /~ 29960879 sec 45.8768
processed 6020000 states 10914506 /~ 29960879 sec 45.9538
processed 6030000 states 10925495 /~ 29960879 sec 46.0266
processed 6040000 states 10940235 /~ 29960879 sec 46.1107
processed 6050000 states 10958416 /~ 29960879 sec 46.1882
processed 6060000 states 10975186 /~ 29960879 sec 46.2751
processed 6070000 states 10992004 /~ 29960879 sec 46.347
processed 6080000 states 11006492 /~ 29960879 sec 46.4219
processed 6090000 states 11026958 /~ 29960879 sec 46.5065
processed 6100000 states 11045401 /~ 29960879 sec 46.5969
processed 6110000 states 11060806 /~ 29960879 sec 46.6833
processed 6120000 states 11076965 /~ 29960879 sec 46.7697
processed 6130000 states 11091168 /~ 29960879 sec 46.8628
processed 6140000 states 11103616 /~ 29960879 sec 46.9467
processed 6150000 states 11118973 /~ 29960879 sec 47.0185
processed 6160000 states 11134429 /~ 29960879 sec 47.0952
processed 6170000 states 11149590 /~ 29960879 sec 47.1721
processed 6180000 states 11164453 /~ 29960879 sec 47.2497
processed 6190000 states 11180545 /~ 29960879 sec 47.3336
processed 6200000 states 11194401 /~ 29960879 sec 47.4204
processed 6210000 states 11206251 /~ 29960879 sec 47.4968
processed 6220000 states 11219196 /~ 29960879 sec 47.5727
processed 6230000 states 11234889 /~ 29960879 sec 47.6563
processed 6240000 states 11249158 /~ 29960879 sec 47.7451
processed 6250000 states 11261535 /~ 29960879 sec 47.8291
processed 6260000 states 11276367 /~ 29960879 sec 47.912
processed 6270000 states 11292767 /~ 29960879 sec 47.9945
processed 6280000 states 11306572 /~ 29960879 sec 48.0854
processed 6290000 states 11320291 /~ 29960879 sec 48.1711
processed 6300000 states 11333131 /~ 29960879 sec 48.2641
processed 6310000 states 11346197 /~ 29960879 sec 48.3566
processed 6320000 states 11357494 /~ 29960879 sec 48.4445
processed 6330000 states 11368658 /~ 29960879 sec 48.5188
processed 6340000 states 11380540 /~ 29960879 sec 48.5913
processed 6350000 states 11392796 /~ 29960879 sec 48.6653
processed 6360000 states 11404316 /~ 29960879 sec 48.7508
processed 6370000 states 11415491 /~ 29960879 sec 48.8325
processed 6380000 states 11427859 /~ 29960879 sec 48.9201
processed 6390000 states 11442956 /~ 29960879 sec 49.0355
processed 6400000 states 11457234 /~ 29960879 sec 49.1269
processed 6410000 states 11470342 /~ 29960879 sec 49.2114
processed 6420000 states 11483810 /~ 29960879 sec 49.3005
processed 6430000 states 11494945 /~ 29960879 sec 49.3897
processed 6440000 states 11509421 /~ 29960879 sec 49.4793
processed 6450000 states 11524020 /~ 29960879 sec 49.5705
processed 6460000 states 11537213 /~ 29960879 sec 49.661
processed 6470000 states 11549294 /~ 29960879 sec 49.7615
processed 6480000 states 11560345 /~ 29960879 sec 49.8466
processed 6490000 states 11571412 /~ 29960879 sec 49.9267
processed 6500000 states 11581867 /~ 29960879 sec 50.0078
processed 6510000 states 11592766 /~ 29960879 sec 50.085
processed 6520000 states 11603106 /~ 29960879 sec 50.1622
processed 6530000 states 11613921 /~ 29960879 sec 50.2387
processed 6540000 states 11626838 /~ 29960879 sec 50.3172
processed 6550000 states 11637116 /~ 29960879 sec 50.3918
processed 6560000 states 11647352 /~ 29960879 sec 50.4652
processed 6570000 states 11658347 /~ 29960879 sec 50.5412
processed 6580000 states 11676271 /~ 29960879 sec 50.636
processed 6590000 states 11694403 /~ 29960879 sec 50.7379
processed 6600000 states 11710874 /~ 29960879 sec 50.8315
processed 6610000 states 11726884 /~ 29960879 sec 50.9204
processed 6620000 states 11739876 /~ 29960879 sec 51.0073
processed 6630000 states 11754854 /~ 29960879 sec 51.099
processed 6640000 states 11767450 /~ 29960879 sec 51.183
processed 6650000 states 11779142 /~ 29960879 sec 51.2618
processed 6660000 states 11793387 /~ 29960879 sec 51.3524
processed 6670000 states 11806645 /~ 29960879 sec 51.4352
processed 6680000 states 11817190 /~ 29960879 sec 51.5137
processed 6690000 states 11828684 /~ 29960879 sec 51.5864
processed 6700000 states 11840052 /~ 29960879 sec 51.6593
processed 6710000 states 11854275 /~ 29960879 sec 51.7377
processed 6720000 states 11871104 /~ 29960879 sec 51.8236
processed 6730000 states 11884401 /~ 29960879 sec 51.8975
processed 6740000 states 11897642 /~ 29960879 sec 51.97
processed 6750000 states 11910099 /~ 29960879 sec 52.0429
processed 6760000 states 11922003 /~ 29960879 sec 52.1129
processed 6770000 states 11935291 /~ 29960879 sec 52.1826
processed 6780000 states 11952198 /~ 29960879 sec 52.2704
processed 6790000 states 11964703 /~ 29960879 sec 52.3574
processed 6800000 states 11976247 /~ 29960879 sec 52.4351
processed 6810000 states 11991533 /~ 29960879 sec 52.5159
processed 6820000 states 12005003 /~ 29960879 sec 52.5895
processed 6830000 states 12020399 /~ 29960879 sec 52.6629
processed 6840000 states 12036984 /~ 29960879 sec 52.7399
processed 6850000 states 12053914 /~ 29960879 sec 52.8216
processed 6860000 states 12069220 /~ 29960879 sec 52.8951
processed 6870000 states 12085794 /~ 29960879 sec 52.9734
processed 6880000 states 12103951 /~ 29960879 sec 53.0639
processed 6890000 states 12119501 /~ 29960879 sec 53.1519
processed 6900000 states 12136084 /~ 29960879 sec 53.246
processed 6910000 states 12150277 /~ 29960879 sec 53.3314
processed 6920000 states 12167053 /~ 29960879 sec 53.4011
processed 6930000 states 12181251 /~ 29960879 sec 53.479
processed 6940000 states 12196399 /~ 29960879 sec 53.5591
processed 6950000 states 12213447 /~ 29960879 sec 53.6466
processed 6960000 states 12227232 /~ 29960879 sec 53.7255
processed 6970000 states 12241671 /~ 29960879 sec 53.803
processed 6980000 states 12260375 /~ 29960879 sec 53.8836
processed 6990000 states 12277303 /~ 29960879 sec 53.9574
processed 7000000 states 12295206 /~ 29960879 sec 54.0495
processed 7010000 states 12313451 /~ 29960879 sec 54.1488
processed 7020000 states 12329624 /~ 29960879 sec 54.2313
processed 7030000 states 12343851 /~ 29960879 sec 54.3149
processed 7040000 states 12361722 /~ 29960879 sec 54.4004
processed 7050000 states 12378314 /~ 29960879 sec 54.486
processed 7060000 states 12393550 /~ 29960879 sec 54.5806
processed 7070000 states 12408222 /~ 29960879 sec 54.6748
processed 7080000 states 12425148 /~ 29960879 sec 54.7967
processed 7090000 states 12441041 /~ 29960879 sec 54.8948
processed 7100000 states 12457698 /~ 29960879 sec 55.0075
processed 7110000 states 12472153 /~ 29960879 sec 55.1247
processed 7120000 states 12486997 /~ 29960879 sec 55.2271
processed 7130000 states 12500354 /~ 29960879 sec 55.3275
processed 7140000 states 12511735 /~ 29960879 sec 55.4103
processed 7150000 states 12524687 /~ 29960879 sec 55.4949
processed 7160000 states 12541264 /~ 29960879 sec 55.58
processed 7170000 states 12557611 /~ 29960879 sec 55.6663
processed 7180000 states 12572641 /~ 29960879 sec 55.7674
processed 7190000 states 12585300 /~ 29960879 sec 55.8569
processed 7200000 states 12599351 /~ 29960879 sec 55.9364
processed 7210000 states 12613569 /~ 29960879 sec 56.0193
processed 7220000 states 12626420 /~ 29960879 sec 56.0971
processed 7230000 states 12641052 /~ 29960879 sec 56.1867
processed 7240000 states 12655229 /~ 29960879 sec 56.2737
processed 7250000 states 12668339 /~ 29960879 sec 56.3575
processed 7260000 states 12681061 /~ 29960879 sec 56.4432
processed 7270000 states 12693317 /~ 29960879 sec 56.5251
processed 7280000 states 12707294 /~ 29960879 sec 56.6122
processed 7290000 states 12723086 /~ 29960879 sec 56.6978
processed 7300000 states 12736767 /~ 29960879 sec 56.7827
processed 7310000 states 12750382 /~ 29960879 sec 56.8734
processed 7320000 states 12762743 /~ 29960879 sec 56.9564
processed 7330000 states 12775790 /~ 29960879 sec 57.0562
processed 7340000 states 12788012 /~ 29960879 sec 57.1483
processed 7350000 states 12799550 /~ 29960879 sec 57.2257
processed 7360000 states 12811149 /~ 29960879 sec 57.2982
processed 7370000 states 12822904 /~ 29960879 sec 57.3758
processed 7380000 states 12832470 /~ 29960879 sec 57.4516
processed 7390000 states 12848314 /~ 29960879 sec 57.5297
processed 7400000 states 12865688 /~ 29960879 sec 57.6174
processed 7410000 states 12880122 /~ 29960879 sec 57.7137
processed 7420000 states 12893663 /~ 29960879 sec 57.7995
processed 7430000 states 12908641 /~ 29960879 sec 57.8809
processed 7440000 states 12922908 /~ 29960879 sec 57.9603
processed 7450000 states 12939680 /~ 29960879 sec 58.0499
processed 7460000 states 12957157 /~ 29960879 sec 58.1294
processed 7470000 states 12973877 /~ 29960879 sec 58.2064
processed 7480000 states 12988790 /~ 29960879 sec 58.2878
processed 7490000 states 13006249 /~ 29960879 sec 58.3777
processed 7500000 states 13023386 /~ 29960879 sec 58.4676
processed 7510000 states 13038474 /~ 29960879 sec 58.5558
processed 7520000 states 13053722 /~ 29960879 sec 58.6493
processed 7530000 states 13067001 /~ 29960879 sec 58.7347
processed 7540000 states 13083603 /~ 29960879 sec 58.8099
processed 7550000 states 13099632 /~ 29960879 sec 58.8903
processed 7560000 states 13114140 /~ 29960879 sec 58.9704
processed 7570000 states 13130857 /~ 29960879 sec 59.0551
processed 7580000 states 13147079 /~ 29960879 sec 59.1446
processed 7590000 states 13160927 /~ 29960879 sec 59.2233
processed 7600000 states 13174310 /~ 29960879 sec 59.3005
processed 7610000 states 13195005 /~ 29960879 sec 59.3829
processed 7620000 states 13212879 /~ 29960879 sec 59.4735
processed 7630000 states 13231346 /~ 29960879 sec 59.577
processed 7640000 states 13246867 /~ 29960879 sec 59.6881
processed 7650000 states 13262195 /~ 29960879 sec 59.7839
processed 7660000 states 13278180 /~ 29960879 sec 59.8681
processed 7670000 states 13293152 /~ 29960879 sec 59.9509
processed 7680000 states 13309084 /~ 29960879 sec 60.0419
processed 7690000 states 13322883 /~ 29960879 sec 60.1207
processed 7700000 states 13338279 /~ 29960879 sec 60.1935
processed 7710000 states 13355392 /~ 29960879 sec 60.2792
processed 7720000 states 13371518 /~ 29960879 sec 60.3714
processed 7730000 states 13385625 /~ 29960879 sec 60.4668
processed 7740000 states 13398305 /~ 29960879 sec 60.5716
processed 7750000 states 13413901 /~ 29960879 sec 60.6641
processed 7760000 states 13429753 /~ 29960879 sec 60.757
processed 7770000 states 13444476 /~ 29960879 sec 60.8471
processed 7780000 states 13458302 /~ 29960879 sec 60.9449
processed 7790000 states 13470434 /~ 29960879 sec 61.042
processed 7800000 states 13483866 /~ 29960879 sec 61.1275
processed 7810000 states 13495698 /~ 29960879 sec 61.21
processed 7820000 states 13508327 /~ 29960879 sec 61.291
processed 7830000 states 13521360 /~ 29960879 sec 61.3771
processed 7840000 states 13535434 /~ 29960879 sec 61.4521
processed 7850000 states 13547172 /~ 29960879 sec 61.5291
processed 7860000 states 13562806 /~ 29960879 sec 61.6122
processed 7870000 states 13576954 /~ 29960879 sec 61.6997
processed 7880000 states 13591202 /~ 29960879 sec 61.7853
processed 7890000 states 13605194 /~ 29960879 sec 61.8773
processed 7900000 states 13616364 /~ 29960879 sec 61.971
processed 7910000 states 13627581 /~ 29960879 sec 62.0603
processed 7920000 states 13642721 /~ 29960879 sec 62.1404
processed 7930000 states 13654300 /~ 29960879 sec 62.2222
processed 7940000 states 13668221 /~ 29960879 sec 62.2979
processed 7950000 states 13684898 /~ 29960879 sec 62.383
processed 7960000 states 13699464 /~ 29960879 sec 62.4644
processed 7970000 states 13714518 /~ 29960879 sec 62.5469
processed 7980000 states 13728522 /~ 29960879 sec 62.6367
processed 7990000 states 13741738 /~ 29960879 sec 62.7146
processed 8000000 states 13754706 /~ 29960879 sec 62.7884
processed 8010000 states 13766040 /~ 29960879 sec 62.8676
processed 8020000 states 13780627 /~ 29960879 sec 62.9457
processed 8030000 states 13796068 /~ 29960879 sec 63.0347
processed 8040000 states 13810902 /~ 29960879 sec 63.125
processed 8050000 states 13826045 /~ 29960879 sec 63.2098
processed 8060000 states 13839674 /~ 29960879 sec 63.2991
processed 8070000 states 13850978 /~ 29960879 sec 63.3836
processed 8080000 states 13863108 /~ 29960879 sec 63.4697
processed 8090000 states 13876004 /~ 29960879 sec 63.554
processed 8100000 states 13891861 /~ 29960879 sec 63.6389
processed 8110000 states 13905614 /~ 29960879 sec 63.7277
processed 8120000 states 13916588 /~ 29960879 sec 63.8173
processed 8130000 states 13930926 /~ 29960879 sec 63.9062
processed 8140000 states 13942998 /~ 29960879 sec 63.9971
processed 8150000 states 13954220 /~ 29960879 sec 64.0948
processed 8160000 states 13964996 /~ 29960879 sec 64.1813
processed 8170000 states 13977102 /~ 29960879 sec 64.2682
processed 8180000 states 13986521 /~ 29960879 sec 64.357
processed 8190000 states 13996802 /~ 29960879 sec 64.432
processed 8200000 states 14006182 /~ 29960879 sec 64.5008
processed 8210000 states 14019516 /~ 29960879 sec 64.5768
processed 8220000 states 14033558 /~ 29960879 sec 64.6488
processed 8230000 states 14046182 /~ 29960879 sec 64.7289
processed 8240000 states 14057291 /~ 29960879 sec 64.8036
processed 8250000 states 14069749 /~ 29960879 sec 64.8815
processed 8260000 states 14080199 /~ 29960879 sec 64.9642
processed 8270000 states 14090257 /~ 29960879 sec 65.0397
processed 8280000 states 14100192 /~ 29960879 sec 65.1103
processed 8290000 states 14113220 /~ 29960879 sec 65.1779
processed 8300000 states 14124548 /~ 29960879 sec 65.2507
processed 8310000 states 14135468 /~ 29960879 sec 65.3145
processed 8320000 states 14148073 /~ 29960879 sec 65.3925
processed 8330000 states 14163949 /~ 29960879 sec 65.4716
processed 8340000 states 14178327 /~ 29960879 sec 65.5566
processed 8350000 states 14190658 /~ 29960879 sec 65.6607
processed 8360000 states 14202694 /~ 29960879 sec 65.7428
processed 8370000 states 14213758 /~ 29960879 sec 65.8224
processed 8380000 states 14228491 /~ 29960879 sec 65.9058
processed 8390000 states 14241506 /~ 29960879 sec 65.9859
processed 8400000 states 14253989 /~ 29960879 sec 66.0736
processed 8410000 states 14263951 /~ 29960879 sec 66.1587
processed 8420000 states 14274535 /~ 29960879 sec 66.2398
processed 8430000 states 14288097 /~ 29960879 sec 66.3238
processed 8440000 states 14300094 /~ 29960879 sec 66.4096
processed 8450000 states 14314749 /~ 29960879 sec 66.4921
processed 8460000 states 14328313 /~ 29960879 sec 66.573
processed 8470000 states 14338722 /~ 29960879 sec 66.6553
processed 8480000 states 14352620 /~ 29960879 sec 66.7372
processed 8490000 states 14363855 /~ 29960879 sec 66.8245
processed 8500000 states 14374514 /~ 29960879 sec 66.9148
processed 8510000 states 14384200 /~ 29960879 sec 66.9973
processed 8520000 states 14394226 /~ 29960879 sec 67.0719
processed 8530000 states 14406118 /~ 29960879 sec 67.1464
processed 8540000 states 14416405 /~ 29960879 sec 67.2247
processed 8550000 states 14424375 /~ 29960879 sec 67.3036
processed 8560000 states 14434073 /~ 29960879 sec 67.3761
processed 8570000 states 14444752 /~ 29960879 sec 67.4441
processed 8580000 states 14456470 /~ 29960879 sec 67.5195
processed 8590000 states 14466657 /~ 29960879 sec 67.5941
processed 8600000 states 14476114 /~ 29960879 sec 67.6749
processed 8610000 states 14483519 /~ 29960879 sec 67.7471
processed 8620000 states 14497666 /~ 29960879 sec 67.8386
processed 8630000 states 14515333 /~ 29960879 sec 67.9427
processed 8640000 states 14532822 /~ 29960879 sec 68.0472
processed 8650000 states 14550859 /~ 29960879 sec 68.1465
processed 8660000 states 14567671 /~ 29960879 sec 68.2448
processed 8670000 states 14585121 /~ 29960879 sec 68.3427
processed 8680000 states 14601809 /~ 29960879 sec 68.4405
processed 8690000 states 14618086 /~ 29960879 sec 68.5427
processed 8700000 states 14633053 /~ 29960879 sec 68.6405
processed 8710000 states 14650311 /~ 29960879 sec 68.7447
processed 8720000 states 14668312 /~ 29960879 sec 68.8476
processed 8730000 states 14683419 /~ 29960879 sec 68.9467
processed 8740000 states 14697795 /~ 29960879 sec 69.0406
processed 8750000 states 14713051 /~ 29960879 sec 69.1363
processed 8760000 states 14728692 /~ 29960879 sec 69.2397
processed 8770000 states 14742749 /~ 29960879 sec 69.3372
processed 8780000 states 14758578 /~ 29960879 sec 69.4313
processed 8790000 states 14774167 /~ 29960879 sec 69.5205
processed 8800000 states 14790916 /~ 29960879 sec 69.6093
processed 8810000 states 14804968 /~ 29960879 sec 69.6999
processed 8820000 states 14817601 /~ 29960879 sec 69.798
processed 8830000 states 14830156 /~ 29960879 sec 69.8942
processed 8840000 states 14846421 /~ 29960879 sec 69.9883
processed 8850000 states 14860672 /~ 29960879 sec 70.0886
processed 8860000 states 14876317 /~ 29960879 sec 70.1928
processed 8870000 states 14890028 /~ 29960879 sec 70.3345
processed 8880000 states 14901847 /~ 29960879 sec 70.4378
processed 8890000 states 14918805 /~ 29960879 sec 70.5455
processed 8900000 states 14933543 /~ 29960879 sec 70.6516
processed 8910000 states 14946586 /~ 29960879 sec 70.7436
processed 8920000 states 14961077 /~ 29960879 sec 70.8366
processed 8930000 states 14974522 /~ 29960879 sec 70.9272
processed 8940000 states 14989354 /~ 29960879 sec 71.0228
processed 8950000 states 15002261 /~ 29960879 sec 71.1106
processed 8960000 states 15014670 /~ 29960879 sec 71.1995
processed 8970000 states 15029295 /~ 29960879 sec 71.2824
processed 8980000 states 15040191 /~ 29960879 sec 71.3713
processed 8990000 states 15051978 /~ 29960879 sec 71.4654
processed 9000000 states 15063643 /~ 29960879 sec 71.5603
processed 9010000 states 15077665 /~ 29960879 sec 71.6597
processed 9020000 states 15092221 /~ 29960879 sec 71.7602
processed 9030000 states 15104978 /~ 29960879 sec 71.8527
processed 9040000 states 15116980 /~ 29960879 sec 71.9411
processed 9050000 states 15127772 /~ 29960879 sec 72.0283
processed 9060000 states 15139168 /~ 29960879 sec 72.1129
processed 9070000 states 15150367 /~ 29960879 sec 72.1925
processed 9080000 states 15162158 /~ 29960879 sec 72.2754
processed 9090000 states 15174132 /~ 29960879 sec 72.362
processed 9100000 states 15184734 /~ 29960879 sec 72.4472
processed 9110000 states 15196010 /~ 29960879 sec 72.5277
processed 9120000 states 15208537 /~ 29960879 sec 72.6192
processed 9130000 states 15221400 /~ 29960879 sec 72.7137
processed 9140000 states 15233607 /~ 29960879 sec 72.7979
processed 9150000 states 15245057 /~ 29960879 sec 72.8852
processed 9160000 states 15256300 /~ 29960879 sec 72.9692
processed 9170000 states 15267179 /~ 29960879 sec 73.0586
processed 9180000 states 15279705 /~ 29960879 sec 73.1512
processed 9190000 states 15290417 /~ 29960879 sec 73.2371
processed 9200000 states 15300548 /~ 29960879 sec 73.321
processed 9210000 states 15310702 /~ 29960879 sec 73.4065
processed 9220000 states 15321891 /~ 29960879 sec 73.4974
processed 9230000 states 15333957 /~ 29960879 sec 73.586
processed 9240000 states 15344186 /~ 29960879 sec 73.6697
processed 9250000 states 15353367 /~ 29960879 sec 73.7519
processed 9260000 states 15362218 /~ 29960879 sec 73.8326
processed 9270000 states 15371875 /~ 29960879 sec 73.9135
processed 9280000 states 15380632 /~ 29960879 sec 73.9958
processed 9290000 states 15390206 /~ 29960879 sec 74.0762
processed 9300000 states 15399186 /~ 29960879 sec 74.1558
processed 9310000 states 15408684 /~ 29960879 sec 74.2327
processed 9320000 states 15417977 /~ 29960879 sec 74.312
processed 9330000 states 15428179 /~ 29960879 sec 74.3934
processed 9340000 states 15439074 /~ 29960879 sec 74.47
processed 9350000 states 15450557 /~ 29960879 sec 74.5499
processed 9360000 states 15460092 /~ 29960879 sec 74.6231
processed 9370000 states 15471324 /~ 29960879 sec 74.6954
processed 9380000 states 15480181 /~ 29960879 sec 74.7665
processed 9390000 states 15491613 /~ 29960879 sec 74.8374
processed 9400000 states 15500139 /~ 29960879 sec 74.9068
processed 9410000 states 15510753 /~ 29960879 sec 74.9808
processed 9420000 states 15519886 /~ 29960879 sec 75.0508
processed 9430000 states 15528613 /~ 29960879 sec 75.1216
processed 9440000 states 15538233 /~ 29960879 sec 75.2001
processed 9450000 states 15549611 /~ 29960879 sec 75.2905
processed 9460000 states 15561325 /~ 29960879 sec 75.3783
processed 9470000 states 15572565 /~ 29960879 sec 75.4646
processed 9480000 states 15583504 /~ 29960879 sec 75.5456
processed 9490000 states 15594693 /~ 29960879 sec 75.6289
processed 9500000 states 15605266 /~ 29960879 sec 75.7094
processed 9510000 states 15614564 /~ 29960879 sec 75.7906
processed 9520000 states 15624847 /~ 29960879 sec 75.8769
processed 9530000 states 15636548 /~ 29960879 sec 75.9655
processed 9540000 states 15646131 /~ 29960879 sec 76.0504
processed 9550000 states 15654861 /~ 29960879 sec 76.1319
processed 9560000 states 15664247 /~ 29960879 sec 76.217
processed 9570000 states 15673618 /~ 29960879 sec 76.3025
processed 9580000 states 15681991 /~ 29960879 sec 76.3823
processed 9590000 states 15690630 /~ 29960879 sec 76.4626
processed 9600000 states 15699358 /~ 29960879 sec 76.5438
processed 9610000 states 15708020 /~ 29960879 sec 76.6269
processed 9620000 states 15717168 /~ 29960879 sec 76.715
processed 9630000 states 15727161 /~ 29960879 sec 76.7973
processed 9640000 states 15735774 /~ 29960879 sec 76.8808
processed 9650000 states 15742945 /~ 29960879 sec 76.9591
processed 9660000 states 15752031 /~ 29960879 sec 77.0369
processed 9670000 states 15759911 /~ 29960879 sec 77.1134
processed 9680000 states 15767432 /~ 29960879 sec 77.1876
processed 9690000 states 15775497 /~ 29960879 sec 77.2652
processed 9700000 states 15783294 /~ 29960879 sec 77.3424
processed 9710000 states 15790222 /~ 29960879 sec 77.4171
processed 9720000 states 15797263 /~ 29960879 sec 77.491
processed 9730000 states 15805503 /~ 29960879 sec 77.5653
processed 9740000 states 15814913 /~ 29960879 sec 77.6414
processed 9750000 states 15823735 /~ 29960879 sec 77.7155
processed 9760000 states 15832929 /~ 29960879 sec 77.7916
processed 9770000 states 15841174 /~ 29960879 sec 77.8732
processed 9780000 states 15848787 /~ 29960879 sec 77.9489
processed 9790000 states 15856364 /~ 29960879 sec 78.0237
processed 9800000 states 15864617 /~ 29960879 sec 78.0971
processed 9810000 states 15872997 /~ 29960879 sec 78.1629
processed 9820000 states 15880903 /~ 29960879 sec 78.2274
processed 9830000 states 15893777 /~ 29960879 sec 78.3156
processed 9840000 states 15907250 /~ 29960879 sec 78.4057
processed 9850000 states 15921565 /~ 29960879 sec 78.5219
processed 9860000 states 15933576 /~ 29960879 sec 78.6174
processed 9870000 states 15945618 /~ 29960879 sec 78.7031
processed 9880000 states 15956885 /~ 29960879 sec 78.7874
processed 9890000 states 15970351 /~ 29960879 sec 78.878
processed 9900000 states 15983733 /~ 29960879 sec 78.9666
processed 9910000 states 15996242 /~ 29960879 sec 79.0493
processed 9920000 states 16007868 /~ 29960879 sec 79.1307
processed 9930000 states 16019310 /~ 29960879 sec 79.2119
processed 9940000 states 16031385 /~ 29960879 sec 79.2897
processed 9950000 states 16042372 /~ 29960879 sec 79.3707
processed 9960000 states 16052492 /~ 29960879 sec 79.4508
processed 9970000 states 16063741 /~ 29960879 sec 79.5317
processed 9980000 states 16074193 /~ 29960879 sec 79.6149
processed 9990000 states 16086121 /~ 29960879 sec 79.6927
processed 10000000 states 16096174 /~ 29960879 sec 79.7777
processed 10010000 states 16104724 /~ 29960879 sec 79.854
processed 10020000 states 16114950 /~ 29960879 sec 79.9279
processed 10030000 states 16123309 /~ 29960879 sec 79.9991
processed 10040000 states 16131226 /~ 29960879 sec 80.072
processed 10050000 states 16141525 /~ 29960879 sec 80.147
processed 10060000 states 16150227 /~ 29960879 sec 80.2218
processed 10070000 states 16158681 /~ 29960879 sec 80.2945
processed 10080000 states 16166862 /~ 29960879 sec 80.3695
processed 10090000 states 16174801 /~ 29960879 sec 80.444
processed 10100000 states 16183630 /~ 29960879 sec 80.5196
processed 10110000 states 16192095 /~ 29960879 sec 80.5941
processed 10120000 states 16199830 /~ 29960879 sec 80.6671
processed 10130000 states 16208217 /~ 29960879 sec 80.7435
processed 10140000 states 16215796 /~ 29960879 sec 80.8166
processed 10150000 states 16222756 /~ 29960879 sec 80.8902
processed 10160000 states 16230522 /~ 29960879 sec 80.9628
processed 10170000 states 16237779 /~ 29960879 sec 81.0315
processed 10180000 states 16244635 /~ 29960879 sec 81.0965
processed 10190000 states 16252054 /~ 29960879 sec 81.1673
processed 10200000 states 16262166 /~ 29960879 sec 81.2421
processed 10210000 states 16271870 /~ 29960879 sec 81.3157
processed 10220000 states 16282145 /~ 29960879 sec 81.3911
processed 10230000 states 16291760 /~ 29960879 sec 81.4623
processed 10240000 states 16300371 /~ 29960879 sec 81.5336
processed 10250000 states 16307907 /~ 29960879 sec 81.6014
processed 10260000 states 16314815 /~ 29960879 sec 81.6708
processed 10270000 states 16323236 /~ 29960879 sec 81.739
processed 10280000 states 16334101 /~ 29960879 sec 81.8171
processed 10290000 states 16350203 /~ 29960879 sec 81.9165
processed 10300000 states 16364737 /~ 29960879 sec 82.0115
processed 10310000 states 16379136 /~ 29960879 sec 82.1023
processed 10320000 states 16394449 /~ 29960879 sec 82.1943
processed 10330000 states 16407942 /~ 29960879 sec 82.2813
processed 10340000 states 16421158 /~ 29960879 sec 82.3665
processed 10350000 states 16432433 /~ 29960879 sec 82.4472
processed 10360000 states 16443530 /~ 29960879 sec 82.5271
processed 10370000 states 16454078 /~ 29960879 sec 82.607
processed 10380000 states 16464254 /~ 29960879 sec 82.6916
processed 10390000 states 16473662 /~ 29960879 sec 82.7735
processed 10400000 states 16481544 /~ 29960879 sec 82.8527
processed 10410000 states 16489782 /~ 29960879 sec 82.9299
processed 10420000 states 16497849 /~ 29960879 sec 83.0012
processed 10430000 states 16506561 /~ 29960879 sec 83.0779
processed 10440000 states 16515719 /~ 29960879 sec 83.1612
processed 10450000 states 16524367 /~ 29960879 sec 83.2404
processed 10460000 states 16532679 /~ 29960879 sec 83.32
processed 10470000 states 16539710 /~ 29960879 sec 83.3956
processed 10480000 states 16546590 /~ 29960879 sec 83.471
processed 10490000 states 16554676 /~ 29960879 sec 83.5441
processed 10500000 states 16567234 /~ 29960879 sec 83.6329
processed 10510000 states 16579360 /~ 29960879 sec 83.7154
processed 10520000 states 16590069 /~ 29960879 sec 83.7954
processed 10530000 states 16599511 /~ 29960879 sec 83.8707
processed 10540000 states 16606973 /~ 29960879 sec 83.944
processed 10550000 states 16614412 /~ 29960879 sec 84.0165
processed 10560000 states 16621400 /~ 29960879 sec 84.0866
processed 10570000 states 16629459 /~ 29960879 sec 84.1559
processed 10580000 states 16639272 /~ 29960879 sec 84.2357
processed 10590000 states 16650379 /~ 29960879 sec 84.3151
processed 10600000 states 16662765 /~ 29960879 sec 84.4015
processed 10610000 states 16672744 /~ 29960879 sec 84.4818
processed 10620000 states 16682308 /~ 29960879 sec 84.5575
processed 10630000 states 16694725 /~ 29960879 sec 84.644
processed 10640000 states 16708625 /~ 29960879 sec 84.7279
processed 10650000 states 16720369 /~ 29960879 sec 84.8117
processed 10660000 states 16730984 /~ 29960879 sec 84.8937
processed 10670000 states 16742682 /~ 29960879 sec 84.9821
processed 10680000 states 16755278 /~ 29960879 sec 85.0746
processed 10690000 states 16766846 /~ 29960879 sec 85.169
processed 10700000 states 16776413 /~ 29960879 sec 85.257
processed 10710000 states 16786534 /~ 29960879 sec 85.3312
processed 10720000 states 16795439 /~ 29960879 sec 85.4077
processed 10730000 states 16807907 /~ 29960879 sec 85.4901
processed 10740000 states 16819607 /~ 29960879 sec 85.5715
processed 10750000 states 16831257 /~ 29960879 sec 85.6587
processed 10760000 states 16839656 /~ 29960879 sec 85.7339
processed 10770000 states 16849051 /~ 29960879 sec 85.8061
processed 10780000 states 16861242 /~ 29960879 sec 85.8864
processed 10790000 states 16872929 /~ 29960879 sec 85.9696
processed 10800000 states 16883430 /~ 29960879 sec 86.0512
processed 10810000 states 16894564 /~ 29960879 sec 86.137
processed 10820000 states 16904213 /~ 29960879 sec 86.2178
processed 10830000 states 16914490 /~ 29960879 sec 86.3036
processed 10840000 states 16928679 /~ 29960879 sec 86.3904
processed 10850000 states 16939672 /~ 29960879 sec 86.4737
processed 10860000 states 16950937 /~ 29960879 sec 86.5666
processed 10870000 states 16960651 /~ 29960879 sec 86.6512
processed 10880000 states 16969666 /~ 29960879 sec 86.7318
processed 10890000 states 16977818 /~ 29960879 sec 86.81
processed 10900000 states 16986255 /~ 29960879 sec 86.9113
processed 10910000 states 16996252 /~ 29960879 sec 87
processed 10920000 states 17004309 /~ 29960879 sec 87.0805
processed 10930000 states 17014871 /~ 29960879 sec 87.1753
processed 10940000 states 17025085 /~ 29960879 sec 87.2611
processed 10950000 states 17037937 /~ 29960879 sec 87.3479
processed 10960000 states 17050624 /~ 29960879 sec 87.4379
processed 10970000 states 17062973 /~ 29960879 sec 87.5372
processed 10980000 states 17074683 /~ 29960879 sec 87.6264
processed 10990000 states 17085856 /~ 29960879 sec 87.7264
processed 11000000 states 17096987 /~ 29960879 sec 87.8336
processed 11010000 states 17108107 /~ 29960879 sec 87.9384
processed 11020000 states 17122220 /~ 29960879 sec 88.0556
processed 11030000 states 17135086 /~ 29960879 sec 88.1708
processed 11040000 states 17148339 /~ 29960879 sec 88.3373
processed 11050000 states 17159675 /~ 29960879 sec 88.4533
processed 11060000 states 17169808 /~ 29960879 sec 88.5624
processed 11070000 states 17180262 /~ 29960879 sec 88.6784
processed 11080000 states 17192554 /~ 29960879 sec 88.8061
processed 11090000 states 17202326 /~ 29960879 sec 88.9399
processed 11100000 states 17212108 /~ 29960879 sec 89.0539
processed 11110000 states 17222226 /~ 29960879 sec 89.1618
processed 11120000 states 17233158 /~ 29960879 sec 89.2574
processed 11130000 states 17245339 /~ 29960879 sec 89.3844
processed 11140000 states 17257737 /~ 29960879 sec 89.5393
processed 11150000 states 17268786 /~ 29960879 sec 89.6591
processed 11160000 states 17280057 /~ 29960879 sec 89.776
processed 11170000 states 17292350 /~ 29960879 sec 89.8953
processed 11180000 states 17303606 /~ 29960879 sec 90.0085
processed 11190000 states 17314273 /~ 29960879 sec 90.1163
processed 11200000 states 17321689 /~ 29960879 sec 90.2102
processed 11210000 states 17331548 /~ 29960879 sec 90.3
processed 11220000 states 17341228 /~ 29960879 sec 90.3873
processed 11230000 states 17352796 /~ 29960879 sec 90.4788
processed 11240000 states 17364873 /~ 29960879 sec 90.5716
processed 11250000 states 17374427 /~ 29960879 sec 90.6641
processed 11260000 states 17383411 /~ 29960879 sec 90.7468
processed 11270000 states 17394285 /~ 29960879 sec 90.8316
processed 11280000 states 17406497 /~ 29960879 sec 90.9212
processed 11290000 states 17418286 /~ 29960879 sec 91.0041
processed 11300000 states 17429217 /~ 29960879 sec 91.0993
processed 11310000 states 17438671 /~ 29960879 sec 91.1825
processed 11320000 states 17449536 /~ 29960879 sec 91.276
processed 11330000 states 17458435 /~ 29960879 sec 91.3757
processed 11340000 states 17469629 /~ 29960879 sec 91.4763
processed 11350000 states 17479062 /~ 29960879 sec 91.5768
processed 11360000 states 17487496 /~ 29960879 sec 91.6679
processed 11370000 states 17496817 /~ 29960879 sec 91.7467
processed 11380000 states 17505969 /~ 29960879 sec 91.8298
processed 11390000 states 17515536 /~ 29960879 sec 91.9126
processed 11400000 states 17524609 /~ 29960879 sec 91.9954
processed 11410000 states 17532419 /~ 29960879 sec 92.0751
processed 11420000 states 17541226 /~ 29960879 sec 92.146
processed 11430000 states 17552562 /~ 29960879 sec 92.2273
processed 11440000 states 17564940 /~ 29960879 sec 92.3087
processed 11450000 states 17576678 /~ 29960879 sec 92.3937
processed 11460000 states 17587849 /~ 29960879 sec 92.4794
processed 11470000 states 17598283 /~ 29960879 sec 92.5653
processed 11480000 states 17609429 /~ 29960879 sec 92.6552
processed 11490000 states 17619244 /~ 29960879 sec 92.7498
processed 11500000 states 17630654 /~ 29960879 sec 92.8527
processed 11510000 states 17640838 /~ 29960879 sec 92.9617
processed 11520000 states 17652786 /~ 29960879 sec 93.0729
processed 11530000 states 17663782 /~ 29960879 sec 93.1875
processed 11540000 states 17673590 /~ 29960879 sec 93.3041
processed 11550000 states 17683914 /~ 29960879 sec 93.4235
processed 11560000 states 17692763 /~ 29960879 sec 93.5232
processed 11570000 states 17701414 /~ 29960879 sec 93.6165
processed 11580000 states 17709158 /~ 29960879 sec 93.7032
processed 11590000 states 17717645 /~ 29960879 sec 93.7905
processed 11600000 states 17726131 /~ 29960879 sec 93.8951
processed 11610000 states 17733258 /~ 29960879 sec 94.002
processed 11620000 states 17745381 /~ 29960879 sec 94.1146
processed 11630000 states 17752939 /~ 29960879 sec 94.2119
processed 11640000 states 17760409 /~ 29960879 sec 94.3031
processed 11650000 states 17770764 /~ 29960879 sec 94.3917
processed 11660000 states 17778772 /~ 29960879 sec 94.4716
processed 11670000 states 17793073 /~ 29960879 sec 94.5769
processed 11680000 states 17807719 /~ 29960879 sec 94.6866
processed 11690000 states 17822212 /~ 29960879 sec 94.7881
processed 11700000 states 17835397 /~ 29960879 sec 94.8859
processed 11710000 states 17848039 /~ 29960879 sec 94.9767
processed 11720000 states 17862564 /~ 29960879 sec 95.0663
processed 11730000 states 17873100 /~ 29960879 sec 95.1585
processed 11740000 states 17882256 /~ 29960879 sec 95.2502
processed 11750000 states 17894950 /~ 29960879 sec 95.3419
processed 11760000 states 17904678 /~ 29960879 sec 95.4297
processed 11770000 states 17913312 /~ 29960879 sec 95.5154
processed 11780000 states 17922766 /~ 29960879 sec 95.5923
processed 11790000 states 17932956 /~ 29960879 sec 95.6813
processed 11800000 states 17943631 /~ 29960879 sec 95.7731
processed 11810000 states 17954610 /~ 29960879 sec 95.8572
processed 11820000 states 17962644 /~ 29960879 sec 95.9353
processed 11830000 states 17971297 /~ 29960879 sec 96.012
processed 11840000 states 17979881 /~ 29960879 sec 96.0942
processed 11850000 states 17989596 /~ 29960879 sec 96.176
processed 11860000 states 18004368 /~ 29960879 sec 96.2648
processed 11870000 states 18017079 /~ 29960879 sec 96.3504
processed 11880000 states 18027627 /~ 29960879 sec 96.4328
processed 11890000 states 18039313 /~ 29960879 sec 96.509
processed 11900000 states 18048424 /~ 29960879 sec 96.5863
processed 11910000 states 18058504 /~ 29960879 sec 96.6667
processed 11920000 states 18067268 /~ 29960879 sec 96.7422
processed 11930000 states 18078631 /~ 29960879 sec 96.8248
processed 11940000 states 18088824 /~ 29960879 sec 96.906
processed 11950000 states 18102076 /~ 29960879 sec 97.014
processed 11960000 states 18110994 /~ 29960879 sec 97.1091
processed 11970000 states 18119157 /~ 29960879 sec 97.214
processed 11980000 states 18128209 /~ 29960879 sec 97.3257
processed 11990000 states 18139077 /~ 29960879 sec 97.4372
processed 12000000 states 18147345 /~ 29960879 sec 97.5446
processed 12010000 states 18159765 /~ 29960879 sec 97.6601
processed 12020000 states 18170826 /~ 29960879 sec 97.76
processed 12030000 states 18183257 /~ 29960879 sec 97.8513
processed 12040000 states 18196241 /~ 29960879 sec 97.949
processed 12050000 states 18208888 /~ 29960879 sec 98.0518
processed 12060000 states 18220690 /~ 29960879 sec 98.1366
processed 12070000 states 18233046 /~ 29960879 sec 98.2277
processed 12080000 states 18244583 /~ 29960879 sec 98.3179
processed 12090000 states 18256676 /~ 29960879 sec 98.4205
processed 12100000 states 18269893 /~ 29960879 sec 98.5248
processed 12110000 states 18281540 /~ 29960879 sec 98.627
processed 12120000 states 18293287 /~ 29960879 sec 98.7253
processed 12130000 states 18306652 /~ 29960879 sec 98.8306
processed 12140000 states 18318085 /~ 29960879 sec 98.9368
processed 12150000 states 18328648 /~ 29960879 sec 99.0322
processed 12160000 states 18341409 /~ 29960879 sec 99.1069
processed 12170000 states 18352207 /~ 29960879 sec 99.1921
processed 12180000 states 18363155 /~ 29960879 sec 99.2763
processed 12190000 states 18373623 /~ 29960879 sec 99.3658
processed 12200000 states 18386747 /~ 29960879 sec 99.4634
processed 12210000 states 18400694 /~ 29960879 sec 99.5646
processed 12220000 states 18411763 /~ 29960879 sec 99.663
processed 12230000 states 18421517 /~ 29960879 sec 99.7569
processed 12240000 states 18431798 /~ 29960879 sec 99.8489
processed 12250000 states 18447104 /~ 29960879 sec 99.94
processed 12260000 states 18460728 /~ 29960879 sec 100.031
processed 12270000 states 18472822 /~ 29960879 sec 100.113
processed 12280000 states 18487349 /~ 29960879 sec 100.203
processed 12290000 states 18500943 /~ 29960879 sec 100.292
processed 12300000 states 18515638 /~ 29960879 sec 100.385
processed 12310000 states 18530047 /~ 29960879 sec 100.487
processed 12320000 states 18542332 /~ 29960879 sec 100.579
processed 12330000 states 18554056 /~ 29960879 sec 100.663
processed 12340000 states 18564586 /~ 29960879 sec 100.75
processed 12350000 states 18576441 /~ 29960879 sec 100.835
processed 12360000 states 18589061 /~ 29960879 sec 100.927
processed 12370000 states 18600737 /~ 29960879 sec 101.017
processed 12380000 states 18613507 /~ 29960879 sec 101.111
processed 12390000 states 18624907 /~ 29960879 sec 101.209
processed 12400000 states 18634970 /~ 29960879 sec 101.298
processed 12410000 states 18646354 /~ 29960879 sec 101.386
processed 12420000 states 18659131 /~ 29960879 sec 101.479
processed 12430000 states 18670451 /~ 29960879 sec 101.58
processed 12440000 states 18682522 /~ 29960879 sec 101.679
processed 12450000 states 18694986 /~ 29960879 sec 101.785
processed 12460000 states 18705935 /~ 29960879 sec 101.891
processed 12470000 states 18716932 /~ 29960879 sec 102.014
processed 12480000 states 18726731 /~ 29960879 sec 102.135
processed 12490000 states 18737852 /~ 29960879 sec 102.251
processed 12500000 states 18746591 /~ 29960879 sec 102.357
processed 12510000 states 18755457 /~ 29960879 sec 102.446
processed 12520000 states 18764972 /~ 29960879 sec 102.535
processed 12530000 states 18777367 /~ 29960879 sec 102.621
processed 12540000 states 18789834 /~ 29960879 sec 102.711
processed 12550000 states 18801179 /~ 29960879 sec 102.801
processed 12560000 states 18813923 /~ 29960879 sec 102.894
processed 12570000 states 18825742 /~ 29960879 sec 102.987
processed 12580000 states 18834972 /~ 29960879 sec 103.072
processed 12590000 states 18842888 /~ 29960879 sec 103.151
processed 12600000 states 18854074 /~ 29960879 sec 103.227
processed 12610000 states 18865085 /~ 29960879 sec 103.308
processed 12620000 states 18873062 /~ 29960879 sec 103.379
processed 12630000 states 18884889 /~ 29960879 sec 103.463
processed 12640000 states 18897606 /~ 29960879 sec 103.553
processed 12650000 states 18909210 /~ 29960879 sec 103.64
processed 12660000 states 18920621 /~ 29960879 sec 103.729
processed 12670000 states 18930740 /~ 29960879 sec 103.816
processed 12680000 states 18941438 /~ 29960879 sec 103.908
processed 12690000 states 18950485 /~ 29960879 sec 103.997
processed 12700000 states 18961408 /~ 29960879 sec 104.09
processed 12710000 states 18973609 /~ 29960879 sec 104.185
processed 12720000 states 18985752 /~ 29960879 sec 104.285
processed 12730000 states 18995611 /~ 29960879 sec 104.386
processed 12740000 states 19006166 /~ 29960879 sec 104.49
processed 12750000 states 19016114 /~ 29960879 sec 104.597
processed 12760000 states 19025290 /~ 29960879 sec 104.69
processed 12770000 states 19034494 /~ 29960879 sec 104.775
processed 12780000 states 19044234 /~ 29960879 sec 104.864
processed 12790000 states 19052551 /~ 29960879 sec 104.954
processed 12800000 states 19061209 /~ 29960879 sec 105.035
processed 12810000 states 19069614 /~ 29960879 sec 105.117
processed 12820000 states 19078410 /~ 29960879 sec 105.203
processed 12830000 states 19086699 /~ 29960879 sec 105.292
processed 12840000 states 19097364 /~ 29960879 sec 105.377
processed 12850000 states 19110340 /~ 29960879 sec 105.474
processed 12860000 states 19120506 /~ 29960879 sec 105.574
processed 12870000 states 19134211 /~ 29960879 sec 105.677
processed 12880000 states 19143096 /~ 29960879 sec 105.785
processed 12890000 states 19151742 /~ 29960879 sec 105.896
processed 12900000 states 19163209 /~ 29960879 sec 106.008
processed 12910000 states 19172602 /~ 29960879 sec 106.121
processed 12920000 states 19182556 /~ 29960879 sec 106.229
processed 12930000 states 19193975 /~ 29960879 sec 106.336
processed 12940000 states 19205709 /~ 29960879 sec 106.444
processed 12950000 states 19216799 /~ 29960879 sec 106.55
processed 12960000 states 19229625 /~ 29960879 sec 106.655
processed 12970000 states 19240845 /~ 29960879 sec 106.754
processed 12980000 states 19252052 /~ 29960879 sec 106.871
processed 12990000 states 19261571 /~ 29960879 sec 106.992
processed 13000000 states 19271789 /~ 29960879 sec 107.136
processed 13010000 states 19282741 /~ 29960879 sec 107.274
processed 13020000 states 19293198 /~ 29960879 sec 107.421
processed 13030000 states 19302851 /~ 29960879 sec 107.566
processed 13040000 states 19313211 /~ 29960879 sec 107.752
processed 13050000 states 19323772 /~ 29960879 sec 107.921
processed 13060000 states 19332945 /~ 29960879 sec 108.084
processed 13070000 states 19342663 /~ 29960879 sec 108.231
processed 13080000 states 19354156 /~ 29960879 sec 108.349
processed 13090000 states 19365569 /~ 29960879 sec 108.49
processed 13100000 states 19377930 /~ 29960879 sec 108.625
processed 13110000 states 19387676 /~ 29960879 sec 108.75
processed 13120000 states 19401012 /~ 29960879 sec 108.869
processed 13130000 states 19412208 /~ 29960879 sec 108.99
processed 13140000 states 19424335 /~ 29960879 sec 109.114
processed 13150000 states 19433462 /~ 29960879 sec 109.231
processed 13160000 states 19442990 /~ 29960879 sec 109.339
processed 13170000 states 19452687 /~ 29960879 sec 109.511
processed 13180000 states 19463970 /~ 29960879 sec 109.634
processed 13190000 states 19479573 /~ 29960879 sec 109.762
processed 13200000 states 19492921 /~ 29960879 sec 109.891
processed 13210000 states 19504327 /~ 29960879 sec 110
processed 13220000 states 19518722 /~ 29960879 sec 110.111
processed 13230000 states 19530922 /~ 29960879 sec 110.241
processed 13240000 states 19542605 /~ 29960879 sec 110.389
processed 13250000 states 19552446 /~ 29960879 sec 110.515
processed 13260000 states 19561912 /~ 29960879 sec 110.628
processed 13270000 states 19574460 /~ 29960879 sec 110.724
processed 13280000 states 19584785 /~ 29960879 sec 110.817
processed 13290000 states 19597134 /~ 29960879 sec 110.909
processed 13300000 states 19608517 /~ 29960879 sec 111.006
processed 13310000 states 19619019 /~ 29960879 sec 111.111
processed 13320000 states 19627703 /~ 29960879 sec 111.2
processed 13330000 states 19638089 /~ 29960879 sec 111.288
processed 13340000 states 19649861 /~ 29960879 sec 111.381
processed 13350000 states 19661055 /~ 29960879 sec 111.487
processed 13360000 states 19672136 /~ 29960879 sec 111.59
processed 13370000 states 19681384 /~ 29960879 sec 111.695
processed 13380000 states 19690453 /~ 29960879 sec 111.801
processed 13390000 states 19698313 /~ 29960879 sec 111.91
processed 13400000 states 19705450 /~ 29960879 sec 112.012
processed 13410000 states 19716867 /~ 29960879 sec 112.114
processed 13420000 states 19728053 /~ 29960879 sec 112.221
processed 13430000 states 19737938 /~ 29960879 sec 112.334
processed 13440000 states 19746675 /~ 29960879 sec 112.438
processed 13450000 states 19755805 /~ 29960879 sec 112.556
processed 13460000 states 19764423 /~ 29960879 sec 112.671
processed 13470000 states 19771901 /~ 29960879 sec 112.787
processed 13480000 states 19780822 /~ 29960879 sec 112.895
processed 13490000 states 19787147 /~ 29960879 sec 113.002
processed 13500000 states 19796005 /~ 29960879 sec 113.088
processed 13510000 states 19805020 /~ 29960879 sec 113.182
processed 13520000 states 19813879 /~ 29960879 sec 113.28
processed 13530000 states 19824107 /~ 29960879 sec 113.371
processed 13540000 states 19834099 /~ 29960879 sec 113.466
processed 13550000 states 19843283 /~ 29960879 sec 113.56
processed 13560000 states 19855702 /~ 29960879 sec 113.658
processed 13570000 states 19866062 /~ 29960879 sec 113.764
processed 13580000 states 19873958 /~ 29960879 sec 113.87
processed 13590000 states 19884217 /~ 29960879 sec 113.975
processed 13600000 states 19894070 /~ 29960879 sec 114.086
processed 13610000 states 19902063 /~ 29960879 sec 114.205
processed 13620000 states 19908686 /~ 29960879 sec 114.308
processed 13630000 states 19917387 /~ 29960879 sec 114.405
processed 13640000 states 19927074 /~ 29960879 sec 114.505
processed 13650000 states 19935957 /~ 29960879 sec 114.612
processed 13660000 states 19942454 /~ 29960879 sec 114.703
processed 13670000 states 19955244 /~ 29960879 sec 114.8
processed 13680000 states 19967808 /~ 29960879 sec 114.903
processed 13690000 states 19977327 /~ 29960879 sec 115.007
processed 13700000 states 19989834 /~ 29960879 sec 115.116
processed 13710000 states 20001196 /~ 29960879 sec 115.231
processed 13720000 states 20011700 /~ 29960879 sec 115.351
processed 13730000 states 20020794 /~ 29960879 sec 115.468
processed 13740000 states 20030173 /~ 29960879 sec 115.569
processed 13750000 states 20038408 /~ 29960879 sec 115.668
processed 13760000 states 20048366 /~ 29960879 sec 115.761
processed 13770000 states 20056693 /~ 29960879 sec 115.856
processed 13780000 states 20069235 /~ 29960879 sec 115.958
processed 13790000 states 20080766 /~ 29960879 sec 116.062
processed 13800000 states 20091892 /~ 29960879 sec 116.174
processed 13810000 states 20101795 /~ 29960879 sec 116.28
processed 13820000 states 20111689 /~ 29960879 sec 116.394
processed 13830000 states 20120472 /~ 29960879 sec 116.513
processed 13840000 states 20130179 /~ 29960879 sec 116.629
processed 13850000 states 20137949 /~ 29960879 sec 116.739
processed 13860000 states 20146882 /~ 29960879 sec 116.841
processed 13870000 states 20153624 /~ 29960879 sec 116.946
processed 13880000 states 20166446 /~ 29960879 sec 117.077
processed 13890000 states 20177600 /~ 29960879 sec 117.222
processed 13900000 states 20187522 /~ 29960879 sec 117.36
processed 13910000 states 20195529 /~ 29960879 sec 117.513
processed 13920000 states 20203828 /~ 29960879 sec 117.647
processed 13930000 states 20212911 /~ 29960879 sec 117.791
processed 13940000 states 20219991 /~ 29960879 sec 117.924
processed 13950000 states 20229387 /~ 29960879 sec 118.06
processed 13960000 states 20235946 /~ 29960879 sec 118.195
processed 13970000 states 20243648 /~ 29960879 sec 118.333
processed 13980000 states 20250608 /~ 29960879 sec 118.499
processed 13990000 states 20256592 /~ 29960879 sec 118.665
processed 14000000 states 20264254 /~ 29960879 sec 118.796
processed 14010000 states 20271988 /~ 29960879 sec 118.928
processed 14020000 states 20282849 /~ 29960879 sec 119.055
processed 14030000 states 20293436 /~ 29960879 sec 119.165
processed 14040000 states 20302003 /~ 29960879 sec 119.272
processed 14050000 states 20309651 /~ 29960879 sec 119.39
processed 14060000 states 20317944 /~ 29960879 sec 119.493
processed 14070000 states 20326457 /~ 29960879 sec 119.601
processed 14080000 states 20334366 /~ 29960879 sec 119.709
processed 14090000 states 20341512 /~ 29960879 sec 119.807
processed 14100000 states 20348709 /~ 29960879 sec 119.898
processed 14110000 states 20358226 /~ 29960879 sec 119.985
processed 14120000 states 20367042 /~ 29960879 sec 120.072
processed 14130000 states 20373535 /~ 29960879 sec 120.157
processed 14140000 states 20381267 /~ 29960879 sec 120.237
processed 14150000 states 20391575 /~ 29960879 sec 120.328
processed 14160000 states 20405778 /~ 29960879 sec 120.426
processed 14170000 states 20417115 /~ 29960879 sec 120.524
processed 14180000 states 20427614 /~ 29960879 sec 120.624
processed 14190000 states 20437506 /~ 29960879 sec 120.721
processed 14200000 states 20447400 /~ 29960879 sec 120.816
processed 14210000 states 20457516 /~ 29960879 sec 120.912
processed 14220000 states 20467963 /~ 29960879 sec 121.006
processed 14230000 states 20478590 /~ 29960879 sec 121.106
processed 14240000 states 20488571 /~ 29960879 sec 121.203
processed 14250000 states 20498462 /~ 29960879 sec 121.337
processed 14260000 states 20506834 /~ 29960879 sec 121.5
processed 14270000 states 20512767 /~ 29960879 sec 121.619
processed 14280000 states 20524814 /~ 29960879 sec 121.727
processed 14290000 states 20534652 /~ 29960879 sec 121.833
processed 14300000 states 20543815 /~ 29960879 sec 121.938
processed 14310000 states 20555592 /~ 29960879 sec 122.041
processed 14320000 states 20564409 /~ 29960879 sec 122.144
processed 14330000 states 20573897 /~ 29960879 sec 122.259
processed 14340000 states 20581127 /~ 29960879 sec 122.357
processed 14350000 states 20591420 /~ 29960879 sec 122.476
processed 14360000 states 20599301 /~ 29960879 sec 122.593
processed 14370000 states 20608129 /~ 29960879 sec 122.705
processed 14380000 states 20615459 /~ 29960879 sec 122.814
processed 14390000 states 20621241 /~ 29960879 sec 122.914
processed 14400000 states 20629325 /~ 29960879 sec 123.009
processed 14410000 states 20636150 /~ 29960879 sec 123.105
processed 14420000 states 20642943 /~ 29960879 sec 123.216
processed 14430000 states 20649209 /~ 29960879 sec 123.318
processed 14440000 states 20654896 /~ 29960879 sec 123.44
processed 14450000 states 20664319 /~ 29960879 sec 123.557
processed 14460000 states 20672133 /~ 29960879 sec 123.672
processed 14470000 states 20680627 /~ 29960879 sec 123.786
processed 14480000 states 20687063 /~ 29960879 sec 123.9
processed 14490000 states 20694329 /~ 29960879 sec 124.017
processed 14500000 states 20705587 /~ 29960879 sec 124.186
processed 14510000 states 20716037 /~ 29960879 sec 124.344
processed 14520000 states 20729541 /~ 29960879 sec 124.491
processed 14530000 states 20742191 /~ 29960879 sec 124.632
processed 14540000 states 20755741 /~ 29960879 sec 124.765
processed 14550000 states 20769204 /~ 29960879 sec 124.895
processed 14560000 states 20783989 /~ 29960879 sec 125.025
processed 14570000 states 20795403 /~ 29960879 sec 125.149
processed 14580000 states 20807671 /~ 29960879 sec 125.27
processed 14590000 states 20820627 /~ 29960879 sec 125.399
processed 14600000 states 20833113 /~ 29960879 sec 125.529
processed 14610000 states 20845490 /~ 29960879 sec 125.659
processed 14620000 states 20858670 /~ 29960879 sec 125.79
processed 14630000 states 20870746 /~ 29960879 sec 125.917
processed 14640000 states 20882554 /~ 29960879 sec 126.046
processed 14650000 states 20893445 /~ 29960879 sec 126.177
processed 14660000 states 20905373 /~ 29960879 sec 126.311
processed 14670000 states 20917959 /~ 29960879 sec 126.451
processed 14680000 states 20929763 /~ 29960879 sec 126.578
processed 14690000 states 20941149 /~ 29960879 sec 126.693
processed 14700000 states 20950953 /~ 29960879 sec 126.804
processed 14710000 states 20963796 /~ 29960879 sec 126.947
processed 14720000 states 20976105 /~ 29960879 sec 127.077
processed 14730000 states 20988552 /~ 29960879 sec 127.206
processed 14740000 states 20999299 /~ 29960879 sec 127.34
processed 14750000 states 21011530 /~ 29960879 sec 127.468
processed 14760000 states 21023860 /~ 29960879 sec 127.585
processed 14770000 states 21036519 /~ 29960879 sec 127.701
processed 14780000 states 21050271 /~ 29960879 sec 127.815
processed 14790000 states 21063290 /~ 29960879 sec 127.928
processed 14800000 states 21075491 /~ 29960879 sec 128.037
processed 14810000 states 21086314 /~ 29960879 sec 128.146
processed 14820000 states 21095722 /~ 29960879 sec 128.255
processed 14830000 states 21105453 /~ 29960879 sec 128.37
processed 14840000 states 21118550 /~ 29960879 sec 128.485
processed 14850000 states 21132288 /~ 29960879 sec 128.609
processed 14860000 states 21143264 /~ 29960879 sec 128.723
processed 14870000 states 21155168 /~ 29960879 sec 128.842
processed 14880000 states 21167092 /~ 29960879 sec 128.962
processed 14890000 states 21177964 /~ 29960879 sec 129.081
processed 14900000 states 21187422 /~ 29960879 sec 129.187
processed 14910000 states 21199314 /~ 29960879 sec 129.307
processed 14920000 states 21210926 /~ 29960879 sec 129.434
processed 14930000 states 21220248 /~ 29960879 sec 129.574
processed 14940000 states 21230921 /~ 29960879 sec 129.706
processed 14950000 states 21239086 /~ 29960879 sec 129.852
processed 14960000 states 21250589 /~ 29960879 sec 130.005
processed 14970000 states 21260600 /~ 29960879 sec 130.141
processed 14980000 states 21272089 /~ 29960879 sec 130.279
processed 14990000 states 21282158 /~ 29960879 sec 130.416
processed 15000000 states 21292067 /~ 29960879 sec 130.526
processed 15010000 states 21300556 /~ 29960879 sec 130.641
processed 15020000 states 21311157 /~ 29960879 sec 130.76
processed 15030000 states 21321529 /~ 29960879 sec 130.871
processed 15040000 states 21329029 /~ 29960879 sec 130.982
processed 15050000 states 21337303 /~ 29960879 sec 131.101
processed 15060000 states 21346552 /~ 29960879 sec 131.213
processed 15070000 states 21355581 /~ 29960879 sec 131.32
processed 15080000 states 21366598 /~ 29960879 sec 131.448
processed 15090000 states 21377202 /~ 29960879 sec 131.606
processed 15100000 states 21385580 /~ 29960879 sec 131.756
processed 15110000 states 21395138 /~ 29960879 sec 131.912
processed 15120000 states 21404018 /~ 29960879 sec 132.069
processed 15130000 states 21411835 /~ 29960879 sec 132.225
processed 15140000 states 21420174 /~ 29960879 sec 132.376
processed 15150000 states 21428609 /~ 29960879 sec 132.52
processed 15160000 states 21437488 /~ 29960879 sec 132.664
processed 15170000 states 21447087 /~ 29960879 sec 132.814
processed 15180000 states 21455850 /~ 29960879 sec 132.963
processed 15190000 states 21463866 /~ 29960879 sec 133.099
processed 15200000 states 21472412 /~ 29960879 sec 133.243
processed 15210000 states 21480283 /~ 29960879 sec 133.399
processed 15220000 states 21488237 /~ 29960879 sec 133.55
processed 15230000 states 21495885 /~ 29960879 sec 133.675
processed 15240000 states 21503072 /~ 29960879 sec 133.804
processed 15250000 states 21512040 /~ 29960879 sec 133.93
processed 15260000 states 21519690 /~ 29960879 sec 134.045
processed 15270000 states 21527039 /~ 29960879 sec 134.165
processed 15280000 states 21535295 /~ 29960879 sec 134.284
processed 15290000 states 21542568 /~ 29960879 sec 134.403
processed 15300000 states 21549451 /~ 29960879 sec 134.535
processed 15310000 states 21556696 /~ 29960879 sec 134.687
processed 15320000 states 21563855 /~ 29960879 sec 134.824
processed 15330000 states 21571411 /~ 29960879 sec 134.952
processed 15340000 states 21578207 /~ 29960879 sec 135.078
processed 15350000 states 21584756 /~ 29960879 sec 135.198
processed 15360000 states 21590969 /~ 29960879 sec 135.327
processed 15370000 states 21598642 /~ 29960879 sec 135.453
processed 15380000 states 21605127 /~ 29960879 sec 135.558
processed 15390000 states 21612258 /~ 29960879 sec 135.666
processed 15400000 states 21618949 /~ 29960879 sec 135.779
processed 15410000 states 21625129 /~ 29960879 sec 135.92
processed 15420000 states 21632560 /~ 29960879 sec 136.056
processed 15430000 states 21640222 /~ 29960879 sec 136.202
processed 15440000 states 21648260 /~ 29960879 sec 136.337
processed 15450000 states 21655500 /~ 29960879 sec 136.478
processed 15460000 states 21661352 /~ 29960879 sec 136.605
processed 15470000 states 21668920 /~ 29960879 sec 136.734
processed 15480000 states 21675102 /~ 29960879 sec 136.855
processed 15490000 states 21682895 /~ 29960879 sec 136.967
processed 15500000 states 21688710 /~ 29960879 sec 137.079
processed 15510000 states 21695603 /~ 29960879 sec 137.236
processed 15520000 states 21701524 /~ 29960879 sec 137.366
processed 15530000 states 21707940 /~ 29960879 sec 137.518
processed 15540000 states 21714991 /~ 29960879 sec 137.678
processed 15550000 states 21720419 /~ 29960879 sec 137.834
processed 15560000 states 21727312 /~ 29960879 sec 137.987
processed 15570000 states 21734504 /~ 29960879 sec 138.129
processed 15580000 states 21741891 /~ 29960879 sec 138.262
processed 15590000 states 21749963 /~ 29960879 sec 138.397
processed 15600000 states 21757596 /~ 29960879 sec 138.517
processed 15610000 states 21764465 /~ 29960879 sec 138.64
processed 15620000 states 21771517 /~ 29960879 sec 138.759
processed 15630000 states 21777390 /~ 29960879 sec 138.882
processed 15640000 states 21784326 /~ 29960879 sec 138.997
processed 15650000 states 21791071 /~ 29960879 sec 139.103
processed 15660000 states 21796718 /~ 29960879 sec 139.207
processed 15670000 states 21803481 /~ 29960879 sec 139.312
processed 15680000 states 21810166 /~ 29960879 sec 139.416
processed 15690000 states 21816714 /~ 29960879 sec 139.52
processed 15700000 states 21822582 /~ 29960879 sec 139.632
processed 15710000 states 21828707 /~ 29960879 sec 139.744
processed 15720000 states 21835591 /~ 29960879 sec 139.853
processed 15730000 states 21842232 /~ 29960879 sec 139.955
processed 15740000 states 21846217 /~ 29960879 sec 140.055
processed 15750000 states 21851801 /~ 29960879 sec 140.149
processed 15760000 states 21857870 /~ 29960879 sec 140.24
processed 15770000 states 21862927 /~ 29960879 sec 140.332
processed 15780000 states 21868183 /~ 29960879 sec 140.431
processed 15790000 states 21872632 /~ 29960879 sec 140.532
processed 15800000 states 21877275 /~ 29960879 sec 140.626
processed 15810000 states 21883157 /~ 29960879 sec 140.723
processed 15820000 states 21889069 /~ 29960879 sec 140.816
processed 15830000 states 21895001 /~ 29960879 sec 140.907
processed 15840000 states 21900503 /~ 29960879 sec 141.002
processed 15850000 states 21905014 /~ 29960879 sec 141.098
processed 15860000 states 21910801 /~ 29960879 sec 141.191
processed 15870000 states 21916662 /~ 29960879 sec 141.278
processed 15880000 states 21922012 /~ 29960879 sec 141.362
processed 15890000 states 21930231 /~ 29960879 sec 141.475
processed 15900000 states 21937477 /~ 29960879 sec 141.589
processed 15910000 states 21947299 /~ 29960879 sec 141.705
processed 15920000 states 21957262 /~ 29960879 sec 141.813
processed 15930000 states 21966476 /~ 29960879 sec 141.918
processed 15940000 states 21974918 /~ 29960879 sec 142.027
processed 15950000 states 21983492 /~ 29960879 sec 142.14
processed 15960000 states 21992448 /~ 29960879 sec 142.249
processed 15970000 states 22000476 /~ 29960879 sec 142.362
processed 15980000 states 22010229 /~ 29960879 sec 142.476
processed 15990000 states 22019252 /~ 29960879 sec 142.583
processed 16000000 states 22027397 /~ 29960879 sec 142.701
processed 16010000 states 22036407 /~ 29960879 sec 142.829
processed 16020000 states 22045258 /~ 29960879 sec 142.973
processed 16030000 states 22054351 /~ 29960879 sec 143.106
processed 16040000 states 22062715 /~ 29960879 sec 143.235
processed 16050000 states 22070040 /~ 29960879 sec 143.369
processed 16060000 states 22078007 /~ 29960879 sec 143.502
processed 16070000 states 22086264 /~ 29960879 sec 143.643
processed 16080000 states 22094352 /~ 29960879 sec 143.773
processed 16090000 states 22102598 /~ 29960879 sec 143.896
processed 16100000 states 22107923 /~ 29960879 sec 144.016
processed 16110000 states 22114378 /~ 29960879 sec 144.135
processed 16120000 states 22120686 /~ 29960879 sec 144.246
processed 16130000 states 22126719 /~ 29960879 sec 144.346
processed 16140000 states 22133672 /~ 29960879 sec 144.452
processed 16150000 states 22139645 /~ 29960879 sec 144.556
processed 16160000 states 22145444 /~ 29960879 sec 144.66
processed 16170000 states 22150626 /~ 29960879 sec 144.758
processed 16180000 states 22156998 /~ 29960879 sec 144.874
processed 16190000 states 22162804 /~ 29960879 sec 144.988
processed 16200000 states 22168220 /~ 29960879 sec 145.107
processed 16210000 states 22173232 /~ 29960879 sec 145.236
processed 16220000 states 22177928 /~ 29960879 sec 145.357
processed 16230000 states 22183096 /~ 29960879 sec 145.476
processed 16240000 states 22187971 /~ 29960879 sec 145.589
processed 16250000 states 22192393 /~ 29960879 sec 145.702
processed 16260000 states 22198998 /~ 29960879 sec 145.829
processed 16270000 states 22205725 /~ 29960879 sec 145.955
processed 16280000 states 22212097 /~ 29960879 sec 146.082
processed 16290000 states 22218454 /~ 29960879 sec 146.201
processed 16300000 states 22224419 /~ 29960879 sec 146.311
processed 16310000 states 22229306 /~ 29960879 sec 146.408
processed 16320000 states 22234409 /~ 29960879 sec 146.503
processed 16330000 states 22240785 /~ 29960879 sec 146.601
processed 16340000 states 22253331 /~ 29960879 sec 146.724
processed 16350000 states 22265901 /~ 29960879 sec 146.846
processed 16360000 states 22277628 /~ 29960879 sec 146.966
processed 16370000 states 22288464 /~ 29960879 sec 147.115
processed 16380000 states 22301716 /~ 29960879 sec 147.245
processed 16390000 states 22313610 /~ 29960879 sec 147.366
processed 16400000 states 22325032 /~ 29960879 sec 147.495
processed 16410000 states 22335113 /~ 29960879 sec 147.605
processed 16420000 states 22345852 /~ 29960879 sec 147.715
processed 16430000 states 22354216 /~ 29960879 sec 147.818
processed 16440000 states 22362612 /~ 29960879 sec 147.919
processed 16450000 states 22370489 /~ 29960879 sec 148.022
processed 16460000 states 22378063 /~ 29960879 sec 148.124
processed 16470000 states 22385356 /~ 29960879 sec 148.233
processed 16480000 states 22391933 /~ 29960879 sec 148.343
processed 16490000 states 22398491 /~ 29960879 sec 148.454
processed 16500000 states 22403910 /~ 29960879 sec 148.561
processed 16510000 states 22410705 /~ 29960879 sec 148.675
processed 16520000 states 22417781 /~ 29960879 sec 148.791
processed 16530000 states 22424051 /~ 29960879 sec 148.897
processed 16540000 states 22429597 /~ 29960879 sec 148.998
processed 16550000 states 22434581 /~ 29960879 sec 149.096
processed 16560000 states 22442958 /~ 29960879 sec 149.207
processed 16570000 states 22451860 /~ 29960879 sec 149.316
processed 16580000 states 22460542 /~ 29960879 sec 149.429
processed 16590000 states 22468623 /~ 29960879 sec 149.539
processed 16600000 states 22475584 /~ 29960879 sec 149.643
processed 16610000 states 22481302 /~ 29960879 sec 149.743
processed 16620000 states 22486132 /~ 29960879 sec 149.842
processed 16630000 states 22492521 /~ 29960879 sec 149.939
processed 16640000 states 22500219 /~ 29960879 sec 150.052
processed 16650000 states 22508440 /~ 29960879 sec 150.16
processed 16660000 states 22517756 /~ 29960879 sec 150.277
processed 16670000 states 22526663 /~ 29960879 sec 150.397
processed 16680000 states 22533667 /~ 29960879 sec 150.502
processed 16690000 states 22542050 /~ 29960879 sec 150.617
processed 16700000 states 22551069 /~ 29960879 sec 150.73
processed 16710000 states 22561516 /~ 29960879 sec 150.854
processed 16720000 states 22569896 /~ 29960879 sec 150.968
processed 16730000 states 22577540 /~ 29960879 sec 151.084
processed 16740000 states 22586864 /~ 29960879 sec 151.209
processed 16750000 states 22597615 /~ 29960879 sec 151.343
processed 16760000 states 22606327 /~ 29960879 sec 151.481
processed 16770000 states 22613890 /~ 29960879 sec 151.604
processed 16780000 states 22620798 /~ 29960879 sec 151.72
processed 16790000 states 22628484 /~ 29960879 sec 151.824
processed 16800000 states 22635511 /~ 29960879 sec 151.929
processed 16810000 states 22645000 /~ 29960879 sec 152.039
processed 16820000 states 22653915 /~ 29960879 sec 152.151
processed 16830000 states 22662935 /~ 29960879 sec 152.272
processed 16840000 states 22668816 /~ 29960879 sec 152.377
processed 16850000 states 22676340 /~ 29960879 sec 152.479
processed 16860000 states 22686161 /~ 29960879 sec 152.589
processed 16870000 states 22695747 /~ 29960879 sec 152.702
processed 16880000 states 22704608 /~ 29960879 sec 152.815
processed 16890000 states 22713564 /~ 29960879 sec 152.928
processed 16900000 states 22721209 /~ 29960879 sec 153.037
processed 16910000 states 22729975 /~ 29960879 sec 153.154
processed 16920000 states 22740510 /~ 29960879 sec 153.275
processed 16930000 states 22750795 /~ 29960879 sec 153.4
processed 16940000 states 22758773 /~ 29960879 sec 153.513
processed 16950000 states 22768051 /~ 29960879 sec 153.646
processed 16960000 states 22775226 /~ 29960879 sec 153.763
processed 16970000 states 22781700 /~ 29960879 sec 153.869
processed 16980000 states 22787031 /~ 29960879 sec 153.985
processed 16990000 states 22794164 /~ 29960879 sec 154.095
processed 17000000 states 22802641 /~ 29960879 sec 154.205
processed 17010000 states 22809661 /~ 29960879 sec 154.32
processed 17020000 states 22815653 /~ 29960879 sec 154.436
processed 17030000 states 22822682 /~ 29960879 sec 154.545
processed 17040000 states 22832356 /~ 29960879 sec 154.674
processed 17050000 states 22840231 /~ 29960879 sec 154.792
processed 17060000 states 22849225 /~ 29960879 sec 154.926
processed 17070000 states 22856465 /~ 29960879 sec 155.045
processed 17080000 states 22864408 /~ 29960879 sec 155.152
processed 17090000 states 22871796 /~ 29960879 sec 155.261
processed 17100000 states 22878811 /~ 29960879 sec 155.383
processed 17110000 states 22886676 /~ 29960879 sec 155.51
processed 17120000 states 22894802 /~ 29960879 sec 155.64
processed 17130000 states 22902438 /~ 29960879 sec 155.769
processed 17140000 states 22910249 /~ 29960879 sec 155.924
processed 17150000 states 22917844 /~ 29960879 sec 156.067
processed 17160000 states 22925330 /~ 29960879 sec 156.185
processed 17170000 states 22931925 /~ 29960879 sec 156.307
processed 17180000 states 22939594 /~ 29960879 sec 156.434
processed 17190000 states 22948130 /~ 29960879 sec 156.588
processed 17200000 states 22955463 /~ 29960879 sec 156.732
processed 17210000 states 22961996 /~ 29960879 sec 156.855
processed 17220000 states 22969243 /~ 29960879 sec 156.975
processed 17230000 states 22977421 /~ 29960879 sec 157.078
processed 17240000 states 22986957 /~ 29960879 sec 157.207
processed 17250000 states 22994711 /~ 29960879 sec 157.322
processed 17260000 states 23004892 /~ 29960879 sec 157.437
processed 17270000 states 23012604 /~ 29960879 sec 157.546
processed 17280000 states 23021113 /~ 29960879 sec 157.659
processed 17290000 states 23029740 /~ 29960879 sec 157.778
processed 17300000 states 23037085 /~ 29960879 sec 157.898
processed 17310000 states 23045897 /~ 29960879 sec 158.019
processed 17320000 states 23051830 /~ 29960879 sec 158.138
processed 17330000 states 23057752 /~ 29960879 sec 158.244
processed 17340000 states 23065336 /~ 29960879 sec 158.353
processed 17350000 states 23073744 /~ 29960879 sec 158.47
processed 17360000 states 23082665 /~ 29960879 sec 158.587
processed 17370000 states 23090649 /~ 29960879 sec 158.736
processed 17380000 states 23096570 /~ 29960879 sec 158.878
processed 17390000 states 23104185 /~ 29960879 sec 159.02
processed 17400000 states 23113451 /~ 29960879 sec 159.163
processed 17410000 states 23121497 /~ 29960879 sec 159.298
processed 17420000 states 23128957 /~ 29960879 sec 159.438
processed 17430000 states 23136193 /~ 29960879 sec 159.584
processed 17440000 states 23142192 /~ 29960879 sec 159.714
processed 17450000 states 23150404 /~ 29960879 sec 159.853
processed 17460000 states 23157828 /~ 29960879 sec 159.987
processed 17470000 states 23164879 /~ 29960879 sec 160.129
processed 17480000 states 23171682 /~ 29960879 sec 160.26
processed 17490000 states 23178012 /~ 29960879 sec 160.385
processed 17500000 states 23184277 /~ 29960879 sec 160.514
processed 17510000 states 23191321 /~ 29960879 sec 160.646
processed 17520000 states 23197940 /~ 29960879 sec 160.77
processed 17530000 states 23204182 /~ 29960879 sec 160.889
processed 17540000 states 23210283 /~ 29960879 sec 160.993
processed 17550000 states 23219378 /~ 29960879 sec 161.136
processed 17560000 states 23229418 /~ 29960879 sec 161.267
processed 17570000 states 23238001 /~ 29960879 sec 161.403
processed 17580000 states 23247876 /~ 29960879 sec 161.54
processed 17590000 states 23257139 /~ 29960879 sec 161.674
processed 17600000 states 23266070 /~ 29960879 sec 161.802
processed 17610000 states 23274719 /~ 29960879 sec 161.924
processed 17620000 states 23282539 /~ 29960879 sec 162.045
processed 17630000 states 23292535 /~ 29960879 sec 162.17
processed 17640000 states 23300623 /~ 29960879 sec 162.3
processed 17650000 states 23309663 /~ 29960879 sec 162.454
processed 17660000 states 23317709 /~ 29960879 sec 162.596
processed 17670000 states 23325463 /~ 29960879 sec 162.742
processed 17680000 states 23333100 /~ 29960879 sec 162.916
processed 17690000 states 23339746 /~ 29960879 sec 163.081
processed 17700000 states 23345633 /~ 29960879 sec 163.223
processed 17710000 states 23350695 /~ 29960879 sec 163.359
processed 17720000 states 23357080 /~ 29960879 sec 163.487
processed 17730000 states 23363279 /~ 29960879 sec 163.615
processed 17740000 states 23372651 /~ 29960879 sec 163.761
processed 17750000 states 23380143 /~ 29960879 sec 163.887
processed 17760000 states 23386005 /~ 29960879 sec 164.009
processed 17770000 states 23394071 /~ 29960879 sec 164.13
processed 17780000 states 23400027 /~ 29960879 sec 164.24
processed 17790000 states 23411412 /~ 29960879 sec 164.404
processed 17800000 states 23423992 /~ 29960879 sec 164.573
processed 17810000 states 23433740 /~ 29960879 sec 164.709
processed 17820000 states 23445902 /~ 29960879 sec 164.84
processed 17830000 states 23456889 /~ 29960879 sec 164.972
processed 17840000 states 23466512 /~ 29960879 sec 165.088
processed 17850000 states 23476963 /~ 29960879 sec 165.211
processed 17860000 states 23487760 /~ 29960879 sec 165.325
processed 17870000 states 23495407 /~ 29960879 sec 165.459
processed 17880000 states 23503333 /~ 29960879 sec 165.643
processed 17890000 states 23511922 /~ 29960879 sec 165.801
processed 17900000 states 23519841 /~ 29960879 sec 165.954
processed 17910000 states 23527943 /~ 29960879 sec 166.098
processed 17920000 states 23535280 /~ 29960879 sec 166.233
processed 17930000 states 23542349 /~ 29960879 sec 166.377
processed 17940000 states 23550838 /~ 29960879 sec 166.517
processed 17950000 states 23558409 /~ 29960879 sec 166.643
processed 17960000 states 23564797 /~ 29960879 sec 166.764
processed 17970000 states 23571823 /~ 29960879 sec 166.877
processed 17980000 states 23577773 /~ 29960879 sec 166.984
processed 17990000 states 23585536 /~ 29960879 sec 167.105
processed 18000000 states 23597482 /~ 29960879 sec 167.243
processed 18010000 states 23606520 /~ 29960879 sec 167.374
processed 18020000 states 23616937 /~ 29960879 sec 167.489
processed 18030000 states 23624441 /~ 29960879 sec 167.594
processed 18040000 states 23633856 /~ 29960879 sec 167.699
processed 18050000 states 23641060 /~ 29960879 sec 167.804
processed 18060000 states 23648099 /~ 29960879 sec 167.906
processed 18070000 states 23654938 /~ 29960879 sec 168.004
processed 18080000 states 23662136 /~ 29960879 sec 168.103
processed 18090000 states 23669491 /~ 29960879 sec 168.218
processed 18100000 states 23678903 /~ 29960879 sec 168.375
processed 18110000 states 23685815 /~ 29960879 sec 168.535
processed 18120000 states 23691239 /~ 29960879 sec 168.684
processed 18130000 states 23698296 /~ 29960879 sec 168.82
processed 18140000 states 23705877 /~ 29960879 sec 168.932
processed 18150000 states 23712435 /~ 29960879 sec 169.046
processed 18160000 states 23721184 /~ 29960879 sec 169.165
processed 18170000 states 23729790 /~ 29960879 sec 169.277
processed 18180000 states 23739162 /~ 29960879 sec 169.401
processed 18190000 states 23749052 /~ 29960879 sec 169.531
processed 18200000 states 23759859 /~ 29960879 sec 169.67
processed 18210000 states 23768686 /~ 29960879 sec 169.795
processed 18220000 states 23776562 /~ 29960879 sec 169.908
processed 18230000 states 23786555 /~ 29960879 sec 170.022
processed 18240000 states 23794190 /~ 29960879 sec 170.131
processed 18250000 states 23801720 /~ 29960879 sec 170.261
processed 18260000 states 23809247 /~ 29960879 sec 170.389
processed 18270000 states 23817116 /~ 29960879 sec 170.53
processed 18280000 states 23824172 /~ 29960879 sec 170.652
processed 18290000 states 23833156 /~ 29960879 sec 170.781
processed 18300000 states 23842007 /~ 29960879 sec 170.917
processed 18310000 states 23850223 /~ 29960879 sec 171.057
processed 18320000 states 23856788 /~ 29960879 sec 171.184
processed 18330000 states 23864189 /~ 29960879 sec 171.301
processed 18340000 states 23872294 /~ 29960879 sec 171.4
processed 18350000 states 23879849 /~ 29960879 sec 171.503
processed 18360000 states 23887556 /~ 29960879 sec 171.605
processed 18370000 states 23895494 /~ 29960879 sec 171.708
processed 18380000 states 23905455 /~ 29960879 sec 171.822
processed 18390000 states 23913935 /~ 29960879 sec 171.941
processed 18400000 states 23924159 /~ 29960879 sec 172.061
processed 18410000 states 23931509 /~ 29960879 sec 172.21
processed 18420000 states 23937951 /~ 29960879 sec 172.337
processed 18430000 states 23944691 /~ 29960879 sec 172.451
processed 18440000 states 23955571 /~ 29960879 sec 172.573
processed 18450000 states 23966584 /~ 29960879 sec 172.694
processed 18460000 states 23975952 /~ 29960879 sec 172.816
processed 18470000 states 23984681 /~ 29960879 sec 172.923
processed 18480000 states 23994457 /~ 29960879 sec 173.037
processed 18490000 states 24004654 /~ 29960879 sec 173.16
processed 18500000 states 24015388 /~ 29960879 sec 173.278
processed 18510000 states 24026363 /~ 29960879 sec 173.402
processed 18520000 states 24035736 /~ 29960879 sec 173.528
processed 18530000 states 24045748 /~ 29960879 sec 173.658
processed 18540000 states 24053690 /~ 29960879 sec 173.772
processed 18550000 states 24061504 /~ 29960879 sec 173.886
processed 18560000 states 24069203 /~ 29960879 sec 174.043
processed 18570000 states 24076041 /~ 29960879 sec 174.185
processed 18580000 states 24084841 /~ 29960879 sec 174.35
processed 18590000 states 24093003 /~ 29960879 sec 174.518
processed 18600000 states 24099777 /~ 29960879 sec 174.679
processed 18610000 states 24107500 /~ 29960879 sec 174.842
processed 18620000 states 24114541 /~ 29960879 sec 175.032
processed 18630000 states 24120106 /~ 29960879 sec 175.222
processed 18640000 states 24124667 /~ 29960879 sec 175.645
processed 18650000 states 24134903 /~ 29960879 sec 175.875
processed 18660000 states 24143142 /~ 29960879 sec 176.106
processed 18670000 states 24149762 /~ 29960879 sec 176.319
processed 18680000 states 24157242 /~ 29960879 sec 176.49
processed 18690000 states 24164775 /~ 29960879 sec 176.666
processed 18700000 states 24171246 /~ 29960879 sec 176.824
processed 18710000 states 24177359 /~ 29960879 sec 176.99
processed 18720000 states 24182422 /~ 29960879 sec 177.147
processed 18730000 states 24188623 /~ 29960879 sec 177.3
processed 18740000 states 24193671 /~ 29960879 sec 177.464
processed 18750000 states 24198345 /~ 29960879 sec 177.595
processed 18760000 states 24204392 /~ 29960879 sec 177.713
processed 18770000 states 24212985 /~ 29960879 sec 177.833
processed 18780000 states 24221300 /~ 29960879 sec 177.958
processed 18790000 states 24228916 /~ 29960879 sec 178.078
processed 18800000 states 24235880 /~ 29960879 sec 178.189
processed 18810000 states 24244673 /~ 29960879 sec 178.313
processed 18820000 states 24252610 /~ 29960879 sec 178.437
processed 18830000 states 24259321 /~ 29960879 sec 178.568
processed 18840000 states 24264448 /~ 29960879 sec 178.68
processed 18850000 states 24270594 /~ 29960879 sec 178.783
processed 18860000 states 24277754 /~ 29960879 sec 178.892
processed 18870000 states 24283042 /~ 29960879 sec 178.993
processed 18880000 states 24291387 /~ 29960879 sec 179.097
processed 18890000 states 24301735 /~ 29960879 sec 179.213
processed 18900000 states 24310742 /~ 29960879 sec 179.333
processed 18910000 states 24320523 /~ 29960879 sec 179.451
processed 18920000 states 24329610 /~ 29960879 sec 179.572
processed 18930000 states 24337355 /~ 29960879 sec 179.689
processed 18940000 states 24345269 /~ 29960879 sec 179.829
processed 18950000 states 24351839 /~ 29960879 sec 179.958
processed 18960000 states 24360399 /~ 29960879 sec 180.082
processed 18970000 states 24369162 /~ 29960879 sec 180.205
processed 18980000 states 24376416 /~ 29960879 sec 180.324
processed 18990000 states 24384094 /~ 29960879 sec 180.447
processed 19000000 states 24390047 /~ 29960879 sec 180.575
processed 19010000 states 24397036 /~ 29960879 sec 180.708
processed 19020000 states 24403190 /~ 29960879 sec 180.842
processed 19030000 states 24408327 /~ 29960879 sec 180.963
processed 19040000 states 24414037 /~ 29960879 sec 181.082
processed 19050000 states 24419022 /~ 29960879 sec 181.198
processed 19060000 states 24423686 /~ 29960879 sec 181.323
processed 19070000 states 24429260 /~ 29960879 sec 181.446
processed 19080000 states 24436021 /~ 29960879 sec 181.565
processed 19090000 states 24441379 /~ 29960879 sec 181.678
processed 19100000 states 24451176 /~ 29960879 sec 181.813
processed 19110000 states 24458257 /~ 29960879 sec 181.965
processed 19120000 states 24465305 /~ 29960879 sec 182.131
processed 19130000 states 24475195 /~ 29960879 sec 182.288
processed 19140000 states 24481718 /~ 29960879 sec 182.453
processed 19150000 states 24486541 /~ 29960879 sec 182.603
processed 19160000 states 24494976 /~ 29960879 sec 182.748
processed 19170000 states 24501660 /~ 29960879 sec 182.889
processed 19180000 states 24507362 /~ 29960879 sec 183.02
processed 19190000 states 24513723 /~ 29960879 sec 183.19
processed 19200000 states 24521140 /~ 29960879 sec 183.367
processed 19210000 states 24527138 /~ 29960879 sec 183.544
processed 19220000 states 24534649 /~ 29960879 sec 183.677
processed 19230000 states 24540076 /~ 29960879 sec 183.813
processed 19240000 states 24546800 /~ 29960879 sec 183.939
processed 19250000 states 24553857 /~ 29960879 sec 184.076
processed 19260000 states 24559182 /~ 29960879 sec 184.215
processed 19270000 states 24564064 /~ 29960879 sec 184.362
processed 19280000 states 24568835 /~ 29960879 sec 184.511
processed 19290000 states 24573460 /~ 29960879 sec 184.666
processed 19300000 states 24577736 /~ 29960879 sec 184.868
processed 19310000 states 24584416 /~ 29960879 sec 185.028
processed 19320000 states 24589379 /~ 29960879 sec 185.183
processed 19330000 states 24593734 /~ 29960879 sec 185.353
processed 19340000 states 24598187 /~ 29960879 sec 185.51
processed 19350000 states 24605675 /~ 29960879 sec 185.645
processed 19360000 states 24611817 /~ 29960879 sec 185.785
processed 19370000 states 24617914 /~ 29960879 sec 185.92
processed 19380000 states 24627327 /~ 29960879 sec 186.059
processed 19390000 states 24634894 /~ 29960879 sec 186.19
processed 19400000 states 24643717 /~ 29960879 sec 186.328
processed 19410000 states 24650013 /~ 29960879 sec 186.478
processed 19420000 states 24657588 /~ 29960879 sec 186.626
processed 19430000 states 24663582 /~ 29960879 sec 186.774
processed 19440000 states 24668463 /~ 29960879 sec 186.904
processed 19450000 states 24674517 /~ 29960879 sec 187.033
processed 19460000 states 24681109 /~ 29960879 sec 187.152
processed 19470000 states 24690902 /~ 29960879 sec 187.278
processed 19480000 states 24700185 /~ 29960879 sec 187.41
processed 19490000 states 24707499 /~ 29960879 sec 187.569
processed 19500000 states 24713441 /~ 29960879 sec 187.707
processed 19510000 states 24721649 /~ 29960879 sec 187.856
processed 19520000 states 24731557 /~ 29960879 sec 188.003
processed 19530000 states 24738525 /~ 29960879 sec 188.137
processed 19540000 states 24745048 /~ 29960879 sec 188.277
processed 19550000 states 24750303 /~ 29960879 sec 188.421
processed 19560000 states 24755324 /~ 29960879 sec 188.548
processed 19570000 states 24762250 /~ 29960879 sec 188.655
processed 19580000 states 24769275 /~ 29960879 sec 188.765
processed 19590000 states 24777208 /~ 29960879 sec 188.875
processed 19600000 states 24784965 /~ 29960879 sec 188.99
processed 19610000 states 24792136 /~ 29960879 sec 189.142
processed 19620000 states 24797909 /~ 29960879 sec 189.29
processed 19630000 states 24803155 /~ 29960879 sec 189.416
processed 19640000 states 24808738 /~ 29960879 sec 189.535
processed 19650000 states 24815714 /~ 29960879 sec 189.674
processed 19660000 states 24821083 /~ 29960879 sec 189.845
processed 19670000 states 24826254 /~ 29960879 sec 190.005
processed 19680000 states 24831109 /~ 29960879 sec 190.152
processed 19690000 states 24835479 /~ 29960879 sec 190.297
processed 19700000 states 24839281 /~ 29960879 sec 190.468
processed 19710000 states 24843615 /~ 29960879 sec 190.666
processed 19720000 states 24852105 /~ 29960879 sec 190.943
processed 19730000 states 24857781 /~ 29960879 sec 192.038
processed 19740000 states 24862496 /~ 29960879 sec 192.973
processed 19750000 states 24867824 /~ 29960879 sec 193.197
processed 19760000 states 24872627 /~ 29960879 sec 193.384
processed 19770000 states 24876215 /~ 29960879 sec 193.556
processed 19780000 states 24880574 /~ 29960879 sec 193.695
processed 19790000 states 24883821 /~ 29960879 sec 193.833
processed 19800000 states 24890691 /~ 29960879 sec 193.951
processed 19810000 states 24895902 /~ 29960879 sec 194.097
processed 19820000 states 24900275 /~ 29960879 sec 194.212
processed 19830000 states 24908149 /~ 29960879 sec 194.32
processed 19840000 states 24914266 /~ 29960879 sec 194.43
processed 19850000 states 24923033 /~ 29960879 sec 194.55
processed 19860000 states 24929905 /~ 29960879 sec 194.672
processed 19870000 states 24934834 /~ 29960879 sec 194.814
processed 19880000 states 24940602 /~ 29960879 sec 194.97
processed 19890000 states 24946637 /~ 29960879 sec 195.123
processed 19900000 states 24951689 /~ 29960879 sec 195.289
processed 19910000 states 24954813 /~ 29960879 sec 195.415
processed 19920000 states 24960287 /~ 29960879 sec 195.536
processed 19930000 states 24965425 /~ 29960879 sec 195.663
processed 19940000 states 24969408 /~ 29960879 sec 195.788
processed 19950000 states 24977091 /~ 29960879 sec 195.905
processed 19960000 states 24986333 /~ 29960879 sec 196.028
processed 19970000 states 24995039 /~ 29960879 sec 196.151
processed 19980000 states 25002356 /~ 29960879 sec 196.265
processed 19990000 states 25011183 /~ 29960879 sec 196.388
processed 20000000 states 25018905 /~ 29960879 sec 196.508
processed 20010000 states 25025220 /~ 29960879 sec 196.807
processed 20020000 states 25030965 /~ 29960879 sec 197.053
processed 20030000 states 25036063 /~ 29960879 sec 197.241
processed 20040000 states 25041379 /~ 29960879 sec 197.42
processed 20050000 states 25048321 /~ 29960879 sec 197.609
processed 20060000 states 25056050 /~ 29960879 sec 197.793
processed 20070000 states 25064001 /~ 29960879 sec 197.981
processed 20080000 states 25071811 /~ 29960879 sec 198.167
processed 20090000 states 25078726 /~ 29960879 sec 198.358
processed 20100000 states 25083952 /~ 29960879 sec 198.552
processed 20110000 states 25089353 /~ 29960879 sec 198.723
processed 20120000 states 25094961 /~ 29960879 sec 198.898
processed 20130000 states 25101094 /~ 29960879 sec 199.07
processed 20140000 states 25106207 /~ 29960879 sec 199.231
processed 20150000 states 25110728 /~ 29960879 sec 199.406
processed 20160000 states 25118725 /~ 29960879 sec 199.581
processed 20170000 states 25126759 /~ 29960879 sec 199.765
processed 20180000 states 25132248 /~ 29960879 sec 199.96
processed 20190000 states 25138434 /~ 29960879 sec 200.149
processed 20200000 states 25141941 /~ 29960879 sec 200.342
processed 20210000 states 25148956 /~ 29960879 sec 200.538
processed 20220000 states 25154190 /~ 29960879 sec 200.725
processed 20230000 states 25159770 /~ 29960879 sec 201.099
processed 20240000 states 25163827 /~ 29960879 sec 201.297
processed 20250000 states 25167858 /~ 29960879 sec 201.556
processed 20260000 states 25172210 /~ 29960879 sec 201.736
processed 20270000 states 25177349 /~ 29960879 sec 201.895
processed 20280000 states 25183915 /~ 29960879 sec 202.082
processed 20290000 states 25192648 /~ 29960879 sec 202.242
processed 20300000 states 25197839 /~ 29960879 sec 202.403
processed 20310000 states 25202394 /~ 29960879 sec 202.562
processed 20320000 states 25208332 /~ 29960879 sec 202.705
processed 20330000 states 25213625 /~ 29960879 sec 202.85
processed 20340000 states 25218175 /~ 29960879 sec 202.99
processed 20350000 states 25222514 /~ 29960879 sec 203.101
processed 20360000 states 25228391 /~ 29960879 sec 203.213
processed 20370000 states 25233475 /~ 29960879 sec 203.335
processed 20380000 states 25237210 /~ 29960879 sec 203.441
processed 20390000 states 25245641 /~ 29960879 sec 203.554
processed 20400000 states 25256556 /~ 29960879 sec 203.674
processed 20410000 states 25264707 /~ 29960879 sec 203.816
processed 20420000 states 25273385 /~ 29960879 sec 203.95
processed 20430000 states 25281828 /~ 29960879 sec 204.098
processed 20440000 states 25289899 /~ 29960879 sec 204.217
processed 20450000 states 25297402 /~ 29960879 sec 204.332
processed 20460000 states 25304981 /~ 29960879 sec 204.461
processed 20470000 states 25314672 /~ 29960879 sec 204.624
processed 20480000 states 25321965 /~ 29960879 sec 204.81
processed 20490000 states 25329440 /~ 29960879 sec 205.012
processed 20500000 states 25337307 /~ 29960879 sec 205.242
processed 20510000 states 25342881 /~ 29960879 sec 205.466
processed 20520000 states 25351214 /~ 29960879 sec 205.723
processed 20530000 states 25359404 /~ 29960879 sec 205.956
processed 20540000 states 25367423 /~ 29960879 sec 206.154
processed 20550000 states 25375296 /~ 29960879 sec 206.362
processed 20560000 states 25382300 /~ 29960879 sec 206.573
processed 20570000 states 25389319 /~ 29960879 sec 206.752
processed 20580000 states 25395145 /~ 29960879 sec 206.926
processed 20590000 states 25401859 /~ 29960879 sec 207.081
processed 20600000 states 25407357 /~ 29960879 sec 207.227
processed 20610000 states 25414038 /~ 29960879 sec 207.382
processed 20620000 states 25418352 /~ 29960879 sec 207.523
processed 20630000 states 25422570 /~ 29960879 sec 207.647
processed 20640000 states 25426774 /~ 29960879 sec 207.778
processed 20650000 states 25430182 /~ 29960879 sec 207.902
processed 20660000 states 25434521 /~ 29960879 sec 208.077
processed 20670000 states 25440032 /~ 29960879 sec 208.24
processed 20680000 states 25446639 /~ 29960879 sec 208.391
processed 20690000 states 25451463 /~ 29960879 sec 208.562
processed 20700000 states 25458496 /~ 29960879 sec 208.757
processed 20710000 states 25464337 /~ 29960879 sec 208.932
processed 20720000 states 25471766 /~ 29960879 sec 209.11
processed 20730000 states 25480599 /~ 29960879 sec 209.299
processed 20740000 states 25489682 /~ 29960879 sec 209.491
processed 20750000 states 25498070 /~ 29960879 sec 209.684
processed 20760000 states 25507744 /~ 29960879 sec 209.881
processed 20770000 states 25518555 /~ 29960879 sec 210.049
processed 20780000 states 25529890 /~ 29960879 sec 210.303
processed 20790000 states 25539924 /~ 29960879 sec 210.512
processed 20800000 states 25547077 /~ 29960879 sec 210.72
processed 20810000 states 25555926 /~ 29960879 sec 210.919
processed 20820000 states 25565633 /~ 29960879 sec 211.103
processed 20830000 states 25574459 /~ 29960879 sec 211.298
processed 20840000 states 25584095 /~ 29960879 sec 211.506
processed 20850000 states 25594220 /~ 29960879 sec 211.696
processed 20860000 states 25603845 /~ 29960879 sec 211.883
processed 20870000 states 25613208 /~ 29960879 sec 212.061
processed 20880000 states 25621452 /~ 29960879 sec 212.238
processed 20890000 states 25628312 /~ 29960879 sec 212.412
processed 20900000 states 25634824 /~ 29960879 sec 212.583
processed 20910000 states 25643947 /~ 29960879 sec 212.759
processed 20920000 states 25652267 /~ 29960879 sec 212.933
processed 20930000 states 25661281 /~ 29960879 sec 213.1
processed 20940000 states 25670545 /~ 29960879 sec 213.262
processed 20950000 states 25678038 /~ 29960879 sec 213.418
processed 20960000 states 25688053 /~ 29960879 sec 213.58
processed 20970000 states 25699079 /~ 29960879 sec 213.74
processed 20980000 states 25708153 /~ 29960879 sec 213.887
processed 20990000 states 25717406 /~ 29960879 sec 214.027
processed 21000000 states 25725171 /~ 29960879 sec 214.156
processed 21010000 states 25734863 /~ 29960879 sec 214.293
processed 21020000 states 25745259 /~ 29960879 sec 214.424
processed 21030000 states 25755228 /~ 29960879 sec 214.57
processed 21040000 states 25765856 /~ 29960879 sec 214.818
processed 21050000 states 25776912 /~ 29960879 sec 215.034
processed 21060000 states 25787531 /~ 29960879 sec 215.241
processed 21070000 states 25797229 /~ 29960879 sec 215.447
processed 21080000 states 25806977 /~ 29960879 sec 215.652
processed 21090000 states 25814494 /~ 29960879 sec 215.881
processed 21100000 states 25822453 /~ 29960879 sec 216.092
processed 21110000 states 25830325 /~ 29960879 sec 216.306
processed 21120000 states 25842541 /~ 29960879 sec 216.52
processed 21130000 states 25853097 /~ 29960879 sec 216.702
processed 21140000 states 25862703 /~ 29960879 sec 216.897
processed 21150000 states 25871176 /~ 29960879 sec 217.077
processed 21160000 states 25880446 /~ 29960879 sec 217.253
processed 21170000 states 25888761 /~ 29960879 sec 217.406
processed 21180000 states 25897515 /~ 29960879 sec 217.56
processed 21190000 states 25904389 /~ 29960879 sec 217.699
processed 21200000 states 25913043 /~ 29960879 sec 217.88
processed 21210000 states 25921107 /~ 29960879 sec 218.043
processed 21220000 states 25927177 /~ 29960879 sec 218.198
processed 21230000 states 25934588 /~ 29960879 sec 218.341
processed 21240000 states 25940508 /~ 29960879 sec 218.481
processed 21250000 states 25948571 /~ 29960879 sec 218.631
processed 21260000 states 25955427 /~ 29960879 sec 218.774
processed 21270000 states 25963243 /~ 29960879 sec 218.911
processed 21280000 states 25971221 /~ 29960879 sec 219.085
processed 21290000 states 25978253 /~ 29960879 sec 219.26
processed 21300000 states 25984204 /~ 29960879 sec 219.452
processed 21310000 states 25990823 /~ 29960879 sec 219.702
processed 21320000 states 25997489 /~ 29960879 sec 219.928
processed 21330000 states 26002997 /~ 29960879 sec 220.089
processed 21340000 states 26009293 /~ 29960879 sec 220.256
processed 21350000 states 26015626 /~ 29960879 sec 220.44
processed 21360000 states 26023235 /~ 29960879 sec 220.621
processed 21370000 states 26029987 /~ 29960879 sec 220.798
processed 21380000 states 26036668 /~ 29960879 sec 220.952
processed 21390000 states 26042326 /~ 29960879 sec 221.097
processed 21400000 states 26048466 /~ 29960879 sec 221.234
processed 21410000 states 26054500 /~ 29960879 sec 221.375
processed 21420000 states 26060352 /~ 29960879 sec 221.518
processed 21430000 states 26067195 /~ 29960879 sec 221.654
processed 21440000 states 26073930 /~ 29960879 sec 221.786
processed 21450000 states 26081278 /~ 29960879 sec 221.928
processed 21460000 states 26087667 /~ 29960879 sec 222.108
processed 21470000 states 26093527 /~ 29960879 sec 222.28
processed 21480000 states 26098227 /~ 29960879 sec 222.48
processed 21490000 states 26101983 /~ 29960879 sec 222.694
processed 21500000 states 26105606 /~ 29960879 sec 222.881
processed 21510000 states 26111559 /~ 29960879 sec 223.056
processed 21520000 states 26117381 /~ 29960879 sec 223.234
processed 21530000 states 26122268 /~ 29960879 sec 223.413
processed 21540000 states 26126785 /~ 29960879 sec 223.576
processed 21550000 states 26130971 /~ 29960879 sec 223.727
processed 21560000 states 26135963 /~ 29960879 sec 223.885
processed 21570000 states 26140029 /~ 29960879 sec 224.039
processed 21580000 states 26143461 /~ 29960879 sec 224.196
processed 21590000 states 26147890 /~ 29960879 sec 224.347
processed 21600000 states 26153301 /~ 29960879 sec 224.487
processed 21610000 states 26159240 /~ 29960879 sec 224.643
processed 21620000 states 26164097 /~ 29960879 sec 224.827
processed 21630000 states 26168346 /~ 29960879 sec 224.985
processed 21640000 states 26174475 /~ 29960879 sec 225.149
processed 21650000 states 26179408 /~ 29960879 sec 225.33
processed 21660000 states 26182888 /~ 29960879 sec 225.487
processed 21670000 states 26187547 /~ 29960879 sec 225.629
processed 21680000 states 26192058 /~ 29960879 sec 225.763
processed 21690000 states 26196066 /~ 29960879 sec 226.372
processed 21700000 states 26199924 /~ 29960879 sec 226.685
processed 21710000 states 26204568 /~ 29960879 sec 226.899
processed 21720000 states 26207826 /~ 29960879 sec 227.094
processed 21730000 states 26211326 /~ 29960879 sec 227.417
processed 21740000 states 26215871 /~ 29960879 sec 227.627
processed 21750000 states 26220880 /~ 29960879 sec 227.804
processed 21760000 states 26225243 /~ 29960879 sec 227.958
processed 21770000 states 26229945 /~ 29960879 sec 228.104
processed 21780000 states 26233112 /~ 29960879 sec 228.246
processed 21790000 states 26237550 /~ 29960879 sec 228.384
processed 21800000 states 26241625 /~ 29960879 sec 228.516
processed 21810000 states 26247190 /~ 29960879 sec 228.643
processed 21820000 states 26251759 /~ 29960879 sec 228.77
processed 21830000 states 26256019 /~ 29960879 sec 228.898
processed 21840000 states 26260981 /~ 29960879 sec 229.011
processed 21850000 states 26264064 /~ 29960879 sec 229.119
processed 21860000 states 26267850 /~ 29960879 sec 229.22
processed 21870000 states 26270810 /~ 29960879 sec 229.34
processed 21880000 states 26274094 /~ 29960879 sec 229.469
processed 21890000 states 26277348 /~ 29960879 sec 229.596
processed 21900000 states 26280982 /~ 29960879 sec 229.717
processed 21910000 states 26284621 /~ 29960879 sec 229.841
processed 21920000 states 26288002 /~ 29960879 sec 229.953
processed 21930000 states 26292390 /~ 29960879 sec 230.092
processed 21940000 states 26296786 /~ 29960879 sec 230.306
processed 21950000 states 26302938 /~ 29960879 sec 230.496
processed 21960000 states 26309042 /~ 29960879 sec 230.685
processed 21970000 states 26314993 /~ 29960879 sec 230.869
processed 21980000 states 26320607 /~ 29960879 sec 231.055
processed 21990000 states 26326996 /~ 29960879 sec 231.264
processed 22000000 states 26332035 /~ 29960879 sec 231.471
processed 22010000 states 26338242 /~ 29960879 sec 231.668
processed 22020000 states 26344627 /~ 29960879 sec 231.865
processed 22030000 states 26350018 /~ 29960879 sec 232.057
processed 22040000 states 26356278 /~ 29960879 sec 232.238
processed 22050000 states 26362586 /~ 29960879 sec 232.412
processed 22060000 states 26368924 /~ 29960879 sec 232.581
processed 22070000 states 26374496 /~ 29960879 sec 232.75
processed 22080000 states 26379933 /~ 29960879 sec 232.909
processed 22090000 states 26385806 /~ 29960879 sec 233.063
processed 22100000 states 26391400 /~ 29960879 sec 233.212
processed 22110000 states 26394862 /~ 29960879 sec 233.357
processed 22120000 states 26399393 /~ 29960879 sec 233.497
processed 22130000 states 26403509 /~ 29960879 sec 233.652
processed 22140000 states 26407536 /~ 29960879 sec 233.808
processed 22150000 states 26411260 /~ 29960879 sec 233.964
processed 22160000 states 26414584 /~ 29960879 sec 234.128
processed 22170000 states 26418079 /~ 29960879 sec 234.293
processed 22180000 states 26420658 /~ 29960879 sec 234.453
processed 22190000 states 26423973 /~ 29960879 sec 234.606
processed 22200000 states 26427443 /~ 29960879 sec 234.779
processed 22210000 states 26431262 /~ 29960879 sec 234.952
processed 22220000 states 26435334 /~ 29960879 sec 235.149
processed 22230000 states 26438447 /~ 29960879 sec 235.335
processed 22240000 states 26442703 /~ 29960879 sec 235.498
processed 22250000 states 26451838 /~ 29960879 sec 235.721
processed 22260000 states 26461393 /~ 29960879 sec 235.936
processed 22270000 states 26470878 /~ 29960879 sec 236.139
processed 22280000 states 26480683 /~ 29960879 sec 236.332
processed 22290000 states 26489095 /~ 29960879 sec 236.525
processed 22300000 states 26500397 /~ 29960879 sec 236.697
processed 22310000 states 26510062 /~ 29960879 sec 236.869
processed 22320000 states 26519152 /~ 29960879 sec 237.04
processed 22330000 states 26527516 /~ 29960879 sec 237.21
processed 22340000 states 26535233 /~ 29960879 sec 237.36
processed 22350000 states 26542244 /~ 29960879 sec 237.505
processed 22360000 states 26548339 /~ 29960879 sec 237.647
processed 22370000 states 26554943 /~ 29960879 sec 237.787
processed 22380000 states 26560073 /~ 29960879 sec 237.956
processed 22390000 states 26565518 /~ 29960879 sec 238.115
processed 22400000 states 26570613 /~ 29960879 sec 238.263
processed 22410000 states 26575048 /~ 29960879 sec 238.415
processed 22420000 states 26580457 /~ 29960879 sec 238.597
processed 22430000 states 26584982 /~ 29960879 sec 238.753
processed 22440000 states 26589764 /~ 29960879 sec 238.909
processed 22450000 states 26595709 /~ 29960879 sec 239.08
processed 22460000 states 26602261 /~ 29960879 sec 239.235
processed 22470000 states 26608156 /~ 29960879 sec 239.397
processed 22480000 states 26612806 /~ 29960879 sec 239.564
processed 22490000 states 26616761 /~ 29960879 sec 239.747
processed 22500000 states 26622270 /~ 29960879 sec 239.954
processed 22510000 states 26628292 /~ 29960879 sec 240.139
processed 22520000 states 26636009 /~ 29960879 sec 240.334
processed 22530000 states 26641162 /~ 29960879 sec 240.517
processed 22540000 states 26646639 /~ 29960879 sec 240.699
processed 22550000 states 26652033 /~ 29960879 sec 240.882
processed 22560000 states 26658410 /~ 29960879 sec 241.084
processed 22570000 states 26663937 /~ 29960879 sec 241.287
processed 22580000 states 26669571 /~ 29960879 sec 241.501
processed 22590000 states 26676109 /~ 29960879 sec 241.788
processed 22600000 states 26682089 /~ 29960879 sec 242.015
processed 22610000 states 26688187 /~ 29960879 sec 242.248
processed 22620000 states 26692545 /~ 29960879 sec 242.428
processed 22630000 states 26697710 /~ 29960879 sec 242.59
processed 22640000 states 26703121 /~ 29960879 sec 242.77
processed 22650000 states 26709278 /~ 29960879 sec 242.94
processed 22660000 states 26716323 /~ 29960879 sec 243.101
processed 22670000 states 26721262 /~ 29960879 sec 243.229
processed 22680000 states 26728727 /~ 29960879 sec 243.362
processed 22690000 states 26736459 /~ 29960879 sec 243.512
processed 22700000 states 26744525 /~ 29960879 sec 243.659
processed 22710000 states 26750586 /~ 29960879 sec 243.805
processed 22720000 states 26757515 /~ 29960879 sec 243.945
processed 22730000 states 26764063 /~ 29960879 sec 244.088
processed 22740000 states 26771914 /~ 29960879 sec 244.235
processed 22750000 states 26778827 /~ 29960879 sec 244.371
processed 22760000 states 26784725 /~ 29960879 sec 244.489
processed 22770000 states 26791453 /~ 29960879 sec 244.621
processed 22780000 states 26795892 /~ 29960879 sec 244.734
processed 22790000 states 26799894 /~ 29960879 sec 244.843
processed 22800000 states 26806186 /~ 29960879 sec 244.957
processed 22810000 states 26811339 /~ 29960879 sec 245.082
processed 22820000 states 26815264 /~ 29960879 sec 245.202
processed 22830000 states 26820023 /~ 29960879 sec 245.332
processed 22840000 states 26824689 /~ 29960879 sec 245.46
processed 22850000 states 26830028 /~ 29960879 sec 245.6
processed 22860000 states 26833937 /~ 29960879 sec 245.717
processed 22870000 states 26838544 /~ 29960879 sec 245.828
processed 22880000 states 26842863 /~ 29960879 sec 245.941
processed 22890000 states 26846406 /~ 29960879 sec 246.076
processed 22900000 states 26850016 /~ 29960879 sec 246.207
processed 22910000 states 26853338 /~ 29960879 sec 246.338
processed 22920000 states 26857430 /~ 29960879 sec 246.475
processed 22930000 states 26861178 /~ 29960879 sec 246.6
processed 22940000 states 26866415 /~ 29960879 sec 246.733
processed 22950000 states 26870980 /~ 29960879 sec 246.87
processed 22960000 states 26875402 /~ 29960879 sec 247.006
processed 22970000 states 26880205 /~ 29960879 sec 247.125
processed 22980000 states 26885791 /~ 29960879 sec 247.234
processed 22990000 states 26892259 /~ 29960879 sec 247.352
processed 23000000 states 26898257 /~ 29960879 sec 247.46
processed 23010000 states 26905116 /~ 29960879 sec 247.574
processed 23020000 states 26910278 /~ 29960879 sec 247.684
processed 23030000 states 26915654 /~ 29960879 sec 247.807
processed 23040000 states 26921093 /~ 29960879 sec 247.935
processed 23050000 states 26925980 /~ 29960879 sec 248.062
processed 23060000 states 26929423 /~ 29960879 sec 248.173
processed 23070000 states 26935565 /~ 29960879 sec 248.303
processed 23080000 states 26941795 /~ 29960879 sec 248.435
processed 23090000 states 26947311 /~ 29960879 sec 248.565
processed 23100000 states 26950724 /~ 29960879 sec 248.7
processed 23110000 states 26956877 /~ 29960879 sec 248.854
processed 23120000 states 26962026 /~ 29960879 sec 249.013
processed 23130000 states 26965986 /~ 29960879 sec 249.178
processed 23140000 states 26970331 /~ 29960879 sec 249.343
processed 23150000 states 26975797 /~ 29960879 sec 249.505
processed 23160000 states 26981086 /~ 29960879 sec 249.688
processed 23170000 states 26985150 /~ 29960879 sec 249.877
processed 23180000 states 26989439 /~ 29960879 sec 250.017
processed 23190000 states 26993603 /~ 29960879 sec 250.171
processed 23200000 states 26997841 /~ 29960879 sec 250.331
processed 23210000 states 27001443 /~ 29960879 sec 250.474
processed 23220000 states 27008865 /~ 29960879 sec 250.623
processed 23230000 states 27016829 /~ 29960879 sec 250.755
processed 23240000 states 27024698 /~ 29960879 sec 250.893
processed 23250000 states 27031864 /~ 29960879 sec 251.027
processed 23260000 states 27038904 /~ 29960879 sec 251.161
processed 23270000 states 27046005 /~ 29960879 sec 251.299
processed 23280000 states 27052898 /~ 29960879 sec 251.46
processed 23290000 states 27060137 /~ 29960879 sec 251.611
processed 23300000 states 27067301 /~ 29960879 sec 251.768
processed 23310000 states 27073992 /~ 29960879 sec 251.923
processed 23320000 states 27079566 /~ 29960879 sec 252.077
processed 23330000 states 27085213 /~ 29960879 sec 252.239
processed 23340000 states 27089882 /~ 29960879 sec 252.395
processed 23350000 states 27093063 /~ 29960879 sec 252.519
processed 23360000 states 27097312 /~ 29960879 sec 252.649
processed 23370000 states 27103908 /~ 29960879 sec 252.79
processed 23380000 states 27110182 /~ 29960879 sec 252.915
processed 23390000 states 27115340 /~ 29960879 sec 253.026
processed 23400000 states 27120567 /~ 29960879 sec 253.131
processed 23410000 states 27127010 /~ 29960879 sec 253.271
processed 23420000 states 27134659 /~ 29960879 sec 253.414
processed 23430000 states 27141692 /~ 29960879 sec 253.557
processed 23440000 states 27148822 /~ 29960879 sec 253.69
processed 23450000 states 27158172 /~ 29960879 sec 253.824
processed 23460000 states 27166484 /~ 29960879 sec 253.955
processed 23470000 states 27172691 /~ 29960879 sec 254.078
processed 23480000 states 27181237 /~ 29960879 sec 254.19
processed 23490000 states 27187506 /~ 29960879 sec 254.308
processed 23500000 states 27193279 /~ 29960879 sec 254.421
processed 23510000 states 27198983 /~ 29960879 sec 254.534
processed 23520000 states 27204209 /~ 29960879 sec 254.651
processed 23530000 states 27209589 /~ 29960879 sec 254.764
processed 23540000 states 27214942 /~ 29960879 sec 254.876
processed 23550000 states 27219832 /~ 29960879 sec 254.998
processed 23560000 states 27224093 /~ 29960879 sec 255.121
processed 23570000 states 27228937 /~ 29960879 sec 255.247
processed 23580000 states 27232607 /~ 29960879 sec 255.38
processed 23590000 states 27239042 /~ 29960879 sec 255.536
processed 23600000 states 27247317 /~ 29960879 sec 255.696
processed 23610000 states 27252729 /~ 29960879 sec 255.847
processed 23620000 states 27259902 /~ 29960879 sec 255.983
processed 23630000 states 27265559 /~ 29960879 sec 256.111
processed 23640000 states 27270671 /~ 29960879 sec 256.242
processed 23650000 states 27274874 /~ 29960879 sec 256.36
processed 23660000 states 27279279 /~ 29960879 sec 256.491
processed 23670000 states 27283260 /~ 29960879 sec 256.638
processed 23680000 states 27289123 /~ 29960879 sec 256.803
processed 23690000 states 27292860 /~ 29960879 sec 256.948
processed 23700000 states 27297295 /~ 29960879 sec 257.083
processed 23710000 states 27301066 /~ 29960879 sec 257.2
processed 23720000 states 27306678 /~ 29960879 sec 257.33
processed 23730000 states 27312235 /~ 29960879 sec 257.455
processed 23740000 states 27318713 /~ 29960879 sec 257.581
processed 23750000 states 27325646 /~ 29960879 sec 257.708
processed 23760000 states 27332347 /~ 29960879 sec 257.844
processed 23770000 states 27336519 /~ 29960879 sec 257.965
processed 23780000 states 27341429 /~ 29960879 sec 258.079
processed 23790000 states 27347216 /~ 29960879 sec 258.194
processed 23800000 states 27350719 /~ 29960879 sec 258.324
processed 23810000 states 27353907 /~ 29960879 sec 258.464
processed 23820000 states 27356721 /~ 29960879 sec 258.606
processed 23830000 states 27361191 /~ 29960879 sec 258.761
processed 23840000 states 27365969 /~ 29960879 sec 258.958
processed 23850000 states 27369538 /~ 29960879 sec 259.184
processed 23860000 states 27372319 /~ 29960879 sec 259.393
processed 23870000 states 27376624 /~ 29960879 sec 259.583
processed 23880000 states 27380973 /~ 29960879 sec 259.801
processed 23890000 states 27386254 /~ 29960879 sec 259.995
processed 23900000 states 27392023 /~ 29960879 sec 260.197
processed 23910000 states 27397345 /~ 29960879 sec 260.422
processed 23920000 states 27403549 /~ 29960879 sec 260.654
processed 23930000 states 27408331 /~ 29960879 sec 260.894
processed 23940000 states 27412233 /~ 29960879 sec 261.1
processed 23950000 states 27418379 /~ 29960879 sec 261.306
processed 23960000 states 27425443 /~ 29960879 sec 261.497
processed 23970000 states 27431174 /~ 29960879 sec 261.663
processed 23980000 states 27435513 /~ 29960879 sec 261.807
processed 23990000 states 27440596 /~ 29960879 sec 261.942
processed 24000000 states 27447489 /~ 29960879 sec 262.102
processed 24010000 states 27452393 /~ 29960879 sec 262.26
processed 24020000 states 27460560 /~ 29960879 sec 262.423
processed 24030000 states 27466658 /~ 29960879 sec 262.615
processed 24040000 states 27472041 /~ 29960879 sec 262.784
processed 24050000 states 27475716 /~ 29960879 sec 262.926
processed 24060000 states 27479499 /~ 29960879 sec 263.058
processed 24070000 states 27483639 /~ 29960879 sec 263.188
processed 24080000 states 27487398 /~ 29960879 sec 263.309
processed 24090000 states 27491534 /~ 29960879 sec 263.439
processed 24100000 states 27494375 /~ 29960879 sec 263.558
processed 24110000 states 27497444 /~ 29960879 sec 263.674
processed 24120000 states 27500017 /~ 29960879 sec 263.792
processed 24130000 states 27504562 /~ 29960879 sec 263.908
processed 24140000 states 27508907 /~ 29960879 sec 264.074
processed 24150000 states 27511874 /~ 29960879 sec 264.228
processed 24160000 states 27515161 /~ 29960879 sec 264.402
processed 24170000 states 27518313 /~ 29960879 sec 264.587
processed 24180000 states 27521126 /~ 29960879 sec 264.773
processed 24190000 states 27523215 /~ 29960879 sec 264.931
processed 24200000 states 27525553 /~ 29960879 sec 265.086
processed 24210000 states 27530135 /~ 29960879 sec 265.224
processed 24220000 states 27534627 /~ 29960879 sec 265.369
processed 24230000 states 27538133 /~ 29960879 sec 265.534
processed 24240000 states 27542519 /~ 29960879 sec 265.696
processed 24250000 states 27546879 /~ 29960879 sec 265.858
processed 24260000 states 27550498 /~ 29960879 sec 266.04
processed 24270000 states 27553078 /~ 29960879 sec 266.186
processed 24280000 states 27556341 /~ 29960879 sec 266.363
processed 24290000 states 27561242 /~ 29960879 sec 266.509
processed 24300000 states 27569409 /~ 29960879 sec 266.67
processed 24310000 states 27576155 /~ 29960879 sec 266.805
processed 24320000 states 27583810 /~ 29960879 sec 266.936
processed 24330000 states 27590419 /~ 29960879 sec 267.076
processed 24340000 states 27595405 /~ 29960879 sec 267.22
processed 24350000 states 27599557 /~ 29960879 sec 267.354
processed 24360000 states 27606207 /~ 29960879 sec 267.472
processed 24370000 states 27612394 /~ 29960879 sec 267.594
processed 24380000 states 27617147 /~ 29960879 sec 267.731
processed 24390000 states 27621201 /~ 29960879 sec 267.871
processed 24400000 states 27626014 /~ 29960879 sec 268.038
processed 24410000 states 27628781 /~ 29960879 sec 268.18
processed 24420000 states 27631382 /~ 29960879 sec 268.313
processed 24430000 states 27634061 /~ 29960879 sec 268.436
processed 24440000 states 27638226 /~ 29960879 sec 268.585
processed 24450000 states 27643119 /~ 29960879 sec 268.743
processed 24460000 states 27647379 /~ 29960879 sec 269.034
processed 24470000 states 27652112 /~ 29960879 sec 269.266
processed 24480000 states 27656598 /~ 29960879 sec 269.468
processed 24490000 states 27660095 /~ 29960879 sec 269.698
processed 24500000 states 27663673 /~ 29960879 sec 269.902
processed 24510000 states 27666586 /~ 29960879 sec 270.086
processed 24520000 states 27669791 /~ 29960879 sec 270.29
processed 24530000 states 27672447 /~ 29960879 sec 270.448
processed 24540000 states 27674618 /~ 29960879 sec 270.575
processed 24550000 states 27678888 /~ 29960879 sec 270.697
processed 24560000 states 27681630 /~ 29960879 sec 270.819
processed 24570000 states 27682999 /~ 29960879 sec 270.967
processed 24580000 states 27684921 /~ 29960879 sec 271.146
processed 24590000 states 27687450 /~ 29960879 sec 271.298
processed 24600000 states 27689099 /~ 29960879 sec 271.429
processed 24610000 states 27693356 /~ 29960879 sec 271.533
processed 24620000 states 27696594 /~ 29960879 sec 271.645
processed 24630000 states 27701911 /~ 29960879 sec 271.757
processed 24640000 states 27708722 /~ 29960879 sec 271.865
processed 24650000 states 27712258 /~ 29960879 sec 271.975
processed 24660000 states 27716037 /~ 29960879 sec 272.085
processed 24670000 states 27718519 /~ 29960879 sec 272.197
processed 24680000 states 27721879 /~ 29960879 sec 272.308
processed 24690000 states 27726490 /~ 29960879 sec 272.426
processed 24700000 states 27730736 /~ 29960879 sec 272.534
processed 24710000 states 27733240 /~ 29960879 sec 272.654
processed 24720000 states 27737381 /~ 29960879 sec 272.764
processed 24730000 states 27743382 /~ 29960879 sec 272.882
processed 24740000 states 27746847 /~ 29960879 sec 273.005
processed 24750000 states 27749611 /~ 29960879 sec 273.126
processed 24760000 states 27751874 /~ 29960879 sec 273.239
processed 24770000 states 27755435 /~ 29960879 sec 273.424
processed 24780000 states 27761163 /~ 29960879 sec 273.562
processed 24790000 states 27764778 /~ 29960879 sec 273.719
processed 24800000 states 27767831 /~ 29960879 sec 273.919
processed 24810000 states 27770408 /~ 29960879 sec 274.079
processed 24820000 states 27772835 /~ 29960879 sec 274.277
processed 24830000 states 27774780 /~ 29960879 sec 274.533
processed 24840000 states 27776734 /~ 29960879 sec 274.923
processed 24850000 states 27781090 /~ 29960879 sec 275.459
processed 24860000 states 27783905 /~ 29960879 sec 275.704
processed 24870000 states 27786142 /~ 29960879 sec 275.896
processed 24880000 states 27788306 /~ 29960879 sec 276.044
processed 24890000 states 27791816 /~ 29960879 sec 276.164
processed 24900000 states 27794033 /~ 29960879 sec 276.275
processed 24910000 states 27799150 /~ 29960879 sec 276.374
processed 24920000 states 27804259 /~ 29960879 sec 276.477
processed 24930000 states 27808509 /~ 29960879 sec 276.58
processed 24940000 states 27811729 /~ 29960879 sec 276.689
processed 24950000 states 27814713 /~ 29960879 sec 276.8
processed 24960000 states 27816637 /~ 29960879 sec 276.895
processed 24970000 states 27818583 /~ 29960879 sec 276.989
processed 24980000 states 27824524 /~ 29960879 sec 277.088
processed 24990000 states 27829199 /~ 29960879 sec 277.235
processed 25000000 states 27833893 /~ 29960879 sec 277.451
processed 25010000 states 27841230 /~ 29960879 sec 277.639
processed 25020000 states 27846187 /~ 29960879 sec 277.814
processed 25030000 states 27850222 /~ 29960879 sec 277.963
processed 25040000 states 27852269 /~ 29960879 sec 278.088
processed 25050000 states 27856960 /~ 29960879 sec 278.208
processed 25060000 states 27862124 /~ 29960879 sec 278.344
processed 25070000 states 27866894 /~ 29960879 sec 278.489
processed 25080000 states 27870652 /~ 29960879 sec 278.635
processed 25090000 states 27873572 /~ 29960879 sec 278.75
processed 25100000 states 27877425 /~ 29960879 sec 279.034
processed 25110000 states 27880738 /~ 29960879 sec 279.182
processed 25120000 states 27886097 /~ 29960879 sec 279.346
processed 25130000 states 27890314 /~ 29960879 sec 279.499
processed 25140000 states 27893127 /~ 29960879 sec 279.64
processed 25150000 states 27896945 /~ 29960879 sec 279.787
processed 25160000 states 27900571 /~ 29960879 sec 279.922
processed 25170000 states 27902890 /~ 29960879 sec 280.095
processed 25180000 states 27906596 /~ 29960879 sec 280.356
processed 25190000 states 27911289 /~ 29960879 sec 280.514
processed 25200000 states 27914426 /~ 29960879 sec 280.754
processed 25210000 states 27917620 /~ 29960879 sec 280.964
processed 25220000 states 27919887 /~ 29960879 sec 281.173
processed 25230000 states 27922772 /~ 29960879 sec 281.352
processed 25240000 states 27926039 /~ 29960879 sec 281.52
processed 25250000 states 27933408 /~ 29960879 sec 281.673
processed 25260000 states 27940738 /~ 29960879 sec 281.819
processed 25270000 states 27947057 /~ 29960879 sec 281.956
processed 25280000 states 27953385 /~ 29960879 sec 282.094
processed 25290000 states 27959197 /~ 29960879 sec 282.224
processed 25300000 states 27964675 /~ 29960879 sec 282.344
processed 25310000 states 27970864 /~ 29960879 sec 282.461
processed 25320000 states 27977274 /~ 29960879 sec 282.584
processed 25330000 states 27982678 /~ 29960879 sec 282.709
processed 25340000 states 27989079 /~ 29960879 sec 282.831
processed 25350000 states 27994931 /~ 29960879 sec 282.935
processed 25360000 states 28000794 /~ 29960879 sec 283.042
processed 25370000 states 28007323 /~ 29960879 sec 283.15
processed 25380000 states 28013664 /~ 29960879 sec 283.262
processed 25390000 states 28019081 /~ 29960879 sec 283.383
processed 25400000 states 28023471 /~ 29960879 sec 283.506
processed 25410000 states 28028693 /~ 29960879 sec 283.636
processed 25420000 states 28032628 /~ 29960879 sec 283.758
processed 25430000 states 28035298 /~ 29960879 sec 283.868
processed 25440000 states 28038017 /~ 29960879 sec 283.975
processed 25450000 states 28042437 /~ 29960879 sec 284.086
processed 25460000 states 28045672 /~ 29960879 sec 284.222
processed 25470000 states 28048941 /~ 29960879 sec 284.366
processed 25480000 states 28053936 /~ 29960879 sec 284.512
processed 25490000 states 28059037 /~ 29960879 sec 284.672
processed 25500000 states 28063533 /~ 29960879 sec 284.846
processed 25510000 states 28069555 /~ 29960879 sec 285.017
processed 25520000 states 28077393 /~ 29960879 sec 285.172
processed 25530000 states 28084773 /~ 29960879 sec 285.325
processed 25540000 states 28091922 /~ 29960879 sec 285.473
processed 25550000 states 28095637 /~ 29960879 sec 285.618
processed 25560000 states 28101523 /~ 29960879 sec 285.761
processed 25570000 states 28106407 /~ 29960879 sec 285.894
processed 25580000 states 28114228 /~ 29960879 sec 286.059
processed 25590000 states 28120366 /~ 29960879 sec 286.273
processed 25600000 states 28127384 /~ 29960879 sec 286.486
processed 25610000 states 28133962 /~ 29960879 sec 286.699
processed 25620000 states 28138936 /~ 29960879 sec 286.877
processed 25630000 states 28142698 /~ 29960879 sec 287.064
processed 25640000 states 28147776 /~ 29960879 sec 287.241
processed 25650000 states 28153329 /~ 29960879 sec 287.404
processed 25660000 states 28158404 /~ 29960879 sec 287.556
processed 25670000 states 28165488 /~ 29960879 sec 287.707
processed 25680000 states 28170978 /~ 29960879 sec 287.849
processed 25690000 states 28180178 /~ 29960879 sec 287.997
processed 25700000 states 28187999 /~ 29960879 sec 288.158
processed 25710000 states 28194959 /~ 29960879 sec 288.319
processed 25720000 states 28201204 /~ 29960879 sec 288.484
processed 25730000 states 28206898 /~ 29960879 sec 288.623
processed 25740000 states 28214606 /~ 29960879 sec 288.751
processed 25750000 states 28222742 /~ 29960879 sec 288.878
processed 25760000 states 28230685 /~ 29960879 sec 289
processed 25770000 states 28238675 /~ 29960879 sec 289.121
processed 25780000 states 28246927 /~ 29960879 sec 289.24
processed 25790000 states 28255461 /~ 29960879 sec 289.364
processed 25800000 states 28263356 /~ 29960879 sec 289.489
processed 25810000 states 28270986 /~ 29960879 sec 289.626
processed 25820000 states 28276391 /~ 29960879 sec 289.793
processed 25830000 states 28282265 /~ 29960879 sec 289.994
processed 25840000 states 28291459 /~ 29960879 sec 290.157
processed 25850000 states 28299443 /~ 29960879 sec 290.34
processed 25860000 states 28306594 /~ 29960879 sec 290.521
processed 25870000 states 28312110 /~ 29960879 sec 290.735
processed 25880000 states 28318688 /~ 29960879 sec 290.979
processed 25890000 states 28324359 /~ 29960879 sec 291.18
processed 25900000 states 28330408 /~ 29960879 sec 291.377
processed 25910000 states 28334783 /~ 29960879 sec 291.57
processed 25920000 states 28340133 /~ 29960879 sec 291.789
processed 25930000 states 28343917 /~ 29960879 sec 292.171
processed 25940000 states 28347771 /~ 29960879 sec 292.38
processed 25950000 states 28352483 /~ 29960879 sec 292.608
processed 25960000 states 28356174 /~ 29960879 sec 292.813
processed 25970000 states 28361923 /~ 29960879 sec 293.007
processed 25980000 states 28366705 /~ 29960879 sec 293.224
processed 25990000 states 28369902 /~ 29960879 sec 293.416
processed 26000000 states 28373212 /~ 29960879 sec 293.596
processed 26010000 states 28377210 /~ 29960879 sec 293.773
processed 26020000 states 28381073 /~ 29960879 sec 293.969
processed 26030000 states 28385371 /~ 29960879 sec 294.149
processed 26040000 states 28388440 /~ 29960879 sec 294.286
processed 26050000 states 28392207 /~ 29960879 sec 294.423
processed 26060000 states 28396690 /~ 29960879 sec 294.558
processed 26070000 states 28402352 /~ 29960879 sec 294.679
processed 26080000 states 28407637 /~ 29960879 sec 294.791
processed 26090000 states 28412317 /~ 29960879 sec 294.902
processed 26100000 states 28414792 /~ 29960879 sec 295.015
processed 26110000 states 28416889 /~ 29960879 sec 295.134
processed 26120000 states 28420494 /~ 29960879 sec 295.259
processed 26130000 states 28422483 /~ 29960879 sec 295.425
processed 26140000 states 28424896 /~ 29960879 sec 295.627
processed 26150000 states 28427614 /~ 29960879 sec 295.814
processed 26160000 states 28432275 /~ 29960879 sec 295.986
processed 26170000 states 28436059 /~ 29960879 sec 296.158
processed 26180000 states 28439133 /~ 29960879 sec 296.339
processed 26190000 states 28441383 /~ 29960879 sec 296.501
processed 26200000 states 28443608 /~ 29960879 sec 296.645
processed 26210000 states 28445805 /~ 29960879 sec 296.8
processed 26220000 states 28448347 /~ 29960879 sec 296.985
processed 26230000 states 28450685 /~ 29960879 sec 297.153
processed 26240000 states 28452937 /~ 29960879 sec 297.322
processed 26250000 states 28457274 /~ 29960879 sec 297.455
processed 26260000 states 28460540 /~ 29960879 sec 297.589
processed 26270000 states 28462228 /~ 29960879 sec 297.71
processed 26280000 states 28463894 /~ 29960879 sec 297.829
processed 26290000 states 28466197 /~ 29960879 sec 297.951
processed 26300000 states 28468510 /~ 29960879 sec 298.095
processed 26310000 states 28471629 /~ 29960879 sec 298.221
processed 26320000 states 28474903 /~ 29960879 sec 298.341
processed 26330000 states 28478599 /~ 29960879 sec 298.469
processed 26340000 states 28481708 /~ 29960879 sec 298.6
processed 26350000 states 28485405 /~ 29960879 sec 298.72
processed 26360000 states 28489483 /~ 29960879 sec 298.83
processed 26370000 states 28493752 /~ 29960879 sec 298.951
processed 26380000 states 28497252 /~ 29960879 sec 299.062
processed 26390000 states 28501050 /~ 29960879 sec 299.178
processed 26400000 states 28503609 /~ 29960879 sec 299.283
processed 26410000 states 28505874 /~ 29960879 sec 299.392
processed 26420000 states 28507353 /~ 29960879 sec 299.502
processed 26430000 states 28509247 /~ 29960879 sec 299.611
processed 26440000 states 28511225 /~ 29960879 sec 299.718
processed 26450000 states 28515468 /~ 29960879 sec 299.873
processed 26460000 states 28521482 /~ 29960879 sec 300.042
processed 26470000 states 28527294 /~ 29960879 sec 300.206
processed 26480000 states 28534550 /~ 29960879 sec 300.376
processed 26490000 states 28540661 /~ 29960879 sec 300.523
processed 26500000 states 28549612 /~ 29960879 sec 300.684
processed 26510000 states 28556891 /~ 29960879 sec 300.836
processed 26520000 states 28563378 /~ 29960879 sec 300.979
processed 26530000 states 28569164 /~ 29960879 sec 301.115
processed 26540000 states 28574185 /~ 29960879 sec 301.267
processed 26550000 states 28578469 /~ 29960879 sec 301.441
processed 26560000 states 28582890 /~ 29960879 sec 301.629
processed 26570000 states 28586663 /~ 29960879 sec 301.894
processed 26580000 states 28589927 /~ 29960879 sec 302.092
processed 26590000 states 28592998 /~ 29960879 sec 302.3
processed 26600000 states 28597096 /~ 29960879 sec 302.494
processed 26610000 states 28600875 /~ 29960879 sec 302.672
processed 26620000 states 28603845 /~ 29960879 sec 302.823
processed 26630000 states 28607510 /~ 29960879 sec 302.981
processed 26640000 states 28611730 /~ 29960879 sec 303.125
processed 26650000 states 28614455 /~ 29960879 sec 303.296
processed 26660000 states 28617000 /~ 29960879 sec 303.46
processed 26670000 states 28620206 /~ 29960879 sec 303.604
processed 26680000 states 28623177 /~ 29960879 sec 303.757
processed 26690000 states 28626225 /~ 29960879 sec 303.886
processed 26700000 states 28628681 /~ 29960879 sec 303.986
processed 26710000 states 28632457 /~ 29960879 sec 304.091
processed 26720000 states 28636152 /~ 29960879 sec 304.196
processed 26730000 states 28641801 /~ 29960879 sec 304.299
processed 26740000 states 28647374 /~ 29960879 sec 304.403
processed 26750000 states 28651864 /~ 29960879 sec 304.508
processed 26760000 states 28656230 /~ 29960879 sec 304.616
processed 26770000 states 28661641 /~ 29960879 sec 304.737
processed 26780000 states 28666121 /~ 29960879 sec 304.853
processed 26790000 states 28670428 /~ 29960879 sec 304.975
processed 26800000 states 28673175 /~ 29960879 sec 305.09
processed 26810000 states 28677057 /~ 29960879 sec 305.195
processed 26820000 states 28678779 /~ 29960879 sec 305.306
processed 26830000 states 28681226 /~ 29960879 sec 305.422
processed 26840000 states 28683020 /~ 29960879 sec 305.527
processed 26850000 states 28684355 /~ 29960879 sec 305.653
processed 26860000 states 28685656 /~ 29960879 sec 305.773
processed 26870000 states 28688173 /~ 29960879 sec 305.9
processed 26880000 states 28690632 /~ 29960879 sec 306.027
processed 26890000 states 28693716 /~ 29960879 sec 306.153
processed 26900000 states 28697642 /~ 29960879 sec 306.258
processed 26910000 states 28701706 /~ 29960879 sec 306.36
processed 26920000 states 28704647 /~ 29960879 sec 306.474
processed 26930000 states 28707087 /~ 29960879 sec 306.594
processed 26940000 states 28710820 /~ 29960879 sec 306.727
processed 26950000 states 28714092 /~ 29960879 sec 306.852
processed 26960000 states 28716742 /~ 29960879 sec 306.984
processed 26970000 states 28719107 /~ 29960879 sec 307.112
processed 26980000 states 28722678 /~ 29960879 sec 307.231
processed 26990000 states 28725312 /~ 29960879 sec 307.346
processed 27000000 states 28727500 /~ 29960879 sec 307.449
processed 27010000 states 28733127 /~ 29960879 sec 307.559
processed 27020000 states 28739099 /~ 29960879 sec 307.666
processed 27030000 states 28744401 /~ 29960879 sec 307.774
processed 27040000 states 28749160 /~ 29960879 sec 307.891
processed 27050000 states 28753650 /~ 29960879 sec 308.007
processed 27060000 states 28759284 /~ 29960879 sec 308.135
processed 27070000 states 28764731 /~ 29960879 sec 308.258
processed 27080000 states 28768973 /~ 29960879 sec 308.38
processed 27090000 states 28772385 /~ 29960879 sec 308.501
processed 27100000 states 28775314 /~ 29960879 sec 308.621
processed 27110000 states 28779955 /~ 29960879 sec 308.754
processed 27120000 states 28783496 /~ 29960879 sec 308.872
processed 27130000 states 28785856 /~ 29960879 sec 309.011
processed 27140000 states 28789951 /~ 29960879 sec 309.157
processed 27150000 states 28795043 /~ 29960879 sec 309.283
processed 27160000 states 28801381 /~ 29960879 sec 309.409
processed 27170000 states 28806281 /~ 29960879 sec 309.544
processed 27180000 states 28810660 /~ 29960879 sec 309.766
processed 27190000 states 28813943 /~ 29960879 sec 309.955
processed 27200000 states 28817677 /~ 29960879 sec 310.146
processed 27210000 states 28820810 /~ 29960879 sec 310.348
processed 27220000 states 28823491 /~ 29960879 sec 310.547
processed 27230000 states 28825700 /~ 29960879 sec 310.73
processed 27240000 states 28828510 /~ 29960879 sec 310.907
processed 27250000 states 28832376 /~ 29960879 sec 311.082
processed 27260000 states 28835998 /~ 29960879 sec 311.264
processed 27270000 states 28838777 /~ 29960879 sec 311.416
processed 27280000 states 28840527 /~ 29960879 sec 311.561
processed 27290000 states 28843302 /~ 29960879 sec 311.733
processed 27300000 states 28845252 /~ 29960879 sec 311.882
processed 27310000 states 28847434 /~ 29960879 sec 312.029
processed 27320000 states 28849869 /~ 29960879 sec 312.177
processed 27330000 states 28853255 /~ 29960879 sec 312.344
processed 27340000 states 28855184 /~ 29960879 sec 312.547
processed 27350000 states 28857794 /~ 29960879 sec 312.716
processed 27360000 states 28858939 /~ 29960879 sec 312.902
processed 27370000 states 28860544 /~ 29960879 sec 313.073
processed 27380000 states 28862432 /~ 29960879 sec 313.208
processed 27390000 states 28865562 /~ 29960879 sec 313.332
processed 27400000 states 28868128 /~ 29960879 sec 313.474
processed 27410000 states 28870314 /~ 29960879 sec 313.615
processed 27420000 states 28873216 /~ 29960879 sec 313.756
processed 27430000 states 28876463 /~ 29960879 sec 313.898
processed 27440000 states 28878259 /~ 29960879 sec 314.018
processed 27450000 states 28881157 /~ 29960879 sec 314.15
processed 27460000 states 28885716 /~ 29960879 sec 314.273
processed 27470000 states 28888719 /~ 29960879 sec 314.403
processed 27480000 states 28890232 /~ 29960879 sec 314.529
processed 27490000 states 28891999 /~ 29960879 sec 314.653
processed 27500000 states 28893399 /~ 29960879 sec 314.782
processed 27510000 states 28896203 /~ 29960879 sec 314.902
processed 27520000 states 28898056 /~ 29960879 sec 315.038
processed 27530000 states 28899921 /~ 29960879 sec 315.148
processed 27540000 states 28901763 /~ 29960879 sec 315.263
processed 27550000 states 28903617 /~ 29960879 sec 315.386
processed 27560000 states 28906031 /~ 29960879 sec 315.495
processed 27570000 states 28911688 /~ 29960879 sec 315.624
processed 27580000 states 28916792 /~ 29960879 sec 315.766
processed 27590000 states 28921135 /~ 29960879 sec 315.919
processed 27600000 states 28924218 /~ 29960879 sec 316.102
processed 27610000 states 28928648 /~ 29960879 sec 316.294
processed 27620000 states 28932254 /~ 29960879 sec 316.502
processed 27630000 states 28935173 /~ 29960879 sec 316.709
processed 27640000 states 28937772 /~ 29960879 sec 316.896
processed 27650000 states 28940619 /~ 29960879 sec 317.108
processed 27660000 states 28943294 /~ 29960879 sec 317.3
processed 27670000 states 28944571 /~ 29960879 sec 317.492
processed 27680000 states 28946259 /~ 29960879 sec 317.674
processed 27690000 states 28947151 /~ 29960879 sec 317.873
processed 27700000 states 28950349 /~ 29960879 sec 318.045
processed 27710000 states 28954109 /~ 29960879 sec 318.217
processed 27720000 states 28955663 /~ 29960879 sec 318.382
processed 27730000 states 28957239 /~ 29960879 sec 318.535
processed 27740000 states 28959763 /~ 29960879 sec 318.683
processed 27750000 states 28961694 /~ 29960879 sec 318.838
processed 27760000 states 28963824 /~ 29960879 sec 318.963
processed 27770000 states 28965449 /~ 29960879 sec 319.092
processed 27780000 states 28967001 /~ 29960879 sec 319.262
processed 27790000 states 28968620 /~ 29960879 sec 319.413
processed 27800000 states 28970976 /~ 29960879 sec 319.538
processed 27810000 states 28974017 /~ 29960879 sec 319.674
processed 27820000 states 28975517 /~ 29960879 sec 319.817
processed 27830000 states 28978580 /~ 29960879 sec 319.972
processed 27840000 states 28983393 /~ 29960879 sec 320.121
processed 27850000 states 28986869 /~ 29960879 sec 320.271
processed 27860000 states 28989045 /~ 29960879 sec 320.413
processed 27870000 states 28991482 /~ 29960879 sec 320.564
processed 27880000 states 28993814 /~ 29960879 sec 320.706
processed 27890000 states 28997340 /~ 29960879 sec 320.849
processed 27900000 states 28999773 /~ 29960879 sec 320.996
processed 27910000 states 29002349 /~ 29960879 sec 321.12
processed 27920000 states 29004089 /~ 29960879 sec 321.245
processed 27930000 states 29006844 /~ 29960879 sec 321.37
processed 27940000 states 29012795 /~ 29960879 sec 321.501
processed 27950000 states 29017391 /~ 29960879 sec 321.635
processed 27960000 states 29020836 /~ 29960879 sec 321.764
processed 27970000 states 29024826 /~ 29960879 sec 321.899
processed 27980000 states 29028846 /~ 29960879 sec 322.037
processed 27990000 states 29033357 /~ 29960879 sec 322.192
processed 28000000 states 29037929 /~ 29960879 sec 322.328
processed 28010000 states 29042652 /~ 29960879 sec 322.468
processed 28020000 states 29046795 /~ 29960879 sec 322.606
processed 28030000 states 29050302 /~ 29960879 sec 322.743
processed 28040000 states 29052968 /~ 29960879 sec 322.87
processed 28050000 states 29055108 /~ 29960879 sec 323.026
processed 28060000 states 29057310 /~ 29960879 sec 323.193
processed 28070000 states 29059607 /~ 29960879 sec 323.35
processed 28080000 states 29063874 /~ 29960879 sec 323.507
processed 28090000 states 29067962 /~ 29960879 sec 323.664
processed 28100000 states 29070294 /~ 29960879 sec 323.824
processed 28110000 states 29073574 /~ 29960879 sec 323.986
processed 28120000 states 29077683 /~ 29960879 sec 324.155
processed 28130000 states 29081928 /~ 29960879 sec 324.322
processed 28140000 states 29084577 /~ 29960879 sec 324.48
processed 28150000 states 29087375 /~ 29960879 sec 324.696
processed 28160000 states 29090345 /~ 29960879 sec 324.883
processed 28170000 states 29094289 /~ 29960879 sec 325.052
processed 28180000 states 29100512 /~ 29960879 sec 325.223
processed 28190000 states 29104911 /~ 29960879 sec 325.401
processed 28200000 states 29109106 /~ 29960879 sec 325.58
processed 28210000 states 29112498 /~ 29960879 sec 325.753
processed 28220000 states 29118008 /~ 29960879 sec 325.908
processed 28230000 states 29123362 /~ 29960879 sec 326.064
processed 28240000 states 29128617 /~ 29960879 sec 326.214
processed 28250000 states 29133795 /~ 29960879 sec 326.374
processed 28260000 states 29139740 /~ 29960879 sec 326.524
processed 28270000 states 29145069 /~ 29960879 sec 326.674
processed 28280000 states 29148585 /~ 29960879 sec 326.834
processed 28290000 states 29154086 /~ 29960879 sec 327.096
processed 28300000 states 29158703 /~ 29960879 sec 327.396
processed 28310000 states 29162383 /~ 29960879 sec 327.667
processed 28320000 states 29166395 /~ 29960879 sec 327.956
processed 28330000 states 29170082 /~ 29960879 sec 328.163
processed 28340000 states 29172489 /~ 29960879 sec 328.356
processed 28350000 states 29174356 /~ 29960879 sec 328.538
processed 28360000 states 29176598 /~ 29960879 sec 328.699
processed 28370000 states 29178737 /~ 29960879 sec 328.882
processed 28380000 states 29180713 /~ 29960879 sec 329.068
processed 28390000 states 29182184 /~ 29960879 sec 329.261
processed 28400000 states 29185247 /~ 29960879 sec 330.17
processed 28410000 states 29189272 /~ 29960879 sec 330.491
processed 28420000 states 29190984 /~ 29960879 sec 330.784
processed 28430000 states 29192607 /~ 29960879 sec 331.031
processed 28440000 states 29194681 /~ 29960879 sec 331.296
processed 28450000 states 29195807 /~ 29960879 sec 331.505
processed 28460000 states 29197995 /~ 29960879 sec 331.694
processed 28470000 states 29199044 /~ 29960879 sec 331.879
processed 28480000 states 29200693 /~ 29960879 sec 332.06
processed 28490000 states 29202742 /~ 29960879 sec 332.24
processed 28500000 states 29205450 /~ 29960879 sec 332.402
processed 28510000 states 29206585 /~ 29960879 sec 332.555
processed 28520000 states 29208442 /~ 29960879 sec 332.731
processed 28530000 states 29211010 /~ 29960879 sec 332.891
processed 28540000 states 29214982 /~ 29960879 sec 333.057
processed 28550000 states 29220581 /~ 29960879 sec 333.237
processed 28560000 states 29224772 /~ 29960879 sec 333.444
processed 28570000 states 29227980 /~ 29960879 sec 333.643
processed 28580000 states 29230625 /~ 29960879 sec 333.853
processed 28590000 states 29232515 /~ 29960879 sec 334.054
processed 28600000 states 29234240 /~ 29960879 sec 334.25
processed 28610000 states 29236070 /~ 29960879 sec 334.437
processed 28620000 states 29237361 /~ 29960879 sec 334.63
processed 28630000 states 29238502 /~ 29960879 sec 334.812
processed 28640000 states 29241038 /~ 29960879 sec 334.967
processed 28650000 states 29244483 /~ 29960879 sec 335.14
processed 28660000 states 29246869 /~ 29960879 sec 335.351
processed 28670000 states 29249750 /~ 29960879 sec 335.571
processed 28680000 states 29251688 /~ 29960879 sec 335.776
processed 28690000 states 29252468 /~ 29960879 sec 335.993
processed 28700000 states 29254425 /~ 29960879 sec 336.176
processed 28710000 states 29255917 /~ 29960879 sec 336.356
processed 28720000 states 29257822 /~ 29960879 sec 336.569
processed 28730000 states 29260354 /~ 29960879 sec 336.745
processed 28740000 states 29263871 /~ 29960879 sec 336.9
processed 28750000 states 29266624 /~ 29960879 sec 337.055
processed 28760000 states 29269886 /~ 29960879 sec 337.218
processed 28770000 states 29272916 /~ 29960879 sec 337.386
processed 28780000 states 29275093 /~ 29960879 sec 337.577
processed 28790000 states 29276465 /~ 29960879 sec 337.791
processed 28800000 states 29280330 /~ 29960879 sec 337.974
processed 28810000 states 29282956 /~ 29960879 sec 338.137
processed 28820000 states 29284638 /~ 29960879 sec 338.299
processed 28830000 states 29285959 /~ 29960879 sec 338.46
processed 28840000 states 29287179 /~ 29960879 sec 338.615
processed 28850000 states 29288099 /~ 29960879 sec 338.789
processed 28860000 states 29288949 /~ 29960879 sec 338.951
processed 28870000 states 29289921 /~ 29960879 sec 339.123
processed 28880000 states 29291165 /~ 29960879 sec 339.297
processed 28890000 states 29293619 /~ 29960879 sec 339.505
processed 28900000 states 29294582 /~ 29960879 sec 339.914
processed 28910000 states 29297091 /~ 29960879 sec 340.118
processed 28920000 states 29299642 /~ 29960879 sec 340.312
processed 28930000 states 29301728 /~ 29960879 sec 340.496
processed 28940000 states 29303992 /~ 29960879 sec 340.674
processed 28950000 states 29305714 /~ 29960879 sec 340.847
processed 28960000 states 29307144 /~ 29960879 sec 341.025
processed 28970000 states 29308118 /~ 29960879 sec 341.214
processed 28980000 states 29310002 /~ 29960879 sec 341.395
processed 28990000 states 29312697 /~ 29960879 sec 341.612
processed 29000000 states 29314633 /~ 29960879 sec 341.82
processed 29010000 states 29317550 /~ 29960879 sec 342.06
processed 29020000 states 29319610 /~ 29960879 sec 342.344
processed 29030000 states 29321817 /~ 29960879 sec 342.626
processed 29040000 states 29324762 /~ 29960879 sec 342.883
processed 29050000 states 29327037 /~ 29960879 sec 343.118
processed 29060000 states 29328459 /~ 29960879 sec 343.417
processed 29070000 states 29330106 /~ 29960879 sec 343.808
processed 29080000 states 29332699 /~ 29960879 sec 344.203
processed 29090000 states 29334223 /~ 29960879 sec 344.461
processed 29100000 states 29336722 /~ 29960879 sec 344.667
processed 29110000 states 29338454 /~ 29960879 sec 344.848
processed 29120000 states 29341288 /~ 29960879 sec 345.014
processed 29130000 states 29343638 /~ 29960879 sec 345.211
processed 29140000 states 29346521 /~ 29960879 sec 345.414
processed 29150000 states 29348807 /~ 29960879 sec 345.591
processed 29160000 states 29350933 /~ 29960879 sec 345.755
processed 29170000 states 29352940 /~ 29960879 sec 345.918
processed 29180000 states 29353640 /~ 29960879 sec 346.064
processed 29190000 states 29355468 /~ 29960879 sec 346.195
processed 29200000 states 29356116 /~ 29960879 sec 346.328
processed 29210000 states 29357013 /~ 29960879 sec 346.473
processed 29220000 states 29358833 /~ 29960879 sec 346.623
processed 29230000 states 29360117 /~ 29960879 sec 346.775
processed 29240000 states 29360919 /~ 29960879 sec 346.921
processed 29250000 states 29362335 /~ 29960879 sec 347.067
processed 29260000 states 29363463 /~ 29960879 sec 347.234
processed 29270000 states 29364576 /~ 29960879 sec 347.387
processed 29280000 states 29365823 /~ 29960879 sec 347.552
processed 29290000 states 29366427 /~ 29960879 sec 347.705
processed 29300000 states 29367449 /~ 29960879 sec 347.863
processed 29310000 states 29368392 /~ 29960879 sec 348.017
processed 29320000 states 29369494 /~ 29960879 sec 348.627
processed 29330000 states 29370338 /~ 29960879 sec 348.971
processed 29340000 states 29370933 /~ 29960879 sec 349.194
processed 29350000 states 29371704 /~ 29960879 sec 349.379
processed 29360000 states 29372087 /~ 29960879 sec 349.608
processed 29370000 states 29372214 /~ 29960879 sec 349.843
COMPLETE 11 5 orbits 29372227 mass 77519922480 seconds 410.204
AUDITED B=11 I=5 orbits=29372227 mass=77519922480 direct=29370856 farkas=1278 residual=93 seconds=89.5939
