1 4099 4102 4108 8216 8240 8288 12296 16576 16768 24640 28672 33536 34304 49408 53248 67585 68608 69633 99328 167936 229376 331776 397312 458752
1 4099 4102 4108 8216 8240 8288 12296 16576 16768 24640 28672 33536 34304 49408 53248 67585 68608 69633 99328 200704 229376 299008 397312 425984
1 4099 4102 4108 8216 8240 8288 12296 16576 16768 24640 28672 33536 34304 49408 53248 67585 68608 69633 99328 229376 299008 331776 425984 458752
1 4099 4102 4108 8216 8240 8288 12296 16576 16768 24640 28672 33536 34304 49408 53248 67585 68608 99328 102400 135169 200704 327681 393217 458752
1 4099 4102 4108 8216 8240 8288 12296 16576 16768 24640 28672 33536 34304 49408 53248 67585 68608 99328 102400 196609 200704 266241 393217 397312
1 4099 4102 4108 8216 8240 8288 12296 16576 16768 24640 28672 33536 34304 49408 53248 67585 68608 99328 102400 200704 266241 327681 397312 458752
1 4099 4102 4108 8216 8240 8288 12296 16576 16768 24640 28672 33536 34304 49408 53248 67585 68608 99328 135169 167936 229376 327681 393217 458752
1 4099 4102 4108 8216 8240 8288 12296 16576 16768 24640 28672 33536 34304 49408 53248 67585 68608 99328 135169 196609 229376 299008 397312 425984
1 4099 4102 4108 8216 8240 8288 12296 16576 16768 24640 28672 33536 34304 49408 53248 67585 68608 99328 167936 196609 229376 266241 393217 397312
1 4099 4102 4108 8216 8240 8288 12296 16576 16768 24640 28672 33536 34304 49408 53248 67585 68608 99328 167936 200704 229376 266241 327681 331776
1 4099 4102 4108 8216 8240 8288 12296 16576 16768 24640 28672 33536 34304 49408 53248 67585 68608 99328 167936 229376 266241 327681 397312 458752
1 4099 4102 4108 8216 8240 8288 12296 16576 16768 24640 28672 33536 34304 49408 53248 67585 68608 99328 196609 229376 266241 299008 393217 425984
1 4099 4102 4108 8216 8240 8288 12296 16576 16768 24640 28672 33536 34304 49408 53248 67585 68608 99328 229376 266241 299008 327681 425984 458752
1 4099 4102 4108 8216 8240 8288 12296 16576 16768 24640 28672 33536 34304 49408 53248 67585 69633 99328 102400 134144 198656 328704 394240 458752
1 4099 4102 4108 8216 8240 8288 12296 16576 16768 24640 28672 33536 34304 49408 53248 67585 69633 99328 102400 197632 198656 265216 394240 395264
1 4099 4102 4108 8216 8240 8288 12296 16576 16768 24640 28672 33536 34304 49408 53248 67585 69633 99328 102400 198656 265216 328704 395264 458752
1 4099 4102 4108 8216 8240 8288 12296 16576 16768 24640 28672 33536 34304 49408 53248 67585 69633 99328 167936 200704 229376 265216 328704 329728
1 4099 4102 4108 8216 8240 8288 12296 16576 16768 24640 28672 33536 34304 49408 53248 67585 99328 102400 135169 196609 200704 265216 328704 329728
1 4099 4102 4108 8216 8240 8288 12296 16576 16768 24640 28672 33536 34304 49408 53248 67585 99328 135169 167936 196609 229376 265216 328704 329728
1 4099 4102 4108 8216 8240 8288 12296 16576 16768 24640 28672 33536 34304 49408 53248 68608 69633 99328 102400 133121 196609 329728 395264 458752
1 4099 4102 4108 8216 8240 8288 12296 16576 16768 24640 28672 33536 34304 49408 53248 68608 69633 99328 102400 196609 198656 264193 393217 395264
1 4099 4102 4108 8216 8240 8288 12296 16576 16768 24640 28672 33536 34304 49408 53248 68608 69633 99328 102400 196609 264193 329728 393217 458752
1 4099 4102 4108 8216 8240 8288 12296 16576 16768 24640 28672 33536 34304 49408 53248 68608 69633 99328 167936 200704 229376 264193 327681 329728
1 4099 4102 4108 8216 8240 8288 12296 16576 16768 24640 28672 33536 34304 49408 53248 68608 99328 102400 133121 135169 200704 329728 395264 458752
1 4099 4102 4108 8216 8240 8288 12296 16576 16768 24640 28672 33536 34304 49408 53248 68608 99328 102400 133121 198656 200704 266241 393217 397312
1 4099 4102 4108 8216 8240 8288 12296 16576 16768 24640 28672 33536 34304 49408 53248 68608 99328 102400 135169 196609 200704 264193 327681 329728
1 4099 4102 4108 8216 8240 8288 12296 16576 16768 24640 28672 33536 34304 49408 53248 68608 99328 102400 135169 198656 200704 264193 393217 395264
1 4099 4102 4108 8216 8240 8288 12296 16576 16768 24640 28672 33536 34304 49408 53248 68608 99328 102400 135169 200704 264193 329728 393217 458752
1 4099 4102 4108 8216 8240 8288 12296 16576 16768 24640 28672 33536 34304 49408 53248 68608 99328 102400 198656 200704 264193 266241 395264 397312
1 4099 4102 4108 8216 8240 8288 12296 16576 16768 24640 28672 33536 34304 49408 53248 68608 99328 102400 200704 264193 266241 329728 397312 458752
1 4099 4102 4108 8216 8240 8288 12296 16576 16768 24640 28672 33536 34304 49408 53248 68608 99328 133121 135169 167936 229376 329728 395264 458752
1 4099 4102 4108 8216 8240 8288 12296 16576 16768 24640 28672 33536 34304 49408 53248 68608 99328 133121 135169 198656 229376 299008 397312 425984
1 4099 4102 4108 8216 8240 8288 12296 16576 16768 24640 28672 33536 34304 49408 53248 68608 99328 133121 167936 198656 229376 266241 393217 397312
1 4099 4102 4108 8216 8240 8288 12296 16576 16768 24640 28672 33536 34304 49408 53248 68608 99328 133121 198656 229376 266241 299008 393217 425984
1 4099 4102 4108 8216 8240 8288 12296 16576 16768 24640 28672 33536 34304 49408 53248 68608 99328 135169 167936 196609 229376 264193 327681 329728
1 4099 4102 4108 8216 8240 8288 12296 16576 16768 24640 28672 33536 34304 49408 53248 68608 99328 135169 167936 198656 229376 264193 393217 395264
1 4099 4102 4108 8216 8240 8288 12296 16576 16768 24640 28672 33536 34304 49408 53248 68608 99328 135169 167936 229376 264193 329728 393217 458752
1 4099 4102 4108 8216 8240 8288 12296 16576 16768 24640 28672 33536 34304 49408 53248 68608 99328 167936 198656 229376 264193 266241 395264 397312
1 4099 4102 4108 8216 8240 8288 12296 16576 16768 24640 28672 33536 34304 49408 53248 68608 99328 167936 200704 229376 264193 266241 329728 331776
1 4099 4102 4108 8216 8240 8288 12296 16576 16768 24640 28672 33536 34304 49408 53248 68608 99328 167936 229376 264193 266241 329728 397312 458752
1 4099 4102 4108 8216 8240 8288 12296 16576 16768 24640 28672 33536 34304 49408 53248 68608 99328 198656 229376 264193 266241 299008 395264 425984
1 4099 4102 4108 8216 8240 8288 12296 16576 16768 24640 28672 33536 34304 49408 53248 68608 99328 229376 264193 266241 299008 329728 425984 458752
1 4099 4102 4108 8216 8240 8288 12296 16576 16768 24640 28672 33536 34304 49408 53248 69633 99328 102400 133121 134144 196609 328704 394240 458752
1 4099 4102 4108 8216 8240 8288 12296 16576 16768 24640 28672 33536 34304 49408 53248 69633 99328 102400 133121 196609 197632 265216 394240 395264
1 4099 4102 4108 8216 8240 8288 12296 16576 16768 24640 28672 33536 34304 49408 53248 69633 99328 102400 133121 196609 198656 265216 328704 329728
1 4099 4102 4108 8216 8240 8288 12296 16576 16768 24640 28672 33536 34304 49408 53248 69633 99328 102400 133121 196609 265216 328704 395264 458752
1 4099 4102 4108 8216 8240 8288 12296 16576 16768 24640 28672 33536 34304 49408 53248 69633 99328 102400 134144 196609 197632 264193 393217 395264
1 4099 4102 4108 8216 8240 8288 12296 16576 16768 24640 28672 33536 34304 49408 53248 69633 99328 102400 196609 197632 264193 265216 393217 394240
1 4099 4102 4108 8216 8240 8288 12296 16576 16768 24640 28672 33536 34304 49408 53248 69633 99328 102400 196609 264193 265216 328704 393217 458752
1 4099 4102 4108 8216 8240 8288 12296 16576 16768 24640 28672 33536 34304 49408 53248 69633 99328 167936 200704 229376 264193 265216 327681 328704
1 4099 4102 4108 8216 8240 8288 12296 16576 16768 24640 28672 33536 34304 49408 53248 99328 102400 133121 134144 135169 200704 328704 394240 458752
1 4099 4102 4108 8216 8240 8288 12296 16576 16768 24640 28672 33536 34304 49408 53248 99328 102400 133121 134144 197632 200704 266241 393217 397312
1 4099 4102 4108 8216 8240 8288 12296 16576 16768 24640 28672 33536 34304 49408 53248 99328 102400 133121 135169 197632 200704 265216 394240 395264
1 4099 4102 4108 8216 8240 8288 12296 16576 16768 24640 28672 33536 34304 49408 53248 99328 102400 133121 135169 198656 200704 265216 328704 329728
1 4099 4102 4108 8216 8240 8288 12296 16576 16768 24640 28672 33536 34304 49408 53248 99328 102400 133121 135169 200704 265216 328704 395264 458752
1 4099 4102 4108 8216 8240 8288 12296 16576 16768 24640 28672 33536 34304 49408 53248 99328 102400 134144 135169 197632 200704 264193 393217 395264
1 4099 4102 4108 8216 8240 8288 12296 16576 16768 24640 28672 33536 34304 49408 53248 99328 102400 134144 197632 200704 264193 266241 395264 397312
1 4099 4102 4108 8216 8240 8288 12296 16576 16768 24640 28672 33536 34304 49408 53248 99328 102400 135169 196609 200704 264193 265216 327681 328704
1 4099 4102 4108 8216 8240 8288 12296 16576 16768 24640 28672 33536 34304 49408 53248 99328 102400 135169 197632 200704 264193 265216 393217 394240
1 4099 4102 4108 8216 8240 8288 12296 16576 16768 24640 28672 33536 34304 49408 53248 99328 102400 135169 200704 264193 265216 328704 393217 458752
1 4099 4102 4108 8216 8240 8288 12296 16576 16768 24640 28672 33536 34304 49408 53248 99328 102400 197632 200704 264193 265216 266241 394240 397312
1 4099 4102 4108 8216 8240 8288 12296 16576 16768 24640 28672 33536 34304 49408 53248 99328 102400 200704 264193 265216 266241 328704 397312 458752
1 4099 4102 4108 8216 8240 8288 12296 16576 16768 24640 28672 33536 34304 49408 53248 99328 133121 134144 135169 167936 229376 328704 394240 458752
1 4099 4102 4108 8216 8240 8288 12296 16576 16768 24640 28672 33536 34304 49408 53248 99328 133121 134144 135169 197632 229376 299008 397312 425984
1 4099 4102 4108 8216 8240 8288 12296 16576 16768 24640 28672 33536 34304 49408 53248 99328 133121 134144 167936 197632 229376 266241 393217 397312
1 4099 4102 4108 8216 8240 8288 12296 16576 16768 24640 28672 33536 34304 49408 53248 99328 133121 134144 197632 229376 266241 299008 393217 425984
1 4099 4102 4108 8216 8240 8288 12296 16576 16768 24640 28672 33536 34304 49408 53248 99328 133121 135169 167936 197632 229376 265216 394240 395264
1 4099 4102 4108 8216 8240 8288 12296 16576 16768 24640 28672 33536 34304 49408 53248 99328 133121 135169 167936 198656 229376 265216 328704 329728
1 4099 4102 4108 8216 8240 8288 12296 16576 16768 24640 28672 33536 34304 49408 53248 99328 133121 135169 167936 229376 265216 328704 395264 458752
1 4099 4102 4108 8216 8240 8288 12296 16576 16768 24640 28672 33536 34304 49408 53248 99328 134144 135169 167936 197632 229376 264193 393217 395264
1 4099 4102 4108 8216 8240 8288 12296 16576 16768 24640 28672 33536 34304 49408 53248 99328 134144 167936 197632 229376 264193 266241 395264 397312
1 4099 4102 4108 8216 8240 8288 12296 16576 16768 24640 28672 33536 34304 49408 53248 99328 134144 197632 229376 264193 266241 299008 395264 425984
1 4099 4102 4108 8216 8240 8288 12296 16576 16768 24640 28672 33536 34304 49408 53248 99328 135169 167936 196609 229376 264193 265216 327681 328704
1 4099 4102 4108 8216 8240 8288 12296 16576 16768 24640 28672 33536 34304 49408 53248 99328 135169 167936 197632 229376 264193 265216 393217 394240
1 4099 4102 4108 8216 8240 8288 12296 16576 16768 24640 28672 33536 34304 49408 53248 99328 135169 167936 229376 264193 265216 328704 393217 458752
1 4099 4102 4108 8216 8240 8288 12296 16576 16768 24640 28672 33536 34304 49408 53248 99328 167936 197632 229376 264193 265216 266241 394240 397312
1 4099 4102 4108 8216 8240 8288 12296 16576 16768 24640 28672 33536 34304 49408 53248 99328 167936 200704 229376 264193 265216 266241 328704 331776
1 4099 4102 4108 8216 8240 8288 12296 16576 16768 24640 28672 33536 34304 49408 53248 99328 167936 229376 264193 265216 266241 328704 397312 458752
1 4099 4102 4108 8216 8240 8288 12296 16576 16768 24640 28672 33536 34304 49408 53248 99328 197632 229376 264193 265216 266241 299008 394240 425984
1 4099 4102 4108 8216 8240 8288 12296 16576 16768 24640 28672 33536 34304 49408 53248 99328 229376 264193 265216 266241 299008 328704 425984 458752
1 4099 4102 4108 8216 8240 8288 12296 16576 16768 24640 28672 33536 34304 49408 67585 68608 69633 86016 99328 180224 229376 344064 409600 458752
1 4099 4102 4108 8216 8240 8288 12296 16576 16768 24640 28672 33536 34304 49408 67585 68608 69633 86016 99328 212992 229376 311296 409600 425984
1 4099 4102 4108 8216 8240 8288 12296 16576 16768 24640 28672 33536 34304 49408 67585 68608 69633 86016 99328 229376 311296 344064 425984 458752
1 4099 4102 4108 8216 8240 8288 12296 16576 16768 24640 28672 33536 34304 49408 67585 68608 69633 99328 102400 151552 167936 311296 409600 425984
1 4099 4102 4108 8216 8240 8288 12296 16576 16768 24640 28672 33536 34304 49408 67585 68608 69633 99328 102400 167936 180224 282624 397312 409600
1 4099 4102 4108 8216 8240 8288 12296 16576 16768 24640 28672 33536 34304 49408 67585 68608 69633 99328 102400 167936 282624 311296 397312 425984
1 4099 4102 4108 8216 8240 8288 12296 16576 16768 24640 28672 33536 34304 49408 67585 68608 69633 99328 114688 151552 212992 331776 397312 458752
1 4099 4102 4108 8216 8240 8288 12296 16576 16768 24640 28672 33536 34304 49408 67585 68608 69633 99328 114688 200704 212992 282624 397312 409600
1 4099 4102 4108 8216 8240 8288 12296 16576 16768 24640 28672 33536 34304 49408 67585 68608 69633 99328 114688 212992 282624 331776 409600 458752
1 4099 4102 4108 8216 8240 8288 12296 16576 16768 24640 28672 33536 34304 49408 67585 68608 69633 99328 151552 180224 229376 331776 397312 458752
1 4099 4102 4108 8216 8240 8288 12296 16576 16768 24640 28672 33536 34304 49408 67585 68608 69633 99328 151552 200704 229376 311296 409600 425984
1 4099 4102 4108 8216 8240 8288 12296 16576 16768 24640 28672 33536 34304 49408 67585 68608 69633 99328 167936 200704 229376 282624 299008 311296
1 4099 4102 4108 8216 8240 8288 12296 16576 16768 24640 28672 33536 34304 49408 67585 68608 69633 99328 180224 200704 229376 282624 397312 409600
1 4099 4102 4108 8216 8240 8288 12296 16576 16768 24640 28672 33536 34304 49408 67585 68608 69633 99328 180224 212992 229376 282624 331776 344064
1 4099 4102 4108 8216 8240 8288 12296 16576 16768 24640 28672 33536 34304 49408 67585 68608 69633 99328 180224 229376 282624 331776 409600 458752
1 4099 4102 4108 8216 8240 8288 12296 16576 16768 24640 28672 33536 34304 49408 67585 68608 69633 99328 200704 229376 282624 311296 397312 425984
1 4099 4102 4108 8216 8240 8288 12296 16576 16768 24640 28672 33536 34304 49408 67585 68608 69633 99328 229376 282624 311296 331776 425984 458752
1 4099 4102 4108 8216 8240 8288 12296 16576 16768 24640 28672 33536 34304 49408 67585 68608 86016 99328 114688 135169 200704 327681 393217 458752
1 4099 4102 4108 8216 8240 8288 12296 16576 16768 24640 28672 33536 34304 49408 67585 68608 86016 99328 114688 196609 200704 266241 393217 397312
1 4099 4102 4108 8216 8240 8288 12296 16576 16768 24640 28672 33536 34304 49408 67585 68608 86016 99328 114688 200704 266241 327681 397312 458752
1 4099 4102 4108 8216 8240 8288 12296 16576 16768 24640 28672 33536 34304 49408 67585 68608 86016 99328 180224 212992 229376 266241 327681 331776
1 4099 4102 4108 8216 8240 8288 12296 16576 16768 24640 28672 33536 34304 49408 67585 68608 99328 102400 135169 196609 200704 282624 299008 311296
1 4099 4102 4108 8216 8240 8288 12296 16576 16768 24640 28672 33536 34304 49408 67585 68608 99328 114688 135169 151552 212992 327681 393217 458752
1 4099 4102 4108 8216 8240 8288 12296 16576 16768 24640 28672 33536 34304 49408 67585 68608 99328 114688 135169 196609 212992 282624 397312 409600
1 4099 4102 4108 8216 8240 8288 12296 16576 16768 24640 28672 33536 34304 49408 67585 68608 99328 114688 151552 196609 212992 266241 393217 397312
1 4099 4102 4108 8216 8240 8288 12296 16576 16768 24640 28672 33536 34304 49408 67585 68608 99328 114688 151552 200704 212992 266241 327681 331776
1 4099 4102 4108 8216 8240 8288 12296 16576 16768 24640 28672 33536 34304 49408 67585 68608 99328 114688 151552 212992 266241 327681 397312 458752
1 4099 4102 4108 8216 8240 8288 12296 16576 16768 24640 28672 33536 34304 49408 67585 68608 99328 114688 196609 212992 266241 282624 393217 409600
1 4099 4102 4108 8216 8240 8288 12296 16576 16768 24640 28672 33536 34304 49408 67585 68608 99328 114688 212992 266241 282624 327681 409600 458752
1 4099 4102 4108 8216 8240 8288 12296 16576 16768 24640 28672 33536 34304 49408 67585 68608 99328 135169 151552 180224 229376 327681 393217 458752
1 4099 4102 4108 8216 8240 8288 12296 16576 16768 24640 28672 33536 34304 49408 67585 68608 99328 135169 151552 196609 229376 311296 409600 425984
1 4099 4102 4108 8216 8240 8288 12296 16576 16768 24640 28672 33536 34304 49408 67585 68608 99328 135169 167936 196609 229376 282624 299008 311296
1 4099 4102 4108 8216 8240 8288 12296 16576 16768 24640 28672 33536 34304 49408 67585 68608 99328 135169 180224 196609 229376 282624 397312 409600
1 4099 4102 4108 8216 8240 8288 12296 16576 16768 24640 28672 33536 34304 49408 67585 68608 99328 135169 196609 229376 282624 311296 397312 425984
1 4099 4102 4108 8216 8240 8288 12296 16576 16768 24640 28672 33536 34304 49408 67585 68608 99328 151552 180224 196609 229376 266241 393217 397312
1 4099 4102 4108 8216 8240 8288 12296 16576 16768 24640 28672 33536 34304 49408 67585 68608 99328 151552 180224 200704 229376 266241 327681 331776
1 4099 4102 4108 8216 8240 8288 12296 16576 16768 24640 28672 33536 34304 49408 67585 68608 99328 151552 180224 229376 266241 327681 397312 458752
1 4099 4102 4108 8216 8240 8288 12296 16576 16768 24640 28672 33536 34304 49408 67585 68608 99328 180224 196609 229376 266241 282624 393217 409600
1 4099 4102 4108 8216 8240 8288 12296 16576 16768 24640 28672 33536 34304 49408 67585 68608 99328 180224 212992 229376 266241 282624 327681 344064
1 4099 4102 4108 8216 8240 8288 12296 16576 16768 24640 28672 33536 34304 49408 67585 68608 99328 180224 229376 266241 282624 327681 409600 458752
1 4099 4102 4108 8216 8240 8288 12296 16576 16768 24640 28672 33536 34304 49408 67585 68608 99328 196609 229376 266241 282624 311296 393217 425984
1 4099 4102 4108 8216 8240 8288 12296 16576 16768 24640 28672 33536 34304 49408 67585 68608 99328 229376 266241 282624 311296 327681 425984 458752
1 4099 4102 4108 8216 8240 8288 12296 16576 16768 24640 28672 33536 34304 49408 67585 69633 86016 99328 114688 134144 198656 328704 394240 458752
1 4099 4102 4108 8216 8240 8288 12296 16576 16768 24640 28672 33536 34304 49408 67585 69633 86016 99328 114688 197632 198656 265216 394240 395264
1 4099 4102 4108 8216 8240 8288 12296 16576 16768 24640 28672 33536 34304 49408 67585 69633 86016 99328 114688 198656 265216 328704 395264 458752
1 4099 4102 4108 8216 8240 8288 12296 16576 16768 24640 28672 33536 34304 49408 67585 69633 86016 99328 180224 212992 229376 265216 328704 329728
1 4099 4102 4108 8216 8240 8288 12296 16576 16768 24640 28672 33536 34304 49408 67585 69633 99328 102400 134144 197632 198656 282624 299008 311296
1 4099 4102 4108 8216 8240 8288 12296 16576 16768 24640 28672 33536 34304 49408 67585 69633 99328 114688 151552 200704 212992 265216 328704 329728
1 4099 4102 4108 8216 8240 8288 12296 16576 16768 24640 28672 33536 34304 49408 67585 69633 99328 151552 180224 200704 229376 265216 328704 329728
1 4099 4102 4108 8216 8240 8288 12296 16576 16768 24640 28672 33536 34304 49408 67585 86016 99328 114688 135169 196609 200704 265216 328704 329728
1 4099 4102 4108 8216 8240 8288 12296 16576 16768 24640 28672 33536 34304 49408 67585 99328 114688 135169 151552 196609 212992 265216 328704 329728
1 4099 4102 4108 8216 8240 8288 12296 16576 16768 24640 28672 33536 34304 49408 67585 99328 135169 151552 180224 196609 229376 265216 328704 329728
1 4099 4102 4108 8216 8240 8288 12296 16576 16768 24640 28672 33536 34304 49408 68608 69633 86016 99328 114688 133121 196609 329728 395264 458752
1 4099 4102 4108 8216 8240 8288 12296 16576 16768 24640 28672 33536 34304 49408 68608 69633 86016 99328 114688 196609 198656 264193 393217 395264
1 4099 4102 4108 8216 8240 8288 12296 16576 16768 24640 28672 33536 34304 49408 68608 69633 86016 99328 114688 196609 264193 329728 393217 458752
1 4099 4102 4108 8216 8240 8288 12296 16576 16768 24640 28672 33536 34304 49408 68608 69633 86016 99328 180224 212992 229376 264193 327681 329728
1 4099 4102 4108 8216 8240 8288 12296 16576 16768 24640 28672 33536 34304 49408 68608 69633 99328 102400 133121 196609 198656 282624 299008 311296
1 4099 4102 4108 8216 8240 8288 12296 16576 16768 24640 28672 33536 34304 49408 68608 69633 99328 114688 151552 200704 212992 264193 327681 329728
1 4099 4102 4108 8216 8240 8288 12296 16576 16768 24640 28672 33536 34304 49408 68608 69633 99328 151552 180224 200704 229376 264193 327681 329728
1 4099 4102 4108 8216 8240 8288 12296 16576 16768 24640 28672 33536 34304 49408 68608 86016 99328 114688 133121 135169 200704 329728 395264 458752
1 4099 4102 4108 8216 8240 8288 12296 16576 16768 24640 28672 33536 34304 49408 68608 86016 99328 114688 133121 198656 200704 266241 393217 397312
1 4099 4102 4108 8216 8240 8288 12296 16576 16768 24640 28672 33536 34304 49408 68608 86016 99328 114688 135169 196609 200704 264193 327681 329728
1 4099 4102 4108 8216 8240 8288 12296 16576 16768 24640 28672 33536 34304 49408 68608 86016 99328 114688 135169 198656 200704 264193 393217 395264
1 4099 4102 4108 8216 8240 8288 12296 16576 16768 24640 28672 33536 34304 49408 68608 86016 99328 114688 135169 200704 264193 329728 393217 458752
1 4099 4102 4108 8216 8240 8288 12296 16576 16768 24640 28672 33536 34304 49408 68608 86016 99328 114688 198656 200704 264193 266241 395264 397312
1 4099 4102 4108 8216 8240 8288 12296 16576 16768 24640 28672 33536 34304 49408 68608 86016 99328 114688 200704 264193 266241 329728 397312 458752
1 4099 4102 4108 8216 8240 8288 12296 16576 16768 24640 28672 33536 34304 49408 68608 86016 99328 180224 212992 229376 264193 266241 329728 331776
1 4099 4102 4108 8216 8240 8288 12296 16576 16768 24640 28672 33536 34304 49408 68608 99328 102400 133121 135169 198656 200704 282624 299008 311296
1 4099 4102 4108 8216 8240 8288 12296 16576 16768 24640 28672 33536 34304 49408 68608 99328 114688 133121 135169 151552 212992 329728 395264 458752
1 4099 4102 4108 8216 8240 8288 12296 16576 16768 24640 28672 33536 34304 49408 68608 99328 114688 133121 135169 198656 212992 282624 397312 409600
1 4099 4102 4108 8216 8240 8288 12296 16576 16768 24640 28672 33536 34304 49408 68608 99328 114688 133121 151552 198656 212992 266241 393217 397312
1 4099 4102 4108 8216 8240 8288 12296 16576 16768 24640 28672 33536 34304 49408 68608 99328 114688 133121 198656 212992 266241 282624 393217 409600
1 4099 4102 4108 8216 8240 8288 12296 16576 16768 24640 28672 33536 34304 49408 68608 99328 114688 135169 151552 196609 212992 264193 327681 329728
1 4099 4102 4108 8216 8240 8288 12296 16576 16768 24640 28672 33536 34304 49408 68608 99328 114688 135169 151552 198656 212992 264193 393217 395264
1 4099 4102 4108 8216 8240 8288 12296 16576 16768 24640 28672 33536 34304 49408 68608 99328 114688 135169 151552 212992 264193 329728 393217 458752
1 4099 4102 4108 8216 8240 8288 12296 16576 16768 24640 28672 33536 34304 49408 68608 99328 114688 151552 198656 212992 264193 266241 395264 397312
1 4099 4102 4108 8216 8240 8288 12296 16576 16768 24640 28672 33536 34304 49408 68608 99328 114688 151552 200704 212992 264193 266241 329728 331776
1 4099 4102 4108 8216 8240 8288 12296 16576 16768 24640 28672 33536 34304 49408 68608 99328 114688 151552 212992 264193 266241 329728 397312 458752
1 4099 4102 4108 8216 8240 8288 12296 16576 16768 24640 28672 33536 34304 49408 68608 99328 114688 198656 212992 264193 266241 282624 395264 409600
1 4099 4102 4108 8216 8240 8288 12296 16576 16768 24640 28672 33536 34304 49408 68608 99328 114688 212992 264193 266241 282624 329728 409600 458752
1 4099 4102 4108 8216 8240 8288 12296 16576 16768 24640 28672 33536 34304 49408 68608 99328 133121 135169 151552 180224 229376 329728 395264 458752
1 4099 4102 4108 8216 8240 8288 12296 16576 16768 24640 28672 33536 34304 49408 68608 99328 133121 135169 151552 198656 229376 311296 409600 425984
1 4099 4102 4108 8216 8240 8288 12296 16576 16768 24640 28672 33536 34304 49408 68608 99328 133121 135169 167936 198656 229376 282624 299008 311296
1 4099 4102 4108 8216 8240 8288 12296 16576 16768 24640 28672 33536 34304 49408 68608 99328 133121 135169 180224 198656 229376 282624 397312 409600
1 4099 4102 4108 8216 8240 8288 12296 16576 16768 24640 28672 33536 34304 49408 68608 99328 133121 135169 198656 229376 282624 311296 397312 425984
1 4099 4102 4108 8216 8240 8288 12296 16576 16768 24640 28672 33536 34304 49408 68608 99328 133121 151552 180224 198656 229376 266241 393217 397312
1 4099 4102 4108 8216 8240 8288 12296 16576 16768 24640 28672 33536 34304 49408 68608 99328 133121 180224 198656 229376 266241 282624 393217 409600
1 4099 4102 4108 8216 8240 8288 12296 16576 16768 24640 28672 33536 34304 49408 68608 99328 133121 198656 229376 266241 282624 311296 393217 425984
1 4099 4102 4108 8216 8240 8288 12296 16576 16768 24640 28672 33536 34304 49408 68608 99328 135169 151552 180224 196609 229376 264193 327681 329728
1 4099 4102 4108 8216 8240 8288 12296 16576 16768 24640 28672 33536 34304 49408 68608 99328 135169 151552 180224 198656 229376 264193 393217 395264
1 4099 4102 4108 8216 8240 8288 12296 16576 16768 24640 28672 33536 34304 49408 68608 99328 135169 151552 180224 229376 264193 329728 393217 458752
1 4099 4102 4108 8216 8240 8288 12296 16576 16768 24640 28672 33536 34304 49408 68608 99328 151552 180224 198656 229376 264193 266241 395264 397312
1 4099 4102 4108 8216 8240 8288 12296 16576 16768 24640 28672 33536 34304 49408 68608 99328 151552 180224 200704 229376 264193 266241 329728 331776
1 4099 4102 4108 8216 8240 8288 12296 16576 16768 24640 28672 33536 34304 49408 68608 99328 151552 180224 229376 264193 266241 329728 397312 458752
1 4099 4102 4108 8216 8240 8288 12296 16576 16768 24640 28672 33536 34304 49408 68608 99328 180224 198656 229376 264193 266241 282624 395264 409600
1 4099 4102 4108 8216 8240 8288 12296 16576 16768 24640 28672 33536 34304 49408 68608 99328 180224 212992 229376 264193 266241 282624 329728 344064
1 4099 4102 4108 8216 8240 8288 12296 16576 16768 24640 28672 33536 34304 49408 68608 99328 180224 229376 264193 266241 282624 329728 409600 458752
1 4099 4102 4108 8216 8240 8288 12296 16576 16768 24640 28672 33536 34304 49408 68608 99328 198656 229376 264193 266241 282624 311296 395264 425984
1 4099 4102 4108 8216 8240 8288 12296 16576 16768 24640 28672 33536 34304 49408 68608 99328 229376 264193 266241 282624 311296 329728 425984 458752
1 4099 4102 4108 8216 8240 8288 12296 16576 16768 24640 28672 33536 34304 49408 69633 86016 99328 114688 133121 134144 196609 328704 394240 458752
1 4099 4102 4108 8216 8240 8288 12296 16576 16768 24640 28672 33536 34304 49408 69633 86016 99328 114688 133121 196609 197632 265216 394240 395264
1 4099 4102 4108 8216 8240 8288 12296 16576 16768 24640 28672 33536 34304 49408 69633 86016 99328 114688 133121 196609 198656 265216 328704 329728
1 4099 4102 4108 8216 8240 8288 12296 16576 16768 24640 28672 33536 34304 49408 69633 86016 99328 114688 133121 196609 265216 328704 395264 458752
1 4099 4102 4108 8216 8240 8288 12296 16576 16768 24640 28672 33536 34304 49408 69633 86016 99328 114688 134144 196609 197632 264193 393217 395264
1 4099 4102 4108 8216 8240 8288 12296 16576 16768 24640 28672 33536 34304 49408 69633 86016 99328 114688 196609 197632 264193 265216 393217 394240
1 4099 4102 4108 8216 8240 8288 12296 16576 16768 24640 28672 33536 34304 49408 69633 86016 99328 114688 196609 264193 265216 328704 393217 458752
1 4099 4102 4108 8216 8240 8288 12296 16576 16768 24640 28672 33536 34304 49408 69633 86016 99328 180224 212992 229376 264193 265216 327681 328704
1 4099 4102 4108 8216 8240 8288 12296 16576 16768 24640 28672 33536 34304 49408 69633 99328 102400 133121 134144 196609 197632 282624 299008 311296
1 4099 4102 4108 8216 8240 8288 12296 16576 16768 24640 28672 33536 34304 49408 69633 99328 114688 151552 200704 212992 264193 265216 327681 328704
1 4099 4102 4108 8216 8240 8288 12296 16576 16768 24640 28672 33536 34304 49408 69633 99328 151552 180224 200704 229376 264193 265216 327681 328704
1 4099 4102 4108 8216 8240 8288 12296 16576 16768 24640 28672 33536 34304 49408 86016 99328 114688 133121 134144 135169 200704 328704 394240 458752
1 4099 4102 4108 8216 8240 8288 12296 16576 16768 24640 28672 33536 34304 49408 86016 99328 114688 133121 134144 197632 200704 266241 393217 397312
1 4099 4102 4108 8216 8240 8288 12296 16576 16768 24640 28672 33536 34304 49408 86016 99328 114688 133121 135169 197632 200704 265216 394240 395264
1 4099 4102 4108 8216 8240 8288 12296 16576 16768 24640 28672 33536 34304 49408 86016 99328 114688 133121 135169 198656 200704 265216 328704 329728
1 4099 4102 4108 8216 8240 8288 12296 16576 16768 24640 28672 33536 34304 49408 86016 99328 114688 133121 135169 200704 265216 328704 395264 458752
1 4099 4102 4108 8216 8240 8288 12296 16576 16768 24640 28672 33536 34304 49408 86016 99328 114688 134144 135169 197632 200704 264193 393217 395264
1 4099 4102 4108 8216 8240 8288 12296 16576 16768 24640 28672 33536 34304 49408 86016 99328 114688 134144 197632 200704 264193 266241 395264 397312
1 4099 4102 4108 8216 8240 8288 12296 16576 16768 24640 28672 33536 34304 49408 86016 99328 114688 135169 196609 200704 264193 265216 327681 328704
1 4099 4102 4108 8216 8240 8288 12296 16576 16768 24640 28672 33536 34304 49408 86016 99328 114688 135169 197632 200704 264193 265216 393217 394240
1 4099 4102 4108 8216 8240 8288 12296 16576 16768 24640 28672 33536 34304 49408 86016 99328 114688 135169 200704 264193 265216 328704 393217 458752
1 4099 4102 4108 8216 8240 8288 12296 16576 16768 24640 28672 33536 34304 49408 86016 99328 114688 197632 200704 264193 265216 266241 394240 397312
1 4099 4102 4108 8216 8240 8288 12296 16576 16768 24640 28672 33536 34304 49408 86016 99328 114688 200704 264193 265216 266241 328704 397312 458752
1 4099 4102 4108 8216 8240 8288 12296 16576 16768 24640 28672 33536 34304 49408 86016 99328 180224 212992 229376 264193 265216 266241 328704 331776
1 4099 4102 4108 8216 8240 8288 12296 16576 16768 24640 28672 33536 34304 49408 99328 102400 133121 134144 135169 197632 200704 282624 299008 311296
1 4099 4102 4108 8216 8240 8288 12296 16576 16768 24640 28672 33536 34304 49408 99328 114688 133121 134144 135169 151552 212992 328704 394240 458752
1 4099 4102 4108 8216 8240 8288 12296 16576 16768 24640 28672 33536 34304 49408 99328 114688 133121 134144 135169 197632 212992 282624 397312 409600
1 4099 4102 4108 8216 8240 8288 12296 16576 16768 24640 28672 33536 34304 49408 99328 114688 133121 134144 151552 197632 212992 266241 393217 397312
1 4099 4102 4108 8216 8240 8288 12296 16576 16768 24640 28672 33536 34304 49408 99328 114688 133121 134144 197632 212992 266241 282624 393217 409600
1 4099 4102 4108 8216 8240 8288 12296 16576 16768 24640 28672 33536 34304 49408 99328 114688 133121 135169 151552 197632 212992 265216 394240 395264
1 4099 4102 4108 8216 8240 8288 12296 16576 16768 24640 28672 33536 34304 49408 99328 114688 133121 135169 151552 198656 212992 265216 328704 329728
1 4099 4102 4108 8216 8240 8288 12296 16576 16768 24640 28672 33536 34304 49408 99328 114688 133121 135169 151552 212992 265216 328704 395264 458752
1 4099 4102 4108 8216 8240 8288 12296 16576 16768 24640 28672 33536 34304 49408 99328 114688 134144 135169 151552 197632 212992 264193 393217 395264
1 4099 4102 4108 8216 8240 8288 12296 16576 16768 24640 28672 33536 34304 49408 99328 114688 134144 151552 197632 212992 264193 266241 395264 397312
1 4099 4102 4108 8216 8240 8288 12296 16576 16768 24640 28672 33536 34304 49408 99328 114688 134144 197632 212992 264193 266241 282624 395264 409600
1 4099 4102 4108 8216 8240 8288 12296 16576 16768 24640 28672 33536 34304 49408 99328 114688 135169 151552 196609 212992 264193 265216 327681 328704
1 4099 4102 4108 8216 8240 8288 12296 16576 16768 24640 28672 33536 34304 49408 99328 114688 135169 151552 197632 212992 264193 265216 393217 394240
1 4099 4102 4108 8216 8240 8288 12296 16576 16768 24640 28672 33536 34304 49408 99328 114688 135169 151552 212992 264193 265216 328704 393217 458752
1 4099 4102 4108 8216 8240 8288 12296 16576 16768 24640 28672 33536 34304 49408 99328 114688 151552 197632 212992 264193 265216 266241 394240 397312
1 4099 4102 4108 8216 8240 8288 12296 16576 16768 24640 28672 33536 34304 49408 99328 114688 151552 200704 212992 264193 265216 266241 328704 331776
1 4099 4102 4108 8216 8240 8288 12296 16576 16768 24640 28672 33536 34304 49408 99328 114688 151552 212992 264193 265216 266241 328704 397312 458752
1 4099 4102 4108 8216 8240 8288 12296 16576 16768 24640 28672 33536 34304 49408 99328 114688 197632 212992 264193 265216 266241 282624 394240 409600
1 4099 4102 4108 8216 8240 8288 12296 16576 16768 24640 28672 33536 34304 49408 99328 114688 212992 264193 265216 266241 282624 328704 409600 458752
1 4099 4102 4108 8216 8240 8288 12296 16576 16768 24640 28672 33536 34304 49408 99328 133121 134144 135169 151552 180224 229376 328704 394240 458752
1 4099 4102 4108 8216 8240 8288 12296 16576 16768 24640 28672 33536 34304 49408 99328 133121 134144 135169 151552 197632 229376 311296 409600 425984
1 4099 4102 4108 8216 8240 8288 12296 16576 16768 24640 28672 33536 34304 49408 99328 133121 134144 135169 167936 197632 229376 282624 299008 311296
1 4099 4102 4108 8216 8240 8288 12296 16576 16768 24640 28672 33536 34304 49408 99328 133121 134144 135169 180224 197632 229376 282624 397312 409600
1 4099 4102 4108 8216 8240 8288 12296 16576 16768 24640 28672 33536 34304 49408 99328 133121 134144 135169 197632 229376 282624 311296 397312 425984
1 4099 4102 4108 8216 8240 8288 12296 16576 16768 24640 28672 33536 34304 49408 99328 133121 134144 151552 180224 197632 229376 266241 393217 397312
1 4099 4102 4108 8216 8240 8288 12296 16576 16768 24640 28672 33536 34304 49408 99328 133121 134144 180224 197632 229376 266241 282624 393217 409600
1 4099 4102 4108 8216 8240 8288 12296 16576 16768 24640 28672 33536 34304 49408 99328 133121 134144 197632 229376 266241 282624 311296 393217 425984
1 4099 4102 4108 8216 8240 8288 12296 16576 16768 24640 28672 33536 34304 49408 99328 133121 135169 151552 180224 197632 229376 265216 394240 395264
1 4099 4102 4108 8216 8240 8288 12296 16576 16768 24640 28672 33536 34304 49408 99328 133121 135169 151552 180224 198656 229376 265216 328704 329728
1 4099 4102 4108 8216 8240 8288 12296 16576 16768 24640 28672 33536 34304 49408 99328 133121 135169 151552 180224 229376 265216 328704 395264 458752
1 4099 4102 4108 8216 8240 8288 12296 16576 16768 24640 28672 33536 34304 49408 99328 134144 135169 151552 180224 197632 229376 264193 393217 395264
1 4099 4102 4108 8216 8240 8288 12296 16576 16768 24640 28672 33536 34304 49408 99328 134144 151552 180224 197632 229376 264193 266241 395264 397312
1 4099 4102 4108 8216 8240 8288 12296 16576 16768 24640 28672 33536 34304 49408 99328 134144 180224 197632 229376 264193 266241 282624 395264 409600
1 4099 4102 4108 8216 8240 8288 12296 16576 16768 24640 28672 33536 34304 49408 99328 134144 197632 229376 264193 266241 282624 311296 395264 425984
1 4099 4102 4108 8216 8240 8288 12296 16576 16768 24640 28672 33536 34304 49408 99328 135169 151552 180224 196609 229376 264193 265216 327681 328704
1 4099 4102 4108 8216 8240 8288 12296 16576 16768 24640 28672 33536 34304 49408 99328 135169 151552 180224 197632 229376 264193 265216 393217 394240
1 4099 4102 4108 8216 8240 8288 12296 16576 16768 24640 28672 33536 34304 49408 99328 135169 151552 180224 229376 264193 265216 328704 393217 458752
1 4099 4102 4108 8216 8240 8288 12296 16576 16768 24640 28672 33536 34304 49408 99328 151552 180224 197632 229376 264193 265216 266241 394240 397312
1 4099 4102 4108 8216 8240 8288 12296 16576 16768 24640 28672 33536 34304 49408 99328 151552 180224 200704 229376 264193 265216 266241 328704 331776
1 4099 4102 4108 8216 8240 8288 12296 16576 16768 24640 28672 33536 34304 49408 99328 151552 180224 229376 264193 265216 266241 328704 397312 458752
1 4099 4102 4108 8216 8240 8288 12296 16576 16768 24640 28672 33536 34304 49408 99328 180224 197632 229376 264193 265216 266241 282624 394240 409600
1 4099 4102 4108 8216 8240 8288 12296 16576 16768 24640 28672 33536 34304 49408 99328 180224 212992 229376 264193 265216 266241 282624 328704 344064
1 4099 4102 4108 8216 8240 8288 12296 16576 16768 24640 28672 33536 34304 49408 99328 180224 229376 264193 265216 266241 282624 328704 409600 458752
1 4099 4102 4108 8216 8240 8288 12296 16576 16768 24640 28672 33536 34304 49408 99328 197632 229376 264193 265216 266241 282624 311296 394240 425984
1 4099 4102 4108 8216 8240 8288 12296 16576 16768 24640 28672 33536 34304 49408 99328 229376 264193 265216 266241 282624 311296 328704 425984 458752
1 4099 4102 4108 8216 8240 8288 12296 16576 16768 24640 28672 33536 49408 53248 67072 68608 98816 102400 133121 135169 198656 331776 397312 458752
1 4099 4102 4108 8216 8240 8288 12296 16576 16768 24640 28672 33536 49408 53248 67072 68608 98816 102400 133121 198656 200704 266241 393217 397312
1 4099 4102 4108 8216 8240 8288 12296 16576 16768 24640 28672 33536 49408 53248 67072 68608 98816 102400 133121 198656 266241 331776 393217 458752
1 4099 4102 4108 8216 8240 8288 12296 16576 16768 24640 28672 33536 49408 53248 67072 68608 98816 102400 135169 198656 200704 264193 393217 395264
1 4099 4102 4108 8216 8240 8288 12296 16576 16768 24640 28672 33536 49408 53248 67072 68608 98816 102400 198656 200704 264193 266241 395264 397312
1 4099 4102 4108 8216 8240 8288 12296 16576 16768 24640 28672 33536 49408 53248 67072 68608 98816 102400 198656 264193 266241 331776 395264 458752
1 4099 4102 4108 8216 8240 8288 12296 16576 16768 24640 28672 33536 49408 53248 67072 68608 98816 133121 135169 167936 198656 360448 425984 458752
1 4099 4102 4108 8216 8240 8288 12296 16576 16768 24640 28672 33536 49408 53248 67072 68608 98816 133121 135169 198656 200704 299008 331776 360448
1 4099 4102 4108 8216 8240 8288 12296 16576 16768 24640 28672 33536 49408 53248 67072 68608 98816 133121 135169 198656 229376 299008 397312 425984
1 4099 4102 4108 8216 8240 8288 12296 16576 16768 24640 28672 33536 49408 53248 67072 68608 98816 133121 135169 198656 299008 360448 397312 458752
1 4099 4102 4108 8216 8240 8288 12296 16576 16768 24640 28672 33536 49408 53248 67072 68608 98816 133121 167936 198656 229376 266241 393217 397312
1 4099 4102 4108 8216 8240 8288 12296 16576 16768 24640 28672 33536 49408 53248 67072 68608 98816 133121 198656 229376 266241 299008 393217 425984
1 4099 4102 4108 8216 8240 8288 12296 16576 16768 24640 28672 33536 49408 53248 67072 68608 98816 133121 198656 266241 299008 360448 393217 458752
1 4099 4102 4108 8216 8240 8288 12296 16576 16768 24640 28672 33536 49408 53248 67072 68608 98816 135169 167936 198656 229376 264193 393217 395264
1 4099 4102 4108 8216 8240 8288 12296 16576 16768 24640 28672 33536 49408 53248 67072 68608 98816 167936 198656 229376 264193 266241 395264 397312
1 4099 4102 4108 8216 8240 8288 12296 16576 16768 24640 28672 33536 49408 53248 67072 68608 98816 198656 229376 264193 266241 299008 395264 425984
1 4099 4102 4108 8216 8240 8288 12296 16576 16768 24640 28672 33536 49408 53248 67072 68608 98816 198656 264193 266241 299008 360448 395264 458752
1 4099 4102 4108 8216 8240 8288 12296 16576 16768 24640 28672 33536 49408 53248 67072 98816 99328 133121 134144 135169 164864 299008 397312 425984
1 4099 4102 4108 8216 8240 8288 12296 16576 16768 24640 28672 33536 49408 53248 67072 98816 99328 133121 134144 164864 167936 266241 393217 397312
1 4099 4102 4108 8216 8240 8288 12296 16576 16768 24640 28672 33536 49408 53248 67072 98816 99328 133121 134144 164864 266241 299008 393217 425984
1 4099 4102 4108 8216 8240 8288 12296 16576 16768 24640 28672 33536 49408 53248 67072 98816 99328 133121 135169 164864 167936 265216 394240 395264
1 4099 4102 4108 8216 8240 8288 12296 16576 16768 24640 28672 33536 49408 53248 67072 98816 99328 134144 135169 164864 167936 264193 393217 395264
1 4099 4102 4108 8216 8240 8288 12296 16576 16768 24640 28672 33536 49408 53248 67072 98816 99328 134144 164864 167936 264193 266241 395264 397312
1 4099 4102 4108 8216 8240 8288 12296 16576 16768 24640 28672 33536 49408 53248 67072 98816 99328 134144 164864 264193 266241 299008 395264 425984
1 4099 4102 4108 8216 8240 8288 12296 16576 16768 24640 28672 33536 49408 53248 67072 98816 99328 135169 164864 167936 264193 265216 393217 394240
1 4099 4102 4108 8216 8240 8288 12296 16576 16768 24640 28672 33536 49408 53248 67072 98816 99328 164864 167936 264193 265216 266241 394240 397312
1 4099 4102 4108 8216 8240 8288 12296 16576 16768 24640 28672 33536 49408 53248 67072 98816 99328 164864 264193 265216 266241 299008 394240 425984
1 4099 4102 4108 8216 8240 8288 12296 16576 16768 24640 28672 33536 49408 53248 67072 98816 102400 133121 134144 135169 197632 331776 397312 458752
1 4099 4102 4108 8216 8240 8288 12296 16576 16768 24640 28672 33536 49408 53248 67072 98816 102400 133121 134144 197632 200704 266241 393217 397312
1 4099 4102 4108 8216 8240 8288 12296 16576 16768 24640 28672 33536 49408 53248 67072 98816 102400 133121 134144 197632 266241 331776 393217 458752
1 4099 4102 4108 8216 8240 8288 12296 16576 16768 24640 28672 33536 49408 53248 67072 98816 102400 133121 135169 197632 200704 265216 394240 395264
1 4099 4102 4108 8216 8240 8288 12296 16576 16768 24640 28672 33536 49408 53248 67072 98816 102400 134144 135169 197632 200704 264193 393217 395264
1 4099 4102 4108 8216 8240 8288 12296 16576 16768 24640 28672 33536 49408 53248 67072 98816 102400 134144 197632 198656 264193 266241 329728 331776
1 4099 4102 4108 8216 8240 8288 12296 16576 16768 24640 28672 33536 49408 53248 67072 98816 102400 134144 197632 200704 264193 266241 395264 397312
1 4099 4102 4108 8216 8240 8288 12296 16576 16768 24640 28672 33536 49408 53248 67072 98816 102400 134144 197632 264193 266241 331776 395264 458752
1 4099 4102 4108 8216 8240 8288 12296 16576 16768 24640 28672 33536 49408 53248 67072 98816 102400 135169 197632 200704 264193 265216 393217 394240
1 4099 4102 4108 8216 8240 8288 12296 16576 16768 24640 28672 33536 49408 53248 67072 98816 102400 197632 200704 264193 265216 266241 394240 397312
1 4099 4102 4108 8216 8240 8288 12296 16576 16768 24640 28672 33536 49408 53248 67072 98816 102400 197632 264193 265216 266241 331776 394240 458752
1 4099 4102 4108 8216 8240 8288 12296 16576 16768 24640 28672 33536 49408 53248 67072 98816 133121 134144 135169 167936 197632 360448 425984 458752
1 4099 4102 4108 8216 8240 8288 12296 16576 16768 24640 28672 33536 49408 53248 67072 98816 133121 134144 135169 197632 200704 299008 331776 360448
1 4099 4102 4108 8216 8240 8288 12296 16576 16768 24640 28672 33536 49408 53248 67072 98816 133121 134144 135169 197632 229376 299008 397312 425984
1 4099 4102 4108 8216 8240 8288 12296 16576 16768 24640 28672 33536 49408 53248 67072 98816 133121 134144 135169 197632 299008 360448 397312 458752
1 4099 4102 4108 8216 8240 8288 12296 16576 16768 24640 28672 33536 49408 53248 67072 98816 133121 134144 167936 197632 229376 266241 393217 397312
1 4099 4102 4108 8216 8240 8288 12296 16576 16768 24640 28672 33536 49408 53248 67072 98816 133121 134144 197632 229376 266241 299008 393217 425984
1 4099 4102 4108 8216 8240 8288 12296 16576 16768 24640 28672 33536 49408 53248 67072 98816 133121 134144 197632 266241 299008 360448 393217 458752
1 4099 4102 4108 8216 8240 8288 12296 16576 16768 24640 28672 33536 49408 53248 67072 98816 133121 135169 167936 197632 229376 265216 394240 395264
1 4099 4102 4108 8216 8240 8288 12296 16576 16768 24640 28672 33536 49408 53248 67072 98816 134144 135169 167936 197632 229376 264193 393217 395264
1 4099 4102 4108 8216 8240 8288 12296 16576 16768 24640 28672 33536 49408 53248 67072 98816 134144 167936 197632 229376 264193 266241 395264 397312
1 4099 4102 4108 8216 8240 8288 12296 16576 16768 24640 28672 33536 49408 53248 67072 98816 134144 197632 198656 264193 266241 299008 329728 360448
1 4099 4102 4108 8216 8240 8288 12296 16576 16768 24640 28672 33536 49408 53248 67072 98816 134144 197632 229376 264193 266241 299008 395264 425984
1 4099 4102 4108 8216 8240 8288 12296 16576 16768 24640 28672 33536 49408 53248 67072 98816 134144 197632 264193 266241 299008 360448 395264 458752
1 4099 4102 4108 8216 8240 8288 12296 16576 16768 24640 28672 33536 49408 53248 67072 98816 135169 167936 197632 229376 264193 265216 393217 394240
1 4099 4102 4108 8216 8240 8288 12296 16576 16768 24640 28672 33536 49408 53248 67072 98816 164864 197632 229376 264193 265216 266241 295936 299008
1 4099 4102 4108 8216 8240 8288 12296 16576 16768 24640 28672 33536 49408 53248 67072 98816 167936 197632 229376 264193 265216 266241 394240 397312
1 4099 4102 4108 8216 8240 8288 12296 16576 16768 24640 28672 33536 49408 53248 67072 98816 197632 229376 264193 265216 266241 299008 394240 425984
1 4099 4102 4108 8216 8240 8288 12296 16576 16768 24640 28672 33536 49408 53248 67072 98816 197632 264193 265216 266241 299008 360448 394240 458752
1 4099 4102 4108 8216 8240 8288 12296 16576 16768 24640 28672 33536 49408 53248 68608 98816 102400 132608 197120 197632 264193 266241 329728 331776
1 4099 4102 4108 8216 8240 8288 12296 16576 16768 24640 28672 33536 49408 53248 68608 98816 132608 197120 197632 264193 266241 299008 329728 360448
1 4099 4102 4108 8216 8240 8288 12296 16576 16768 24640 28672 33536 49408 53248 98816 99328 132608 197120 197632 264193 265216 266241 295936 299008
1 4099 4102 4108 8216 8240 8288 12296 16576 16768 24640 28672 33536 49408 53248 98816 102400 132608 134144 197120 198656 264193 266241 329728 331776
1 4099 4102 4108 8216 8240 8288 12296 16576 16768 24640 28672 33536 49408 53248 98816 102400 132608 134144 197120 200704 264193 266241 395264 397312
1 4099 4102 4108 8216 8240 8288 12296 16576 16768 24640 28672 33536 49408 53248 98816 102400 132608 134144 197120 264193 266241 331776 395264 458752
1 4099 4102 4108 8216 8240 8288 12296 16576 16768 24640 28672 33536 49408 53248 98816 102400 132608 197120 197632 264193 265216 266241 328704 331776
1 4099 4102 4108 8216 8240 8288 12296 16576 16768 24640 28672 33536 49408 53248 98816 102400 132608 197120 200704 264193 265216 266241 394240 397312
1 4099 4102 4108 8216 8240 8288 12296 16576 16768 24640 28672 33536 49408 53248 98816 102400 132608 197120 264193 265216 266241 331776 394240 458752
1 4099 4102 4108 8216 8240 8288 12296 16576 16768 24640 28672 33536 49408 53248 98816 132608 134144 167936 197120 229376 264193 266241 395264 397312
1 4099 4102 4108 8216 8240 8288 12296 16576 16768 24640 28672 33536 49408 53248 98816 132608 134144 197120 198656 264193 266241 299008 329728 360448
1 4099 4102 4108 8216 8240 8288 12296 16576 16768 24640 28672 33536 49408 53248 98816 132608 134144 197120 229376 264193 266241 299008 395264 425984
1 4099 4102 4108 8216 8240 8288 12296 16576 16768 24640 28672 33536 49408 53248 98816 132608 134144 197120 264193 266241 299008 360448 395264 458752
1 4099 4102 4108 8216 8240 8288 12296 16576 16768 24640 28672 33536 49408 53248 98816 132608 164864 197120 229376 264193 265216 266241 295936 299008
1 4099 4102 4108 8216 8240 8288 12296 16576 16768 24640 28672 33536 49408 53248 98816 132608 167936 197120 229376 264193 265216 266241 394240 397312
1 4099 4102 4108 8216 8240 8288 12296 16576 16768 24640 28672 33536 49408 53248 98816 132608 197120 197632 264193 265216 266241 299008 328704 360448
1 4099 4102 4108 8216 8240 8288 12296 16576 16768 24640 28672 33536 49408 53248 98816 132608 197120 229376 264193 265216 266241 299008 394240 425984
1 4099 4102 4108 8216 8240 8288 12296 16576 16768 24640 28672 33536 49408 53248 98816 132608 197120 264193 265216 266241 299008 360448 394240 458752
1 4099 4102 4108 8216 8240 8288 12296 16576 16768 24640 28672 33536 49408 67072 68608 86016 98816 114688 133121 135169 198656 331776 397312 458752
1 4099 4102 4108 8216 8240 8288 12296 16576 16768 24640 28672 33536 49408 67072 68608 86016 98816 114688 133121 198656 200704 266241 393217 397312
1 4099 4102 4108 8216 8240 8288 12296 16576 16768 24640 28672 33536 49408 67072 68608 86016 98816 114688 133121 198656 266241 331776 393217 458752
1 4099 4102 4108 8216 8240 8288 12296 16576 16768 24640 28672 33536 49408 67072 68608 86016 98816 114688 135169 198656 200704 264193 393217 395264
1 4099 4102 4108 8216 8240 8288 12296 16576 16768 24640 28672 33536 49408 67072 68608 86016 98816 114688 198656 200704 264193 266241 395264 397312
1 4099 4102 4108 8216 8240 8288 12296 16576 16768 24640 28672 33536 49408 67072 68608 86016 98816 114688 198656 264193 266241 331776 395264 458752
1 4099 4102 4108 8216 8240 8288 12296 16576 16768 24640 28672 33536 49408 67072 68608 86016 98816 133121 135169 198656 200704 311296 344064 360448
1 4099 4102 4108 8216 8240 8288 12296 16576 16768 24640 28672 33536 49408 67072 68608 98816 102400 133121 135169 198656 200704 282624 299008 311296
1 4099 4102 4108 8216 8240 8288 12296 16576 16768 24640 28672 33536 49408 67072 68608 98816 114688 133121 135169 151552 198656 344064 409600 458752
1 4099 4102 4108 8216 8240 8288 12296 16576 16768 24640 28672 33536 49408 67072 68608 98816 114688 133121 135169 198656 200704 282624 331776 344064
1 4099 4102 4108 8216 8240 8288 12296 16576 16768 24640 28672 33536 49408 67072 68608 98816 114688 133121 135169 198656 212992 282624 397312 409600
1 4099 4102 4108 8216 8240 8288 12296 16576 16768 24640 28672 33536 49408 67072 68608 98816 114688 133121 135169 198656 282624 344064 397312 458752
1 4099 4102 4108 8216 8240 8288 12296 16576 16768 24640 28672 33536 49408 67072 68608 98816 114688 133121 151552 198656 212992 266241 393217 397312
1 4099 4102 4108 8216 8240 8288 12296 16576 16768 24640 28672 33536 49408 67072 68608 98816 114688 133121 198656 212992 266241 282624 393217 409600
1 4099 4102 4108 8216 8240 8288 12296 16576 16768 24640 28672 33536 49408 67072 68608 98816 114688 133121 198656 266241 282624 344064 393217 458752
1 4099 4102 4108 8216 8240 8288 12296 16576 16768 24640 28672 33536 49408 67072 68608 98816 114688 135169 151552 198656 212992 264193 393217 395264
1 4099 4102 4108 8216 8240 8288 12296 16576 16768 24640 28672 33536 49408 67072 68608 98816 114688 151552 198656 212992 264193 266241 395264 397312
1 4099 4102 4108 8216 8240 8288 12296 16576 16768 24640 28672 33536 49408 67072 68608 98816 114688 198656 212992 264193 266241 282624 395264 409600
1 4099 4102 4108 8216 8240 8288 12296 16576 16768 24640 28672 33536 49408 67072 68608 98816 114688 198656 264193 266241 282624 344064 395264 458752
1 4099 4102 4108 8216 8240 8288 12296 16576 16768 24640 28672 33536 49408 67072 68608 98816 133121 135169 151552 180224 198656 360448 425984 458752
1 4099 4102 4108 8216 8240 8288 12296 16576 16768 24640 28672 33536 49408 67072 68608 98816 133121 135169 151552 198656 212992 311296 344064 360448
1 4099 4102 4108 8216 8240 8288 12296 16576 16768 24640 28672 33536 49408 67072 68608 98816 133121 135169 151552 198656 229376 311296 409600 425984
1 4099 4102 4108 8216 8240 8288 12296 16576 16768 24640 28672 33536 49408 67072 68608 98816 133121 135169 151552 198656 311296 360448 409600 458752
1 4099 4102 4108 8216 8240 8288 12296 16576 16768 24640 28672 33536 49408 67072 68608 98816 133121 135169 167936 198656 229376 282624 299008 311296
1 4099 4102 4108 8216 8240 8288 12296 16576 16768 24640 28672 33536 49408 67072 68608 98816 133121 135169 180224 198656 229376 282624 397312 409600
1 4099 4102 4108 8216 8240 8288 12296 16576 16768 24640 28672 33536 49408 67072 68608 98816 133121 135169 198656 200704 282624 311296 331776 360448
1 4099 4102 4108 8216 8240 8288 12296 16576 16768 24640 28672 33536 49408 67072 68608 98816 133121 135169 198656 229376 282624 311296 397312 425984
1 4099 4102 4108 8216 8240 8288 12296 16576 16768 24640 28672 33536 49408 67072 68608 98816 133121 135169 198656 282624 311296 360448 397312 458752
1 4099 4102 4108 8216 8240 8288 12296 16576 16768 24640 28672 33536 49408 67072 68608 98816 133121 151552 180224 198656 229376 266241 393217 397312
1 4099 4102 4108 8216 8240 8288 12296 16576 16768 24640 28672 33536 49408 67072 68608 98816 133121 180224 198656 229376 266241 282624 393217 409600
1 4099 4102 4108 8216 8240 8288 12296 16576 16768 24640 28672 33536 49408 67072 68608 98816 133121 198656 229376 266241 282624 311296 393217 425984
1 4099 4102 4108 8216 8240 8288 12296 16576 16768 24640 28672 33536 49408 67072 68608 98816 133121 198656 266241 282624 311296 360448 393217 458752
1 4099 4102 4108 8216 8240 8288 12296 16576 16768 24640 28672 33536 49408 67072 68608 98816 135169 151552 180224 198656 229376 264193 393217 395264
1 4099 4102 4108 8216 8240 8288 12296 16576 16768 24640 28672 33536 49408 67072 68608 98816 151552 180224 198656 229376 264193 266241 395264 397312
1 4099 4102 4108 8216 8240 8288 12296 16576 16768 24640 28672 33536 49408 67072 68608 98816 180224 198656 229376 264193 266241 282624 395264 409600
1 4099 4102 4108 8216 8240 8288 12296 16576 16768 24640 28672 33536 49408 67072 68608 98816 198656 229376 264193 266241 282624 311296 395264 425984
1 4099 4102 4108 8216 8240 8288 12296 16576 16768 24640 28672 33536 49408 67072 68608 98816 198656 264193 266241 282624 311296 360448 395264 458752
1 4099 4102 4108 8216 8240 8288 12296 16576 16768 24640 28672 33536 49408 67072 86016 98816 114688 133121 134144 135169 197632 331776 397312 458752
1 4099 4102 4108 8216 8240 8288 12296 16576 16768 24640 28672 33536 49408 67072 86016 98816 114688 133121 134144 197632 200704 266241 393217 397312
1 4099 4102 4108 8216 8240 8288 12296 16576 16768 24640 28672 33536 49408 67072 86016 98816 114688 133121 134144 197632 266241 331776 393217 458752
1 4099 4102 4108 8216 8240 8288 12296 16576 16768 24640 28672 33536 49408 67072 86016 98816 114688 133121 135169 197632 200704 265216 394240 395264
1 4099 4102 4108 8216 8240 8288 12296 16576 16768 24640 28672 33536 49408 67072 86016 98816 114688 134144 135169 197632 200704 264193 393217 395264
1 4099 4102 4108 8216 8240 8288 12296 16576 16768 24640 28672 33536 49408 67072 86016 98816 114688 134144 197632 198656 264193 266241 329728 331776
1 4099 4102 4108 8216 8240 8288 12296 16576 16768 24640 28672 33536 49408 67072 86016 98816 114688 134144 197632 200704 264193 266241 395264 397312
1 4099 4102 4108 8216 8240 8288 12296 16576 16768 24640 28672 33536 49408 67072 86016 98816 114688 134144 197632 264193 266241 331776 395264 458752
1 4099 4102 4108 8216 8240 8288 12296 16576 16768 24640 28672 33536 49408 67072 86016 98816 114688 135169 197632 200704 264193 265216 393217 394240
1 4099 4102 4108 8216 8240 8288 12296 16576 16768 24640 28672 33536 49408 67072 86016 98816 114688 197632 200704 264193 265216 266241 394240 397312
1 4099 4102 4108 8216 8240 8288 12296 16576 16768 24640 28672 33536 49408 67072 86016 98816 114688 197632 264193 265216 266241 331776 394240 458752
1 4099 4102 4108 8216 8240 8288 12296 16576 16768 24640 28672 33536 49408 67072 86016 98816 133121 134144 135169 197632 200704 311296 344064 360448
1 4099 4102 4108 8216 8240 8288 12296 16576 16768 24640 28672 33536 49408 67072 98816 99328 133121 134144 135169 151552 164864 311296 409600 425984
1 4099 4102 4108 8216 8240 8288 12296 16576 16768 24640 28672 33536 49408 67072 98816 99328 133121 134144 135169 164864 167936 282624 299008 311296
1 4099 4102 4108 8216 8240 8288 12296 16576 16768 24640 28672 33536 49408 67072 98816 99328 133121 134144 135169 164864 180224 282624 397312 409600
1 4099 4102 4108 8216 8240 8288 12296 16576 16768 24640 28672 33536 49408 67072 98816 99328 133121 134144 135169 164864 282624 311296 397312 425984
1 4099 4102 4108 8216 8240 8288 12296 16576 16768 24640 28672 33536 49408 67072 98816 99328 133121 134144 151552 164864 180224 266241 393217 397312
1 4099 4102 4108 8216 8240 8288 12296 16576 16768 24640 28672 33536 49408 67072 98816 99328 133121 134144 164864 180224 266241 282624 393217 409600
1 4099 4102 4108 8216 8240 8288 12296 16576 16768 24640 28672 33536 49408 67072 98816 99328 133121 134144 164864 266241 282624 311296 393217 425984
1 4099 4102 4108 8216 8240 8288 12296 16576 16768 24640 28672 33536 49408 67072 98816 99328 133121 135169 151552 164864 180224 265216 394240 395264
1 4099 4102 4108 8216 8240 8288 12296 16576 16768 24640 28672 33536 49408 67072 98816 99328 134144 135169 151552 164864 180224 264193 393217 395264
1 4099 4102 4108 8216 8240 8288 12296 16576 16768 24640 28672 33536 49408 67072 98816 99328 134144 151552 164864 180224 264193 266241 395264 397312
1 4099 4102 4108 8216 8240 8288 12296 16576 16768 24640 28672 33536 49408 67072 98816 99328 134144 164864 180224 264193 266241 282624 395264 409600
1 4099 4102 4108 8216 8240 8288 12296 16576 16768 24640 28672 33536 49408 67072 98816 99328 134144 164864 264193 266241 282624 311296 395264 425984
1 4099 4102 4108 8216 8240 8288 12296 16576 16768 24640 28672 33536 49408 67072 98816 99328 135169 151552 164864 180224 264193 265216 393217 394240
1 4099 4102 4108 8216 8240 8288 12296 16576 16768 24640 28672 33536 49408 67072 98816 99328 151552 164864 180224 264193 265216 266241 394240 397312
1 4099 4102 4108 8216 8240 8288 12296 16576 16768 24640 28672 33536 49408 67072 98816 99328 164864 180224 264193 265216 266241 282624 394240 409600
1 4099 4102 4108 8216 8240 8288 12296 16576 16768 24640 28672 33536 49408 67072 98816 99328 164864 264193 265216 266241 282624 311296 394240 425984
1 4099 4102 4108 8216 8240 8288 12296 16576 16768 24640 28672 33536 49408 67072 98816 102400 133121 134144 135169 197632 200704 282624 299008 311296
1 4099 4102 4108 8216 8240 8288 12296 16576 16768 24640 28672 33536 49408 67072 98816 114688 133121 134144 135169 151552 197632 344064 409600 458752
1 4099 4102 4108 8216 8240 8288 12296 16576 16768 24640 28672 33536 49408 67072 98816 114688 133121 134144 135169 197632 200704 282624 331776 344064
1 4099 4102 4108 8216 8240 8288 12296 16576 16768 24640 28672 33536 49408 67072 98816 114688 133121 134144 135169 197632 212992 282624 397312 409600
1 4099 4102 4108 8216 8240 8288 12296 16576 16768 24640 28672 33536 49408 67072 98816 114688 133121 134144 135169 197632 282624 344064 397312 458752
1 4099 4102 4108 8216 8240 8288 12296 16576 16768 24640 28672 33536 49408 67072 98816 114688 133121 134144 151552 197632 212992 266241 393217 397312
1 4099 4102 4108 8216 8240 8288 12296 16576 16768 24640 28672 33536 49408 67072 98816 114688 133121 134144 197632 212992 266241 282624 393217 409600
1 4099 4102 4108 8216 8240 8288 12296 16576 16768 24640 28672 33536 49408 67072 98816 114688 133121 134144 197632 266241 282624 344064 393217 458752
1 4099 4102 4108 8216 8240 8288 12296 16576 16768 24640 28672 33536 49408 67072 98816 114688 133121 135169 151552 197632 212992 265216 394240 395264
1 4099 4102 4108 8216 8240 8288 12296 16576 16768 24640 28672 33536 49408 67072 98816 114688 134144 135169 151552 197632 212992 264193 393217 395264
1 4099 4102 4108 8216 8240 8288 12296 16576 16768 24640 28672 33536 49408 67072 98816 114688 134144 151552 197632 212992 264193 266241 395264 397312
1 4099 4102 4108 8216 8240 8288 12296 16576 16768 24640 28672 33536 49408 67072 98816 114688 134144 197632 198656 264193 266241 282624 329728 344064
1 4099 4102 4108 8216 8240 8288 12296 16576 16768 24640 28672 33536 49408 67072 98816 114688 134144 197632 212992 264193 266241 282624 395264 409600
1 4099 4102 4108 8216 8240 8288 12296 16576 16768 24640 28672 33536 49408 67072 98816 114688 134144 197632 264193 266241 282624 344064 395264 458752
1 4099 4102 4108 8216 8240 8288 12296 16576 16768 24640 28672 33536 49408 67072 98816 114688 135169 151552 197632 212992 264193 265216 393217 394240
1 4099 4102 4108 8216 8240 8288 12296 16576 16768 24640 28672 33536 49408 67072 98816 114688 151552 197632 212992 264193 265216 266241 394240 397312
1 4099 4102 4108 8216 8240 8288 12296 16576 16768 24640 28672 33536 49408 67072 98816 114688 197632 212992 264193 265216 266241 282624 394240 409600
1 4099 4102 4108 8216 8240 8288 12296 16576 16768 24640 28672 33536 49408 67072 98816 114688 197632 264193 265216 266241 282624 344064 394240 458752
1 4099 4102 4108 8216 8240 8288 12296 16576 16768 24640 28672 33536 49408 67072 98816 133121 134144 135169 151552 180224 197632 360448 425984 458752
1 4099 4102 4108 8216 8240 8288 12296 16576 16768 24640 28672 33536 49408 67072 98816 133121 134144 135169 151552 197632 212992 311296 344064 360448
1 4099 4102 4108 8216 8240 8288 12296 16576 16768 24640 28672 33536 49408 67072 98816 133121 134144 135169 151552 197632 229376 311296 409600 425984
1 4099 4102 4108 8216 8240 8288 12296 16576 16768 24640 28672 33536 49408 67072 98816 133121 134144 135169 151552 197632 311296 360448 409600 458752
1 4099 4102 4108 8216 8240 8288 12296 16576 16768 24640 28672 33536 49408 67072 98816 133121 134144 135169 167936 197632 229376 282624 299008 311296
1 4099 4102 4108 8216 8240 8288 12296 16576 16768 24640 28672 33536 49408 67072 98816 133121 134144 135169 180224 197632 229376 282624 397312 409600
1 4099 4102 4108 8216 8240 8288 12296 16576 16768 24640 28672 33536 49408 67072 98816 133121 134144 135169 197632 200704 282624 311296 331776 360448
1 4099 4102 4108 8216 8240 8288 12296 16576 16768 24640 28672 33536 49408 67072 98816 133121 134144 135169 197632 229376 282624 311296 397312 425984
1 4099 4102 4108 8216 8240 8288 12296 16576 16768 24640 28672 33536 49408 67072 98816 133121 134144 135169 197632 282624 311296 360448 397312 458752
1 4099 4102 4108 8216 8240 8288 12296 16576 16768 24640 28672 33536 49408 67072 98816 133121 134144 151552 180224 197632 229376 266241 393217 397312
1 4099 4102 4108 8216 8240 8288 12296 16576 16768 24640 28672 33536 49408 67072 98816 133121 134144 180224 197632 229376 266241 282624 393217 409600
1 4099 4102 4108 8216 8240 8288 12296 16576 16768 24640 28672 33536 49408 67072 98816 133121 134144 197632 229376 266241 282624 311296 393217 425984
1 4099 4102 4108 8216 8240 8288 12296 16576 16768 24640 28672 33536 49408 67072 98816 133121 134144 197632 266241 282624 311296 360448 393217 458752
1 4099 4102 4108 8216 8240 8288 12296 16576 16768 24640 28672 33536 49408 67072 98816 133121 135169 151552 180224 197632 229376 265216 394240 395264
1 4099 4102 4108 8216 8240 8288 12296 16576 16768 24640 28672 33536 49408 67072 98816 134144 135169 151552 180224 197632 229376 264193 393217 395264
1 4099 4102 4108 8216 8240 8288 12296 16576 16768 24640 28672 33536 49408 67072 98816 134144 151552 180224 197632 229376 264193 266241 395264 397312
1 4099 4102 4108 8216 8240 8288 12296 16576 16768 24640 28672 33536 49408 67072 98816 134144 180224 197632 229376 264193 266241 282624 395264 409600
1 4099 4102 4108 8216 8240 8288 12296 16576 16768 24640 28672 33536 49408 67072 98816 134144 197632 198656 264193 266241 282624 311296 329728 360448
1 4099 4102 4108 8216 8240 8288 12296 16576 16768 24640 28672 33536 49408 67072 98816 134144 197632 229376 264193 266241 282624 311296 395264 425984
1 4099 4102 4108 8216 8240 8288 12296 16576 16768 24640 28672 33536 49408 67072 98816 134144 197632 264193 266241 282624 311296 360448 395264 458752
1 4099 4102 4108 8216 8240 8288 12296 16576 16768 24640 28672 33536 49408 67072 98816 135169 151552 180224 197632 229376 264193 265216 393217 394240
1 4099 4102 4108 8216 8240 8288 12296 16576 16768 24640 28672 33536 49408 67072 98816 151552 180224 197632 229376 264193 265216 266241 394240 397312
1 4099 4102 4108 8216 8240 8288 12296 16576 16768 24640 28672 33536 49408 67072 98816 164864 197632 229376 264193 265216 266241 282624 295936 311296
1 4099 4102 4108 8216 8240 8288 12296 16576 16768 24640 28672 33536 49408 67072 98816 180224 197632 229376 264193 265216 266241 282624 394240 409600
1 4099 4102 4108 8216 8240 8288 12296 16576 16768 24640 28672 33536 49408 67072 98816 197632 229376 264193 265216 266241 282624 311296 394240 425984
1 4099 4102 4108 8216 8240 8288 12296 16576 16768 24640 28672 33536 49408 67072 98816 197632 264193 265216 266241 282624 311296 360448 394240 458752
1 4099 4102 4108 8216 8240 8288 12296 16576 16768 24640 28672 33536 49408 68608 86016 98816 114688 132608 197120 197632 264193 266241 329728 331776
1 4099 4102 4108 8216 8240 8288 12296 16576 16768 24640 28672 33536 49408 68608 98816 114688 132608 197120 197632 264193 266241 282624 329728 344064
1 4099 4102 4108 8216 8240 8288 12296 16576 16768 24640 28672 33536 49408 68608 98816 132608 197120 197632 264193 266241 282624 311296 329728 360448
1 4099 4102 4108 8216 8240 8288 12296 16576 16768 24640 28672 33536 49408 86016 98816 114688 132608 134144 197120 198656 264193 266241 329728 331776
1 4099 4102 4108 8216 8240 8288 12296 16576 16768 24640 28672 33536 49408 86016 98816 114688 132608 134144 197120 200704 264193 266241 395264 397312
1 4099 4102 4108 8216 8240 8288 12296 16576 16768 24640 28672 33536 49408 86016 98816 114688 132608 134144 197120 264193 266241 331776 395264 458752
1 4099 4102 4108 8216 8240 8288 12296 16576 16768 24640 28672 33536 49408 86016 98816 114688 132608 197120 197632 264193 265216 266241 328704 331776
1 4099 4102 4108 8216 8240 8288 12296 16576 16768 24640 28672 33536 49408 86016 98816 114688 132608 197120 200704 264193 265216 266241 394240 397312
1 4099 4102 4108 8216 8240 8288 12296 16576 16768 24640 28672 33536 49408 86016 98816 114688 132608 197120 264193 265216 266241 331776 394240 458752
1 4099 4102 4108 8216 8240 8288 12296 16576 16768 24640 28672 33536 49408 98816 99328 132608 197120 197632 264193 265216 266241 282624 295936 311296
1 4099 4102 4108 8216 8240 8288 12296 16576 16768 24640 28672 33536 49408 98816 114688 132608 134144 151552 197120 212992 264193 266241 395264 397312
1 4099 4102 4108 8216 8240 8288 12296 16576 16768 24640 28672 33536 49408 98816 114688 132608 134144 197120 198656 264193 266241 282624 329728 344064
1 4099 4102 4108 8216 8240 8288 12296 16576 16768 24640 28672 33536 49408 98816 114688 132608 134144 197120 212992 264193 266241 282624 395264 409600
1 4099 4102 4108 8216 8240 8288 12296 16576 16768 24640 28672 33536 49408 98816 114688 132608 134144 197120 264193 266241 282624 344064 395264 458752
1 4099 4102 4108 8216 8240 8288 12296 16576 16768 24640 28672 33536 49408 98816 114688 132608 151552 197120 212992 264193 265216 266241 394240 397312
1 4099 4102 4108 8216 8240 8288 12296 16576 16768 24640 28672 33536 49408 98816 114688 132608 197120 197632 264193 265216 266241 282624 328704 344064
1 4099 4102 4108 8216 8240 8288 12296 16576 16768 24640 28672 33536 49408 98816 114688 132608 197120 212992 264193 265216 266241 282624 394240 409600
1 4099 4102 4108 8216 8240 8288 12296 16576 16768 24640 28672 33536 49408 98816 114688 132608 197120 264193 265216 266241 282624 344064 394240 458752
1 4099 4102 4108 8216 8240 8288 12296 16576 16768 24640 28672 33536 49408 98816 132608 134144 151552 180224 197120 229376 264193 266241 395264 397312
1 4099 4102 4108 8216 8240 8288 12296 16576 16768 24640 28672 33536 49408 98816 132608 134144 180224 197120 229376 264193 266241 282624 395264 409600
1 4099 4102 4108 8216 8240 8288 12296 16576 16768 24640 28672 33536 49408 98816 132608 134144 197120 198656 264193 266241 282624 311296 329728 360448
1 4099 4102 4108 8216 8240 8288 12296 16576 16768 24640 28672 33536 49408 98816 132608 134144 197120 229376 264193 266241 282624 311296 395264 425984
1 4099 4102 4108 8216 8240 8288 12296 16576 16768 24640 28672 33536 49408 98816 132608 134144 197120 264193 266241 282624 311296 360448 395264 458752
1 4099 4102 4108 8216 8240 8288 12296 16576 16768 24640 28672 33536 49408 98816 132608 151552 180224 197120 229376 264193 265216 266241 394240 397312
1 4099 4102 4108 8216 8240 8288 12296 16576 16768 24640 28672 33536 49408 98816 132608 164864 197120 229376 264193 265216 266241 282624 295936 311296
1 4099 4102 4108 8216 8240 8288 12296 16576 16768 24640 28672 33536 49408 98816 132608 180224 197120 229376 264193 265216 266241 282624 394240 409600
1 4099 4102 4108 8216 8240 8288 12296 16576 16768 24640 28672 33536 49408 98816 132608 197120 197632 264193 265216 266241 282624 311296 328704 360448
1 4099 4102 4108 8216 8240 8288 12296 16576 16768 24640 28672 33536 49408 98816 132608 197120 229376 264193 265216 266241 282624 311296 394240 425984
1 4099 4102 4108 8216 8240 8288 12296 16576 16768 24640 28672 33536 49408 98816 132608 197120 264193 265216 266241 282624 311296 360448 394240 458752
1 4099 4102 4108 8216 8240 8288 12296 16576 16768 24640 28672 34304 49408 53248 66304 98560 98816 133121 134144 135169 164864 299008 397312 425984
1 4099 4102 4108 8216 8240 8288 12296 16576 16768 24640 28672 34304 49408 53248 66304 98560 98816 133121 134144 164864 167936 266241 393217 397312
1 4099 4102 4108 8216 8240 8288 12296 16576 16768 24640 28672 34304 49408 53248 66304 98560 98816 133121 134144 164864 266241 299008 393217 425984
1 4099 4102 4108 8216 8240 8288 12296 16576 16768 24640 28672 34304 49408 53248 66304 98560 98816 133121 135169 164864 167936 265216 394240 395264
1 4099 4102 4108 8216 8240 8288 12296 16576 16768 24640 28672 34304 49408 53248 66304 98560 98816 134144 135169 164864 167936 264193 393217 395264
1 4099 4102 4108 8216 8240 8288 12296 16576 16768 24640 28672 34304 49408 53248 66304 98560 98816 134144 164864 167936 264193 266241 395264 397312
1 4099 4102 4108 8216 8240 8288 12296 16576 16768 24640 28672 34304 49408 53248 66304 98560 98816 134144 164864 264193 266241 299008 395264 425984
1 4099 4102 4108 8216 8240 8288 12296 16576 16768 24640 28672 34304 49408 53248 66304 98560 98816 135169 164864 167936 264193 265216 393217 394240
1 4099 4102 4108 8216 8240 8288 12296 16576 16768 24640 28672 34304 49408 53248 66304 98560 98816 164864 167936 264193 265216 266241 394240 397312
1 4099 4102 4108 8216 8240 8288 12296 16576 16768 24640 28672 34304 49408 53248 66304 98560 98816 164864 264193 265216 266241 299008 394240 425984
1 4099 4102 4108 8216 8240 8288 12296 16576 16768 24640 28672 34304 49408 53248 66304 98560 164352 197120 229376 264193 265216 266241 295936 299008
1 4099 4102 4108 8216 8240 8288 12296 16576 16768 24640 28672 34304 49408 53248 98560 98816 131840 196864 197120 264193 265216 266241 295936 299008
1 4099 4102 4108 8216 8240 8288 12296 16576 16768 24640 28672 34304 49408 53248 98560 131840 164352 196864 229376 264193 265216 266241 295936 299008
1 4099 4102 4108 8216 8240 8288 12296 16576 16768 24640 28672 34304 49408 66304 98560 98816 133121 134144 135169 151552 164864 311296 409600 425984
1 4099 4102 4108 8216 8240 8288 12296 16576 16768 24640 28672 34304 49408 66304 98560 98816 133121 134144 135169 164864 167936 282624 299008 311296
1 4099 4102 4108 8216 8240 8288 12296 16576 16768 24640 28672 34304 49408 66304 98560 98816 133121 134144 135169 164864 180224 282624 397312 409600
1 4099 4102 4108 8216 8240 8288 12296 16576 16768 24640 28672 34304 49408 66304 98560 98816 133121 134144 135169 164864 282624 311296 397312 425984
1 4099 4102 4108 8216 8240 8288 12296 16576 16768 24640 28672 34304 49408 66304 98560 98816 133121 134144 151552 164864 180224 266241 393217 397312
1 4099 4102 4108 8216 8240 8288 12296 16576 16768 24640 28672 34304 49408 66304 98560 98816 133121 134144 164864 180224 266241 282624 393217 409600
1 4099 4102 4108 8216 8240 8288 12296 16576 16768 24640 28672 34304 49408 66304 98560 98816 133121 134144 164864 266241 282624 311296 393217 425984
1 4099 4102 4108 8216 8240 8288 12296 16576 16768 24640 28672 34304 49408 66304 98560 98816 133121 135169 151552 164864 180224 265216 394240 395264
1 4099 4102 4108 8216 8240 8288 12296 16576 16768 24640 28672 34304 49408 66304 98560 98816 134144 135169 151552 164864 180224 264193 393217 395264
1 4099 4102 4108 8216 8240 8288 12296 16576 16768 24640 28672 34304 49408 66304 98560 98816 134144 151552 164864 180224 264193 266241 395264 397312
1 4099 4102 4108 8216 8240 8288 12296 16576 16768 24640 28672 34304 49408 66304 98560 98816 134144 164864 180224 264193 266241 282624 395264 409600
1 4099 4102 4108 8216 8240 8288 12296 16576 16768 24640 28672 34304 49408 66304 98560 98816 134144 164864 264193 266241 282624 311296 395264 425984
1 4099 4102 4108 8216 8240 8288 12296 16576 16768 24640 28672 34304 49408 66304 98560 98816 135169 151552 164864 180224 264193 265216 393217 394240
1 4099 4102 4108 8216 8240 8288 12296 16576 16768 24640 28672 34304 49408 66304 98560 98816 151552 164864 180224 264193 265216 266241 394240 397312
1 4099 4102 4108 8216 8240 8288 12296 16576 16768 24640 28672 34304 49408 66304 98560 98816 164864 180224 264193 265216 266241 282624 394240 409600
1 4099 4102 4108 8216 8240 8288 12296 16576 16768 24640 28672 34304 49408 66304 98560 98816 164864 264193 265216 266241 282624 311296 394240 425984
1 4099 4102 4108 8216 8240 8288 12296 16576 16768 24640 28672 34304 49408 66304 98560 164352 197120 229376 264193 265216 266241 282624 295936 311296
1 4099 4102 4108 8216 8240 8288 12296 16576 16768 24640 28672 34304 49408 98560 98816 131840 196864 197120 264193 265216 266241 282624 295936 311296
1 4099 4102 4108 8216 8240 8288 12296 16576 16768 24640 28672 34304 49408 98560 131840 164352 196864 229376 264193 265216 266241 282624 295936 311296
1 4099 4102 4108 8216 8240 8288 12296 16576 16768 24640 28672 49408 53248 66304 67072 98560 99328 133121 134144 135169 164864 299008 397312 425984
1 4099 4102 4108 8216 8240 8288 12296 16576 16768 24640 28672 49408 53248 66304 67072 98560 99328 133121 134144 164864 167936 266241 393217 397312
1 4099 4102 4108 8216 8240 8288 12296 16576 16768 24640 28672 49408 53248 66304 67072 98560 99328 133121 134144 164864 266241 299008 393217 425984
1 4099 4102 4108 8216 8240 8288 12296 16576 16768 24640 28672 49408 53248 66304 67072 98560 99328 133121 135169 164864 167936 265216 394240 395264
1 4099 4102 4108 8216 8240 8288 12296 16576 16768 24640 28672 49408 53248 66304 67072 98560 99328 134144 135169 164864 167936 264193 393217 395264
1 4099 4102 4108 8216 8240 8288 12296 16576 16768 24640 28672 49408 53248 66304 67072 98560 99328 134144 164864 167936 264193 266241 395264 397312
1 4099 4102 4108 8216 8240 8288 12296 16576 16768 24640 28672 49408 53248 66304 67072 98560 99328 134144 164864 264193 266241 299008 395264 425984
1 4099 4102 4108 8216 8240 8288 12296 16576 16768 24640 28672 49408 53248 66304 67072 98560 99328 135169 164864 167936 264193 265216 393217 394240
1 4099 4102 4108 8216 8240 8288 12296 16576 16768 24640 28672 49408 53248 66304 67072 98560 99328 164864 167936 264193 265216 266241 394240 397312
1 4099 4102 4108 8216 8240 8288 12296 16576 16768 24640 28672 49408 53248 66304 67072 98560 99328 164864 264193 265216 266241 299008 394240 425984
1 4099 4102 4108 8216 8240 8288 12296 16576 16768 24640 28672 49408 53248 66304 67072 98560 102400 133121 134144 135169 200704 328704 394240 458752
1 4099 4102 4108 8216 8240 8288 12296 16576 16768 24640 28672 49408 53248 66304 67072 98560 102400 133121 134144 197632 200704 266241 393217 397312
1 4099 4102 4108 8216 8240 8288 12296 16576 16768 24640 28672 49408 53248 66304 67072 98560 102400 133121 135169 197632 200704 265216 394240 395264
1 4099 4102 4108 8216 8240 8288 12296 16576 16768 24640 28672 49408 53248 66304 67072 98560 102400 133121 135169 200704 265216 328704 395264 458752
1 4099 4102 4108 8216 8240 8288 12296 16576 16768 24640 28672 49408 53248 66304 67072 98560 102400 134144 135169 197632 200704 264193 393217 395264
1 4099 4102 4108 8216 8240 8288 12296 16576 16768 24640 28672 49408 53248 66304 67072 98560 102400 134144 197632 200704 264193 266241 395264 397312
1 4099 4102 4108 8216 8240 8288 12296 16576 16768 24640 28672 49408 53248 66304 67072 98560 102400 135169 197632 200704 264193 265216 393217 394240
1 4099 4102 4108 8216 8240 8288 12296 16576 16768 24640 28672 49408 53248 66304 67072 98560 102400 135169 200704 264193 265216 328704 393217 458752
1 4099 4102 4108 8216 8240 8288 12296 16576 16768 24640 28672 49408 53248 66304 67072 98560 102400 197632 200704 264193 265216 266241 394240 397312
1 4099 4102 4108 8216 8240 8288 12296 16576 16768 24640 28672 49408 53248 66304 67072 98560 102400 200704 264193 265216 266241 328704 397312 458752
1 4099 4102 4108 8216 8240 8288 12296 16576 16768 24640 28672 49408 53248 66304 67072 98560 133121 134144 135169 167936 229376 328704 394240 458752
1 4099 4102 4108 8216 8240 8288 12296 16576 16768 24640 28672 49408 53248 66304 67072 98560 133121 134144 135169 197632 229376 299008 397312 425984
1 4099 4102 4108 8216 8240 8288 12296 16576 16768 24640 28672 49408 53248 66304 67072 98560 133121 134144 167936 197632 229376 266241 393217 397312
1 4099 4102 4108 8216 8240 8288 12296 16576 16768 24640 28672 49408 53248 66304 67072 98560 133121 134144 197632 229376 266241 299008 393217 425984
1 4099 4102 4108 8216 8240 8288 12296 16576 16768 24640 28672 49408 53248 66304 67072 98560 133121 135169 167936 197632 229376 265216 394240 395264
1 4099 4102 4108 8216 8240 8288 12296 16576 16768 24640 28672 49408 53248 66304 67072 98560 133121 135169 167936 229376 265216 328704 395264 458752
1 4099 4102 4108 8216 8240 8288 12296 16576 16768 24640 28672 49408 53248 66304 67072 98560 134144 135169 167936 197632 229376 264193 393217 395264
1 4099 4102 4108 8216 8240 8288 12296 16576 16768 24640 28672 49408 53248 66304 67072 98560 134144 167936 197632 229376 264193 266241 395264 397312
1 4099 4102 4108 8216 8240 8288 12296 16576 16768 24640 28672 49408 53248 66304 67072 98560 134144 197632 229376 264193 266241 299008 395264 425984
1 4099 4102 4108 8216 8240 8288 12296 16576 16768 24640 28672 49408 53248 66304 67072 98560 135169 167936 197632 229376 264193 265216 393217 394240
1 4099 4102 4108 8216 8240 8288 12296 16576 16768 24640 28672 49408 53248 66304 67072 98560 135169 167936 229376 264193 265216 328704 393217 458752
1 4099 4102 4108 8216 8240 8288 12296 16576 16768 24640 28672 49408 53248 66304 67072 98560 164864 197632 229376 264193 265216 266241 295936 299008
1 4099 4102 4108 8216 8240 8288 12296 16576 16768 24640 28672 49408 53248 66304 67072 98560 167936 197632 229376 264193 265216 266241 394240 397312
1 4099 4102 4108 8216 8240 8288 12296 16576 16768 24640 28672 49408 53248 66304 67072 98560 167936 200704 229376 264193 265216 266241 328704 331776
1 4099 4102 4108 8216 8240 8288 12296 16576 16768 24640 28672 49408 53248 66304 67072 98560 167936 229376 264193 265216 266241 328704 397312 458752
1 4099 4102 4108 8216 8240 8288 12296 16576 16768 24640 28672 49408 53248 66304 67072 98560 197632 229376 264193 265216 266241 299008 394240 425984
1 4099 4102 4108 8216 8240 8288 12296 16576 16768 24640 28672 49408 53248 66304 67072 98560 229376 264193 265216 266241 299008 328704 425984 458752
1 4099 4102 4108 8216 8240 8288 12296 16576 16768 24640 28672 49408 53248 66304 98560 98816 132608 134144 164352 167936 264193 266241 395264 397312
1 4099 4102 4108 8216 8240 8288 12296 16576 16768 24640 28672 49408 53248 66304 98560 98816 132608 134144 164352 264193 266241 299008 395264 425984
1 4099 4102 4108 8216 8240 8288 12296 16576 16768 24640 28672 49408 53248 66304 98560 98816 132608 164352 164864 264193 265216 266241 295936 299008
1 4099 4102 4108 8216 8240 8288 12296 16576 16768 24640 28672 49408 53248 66304 98560 98816 132608 164352 167936 264193 265216 266241 394240 397312
1 4099 4102 4108 8216 8240 8288 12296 16576 16768 24640 28672 49408 53248 66304 98560 98816 132608 164352 264193 265216 266241 299008 394240 425984
1 4099 4102 4108 8216 8240 8288 12296 16576 16768 24640 28672 49408 53248 66304 98560 99328 132608 197120 197632 264193 265216 266241 295936 299008
1 4099 4102 4108 8216 8240 8288 12296 16576 16768 24640 28672 49408 53248 66304 98560 102400 132608 134144 197120 200704 264193 266241 395264 397312
1 4099 4102 4108 8216 8240 8288 12296 16576 16768 24640 28672 49408 53248 66304 98560 102400 132608 197120 200704 264193 265216 266241 394240 397312
1 4099 4102 4108 8216 8240 8288 12296 16576 16768 24640 28672 49408 53248 66304 98560 102400 133121 134144 135169 197632 200704 263680 328192 328704
1 4099 4102 4108 8216 8240 8288 12296 16576 16768 24640 28672 49408 53248 66304 98560 102400 133121 134144 135169 200704 263680 328192 394240 458752
1 4099 4102 4108 8216 8240 8288 12296 16576 16768 24640 28672 49408 53248 66304 98560 102400 133121 135169 200704 263680 265216 328192 395264 458752
1 4099 4102 4108 8216 8240 8288 12296 16576 16768 24640 28672 49408 53248 66304 98560 132608 134144 167936 197120 229376 264193 266241 395264 397312
1 4099 4102 4108 8216 8240 8288 12296 16576 16768 24640 28672 49408 53248 66304 98560 132608 134144 197120 229376 264193 266241 299008 395264 425984
1 4099 4102 4108 8216 8240 8288 12296 16576 16768 24640 28672 49408 53248 66304 98560 132608 164864 197120 229376 264193 265216 266241 295936 299008
1 4099 4102 4108 8216 8240 8288 12296 16576 16768 24640 28672 49408 53248 66304 98560 132608 167936 197120 229376 264193 265216 266241 394240 397312
1 4099 4102 4108 8216 8240 8288 12296 16576 16768 24640 28672 49408 53248 66304 98560 132608 197120 229376 264193 265216 266241 299008 394240 425984
1 4099 4102 4108 8216 8240 8288 12296 16576 16768 24640 28672 49408 53248 66304 98560 133121 134144 135169 167936 197632 229376 263680 328192 328704
1 4099 4102 4108 8216 8240 8288 12296 16576 16768 24640 28672 49408 53248 66304 98560 133121 134144 135169 167936 229376 263680 328192 394240 458752
1 4099 4102 4108 8216 8240 8288 12296 16576 16768 24640 28672 49408 53248 66304 98560 133121 135169 167936 229376 263680 265216 328192 395264 458752
1 4099 4102 4108 8216 8240 8288 12296 16576 16768 24640 28672 49408 53248 67072 98560 99328 131840 196864 197120 264193 265216 266241 295936 299008
1 4099 4102 4108 8216 8240 8288 12296 16576 16768 24640 28672 49408 53248 67072 98560 102400 133121 134144 135169 197632 200704 262912 327936 328192
1 4099 4102 4108 8216 8240 8288 12296 16576 16768 24640 28672 49408 53248 67072 98560 133121 134144 135169 167936 197632 229376 262912 327936 328192
1 4099 4102 4108 8216 8240 8288 12296 16576 16768 24640 28672 49408 53248 98560 99328 131840 132608 196864 197632 264193 265216 266241 295936 299008
1 4099 4102 4108 8216 8240 8288 12296 16576 16768 24640 28672 49408 53248 98560 102400 131840 132608 196864 200704 264193 265216 266241 394240 397312
1 4099 4102 4108 8216 8240 8288 12296 16576 16768 24640 28672 49408 53248 98560 102400 133121 134144 135169 197632 200704 262912 263680 327936 328704
1 4099 4102 4108 8216 8240 8288 12296 16576 16768 24640 28672 49408 53248 98560 102400 133121 134144 135169 200704 262912 263680 327936 394240 458752
1 4099 4102 4108 8216 8240 8288 12296 16576 16768 24640 28672 49408 53248 98560 131840 132608 164864 196864 229376 264193 265216 266241 295936 299008
1 4099 4102 4108 8216 8240 8288 12296 16576 16768 24640 28672 49408 53248 98560 131840 132608 167936 196864 229376 264193 265216 266241 394240 397312
1 4099 4102 4108 8216 8240 8288 12296 16576 16768 24640 28672 49408 53248 98560 131840 132608 196864 229376 264193 265216 266241 299008 394240 425984
1 4099 4102 4108 8216 8240 8288 12296 16576 16768 24640 28672 49408 53248 98560 133121 134144 135169 167936 197632 229376 262912 263680 327936 328704
1 4099 4102 4108 8216 8240 8288 12296 16576 16768 24640 28672 49408 53248 98560 133121 134144 135169 167936 229376 262912 263680 327936 394240 458752
1 4099 4102 4108 8216 8240 8288 12296 16576 16768 24640 28672 49408 66304 67072 86016 98560 114688 133121 134144 135169 200704 328704 394240 458752
1 4099 4102 4108 8216 8240 8288 12296 16576 16768 24640 28672 49408 66304 67072 86016 98560 114688 133121 134144 197632 200704 266241 393217 397312
1 4099 4102 4108 8216 8240 8288 12296 16576 16768 24640 28672 49408 66304 67072 86016 98560 114688 133121 135169 197632 200704 265216 394240 395264
1 4099 4102 4108 8216 8240 8288 12296 16576 16768 24640 28672 49408 66304 67072 86016 98560 114688 133121 135169 200704 265216 328704 395264 458752
1 4099 4102 4108 8216 8240 8288 12296 16576 16768 24640 28672 49408 66304 67072 86016 98560 114688 134144 135169 197632 200704 264193 393217 395264
1 4099 4102 4108 8216 8240 8288 12296 16576 16768 24640 28672 49408 66304 67072 86016 98560 114688 134144 197632 200704 264193 266241 395264 397312
1 4099 4102 4108 8216 8240 8288 12296 16576 16768 24640 28672 49408 66304 67072 86016 98560 114688 135169 197632 200704 264193 265216 393217 394240
1 4099 4102 4108 8216 8240 8288 12296 16576 16768 24640 28672 49408 66304 67072 86016 98560 114688 135169 200704 264193 265216 328704 393217 458752
1 4099 4102 4108 8216 8240 8288 12296 16576 16768 24640 28672 49408 66304 67072 86016 98560 114688 197632 200704 264193 265216 266241 394240 397312
1 4099 4102 4108 8216 8240 8288 12296 16576 16768 24640 28672 49408 66304 67072 86016 98560 114688 200704 264193 265216 266241 328704 397312 458752
1 4099 4102 4108 8216 8240 8288 12296 16576 16768 24640 28672 49408 66304 67072 86016 98560 180224 212992 229376 264193 265216 266241 328704 331776
1 4099 4102 4108 8216 8240 8288 12296 16576 16768 24640 28672 49408 66304 67072 98560 99328 133121 134144 135169 151552 164864 311296 409600 425984
1 4099 4102 4108 8216 8240 8288 12296 16576 16768 24640 28672 49408 66304 67072 98560 99328 133121 134144 135169 164864 167936 282624 299008 311296
1 4099 4102 4108 8216 8240 8288 12296 16576 16768 24640 28672 49408 66304 67072 98560 99328 133121 134144 135169 164864 180224 282624 397312 409600
1 4099 4102 4108 8216 8240 8288 12296 16576 16768 24640 28672 49408 66304 67072 98560 99328 133121 134144 135169 164864 282624 311296 397312 425984
1 4099 4102 4108 8216 8240 8288 12296 16576 16768 24640 28672 49408 66304 67072 98560 99328 133121 134144 151552 164864 180224 266241 393217 397312
1 4099 4102 4108 8216 8240 8288 12296 16576 16768 24640 28672 49408 66304 67072 98560 99328 133121 134144 164864 180224 266241 282624 393217 409600
1 4099 4102 4108 8216 8240 8288 12296 16576 16768 24640 28672 49408 66304 67072 98560 99328 133121 134144 164864 266241 282624 311296 393217 425984
1 4099 4102 4108 8216 8240 8288 12296 16576 16768 24640 28672 49408 66304 67072 98560 99328 133121 135169 151552 164864 180224 265216 394240 395264
1 4099 4102 4108 8216 8240 8288 12296 16576 16768 24640 28672 49408 66304 67072 98560 99328 134144 135169 151552 164864 180224 264193 393217 395264
1 4099 4102 4108 8216 8240 8288 12296 16576 16768 24640 28672 49408 66304 67072 98560 99328 134144 151552 164864 180224 264193 266241 395264 397312
1 4099 4102 4108 8216 8240 8288 12296 16576 16768 24640 28672 49408 66304 67072 98560 99328 134144 164864 180224 264193 266241 282624 395264 409600
1 4099 4102 4108 8216 8240 8288 12296 16576 16768 24640 28672 49408 66304 67072 98560 99328 134144 164864 264193 266241 282624 311296 395264 425984
1 4099 4102 4108 8216 8240 8288 12296 16576 16768 24640 28672 49408 66304 67072 98560 99328 135169 151552 164864 180224 264193 265216 393217 394240
1 4099 4102 4108 8216 8240 8288 12296 16576 16768 24640 28672 49408 66304 67072 98560 99328 151552 164864 180224 264193 265216 266241 394240 397312
1 4099 4102 4108 8216 8240 8288 12296 16576 16768 24640 28672 49408 66304 67072 98560 99328 164864 180224 264193 265216 266241 282624 394240 409600
1 4099 4102 4108 8216 8240 8288 12296 16576 16768 24640 28672 49408 66304 67072 98560 99328 164864 264193 265216 266241 282624 311296 394240 425984
1 4099 4102 4108 8216 8240 8288 12296 16576 16768 24640 28672 49408 66304 67072 98560 102400 133121 134144 135169 197632 200704 282624 299008 311296
1 4099 4102 4108 8216 8240 8288 12296 16576 16768 24640 28672 49408 66304 67072 98560 114688 133121 134144 135169 151552 212992 328704 394240 458752
1 4099 4102 4108 8216 8240 8288 12296 16576 16768 24640 28672 49408 66304 67072 98560 114688 133121 134144 135169 197632 212992 282624 397312 409600
1 4099 4102 4108 8216 8240 8288 12296 16576 16768 24640 28672 49408 66304 67072 98560 114688 133121 134144 151552 197632 212992 266241 393217 397312
1 4099 4102 4108 8216 8240 8288 12296 16576 16768 24640 28672 49408 66304 67072 98560 114688 133121 134144 197632 212992 266241 282624 393217 409600
1 4099 4102 4108 8216 8240 8288 12296 16576 16768 24640 28672 49408 66304 67072 98560 114688 133121 135169 151552 197632 212992 265216 394240 395264
1 4099 4102 4108 8216 8240 8288 12296 16576 16768 24640 28672 49408 66304 67072 98560 114688 133121 135169 151552 212992 265216 328704 395264 458752
1 4099 4102 4108 8216 8240 8288 12296 16576 16768 24640 28672 49408 66304 67072 98560 114688 134144 135169 151552 197632 212992 264193 393217 395264
1 4099 4102 4108 8216 8240 8288 12296 16576 16768 24640 28672 49408 66304 67072 98560 114688 134144 151552 197632 212992 264193 266241 395264 397312
1 4099 4102 4108 8216 8240 8288 12296 16576 16768 24640 28672 49408 66304 67072 98560 114688 134144 197632 212992 264193 266241 282624 395264 409600
1 4099 4102 4108 8216 8240 8288 12296 16576 16768 24640 28672 49408 66304 67072 98560 114688 135169 151552 197632 212992 264193 265216 393217 394240
1 4099 4102 4108 8216 8240 8288 12296 16576 16768 24640 28672 49408 66304 67072 98560 114688 135169 151552 212992 264193 265216 328704 393217 458752
1 4099 4102 4108 8216 8240 8288 12296 16576 16768 24640 28672 49408 66304 67072 98560 114688 151552 197632 212992 264193 265216 266241 394240 397312
1 4099 4102 4108 8216 8240 8288 12296 16576 16768 24640 28672 49408 66304 67072 98560 114688 151552 200704 212992 264193 265216 266241 328704 331776
1 4099 4102 4108 8216 8240 8288 12296 16576 16768 24640 28672 49408 66304 67072 98560 114688 151552 212992 264193 265216 266241 328704 397312 458752
1 4099 4102 4108 8216 8240 8288 12296 16576 16768 24640 28672 49408 66304 67072 98560 114688 197632 212992 264193 265216 266241 282624 394240 409600
1 4099 4102 4108 8216 8240 8288 12296 16576 16768 24640 28672 49408 66304 67072 98560 114688 212992 264193 265216 266241 282624 328704 409600 458752
1 4099 4102 4108 8216 8240 8288 12296 16576 16768 24640 28672 49408 66304 67072 98560 133121 134144 135169 151552 180224 229376 328704 394240 458752
1 4099 4102 4108 8216 8240 8288 12296 16576 16768 24640 28672 49408 66304 67072 98560 133121 134144 135169 151552 197632 229376 311296 409600 425984
1 4099 4102 4108 8216 8240 8288 12296 16576 16768 24640 28672 49408 66304 67072 98560 133121 134144 135169 167936 197632 229376 282624 299008 311296
1 4099 4102 4108 8216 8240 8288 12296 16576 16768 24640 28672 49408 66304 67072 98560 133121 134144 135169 180224 197632 229376 282624 397312 409600
1 4099 4102 4108 8216 8240 8288 12296 16576 16768 24640 28672 49408 66304 67072 98560 133121 134144 135169 197632 229376 282624 311296 397312 425984
1 4099 4102 4108 8216 8240 8288 12296 16576 16768 24640 28672 49408 66304 67072 98560 133121 134144 151552 180224 197632 229376 266241 393217 397312
1 4099 4102 4108 8216 8240 8288 12296 16576 16768 24640 28672 49408 66304 67072 98560 133121 134144 180224 197632 229376 266241 282624 393217 409600
1 4099 4102 4108 8216 8240 8288 12296 16576 16768 24640 28672 49408 66304 67072 98560 133121 134144 197632 229376 266241 282624 311296 393217 425984
1 4099 4102 4108 8216 8240 8288 12296 16576 16768 24640 28672 49408 66304 67072 98560 133121 135169 151552 180224 197632 229376 265216 394240 395264
1 4099 4102 4108 8216 8240 8288 12296 16576 16768 24640 28672 49408 66304 67072 98560 133121 135169 151552 180224 229376 265216 328704 395264 458752
1 4099 4102 4108 8216 8240 8288 12296 16576 16768 24640 28672 49408 66304 67072 98560 134144 135169 151552 180224 197632 229376 264193 393217 395264
1 4099 4102 4108 8216 8240 8288 12296 16576 16768 24640 28672 49408 66304 67072 98560 134144 151552 180224 197632 229376 264193 266241 395264 397312
1 4099 4102 4108 8216 8240 8288 12296 16576 16768 24640 28672 49408 66304 67072 98560 134144 180224 197632 229376 264193 266241 282624 395264 409600
1 4099 4102 4108 8216 8240 8288 12296 16576 16768 24640 28672 49408 66304 67072 98560 134144 197632 229376 264193 266241 282624 311296 395264 425984
1 4099 4102 4108 8216 8240 8288 12296 16576 16768 24640 28672 49408 66304 67072 98560 135169 151552 180224 197632 229376 264193 265216 393217 394240
1 4099 4102 4108 8216 8240 8288 12296 16576 16768 24640 28672 49408 66304 67072 98560 135169 151552 180224 229376 264193 265216 328704 393217 458752
1 4099 4102 4108 8216 8240 8288 12296 16576 16768 24640 28672 49408 66304 67072 98560 151552 180224 197632 229376 264193 265216 266241 394240 397312
1 4099 4102 4108 8216 8240 8288 12296 16576 16768 24640 28672 49408 66304 67072 98560 151552 180224 200704 229376 264193 265216 266241 328704 331776
1 4099 4102 4108 8216 8240 8288 12296 16576 16768 24640 28672 49408 66304 67072 98560 151552 180224 229376 264193 265216 266241 328704 397312 458752
1 4099 4102 4108 8216 8240 8288 12296 16576 16768 24640 28672 49408 66304 67072 98560 164864 197632 229376 264193 265216 266241 282624 295936 311296
1 4099 4102 4108 8216 8240 8288 12296 16576 16768 24640 28672 49408 66304 67072 98560 180224 197632 229376 264193 265216 266241 282624 394240 409600
1 4099 4102 4108 8216 8240 8288 12296 16576 16768 24640 28672 49408 66304 67072 98560 180224 212992 229376 264193 265216 266241 282624 328704 344064
1 4099 4102 4108 8216 8240 8288 12296 16576 16768 24640 28672 49408 66304 67072 98560 180224 229376 264193 265216 266241 282624 328704 409600 458752
1 4099 4102 4108 8216 8240 8288 12296 16576 16768 24640 28672 49408 66304 67072 98560 197632 229376 264193 265216 266241 282624 311296 394240 425984
1 4099 4102 4108 8216 8240 8288 12296 16576 16768 24640 28672 49408 66304 67072 98560 229376 264193 265216 266241 282624 311296 328704 425984 458752
1 4099 4102 4108 8216 8240 8288 12296 16576 16768 24640 28672 49408 66304 86016 98560 114688 132608 134144 197120 200704 264193 266241 395264 397312
1 4099 4102 4108 8216 8240 8288 12296 16576 16768 24640 28672 49408 66304 86016 98560 114688 132608 197120 200704 264193 265216 266241 394240 397312
1 4099 4102 4108 8216 8240 8288 12296 16576 16768 24640 28672 49408 66304 86016 98560 114688 133121 134144 135169 197632 200704 263680 328192 328704
1 4099 4102 4108 8216 8240 8288 12296 16576 16768 24640 28672 49408 66304 86016 98560 114688 133121 134144 135169 200704 263680 328192 394240 458752
1 4099 4102 4108 8216 8240 8288 12296 16576 16768 24640 28672 49408 66304 86016 98560 114688 133121 135169 200704 263680 265216 328192 395264 458752
1 4099 4102 4108 8216 8240 8288 12296 16576 16768 24640 28672 49408 66304 98560 98816 132608 134144 151552 164352 180224 264193 266241 395264 397312
1 4099 4102 4108 8216 8240 8288 12296 16576 16768 24640 28672 49408 66304 98560 98816 132608 134144 164352 180224 264193 266241 282624 395264 409600
1 4099 4102 4108 8216 8240 8288 12296 16576 16768 24640 28672 49408 66304 98560 98816 132608 134144 164352 264193 266241 282624 311296 395264 425984
1 4099 4102 4108 8216 8240 8288 12296 16576 16768 24640 28672 49408 66304 98560 98816 132608 151552 164352 180224 264193 265216 266241 394240 397312
1 4099 4102 4108 8216 8240 8288 12296 16576 16768 24640 28672 49408 66304 98560 98816 132608 164352 164864 264193 265216 266241 282624 295936 311296
1 4099 4102 4108 8216 8240 8288 12296 16576 16768 24640 28672 49408 66304 98560 98816 132608 164352 180224 264193 265216 266241 282624 394240 409600
1 4099 4102 4108 8216 8240 8288 12296 16576 16768 24640 28672 49408 66304 98560 98816 132608 164352 264193 265216 266241 282624 311296 394240 425984
1 4099 4102 4108 8216 8240 8288 12296 16576 16768 24640 28672 49408 66304 98560 99328 132608 197120 197632 264193 265216 266241 282624 295936 311296
1 4099 4102 4108 8216 8240 8288 12296 16576 16768 24640 28672 49408 66304 98560 114688 132608 134144 151552 197120 212992 264193 266241 395264 397312
1 4099 4102 4108 8216 8240 8288 12296 16576 16768 24640 28672 49408 66304 98560 114688 132608 134144 197120 212992 264193 266241 282624 395264 409600
1 4099 4102 4108 8216 8240 8288 12296 16576 16768 24640 28672 49408 66304 98560 114688 132608 151552 197120 212992 264193 265216 266241 394240 397312
1 4099 4102 4108 8216 8240 8288 12296 16576 16768 24640 28672 49408 66304 98560 114688 132608 197120 212992 264193 265216 266241 282624 394240 409600
1 4099 4102 4108 8216 8240 8288 12296 16576 16768 24640 28672 49408 66304 98560 114688 133121 134144 135169 151552 197632 212992 263680 328192 328704
1 4099 4102 4108 8216 8240 8288 12296 16576 16768 24640 28672 49408 66304 98560 114688 133121 134144 135169 151552 212992 263680 328192 394240 458752
1 4099 4102 4108 8216 8240 8288 12296 16576 16768 24640 28672 49408 66304 98560 114688 133121 135169 151552 212992 263680 265216 328192 395264 458752
1 4099 4102 4108 8216 8240 8288 12296 16576 16768 24640 28672 49408 66304 98560 132608 134144 151552 180224 197120 229376 264193 266241 395264 397312
1 4099 4102 4108 8216 8240 8288 12296 16576 16768 24640 28672 49408 66304 98560 132608 134144 180224 197120 229376 264193 266241 282624 395264 409600
1 4099 4102 4108 8216 8240 8288 12296 16576 16768 24640 28672 49408 66304 98560 132608 134144 197120 229376 264193 266241 282624 311296 395264 425984
1 4099 4102 4108 8216 8240 8288 12296 16576 16768 24640 28672 49408 66304 98560 132608 151552 180224 197120 229376 264193 265216 266241 394240 397312
1 4099 4102 4108 8216 8240 8288 12296 16576 16768 24640 28672 49408 66304 98560 132608 164864 197120 229376 264193 265216 266241 282624 295936 311296
1 4099 4102 4108 8216 8240 8288 12296 16576 16768 24640 28672 49408 66304 98560 132608 180224 197120 229376 264193 265216 266241 282624 394240 409600
1 4099 4102 4108 8216 8240 8288 12296 16576 16768 24640 28672 49408 66304 98560 132608 197120 229376 264193 265216 266241 282624 311296 394240 425984
1 4099 4102 4108 8216 8240 8288 12296 16576 16768 24640 28672 49408 66304 98560 133121 134144 135169 151552 180224 197632 229376 263680 328192 328704
1 4099 4102 4108 8216 8240 8288 12296 16576 16768 24640 28672 49408 66304 98560 133121 134144 135169 151552 180224 229376 263680 328192 394240 458752
1 4099 4102 4108 8216 8240 8288 12296 16576 16768 24640 28672 49408 66304 98560 133121 135169 151552 180224 229376 263680 265216 328192 395264 458752
1 4099 4102 4108 8216 8240 8288 12296 16576 16768 24640 28672 49408 67072 86016 98560 114688 133121 134144 135169 197632 200704 262912 327936 328192
1 4099 4102 4108 8216 8240 8288 12296 16576 16768 24640 28672 49408 67072 98560 99328 131840 196864 197120 264193 265216 266241 282624 295936 311296
1 4099 4102 4108 8216 8240 8288 12296 16576 16768 24640 28672 49408 67072 98560 114688 133121 134144 135169 151552 197632 212992 262912 327936 328192
1 4099 4102 4108 8216 8240 8288 12296 16576 16768 24640 28672 49408 67072 98560 133121 134144 135169 151552 180224 197632 229376 262912 327936 328192
1 4099 4102 4108 8216 8240 8288 12296 16576 16768 24640 28672 49408 86016 98560 114688 131840 132608 196864 200704 264193 265216 266241 394240 397312
1 4099 4102 4108 8216 8240 8288 12296 16576 16768 24640 28672 49408 86016 98560 114688 133121 134144 135169 197632 200704 262912 263680 327936 328704
1 4099 4102 4108 8216 8240 8288 12296 16576 16768 24640 28672 49408 86016 98560 114688 133121 134144 135169 200704 262912 263680 327936 394240 458752
1 4099 4102 4108 8216 8240 8288 12296 16576 16768 24640 28672 49408 98560 99328 131840 132608 196864 197632 264193 265216 266241 282624 295936 311296
1 4099 4102 4108 8216 8240 8288 12296 16576 16768 24640 28672 49408 98560 114688 131840 132608 151552 196864 212992 264193 265216 266241 394240 397312
1 4099 4102 4108 8216 8240 8288 12296 16576 16768 24640 28672 49408 98560 114688 131840 132608 196864 212992 264193 265216 266241 282624 394240 409600
1 4099 4102 4108 8216 8240 8288 12296 16576 16768 24640 28672 49408 98560 114688 133121 134144 135169 151552 197632 212992 262912 263680 327936 328704
1 4099 4102 4108 8216 8240 8288 12296 16576 16768 24640 28672 49408 98560 114688 133121 134144 135169 151552 212992 262912 263680 327936 394240 458752
1 4099 4102 4108 8216 8240 8288 12296 16576 16768 24640 28672 49408 98560 131840 132608 151552 180224 196864 229376 264193 265216 266241 394240 397312
1 4099 4102 4108 8216 8240 8288 12296 16576 16768 24640 28672 49408 98560 131840 132608 164864 196864 229376 264193 265216 266241 282624 295936 311296
1 4099 4102 4108 8216 8240 8288 12296 16576 16768 24640 28672 49408 98560 131840 132608 180224 196864 229376 264193 265216 266241 282624 394240 409600
1 4099 4102 4108 8216 8240 8288 12296 16576 16768 24640 28672 49408 98560 131840 132608 196864 229376 264193 265216 266241 282624 311296 394240 425984
1 4099 4102 4108 8216 8240 8288 12296 16576 16768 24640 28672 49408 98560 133121 134144 135169 151552 180224 197632 229376 262912 263680 327936 328704
1 4099 4102 4108 8216 8240 8288 12296 16576 16768 24640 28672 49408 98560 133121 134144 135169 151552 180224 229376 262912 263680 327936 394240 458752
1 4099 4102 4108 8216 8240 8288 12296 16576 16768 28672 41024 49216 57344 66304 67072 82176 86016 133121 134144 135169 200704 328704 394240 458752
1 4099 4102 4108 8216 8240 8288 12296 16576 16768 28672 41024 49216 57344 66304 67072 82176 86016 133121 134144 197632 200704 266241 393217 397312
1 4099 4102 4108 8216 8240 8288 12296 16576 16768 28672 41024 49216 57344 66304 67072 82176 86016 133121 135169 197632 200704 265216 394240 395264
1 4099 4102 4108 8216 8240 8288 12296 16576 16768 28672 41024 49216 57344 66304 67072 82176 86016 133121 135169 200704 265216 328704 395264 458752
1 4099 4102 4108 8216 8240 8288 12296 16576 16768 28672 41024 49216 57344 66304 67072 82176 86016 134144 135169 197632 200704 264193 393217 395264
1 4099 4102 4108 8216 8240 8288 12296 16576 16768 28672 41024 49216 57344 66304 67072 82176 86016 134144 197632 200704 264193 266241 395264 397312
1 4099 4102 4108 8216 8240 8288 12296 16576 16768 28672 41024 49216 57344 66304 67072 82176 86016 135169 197632 200704 264193 265216 393217 394240
1 4099 4102 4108 8216 8240 8288 12296 16576 16768 28672 41024 49216 57344 66304 67072 82176 86016 135169 200704 264193 265216 328704 393217 458752
1 4099 4102 4108 8216 8240 8288 12296 16576 16768 28672 41024 49216 57344 66304 67072 82176 86016 197632 200704 264193 265216 266241 394240 397312
1 4099 4102 4108 8216 8240 8288 12296 16576 16768 28672 41024 49216 57344 66304 67072 82176 86016 200704 264193 265216 266241 328704 397312 458752
1 4099 4102 4108 8216 8240 8288 12296 16576 16768 28672 41024 49216 57344 66304 67072 82176 133121 134144 135169 151552 212992 328704 394240 458752
1 4099 4102 4108 8216 8240 8288 12296 16576 16768 28672 41024 49216 57344 66304 67072 82176 133121 134144 135169 197632 212992 282624 397312 409600
1 4099 4102 4108 8216 8240 8288 12296 16576 16768 28672 41024 49216 57344 66304 67072 82176 133121 134144 151552 197632 212992 266241 393217 397312
1 4099 4102 4108 8216 8240 8288 12296 16576 16768 28672 41024 49216 57344 66304 67072 82176 133121 134144 197632 212992 266241 282624 393217 409600
1 4099 4102 4108 8216 8240 8288 12296 16576 16768 28672 41024 49216 57344 66304 67072 82176 133121 135169 151552 197632 212992 265216 394240 395264
1 4099 4102 4108 8216 8240 8288 12296 16576 16768 28672 41024 49216 57344 66304 67072 82176 133121 135169 151552 212992 265216 328704 395264 458752
1 4099 4102 4108 8216 8240 8288 12296 16576 16768 28672 41024 49216 57344 66304 67072 82176 134144 135169 151552 197632 212992 264193 393217 395264
1 4099 4102 4108 8216 8240 8288 12296 16576 16768 28672 41024 49216 57344 66304 67072 82176 134144 151552 197632 212992 264193 266241 395264 397312
1 4099 4102 4108 8216 8240 8288 12296 16576 16768 28672 41024 49216 57344 66304 67072 82176 134144 197632 212992 264193 266241 282624 395264 409600
1 4099 4102 4108 8216 8240 8288 12296 16576 16768 28672 41024 49216 57344 66304 67072 82176 135169 151552 197632 212992 264193 265216 393217 394240
1 4099 4102 4108 8216 8240 8288 12296 16576 16768 28672 41024 49216 57344 66304 67072 82176 135169 151552 212992 264193 265216 328704 393217 458752
1 4099 4102 4108 8216 8240 8288 12296 16576 16768 28672 41024 49216 57344 66304 67072 82176 151552 197632 212992 264193 265216 266241 394240 397312
1 4099 4102 4108 8216 8240 8288 12296 16576 16768 28672 41024 49216 57344 66304 67072 82176 151552 200704 212992 264193 265216 266241 328704 331776
1 4099 4102 4108 8216 8240 8288 12296 16576 16768 28672 41024 49216 57344 66304 67072 82176 151552 212992 264193 265216 266241 328704 397312 458752
1 4099 4102 4108 8216 8240 8288 12296 16576 16768 28672 41024 49216 57344 66304 67072 82176 197632 212992 264193 265216 266241 282624 394240 409600
1 4099 4102 4108 8216 8240 8288 12296 16576 16768 28672 41024 49216 57344 66304 67072 82176 212992 264193 265216 266241 282624 328704 409600 458752
1 4099 4102 4108 8216 8240 8288 12296 16576 16768 28672 41024 49216 57344 66304 82176 86016 132608 134144 197120 200704 264193 266241 395264 397312
1 4099 4102 4108 8216 8240 8288 12296 16576 16768 28672 41024 49216 57344 66304 82176 86016 132608 197120 200704 264193 265216 266241 394240 397312
1 4099 4102 4108 8216 8240 8288 12296 16576 16768 28672 41024 49216 57344 66304 82176 86016 133121 134144 135169 197632 200704 263680 328192 328704
1 4099 4102 4108 8216 8240 8288 12296 16576 16768 28672 41024 49216 57344 66304 82176 86016 133121 134144 135169 200704 263680 328192 394240 458752
1 4099 4102 4108 8216 8240 8288 12296 16576 16768 28672 41024 49216 57344 66304 82176 86016 133121 135169 200704 263680 265216 328192 395264 458752
1 4099 4102 4108 8216 8240 8288 12296 16576 16768 28672 41024 49216 57344 66304 82176 132608 134144 151552 197120 212992 264193 266241 395264 397312
1 4099 4102 4108 8216 8240 8288 12296 16576 16768 28672 41024 49216 57344 66304 82176 132608 134144 197120 212992 264193 266241 282624 395264 409600
1 4099 4102 4108 8216 8240 8288 12296 16576 16768 28672 41024 49216 57344 66304 82176 132608 151552 197120 212992 264193 265216 266241 394240 397312
1 4099 4102 4108 8216 8240 8288 12296 16576 16768 28672 41024 49216 57344 66304 82176 132608 197120 212992 264193 265216 266241 282624 394240 409600
1 4099 4102 4108 8216 8240 8288 12296 16576 16768 28672 41024 49216 57344 66304 82176 133121 134144 135169 151552 197632 212992 263680 328192 328704
1 4099 4102 4108 8216 8240 8288 12296 16576 16768 28672 41024 49216 57344 66304 82176 133121 134144 135169 151552 212992 263680 328192 394240 458752
1 4099 4102 4108 8216 8240 8288 12296 16576 16768 28672 41024 49216 57344 66304 82176 133121 135169 151552 212992 263680 265216 328192 395264 458752
1 4099 4102 4108 8216 8240 8288 12296 16576 16768 28672 41024 49216 57344 67072 82176 86016 133121 134144 135169 197632 200704 262912 327936 328192
1 4099 4102 4108 8216 8240 8288 12296 16576 16768 28672 41024 49216 57344 67072 82176 133121 134144 135169 151552 197632 212992 262912 327936 328192
1 4099 4102 4108 8216 8240 8288 12296 16576 16768 28672 41024 49216 57344 82176 86016 131840 132608 196864 200704 264193 265216 266241 394240 397312
1 4099 4102 4108 8216 8240 8288 12296 16576 16768 28672 41024 49216 57344 82176 86016 133121 134144 135169 197632 200704 262912 263680 327936 328704
1 4099 4102 4108 8216 8240 8288 12296 16576 16768 28672 41024 49216 57344 82176 86016 133121 134144 135169 200704 262912 263680 327936 394240 458752
1 4099 4102 4108 8216 8240 8288 12296 16576 16768 28672 41024 49216 57344 82176 131840 132608 151552 196864 212992 264193 265216 266241 394240 397312
1 4099 4102 4108 8216 8240 8288 12296 16576 16768 28672 41024 49216 57344 82176 131840 132608 196864 212992 264193 265216 266241 282624 394240 409600
1 4099 4102 4108 8216 8240 8288 12296 16576 16768 28672 41024 49216 57344 82176 133121 134144 135169 151552 197632 212992 262912 263680 327936 328704
1 4099 4102 4108 8216 8240 8288 12296 16576 16768 28672 41024 49216 57344 82176 133121 134144 135169 151552 212992 262912 263680 327936 394240 458752
1 4099 4102 4108 8216 8240 8288 12296 16576 16768 28672 41024 57344 81984 98368 114688 131840 132608 147712 151552 264193 265216 266241 394240 397312
1 4099 4102 4108 8216 8240 8288 12296 16576 16768 28672 41024 57344 81984 98368 114688 131840 132608 147712 264193 265216 266241 282624 394240 409600
1 4099 4102 4108 8216 8240 8288 12296 16576 16768 28672 49216 57344 73792 98368 106496 131840 132608 147712 151552 264193 265216 266241 394240 397312
1 4099 4102 4108 8216 8240 8288 12296 16576 16768 28672 49216 57344 73792 98368 106496 131840 132608 147712 264193 265216 266241 282624 394240 409600
1 4099 4102 4108 8216 8240 8288 12296 16576 16768 28672 57344 73792 81984 106496 114688 131840 132608 147712 151552 264193 265216 266241 394240 397312
1 4099 4102 4108 8216 8240 8288 12296 16576 16768 28672 57344 73792 81984 106496 114688 131840 132608 147712 264193 265216 266241 282624 394240 409600
1 4099 4102 4108 8216 8240 8288 12296 16576 24640 28672 33152 33536 49280 53248 67072 68608 98816 102400 133121 135169 200704 329728 395264 458752
1 4099 4102 4108 8216 8240 8288 12296 16576 24640 28672 33152 33536 49280 53248 67072 68608 98816 102400 133121 198656 200704 266241 393217 397312
1 4099 4102 4108 8216 8240 8288 12296 16576 24640 28672 33152 33536 49280 53248 67072 68608 98816 102400 135169 198656 200704 264193 393217 395264
1 4099 4102 4108 8216 8240 8288 12296 16576 24640 28672 33152 33536 49280 53248 67072 68608 98816 102400 135169 200704 264193 329728 393217 458752
1 4099 4102 4108 8216 8240 8288 12296 16576 24640 28672 33152 33536 49280 53248 67072 68608 98816 102400 198656 200704 264193 266241 395264 397312
1 4099 4102 4108 8216 8240 8288 12296 16576 24640 28672 33152 33536 49280 53248 67072 68608 98816 102400 200704 264193 266241 329728 397312 458752
1 4099 4102 4108 8216 8240 8288 12296 16576 24640 28672 33152 33536 49280 53248 67072 68608 102400 133121 135169 198656 200704 295424 328192 360448
1 4099 4102 4108 8216 8240 8288 12296 16576 24640 28672 33152 33536 49280 53248 67072 98816 102400 133121 134144 135169 200704 328704 394240 458752
1 4099 4102 4108 8216 8240 8288 12296 16576 24640 28672 33152 33536 49280 53248 67072 98816 102400 133121 134144 197632 200704 266241 393217 397312
1 4099 4102 4108 8216 8240 8288 12296 16576 24640 28672 33152 33536 49280 53248 67072 98816 102400 133121 135169 197632 200704 265216 394240 395264
1 4099 4102 4108 8216 8240 8288 12296 16576 24640 28672 33152 33536 49280 53248 67072 98816 102400 133121 135169 198656 200704 265216 328704 329728
1 4099 4102 4108 8216 8240 8288 12296 16576 24640 28672 33152 33536 49280 53248 67072 98816 102400 133121 135169 200704 265216 328704 395264 458752
1 4099 4102 4108 8216 8240 8288 12296 16576 24640 28672 33152 33536 49280 53248 67072 98816 102400 134144 135169 197632 200704 264193 393217 395264
1 4099 4102 4108 8216 8240 8288 12296 16576 24640 28672 33152 33536 49280 53248 67072 98816 102400 134144 197632 200704 264193 266241 395264 397312
1 4099 4102 4108 8216 8240 8288 12296 16576 24640 28672 33152 33536 49280 53248 67072 98816 102400 135169 197632 200704 264193 265216 393217 394240
1 4099 4102 4108 8216 8240 8288 12296 16576 24640 28672 33152 33536 49280 53248 67072 98816 102400 135169 200704 264193 265216 328704 393217 458752
1 4099 4102 4108 8216 8240 8288 12296 16576 24640 28672 33152 33536 49280 53248 67072 98816 102400 197632 200704 264193 265216 266241 394240 397312
1 4099 4102 4108 8216 8240 8288 12296 16576 24640 28672 33152 33536 49280 53248 67072 98816 102400 200704 264193 265216 266241 328704 397312 458752
1 4099 4102 4108 8216 8240 8288 12296 16576 24640 28672 33152 33536 49280 53248 67072 102400 133121 134144 135169 197632 200704 295424 328192 360448
1 4099 4102 4108 8216 8240 8288 12296 16576 24640 28672 33152 33536 49280 53248 67585 68608 69633 102400 132608 164352 197632 360448 425984 458752
1 4099 4102 4108 8216 8240 8288 12296 16576 24640 28672 33152 33536 49280 53248 67585 68608 69633 102400 132608 197632 229376 295424 393728 425984
1 4099 4102 4108 8216 8240 8288 12296 16576 24640 28672 33152 33536 49280 53248 67585 68608 69633 102400 132608 197632 295424 360448 393728 458752
1 4099 4102 4108 8216 8240 8288 12296 16576 24640 28672 33152 33536 49280 53248 67585 68608 69633 102400 164352 197632 229376 263680 393728 394240
1 4099 4102 4108 8216 8240 8288 12296 16576 24640 28672 33152 33536 49280 53248 67585 68608 69633 102400 197632 229376 263680 295424 394240 425984
1 4099 4102 4108 8216 8240 8288 12296 16576 24640 28672 33152 33536 49280 53248 67585 68608 69633 102400 197632 263680 295424 360448 394240 458752
1 4099 4102 4108 8216 8240 8288 12296 16576 24640 28672 33152 33536 49280 53248 67585 68608 102400 135169 196609 200704 263680 295424 328704 360448
1 4099 4102 4108 8216 8240 8288 12296 16576 24640 28672 33152 33536 49280 53248 67585 69633 102400 132608 134144 164352 198656 360448 425984 458752
1 4099 4102 4108 8216 8240 8288 12296 16576 24640 28672 33152 33536 49280 53248 67585 69633 102400 132608 134144 198656 229376 295424 393728 425984
1 4099 4102 4108 8216 8240 8288 12296 16576 24640 28672 33152 33536 49280 53248 67585 69633 102400 132608 134144 198656 295424 360448 393728 458752
1 4099 4102 4108 8216 8240 8288 12296 16576 24640 28672 33152 33536 49280 53248 67585 69633 102400 132608 164352 198656 229376 265216 394240 395264
1 4099 4102 4108 8216 8240 8288 12296 16576 24640 28672 33152 33536 49280 53248 67585 69633 102400 134144 164352 198656 229376 263680 393728 394240
1 4099 4102 4108 8216 8240 8288 12296 16576 24640 28672 33152 33536 49280 53248 67585 69633 102400 134144 197632 198656 263680 295424 328704 360448
1 4099 4102 4108 8216 8240 8288 12296 16576 24640 28672 33152 33536 49280 53248 67585 69633 102400 134144 198656 229376 263680 295424 394240 425984
1 4099 4102 4108 8216 8240 8288 12296 16576 24640 28672 33152 33536 49280 53248 67585 69633 102400 134144 198656 263680 295424 360448 394240 458752
1 4099 4102 4108 8216 8240 8288 12296 16576 24640 28672 33152 33536 49280 53248 67585 69633 102400 164352 198656 229376 263680 265216 393728 395264
1 4099 4102 4108 8216 8240 8288 12296 16576 24640 28672 33152 33536 49280 53248 67585 69633 102400 198656 229376 263680 265216 295424 395264 425984
1 4099 4102 4108 8216 8240 8288 12296 16576 24640 28672 33152 33536 49280 53248 67585 69633 102400 198656 263680 265216 295424 360448 395264 458752
1 4099 4102 4108 8216 8240 8288 12296 16576 24640 28672 33152 33536 49280 53248 67585 102400 135169 196609 200704 263680 265216 295424 329728 360448
1 4099 4102 4108 8216 8240 8288 12296 16576 24640 28672 33152 33536 49280 53248 68608 69633 102400 133121 196609 198656 263680 295424 328704 360448
1 4099 4102 4108 8216 8240 8288 12296 16576 24640 28672 33152 33536 49280 53248 68608 98816 102400 133121 135169 198656 200704 263680 328192 328704
1 4099 4102 4108 8216 8240 8288 12296 16576 24640 28672 33152 33536 49280 53248 68608 102400 133121 135169 198656 200704 263680 295424 328704 360448
1 4099 4102 4108 8216 8240 8288 12296 16576 24640 28672 33152 33536 49280 53248 69633 102400 133121 134144 196609 197632 263680 295424 328704 360448
1 4099 4102 4108 8216 8240 8288 12296 16576 24640 28672 33152 33536 49280 53248 69633 102400 133121 134144 196609 229376 263680 295424 394240 425984
1 4099 4102 4108 8216 8240 8288 12296 16576 24640 28672 33152 33536 49280 53248 69633 102400 133121 134144 196609 263680 295424 360448 394240 458752
1 4099 4102 4108 8216 8240 8288 12296 16576 24640 28672 33152 33536 49280 53248 69633 102400 133121 196609 198656 263680 265216 295424 329728 360448
1 4099 4102 4108 8216 8240 8288 12296 16576 24640 28672 33152 33536 49280 53248 69633 102400 133121 196609 229376 263680 265216 295424 395264 425984
1 4099 4102 4108 8216 8240 8288 12296 16576 24640 28672 33152 33536 49280 53248 69633 102400 133121 196609 263680 265216 295424 360448 395264 458752
1 4099 4102 4108 8216 8240 8288 12296 16576 24640 28672 33152 33536 49280 53248 98816 102400 132608 134144 197120 200704 264193 266241 395264 397312
1 4099 4102 4108 8216 8240 8288 12296 16576 24640 28672 33152 33536 49280 53248 98816 102400 132608 197120 200704 264193 265216 266241 394240 397312
1 4099 4102 4108 8216 8240 8288 12296 16576 24640 28672 33152 33536 49280 53248 98816 102400 133121 134144 135169 197632 200704 263680 328192 328704
1 4099 4102 4108 8216 8240 8288 12296 16576 24640 28672 33152 33536 49280 53248 98816 102400 133121 134144 135169 200704 263680 328192 394240 458752
1 4099 4102 4108 8216 8240 8288 12296 16576 24640 28672 33152 33536 49280 53248 98816 102400 133121 135169 198656 200704 263680 265216 328192 329728
1 4099 4102 4108 8216 8240 8288 12296 16576 24640 28672 33152 33536 49280 53248 98816 102400 133121 135169 200704 263680 265216 328192 395264 458752
1 4099 4102 4108 8216 8240 8288 12296 16576 24640 28672 33152 33536 49280 53248 102400 132608 134144 164352 200704 229376 264193 266241 395264 397312
1 4099 4102 4108 8216 8240 8288 12296 16576 24640 28672 33152 33536 49280 53248 102400 132608 164352 200704 229376 264193 265216 266241 394240 397312
1 4099 4102 4108 8216 8240 8288 12296 16576 24640 28672 33152 33536 49280 53248 102400 133121 134144 135169 197632 200704 263680 295424 328704 360448
1 4099 4102 4108 8216 8240 8288 12296 16576 24640 28672 33152 33536 49280 53248 102400 133121 134144 135169 200704 229376 263680 295424 394240 425984
1 4099 4102 4108 8216 8240 8288 12296 16576 24640 28672 33152 33536 49280 53248 102400 133121 134144 135169 200704 263680 295424 360448 394240 458752
1 4099 4102 4108 8216 8240 8288 12296 16576 24640 28672 33152 33536 49280 53248 102400 133121 135169 198656 200704 263680 265216 295424 329728 360448
1 4099 4102 4108 8216 8240 8288 12296 16576 24640 28672 33152 33536 49280 53248 102400 133121 135169 200704 229376 263680 265216 295424 395264 425984
1 4099 4102 4108 8216 8240 8288 12296 16576 24640 28672 33152 33536 49280 53248 102400 133121 135169 200704 263680 265216 295424 360448 395264 458752
1 4099 4102 4108 8216 8240 8288 12296 16576 24640 28672 33152 33536 49280 67072 68608 86016 98816 114688 133121 135169 198656 331776 397312 458752
1 4099 4102 4108 8216 8240 8288 12296 16576 24640 28672 33152 33536 49280 67072 68608 86016 98816 114688 133121 198656 200704 266241 393217 397312
1 4099 4102 4108 8216 8240 8288 12296 16576 24640 28672 33152 33536 49280 67072 68608 86016 98816 114688 133121 198656 266241 331776 393217 458752
1 4099 4102 4108 8216 8240 8288 12296 16576 24640 28672 33152 33536 49280 67072 68608 86016 98816 114688 135169 198656 200704 264193 393217 395264
1 4099 4102 4108 8216 8240 8288 12296 16576 24640 28672 33152 33536 49280 67072 68608 86016 98816 114688 198656 200704 264193 266241 395264 397312
1 4099 4102 4108 8216 8240 8288 12296 16576 24640 28672 33152 33536 49280 67072 68608 86016 98816 114688 198656 264193 266241 331776 395264 458752
1 4099 4102 4108 8216 8240 8288 12296 16576 24640 28672 33152 33536 49280 67072 68608 86016 114688 164352 197120 229376 264193 266241 329728 331776
1 4099 4102 4108 8216 8240 8288 12296 16576 24640 28672 33152 33536 49280 67072 68608 98816 114688 133121 135169 151552 198656 344064 409600 458752
1 4099 4102 4108 8216 8240 8288 12296 16576 24640 28672 33152 33536 49280 67072 68608 98816 114688 133121 135169 198656 200704 282624 331776 344064
1 4099 4102 4108 8216 8240 8288 12296 16576 24640 28672 33152 33536 49280 67072 68608 98816 114688 133121 135169 198656 212992 282624 397312 409600
1 4099 4102 4108 8216 8240 8288 12296 16576 24640 28672 33152 33536 49280 67072 68608 98816 114688 133121 135169 198656 282624 344064 397312 458752
1 4099 4102 4108 8216 8240 8288 12296 16576 24640 28672 33152 33536 49280 67072 68608 98816 114688 133121 151552 198656 212992 266241 393217 397312
1 4099 4102 4108 8216 8240 8288 12296 16576 24640 28672 33152 33536 49280 67072 68608 98816 114688 133121 198656 212992 266241 282624 393217 409600
1 4099 4102 4108 8216 8240 8288 12296 16576 24640 28672 33152 33536 49280 67072 68608 98816 114688 133121 198656 266241 282624 344064 393217 458752
1 4099 4102 4108 8216 8240 8288 12296 16576 24640 28672 33152 33536 49280 67072 68608 98816 114688 135169 151552 198656 212992 264193 393217 395264
1 4099 4102 4108 8216 8240 8288 12296 16576 24640 28672 33152 33536 49280 67072 68608 98816 114688 151552 198656 212992 264193 266241 395264 397312
1 4099 4102 4108 8216 8240 8288 12296 16576 24640 28672 33152 33536 49280 67072 68608 98816 114688 198656 212992 264193 266241 282624 395264 409600
1 4099 4102 4108 8216 8240 8288 12296 16576 24640 28672 33152 33536 49280 67072 68608 98816 114688 198656 264193 266241 282624 344064 395264 458752
1 4099 4102 4108 8216 8240 8288 12296 16576 24640 28672 33152 33536 49280 67072 68608 114688 164352 197120 229376 264193 266241 282624 329728 344064
1 4099 4102 4108 8216 8240 8288 12296 16576 24640 28672 33152 33536 49280 67072 86016 98816 114688 133121 134144 135169 197632 331776 397312 458752
1 4099 4102 4108 8216 8240 8288 12296 16576 24640 28672 33152 33536 49280 67072 86016 98816 114688 133121 134144 197632 200704 266241 393217 397312
1 4099 4102 4108 8216 8240 8288 12296 16576 24640 28672 33152 33536 49280 67072 86016 98816 114688 133121 134144 197632 266241 331776 393217 458752
1 4099 4102 4108 8216 8240 8288 12296 16576 24640 28672 33152 33536 49280 67072 86016 98816 114688 133121 135169 197632 200704 265216 394240 395264
1 4099 4102 4108 8216 8240 8288 12296 16576 24640 28672 33152 33536 49280 67072 86016 98816 114688 134144 135169 197632 200704 264193 393217 395264
1 4099 4102 4108 8216 8240 8288 12296 16576 24640 28672 33152 33536 49280 67072 86016 98816 114688 134144 197632 198656 264193 266241 329728 331776
1 4099 4102 4108 8216 8240 8288 12296 16576 24640 28672 33152 33536 49280 67072 86016 98816 114688 134144 197632 200704 264193 266241 395264 397312
1 4099 4102 4108 8216 8240 8288 12296 16576 24640 28672 33152 33536 49280 67072 86016 98816 114688 134144 197632 264193 266241 331776 395264 458752
1 4099 4102 4108 8216 8240 8288 12296 16576 24640 28672 33152 33536 49280 67072 86016 98816 114688 135169 197632 200704 264193 265216 393217 394240
1 4099 4102 4108 8216 8240 8288 12296 16576 24640 28672 33152 33536 49280 67072 86016 98816 114688 197632 200704 264193 265216 266241 394240 397312
1 4099 4102 4108 8216 8240 8288 12296 16576 24640 28672 33152 33536 49280 67072 86016 98816 114688 197632 264193 265216 266241 331776 394240 458752
1 4099 4102 4108 8216 8240 8288 12296 16576 24640 28672 33152 33536 49280 67072 86016 114688 164352 197120 229376 264193 265216 266241 328704 331776
1 4099 4102 4108 8216 8240 8288 12296 16576 24640 28672 33152 33536 49280 67072 98816 114688 133121 134144 135169 151552 197632 344064 409600 458752
1 4099 4102 4108 8216 8240 8288 12296 16576 24640 28672 33152 33536 49280 67072 98816 114688 133121 134144 135169 197632 200704 282624 331776 344064
1 4099 4102 4108 8216 8240 8288 12296 16576 24640 28672 33152 33536 49280 67072 98816 114688 133121 134144 135169 197632 212992 282624 397312 409600
1 4099 4102 4108 8216 8240 8288 12296 16576 24640 28672 33152 33536 49280 67072 98816 114688 133121 134144 135169 197632 282624 344064 397312 458752
1 4099 4102 4108 8216 8240 8288 12296 16576 24640 28672 33152 33536 49280 67072 98816 114688 133121 134144 151552 197632 212992 266241 393217 397312
1 4099 4102 4108 8216 8240 8288 12296 16576 24640 28672 33152 33536 49280 67072 98816 114688 133121 134144 197632 212992 266241 282624 393217 409600
1 4099 4102 4108 8216 8240 8288 12296 16576 24640 28672 33152 33536 49280 67072 98816 114688 133121 134144 197632 266241 282624 344064 393217 458752
1 4099 4102 4108 8216 8240 8288 12296 16576 24640 28672 33152 33536 49280 67072 98816 114688 133121 135169 151552 197632 212992 265216 394240 395264
1 4099 4102 4108 8216 8240 8288 12296 16576 24640 28672 33152 33536 49280 67072 98816 114688 134144 135169 151552 197632 212992 264193 393217 395264
1 4099 4102 4108 8216 8240 8288 12296 16576 24640 28672 33152 33536 49280 67072 98816 114688 134144 151552 197632 212992 264193 266241 395264 397312
1 4099 4102 4108 8216 8240 8288 12296 16576 24640 28672 33152 33536 49280 67072 98816 114688 134144 197632 198656 264193 266241 282624 329728 344064
1 4099 4102 4108 8216 8240 8288 12296 16576 24640 28672 33152 33536 49280 67072 98816 114688 134144 197632 212992 264193 266241 282624 395264 409600
1 4099 4102 4108 8216 8240 8288 12296 16576 24640 28672 33152 33536 49280 67072 98816 114688 134144 197632 264193 266241 282624 344064 395264 458752
1 4099 4102 4108 8216 8240 8288 12296 16576 24640 28672 33152 33536 49280 67072 98816 114688 135169 151552 197632 212992 264193 265216 393217 394240
1 4099 4102 4108 8216 8240 8288 12296 16576 24640 28672 33152 33536 49280 67072 98816 114688 151552 197632 212992 264193 265216 266241 394240 397312
1 4099 4102 4108 8216 8240 8288 12296 16576 24640 28672 33152 33536 49280 67072 98816 114688 197632 212992 264193 265216 266241 282624 394240 409600
1 4099 4102 4108 8216 8240 8288 12296 16576 24640 28672 33152 33536 49280 67072 98816 114688 197632 264193 265216 266241 282624 344064 394240 458752
1 4099 4102 4108 8216 8240 8288 12296 16576 24640 28672 33152 33536 49280 67072 114688 164352 197120 229376 264193 265216 266241 282624 328704 344064
1 4099 4102 4108 8216 8240 8288 12296 16576 24640 28672 33152 33536 49280 67585 68608 69633 86016 114688 132608 164352 229376 328704 394240 458752
1 4099 4102 4108 8216 8240 8288 12296 16576 24640 28672 33152 33536 49280 67585 68608 69633 86016 114688 132608 197632 229376 295424 393728 425984
1 4099 4102 4108 8216 8240 8288 12296 16576 24640 28672 33152 33536 49280 67585 68608 69633 86016 114688 164352 197632 229376 263680 393728 394240
1 4099 4102 4108 8216 8240 8288 12296 16576 24640 28672 33152 33536 49280 67585 68608 69633 86016 114688 164352 229376 263680 328704 393728 458752
1 4099 4102 4108 8216 8240 8288 12296 16576 24640 28672 33152 33536 49280 67585 68608 69633 86016 114688 197632 229376 263680 295424 394240 425984
1 4099 4102 4108 8216 8240 8288 12296 16576 24640 28672 33152 33536 49280 67585 68608 69633 86016 114688 229376 263680 295424 328704 425984 458752
1 4099 4102 4108 8216 8240 8288 12296 16576 24640 28672 33152 33536 49280 67585 68608 69633 114688 132608 164352 197632 229376 282624 331776 344064
1 4099 4102 4108 8216 8240 8288 12296 16576 24640 28672 33152 33536 49280 67585 68608 86016 114688 132608 164352 197632 229376 266241 327681 331776
1 4099 4102 4108 8216 8240 8288 12296 16576 24640 28672 33152 33536 49280 67585 68608 114688 132608 164352 197632 229376 266241 282624 327681 344064
1 4099 4102 4108 8216 8240 8288 12296 16576 24640 28672 33152 33536 49280 67585 69633 86016 114688 132608 134144 164352 229376 329728 395264 458752
1 4099 4102 4108 8216 8240 8288 12296 16576 24640 28672 33152 33536 49280 67585 69633 86016 114688 132608 134144 198656 229376 295424 393728 425984
1 4099 4102 4108 8216 8240 8288 12296 16576 24640 28672 33152 33536 49280 67585 69633 86016 114688 132608 164352 197632 229376 265216 328704 329728
1 4099 4102 4108 8216 8240 8288 12296 16576 24640 28672 33152 33536 49280 67585 69633 86016 114688 132608 164352 198656 229376 265216 394240 395264
1 4099 4102 4108 8216 8240 8288 12296 16576 24640 28672 33152 33536 49280 67585 69633 86016 114688 132608 164352 229376 265216 329728 394240 458752
1 4099 4102 4108 8216 8240 8288 12296 16576 24640 28672 33152 33536 49280 67585 69633 86016 114688 134144 164352 198656 229376 263680 393728 394240
1 4099 4102 4108 8216 8240 8288 12296 16576 24640 28672 33152 33536 49280 67585 69633 86016 114688 134144 198656 229376 263680 295424 394240 425984
1 4099 4102 4108 8216 8240 8288 12296 16576 24640 28672 33152 33536 49280 67585 69633 86016 114688 164352 198656 229376 263680 265216 393728 395264
1 4099 4102 4108 8216 8240 8288 12296 16576 24640 28672 33152 33536 49280 67585 69633 86016 114688 164352 229376 263680 265216 329728 393728 458752
1 4099 4102 4108 8216 8240 8288 12296 16576 24640 28672 33152 33536 49280 67585 69633 86016 114688 198656 229376 263680 265216 295424 395264 425984
1 4099 4102 4108 8216 8240 8288 12296 16576 24640 28672 33152 33536 49280 67585 69633 86016 114688 229376 263680 265216 295424 329728 425984 458752
1 4099 4102 4108 8216 8240 8288 12296 16576 24640 28672 33152 33536 49280 67585 69633 114688 132608 134144 164352 198656 229376 282624 331776 344064
1 4099 4102 4108 8216 8240 8288 12296 16576 24640 28672 33152 33536 49280 67585 86016 114688 132608 134144 164352 198656 229376 266241 327681 331776
1 4099 4102 4108 8216 8240 8288 12296 16576 24640 28672 33152 33536 49280 67585 114688 132608 134144 164352 198656 229376 266241 282624 327681 344064
1 4099 4102 4108 8216 8240 8288 12296 16576 24640 28672 33152 33536 49280 68608 69633 86016 114688 132608 164352 197632 229376 264193 327681 329728
1 4099 4102 4108 8216 8240 8288 12296 16576 24640 28672 33152 33536 49280 68608 86016 98816 114688 132608 197120 197632 264193 266241 329728 331776
1 4099 4102 4108 8216 8240 8288 12296 16576 24640 28672 33152 33536 49280 68608 86016 114688 132608 164352 197632 229376 264193 266241 329728 331776
1 4099 4102 4108 8216 8240 8288 12296 16576 24640 28672 33152 33536 49280 68608 98816 114688 132608 197120 197632 264193 266241 282624 329728 344064
1 4099 4102 4108 8216 8240 8288 12296 16576 24640 28672 33152 33536 49280 68608 114688 132608 164352 197632 229376 264193 266241 282624 329728 344064
1 4099 4102 4108 8216 8240 8288 12296 16576 24640 28672 33152 33536 49280 69633 86016 114688 132608 134144 164352 198656 229376 264193 327681 329728
1 4099 4102 4108 8216 8240 8288 12296 16576 24640 28672 33152 33536 49280 69633 86016 114688 132608 134144 164352 229376 264193 327681 395264 458752
1 4099 4102 4108 8216 8240 8288 12296 16576 24640 28672 33152 33536 49280 69633 86016 114688 132608 164352 197632 229376 264193 265216 327681 328704
1 4099 4102 4108 8216 8240 8288 12296 16576 24640 28672 33152 33536 49280 69633 86016 114688 132608 164352 229376 264193 265216 327681 394240 458752
1 4099 4102 4108 8216 8240 8288 12296 16576 24640 28672 33152 33536 49280 69633 86016 114688 133121 134144 196609 229376 263680 295424 394240 425984
1 4099 4102 4108 8216 8240 8288 12296 16576 24640 28672 33152 33536 49280 69633 86016 114688 133121 196609 229376 263680 265216 295424 395264 425984
1 4099 4102 4108 8216 8240 8288 12296 16576 24640 28672 33152 33536 49280 86016 98816 114688 132608 134144 197120 198656 264193 266241 329728 331776
1 4099 4102 4108 8216 8240 8288 12296 16576 24640 28672 33152 33536 49280 86016 98816 114688 132608 134144 197120 200704 264193 266241 395264 397312
1 4099 4102 4108 8216 8240 8288 12296 16576 24640 28672 33152 33536 49280 86016 98816 114688 132608 134144 197120 264193 266241 331776 395264 458752
1 4099 4102 4108 8216 8240 8288 12296 16576 24640 28672 33152 33536 49280 86016 98816 114688 132608 197120 197632 264193 265216 266241 328704 331776
1 4099 4102 4108 8216 8240 8288 12296 16576 24640 28672 33152 33536 49280 86016 98816 114688 132608 197120 200704 264193 265216 266241 394240 397312
1 4099 4102 4108 8216 8240 8288 12296 16576 24640 28672 33152 33536 49280 86016 98816 114688 132608 197120 264193 265216 266241 331776 394240 458752
1 4099 4102 4108 8216 8240 8288 12296 16576 24640 28672 33152 33536 49280 86016 102400 114688 132608 134144 164352 167936 264193 266241 395264 397312
1 4099 4102 4108 8216 8240 8288 12296 16576 24640 28672 33152 33536 49280 86016 102400 114688 132608 164352 167936 264193 265216 266241 394240 397312
1 4099 4102 4108 8216 8240 8288 12296 16576 24640 28672 33152 33536 49280 86016 102400 114688 133121 134144 135169 167936 263680 295424 394240 425984
1 4099 4102 4108 8216 8240 8288 12296 16576 24640 28672 33152 33536 49280 86016 102400 114688 133121 135169 167936 263680 265216 295424 395264 425984
1 4099 4102 4108 8216 8240 8288 12296 16576 24640 28672 33152 33536 49280 86016 114688 132608 134144 164352 198656 229376 264193 266241 329728 331776
1 4099 4102 4108 8216 8240 8288 12296 16576 24640 28672 33152 33536 49280 86016 114688 132608 134144 164352 200704 229376 264193 266241 395264 397312
1 4099 4102 4108 8216 8240 8288 12296 16576 24640 28672 33152 33536 49280 86016 114688 132608 134144 164352 229376 264193 266241 331776 395264 458752
1 4099 4102 4108 8216 8240 8288 12296 16576 24640 28672 33152 33536 49280 86016 114688 132608 164352 197632 229376 264193 265216 266241 328704 331776
1 4099 4102 4108 8216 8240 8288 12296 16576 24640 28672 33152 33536 49280 86016 114688 132608 164352 200704 229376 264193 265216 266241 394240 397312
1 4099 4102 4108 8216 8240 8288 12296 16576 24640 28672 33152 33536 49280 86016 114688 132608 164352 229376 264193 265216 266241 331776 394240 458752
1 4099 4102 4108 8216 8240 8288 12296 16576 24640 28672 33152 33536 49280 86016 114688 133121 134144 135169 200704 229376 263680 295424 394240 425984
1 4099 4102 4108 8216 8240 8288 12296 16576 24640 28672 33152 33536 49280 86016 114688 133121 135169 200704 229376 263680 265216 295424 395264 425984
1 4099 4102 4108 8216 8240 8288 12296 16576 24640 28672 33152 33536 49280 98816 114688 132608 134144 151552 197120 212992 264193 266241 395264 397312
1 4099 4102 4108 8216 8240 8288 12296 16576 24640 28672 33152 33536 49280 98816 114688 132608 134144 197120 198656 264193 266241 282624 329728 344064
1 4099 4102 4108 8216 8240 8288 12296 16576 24640 28672 33152 33536 49280 98816 114688 132608 134144 197120 212992 264193 266241 282624 395264 409600
1 4099 4102 4108 8216 8240 8288 12296 16576 24640 28672 33152 33536 49280 98816 114688 132608 134144 197120 264193 266241 282624 344064 395264 458752
1 4099 4102 4108 8216 8240 8288 12296 16576 24640 28672 33152 33536 49280 98816 114688 132608 151552 197120 212992 264193 265216 266241 394240 397312
1 4099 4102 4108 8216 8240 8288 12296 16576 24640 28672 33152 33536 49280 98816 114688 132608 197120 197632 264193 265216 266241 282624 328704 344064
1 4099 4102 4108 8216 8240 8288 12296 16576 24640 28672 33152 33536 49280 98816 114688 132608 197120 212992 264193 265216 266241 282624 394240 409600
1 4099 4102 4108 8216 8240 8288 12296 16576 24640 28672 33152 33536 49280 98816 114688 132608 197120 264193 265216 266241 282624 344064 394240 458752
1 4099 4102 4108 8216 8240 8288 12296 16576 24640 28672 33152 33536 49280 114688 132608 134144 151552 164352 212992 229376 264193 266241 395264 397312
1 4099 4102 4108 8216 8240 8288 12296 16576 24640 28672 33152 33536 49280 114688 132608 134144 164352 198656 229376 264193 266241 282624 329728 344064
1 4099 4102 4108 8216 8240 8288 12296 16576 24640 28672 33152 33536 49280 114688 132608 134144 164352 212992 229376 264193 266241 282624 395264 409600
1 4099 4102 4108 8216 8240 8288 12296 16576 24640 28672 33152 33536 49280 114688 132608 134144 164352 229376 264193 266241 282624 344064 395264 458752
1 4099 4102 4108 8216 8240 8288 12296 16576 24640 28672 33152 33536 49280 114688 132608 151552 164352 212992 229376 264193 265216 266241 394240 397312
1 4099 4102 4108 8216 8240 8288 12296 16576 24640 28672 33152 33536 49280 114688 132608 164352 197632 229376 264193 265216 266241 282624 328704 344064
1 4099 4102 4108 8216 8240 8288 12296 16576 24640 28672 33152 33536 49280 114688 132608 164352 212992 229376 264193 265216 266241 282624 394240 409600
1 4099 4102 4108 8216 8240 8288 12296 16576 24640 28672 33152 33536 49280 114688 132608 164352 229376 264193 265216 266241 282624 344064 394240 458752
1 4099 4102 4108 8216 8240 8288 12296 16576 24640 28672 33152 33536 49280 114688 133121 134144 135169 151552 212992 229376 263680 295424 394240 425984
1 4099 4102 4108 8216 8240 8288 12296 16576 24640 28672 33152 33536 49280 114688 133121 135169 151552 212992 229376 263680 265216 295424 395264 425984
1 4099 4102 4108 8216 8240 8288 12296 16576 24640 28672 33152 49280 49408 66304 67072 82176 86016 133121 134144 135169 200704 328704 394240 458752
1 4099 4102 4108 8216 8240 8288 12296 16576 24640 28672 33152 49280 49408 66304 67072 82176 86016 133121 134144 197632 200704 266241 393217 397312
1 4099 4102 4108 8216 8240 8288 12296 16576 24640 28672 33152 49280 49408 66304 67072 82176 86016 133121 135169 197632 200704 265216 394240 395264
1 4099 4102 4108 8216 8240 8288 12296 16576 24640 28672 33152 49280 49408 66304 67072 82176 86016 133121 135169 200704 265216 328704 395264 458752
1 4099 4102 4108 8216 8240 8288 12296 16576 24640 28672 33152 49280 49408 66304 67072 82176 86016 134144 135169 197632 200704 264193 393217 395264
1 4099 4102 4108 8216 8240 8288 12296 16576 24640 28672 33152 49280 49408 66304 67072 82176 86016 134144 197632 200704 264193 266241 395264 397312
1 4099 4102 4108 8216 8240 8288 12296 16576 24640 28672 33152 49280 49408 66304 67072 82176 86016 135169 197632 200704 264193 265216 393217 394240
1 4099 4102 4108 8216 8240 8288 12296 16576 24640 28672 33152 49280 49408 66304 67072 82176 86016 135169 200704 264193 265216 328704 393217 458752
1 4099 4102 4108 8216 8240 8288 12296 16576 24640 28672 33152 49280 49408 66304 67072 82176 86016 197632 200704 264193 265216 266241 394240 397312
1 4099 4102 4108 8216 8240 8288 12296 16576 24640 28672 33152 49280 49408 66304 67072 82176 86016 200704 264193 265216 266241 328704 397312 458752
1 4099 4102 4108 8216 8240 8288 12296 16576 24640 28672 33152 49280 49408 66304 67072 82176 133121 134144 135169 151552 212992 328704 394240 458752
1 4099 4102 4108 8216 8240 8288 12296 16576 24640 28672 33152 49280 49408 66304 67072 82176 133121 134144 135169 197632 212992 282624 397312 409600
1 4099 4102 4108 8216 8240 8288 12296 16576 24640 28672 33152 49280 49408 66304 67072 82176 133121 134144 151552 197632 212992 266241 393217 397312
1 4099 4102 4108 8216 8240 8288 12296 16576 24640 28672 33152 49280 49408 66304 67072 82176 133121 134144 197632 212992 266241 282624 393217 409600
1 4099 4102 4108 8216 8240 8288 12296 16576 24640 28672 33152 49280 49408 66304 67072 82176 133121 135169 151552 197632 212992 265216 394240 395264
1 4099 4102 4108 8216 8240 8288 12296 16576 24640 28672 33152 49280 49408 66304 67072 82176 133121 135169 151552 212992 265216 328704 395264 458752
1 4099 4102 4108 8216 8240 8288 12296 16576 24640 28672 33152 49280 49408 66304 67072 82176 134144 135169 151552 197632 212992 264193 393217 395264
1 4099 4102 4108 8216 8240 8288 12296 16576 24640 28672 33152 49280 49408 66304 67072 82176 134144 151552 197632 212992 264193 266241 395264 397312
1 4099 4102 4108 8216 8240 8288 12296 16576 24640 28672 33152 49280 49408 66304 67072 82176 134144 197632 212992 264193 266241 282624 395264 409600
1 4099 4102 4108 8216 8240 8288 12296 16576 24640 28672 33152 49280 49408 66304 67072 82176 135169 151552 197632 212992 264193 265216 393217 394240
1 4099 4102 4108 8216 8240 8288 12296 16576 24640 28672 33152 49280 49408 66304 67072 82176 135169 151552 212992 264193 265216 328704 393217 458752
1 4099 4102 4108 8216 8240 8288 12296 16576 24640 28672 33152 49280 49408 66304 67072 82176 151552 197632 212992 264193 265216 266241 394240 397312
1 4099 4102 4108 8216 8240 8288 12296 16576 24640 28672 33152 49280 49408 66304 67072 82176 151552 200704 212992 264193 265216 266241 328704 331776
1 4099 4102 4108 8216 8240 8288 12296 16576 24640 28672 33152 49280 49408 66304 67072 82176 151552 212992 264193 265216 266241 328704 397312 458752
1 4099 4102 4108 8216 8240 8288 12296 16576 24640 28672 33152 49280 49408 66304 67072 82176 197632 212992 264193 265216 266241 282624 394240 409600
1 4099 4102 4108 8216 8240 8288 12296 16576 24640 28672 33152 49280 49408 66304 67072 82176 212992 264193 265216 266241 282624 328704 409600 458752
1 4099 4102 4108 8216 8240 8288 12296 16576 24640 28672 33152 49280 49408 66304 82176 86016 132608 134144 197120 200704 264193 266241 395264 397312
1 4099 4102 4108 8216 8240 8288 12296 16576 24640 28672 33152 49280 49408 66304 82176 86016 132608 197120 200704 264193 265216 266241 394240 397312
1 4099 4102 4108 8216 8240 8288 12296 16576 24640 28672 33152 49280 49408 66304 82176 86016 133121 134144 135169 197632 200704 263680 328192 328704
1 4099 4102 4108 8216 8240 8288 12296 16576 24640 28672 33152 49280 49408 66304 82176 86016 133121 134144 135169 200704 263680 328192 394240 458752
1 4099 4102 4108 8216 8240 8288 12296 16576 24640 28672 33152 49280 49408 66304 82176 86016 133121 135169 200704 263680 265216 328192 395264 458752
1 4099 4102 4108 8216 8240 8288 12296 16576 24640 28672 33152 49280 49408 66304 82176 132608 134144 151552 197120 212992 264193 266241 395264 397312
1 4099 4102 4108 8216 8240 8288 12296 16576 24640 28672 33152 49280 49408 66304 82176 132608 134144 197120 212992 264193 266241 282624 395264 409600
1 4099 4102 4108 8216 8240 8288 12296 16576 24640 28672 33152 49280 49408 66304 82176 132608 151552 197120 212992 264193 265216 266241 394240 397312
1 4099 4102 4108 8216 8240 8288 12296 16576 24640 28672 33152 49280 49408 66304 82176 132608 197120 212992 264193 265216 266241 282624 394240 409600
1 4099 4102 4108 8216 8240 8288 12296 16576 24640 28672 33152 49280 49408 66304 82176 133121 134144 135169 151552 197632 212992 263680 328192 328704
1 4099 4102 4108 8216 8240 8288 12296 16576 24640 28672 33152 49280 49408 66304 82176 133121 134144 135169 151552 212992 263680 328192 394240 458752
1 4099 4102 4108 8216 8240 8288 12296 16576 24640 28672 33152 49280 49408 66304 82176 133121 135169 151552 212992 263680 265216 328192 395264 458752
1 4099 4102 4108 8216 8240 8288 12296 16576 24640 28672 33152 49280 49408 67072 82176 86016 133121 134144 135169 197632 200704 262912 327936 328192
1 4099 4102 4108 8216 8240 8288 12296 16576 24640 28672 33152 49280 49408 67072 82176 133121 134144 135169 151552 197632 212992 262912 327936 328192
1 4099 4102 4108 8216 8240 8288 12296 16576 24640 28672 33152 49280 49408 82176 86016 131840 132608 196864 200704 264193 265216 266241 394240 397312
1 4099 4102 4108 8216 8240 8288 12296 16576 24640 28672 33152 49280 49408 82176 86016 133121 134144 135169 197632 200704 262912 263680 327936 328704
1 4099 4102 4108 8216 8240 8288 12296 16576 24640 28672 33152 49280 49408 82176 86016 133121 134144 135169 200704 262912 263680 327936 394240 458752
1 4099 4102 4108 8216 8240 8288 12296 16576 24640 28672 33152 49280 49408 82176 131840 132608 151552 196864 212992 264193 265216 266241 394240 397312
1 4099 4102 4108 8216 8240 8288 12296 16576 24640 28672 33152 49280 49408 82176 131840 132608 196864 212992 264193 265216 266241 282624 394240 409600
1 4099 4102 4108 8216 8240 8288 12296 16576 24640 28672 33152 49280 49408 82176 133121 134144 135169 151552 197632 212992 262912 263680 327936 328704
1 4099 4102 4108 8216 8240 8288 12296 16576 24640 28672 33152 49280 49408 82176 133121 134144 135169 151552 212992 262912 263680 327936 394240 458752
1 4099 4102 4108 8216 8240 8288 12296 16576 24640 28672 33152 49280 53248 66304 67072 98560 102400 133121 134144 135169 200704 328704 394240 458752
1 4099 4102 4108 8216 8240 8288 12296 16576 24640 28672 33152 49280 53248 66304 67072 98560 102400 133121 134144 197632 200704 266241 393217 397312
1 4099 4102 4108 8216 8240 8288 12296 16576 24640 28672 33152 49280 53248 66304 67072 98560 102400 133121 135169 197632 200704 265216 394240 395264
1 4099 4102 4108 8216 8240 8288 12296 16576 24640 28672 33152 49280 53248 66304 67072 98560 102400 133121 135169 200704 265216 328704 395264 458752
1 4099 4102 4108 8216 8240 8288 12296 16576 24640 28672 33152 49280 53248 66304 67072 98560 102400 134144 135169 197632 200704 264193 393217 395264
1 4099 4102 4108 8216 8240 8288 12296 16576 24640 28672 33152 49280 53248 66304 67072 98560 102400 134144 197632 200704 264193 266241 395264 397312
1 4099 4102 4108 8216 8240 8288 12296 16576 24640 28672 33152 49280 53248 66304 67072 98560 102400 135169 197632 200704 264193 265216 393217 394240
1 4099 4102 4108 8216 8240 8288 12296 16576 24640 28672 33152 49280 53248 66304 67072 98560 102400 135169 200704 264193 265216 328704 393217 458752
1 4099 4102 4108 8216 8240 8288 12296 16576 24640 28672 33152 49280 53248 66304 67072 98560 102400 197632 200704 264193 265216 266241 394240 397312
1 4099 4102 4108 8216 8240 8288 12296 16576 24640 28672 33152 49280 53248 66304 67072 98560 102400 200704 264193 265216 266241 328704 397312 458752
1 4099 4102 4108 8216 8240 8288 12296 16576 24640 28672 33152 49280 53248 66304 67072 102400 133121 134144 135169 197632 200704 295168 327936 360448
1 4099 4102 4108 8216 8240 8288 12296 16576 24640 28672 33152 49280 53248 66304 98560 102400 132608 134144 197120 200704 264193 266241 395264 397312
1 4099 4102 4108 8216 8240 8288 12296 16576 24640 28672 33152 49280 53248 66304 98560 102400 132608 197120 200704 264193 265216 266241 394240 397312
1 4099 4102 4108 8216 8240 8288 12296 16576 24640 28672 33152 49280 53248 66304 98560 102400 133121 134144 135169 197632 200704 263680 328192 328704
1 4099 4102 4108 8216 8240 8288 12296 16576 24640 28672 33152 49280 53248 66304 98560 102400 133121 134144 135169 200704 263680 328192 394240 458752
1 4099 4102 4108 8216 8240 8288 12296 16576 24640 28672 33152 49280 53248 66304 98560 102400 133121 135169 200704 263680 265216 328192 395264 458752
1 4099 4102 4108 8216 8240 8288 12296 16576 24640 28672 33152 49280 53248 67072 68608 98816 102400 133121 135169 198656 200704 262912 295168 295424
1 4099 4102 4108 8216 8240 8288 12296 16576 24640 28672 33152 49280 53248 67072 68608 102400 133121 135169 198656 200704 262912 295168 328192 360448
1 4099 4102 4108 8216 8240 8288 12296 16576 24640 28672 33152 49280 53248 67072 98560 102400 133121 134144 135169 197632 200704 262912 327936 328192
1 4099 4102 4108 8216 8240 8288 12296 16576 24640 28672 33152 49280 53248 67072 98816 102400 133121 134144 135169 197632 200704 262912 295168 295424
1 4099 4102 4108 8216 8240 8288 12296 16576 24640 28672 33152 49280 53248 67072 102400 133121 134144 135169 197632 200704 262912 295168 328192 360448
1 4099 4102 4108 8216 8240 8288 12296 16576 24640 28672 33152 49280 53248 67585 68608 69633 102400 131840 132608 164096 197632 360448 425984 458752
1 4099 4102 4108 8216 8240 8288 12296 16576 24640 28672 33152 49280 53248 67585 68608 69633 102400 131840 132608 197632 229376 295168 393472 425984
1 4099 4102 4108 8216 8240 8288 12296 16576 24640 28672 33152 49280 53248 67585 68608 69633 102400 131840 132608 197632 295168 360448 393472 458752
1 4099 4102 4108 8216 8240 8288 12296 16576 24640 28672 33152 49280 53248 67585 68608 69633 102400 131840 164096 197632 229376 263680 393728 394240
1 4099 4102 4108 8216 8240 8288 12296 16576 24640 28672 33152 49280 53248 67585 68608 69633 102400 132608 164096 197632 229376 262912 393472 393728
1 4099 4102 4108 8216 8240 8288 12296 16576 24640 28672 33152 49280 53248 67585 68608 69633 102400 132608 164352 197632 229376 262912 295168 295424
1 4099 4102 4108 8216 8240 8288 12296 16576 24640 28672 33152 49280 53248 67585 68608 69633 102400 132608 197632 229376 262912 295168 393728 425984
1 4099 4102 4108 8216 8240 8288 12296 16576 24640 28672 33152 49280 53248 67585 68608 69633 102400 132608 197632 262912 295168 360448 393728 458752
1 4099 4102 4108 8216 8240 8288 12296 16576 24640 28672 33152 49280 53248 67585 68608 69633 102400 164096 197632 229376 262912 263680 393472 394240
1 4099 4102 4108 8216 8240 8288 12296 16576 24640 28672 33152 49280 53248 67585 68608 69633 102400 197632 229376 262912 263680 295168 394240 425984
1 4099 4102 4108 8216 8240 8288 12296 16576 24640 28672 33152 49280 53248 67585 68608 69633 102400 197632 262912 263680 295168 360448 394240 458752
1 4099 4102 4108 8216 8240 8288 12296 16576 24640 28672 33152 49280 53248 67585 68608 102400 135169 196609 200704 262912 263680 295168 328704 360448
1 4099 4102 4108 8216 8240 8288 12296 16576 24640 28672 33152 49280 53248 67585 69633 102400 132608 134144 164352 198656 229376 262912 295168 295424
1 4099 4102 4108 8216 8240 8288 12296 16576 24640 28672 33152 49280 53248 67585 69633 102400 132608 134144 198656 229376 262912 295168 393728 425984
1 4099 4102 4108 8216 8240 8288 12296 16576 24640 28672 33152 49280 53248 67585 69633 102400 132608 134144 198656 262912 295168 360448 393728 458752
1 4099 4102 4108 8216 8240 8288 12296 16576 24640 28672 33152 49280 53248 67585 69633 102400 134144 197632 198656 262912 263680 295168 328704 360448
1 4099 4102 4108 8216 8240 8288 12296 16576 24640 28672 33152 49280 53248 67585 69633 102400 134144 198656 229376 262912 263680 295168 394240 425984
1 4099 4102 4108 8216 8240 8288 12296 16576 24640 28672 33152 49280 53248 67585 69633 102400 134144 198656 262912 263680 295168 360448 394240 458752
1 4099 4102 4108 8216 8240 8288 12296 16576 24640 28672 33152 49280 53248 68608 69633 102400 133121 196609 198656 262912 263680 295168 328704 360448
1 4099 4102 4108 8216 8240 8288 12296 16576 24640 28672 33152 49280 53248 68608 102400 133121 135169 198656 200704 262912 263680 295168 328704 360448
1 4099 4102 4108 8216 8240 8288 12296 16576 24640 28672 33152 49280 53248 69633 102400 133121 134144 196609 197632 262912 263680 295168 328704 360448
1 4099 4102 4108 8216 8240 8288 12296 16576 24640 28672 33152 49280 53248 69633 102400 133121 134144 196609 229376 262912 263680 295168 394240 425984
1 4099 4102 4108 8216 8240 8288 12296 16576 24640 28672 33152 49280 53248 69633 102400 133121 134144 196609 262912 263680 295168 360448 394240 458752
1 4099 4102 4108 8216 8240 8288 12296 16576 24640 28672 33152 49280 53248 98560 102400 131840 132608 196864 200704 264193 265216 266241 394240 397312
1 4099 4102 4108 8216 8240 8288 12296 16576 24640 28672 33152 49280 53248 98560 102400 133121 134144 135169 197632 200704 262912 263680 327936 328704
1 4099 4102 4108 8216 8240 8288 12296 16576 24640 28672 33152 49280 53248 98560 102400 133121 134144 135169 200704 262912 263680 327936 394240 458752
1 4099 4102 4108 8216 8240 8288 12296 16576 24640 28672 33152 49280 53248 102400 131840 132608 164096 200704 229376 264193 265216 266241 394240 397312
1 4099 4102 4108 8216 8240 8288 12296 16576 24640 28672 33152 49280 53248 102400 133121 134144 135169 197632 200704 262912 263680 295168 328704 360448
1 4099 4102 4108 8216 8240 8288 12296 16576 24640 28672 33152 49280 53248 102400 133121 134144 135169 200704 229376 262912 263680 295168 394240 425984
1 4099 4102 4108 8216 8240 8288 12296 16576 24640 28672 33152 49280 53248 102400 133121 134144 135169 200704 262912 263680 295168 360448 394240 458752
1 4099 4102 4108 8216 8240 8288 12296 16576 24640 28672 33152 49280 66304 67072 86016 98560 114688 133121 134144 135169 197632 331776 397312 458752
1 4099 4102 4108 8216 8240 8288 12296 16576 24640 28672 33152 49280 66304 67072 86016 98560 114688 133121 134144 197632 200704 266241 393217 397312
1 4099 4102 4108 8216 8240 8288 12296 16576 24640 28672 33152 49280 66304 67072 86016 98560 114688 133121 134144 197632 266241 331776 393217 458752
1 4099 4102 4108 8216 8240 8288 12296 16576 24640 28672 33152 49280 66304 67072 86016 98560 114688 133121 135169 197632 200704 265216 394240 395264
1 4099 4102 4108 8216 8240 8288 12296 16576 24640 28672 33152 49280 66304 67072 86016 98560 114688 134144 135169 197632 200704 264193 393217 395264
1 4099 4102 4108 8216 8240 8288 12296 16576 24640 28672 33152 49280 66304 67072 86016 98560 114688 134144 197632 200704 264193 266241 395264 397312
1 4099 4102 4108 8216 8240 8288 12296 16576 24640 28672 33152 49280 66304 67072 86016 98560 114688 134144 197632 264193 266241 331776 395264 458752
1 4099 4102 4108 8216 8240 8288 12296 16576 24640 28672 33152 49280 66304 67072 86016 98560 114688 135169 197632 200704 264193 265216 393217 394240
1 4099 4102 4108 8216 8240 8288 12296 16576 24640 28672 33152 49280 66304 67072 86016 98560 114688 197632 200704 264193 265216 266241 394240 397312
1 4099 4102 4108 8216 8240 8288 12296 16576 24640 28672 33152 49280 66304 67072 86016 98560 114688 197632 264193 265216 266241 331776 394240 458752
1 4099 4102 4108 8216 8240 8288 12296 16576 24640 28672 33152 49280 66304 67072 86016 114688 164096 196864 229376 264193 265216 266241 328704 331776
1 4099 4102 4108 8216 8240 8288 12296 16576 24640 28672 33152 49280 66304 67072 98560 114688 133121 134144 135169 151552 197632 344064 409600 458752
1 4099 4102 4108 8216 8240 8288 12296 16576 24640 28672 33152 49280 66304 67072 98560 114688 133121 134144 135169 197632 200704 282624 331776 344064
1 4099 4102 4108 8216 8240 8288 12296 16576 24640 28672 33152 49280 66304 67072 98560 114688 133121 134144 135169 197632 212992 282624 397312 409600
1 4099 4102 4108 8216 8240 8288 12296 16576 24640 28672 33152 49280 66304 67072 98560 114688 133121 134144 135169 197632 282624 344064 397312 458752
1 4099 4102 4108 8216 8240 8288 12296 16576 24640 28672 33152 49280 66304 67072 98560 114688 133121 134144 151552 197632 212992 266241 393217 397312
1 4099 4102 4108 8216 8240 8288 12296 16576 24640 28672 33152 49280 66304 67072 98560 114688 133121 134144 197632 212992 266241 282624 393217 409600
1 4099 4102 4108 8216 8240 8288 12296 16576 24640 28672 33152 49280 66304 67072 98560 114688 133121 134144 197632 266241 282624 344064 393217 458752
1 4099 4102 4108 8216 8240 8288 12296 16576 24640 28672 33152 49280 66304 67072 98560 114688 133121 135169 151552 197632 212992 265216 394240 395264
1 4099 4102 4108 8216 8240 8288 12296 16576 24640 28672 33152 49280 66304 67072 98560 114688 134144 135169 151552 197632 212992 264193 393217 395264
1 4099 4102 4108 8216 8240 8288 12296 16576 24640 28672 33152 49280 66304 67072 98560 114688 134144 151552 197632 212992 264193 266241 395264 397312
1 4099 4102 4108 8216 8240 8288 12296 16576 24640 28672 33152 49280 66304 67072 98560 114688 134144 197632 212992 264193 266241 282624 395264 409600
1 4099 4102 4108 8216 8240 8288 12296 16576 24640 28672 33152 49280 66304 67072 98560 114688 134144 197632 264193 266241 282624 344064 395264 458752
1 4099 4102 4108 8216 8240 8288 12296 16576 24640 28672 33152 49280 66304 67072 98560 114688 135169 151552 197632 212992 264193 265216 393217 394240
1 4099 4102 4108 8216 8240 8288 12296 16576 24640 28672 33152 49280 66304 67072 98560 114688 151552 197632 212992 264193 265216 266241 394240 397312
1 4099 4102 4108 8216 8240 8288 12296 16576 24640 28672 33152 49280 66304 67072 98560 114688 197632 212992 264193 265216 266241 282624 394240 409600
1 4099 4102 4108 8216 8240 8288 12296 16576 24640 28672 33152 49280 66304 67072 98560 114688 197632 264193 265216 266241 282624 344064 394240 458752
1 4099 4102 4108 8216 8240 8288 12296 16576 24640 28672 33152 49280 66304 67072 114688 164096 196864 229376 264193 265216 266241 282624 328704 344064
1 4099 4102 4108 8216 8240 8288 12296 16576 24640 28672 33152 49280 66304 86016 98560 114688 132608 134144 197120 200704 264193 266241 395264 397312
1 4099 4102 4108 8216 8240 8288 12296 16576 24640 28672 33152 49280 66304 86016 98560 114688 132608 134144 197120 264193 266241 331776 395264 458752
1 4099 4102 4108 8216 8240 8288 12296 16576 24640 28672 33152 49280 66304 86016 98560 114688 132608 197120 197632 264193 265216 266241 328704 331776
1 4099 4102 4108 8216 8240 8288 12296 16576 24640 28672 33152 49280 66304 86016 98560 114688 132608 197120 200704 264193 265216 266241 394240 397312
1 4099 4102 4108 8216 8240 8288 12296 16576 24640 28672 33152 49280 66304 86016 98560 114688 132608 197120 264193 265216 266241 331776 394240 458752
1 4099 4102 4108 8216 8240 8288 12296 16576 24640 28672 33152 49280 66304 98560 114688 132608 134144 151552 197120 212992 264193 266241 395264 397312
1 4099 4102 4108 8216 8240 8288 12296 16576 24640 28672 33152 49280 66304 98560 114688 132608 134144 197120 212992 264193 266241 282624 395264 409600
1 4099 4102 4108 8216 8240 8288 12296 16576 24640 28672 33152 49280 66304 98560 114688 132608 134144 197120 264193 266241 282624 344064 395264 458752
1 4099 4102 4108 8216 8240 8288 12296 16576 24640 28672 33152 49280 66304 98560 114688 132608 151552 197120 212992 264193 265216 266241 394240 397312
1 4099 4102 4108 8216 8240 8288 12296 16576 24640 28672 33152 49280 66304 98560 114688 132608 197120 197632 264193 265216 266241 282624 328704 344064
1 4099 4102 4108 8216 8240 8288 12296 16576 24640 28672 33152 49280 66304 98560 114688 132608 197120 212992 264193 265216 266241 282624 394240 409600
1 4099 4102 4108 8216 8240 8288 12296 16576 24640 28672 33152 49280 66304 98560 114688 132608 197120 264193 265216 266241 282624 344064 394240 458752
1 4099 4102 4108 8216 8240 8288 12296 16576 24640 28672 33152 49280 67072 68608 86016 98816 114688 133121 135169 198656 200704 262912 295168 295424
1 4099 4102 4108 8216 8240 8288 12296 16576 24640 28672 33152 49280 67072 68608 86016 114688 131840 164096 197120 229376 264193 266241 329728 331776
1 4099 4102 4108 8216 8240 8288 12296 16576 24640 28672 33152 49280 67072 68608 98816 114688 133121 135169 151552 198656 212992 262912 295168 295424
1 4099 4102 4108 8216 8240 8288 12296 16576 24640 28672 33152 49280 67072 68608 114688 131840 164096 197120 229376 264193 266241 282624 329728 344064
1 4099 4102 4108 8216 8240 8288 12296 16576 24640 28672 33152 49280 67072 86016 98560 114688 131840 196864 197120 264193 265216 266241 328704 331776
1 4099 4102 4108 8216 8240 8288 12296 16576 24640 28672 33152 49280 67072 86016 98816 114688 133121 134144 135169 197632 200704 262912 295168 295424
1 4099 4102 4108 8216 8240 8288 12296 16576 24640 28672 33152 49280 67072 86016 114688 131840 164096 197120 229376 264193 265216 266241 328704 331776
1 4099 4102 4108 8216 8240 8288 12296 16576 24640 28672 33152 49280 67072 98560 114688 131840 196864 197120 264193 265216 266241 282624 328704 344064
1 4099 4102 4108 8216 8240 8288 12296 16576 24640 28672 33152 49280 67072 98816 114688 133121 134144 135169 151552 197632 212992 262912 295168 295424
1 4099 4102 4108 8216 8240 8288 12296 16576 24640 28672 33152 49280 67072 114688 131840 164096 197120 229376 264193 265216 266241 282624 328704 344064
1 4099 4102 4108 8216 8240 8288 12296 16576 24640 28672 33152 49280 67585 68608 69633 86016 114688 131840 132608 164096 229376 328704 394240 458752
1 4099 4102 4108 8216 8240 8288 12296 16576 24640 28672 33152 49280 67585 68608 69633 86016 114688 131840 132608 197632 229376 295168 393472 425984
1 4099 4102 4108 8216 8240 8288 12296 16576 24640 28672 33152 49280 67585 68608 69633 86016 114688 131840 164096 197632 229376 263680 393728 394240
1 4099 4102 4108 8216 8240 8288 12296 16576 24640 28672 33152 49280 67585 68608 69633 86016 114688 131840 164096 229376 263680 328704 393728 458752
1 4099 4102 4108 8216 8240 8288 12296 16576 24640 28672 33152 49280 67585 68608 69633 86016 114688 132608 164096 197632 229376 262912 393472 393728
1 4099 4102 4108 8216 8240 8288 12296 16576 24640 28672 33152 49280 67585 68608 69633 86016 114688 132608 164352 197632 229376 262912 295168 295424
1 4099 4102 4108 8216 8240 8288 12296 16576 24640 28672 33152 49280 67585 68608 69633 86016 114688 132608 197632 229376 262912 295168 393728 425984
1 4099 4102 4108 8216 8240 8288 12296 16576 24640 28672 33152 49280 67585 68608 69633 86016 114688 164096 197632 229376 262912 263680 393472 394240
1 4099 4102 4108 8216 8240 8288 12296 16576 24640 28672 33152 49280 67585 68608 69633 86016 114688 164096 229376 262912 263680 328704 393472 458752
1 4099 4102 4108 8216 8240 8288 12296 16576 24640 28672 33152 49280 67585 68608 69633 86016 114688 197632 229376 262912 263680 295168 394240 425984
1 4099 4102 4108 8216 8240 8288 12296 16576 24640 28672 33152 49280 67585 68608 69633 86016 114688 229376 262912 263680 295168 328704 425984 458752
1 4099 4102 4108 8216 8240 8288 12296 16576 24640 28672 33152 49280 67585 68608 69633 114688 131840 132608 164096 197632 229376 282624 331776 344064
1 4099 4102 4108 8216 8240 8288 12296 16576 24640 28672 33152 49280 67585 68608 86016 114688 131840 132608 164096 197632 229376 266241 327681 331776
1 4099 4102 4108 8216 8240 8288 12296 16576 24640 28672 33152 49280 67585 68608 114688 131840 132608 164096 197632 229376 266241 282624 327681 344064
1 4099 4102 4108 8216 8240 8288 12296 16576 24640 28672 33152 49280 67585 69633 86016 114688 131840 132608 164096 197632 229376 265216 328704 329728
1 4099 4102 4108 8216 8240 8288 12296 16576 24640 28672 33152 49280 67585 69633 86016 114688 131840 132608 164096 229376 265216 329728 394240 458752
1 4099 4102 4108 8216 8240 8288 12296 16576 24640 28672 33152 49280 67585 69633 86016 114688 131840 164096 229376 263680 265216 329728 393728 458752
1 4099 4102 4108 8216 8240 8288 12296 16576 24640 28672 33152 49280 67585 69633 86016 114688 132608 134144 164352 198656 229376 262912 295168 295424
1 4099 4102 4108 8216 8240 8288 12296 16576 24640 28672 33152 49280 67585 69633 86016 114688 132608 134144 198656 229376 262912 295168 393728 425984
1 4099 4102 4108 8216 8240 8288 12296 16576 24640 28672 33152 49280 67585 69633 86016 114688 134144 198656 229376 262912 263680 295168 394240 425984
1 4099 4102 4108 8216 8240 8288 12296 16576 24640 28672 33152 49280 68608 69633 86016 114688 131840 132608 164096 197632 229376 264193 327681 329728
1 4099 4102 4108 8216 8240 8288 12296 16576 24640 28672 33152 49280 68608 86016 114688 131840 132608 164096 197632 229376 264193 266241 329728 331776
1 4099 4102 4108 8216 8240 8288 12296 16576 24640 28672 33152 49280 68608 114688 131840 132608 164096 197632 229376 264193 266241 282624 329728 344064
1 4099 4102 4108 8216 8240 8288 12296 16576 24640 28672 33152 49280 69633 86016 114688 131840 132608 164096 197632 229376 264193 265216 327681 328704
1 4099 4102 4108 8216 8240 8288 12296 16576 24640 28672 33152 49280 69633 86016 114688 131840 132608 164096 229376 264193 265216 327681 394240 458752
1 4099 4102 4108 8216 8240 8288 12296 16576 24640 28672 33152 49280 69633 86016 114688 133121 134144 196609 229376 262912 263680 295168 394240 425984
1 4099 4102 4108 8216 8240 8288 12296 16576 24640 28672 33152 49280 82176 98560 114688 131840 132608 147712 151552 264193 265216 266241 394240 397312
1 4099 4102 4108 8216 8240 8288 12296 16576 24640 28672 33152 49280 82176 98560 114688 131840 132608 147712 264193 265216 266241 282624 394240 409600
1 4099 4102 4108 8216 8240 8288 12296 16576 24640 28672 33152 49280 86016 98560 114688 131840 132608 196864 197632 264193 265216 266241 328704 331776
1 4099 4102 4108 8216 8240 8288 12296 16576 24640 28672 33152 49280 86016 98560 114688 131840 132608 196864 200704 264193 265216 266241 394240 397312
1 4099 4102 4108 8216 8240 8288 12296 16576 24640 28672 33152 49280 86016 98560 114688 131840 132608 196864 264193 265216 266241 331776 394240 458752
1 4099 4102 4108 8216 8240 8288 12296 16576 24640 28672 33152 49280 86016 102400 114688 131840 132608 164096 167936 264193 265216 266241 394240 397312
1 4099 4102 4108 8216 8240 8288 12296 16576 24640 28672 33152 49280 86016 102400 114688 133121 134144 135169 167936 262912 263680 295168 394240 425984
1 4099 4102 4108 8216 8240 8288 12296 16576 24640 28672 33152 49280 86016 114688 131840 132608 164096 197632 229376 264193 265216 266241 328704 331776
1 4099 4102 4108 8216 8240 8288 12296 16576 24640 28672 33152 49280 86016 114688 131840 132608 164096 200704 229376 264193 265216 266241 394240 397312
1 4099 4102 4108 8216 8240 8288 12296 16576 24640 28672 33152 49280 86016 114688 131840 132608 164096 229376 264193 265216 266241 331776 394240 458752
1 4099 4102 4108 8216 8240 8288 12296 16576 24640 28672 33152 49280 86016 114688 133121 134144 135169 200704 229376 262912 263680 295168 394240 425984
1 4099 4102 4108 8216 8240 8288 12296 16576 24640 28672 33152 49280 98560 114688 131840 132608 151552 196864 212992 264193 265216 266241 394240 397312
1 4099 4102 4108 8216 8240 8288 12296 16576 24640 28672 33152 49280 98560 114688 131840 132608 196864 197632 264193 265216 266241 282624 328704 344064
1 4099 4102 4108 8216 8240 8288 12296 16576 24640 28672 33152 49280 98560 114688 131840 132608 196864 212992 264193 265216 266241 282624 394240 409600
1 4099 4102 4108 8216 8240 8288 12296 16576 24640 28672 33152 49280 98560 114688 131840 132608 196864 264193 265216 266241 282624 344064 394240 458752
1 4099 4102 4108 8216 8240 8288 12296 16576 24640 28672 33152 49280 114688 131840 132608 151552 164096 212992 229376 264193 265216 266241 394240 397312
1 4099 4102 4108 8216 8240 8288 12296 16576 24640 28672 33152 49280 114688 131840 132608 164096 197632 229376 264193 265216 266241 282624 328704 344064
1 4099 4102 4108 8216 8240 8288 12296 16576 24640 28672 33152 49280 114688 131840 132608 164096 212992 229376 264193 265216 266241 282624 394240 409600
1 4099 4102 4108 8216 8240 8288 12296 16576 24640 28672 33152 49280 114688 131840 132608 164096 229376 264193 265216 266241 282624 344064 394240 458752
1 4099 4102 4108 8216 8240 8288 12296 16576 24640 28672 33152 49280 114688 133121 134144 135169 151552 212992 229376 262912 263680 295168 394240 425984
1 4099 4102 4108 8216 8240 8288 12296 16576 24640 28672 33536 49280 53248 67072 68608 98816 102400 133121 135169 198656 200704 262528 295040 295168
1 4099 4102 4108 8216 8240 8288 12296 16576 24640 28672 33536 49280 53248 67072 98816 102400 133121 134144 135169 197632 200704 262528 295040 295168
1 4099 4102 4108 8216 8240 8288 12296 16576 24640 28672 33536 49280 53248 67585 68608 69633 102400 132608 164352 197632 229376 262528 295040 295168
1 4099 4102 4108 8216 8240 8288 12296 16576 24640 28672 33536 49280 53248 67585 69633 102400 132608 134144 164352 198656 229376 262528 295040 295168
1 4099 4102 4108 8216 8240 8288 12296 16576 24640 28672 33536 49280 67072 68608 86016 98816 114688 133121 135169 198656 200704 262528 295040 295168
1 4099 4102 4108 8216 8240 8288 12296 16576 24640 28672 33536 49280 67072 68608 98816 114688 133121 135169 151552 198656 212992 262528 295040 295168
1 4099 4102 4108 8216 8240 8288 12296 16576 24640 28672 33536 49280 67072 86016 98816 114688 133121 134144 135169 197632 200704 262528 295040 295168
1 4099 4102 4108 8216 8240 8288 12296 16576 24640 28672 33536 49280 67072 98816 114688 133121 134144 135169 151552 197632 212992 262528 295040 295168
1 4099 4102 4108 8216 8240 8288 12296 16576 24640 28672 33536 49280 67585 68608 69633 86016 114688 132608 164352 197632 229376 262528 295040 295168
1 4099 4102 4108 8216 8240 8288 12296 16576 24640 28672 33536 49280 67585 69633 86016 114688 132608 134144 164352 198656 229376 262528 295040 295168
1 4099 4102 4108 8216 8240 8288 12296 16576 24640 28672 49280 49408 65920 98432 98560 131840 132608 147712 151552 264193 265216 266241 394240 397312
1 4099 4102 4108 8216 8240 8288 12296 16576 24640 28672 49280 49408 65920 98432 98560 131840 132608 147712 264193 265216 266241 282624 394240 409600
1 4099 4102 4108 8216 8240 8288 12296 16576 24640 28672 49280 53248 65920 66304 98432 102400 132608 134144 197120 200704 264193 266241 395264 397312
1 4099 4102 4108 8216 8240 8288 12296 16576 24640 28672 49280 53248 65920 66304 98432 102400 132608 197120 200704 264193 265216 266241 394240 397312
1 4099 4102 4108 8216 8240 8288 12296 16576 24640 28672 49280 53248 65920 66304 98432 102400 133121 134144 135169 200704 263680 328192 394240 458752
1 4099 4102 4108 8216 8240 8288 12296 16576 24640 28672 49280 53248 65920 66304 98432 102400 133121 135169 200704 263680 265216 328192 395264 458752
1 4099 4102 4108 8216 8240 8288 12296 16576 24640 28672 49280 53248 65920 98432 102400 131840 132608 196864 200704 264193 265216 266241 394240 397312
1 4099 4102 4108 8216 8240 8288 12296 16576 24640 28672 49280 53248 65920 98432 102400 133121 134144 135169 200704 262912 263680 327936 394240 458752
1 4099 4102 4108 8216 8240 8288 12296 16576 24640 28672 49280 53248 66304 67072 98560 102400 133121 134144 135169 197632 200704 262528 295040 295168
1 4099 4102 4108 8216 8240 8288 12296 16576 24640 28672 49280 53248 66304 67072 102400 133121 134144 135169 197632 200704 262528 295040 327936 360448
1 4099 4102 4108 8216 8240 8288 12296 16576 24640 28672 49280 53248 67072 68608 98816 102400 133121 135169 198656 200704 262528 262912 295040 295424
1 4099 4102 4108 8216 8240 8288 12296 16576 24640 28672 49280 53248 67072 68608 102400 133121 135169 198656 200704 262528 262912 295040 328192 360448
1 4099 4102 4108 8216 8240 8288 12296 16576 24640 28672 49280 53248 67072 98816 102400 133121 134144 135169 197632 200704 262528 262912 295040 295424
1 4099 4102 4108 8216 8240 8288 12296 16576 24640 28672 49280 53248 67072 102400 133121 134144 135169 197632 200704 262528 262912 295040 328192 360448
1 4099 4102 4108 8216 8240 8288 12296 16576 24640 28672 49280 53248 67585 68608 69633 102400 131840 132608 164096 197632 229376 262528 295040 295168
1 4099 4102 4108 8216 8240 8288 12296 16576 24640 28672 49280 53248 67585 68608 69633 102400 131840 132608 197632 229376 262528 295040 393472 425984
1 4099 4102 4108 8216 8240 8288 12296 16576 24640 28672 49280 53248 67585 68608 69633 102400 131840 132608 197632 262528 295040 360448 393472 458752
1 4099 4102 4108 8216 8240 8288 12296 16576 24640 28672 49280 53248 67585 68608 69633 102400 132608 164352 197632 229376 262528 262912 295040 295424
1 4099 4102 4108 8216 8240 8288 12296 16576 24640 28672 49280 53248 67585 68608 69633 102400 132608 197632 229376 262528 262912 295040 393728 425984
1 4099 4102 4108 8216 8240 8288 12296 16576 24640 28672 49280 53248 67585 68608 69633 102400 132608 197632 262528 262912 295040 360448 393728 458752
1 4099 4102 4108 8216 8240 8288 12296 16576 24640 28672 49280 53248 67585 69633 102400 132608 134144 164352 198656 229376 262528 262912 295040 295424
1 4099 4102 4108 8216 8240 8288 12296 16576 24640 28672 49280 53248 67585 69633 102400 132608 134144 198656 229376 262528 262912 295040 393728 425984
1 4099 4102 4108 8216 8240 8288 12296 16576 24640 28672 49280 53248 67585 69633 102400 132608 134144 198656 262528 262912 295040 360448 393728 458752
1 4099 4102 4108 8216 8240 8288 12296 16576 24640 28672 49280 65920 66304 86016 98432 114688 132608 134144 197120 200704 264193 266241 395264 397312
1 4099 4102 4108 8216 8240 8288 12296 16576 24640 28672 49280 65920 66304 86016 98432 114688 132608 134144 197120 264193 266241 331776 395264 458752
1 4099 4102 4108 8216 8240 8288 12296 16576 24640 28672 49280 65920 66304 86016 98432 114688 132608 197120 200704 264193 265216 266241 394240 397312
1 4099 4102 4108 8216 8240 8288 12296 16576 24640 28672 49280 65920 66304 86016 98432 114688 132608 197120 264193 265216 266241 331776 394240 458752
1 4099 4102 4108 8216 8240 8288 12296 16576 24640 28672 49280 65920 66304 98432 114688 132608 134144 151552 197120 212992 264193 266241 395264 397312
1 4099 4102 4108 8216 8240 8288 12296 16576 24640 28672 49280 65920 66304 98432 114688 132608 134144 197120 212992 264193 266241 282624 395264 409600
1 4099 4102 4108 8216 8240 8288 12296 16576 24640 28672 49280 65920 66304 98432 114688 132608 134144 197120 264193 266241 282624 344064 395264 458752
1 4099 4102 4108 8216 8240 8288 12296 16576 24640 28672 49280 65920 66304 98432 114688 132608 151552 197120 212992 264193 265216 266241 394240 397312
1 4099 4102 4108 8216 8240 8288 12296 16576 24640 28672 49280 65920 66304 98432 114688 132608 197120 212992 264193 265216 266241 282624 394240 409600
1 4099 4102 4108 8216 8240 8288 12296 16576 24640 28672 49280 65920 66304 98432 114688 132608 197120 264193 265216 266241 282624 344064 394240 458752
1 4099 4102 4108 8216 8240 8288 12296 16576 24640 28672 49280 65920 82176 98432 114688 131840 132608 147712 151552 264193 265216 266241 394240 397312
1 4099 4102 4108 8216 8240 8288 12296 16576 24640 28672 49280 65920 82176 98432 114688 131840 132608 147712 264193 265216 266241 282624 394240 409600
1 4099 4102 4108 8216 8240 8288 12296 16576 24640 28672 49280 65920 86016 98432 114688 131840 132608 196864 200704 264193 265216 266241 394240 397312
1 4099 4102 4108 8216 8240 8288 12296 16576 24640 28672 49280 65920 86016 98432 114688 131840 132608 196864 264193 265216 266241 331776 394240 458752
1 4099 4102 4108 8216 8240 8288 12296 16576 24640 28672 49280 65920 98432 114688 131840 132608 151552 196864 212992 264193 265216 266241 394240 397312
1 4099 4102 4108 8216 8240 8288 12296 16576 24640 28672 49280 65920 98432 114688 131840 132608 196864 212992 264193 265216 266241 282624 394240 409600
1 4099 4102 4108 8216 8240 8288 12296 16576 24640 28672 49280 65920 98432 114688 131840 132608 196864 264193 265216 266241 282624 344064 394240 458752
1 4099 4102 4108 8216 8240 8288 12296 16576 24640 28672 49280 66304 67072 86016 98560 114688 133121 134144 135169 197632 200704 262528 295040 295168
1 4099 4102 4108 8216 8240 8288 12296 16576 24640 28672 49280 66304 67072 86016 114688 131456 163968 196864 229376 264193 265216 266241 328704 331776
1 4099 4102 4108 8216 8240 8288 12296 16576 24640 28672 49280 66304 67072 98560 114688 133121 134144 135169 151552 197632 212992 262528 295040 295168
1 4099 4102 4108 8216 8240 8288 12296 16576 24640 28672 49280 66304 67072 114688 131456 163968 196864 229376 264193 265216 266241 282624 328704 344064
1 4099 4102 4108 8216 8240 8288 12296 16576 24640 28672 49280 67072 68608 86016 98816 114688 133121 135169 198656 200704 262528 262912 295040 295424
1 4099 4102 4108 8216 8240 8288 12296 16576 24640 28672 49280 67072 68608 86016 114688 131456 131840 163968 197120 229376 264193 266241 329728 331776
1 4099 4102 4108 8216 8240 8288 12296 16576 24640 28672 49280 67072 68608 98816 114688 133121 135169 151552 198656 212992 262528 262912 295040 295424
1 4099 4102 4108 8216 8240 8288 12296 16576 24640 28672 49280 67072 68608 114688 131456 131840 163968 197120 229376 264193 266241 282624 329728 344064
1 4099 4102 4108 8216 8240 8288 12296 16576 24640 28672 49280 67072 86016 98816 114688 133121 134144 135169 197632 200704 262528 262912 295040 295424
1 4099 4102 4108 8216 8240 8288 12296 16576 24640 28672 49280 67072 86016 114688 131456 131840 163968 197120 229376 264193 265216 266241 328704 331776
1 4099 4102 4108 8216 8240 8288 12296 16576 24640 28672 49280 67072 98816 114688 133121 134144 135169 151552 197632 212992 262528 262912 295040 295424
1 4099 4102 4108 8216 8240 8288 12296 16576 24640 28672 49280 67072 114688 131456 131840 163968 197120 229376 264193 265216 266241 282624 328704 344064
1 4099 4102 4108 8216 8240 8288 12296 16576 24640 28672 49280 67585 68608 69633 86016 114688 131456 131840 163968 229376 263680 328704 393728 458752
1 4099 4102 4108 8216 8240 8288 12296 16576 24640 28672 49280 67585 68608 69633 86016 114688 131456 163968 229376 262912 263680 328704 393472 458752
1 4099 4102 4108 8216 8240 8288 12296 16576 24640 28672 49280 67585 68608 69633 86016 114688 131840 132608 164096 197632 229376 262528 295040 295168
1 4099 4102 4108 8216 8240 8288 12296 16576 24640 28672 49280 67585 68608 69633 86016 114688 131840 132608 197632 229376 262528 295040 393472 425984
1 4099 4102 4108 8216 8240 8288 12296 16576 24640 28672 49280 67585 68608 69633 86016 114688 132608 164352 197632 229376 262528 262912 295040 295424
1 4099 4102 4108 8216 8240 8288 12296 16576 24640 28672 49280 67585 68608 69633 86016 114688 132608 197632 229376 262528 262912 295040 393728 425984
1 4099 4102 4108 8216 8240 8288 12296 16576 24640 28672 49280 67585 69633 86016 114688 131456 131840 163968 229376 263680 265216 329728 393728 458752
1 4099 4102 4108 8216 8240 8288 12296 16576 24640 28672 49280 67585 69633 86016 114688 132608 134144 164352 198656 229376 262528 262912 295040 295424
1 4099 4102 4108 8216 8240 8288 12296 16576 24640 28672 49280 67585 69633 86016 114688 132608 134144 198656 229376 262528 262912 295040 393728 425984
1 4099 4102 4108 8216 8240 8288 12296 16576 28672 41024 49216 57344 65920 66304 82048 86016 132608 134144 197120 200704 264193 266241 395264 397312
1 4099 4102 4108 8216 8240 8288 12296 16576 28672 41024 49216 57344 65920 66304 82048 86016 132608 134144 197120 264193 266241 331776 395264 458752
1 4099 4102 4108 8216 8240 8288 12296 16576 28672 41024 49216 57344 65920 66304 82048 86016 132608 197120 200704 264193 265216 266241 394240 397312
1 4099 4102 4108 8216 8240 8288 12296 16576 28672 41024 49216 57344 65920 66304 82048 86016 132608 197120 264193 265216 266241 331776 394240 458752
1 4099 4102 4108 8216 8240 8288 12296 16576 28672 41024 49216 57344 65920 66304 82048 132608 134144 151552 197120 212992 264193 266241 395264 397312
1 4099 4102 4108 8216 8240 8288 12296 16576 28672 41024 49216 57344 65920 66304 82048 132608 134144 197120 212992 264193 266241 282624 395264 409600
1 4099 4102 4108 8216 8240 8288 12296 16576 28672 41024 49216 57344 65920 66304 82048 132608 134144 197120 264193 266241 282624 344064 395264 458752
1 4099 4102 4108 8216 8240 8288 12296 16576 28672 41024 49216 57344 65920 66304 82048 132608 151552 197120 212992 264193 265216 266241 394240 397312
1 4099 4102 4108 8216 8240 8288 12296 16576 28672 41024 49216 57344 65920 66304 82048 132608 197120 212992 264193 265216 266241 282624 394240 409600
1 4099 4102 4108 8216 8240 8288 12296 16576 28672 41024 49216 57344 65920 66304 82048 132608 197120 264193 265216 266241 282624 344064 394240 458752
1 4099 4102 4108 8216 8240 8288 12296 16576 28672 41024 49216 57344 65920 82048 82176 131840 132608 147712 151552 264193 265216 266241 394240 397312
1 4099 4102 4108 8216 8240 8288 12296 16576 28672 41024 49216 57344 65920 82048 82176 131840 132608 147712 264193 265216 266241 282624 394240 409600
1 4099 4102 4108 8216 8240 8288 12296 16576 28672 41024 49216 57344 65920 82048 86016 131840 132608 196864 200704 264193 265216 266241 394240 397312
1 4099 4102 4108 8216 8240 8288 12296 16576 28672 41024 49216 57344 65920 82048 86016 131840 132608 196864 264193 265216 266241 331776 394240 458752
1 4099 4102 4108 8216 8240 8288 12296 16576 28672 41024 49216 57344 65920 82048 131840 132608 151552 196864 212992 264193 265216 266241 394240 397312
1 4099 4102 4108 8216 8240 8288 12296 16576 28672 41024 49216 57344 65920 82048 131840 132608 196864 212992 264193 265216 266241 282624 394240 409600
1 4099 4102 4108 8216 8240 8288 12296 16576 28672 41024 49216 57344 65920 82048 131840 132608 196864 264193 265216 266241 282624 344064 394240 458752
1 4099 4102 4108 8216 8240 8288 12296 16768 17152 28672 32960 41024 49280 57344 67072 68608 82432 86016 133121 135169 200704 329728 395264 458752
1 4099 4102 4108 8216 8240 8288 12296 16768 17152 28672 32960 41024 49280 57344 67072 68608 82432 86016 133121 198656 200704 266241 393217 397312
1 4099 4102 4108 8216 8240 8288 12296 16768 17152 28672 32960 41024 49280 57344 67072 68608 82432 86016 135169 198656 200704 264193 393217 395264
1 4099 4102 4108 8216 8240 8288 12296 16768 17152 28672 32960 41024 49280 57344 67072 68608 82432 86016 135169 200704 264193 329728 393217 458752
1 4099 4102 4108 8216 8240 8288 12296 16768 17152 28672 32960 41024 49280 57344 67072 68608 82432 86016 198656 200704 264193 266241 395264 397312
1 4099 4102 4108 8216 8240 8288 12296 16768 17152 28672 32960 41024 49280 57344 67072 68608 82432 86016 200704 264193 266241 329728 397312 458752
1 4099 4102 4108 8216 8240 8288 12296 16768 17152 28672 32960 41024 49280 57344 67072 68608 82432 133121 135169 151552 212992 329728 395264 458752
1 4099 4102 4108 8216 8240 8288 12296 16768 17152 28672 32960 41024 49280 57344 67072 68608 82432 133121 135169 198656 212992 282624 397312 409600
1 4099 4102 4108 8216 8240 8288 12296 16768 17152 28672 32960 41024 49280 57344 67072 68608 82432 133121 151552 198656 212992 266241 393217 397312
1 4099 4102 4108 8216 8240 8288 12296 16768 17152 28672 32960 41024 49280 57344 67072 68608 82432 133121 198656 212992 266241 282624 393217 409600
1 4099 4102 4108 8216 8240 8288 12296 16768 17152 28672 32960 41024 49280 57344 67072 68608 82432 135169 151552 198656 212992 264193 393217 395264
1 4099 4102 4108 8216 8240 8288 12296 16768 17152 28672 32960 41024 49280 57344 67072 68608 82432 135169 151552 212992 264193 329728 393217 458752
1 4099 4102 4108 8216 8240 8288 12296 16768 17152 28672 32960 41024 49280 57344 67072 68608 82432 151552 198656 212992 264193 266241 395264 397312
1 4099 4102 4108 8216 8240 8288 12296 16768 17152 28672 32960 41024 49280 57344 67072 68608 82432 151552 200704 212992 264193 266241 329728 331776
1 4099 4102 4108 8216 8240 8288 12296 16768 17152 28672 32960 41024 49280 57344 67072 68608 82432 151552 212992 264193 266241 329728 397312 458752
1 4099 4102 4108 8216 8240 8288 12296 16768 17152 28672 32960 41024 49280 57344 67072 68608 82432 198656 212992 264193 266241 282624 395264 409600
1 4099 4102 4108 8216 8240 8288 12296 16768 17152 28672 32960 41024 49280 57344 67072 68608 82432 212992 264193 266241 282624 329728 409600 458752
1 4099 4102 4108 8216 8240 8288 12296 16768 17152 28672 32960 41024 49280 57344 67072 82432 86016 133121 134144 135169 200704 328704 394240 458752
1 4099 4102 4108 8216 8240 8288 12296 16768 17152 28672 32960 41024 49280 57344 67072 82432 86016 133121 134144 197632 200704 266241 393217 397312
1 4099 4102 4108 8216 8240 8288 12296 16768 17152 28672 32960 41024 49280 57344 67072 82432 86016 133121 135169 197632 200704 265216 394240 395264
1 4099 4102 4108 8216 8240 8288 12296 16768 17152 28672 32960 41024 49280 57344 67072 82432 86016 133121 135169 198656 200704 265216 328704 329728
1 4099 4102 4108 8216 8240 8288 12296 16768 17152 28672 32960 41024 49280 57344 67072 82432 86016 133121 135169 200704 265216 328704 395264 458752
1 4099 4102 4108 8216 8240 8288 12296 16768 17152 28672 32960 41024 49280 57344 67072 82432 86016 134144 135169 197632 200704 264193 393217 395264
1 4099 4102 4108 8216 8240 8288 12296 16768 17152 28672 32960 41024 49280 57344 67072 82432 86016 134144 197632 200704 264193 266241 395264 397312
1 4099 4102 4108 8216 8240 8288 12296 16768 17152 28672 32960 41024 49280 57344 67072 82432 86016 135169 197632 200704 264193 265216 393217 394240
1 4099 4102 4108 8216 8240 8288 12296 16768 17152 28672 32960 41024 49280 57344 67072 82432 86016 135169 200704 264193 265216 328704 393217 458752
1 4099 4102 4108 8216 8240 8288 12296 16768 17152 28672 32960 41024 49280 57344 67072 82432 86016 197632 200704 264193 265216 266241 394240 397312
1 4099 4102 4108 8216 8240 8288 12296 16768 17152 28672 32960 41024 49280 57344 67072 82432 86016 200704 264193 265216 266241 328704 397312 458752
1 4099 4102 4108 8216 8240 8288 12296 16768 17152 28672 32960 41024 49280 57344 67072 82432 133121 134144 135169 151552 212992 328704 394240 458752
1 4099 4102 4108 8216 8240 8288 12296 16768 17152 28672 32960 41024 49280 57344 67072 82432 133121 134144 135169 197632 212992 282624 397312 409600
1 4099 4102 4108 8216 8240 8288 12296 16768 17152 28672 32960 41024 49280 57344 67072 82432 133121 134144 151552 197632 212992 266241 393217 397312
1 4099 4102 4108 8216 8240 8288 12296 16768 17152 28672 32960 41024 49280 57344 67072 82432 133121 134144 197632 212992 266241 282624 393217 409600
1 4099 4102 4108 8216 8240 8288 12296 16768 17152 28672 32960 41024 49280 57344 67072 82432 133121 135169 151552 197632 212992 265216 394240 395264
1 4099 4102 4108 8216 8240 8288 12296 16768 17152 28672 32960 41024 49280 57344 67072 82432 133121 135169 151552 198656 212992 265216 328704 329728
1 4099 4102 4108 8216 8240 8288 12296 16768 17152 28672 32960 41024 49280 57344 67072 82432 133121 135169 151552 212992 265216 328704 395264 458752
1 4099 4102 4108 8216 8240 8288 12296 16768 17152 28672 32960 41024 49280 57344 67072 82432 134144 135169 151552 197632 212992 264193 393217 395264
1 4099 4102 4108 8216 8240 8288 12296 16768 17152 28672 32960 41024 49280 57344 67072 82432 134144 151552 197632 212992 264193 266241 395264 397312
1 4099 4102 4108 8216 8240 8288 12296 16768 17152 28672 32960 41024 49280 57344 67072 82432 134144 197632 212992 264193 266241 282624 395264 409600
1 4099 4102 4108 8216 8240 8288 12296 16768 17152 28672 32960 41024 49280 57344 67072 82432 135169 151552 197632 212992 264193 265216 393217 394240
1 4099 4102 4108 8216 8240 8288 12296 16768 17152 28672 32960 41024 49280 57344 67072 82432 135169 151552 212992 264193 265216 328704 393217 458752
1 4099 4102 4108 8216 8240 8288 12296 16768 17152 28672 32960 41024 49280 57344 67072 82432 151552 197632 212992 264193 265216 266241 394240 397312
1 4099 4102 4108 8216 8240 8288 12296 16768 17152 28672 32960 41024 49280 57344 67072 82432 151552 200704 212992 264193 265216 266241 328704 331776
1 4099 4102 4108 8216 8240 8288 12296 16768 17152 28672 32960 41024 49280 57344 67072 82432 151552 212992 264193 265216 266241 328704 397312 458752
1 4099 4102 4108 8216 8240 8288 12296 16768 17152 28672 32960 41024 49280 57344 67072 82432 197632 212992 264193 265216 266241 282624 394240 409600
1 4099 4102 4108 8216 8240 8288 12296 16768 17152 28672 32960 41024 49280 57344 67072 82432 212992 264193 265216 266241 282624 328704 409600 458752
1 4099 4102 4108 8216 8240 8288 12296 16768 17152 28672 32960 41024 49280 57344 68608 82432 86016 133121 135169 198656 200704 263680 328192 328704
1 4099 4102 4108 8216 8240 8288 12296 16768 17152 28672 32960 41024 49280 57344 68608 82432 133121 135169 151552 198656 212992 263680 328192 328704
1 4099 4102 4108 8216 8240 8288 12296 16768 17152 28672 32960 41024 49280 57344 82432 86016 132608 134144 197120 200704 264193 266241 395264 397312
1 4099 4102 4108 8216 8240 8288 12296 16768 17152 28672 32960 41024 49280 57344 82432 86016 132608 197120 200704 264193 265216 266241 394240 397312
1 4099 4102 4108 8216 8240 8288 12296 16768 17152 28672 32960 41024 49280 57344 82432 86016 133121 134144 135169 197632 200704 263680 328192 328704
1 4099 4102 4108 8216 8240 8288 12296 16768 17152 28672 32960 41024 49280 57344 82432 86016 133121 134144 135169 200704 263680 328192 394240 458752
1 4099 4102 4108 8216 8240 8288 12296 16768 17152 28672 32960 41024 49280 57344 82432 86016 133121 135169 198656 200704 263680 265216 328192 329728
1 4099 4102 4108 8216 8240 8288 12296 16768 17152 28672 32960 41024 49280 57344 82432 86016 133121 135169 200704 263680 265216 328192 395264 458752
1 4099 4102 4108 8216 8240 8288 12296 16768 17152 28672 32960 41024 49280 57344 82432 132608 134144 151552 197120 212992 264193 266241 395264 397312
1 4099 4102 4108 8216 8240 8288 12296 16768 17152 28672 32960 41024 49280 57344 82432 132608 134144 197120 212992 264193 266241 282624 395264 409600
1 4099 4102 4108 8216 8240 8288 12296 16768 17152 28672 32960 41024 49280 57344 82432 132608 151552 197120 212992 264193 265216 266241 394240 397312
1 4099 4102 4108 8216 8240 8288 12296 16768 17152 28672 32960 41024 49280 57344 82432 132608 197120 212992 264193 265216 266241 282624 394240 409600
1 4099 4102 4108 8216 8240 8288 12296 16768 17152 28672 32960 41024 49280 57344 82432 133121 134144 135169 151552 197632 212992 263680 328192 328704
1 4099 4102 4108 8216 8240 8288 12296 16768 17152 28672 32960 41024 49280 57344 82432 133121 134144 135169 151552 212992 263680 328192 394240 458752
1 4099 4102 4108 8216 8240 8288 12296 16768 17152 28672 32960 41024 49280 57344 82432 133121 135169 151552 198656 212992 263680 265216 328192 329728
1 4099 4102 4108 8216 8240 8288 12296 16768 17152 28672 32960 41024 49280 57344 82432 133121 135169 151552 212992 263680 265216 328192 395264 458752
1 4099 4102 4108 8216 8240 8288 12296 16768 17152 28672 32960 41024 57344 82048 98432 114688 132608 134144 147968 151552 264193 266241 395264 397312
1 4099 4102 4108 8216 8240 8288 12296 16768 17152 28672 32960 41024 57344 82048 98432 114688 132608 134144 147968 264193 266241 282624 395264 409600
1 4099 4102 4108 8216 8240 8288 12296 16768 17152 28672 32960 41024 57344 82048 98432 114688 132608 147968 151552 264193 265216 266241 394240 397312
1 4099 4102 4108 8216 8240 8288 12296 16768 17152 28672 32960 41024 57344 82048 98432 114688 132608 147968 264193 265216 266241 282624 394240 409600
1 4099 4102 4108 8216 8240 8288 12296 16768 17152 28672 32960 49280 57344 73792 98368 106496 132608 134144 147968 151552 264193 266241 395264 397312
1 4099 4102 4108 8216 8240 8288 12296 16768 17152 28672 32960 49280 57344 73792 98368 106496 132608 134144 147968 264193 266241 282624 395264 409600
1 4099 4102 4108 8216 8240 8288 12296 16768 17152 28672 32960 49280 57344 73792 98368 106496 132608 147968 151552 264193 265216 266241 394240 397312
1 4099 4102 4108 8216 8240 8288 12296 16768 17152 28672 32960 49280 57344 73792 98368 106496 132608 147968 264193 265216 266241 282624 394240 409600
1 4099 4102 4108 8216 8240 8288 12296 16768 17152 28672 41024 49280 57344 65728 98368 98432 132608 134144 147968 151552 264193 266241 395264 397312
1 4099 4102 4108 8216 8240 8288 12296 16768 17152 28672 41024 49280 57344 65728 98368 98432 132608 134144 147968 264193 266241 282624 395264 409600
1 4099 4102 4108 8216 8240 8288 12296 16768 17152 28672 41024 49280 57344 65728 98368 98432 132608 147968 151552 264193 265216 266241 394240 397312
1 4099 4102 4108 8216 8240 8288 12296 16768 17152 28672 41024 49280 57344 65728 98368 98432 132608 147968 264193 265216 266241 282624 394240 409600
1 4099 4102 4108 8216 8240 8288 12296 16768 17152 28672 41024 57344 65728 82048 98368 114688 132608 134144 147968 151552 264193 266241 395264 397312
1 4099 4102 4108 8216 8240 8288 12296 16768 17152 28672 41024 57344 65728 82048 98368 114688 132608 134144 147968 264193 266241 282624 395264 409600
1 4099 4102 4108 8216 8240 8288 12296 16768 17152 28672 41024 57344 65728 82048 98368 114688 132608 147968 151552 264193 265216 266241 394240 397312
1 4099 4102 4108 8216 8240 8288 12296 16768 17152 28672 41024 57344 65728 82048 98368 114688 132608 147968 264193 265216 266241 282624 394240 409600
1 4099 4102 4108 8216 8240 8288 12296 16768 17152 28672 49280 57344 65728 73792 98432 106496 132608 134144 147968 151552 264193 266241 395264 397312
1 4099 4102 4108 8216 8240 8288 12296 16768 17152 28672 49280 57344 65728 73792 98432 106496 132608 134144 147968 264193 266241 282624 395264 409600
1 4099 4102 4108 8216 8240 8288 12296 16768 17152 28672 49280 57344 65728 73792 98432 106496 132608 147968 151552 264193 265216 266241 394240 397312
1 4099 4102 4108 8216 8240 8288 12296 16768 17152 28672 49280 57344 65728 73792 98432 106496 132608 147968 264193 265216 266241 282624 394240 409600
1 4099 4102 4108 8216 8240 8288 12296 16768 17152 28672 57344 65728 73792 82048 106496 114688 132608 134144 147968 151552 264193 266241 395264 397312
1 4099 4102 4108 8216 8240 8288 12296 16768 17152 28672 57344 65728 73792 82048 106496 114688 132608 134144 147968 264193 266241 282624 395264 409600
1 4099 4102 4108 8216 8240 8288 12296 16768 17152 28672 57344 65728 73792 82048 106496 114688 132608 147968 151552 264193 265216 266241 394240 397312
1 4099 4102 4108 8216 8240 8288 12296 16768 17152 28672 57344 65728 73792 82048 106496 114688 132608 147968 264193 265216 266241 282624 394240 409600
1 4099 4102 4108 8216 8240 8288 12296 16768 24640 28672 32960 49216 49280 66304 67072 82176 86016 133121 134144 135169 197632 331776 397312 458752
1 4099 4102 4108 8216 8240 8288 12296 16768 24640 28672 32960 49216 49280 66304 67072 82176 86016 133121 134144 197632 200704 266241 393217 397312
1 4099 4102 4108 8216 8240 8288 12296 16768 24640 28672 32960 49216 49280 66304 67072 82176 86016 133121 134144 197632 266241 331776 393217 458752
1 4099 4102 4108 8216 8240 8288 12296 16768 24640 28672 32960 49216 49280 66304 67072 82176 86016 133121 135169 197632 200704 265216 394240 395264
1 4099 4102 4108 8216 8240 8288 12296 16768 24640 28672 32960 49216 49280 66304 67072 82176 86016 134144 135169 197632 200704 264193 393217 395264
1 4099 4102 4108 8216 8240 8288 12296 16768 24640 28672 32960 49216 49280 66304 67072 82176 86016 134144 197632 200704 264193 266241 395264 397312
1 4099 4102 4108 8216 8240 8288 12296 16768 24640 28672 32960 49216 49280 66304 67072 82176 86016 134144 197632 264193 266241 331776 395264 458752
1 4099 4102 4108 8216 8240 8288 12296 16768 24640 28672 32960 49216 49280 66304 67072 82176 86016 135169 197632 200704 264193 265216 393217 394240
1 4099 4102 4108 8216 8240 8288 12296 16768 24640 28672 32960 49216 49280 66304 67072 82176 86016 197632 200704 264193 265216 266241 394240 397312
1 4099 4102 4108 8216 8240 8288 12296 16768 24640 28672 32960 49216 49280 66304 67072 82176 86016 197632 264193 265216 266241 331776 394240 458752
1 4099 4102 4108 8216 8240 8288 12296 16768 24640 28672 32960 49216 49280 66304 67072 82176 133121 134144 135169 151552 197632 344064 409600 458752
1 4099 4102 4108 8216 8240 8288 12296 16768 24640 28672 32960 49216 49280 66304 67072 82176 133121 134144 135169 197632 200704 282624 331776 344064
1 4099 4102 4108 8216 8240 8288 12296 16768 24640 28672 32960 49216 49280 66304 67072 82176 133121 134144 135169 197632 212992 282624 397312 409600
1 4099 4102 4108 8216 8240 8288 12296 16768 24640 28672 32960 49216 49280 66304 67072 82176 133121 134144 135169 197632 282624 344064 397312 458752
1 4099 4102 4108 8216 8240 8288 12296 16768 24640 28672 32960 49216 49280 66304 67072 82176 133121 134144 151552 197632 212992 266241 393217 397312
1 4099 4102 4108 8216 8240 8288 12296 16768 24640 28672 32960 49216 49280 66304 67072 82176 133121 134144 197632 212992 266241 282624 393217 409600
1 4099 4102 4108 8216 8240 8288 12296 16768 24640 28672 32960 49216 49280 66304 67072 82176 133121 134144 197632 266241 282624 344064 393217 458752
1 4099 4102 4108 8216 8240 8288 12296 16768 24640 28672 32960 49216 49280 66304 67072 82176 133121 135169 151552 197632 212992 265216 394240 395264
1 4099 4102 4108 8216 8240 8288 12296 16768 24640 28672 32960 49216 49280 66304 67072 82176 134144 135169 151552 197632 212992 264193 393217 395264
1 4099 4102 4108 8216 8240 8288 12296 16768 24640 28672 32960 49216 49280 66304 67072 82176 134144 151552 197632 212992 264193 266241 395264 397312
1 4099 4102 4108 8216 8240 8288 12296 16768 24640 28672 32960 49216 49280 66304 67072 82176 134144 197632 212992 264193 266241 282624 395264 409600
1 4099 4102 4108 8216 8240 8288 12296 16768 24640 28672 32960 49216 49280 66304 67072 82176 134144 197632 264193 266241 282624 344064 395264 458752
1 4099 4102 4108 8216 8240 8288 12296 16768 24640 28672 32960 49216 49280 66304 67072 82176 135169 151552 197632 212992 264193 265216 393217 394240
1 4099 4102 4108 8216 8240 8288 12296 16768 24640 28672 32960 49216 49280 66304 67072 82176 151552 197632 212992 264193 265216 266241 394240 397312
1 4099 4102 4108 8216 8240 8288 12296 16768 24640 28672 32960 49216 49280 66304 67072 82176 197632 212992 264193 265216 266241 282624 394240 409600
1 4099 4102 4108 8216 8240 8288 12296 16768 24640 28672 32960 49216 49280 66304 67072 82176 197632 264193 265216 266241 282624 344064 394240 458752
1 4099 4102 4108 8216 8240 8288 12296 16768 24640 28672 32960 49216 49280 66304 82176 86016 132608 134144 197120 200704 264193 266241 395264 397312
1 4099 4102 4108 8216 8240 8288 12296 16768 24640 28672 32960 49216 49280 66304 82176 86016 132608 134144 197120 264193 266241 331776 395264 458752
1 4099 4102 4108 8216 8240 8288 12296 16768 24640 28672 32960 49216 49280 66304 82176 86016 132608 197120 197632 264193 265216 266241 328704 331776
1 4099 4102 4108 8216 8240 8288 12296 16768 24640 28672 32960 49216 49280 66304 82176 86016 132608 197120 200704 264193 265216 266241 394240 397312
1 4099 4102 4108 8216 8240 8288 12296 16768 24640 28672 32960 49216 49280 66304 82176 86016 132608 197120 264193 265216 266241 331776 394240 458752
1 4099 4102 4108 8216 8240 8288 12296 16768 24640 28672 32960 49216 49280 66304 82176 132608 134144 151552 197120 212992 264193 266241 395264 397312
1 4099 4102 4108 8216 8240 8288 12296 16768 24640 28672 32960 49216 49280 66304 82176 132608 134144 197120 212992 264193 266241 282624 395264 409600
1 4099 4102 4108 8216 8240 8288 12296 16768 24640 28672 32960 49216 49280 66304 82176 132608 134144 197120 264193 266241 282624 344064 395264 458752
1 4099 4102 4108 8216 8240 8288 12296 16768 24640 28672 32960 49216 49280 66304 82176 132608 151552 197120 212992 264193 265216 266241 394240 397312
1 4099 4102 4108 8216 8240 8288 12296 16768 24640 28672 32960 49216 49280 66304 82176 132608 197120 197632 264193 265216 266241 282624 328704 344064
1 4099 4102 4108 8216 8240 8288 12296 16768 24640 28672 32960 49216 49280 66304 82176 132608 197120 212992 264193 265216 266241 282624 394240 409600
1 4099 4102 4108 8216 8240 8288 12296 16768 24640 28672 32960 49216 49280 66304 82176 132608 197120 264193 265216 266241 282624 344064 394240 458752
1 4099 4102 4108 8216 8240 8288 12296 16768 24640 28672 32960 49216 49280 67072 82176 86016 131840 196864 197120 264193 265216 266241 328704 331776
1 4099 4102 4108 8216 8240 8288 12296 16768 24640 28672 32960 49216 49280 67072 82176 131840 196864 197120 264193 265216 266241 282624 328704 344064
1 4099 4102 4108 8216 8240 8288 12296 16768 24640 28672 32960 49216 49280 82176 86016 131840 132608 196864 197632 264193 265216 266241 328704 331776
1 4099 4102 4108 8216 8240 8288 12296 16768 24640 28672 32960 49216 49280 82176 86016 131840 132608 196864 200704 264193 265216 266241 394240 397312
1 4099 4102 4108 8216 8240 8288 12296 16768 24640 28672 32960 49216 49280 82176 86016 131840 132608 196864 264193 265216 266241 331776 394240 458752
1 4099 4102 4108 8216 8240 8288 12296 16768 24640 28672 32960 49216 49280 82176 131840 132608 151552 196864 212992 264193 265216 266241 394240 397312
1 4099 4102 4108 8216 8240 8288 12296 16768 24640 28672 32960 49216 49280 82176 131840 132608 196864 197632 264193 265216 266241 282624 328704 344064
1 4099 4102 4108 8216 8240 8288 12296 16768 24640 28672 32960 49216 49280 82176 131840 132608 196864 212992 264193 265216 266241 282624 394240 409600
1 4099 4102 4108 8216 8240 8288 12296 16768 24640 28672 32960 49216 49280 82176 131840 132608 196864 264193 265216 266241 282624 344064 394240 458752
1 4099 4102 4108 8216 8240 8288 12296 16768 24640 28672 32960 49216 82048 98432 114688 131840 132608 147712 151552 264193 265216 266241 394240 397312
1 4099 4102 4108 8216 8240 8288 12296 16768 24640 28672 32960 49216 82048 98432 114688 131840 132608 147712 264193 265216 266241 282624 394240 409600
1 4099 4102 4108 8216 8240 8288 12296 16768 24640 28672 49216 49280 65728 98368 98432 131840 132608 147712 151552 264193 265216 266241 394240 397312
1 4099 4102 4108 8216 8240 8288 12296 16768 24640 28672 49216 49280 65728 98368 98432 131840 132608 147712 264193 265216 266241 282624 394240 409600
1 4099 4102 4108 8216 8240 8288 12296 16768 24640 28672 49216 65728 82048 98368 114688 131840 132608 147712 151552 264193 265216 266241 394240 397312
1 4099 4102 4108 8216 8240 8288 12296 16768 24640 28672 49216 65728 82048 98368 114688 131840 132608 147712 264193 265216 266241 282624 394240 409600
1 4099 4102 4108 8216 8240 8288 12296 16768 28672 32960 41024 49280 57344 66304 67072 82176 86016 133121 134144 135169 197632 331776 397312 458752
1 4099 4102 4108 8216 8240 8288 12296 16768 28672 32960 41024 49280 57344 66304 67072 82176 86016 133121 134144 197632 200704 266241 393217 397312
1 4099 4102 4108 8216 8240 8288 12296 16768 28672 32960 41024 49280 57344 66304 67072 82176 86016 133121 134144 197632 266241 331776 393217 458752
1 4099 4102 4108 8216 8240 8288 12296 16768 28672 32960 41024 49280 57344 66304 67072 82176 86016 133121 135169 197632 200704 265216 394240 395264
1 4099 4102 4108 8216 8240 8288 12296 16768 28672 32960 41024 49280 57344 66304 67072 82176 86016 134144 135169 197632 200704 264193 393217 395264
1 4099 4102 4108 8216 8240 8288 12296 16768 28672 32960 41024 49280 57344 66304 67072 82176 86016 134144 197632 200704 264193 266241 395264 397312
1 4099 4102 4108 8216 8240 8288 12296 16768 28672 32960 41024 49280 57344 66304 67072 82176 86016 134144 197632 264193 266241 331776 395264 458752
1 4099 4102 4108 8216 8240 8288 12296 16768 28672 32960 41024 49280 57344 66304 67072 82176 86016 135169 197632 200704 264193 265216 393217 394240
1 4099 4102 4108 8216 8240 8288 12296 16768 28672 32960 41024 49280 57344 66304 67072 82176 86016 197632 200704 264193 265216 266241 394240 397312
1 4099 4102 4108 8216 8240 8288 12296 16768 28672 32960 41024 49280 57344 66304 67072 82176 86016 197632 264193 265216 266241 331776 394240 458752
1 4099 4102 4108 8216 8240 8288 12296 16768 28672 32960 41024 49280 57344 66304 67072 82176 133121 134144 135169 151552 197632 344064 409600 458752
1 4099 4102 4108 8216 8240 8288 12296 16768 28672 32960 41024 49280 57344 66304 67072 82176 133121 134144 135169 197632 200704 282624 331776 344064
1 4099 4102 4108 8216 8240 8288 12296 16768 28672 32960 41024 49280 57344 66304 67072 82176 133121 134144 135169 197632 212992 282624 397312 409600
1 4099 4102 4108 8216 8240 8288 12296 16768 28672 32960 41024 49280 57344 66304 67072 82176 133121 134144 135169 197632 282624 344064 397312 458752
1 4099 4102 4108 8216 8240 8288 12296 16768 28672 32960 41024 49280 57344 66304 67072 82176 133121 134144 151552 197632 212992 266241 393217 397312
1 4099 4102 4108 8216 8240 8288 12296 16768 28672 32960 41024 49280 57344 66304 67072 82176 133121 134144 197632 212992 266241 282624 393217 409600
1 4099 4102 4108 8216 8240 8288 12296 16768 28672 32960 41024 49280 57344 66304 67072 82176 133121 134144 197632 266241 282624 344064 393217 458752
1 4099 4102 4108 8216 8240 8288 12296 16768 28672 32960 41024 49280 57344 66304 67072 82176 133121 135169 151552 197632 212992 265216 394240 395264
1 4099 4102 4108 8216 8240 8288 12296 16768 28672 32960 41024 49280 57344 66304 67072 82176 134144 135169 151552 197632 212992 264193 393217 395264
1 4099 4102 4108 8216 8240 8288 12296 16768 28672 32960 41024 49280 57344 66304 67072 82176 134144 151552 197632 212992 264193 266241 395264 397312
1 4099 4102 4108 8216 8240 8288 12296 16768 28672 32960 41024 49280 57344 66304 67072 82176 134144 197632 212992 264193 266241 282624 395264 409600
1 4099 4102 4108 8216 8240 8288 12296 16768 28672 32960 41024 49280 57344 66304 67072 82176 134144 197632 264193 266241 282624 344064 395264 458752
1 4099 4102 4108 8216 8240 8288 12296 16768 28672 32960 41024 49280 57344 66304 67072 82176 135169 151552 197632 212992 264193 265216 393217 394240
1 4099 4102 4108 8216 8240 8288 12296 16768 28672 32960 41024 49280 57344 66304 67072 82176 151552 197632 212992 264193 265216 266241 394240 397312
1 4099 4102 4108 8216 8240 8288 12296 16768 28672 32960 41024 49280 57344 66304 67072 82176 197632 212992 264193 265216 266241 282624 394240 409600
1 4099 4102 4108 8216 8240 8288 12296 16768 28672 32960 41024 49280 57344 66304 67072 82176 197632 264193 265216 266241 282624 344064 394240 458752
1 4099 4102 4108 8216 8240 8288 12296 16768 28672 32960 41024 49280 57344 66304 82176 82432 132608 134144 147968 151552 264193 266241 395264 397312
1 4099 4102 4108 8216 8240 8288 12296 16768 28672 32960 41024 49280 57344 66304 82176 82432 132608 134144 147968 264193 266241 282624 395264 409600
1 4099 4102 4108 8216 8240 8288 12296 16768 28672 32960 41024 49280 57344 66304 82176 82432 132608 147968 151552 264193 265216 266241 394240 397312
1 4099 4102 4108 8216 8240 8288 12296 16768 28672 32960 41024 49280 57344 66304 82176 82432 132608 147968 264193 265216 266241 282624 394240 409600
1 4099 4102 4108 8216 8240 8288 12296 16768 28672 32960 41024 49280 57344 66304 82176 86016 132608 134144 197120 200704 264193 266241 395264 397312
1 4099 4102 4108 8216 8240 8288 12296 16768 28672 32960 41024 49280 57344 66304 82176 86016 132608 134144 197120 264193 266241 331776 395264 458752
1 4099 4102 4108 8216 8240 8288 12296 16768 28672 32960 41024 49280 57344 66304 82176 86016 132608 197120 197632 264193 265216 266241 328704 331776
1 4099 4102 4108 8216 8240 8288 12296 16768 28672 32960 41024 49280 57344 66304 82176 86016 132608 197120 200704 264193 265216 266241 394240 397312
1 4099 4102 4108 8216 8240 8288 12296 16768 28672 32960 41024 49280 57344 66304 82176 86016 132608 197120 264193 265216 266241 331776 394240 458752
1 4099 4102 4108 8216 8240 8288 12296 16768 28672 32960 41024 49280 57344 66304 82176 132608 134144 151552 197120 212992 264193 266241 395264 397312
1 4099 4102 4108 8216 8240 8288 12296 16768 28672 32960 41024 49280 57344 66304 82176 132608 134144 197120 212992 264193 266241 282624 395264 409600
1 4099 4102 4108 8216 8240 8288 12296 16768 28672 32960 41024 49280 57344 66304 82176 132608 134144 197120 264193 266241 282624 344064 395264 458752
1 4099 4102 4108 8216 8240 8288 12296 16768 28672 32960 41024 49280 57344 66304 82176 132608 151552 197120 212992 264193 265216 266241 394240 397312
1 4099 4102 4108 8216 8240 8288 12296 16768 28672 32960 41024 49280 57344 66304 82176 132608 197120 197632 264193 265216 266241 282624 328704 344064
1 4099 4102 4108 8216 8240 8288 12296 16768 28672 32960 41024 49280 57344 66304 82176 132608 197120 212992 264193 265216 266241 282624 394240 409600
1 4099 4102 4108 8216 8240 8288 12296 16768 28672 32960 41024 49280 57344 66304 82176 132608 197120 264193 265216 266241 282624 344064 394240 458752
1 4099 4102 4108 8216 8240 8288 12296 16768 28672 32960 41024 49280 57344 67072 82176 86016 131840 196864 197120 264193 265216 266241 328704 331776
1 4099 4102 4108 8216 8240 8288 12296 16768 28672 32960 41024 49280 57344 67072 82176 131840 196864 197120 264193 265216 266241 282624 328704 344064
1 4099 4102 4108 8216 8240 8288 12296 16768 28672 32960 41024 49280 57344 82176 86016 131840 132608 196864 197632 264193 265216 266241 328704 331776
1 4099 4102 4108 8216 8240 8288 12296 16768 28672 32960 41024 49280 57344 82176 86016 131840 132608 196864 200704 264193 265216 266241 394240 397312
1 4099 4102 4108 8216 8240 8288 12296 16768 28672 32960 41024 49280 57344 82176 86016 131840 132608 196864 264193 265216 266241 331776 394240 458752
1 4099 4102 4108 8216 8240 8288 12296 16768 28672 32960 41024 49280 57344 82176 131840 132608 151552 196864 212992 264193 265216 266241 394240 397312
1 4099 4102 4108 8216 8240 8288 12296 16768 28672 32960 41024 49280 57344 82176 131840 132608 196864 197632 264193 265216 266241 282624 328704 344064
1 4099 4102 4108 8216 8240 8288 12296 16768 28672 32960 41024 49280 57344 82176 131840 132608 196864 212992 264193 265216 266241 282624 394240 409600
1 4099 4102 4108 8216 8240 8288 12296 16768 28672 32960 41024 49280 57344 82176 131840 132608 196864 264193 265216 266241 282624 344064 394240 458752
1 4099 4102 4108 8216 8240 8288 12296 16768 28672 32960 41024 57344 82048 98432 114688 131840 132608 147712 151552 264193 265216 266241 394240 397312
1 4099 4102 4108 8216 8240 8288 12296 16768 28672 32960 41024 57344 82048 98432 114688 131840 132608 147712 264193 265216 266241 282624 394240 409600
1 4099 4102 4108 8216 8240 8288 12296 16768 28672 32960 49280 57344 73792 98368 106496 131840 132608 147712 151552 264193 265216 266241 394240 397312
1 4099 4102 4108 8216 8240 8288 12296 16768 28672 32960 49280 57344 73792 98368 106496 131840 132608 147712 264193 265216 266241 282624 394240 409600
1 4099 4102 4108 8216 8240 8288 12296 16768 28672 41024 49216 57344 65728 81984 82048 131840 132608 147712 151552 264193 265216 266241 394240 397312
1 4099 4102 4108 8216 8240 8288 12296 16768 28672 41024 49216 57344 65728 81984 82048 131840 132608 147712 264193 265216 266241 282624 394240 409600
1 4099 4102 4108 8216 8240 8288 12296 16768 28672 41024 49280 57344 65728 98368 98432 131840 132608 147712 151552 264193 265216 266241 394240 397312
1 4099 4102 4108 8216 8240 8288 12296 16768 28672 41024 49280 57344 65728 98368 98432 131840 132608 147712 264193 265216 266241 282624 394240 409600
1 4099 4102 4108 8216 8240 8288 12296 16768 28672 41024 57344 65728 82048 98368 114688 131840 132608 147712 151552 264193 265216 266241 394240 397312
1 4099 4102 4108 8216 8240 8288 12296 16768 28672 41024 57344 65728 82048 98368 114688 131840 132608 147712 264193 265216 266241 282624 394240 409600
1 4099 4102 4108 8216 8240 8288 12296 16768 28672 49280 57344 65728 73792 98432 106496 131840 132608 147712 151552 264193 265216 266241 394240 397312
1 4099 4102 4108 8216 8240 8288 12296 16768 28672 49280 57344 65728 73792 98432 106496 131840 132608 147712 264193 265216 266241 282624 394240 409600
1 4099 4102 4108 8216 8240 8288 12296 16768 28672 57344 65728 73792 82048 106496 114688 131840 132608 147712 151552 264193 265216 266241 394240 397312
1 4099 4102 4108 8216 8240 8288 12296 16768 28672 57344 65728 73792 82048 106496 114688 131840 132608 147712 264193 265216 266241 282624 394240 409600
1 4099 4102 4108 8216 8240 8288 12296 17152 17920 28672 32960 33152 41024 49408 57344 67585 68608 69633 82944 151552 212992 331776 397312 458752
1 4099 4102 4108 8216 8240 8288 12296 17152 17920 28672 32960 33152 41024 49408 57344 67585 68608 69633 82944 200704 212992 282624 397312 409600
1 4099 4102 4108 8216 8240 8288 12296 17152 17920 28672 32960 33152 41024 49408 57344 67585 68608 69633 82944 212992 282624 331776 409600 458752
1 4099 4102 4108 8216 8240 8288 12296 17152 17920 28672 32960 33152 41024 49408 57344 67585 68608 82944 86016 135169 200704 327681 393217 458752
1 4099 4102 4108 8216 8240 8288 12296 17152 17920 28672 32960 33152 41024 49408 57344 67585 68608 82944 86016 196609 200704 266241 393217 397312
1 4099 4102 4108 8216 8240 8288 12296 17152 17920 28672 32960 33152 41024 49408 57344 67585 68608 82944 86016 200704 266241 327681 397312 458752
1 4099 4102 4108 8216 8240 8288 12296 17152 17920 28672 32960 33152 41024 49408 57344 67585 68608 82944 135169 151552 212992 327681 393217 458752
1 4099 4102 4108 8216 8240 8288 12296 17152 17920 28672 32960 33152 41024 49408 57344 67585 68608 82944 135169 196609 212992 282624 397312 409600
1 4099 4102 4108 8216 8240 8288 12296 17152 17920 28672 32960 33152 41024 49408 57344 67585 68608 82944 151552 196609 212992 266241 393217 397312
1 4099 4102 4108 8216 8240 8288 12296 17152 17920 28672 32960 33152 41024 49408 57344 67585 68608 82944 151552 200704 212992 266241 327681 331776
1 4099 4102 4108 8216 8240 8288 12296 17152 17920 28672 32960 33152 41024 49408 57344 67585 68608 82944 151552 212992 266241 327681 397312 458752
1 4099 4102 4108 8216 8240 8288 12296 17152 17920 28672 32960 33152 41024 49408 57344 67585 68608 82944 196609 212992 266241 282624 393217 409600
1 4099 4102 4108 8216 8240 8288 12296 17152 17920 28672 32960 33152 41024 49408 57344 67585 68608 82944 212992 266241 282624 327681 409600 458752
1 4099 4102 4108 8216 8240 8288 12296 17152 17920 28672 32960 33152 41024 49408 57344 67585 69633 82944 86016 134144 198656 328704 394240 458752
1 4099 4102 4108 8216 8240 8288 12296 17152 17920 28672 32960 33152 41024 49408 57344 67585 69633 82944 86016 197632 198656 265216 394240 395264
1 4099 4102 4108 8216 8240 8288 12296 17152 17920 28672 32960 33152 41024 49408 57344 67585 69633 82944 86016 198656 265216 328704 395264 458752
1 4099 4102 4108 8216 8240 8288 12296 17152 17920 28672 32960 33152 41024 49408 57344 67585 69633 82944 151552 200704 212992 265216 328704 329728
1 4099 4102 4108 8216 8240 8288 12296 17152 17920 28672 32960 33152 41024 49408 57344 67585 82944 86016 135169 196609 200704 265216 328704 329728
1 4099 4102 4108 8216 8240 8288 12296 17152 17920 28672 32960 33152 41024 49408 57344 67585 82944 135169 151552 196609 212992 265216 328704 329728
1 4099 4102 4108 8216 8240 8288 12296 17152 17920 28672 32960 33152 41024 49408 57344 68608 69633 82944 86016 133121 196609 329728 395264 458752
1 4099 4102 4108 8216 8240 8288 12296 17152 17920 28672 32960 33152 41024 49408 57344 68608 69633 82944 86016 196609 198656 264193 393217 395264
1 4099 4102 4108 8216 8240 8288 12296 17152 17920 28672 32960 33152 41024 49408 57344 68608 69633 82944 86016 196609 264193 329728 393217 458752
1 4099 4102 4108 8216 8240 8288 12296 17152 17920 28672 32960 33152 41024 49408 57344 68608 69633 82944 151552 200704 212992 264193 327681 329728
1 4099 4102 4108 8216 8240 8288 12296 17152 17920 28672 32960 33152 41024 49408 57344 68608 82944 86016 133121 135169 200704 329728 395264 458752
1 4099 4102 4108 8216 8240 8288 12296 17152 17920 28672 32960 33152 41024 49408 57344 68608 82944 86016 133121 198656 200704 266241 393217 397312
1 4099 4102 4108 8216 8240 8288 12296 17152 17920 28672 32960 33152 41024 49408 57344 68608 82944 86016 135169 196609 200704 264193 327681 329728
1 4099 4102 4108 8216 8240 8288 12296 17152 17920 28672 32960 33152 41024 49408 57344 68608 82944 86016 135169 198656 200704 264193 393217 395264
1 4099 4102 4108 8216 8240 8288 12296 17152 17920 28672 32960 33152 41024 49408 57344 68608 82944 86016 135169 200704 264193 329728 393217 458752
1 4099 4102 4108 8216 8240 8288 12296 17152 17920 28672 32960 33152 41024 49408 57344 68608 82944 86016 198656 200704 264193 266241 395264 397312
1 4099 4102 4108 8216 8240 8288 12296 17152 17920 28672 32960 33152 41024 49408 57344 68608 82944 86016 200704 264193 266241 329728 397312 458752
1 4099 4102 4108 8216 8240 8288 12296 17152 17920 28672 32960 33152 41024 49408 57344 68608 82944 133121 135169 151552 212992 329728 395264 458752
1 4099 4102 4108 8216 8240 8288 12296 17152 17920 28672 32960 33152 41024 49408 57344 68608 82944 133121 135169 198656 212992 282624 397312 409600
1 4099 4102 4108 8216 8240 8288 12296 17152 17920 28672 32960 33152 41024 49408 57344 68608 82944 133121 151552 198656 212992 266241 393217 397312
1 4099 4102 4108 8216 8240 8288 12296 17152 17920 28672 32960 33152 41024 49408 57344 68608 82944 133121 198656 212992 266241 282624 393217 409600
1 4099 4102 4108 8216 8240 8288 12296 17152 17920 28672 32960 33152 41024 49408 57344 68608 82944 135169 151552 196609 212992 264193 327681 329728
1 4099 4102 4108 8216 8240 8288 12296 17152 17920 28672 32960 33152 41024 49408 57344 68608 82944 135169 151552 198656 212992 264193 393217 395264
1 4099 4102 4108 8216 8240 8288 12296 17152 17920 28672 32960 33152 41024 49408 57344 68608 82944 135169 151552 212992 264193 329728 393217 458752
1 4099 4102 4108 8216 8240 8288 12296 17152 17920 28672 32960 33152 41024 49408 57344 68608 82944 151552 198656 212992 264193 266241 395264 397312
1 4099 4102 4108 8216 8240 8288 12296 17152 17920 28672 32960 33152 41024 49408 57344 68608 82944 151552 200704 212992 264193 266241 329728 331776
1 4099 4102 4108 8216 8240 8288 12296 17152 17920 28672 32960 33152 41024 49408 57344 68608 82944 151552 212992 264193 266241 329728 397312 458752
1 4099 4102 4108 8216 8240 8288 12296 17152 17920 28672 32960 33152 41024 49408 57344 68608 82944 198656 212992 264193 266241 282624 395264 409600
1 4099 4102 4108 8216 8240 8288 12296 17152 17920 28672 32960 33152 41024 49408 57344 68608 82944 212992 264193 266241 282624 329728 409600 458752
1 4099 4102 4108 8216 8240 8288 12296 17152 17920 28672 32960 33152 41024 49408 57344 69633 82944 86016 133121 134144 196609 328704 394240 458752
1 4099 4102 4108 8216 8240 8288 12296 17152 17920 28672 32960 33152 41024 49408 57344 69633 82944 86016 133121 196609 197632 265216 394240 395264
1 4099 4102 4108 8216 8240 8288 12296 17152 17920 28672 32960 33152 41024 49408 57344 69633 82944 86016 133121 196609 198656 265216 328704 329728
1 4099 4102 4108 8216 8240 8288 12296 17152 17920 28672 32960 33152 41024 49408 57344 69633 82944 86016 133121 196609 265216 328704 395264 458752
1 4099 4102 4108 8216 8240 8288 12296 17152 17920 28672 32960 33152 41024 49408 57344 69633 82944 86016 134144 196609 197632 264193 393217 395264
1 4099 4102 4108 8216 8240 8288 12296 17152 17920 28672 32960 33152 41024 49408 57344 69633 82944 86016 196609 197632 264193 265216 393217 394240
1 4099 4102 4108 8216 8240 8288 12296 17152 17920 28672 32960 33152 41024 49408 57344 69633 82944 86016 196609 264193 265216 328704 393217 458752
1 4099 4102 4108 8216 8240 8288 12296 17152 17920 28672 32960 33152 41024 49408 57344 69633 82944 151552 200704 212992 264193 265216 327681 328704
1 4099 4102 4108 8216 8240 8288 12296 17152 17920 28672 32960 33152 41024 49408 57344 82944 86016 133121 134144 135169 200704 328704 394240 458752
1 4099 4102 4108 8216 8240 8288 12296 17152 17920 28672 32960 33152 41024 49408 57344 82944 86016 133121 134144 197632 200704 266241 393217 397312
1 4099 4102 4108 8216 8240 8288 12296 17152 17920 28672 32960 33152 41024 49408 57344 82944 86016 133121 135169 197632 200704 265216 394240 395264
1 4099 4102 4108 8216 8240 8288 12296 17152 17920 28672 32960 33152 41024 49408 57344 82944 86016 133121 135169 198656 200704 265216 328704 329728
1 4099 4102 4108 8216 8240 8288 12296 17152 17920 28672 32960 33152 41024 49408 57344 82944 86016 133121 135169 200704 265216 328704 395264 458752
1 4099 4102 4108 8216 8240 8288 12296 17152 17920 28672 32960 33152 41024 49408 57344 82944 86016 134144 135169 197632 200704 264193 393217 395264
1 4099 4102 4108 8216 8240 8288 12296 17152 17920 28672 32960 33152 41024 49408 57344 82944 86016 134144 197632 200704 264193 266241 395264 397312
1 4099 4102 4108 8216 8240 8288 12296 17152 17920 28672 32960 33152 41024 49408 57344 82944 86016 135169 196609 200704 264193 265216 327681 328704
1 4099 4102 4108 8216 8240 8288 12296 17152 17920 28672 32960 33152 41024 49408 57344 82944 86016 135169 197632 200704 264193 265216 393217 394240
1 4099 4102 4108 8216 8240 8288 12296 17152 17920 28672 32960 33152 41024 49408 57344 82944 86016 135169 200704 264193 265216 328704 393217 458752
1 4099 4102 4108 8216 8240 8288 12296 17152 17920 28672 32960 33152 41024 49408 57344 82944 86016 197632 200704 264193 265216 266241 394240 397312
1 4099 4102 4108 8216 8240 8288 12296 17152 17920 28672 32960 33152 41024 49408 57344 82944 86016 200704 264193 265216 266241 328704 397312 458752
1 4099 4102 4108 8216 8240 8288 12296 17152 17920 28672 32960 33152 41024 49408 57344 82944 133121 134144 135169 151552 212992 328704 394240 458752
1 4099 4102 4108 8216 8240 8288 12296 17152 17920 28672 32960 33152 41024 49408 57344 82944 133121 134144 135169 197632 212992 282624 397312 409600
1 4099 4102 4108 8216 8240 8288 12296 17152 17920 28672 32960 33152 41024 49408 57344 82944 133121 134144 151552 197632 212992 266241 393217 397312
1 4099 4102 4108 8216 8240 8288 12296 17152 17920 28672 32960 33152 41024 49408 57344 82944 133121 134144 197632 212992 266241 282624 393217 409600
1 4099 4102 4108 8216 8240 8288 12296 17152 17920 28672 32960 33152 41024 49408 57344 82944 133121 135169 151552 197632 212992 265216 394240 395264
1 4099 4102 4108 8216 8240 8288 12296 17152 17920 28672 32960 33152 41024 49408 57344 82944 133121 135169 151552 198656 212992 265216 328704 329728
1 4099 4102 4108 8216 8240 8288 12296 17152 17920 28672 32960 33152 41024 49408 57344 82944 133121 135169 151552 212992 265216 328704 395264 458752
1 4099 4102 4108 8216 8240 8288 12296 17152 17920 28672 32960 33152 41024 49408 57344 82944 134144 135169 151552 197632 212992 264193 393217 395264
1 4099 4102 4108 8216 8240 8288 12296 17152 17920 28672 32960 33152 41024 49408 57344 82944 134144 151552 197632 212992 264193 266241 395264 397312
1 4099 4102 4108 8216 8240 8288 12296 17152 17920 28672 32960 33152 41024 49408 57344 82944 134144 197632 212992 264193 266241 282624 395264 409600
1 4099 4102 4108 8216 8240 8288 12296 17152 17920 28672 32960 33152 41024 49408 57344 82944 135169 151552 196609 212992 264193 265216 327681 328704
1 4099 4102 4108 8216 8240 8288 12296 17152 17920 28672 32960 33152 41024 49408 57344 82944 135169 151552 197632 212992 264193 265216 393217 394240
1 4099 4102 4108 8216 8240 8288 12296 17152 17920 28672 32960 33152 41024 49408 57344 82944 135169 151552 212992 264193 265216 328704 393217 458752
1 4099 4102 4108 8216 8240 8288 12296 17152 17920 28672 32960 33152 41024 49408 57344 82944 151552 197632 212992 264193 265216 266241 394240 397312
1 4099 4102 4108 8216 8240 8288 12296 17152 17920 28672 32960 33152 41024 49408 57344 82944 151552 200704 212992 264193 265216 266241 328704 331776
1 4099 4102 4108 8216 8240 8288 12296 17152 17920 28672 32960 33152 41024 49408 57344 82944 151552 212992 264193 265216 266241 328704 397312 458752
1 4099 4102 4108 8216 8240 8288 12296 17152 17920 28672 32960 33152 41024 49408 57344 82944 197632 212992 264193 265216 266241 282624 394240 409600
1 4099 4102 4108 8216 8240 8288 12296 17152 17920 28672 32960 33152 41024 49408 57344 82944 212992 264193 265216 266241 282624 328704 409600 458752
1 4099 4102 4108 8216 8240 8288 12296 17152 17920 28672 32960 33152 41024 57344 82176 98560 114688 133121 134144 135169 148480 282624 397312 409600
1 4099 4102 4108 8216 8240 8288 12296 17152 17920 28672 32960 33152 41024 57344 82176 98560 114688 133121 134144 148480 151552 266241 393217 397312
1 4099 4102 4108 8216 8240 8288 12296 17152 17920 28672 32960 33152 41024 57344 82176 98560 114688 133121 134144 148480 266241 282624 393217 409600
1 4099 4102 4108 8216 8240 8288 12296 17152 17920 28672 32960 33152 41024 57344 82176 98560 114688 133121 135169 148480 151552 265216 394240 395264
1 4099 4102 4108 8216 8240 8288 12296 17152 17920 28672 32960 33152 41024 57344 82176 98560 114688 134144 135169 148480 151552 264193 393217 395264
1 4099 4102 4108 8216 8240 8288 12296 17152 17920 28672 32960 33152 41024 57344 82176 98560 114688 134144 148480 151552 264193 266241 395264 397312
1 4099 4102 4108 8216 8240 8288 12296 17152 17920 28672 32960 33152 41024 57344 82176 98560 114688 134144 148480 264193 266241 282624 395264 409600
1 4099 4102 4108 8216 8240 8288 12296 17152 17920 28672 32960 33152 41024 57344 82176 98560 114688 135169 148480 151552 264193 265216 393217 394240
1 4099 4102 4108 8216 8240 8288 12296 17152 17920 28672 32960 33152 41024 57344 82176 98560 114688 148480 151552 264193 265216 266241 394240 397312
2 4099 4102 4108 8216 8240 8288 12296 17152 17920 28672 32960 33152 41024 57344 82176 98560 114688 148480 264193 265216 266241 282624 394240 409600
1 4099 4102 4108 8216 8240 8288 12296 17152 17920 28672 32960 33152 49408 57344 73792 98368 106496 133121 134144 135169 148480 282624 397312 409600
2 4099 4102 4108 8216 8240 8288 12296 17152 17920 28672 32960 33152 49408 57344 73792 98368 106496 133121 134144 148480 151552 266241 393217 397312
1 4099 4102 4108 8216 8240 8288 12296 17152 17920 28672 32960 33152 49408 57344 73792 98368 106496 133121 134144 148480 266241 282624 393217 409600
1 4099 4102 4108 8216 8240 8288 12296 17152 17920 28672 32960 33152 49408 57344 73792 98368 106496 133121 135169 148480 151552 265216 394240 395264
1 4099 4102 4108 8216 8240 8288 12296 17152 17920 28672 32960 33152 49408 57344 73792 98368 106496 134144 135169 148480 151552 264193 393217 395264
1 4099 4102 4108 8216 8240 8288 12296 17152 17920 28672 32960 33152 49408 57344 73792 98368 106496 134144 148480 151552 264193 266241 395264 397312
1 4099 4102 4108 8216 8240 8288 12296 17152 17920 28672 32960 33152 49408 57344 73792 98368 106496 134144 148480 264193 266241 282624 395264 409600
1 4099 4102 4108 8216 8240 8288 12296 17152 17920 28672 32960 33152 49408 57344 73792 98368 106496 135169 148480 151552 264193 265216 393217 394240
1 4099 4102 4108 8216 8240 8288 12296 17152 17920 28672 32960 33152 49408 57344 73792 98368 106496 148480 151552 264193 265216 266241 394240 397312
1 4099 4102 4108 8216 8240 8288 12296 17152 17920 28672 32960 41024 49408 57344 65920 98432 98560 133121 134144 135169 148480 282624 397312 409600
1 4099 4102 4108 8216 8240 8288 12296 17152 17920 28672 32960 41024 49408 57344 65920 98432 98560 133121 134144 148480 266241 282624 393217 409600
2 4099 4102 4108 8216 8240 8288 12296 17152 17920 28672 32960 41024 49408 57344 65920 98432 98560 133121 135169 148480 151552 265216 394240 395264
1 4099 4102 4108 8216 8240 8288 12296 17152 17920 28672 32960 41024 49408 57344 65920 98432 98560 134144 135169 148480 151552 264193 393217 395264
1 4099 4102 4108 8216 8240 8288 12296 17152 17920 28672 32960 41024 49408 57344 65920 98432 98560 134144 148480 151552 264193 266241 395264 397312
1 4099 4102 4108 8216 8240 8288 12296 17152 17920 28672 32960 41024 49408 57344 65920 98432 98560 134144 148480 264193 266241 282624 395264 409600
1 4099 4102 4108 8216 8240 8288 12296 17152 17920 28672 32960 41024 49408 57344 65920 98432 98560 135169 148480 151552 264193 265216 393217 394240
1 4099 4102 4108 8216 8240 8288 12296 17152 17920 28672 32960 41024 49408 57344 65920 98432 98560 148480 151552 264193 265216 266241 394240 397312
1 4099 4102 4108 8216 8240 8288 12296 17152 17920 28672 32960 41024 57344 65920 82176 98432 114688 133121 134144 135169 148480 282624 397312 409600
1 4099 4102 4108 8216 8240 8288 12296 17152 17920 28672 32960 41024 57344 65920 82176 98432 114688 133121 134144 148480 266241 282624 393217 409600
1 4099 4102 4108 8216 8240 8288 12296 17152 17920 28672 32960 41024 57344 65920 82176 98432 114688 134144 135169 148480 151552 264193 393217 395264
1 4099 4102 4108 8216 8240 8288 12296 17152 17920 28672 32960 41024 57344 65920 82176 98432 114688 134144 148480 151552 264193 266241 395264 397312
2 4099 4102 4108 8216 8240 8288 12296 17152 17920 28672 32960 41024 57344 65920 82176 98432 114688 134144 148480 264193 266241 282624 395264 409600
1 4099 4102 4108 8216 8240 8288 12296 17152 17920 28672 32960 41024 57344 65920 82176 98432 114688 135169 148480 151552 264193 265216 393217 394240
1 4099 4102 4108 8216 8240 8288 12296 17152 17920 28672 32960 41024 57344 65920 82176 98432 114688 148480 151552 264193 265216 266241 394240 397312
1 4099 4102 4108 8216 8240 8288 12296 17152 17920 28672 33152 41024 49408 57344 65728 98368 98432 133121 134144 135169 148480 282624 397312 409600
1 4099 4102 4108 8216 8240 8288 12296 17152 17920 28672 33152 41024 49408 57344 65728 98368 98432 133121 134144 148480 266241 282624 393217 409600
2 4099 4102 4108 8216 8240 8288 12296 17152 17920 28672 33152 41024 49408 57344 65728 98368 98432 134144 135169 148480 151552 264193 393217 395264
1 4099 4102 4108 8216 8240 8288 12296 17152 17920 28672 33152 41024 49408 57344 65728 98368 98432 134144 148480 151552 264193 266241 395264 397312
1 4099 4102 4108 8216 8240 8288 12296 17152 17920 28672 33152 41024 49408 57344 65728 98368 98432 135169 148480 151552 264193 265216 393217 394240
1 4099 4102 4108 8216 8240 8288 12296 17152 17920 28672 33152 41024 49408 57344 65728 98368 98432 148480 151552 264193 265216 266241 394240 397312
1 4099 4102 4108 8216 8240 8288 12296 17152 17920 28672 33152 49408 57344 65728 73792 98432 106496 133121 134144 135169 148480 282624 397312 409600
1 4099 4102 4108 8216 8240 8288 12296 17152 17920 28672 33152 49408 57344 65728 73792 98432 106496 133121 134144 148480 266241 282624 393217 409600
2 4099 4102 4108 8216 8240 8288 12296 17152 17920 28672 33152 49408 57344 65728 73792 98432 106496 134144 148480 151552 264193 266241 395264 397312
1 4099 4102 4108 8216 8240 8288 12296 17152 17920 28672 33152 49408 57344 65728 73792 98432 106496 135169 148480 151552 264193 265216 393217 394240
1 4099 4102 4108 8216 8240 8288 12296 17152 17920 28672 33152 49408 57344 65728 73792 98432 106496 148480 151552 264193 265216 266241 394240 397312
1 4099 4102 4108 8216 8240 8288 12296 17152 17920 28672 41024 49408 57344 65728 65920 98368 98560 133121 134144 135169 148480 282624 397312 409600
1 4099 4102 4108 8216 8240 8288 12296 17152 17920 28672 41024 49408 57344 65728 65920 98368 98560 133121 134144 148480 266241 282624 393217 409600
2 4099 4102 4108 8216 8240 8288 12296 17152 17920 28672 41024 49408 57344 65728 65920 98368 98560 135169 148480 151552 264193 265216 393217 394240
1 4099 4102 4108 8216 8240 8288 12296 17152 17920 28672 41024 49408 57344 65728 65920 98368 98560 148480 151552 264193 265216 266241 394240 397312
1 4099 4102 4108 8216 8240 8288 12296 17152 17920 28672 41024 57344 65728 65920 82176 98368 114688 133121 134144 135169 148480 282624 397312 409600
2 4099 4102 4108 8216 8240 8288 12296 17152 17920 28672 41024 57344 65728 65920 82176 98368 114688 133121 134144 148480 266241 282624 393217 409600
1 4099 4102 4108 8216 8240 8288 12296 17152 17920 28672 41024 57344 65728 65920 82176 98368 114688 148480 151552 264193 265216 266241 394240 397312
1 4099 4102 4108 8216 8240 8288 12296 17152 17920 28672 49408 57344 65728 65920 73792 98560 106496 133121 134144 135169 148480 282624 397312 409600
2 4099 4102 4108 8216 8240 8288 12296 17152 17920 28672 49408 57344 65728 65920 73792 98560 106496 148480 151552 264193 265216 266241 394240 397312
2 4099 4102 4108 8216 8240 8288 12296 17152 17920 28672 57344 65728 65920 73792 82176 106496 114688 133121 134144 135169 148480 282624 397312 409600
1 4099 4102 4108 8216 8240 8288 12296 17152 28672 32960 33152 41024 49408 57344 67072 68608 82432 86016 133121 135169 198656 331776 397312 458752
1 4099 4102 4108 8216 8240 8288 12296 17152 28672 32960 33152 41024 49408 57344 67072 68608 82432 86016 133121 198656 200704 266241 393217 397312
1 4099 4102 4108 8216 8240 8288 12296 17152 28672 32960 33152 41024 49408 57344 67072 68608 82432 86016 133121 198656 266241 331776 393217 458752
1 4099 4102 4108 8216 8240 8288 12296 17152 28672 32960 33152 41024 49408 57344 67072 68608 82432 86016 135169 198656 200704 264193 393217 395264
1 4099 4102 4108 8216 8240 8288 12296 17152 28672 32960 33152 41024 49408 57344 67072 68608 82432 86016 198656 200704 264193 266241 395264 397312
1 4099 4102 4108 8216 8240 8288 12296 17152 28672 32960 33152 41024 49408 57344 67072 68608 82432 86016 198656 264193 266241 331776 395264 458752
1 4099 4102 4108 8216 8240 8288 12296 17152 28672 32960 33152 41024 49408 57344 67072 68608 82432 133121 135169 151552 198656 344064 409600 458752
1 4099 4102 4108 8216 8240 8288 12296 17152 28672 32960 33152 41024 49408 57344 67072 68608 82432 133121 135169 198656 200704 282624 331776 344064
1 4099 4102 4108 8216 8240 8288 12296 17152 28672 32960 33152 41024 49408 57344 67072 68608 82432 133121 135169 198656 212992 282624 397312 409600
1 4099 4102 4108 8216 8240 8288 12296 17152 28672 32960 33152 41024 49408 57344 67072 68608 82432 133121 135169 198656 282624 344064 397312 458752
1 4099 4102 4108 8216 8240 8288 12296 17152 28672 32960 33152 41024 49408 57344 67072 68608 82432 133121 151552 198656 212992 266241 393217 397312
1 4099 4102 4108 8216 8240 8288 12296 17152 28672 32960 33152 41024 49408 57344 67072 68608 82432 133121 198656 212992 266241 282624 393217 409600
1 4099 4102 4108 8216 8240 8288 12296 17152 28672 32960 33152 41024 49408 57344 67072 68608 82432 133121 198656 266241 282624 344064 393217 458752
1 4099 4102 4108 8216 8240 8288 12296 17152 28672 32960 33152 41024 49408 57344 67072 68608 82432 135169 151552 198656 212992 264193 393217 395264
1 4099 4102 4108 8216 8240 8288 12296 17152 28672 32960 33152 41024 49408 57344 67072 68608 82432 151552 198656 212992 264193 266241 395264 397312
1 4099 4102 4108 8216 8240 8288 12296 17152 28672 32960 33152 41024 49408 57344 67072 68608 82432 198656 212992 264193 266241 282624 395264 409600
1 4099 4102 4108 8216 8240 8288 12296 17152 28672 32960 33152 41024 49408 57344 67072 68608 82432 198656 264193 266241 282624 344064 395264 458752
1 4099 4102 4108 8216 8240 8288 12296 17152 28672 32960 33152 41024 49408 57344 67072 82432 82944 133121 134144 135169 148480 282624 397312 409600
1 4099 4102 4108 8216 8240 8288 12296 17152 28672 32960 33152 41024 49408 57344 67072 82432 82944 133121 134144 148480 151552 266241 393217 397312
1 4099 4102 4108 8216 8240 8288 12296 17152 28672 32960 33152 41024 49408 57344 67072 82432 82944 133121 134144 148480 266241 282624 393217 409600
1 4099 4102 4108 8216 8240 8288 12296 17152 28672 32960 33152 41024 49408 57344 67072 82432 82944 133121 135169 148480 151552 265216 394240 395264
1 4099 4102 4108 8216 8240 8288 12296 17152 28672 32960 33152 41024 49408 57344 67072 82432 82944 134144 135169 148480 151552 264193 393217 395264
1 4099 4102 4108 8216 8240 8288 12296 17152 28672 32960 33152 41024 49408 57344 67072 82432 82944 134144 148480 151552 264193 266241 395264 397312
1 4099 4102 4108 8216 8240 8288 12296 17152 28672 32960 33152 41024 49408 57344 67072 82432 82944 134144 148480 264193 266241 282624 395264 409600
1 4099 4102 4108 8216 8240 8288 12296 17152 28672 32960 33152 41024 49408 57344 67072 82432 82944 135169 148480 151552 264193 265216 393217 394240
1 4099 4102 4108 8216 8240 8288 12296 17152 28672 32960 33152 41024 49408 57344 67072 82432 82944 148480 151552 264193 265216 266241 394240 397312
1 4099 4102 4108 8216 8240 8288 12296 17152 28672 32960 33152 41024 49408 57344 67072 82432 82944 148480 264193 265216 266241 282624 394240 409600
1 4099 4102 4108 8216 8240 8288 12296 17152 28672 32960 33152 41024 49408 57344 67072 82432 86016 133121 134144 135169 197632 331776 397312 458752
1 4099 4102 4108 8216 8240 8288 12296 17152 28672 32960 33152 41024 49408 57344 67072 82432 86016 133121 134144 197632 200704 266241 393217 397312
1 4099 4102 4108 8216 8240 8288 12296 17152 28672 32960 33152 41024 49408 57344 67072 82432 86016 133121 134144 197632 266241 331776 393217 458752
1 4099 4102 4108 8216 8240 8288 12296 17152 28672 32960 33152 41024 49408 57344 67072 82432 86016 133121 135169 197632 200704 265216 394240 395264
1 4099 4102 4108 8216 8240 8288 12296 17152 28672 32960 33152 41024 49408 57344 67072 82432 86016 134144 135169 197632 200704 264193 393217 395264
1 4099 4102 4108 8216 8240 8288 12296 17152 28672 32960 33152 41024 49408 57344 67072 82432 86016 134144 197632 198656 264193 266241 329728 331776
1 4099 4102 4108 8216 8240 8288 12296 17152 28672 32960 33152 41024 49408 57344 67072 82432 86016 134144 197632 200704 264193 266241 395264 397312
1 4099 4102 4108 8216 8240 8288 12296 17152 28672 32960 33152 41024 49408 57344 67072 82432 86016 134144 197632 264193 266241 331776 395264 458752
1 4099 4102 4108 8216 8240 8288 12296 17152 28672 32960 33152 41024 49408 57344 67072 82432 86016 135169 197632 200704 264193 265216 393217 394240
1 4099 4102 4108 8216 8240 8288 12296 17152 28672 32960 33152 41024 49408 57344 67072 82432 86016 197632 200704 264193 265216 266241 394240 397312
1 4099 4102 4108 8216 8240 8288 12296 17152 28672 32960 33152 41024 49408 57344 67072 82432 86016 197632 264193 265216 266241 331776 394240 458752
1 4099 4102 4108 8216 8240 8288 12296 17152 28672 32960 33152 41024 49408 57344 67072 82432 133121 134144 135169 151552 197632 344064 409600 458752
1 4099 4102 4108 8216 8240 8288 12296 17152 28672 32960 33152 41024 49408 57344 67072 82432 133121 134144 135169 197632 200704 282624 331776 344064
1 4099 4102 4108 8216 8240 8288 12296 17152 28672 32960 33152 41024 49408 57344 67072 82432 133121 134144 135169 197632 212992 282624 397312 409600
1 4099 4102 4108 8216 8240 8288 12296 17152 28672 32960 33152 41024 49408 57344 67072 82432 133121 134144 135169 197632 282624 344064 397312 458752
1 4099 4102 4108 8216 8240 8288 12296 17152 28672 32960 33152 41024 49408 57344 67072 82432 133121 134144 151552 197632 212992 266241 393217 397312
1 4099 4102 4108 8216 8240 8288 12296 17152 28672 32960 33152 41024 49408 57344 67072 82432 133121 134144 197632 212992 266241 282624 393217 409600
1 4099 4102 4108 8216 8240 8288 12296 17152 28672 32960 33152 41024 49408 57344 67072 82432 133121 134144 197632 266241 282624 344064 393217 458752
1 4099 4102 4108 8216 8240 8288 12296 17152 28672 32960 33152 41024 49408 57344 67072 82432 133121 135169 151552 197632 212992 265216 394240 395264
1 4099 4102 4108 8216 8240 8288 12296 17152 28672 32960 33152 41024 49408 57344 67072 82432 134144 135169 151552 197632 212992 264193 393217 395264
1 4099 4102 4108 8216 8240 8288 12296 17152 28672 32960 33152 41024 49408 57344 67072 82432 134144 151552 197632 212992 264193 266241 395264 397312
1 4099 4102 4108 8216 8240 8288 12296 17152 28672 32960 33152 41024 49408 57344 67072 82432 134144 197632 198656 264193 266241 282624 329728 344064
1 4099 4102 4108 8216 8240 8288 12296 17152 28672 32960 33152 41024 49408 57344 67072 82432 134144 197632 212992 264193 266241 282624 395264 409600
1 4099 4102 4108 8216 8240 8288 12296 17152 28672 32960 33152 41024 49408 57344 67072 82432 134144 197632 264193 266241 282624 344064 395264 458752
1 4099 4102 4108 8216 8240 8288 12296 17152 28672 32960 33152 41024 49408 57344 67072 82432 135169 151552 197632 212992 264193 265216 393217 394240
1 4099 4102 4108 8216 8240 8288 12296 17152 28672 32960 33152 41024 49408 57344 67072 82432 148480 197632 212992 264193 265216 266241 279552 282624
1 4099 4102 4108 8216 8240 8288 12296 17152 28672 32960 33152 41024 49408 57344 67072 82432 151552 197632 212992 264193 265216 266241 394240 397312
1 4099 4102 4108 8216 8240 8288 12296 17152 28672 32960 33152 41024 49408 57344 67072 82432 197632 212992 264193 265216 266241 282624 394240 409600
1 4099 4102 4108 8216 8240 8288 12296 17152 28672 32960 33152 41024 49408 57344 67072 82432 197632 264193 265216 266241 282624 344064 394240 458752
1 4099 4102 4108 8216 8240 8288 12296 17152 28672 32960 33152 41024 49408 57344 68608 82432 86016 132608 197120 197632 264193 266241 329728 331776
1 4099 4102 4108 8216 8240 8288 12296 17152 28672 32960 33152 41024 49408 57344 68608 82432 132608 197120 197632 264193 266241 282624 329728 344064
1 4099 4102 4108 8216 8240 8288 12296 17152 28672 32960 33152 41024 49408 57344 82432 82944 132608 197120 197632 264193 265216 266241 279552 282624
1 4099 4102 4108 8216 8240 8288 12296 17152 28672 32960 33152 41024 49408 57344 82432 86016 132608 134144 197120 198656 264193 266241 329728 331776
1 4099 4102 4108 8216 8240 8288 12296 17152 28672 32960 33152 41024 49408 57344 82432 86016 132608 134144 197120 200704 264193 266241 395264 397312
1 4099 4102 4108 8216 8240 8288 12296 17152 28672 32960 33152 41024 49408 57344 82432 86016 132608 134144 197120 264193 266241 331776 395264 458752
1 4099 4102 4108 8216 8240 8288 12296 17152 28672 32960 33152 41024 49408 57344 82432 86016 132608 197120 197632 264193 265216 266241 328704 331776
1 4099 4102 4108 8216 8240 8288 12296 17152 28672 32960 33152 41024 49408 57344 82432 86016 132608 197120 200704 264193 265216 266241 394240 397312
1 4099 4102 4108 8216 8240 8288 12296 17152 28672 32960 33152 41024 49408 57344 82432 86016 132608 197120 264193 265216 266241 331776 394240 458752
1 4099 4102 4108 8216 8240 8288 12296 17152 28672 32960 33152 41024 49408 57344 82432 132608 134144 151552 197120 212992 264193 266241 395264 397312
1 4099 4102 4108 8216 8240 8288 12296 17152 28672 32960 33152 41024 49408 57344 82432 132608 134144 197120 198656 264193 266241 282624 329728 344064
1 4099 4102 4108 8216 8240 8288 12296 17152 28672 32960 33152 41024 49408 57344 82432 132608 134144 197120 212992 264193 266241 282624 395264 409600
1 4099 4102 4108 8216 8240 8288 12296 17152 28672 32960 33152 41024 49408 57344 82432 132608 134144 197120 264193 266241 282624 344064 395264 458752
1 4099 4102 4108 8216 8240 8288 12296 17152 28672 32960 33152 41024 49408 57344 82432 132608 148480 197120 212992 264193 265216 266241 279552 282624
1 4099 4102 4108 8216 8240 8288 12296 17152 28672 32960 33152 41024 49408 57344 82432 132608 151552 197120 212992 264193 265216 266241 394240 397312
1 4099 4102 4108 8216 8240 8288 12296 17152 28672 32960 33152 41024 49408 57344 82432 132608 197120 197632 264193 265216 266241 282624 328704 344064
1 4099 4102 4108 8216 8240 8288 12296 17152 28672 32960 33152 41024 49408 57344 82432 132608 197120 212992 264193 265216 266241 282624 394240 409600
1 4099 4102 4108 8216 8240 8288 12296 17152 28672 32960 33152 41024 49408 57344 82432 132608 197120 264193 265216 266241 282624 344064 394240 458752
1 4099 4102 4108 8216 8240 8288 12296 17152 28672 32960 33152 41024 57344 82176 98560 114688 132608 134144 147968 151552 264193 266241 395264 397312
1 4099 4102 4108 8216 8240 8288 12296 17152 28672 32960 33152 41024 57344 82176 98560 114688 132608 134144 147968 264193 266241 282624 395264 409600
1 4099 4102 4108 8216 8240 8288 12296 17152 28672 32960 33152 41024 57344 82176 98560 114688 132608 147968 148480 264193 265216 266241 279552 282624
1 4099 4102 4108 8216 8240 8288 12296 17152 28672 32960 33152 41024 57344 82176 98560 114688 132608 147968 151552 264193 265216 266241 394240 397312
1 4099 4102 4108 8216 8240 8288 12296 17152 28672 32960 33152 41024 57344 82176 98560 114688 132608 147968 264193 265216 266241 282624 394240 409600
1 4099 4102 4108 8216 8240 8288 12296 17152 28672 32960 33152 49408 57344 73792 98368 106496 132608 134144 147968 151552 264193 266241 395264 397312
1 4099 4102 4108 8216 8240 8288 12296 17152 28672 32960 33152 49408 57344 73792 98368 106496 132608 134144 147968 264193 266241 282624 395264 409600
1 4099 4102 4108 8216 8240 8288 12296 17152 28672 32960 33152 49408 57344 73792 98368 106496 132608 147968 148480 264193 265216 266241 279552 282624
1 4099 4102 4108 8216 8240 8288 12296 17152 28672 32960 33152 49408 57344 73792 98368 106496 132608 147968 151552 264193 265216 266241 394240 397312
1 4099 4102 4108 8216 8240 8288 12296 17152 28672 32960 33152 49408 57344 73792 98368 106496 132608 147968 264193 265216 266241 282624 394240 409600
1 4099 4102 4108 8216 8240 8288 12296 17152 28672 32960 41024 49280 57344 65920 82048 82176 132608 134144 147968 151552 264193 266241 395264 397312
1 4099 4102 4108 8216 8240 8288 12296 17152 28672 32960 41024 49280 57344 65920 82048 82176 132608 134144 147968 264193 266241 282624 395264 409600
1 4099 4102 4108 8216 8240 8288 12296 17152 28672 32960 41024 49280 57344 65920 82048 82176 132608 147968 151552 264193 265216 266241 394240 397312
1 4099 4102 4108 8216 8240 8288 12296 17152 28672 32960 41024 49280 57344 65920 82048 82176 132608 147968 264193 265216 266241 282624 394240 409600
1 4099 4102 4108 8216 8240 8288 12296 17152 28672 32960 41024 49408 57344 65920 98432 98560 132608 134144 147968 151552 264193 266241 395264 397312
1 4099 4102 4108 8216 8240 8288 12296 17152 28672 32960 41024 49408 57344 65920 98432 98560 132608 134144 147968 264193 266241 282624 395264 409600
1 4099 4102 4108 8216 8240 8288 12296 17152 28672 32960 41024 49408 57344 65920 98432 98560 132608 147968 148480 264193 265216 266241 279552 282624
1 4099 4102 4108 8216 8240 8288 12296 17152 28672 32960 41024 49408 57344 65920 98432 98560 132608 147968 151552 264193 265216 266241 394240 397312
1 4099 4102 4108 8216 8240 8288 12296 17152 28672 32960 41024 49408 57344 65920 98432 98560 132608 147968 264193 265216 266241 282624 394240 409600
1 4099 4102 4108 8216 8240 8288 12296 17152 28672 32960 41024 57344 65920 82176 98432 114688 132608 134144 147968 151552 264193 266241 395264 397312
1 4099 4102 4108 8216 8240 8288 12296 17152 28672 32960 41024 57344 65920 82176 98432 114688 132608 134144 147968 264193 266241 282624 395264 409600
1 4099 4102 4108 8216 8240 8288 12296 17152 28672 32960 41024 57344 65920 82176 98432 114688 132608 147968 148480 264193 265216 266241 279552 282624
1 4099 4102 4108 8216 8240 8288 12296 17152 28672 32960 41024 57344 65920 82176 98432 114688 132608 147968 151552 264193 265216 266241 394240 397312
1 4099 4102 4108 8216 8240 8288 12296 17152 28672 32960 41024 57344 65920 82176 98432 114688 132608 147968 264193 265216 266241 282624 394240 409600
1 4099 4102 4108 8216 8240 8288 12296 17152 28672 33152 41024 49408 57344 65728 98368 98432 132608 134144 147968 151552 264193 266241 395264 397312
1 4099 4102 4108 8216 8240 8288 12296 17152 28672 33152 41024 49408 57344 65728 98368 98432 132608 134144 147968 264193 266241 282624 395264 409600
1 4099 4102 4108 8216 8240 8288 12296 17152 28672 33152 41024 49408 57344 65728 98368 98432 132608 147968 148480 264193 265216 266241 279552 282624
1 4099 4102 4108 8216 8240 8288 12296 17152 28672 33152 41024 49408 57344 65728 98368 98432 132608 147968 151552 264193 265216 266241 394240 397312
1 4099 4102 4108 8216 8240 8288 12296 17152 28672 33152 41024 49408 57344 65728 98368 98432 132608 147968 264193 265216 266241 282624 394240 409600
1 4099 4102 4108 8216 8240 8288 12296 17152 28672 33152 49408 57344 65728 73792 98432 106496 132608 134144 147968 151552 264193 266241 395264 397312
1 4099 4102 4108 8216 8240 8288 12296 17152 28672 33152 49408 57344 65728 73792 98432 106496 132608 134144 147968 264193 266241 282624 395264 409600
1 4099 4102 4108 8216 8240 8288 12296 17152 28672 33152 49408 57344 65728 73792 98432 106496 132608 147968 148480 264193 265216 266241 279552 282624
1 4099 4102 4108 8216 8240 8288 12296 17152 28672 33152 49408 57344 65728 73792 98432 106496 132608 147968 151552 264193 265216 266241 394240 397312
1 4099 4102 4108 8216 8240 8288 12296 17152 28672 33152 49408 57344 65728 73792 98432 106496 132608 147968 264193 265216 266241 282624 394240 409600
1 4099 4102 4108 8216 8240 8288 12296 17152 28672 41024 49408 57344 65728 65920 98368 98560 132608 134144 147968 151552 264193 266241 395264 397312
1 4099 4102 4108 8216 8240 8288 12296 17152 28672 41024 49408 57344 65728 65920 98368 98560 132608 134144 147968 264193 266241 282624 395264 409600
1 4099 4102 4108 8216 8240 8288 12296 17152 28672 41024 49408 57344 65728 65920 98368 98560 132608 147968 148480 264193 265216 266241 279552 282624
1 4099 4102 4108 8216 8240 8288 12296 17152 28672 41024 49408 57344 65728 65920 98368 98560 132608 147968 151552 264193 265216 266241 394240 397312
1 4099 4102 4108 8216 8240 8288 12296 17152 28672 41024 49408 57344 65728 65920 98368 98560 132608 147968 264193 265216 266241 282624 394240 409600
1 4099 4102 4108 8216 8240 8288 12296 17152 28672 41024 57344 65728 65920 82176 98368 114688 132608 134144 147968 151552 264193 266241 395264 397312
1 4099 4102 4108 8216 8240 8288 12296 17152 28672 41024 57344 65728 65920 82176 98368 114688 132608 134144 147968 264193 266241 282624 395264 409600
1 4099 4102 4108 8216 8240 8288 12296 17152 28672 41024 57344 65728 65920 82176 98368 114688 132608 147968 148480 264193 265216 266241 279552 282624
1 4099 4102 4108 8216 8240 8288 12296 17152 28672 41024 57344 65728 65920 82176 98368 114688 132608 147968 151552 264193 265216 266241 394240 397312
1 4099 4102 4108 8216 8240 8288 12296 17152 28672 41024 57344 65728 65920 82176 98368 114688 132608 147968 264193 265216 266241 282624 394240 409600
1 4099 4102 4108 8216 8240 8288 12296 17152 28672 49408 57344 65728 65920 73792 98560 106496 132608 134144 147968 151552 264193 266241 395264 397312
1 4099 4102 4108 8216 8240 8288 12296 17152 28672 49408 57344 65728 65920 73792 98560 106496 132608 134144 147968 264193 266241 282624 395264 409600
1 4099 4102 4108 8216 8240 8288 12296 17152 28672 49408 57344 65728 65920 73792 98560 106496 132608 147968 148480 264193 265216 266241 279552 282624
1 4099 4102 4108 8216 8240 8288 12296 17152 28672 49408 57344 65728 65920 73792 98560 106496 132608 147968 151552 264193 265216 266241 394240 397312
1 4099 4102 4108 8216 8240 8288 12296 17152 28672 49408 57344 65728 65920 73792 98560 106496 132608 147968 264193 265216 266241 282624 394240 409600
1 4099 4102 4108 8216 8240 8288 12296 17152 28672 57344 65728 65920 73792 82176 106496 114688 132608 134144 147968 151552 264193 266241 395264 397312
1 4099 4102 4108 8216 8240 8288 12296 17152 28672 57344 65728 65920 73792 82176 106496 114688 132608 134144 147968 264193 266241 282624 395264 409600
1 4099 4102 4108 8216 8240 8288 12296 17152 28672 57344 65728 65920 73792 82176 106496 114688 132608 147968 148480 264193 265216 266241 279552 282624
1 4099 4102 4108 8216 8240 8288 12296 17152 28672 57344 65728 65920 73792 82176 106496 114688 132608 147968 151552 264193 265216 266241 394240 397312
1 4099 4102 4108 8216 8240 8288 12296 17152 28672 57344 65728 65920 73792 82176 106496 114688 132608 147968 264193 265216 266241 282624 394240 409600
1 4099 4102 4108 8216 8240 8288 12296 20481 28672 32960 33152 41024 57344 66304 67072 82944 98560 114688 133121 134144 148480 278529 393217 409600
1 4099 4102 4108 8216 8240 8288 12296 20481 28672 32960 33152 41024 57344 66304 67072 82944 98560 114688 133121 147457 148480 265216 394240 395264
1 4099 4102 4108 8216 8240 8288 12296 20481 28672 32960 33152 41024 57344 66304 67072 82944 98560 114688 134144 147457 148480 264193 393217 395264
1 4099 4102 4108 8216 8240 8288 12296 20481 28672 32960 33152 41024 57344 66304 67072 82944 98560 114688 134144 148480 149504 264193 278529 280576
1 4099 4102 4108 8216 8240 8288 12296 20481 28672 32960 33152 41024 57344 66304 67072 82944 98560 114688 134144 148480 264193 278529 395264 409600
1 4099 4102 4108 8216 8240 8288 12296 20481 28672 32960 33152 41024 57344 66304 67072 82944 98560 114688 147457 148480 264193 265216 393217 394240
1 4099 4102 4108 8216 8240 8288 12296 20481 28672 32960 33152 41024 57344 66304 67072 82944 98560 114688 148480 264193 265216 278529 394240 409600
1 4099 4102 4108 8216 8240 8288 12296 20481 28672 32960 33152 41024 57344 66304 67072 82944 114688 164096 196864 229376 264193 265216 278529 279552
1 4099 4102 4108 8216 8240 8288 12296 20481 28672 32960 33152 41024 57344 66304 67072 98560 114688 133121 134144 147457 197632 344064 409600 458752
1 4099 4102 4108 8216 8240 8288 12296 20481 28672 32960 33152 41024 57344 66304 67072 98560 114688 133121 134144 197632 212992 278529 393217 409600
1 4099 4102 4108 8216 8240 8288 12296 20481 28672 32960 33152 41024 57344 66304 67072 98560 114688 133121 134144 197632 278529 344064 393217 458752
1 4099 4102 4108 8216 8240 8288 12296 20481 28672 32960 33152 41024 57344 66304 67072 98560 114688 133121 147457 197632 212992 265216 394240 395264
1 4099 4102 4108 8216 8240 8288 12296 20481 28672 32960 33152 41024 57344 66304 67072 98560 114688 134144 147457 197632 212992 264193 393217 395264
1 4099 4102 4108 8216 8240 8288 12296 20481 28672 32960 33152 41024 57344 66304 67072 98560 114688 134144 149504 197632 212992 264193 278529 280576
1 4099 4102 4108 8216 8240 8288 12296 20481 28672 32960 33152 41024 57344 66304 67072 98560 114688 134144 197632 212992 264193 278529 395264 409600
1 4099 4102 4108 8216 8240 8288 12296 20481 28672 32960 33152 41024 57344 66304 67072 98560 114688 134144 197632 264193 278529 344064 395264 458752
1 4099 4102 4108 8216 8240 8288 12296 20481 28672 32960 33152 41024 57344 66304 67072 98560 114688 147457 197632 212992 264193 265216 393217 394240
1 4099 4102 4108 8216 8240 8288 12296 20481 28672 32960 33152 41024 57344 66304 67072 98560 114688 148480 197632 212992 264193 265216 278529 279552
1 4099 4102 4108 8216 8240 8288 12296 20481 28672 32960 33152 41024 57344 66304 67072 98560 114688 197632 212992 264193 265216 278529 394240 409600
1 4099 4102 4108 8216 8240 8288 12296 20481 28672 32960 33152 41024 57344 66304 67072 98560 114688 197632 264193 265216 278529 344064 394240 458752
1 4099 4102 4108 8216 8240 8288 12296 20481 28672 32960 33152 41024 57344 66304 67072 114688 164096 196864 229376 264193 265216 278529 328704 344064
1 4099 4102 4108 8216 8240 8288 12296 20481 28672 32960 33152 41024 57344 66304 82944 98560 114688 132608 197120 197632 264193 265216 278529 279552
1 4099 4102 4108 8216 8240 8288 12296 20481 28672 32960 33152 41024 57344 66304 98560 114688 132608 134144 149504 197120 212992 264193 278529 280576
1 4099 4102 4108 8216 8240 8288 12296 20481 28672 32960 33152 41024 57344 66304 98560 114688 132608 134144 197120 212992 264193 278529 395264 409600
1 4099 4102 4108 8216 8240 8288 12296 20481 28672 32960 33152 41024 57344 66304 98560 114688 132608 134144 197120 264193 278529 344064 395264 458752
1 4099 4102 4108 8216 8240 8288 12296 20481 28672 32960 33152 41024 57344 66304 98560 114688 132608 148480 197120 212992 264193 265216 278529 279552
1 4099 4102 4108 8216 8240 8288 12296 20481 28672 32960 33152 41024 57344 66304 98560 114688 132608 197120 197632 264193 265216 278529 328704 344064
1 4099 4102 4108 8216 8240 8288 12296 20481 28672 32960 33152 41024 57344 66304 98560 114688 132608 197120 212992 264193 265216 278529 394240 409600
1 4099 4102 4108 8216 8240 8288 12296 20481 28672 32960 33152 41024 57344 66304 98560 114688 132608 197120 264193 265216 278529 344064 394240 458752
1 4099 4102 4108 8216 8240 8288 12296 20481 28672 32960 33152 41024 57344 67072 68608 83968 114688 131840 164096 197120 229376 264193 278529 280576
1 4099 4102 4108 8216 8240 8288 12296 20481 28672 32960 33152 41024 57344 67072 68608 114688 131840 164096 197120 229376 264193 278529 329728 344064
1 4099 4102 4108 8216 8240 8288 12296 20481 28672 32960 33152 41024 57344 67072 82944 98560 114688 131840 196864 197120 264193 265216 278529 279552
1 4099 4102 4108 8216 8240 8288 12296 20481 28672 32960 33152 41024 57344 67072 82944 114688 131840 164096 197120 229376 264193 265216 278529 279552
1 4099 4102 4108 8216 8240 8288 12296 20481 28672 32960 33152 41024 57344 67072 98560 114688 131840 196864 197120 264193 265216 278529 328704 344064
1 4099 4102 4108 8216 8240 8288 12296 20481 28672 32960 33152 41024 57344 67072 114688 131840 164096 197120 229376 264193 265216 278529 328704 344064
1 4099 4102 4108 8216 8240 8288 12296 20481 28672 32960 33152 41024 57344 67585 68608 81921 114688 131840 132608 164096 229376 328704 394240 458752
1 4099 4102 4108 8216 8240 8288 12296 20481 28672 32960 33152 41024 57344 67585 68608 81921 114688 131840 132608 197632 229376 295168 393472 425984
1 4099 4102 4108 8216 8240 8288 12296 20481 28672 32960 33152 41024 57344 67585 68608 81921 114688 131840 164096 197632 229376 263680 393728 394240
1 4099 4102 4108 8216 8240 8288 12296 20481 28672 32960 33152 41024 57344 67585 68608 81921 114688 131840 164096 229376 263680 328704 393728 458752
1 4099 4102 4108 8216 8240 8288 12296 20481 28672 32960 33152 41024 57344 67585 68608 81921 114688 132608 164096 197632 229376 262912 393472 393728
1 4099 4102 4108 8216 8240 8288 12296 20481 28672 32960 33152 41024 57344 67585 68608 81921 114688 132608 197632 229376 262912 295168 393728 425984
1 4099 4102 4108 8216 8240 8288 12296 20481 28672 32960 33152 41024 57344 67585 68608 81921 114688 164096 197632 229376 262912 263680 393472 394240
1 4099 4102 4108 8216 8240 8288 12296 20481 28672 32960 33152 41024 57344 67585 68608 81921 114688 164096 229376 262912 263680 328704 393472 458752
1 4099 4102 4108 8216 8240 8288 12296 20481 28672 32960 33152 41024 57344 67585 68608 81921 114688 197632 229376 262912 263680 295168 394240 425984
1 4099 4102 4108 8216 8240 8288 12296 20481 28672 32960 33152 41024 57344 67585 68608 81921 114688 229376 262912 263680 295168 328704 425984 458752
1 4099 4102 4108 8216 8240 8288 12296 20481 28672 32960 33152 41024 57344 67585 68608 114688 131840 132608 164096 197632 229376 278529 327681 344064
1 4099 4102 4108 8216 8240 8288 12296 20481 28672 32960 33152 41024 57344 67585 81921 114688 131840 132608 164096 197632 229376 265216 328704 329728
1 4099 4102 4108 8216 8240 8288 12296 20481 28672 32960 33152 41024 57344 67585 81921 114688 131840 132608 164096 229376 265216 329728 394240 458752
1 4099 4102 4108 8216 8240 8288 12296 20481 28672 32960 33152 41024 57344 67585 81921 114688 131840 164096 229376 263680 265216 329728 393728 458752
1 4099 4102 4108 8216 8240 8288 12296 20481 28672 32960 33152 41024 57344 67585 81921 114688 132608 134144 198656 229376 262912 295168 393728 425984
1 4099 4102 4108 8216 8240 8288 12296 20481 28672 32960 33152 41024 57344 67585 81921 114688 134144 198656 229376 262912 263680 295168 394240 425984
1 4099 4102 4108 8216 8240 8288 12296 20481 28672 32960 33152 41024 57344 68608 81921 114688 131840 132608 164096 197632 229376 264193 327681 329728
1 4099 4102 4108 8216 8240 8288 12296 20481 28672 32960 33152 41024 57344 68608 83968 114688 131840 132608 164096 197632 229376 264193 278529 280576
1 4099 4102 4108 8216 8240 8288 12296 20481 28672 32960 33152 41024 57344 68608 114688 131840 132608 164096 197632 229376 264193 278529 329728 344064
1 4099 4102 4108 8216 8240 8288 12296 20481 28672 32960 33152 41024 57344 81921 114688 131840 132608 164096 197632 229376 264193 265216 327681 328704
1 4099 4102 4108 8216 8240 8288 12296 20481 28672 32960 33152 41024 57344 81921 114688 131840 132608 164096 229376 264193 265216 327681 394240 458752
1 4099 4102 4108 8216 8240 8288 12296 20481 28672 32960 33152 41024 57344 81921 114688 133121 134144 196609 229376 262912 263680 295168 394240 425984
1 4099 4102 4108 8216 8240 8288 12296 20481 28672 32960 33152 41024 57344 82944 98560 114688 131840 132608 196864 197632 264193 265216 278529 279552
1 4099 4102 4108 8216 8240 8288 12296 20481 28672 32960 33152 41024 57344 82944 114688 131840 132608 164096 197632 229376 264193 265216 278529 279552
1 4099 4102 4108 8216 8240 8288 12296 20481 28672 32960 33152 41024 57344 98560 114688 131840 132608 148480 196864 212992 264193 265216 278529 279552
1 4099 4102 4108 8216 8240 8288 12296 20481 28672 32960 33152 41024 57344 98560 114688 131840 132608 196864 197632 264193 265216 278529 328704 344064
1 4099 4102 4108 8216 8240 8288 12296 20481 28672 32960 33152 41024 57344 98560 114688 131840 132608 196864 212992 264193 265216 278529 394240 409600
1 4099 4102 4108 8216 8240 8288 12296 20481 28672 32960 33152 41024 57344 98560 114688 131840 132608 196864 264193 265216 278529 344064 394240 458752
1 4099 4102 4108 8216 8240 8288 12296 20481 28672 32960 33152 41024 57344 114688 131840 132608 148480 164096 212992 229376 264193 265216 278529 279552
1 4099 4102 4108 8216 8240 8288 12296 20481 28672 32960 33152 41024 57344 114688 131840 132608 164096 197632 229376 264193 265216 278529 328704 344064
1 4099 4102 4108 8216 8240 8288 12296 20481 28672 32960 33152 41024 57344 114688 131840 132608 164096 212992 229376 264193 265216 278529 394240 409600
1 4099 4102 4108 8216 8240 8288 12296 20481 28672 32960 33152 41024 57344 114688 131840 132608 164096 229376 264193 265216 278529 344064 394240 458752
1 4099 4102 4108 8216 8240 8288 12296 20481 28672 32960 33152 41024 57344 114688 133121 134144 147457 212992 229376 262912 263680 295168 394240 425984
1 4099 4102 4108 8216 8240 8288 12296 20481 28672 32960 33152 57344 66304 67072 82944 98560 114688 133121 134144 147457 148480 270400 294976 303104
1 4099 4102 4108 8216 8240 8288 12296 20481 28672 32960 33152 57344 66304 67072 98560 114688 133121 134144 147457 197632 212992 270400 294976 303104
1 4099 4102 4108 8216 8240 8288 12296 20481 28672 32960 33152 57344 67585 68608 81921 114688 131840 132608 164096 197632 229376 270400 294976 303104
1 4099 4102 4108 8216 8240 8288 12296 20481 28672 32960 41024 57344 65920 66304 98432 114688 132608 134144 149504 197120 212992 264193 278529 280576
1 4099 4102 4108 8216 8240 8288 12296 20481 28672 32960 41024 57344 65920 66304 98432 114688 132608 134144 197120 212992 264193 278529 395264 409600
1 4099 4102 4108 8216 8240 8288 12296 20481 28672 32960 41024 57344 65920 66304 98432 114688 132608 134144 197120 264193 278529 344064 395264 458752
1 4099 4102 4108 8216 8240 8288 12296 20481 28672 32960 41024 57344 65920 66304 98432 114688 132608 148480 197120 212992 264193 265216 278529 279552
1 4099 4102 4108 8216 8240 8288 12296 20481 28672 32960 41024 57344 65920 66304 98432 114688 132608 197120 212992 264193 265216 278529 394240 409600
1 4099 4102 4108 8216 8240 8288 12296 20481 28672 32960 41024 57344 65920 66304 98432 114688 132608 197120 264193 265216 278529 344064 394240 458752
1 4099 4102 4108 8216 8240 8288 12296 20481 28672 32960 41024 57344 65920 98432 114688 131840 132608 148480 196864 212992 264193 265216 278529 279552
1 4099 4102 4108 8216 8240 8288 12296 20481 28672 32960 41024 57344 65920 98432 114688 131840 132608 196864 212992 264193 265216 278529 394240 409600
1 4099 4102 4108 8216 8240 8288 12296 20481 28672 32960 41024 57344 65920 98432 114688 131840 132608 196864 264193 265216 278529 344064 394240 458752
1 4099 4102 4108 8216 8240 8288 12296 20481 28672 32960 41024 57344 66304 67072 82944 98560 114688 133121 134144 147457 148480 262528 295040 295168
1 4099 4102 4108 8216 8240 8288 12296 20481 28672 32960 41024 57344 66304 67072 82944 114688 131456 163968 196864 229376 264193 265216 278529 279552
1 4099 4102 4108 8216 8240 8288 12296 20481 28672 32960 41024 57344 66304 67072 98560 114688 133121 134144 147457 197632 212992 262528 295040 295168
1 4099 4102 4108 8216 8240 8288 12296 20481 28672 32960 41024 57344 66304 67072 114688 131456 163968 196864 229376 264193 265216 278529 328704 344064
1 4099 4102 4108 8216 8240 8288 12296 20481 28672 32960 41024 57344 67072 68608 83968 114688 131456 131840 163968 197120 229376 264193 278529 280576
1 4099 4102 4108 8216 8240 8288 12296 20481 28672 32960 41024 57344 67072 68608 114688 131456 131840 163968 197120 229376 264193 278529 329728 344064
1 4099 4102 4108 8216 8240 8288 12296 20481 28672 32960 41024 57344 67072 82944 114688 131456 131840 163968 197120 229376 264193 265216 278529 279552
1 4099 4102 4108 8216 8240 8288 12296 20481 28672 32960 41024 57344 67072 114688 131456 131840 163968 197120 229376 264193 265216 278529 328704 344064
1 4099 4102 4108 8216 8240 8288 12296 20481 28672 32960 41024 57344 67585 68608 81921 114688 131456 131840 163968 229376 263680 328704 393728 458752
1 4099 4102 4108 8216 8240 8288 12296 20481 28672 32960 41024 57344 67585 68608 81921 114688 131456 163968 229376 262912 263680 328704 393472 458752
1 4099 4102 4108 8216 8240 8288 12296 20481 28672 32960 41024 57344 67585 68608 81921 114688 131840 132608 164096 197632 229376 262528 295040 295168
1 4099 4102 4108 8216 8240 8288 12296 20481 28672 32960 41024 57344 67585 68608 81921 114688 131840 132608 197632 229376 262528 295040 393472 425984
1 4099 4102 4108 8216 8240 8288 12296 20481 28672 32960 41024 57344 67585 68608 81921 114688 132608 197632 229376 262528 262912 295040 393728 425984
1 4099 4102 4108 8216 8240 8288 12296 20481 28672 32960 41024 57344 67585 81921 114688 131456 131840 163968 229376 263680 265216 329728 393728 458752
1 4099 4102 4108 8216 8240 8288 12296 20481 28672 32960 41024 57344 67585 81921 114688 132608 134144 198656 229376 262528 262912 295040 393728 425984
1 4099 4102 4108 8216 8240 8288 12296 20481 28672 33152 33536 57344 67072 68608 83968 98816 114688 133121 147457 149504 262336 270400 295040 303104
1 4099 4102 4108 8216 8240 8288 12296 20481 28672 33152 33536 57344 67072 68608 98816 114688 133121 147457 198656 212992 262336 270400 295040 303104
1 4099 4102 4108 8216 8240 8288 12296 20481 28672 33152 33536 57344 67072 82944 98816 114688 133121 134144 147457 148480 262336 270400 295040 303104
1 4099 4102 4108 8216 8240 8288 12296 20481 28672 33152 33536 57344 67072 98816 114688 133121 134144 147457 197632 212992 262336 270400 295040 303104
1 4099 4102 4108 8216 8240 8288 12296 20481 28672 33152 33536 57344 67585 68608 81921 114688 132608 164352 197632 229376 262336 270400 295040 303104
1 4099 4102 4108 8216 8240 8288 12296 20481 28672 33152 33536 57344 67585 81921 114688 132608 134144 164352 198656 229376 262336 270400 295040 303104
1 4099 4102 4108 8216 8240 8288 12296 20481 28672 33152 41024 57344 66304 67072 82944 98560 114688 133121 134144 147457 148480 262336 294976 295040
1 4099 4102 4108 8216 8240 8288 12296 20481 28672 33152 41024 57344 66304 67072 98560 114688 133121 134144 147457 197632 212992 262336 294976 295040
1 4099 4102 4108 8216 8240 8288 12296 20481 28672 33152 41024 57344 67585 68608 81921 114688 131840 132608 164096 197632 229376 262336 294976 295040
1 4099 4102 4108 8216 8240 8288 12296 20481 28672 33152 57344 66304 67072 82944 98560 114688 133121 134144 147457 148480 262336 270400 295040 303104
1 4099 4102 4108 8216 8240 8288 12296 20481 28672 33152 57344 66304 67072 98560 114688 133121 134144 147457 197632 212992 262336 270400 295040 303104
1 4099 4102 4108 8216 8240 8288 12296 20481 28672 33152 57344 67585 68608 81921 114688 131840 132608 164096 197632 229376 262336 270400 295040 303104
1 4099 4102 4108 8216 8240 8288 12296 20481 28672 33536 34304 50176 57344 65728 65920 73792 98560 106496 133121 134144 148480 278529 393217 409600
1 4099 4102 4108 8216 8240 8288 12296 20481 28672 33536 34304 50176 57344 65728 65920 73792 98560 106496 133121 147457 148480 265216 394240 395264
1 4099 4102 4108 8216 8240 8288 12296 20481 28672 33536 34304 50176 57344 65728 65920 73792 98560 106496 134144 147457 148480 264193 393217 395264
1 4099 4102 4108 8216 8240 8288 12296 20481 28672 33536 34304 50176 57344 65728 65920 73792 98560 106496 134144 148480 149504 264193 278529 280576
1 4099 4102 4108 8216 8240 8288 12296 20481 28672 33536 34304 50176 57344 65728 65920 73792 98560 106496 134144 148480 264193 278529 395264 409600
1 4099 4102 4108 8216 8240 8288 12296 20481 28672 33536 34304 50176 57344 65728 65920 73792 98560 106496 147457 148480 264193 265216 393217 394240
1 4099 4102 4108 8216 8240 8288 12296 20481 28672 33536 34304 50176 57344 65728 65920 73792 98560 106496 148480 264193 265216 278529 394240 409600
1 4099 4102 4108 8216 8240 8288 12296 20481 28672 33536 34304 50176 57344 65728 65920 73792 98560 172032 204800 229376 264193 265216 278529 279552
1 4099 4102 4108 8216 8240 8288 12296 20481 28672 33536 34304 50176 57344 65728 65920 98560 106496 139328 196672 204800 264193 265216 278529 279552
1 4099 4102 4108 8216 8240 8288 12296 20481 28672 33536 34304 50176 57344 65728 65920 98560 139328 172032 196672 229376 264193 265216 278529 279552
1 4099 4102 4108 8216 8240 8288 12296 20481 28672 33536 34304 50176 57344 65728 73792 98560 106496 131456 196736 196864 264193 265216 278529 279552
1 4099 4102 4108 8216 8240 8288 12296 20481 28672 33536 34304 50176 57344 65920 73792 98560 106496 131264 196672 196736 264193 265216 278529 279552
1 4099 4102 4108 8216 8240 8288 12296 20481 28672 33536 34304 50176 57344 65920 98560 106496 131264 139328 196736 204800 264193 265216 278529 279552
1 4099 4102 4108 8216 8240 8288 12296 20481 28672 33536 34304 50176 57344 65920 98560 131264 139328 172032 196736 229376 264193 265216 278529 279552
1 4099 4102 4108 8216 8240 8288 12296 20481 28672 33536 34304 50176 57344 73792 98560 106496 131264 131456 196672 196864 264193 265216 278529 279552
1 4099 4102 4108 8216 8240 8288 12296 20481 28672 33536 34304 50176 57344 98560 106496 131264 131456 139328 196864 204800 264193 265216 278529 279552
1 4099 4102 4108 8216 8240 8288 12296 20481 28672 33536 34304 50176 57344 98560 131264 131456 139328 172032 196864 229376 264193 265216 278529 279552
1 4099 4102 4108 8216 8240 8288 12296 20481 28672 33536 34304 57344 67585 68608 81921 99328 114688 131264 131456 139328 164096 303104 401408 425984
1 4099 4102 4108 8216 8240 8288 12296 20481 28672 33536 34304 57344 67585 68608 81921 99328 114688 131264 131456 164096 172032 270400 393280 401408
1 4099 4102 4108 8216 8240 8288 12296 20481 28672 33536 34304 57344 67585 68608 81921 99328 114688 131264 131456 164096 270400 303104 393280 425984
1 4099 4102 4108 8216 8240 8288 12296 20481 28672 33536 34304 57344 67585 68608 81921 99328 114688 131264 139328 164096 172032 262528 393344 393472
1 4099 4102 4108 8216 8240 8288 12296 20481 28672 33536 34304 57344 67585 68608 81921 99328 114688 131456 139328 164096 172032 262336 393280 393344
1 4099 4102 4108 8216 8240 8288 12296 20481 28672 33536 34304 57344 67585 68608 81921 99328 114688 131456 164096 172032 262336 270400 393344 401408
1 4099 4102 4108 8216 8240 8288 12296 20481 28672 33536 34304 57344 67585 68608 81921 99328 114688 131456 164096 262336 270400 303104 393344 425984
1 4099 4102 4108 8216 8240 8288 12296 20481 28672 33536 34304 57344 67585 68608 81921 99328 114688 139328 164096 172032 262336 262528 393280 393472
1 4099 4102 4108 8216 8240 8288 12296 20481 28672 33536 34304 57344 67585 68608 81921 99328 114688 164096 172032 262336 262528 270400 393472 401408
1 4099 4102 4108 8216 8240 8288 12296 20481 28672 33536 34304 57344 67585 68608 81921 99328 114688 164096 262336 262528 270400 303104 393472 425984
1 4099 4102 4108 8216 8240 8288 12296 20481 28672 33536 34304 57344 67585 68608 81921 114688 164864 197632 229376 262336 262528 270400 295168 303104
1 4099 4102 4108 8216 8240 8288 12296 20481 28672 33536 34304 57344 67585 68608 99328 114688 147457 196609 212992 262336 262528 270400 295168 303104
1 4099 4102 4108 8216 8240 8288 12296 20481 28672 33536 34304 57344 67585 81921 99328 114688 134144 197632 198656 262336 262528 270400 295168 303104
1 4099 4102 4108 8216 8240 8288 12296 20481 28672 33536 34304 57344 67585 81921 114688 134144 164864 198656 229376 262336 262528 270400 295168 303104
1 4099 4102 4108 8216 8240 8288 12296 20481 28672 33536 34304 57344 68608 81921 99328 114688 133121 196609 198656 262336 262528 270400 295168 303104
1 4099 4102 4108 8216 8240 8288 12296 20481 28672 33536 34304 57344 68608 83968 99328 114688 133121 147457 149504 262336 262528 270400 295168 303104
1 4099 4102 4108 8216 8240 8288 12296 20481 28672 33536 34304 57344 68608 99328 114688 133121 147457 198656 212992 262336 262528 270400 295168 303104
1 4099 4102 4108 8216 8240 8288 12296 20481 28672 33536 34304 57344 81921 99328 114688 133121 134144 196609 197632 262336 262528 270400 295168 303104
1 4099 4102 4108 8216 8240 8288 12296 20481 28672 33536 34304 57344 81921 114688 133121 134144 164864 196609 229376 262336 262528 270400 295168 303104
1 4099 4102 4108 8216 8240 8288 12296 20481 28672 33536 34304 57344 82944 99328 114688 133121 134144 147457 148480 262336 262528 270400 295168 303104
1 4099 4102 4108 8216 8240 8288 12296 20481 28672 33536 34304 57344 99328 114688 133121 134144 147457 197632 212992 262336 262528 270400 295168 303104
1 4099 4102 4108 8216 8240 8288 12296 20481 28672 33536 34304 57344 114688 133121 134144 147457 164864 212992 229376 262336 262528 270400 295168 303104
1 4099 4102 4108 8216 8240 8288 12296 20481 28672 33536 50176 57344 67072 98816 99328 131264 131456 139328 164096 172032 264193 265216 278529 279552
1 4099 4102 4108 8216 8240 8288 12296 20481 28672 33536 57344 67072 68608 83968 98816 114688 133121 147457 149504 262336 262528 270400 295168 303104
1 4099 4102 4108 8216 8240 8288 12296 20481 28672 33536 57344 67072 68608 98816 114688 133121 147457 198656 212992 262336 262528 270400 295168 303104
1 4099 4102 4108 8216 8240 8288 12296 20481 28672 33536 57344 67072 82944 98816 114688 133121 134144 147457 148480 262336 262528 270400 295168 303104
1 4099 4102 4108 8216 8240 8288 12296 20481 28672 33536 57344 67072 98816 114688 133121 134144 147457 197632 212992 262336 262528 270400 295168 303104
1 4099 4102 4108 8216 8240 8288 12296 20481 28672 33536 57344 67585 68608 81921 99328 114688 132608 164352 164864 262336 262528 270400 295168 303104
1 4099 4102 4108 8216 8240 8288 12296 20481 28672 33536 57344 67585 68608 81921 114688 132608 164352 197632 229376 262336 262528 270400 295168 303104
1 4099 4102 4108 8216 8240 8288 12296 20481 28672 33536 57344 67585 81921 114688 132608 134144 164352 198656 229376 262336 262528 270400 295168 303104
1 4099 4102 4108 8216 8240 8288 12296 20481 28672 34304 35840 51200 57344 65920 66304 98816 106496 131264 139328 196736 204800 264193 278529 280576
1 4099 4102 4108 8216 8240 8288 12296 20481 28672 34304 35840 51200 57344 65920 66304 98816 131264 139328 172032 196736 229376 264193 278529 280576
1 4099 4102 4108 8216 8240 8288 12296 20481 28672 34304 35840 51200 57344 66304 98816 106496 131264 131456 139328 196864 204800 264193 278529 280576
1 4099 4102 4108 8216 8240 8288 12296 20481 28672 34304 35840 51200 57344 66304 98816 131264 131456 139328 172032 196864 229376 264193 278529 280576
1 4099 4102 4108 8216 8240 8288 12296 20481 28672 34304 35840 57344 67585 81921 100352 114688 131456 131840 164352 172032 262336 270400 393344 401408
1 4099 4102 4108 8216 8240 8288 12296 20481 28672 34304 35840 57344 67585 81921 100352 114688 131456 131840 164352 262336 270400 303104 393344 425984
1 4099 4102 4108 8216 8240 8288 12296 20481 28672 34304 35840 57344 67585 81921 100352 114688 131840 164352 172032 262336 262528 270400 393472 401408
1 4099 4102 4108 8216 8240 8288 12296 20481 28672 34304 35840 57344 67585 81921 100352 114688 131840 164352 262336 262528 270400 303104 393472 425984
1 4099 4102 4108 8216 8240 8288 12296 20481 28672 34304 50176 57344 65920 66304 98816 106496 131264 139328 196736 204800 264193 265216 278529 279552
1 4099 4102 4108 8216 8240 8288 12296 20481 28672 34304 50176 57344 65920 66304 98816 131264 139328 172032 196736 229376 264193 265216 278529 279552
1 4099 4102 4108 8216 8240 8288 12296 20481 28672 34304 50176 57344 66304 98560 98816 131264 131456 139328 164096 172032 264193 265216 278529 279552
1 4099 4102 4108 8216 8240 8288 12296 20481 28672 34304 50176 57344 66304 98816 106496 131264 131456 139328 196864 204800 264193 265216 278529 279552
1 4099 4102 4108 8216 8240 8288 12296 20481 28672 34304 50176 57344 66304 98816 131264 131456 139328 172032 196864 229376 264193 265216 278529 279552
1 4099 4102 4108 8216 8240 8288 12296 20481 28672 34304 57344 67585 68608 81921 99328 114688 131456 131840 164352 172032 262336 270400 393344 401408
1 4099 4102 4108 8216 8240 8288 12296 20481 28672 34304 57344 67585 68608 81921 99328 114688 131456 131840 164352 262336 270400 303104 393344 425984
1 4099 4102 4108 8216 8240 8288 12296 20481 28672 34304 57344 67585 68608 81921 99328 114688 131840 164096 164352 262336 262528 270400 295168 303104
1 4099 4102 4108 8216 8240 8288 12296 20481 28672 34304 57344 67585 68608 81921 99328 114688 131840 164352 172032 262336 262528 270400 393472 401408
1 4099 4102 4108 8216 8240 8288 12296 20481 28672 34304 57344 67585 68608 81921 99328 114688 131840 164352 262336 262528 270400 303104 393472 425984
1 4099 4102 4108 8216 8240 8288 12296 20481 28672 34817 35840 49153 57344 66304 67072 99328 106496 131264 131456 139328 196864 335872 401408 458752
1 4099 4102 4108 8216 8240 8288 12296 20481 28672 34817 35840 49153 57344 66304 67072 99328 106496 131264 131456 196864 204800 270400 393280 401408
1 4099 4102 4108 8216 8240 8288 12296 20481 28672 34817 35840 49153 57344 66304 67072 99328 106496 131264 131456 196864 270400 335872 393280 458752
1 4099 4102 4108 8216 8240 8288 12296 20481 28672 34817 35840 49153 57344 66304 67072 99328 106496 131264 139328 196864 204800 262528 393344 393472
1 4099 4102 4108 8216 8240 8288 12296 20481 28672 34817 35840 49153 57344 66304 67072 99328 106496 131456 139328 196864 204800 262336 393280 393344
1 4099 4102 4108 8216 8240 8288 12296 20481 28672 34817 35840 49153 57344 66304 67072 99328 106496 131456 196864 204800 262336 270400 393344 401408
1 4099 4102 4108 8216 8240 8288 12296 20481 28672 34817 35840 49153 57344 66304 67072 99328 106496 131456 196864 262336 270400 335872 393344 458752
1 4099 4102 4108 8216 8240 8288 12296 20481 28672 34817 35840 49153 57344 66304 67072 99328 106496 139328 196864 204800 262336 262528 393280 393472
1 4099 4102 4108 8216 8240 8288 12296 20481 28672 34817 35840 49153 57344 66304 67072 99328 106496 196864 204800 262336 262528 270400 393472 401408
1 4099 4102 4108 8216 8240 8288 12296 20481 28672 34817 35840 49153 57344 66304 67072 99328 106496 196864 262336 262528 270400 335872 393472 458752
1 4099 4102 4108 8216 8240 8288 12296 20481 28672 34817 35840 49153 57344 66304 67072 99328 131264 131456 139328 172032 196864 360448 425984 458752
1 4099 4102 4108 8216 8240 8288 12296 20481 28672 34817 35840 49153 57344 66304 67072 99328 131264 131456 139328 196864 204800 303104 335872 360448
1 4099 4102 4108 8216 8240 8288 12296 20481 28672 34817 35840 49153 57344 66304 67072 99328 131264 131456 139328 196864 229376 303104 401408 425984
1 4099 4102 4108 8216 8240 8288 12296 20481 28672 34817 35840 49153 57344 66304 67072 99328 131264 131456 139328 196864 303104 360448 401408 458752
1 4099 4102 4108 8216 8240 8288 12296 20481 28672 34817 35840 49153 57344 66304 67072 99328 131264 131456 172032 196864 229376 270400 393280 401408
1 4099 4102 4108 8216 8240 8288 12296 20481 28672 34817 35840 49153 57344 66304 67072 99328 131264 131456 196864 229376 270400 303104 393280 425984
1 4099 4102 4108 8216 8240 8288 12296 20481 28672 34817 35840 49153 57344 66304 67072 99328 131264 131456 196864 270400 303104 360448 393280 458752
1 4099 4102 4108 8216 8240 8288 12296 20481 28672 34817 35840 49153 57344 66304 67072 99328 131264 139328 172032 196864 229376 262528 393344 393472
1 4099 4102 4108 8216 8240 8288 12296 20481 28672 34817 35840 49153 57344 66304 67072 99328 131456 139328 172032 196864 229376 262336 393280 393344
1 4099 4102 4108 8216 8240 8288 12296 20481 28672 34817 35840 49153 57344 66304 67072 99328 131456 172032 196864 229376 262336 270400 393344 401408
1 4099 4102 4108 8216 8240 8288 12296 20481 28672 34817 35840 49153 57344 66304 67072 99328 131456 196864 229376 262336 270400 303104 393344 425984
1 4099 4102 4108 8216 8240 8288 12296 20481 28672 34817 35840 49153 57344 66304 67072 99328 131456 196864 262336 270400 303104 360448 393344 458752
1 4099 4102 4108 8216 8240 8288 12296 20481 28672 34817 35840 49153 57344 66304 67072 99328 139328 172032 196864 229376 262336 262528 393280 393472
1 4099 4102 4108 8216 8240 8288 12296 20481 28672 34817 35840 49153 57344 66304 67072 99328 172032 196864 229376 262336 262528 270400 393472 401408
1 4099 4102 4108 8216 8240 8288 12296 20481 28672 34817 35840 49153 57344 66304 67072 99328 196864 229376 262336 262528 270400 303104 393472 425984
1 4099 4102 4108 8216 8240 8288 12296 20481 28672 34817 35840 49153 57344 66304 67072 99328 196864 262336 262528 270400 303104 360448 393472 458752
1 4099 4102 4108 8216 8240 8288 12296 20481 28672 34817 35840 49153 57344 66304 99328 106496 132608 197120 197632 262336 262528 270400 327936 335872
1 4099 4102 4108 8216 8240 8288 12296 20481 28672 34817 35840 49153 57344 66304 99328 132608 197120 197632 262336 262528 270400 303104 327936 360448
1 4099 4102 4108 8216 8240 8288 12296 20481 28672 34817 35840 49153 57344 67072 99328 106496 131456 131840 197120 204800 262336 270400 393344 401408
1 4099 4102 4108 8216 8240 8288 12296 20481 28672 34817 35840 49153 57344 67072 99328 106496 131456 131840 197120 262336 270400 335872 393344 458752
1 4099 4102 4108 8216 8240 8288 12296 20481 28672 34817 35840 49153 57344 67072 99328 106496 131840 196864 197120 262336 262528 270400 327936 335872
1 4099 4102 4108 8216 8240 8288 12296 20481 28672 34817 35840 49153 57344 67072 99328 106496 131840 197120 204800 262336 262528 270400 393472 401408
1 4099 4102 4108 8216 8240 8288 12296 20481 28672 34817 35840 49153 57344 67072 99328 106496 131840 197120 262336 262528 270400 335872 393472 458752
1 4099 4102 4108 8216 8240 8288 12296 20481 28672 34817 35840 49153 57344 67072 99328 131456 131840 172032 197120 229376 262336 270400 393344 401408
1 4099 4102 4108 8216 8240 8288 12296 20481 28672 34817 35840 49153 57344 67072 99328 131456 131840 197120 229376 262336 270400 303104 393344 425984
1 4099 4102 4108 8216 8240 8288 12296 20481 28672 34817 35840 49153 57344 67072 99328 131456 131840 197120 262336 270400 303104 360448 393344 458752
1 4099 4102 4108 8216 8240 8288 12296 20481 28672 34817 35840 49153 57344 67072 99328 131840 172032 197120 229376 262336 262528 270400 393472 401408
1 4099 4102 4108 8216 8240 8288 12296 20481 28672 34817 35840 49153 57344 67072 99328 131840 196864 197120 262336 262528 270400 303104 327936 360448
1 4099 4102 4108 8216 8240 8288 12296 20481 28672 34817 35840 49153 57344 67072 99328 131840 197120 229376 262336 262528 270400 303104 393472 425984
1 4099 4102 4108 8216 8240 8288 12296 20481 28672 34817 35840 49153 57344 67072 99328 131840 197120 262336 262528 270400 303104 360448 393472 458752
1 4099 4102 4108 8216 8240 8288 12296 20481 28672 34817 35840 49153 57344 99328 106496 131840 132608 196864 197632 262336 262528 270400 327936 335872
1 4099 4102 4108 8216 8240 8288 12296 20481 28672 34817 35840 49153 57344 99328 106496 131840 132608 197632 204800 262336 262528 270400 393472 401408
1 4099 4102 4108 8216 8240 8288 12296 20481 28672 34817 35840 49153 57344 99328 106496 131840 132608 197632 262336 262528 270400 335872 393472 458752
1 4099 4102 4108 8216 8240 8288 12296 20481 28672 34817 35840 49153 57344 99328 131840 132608 172032 197632 229376 262336 262528 270400 393472 401408
1 4099 4102 4108 8216 8240 8288 12296 20481 28672 34817 35840 49153 57344 99328 131840 132608 196864 197632 262336 262528 270400 303104 327936 360448
1 4099 4102 4108 8216 8240 8288 12296 20481 28672 34817 35840 49153 57344 99328 131840 132608 197632 229376 262336 262528 270400 303104 393472 425984
1 4099 4102 4108 8216 8240 8288 12296 20481 28672 34817 35840 49153 57344 99328 131840 132608 197632 262336 262528 270400 303104 360448 393472 458752
1 4099 4102 4108 8216 8240 8288 12296 20481 28672 34817 35840 57344 81921 98305 114688 131840 132608 164864 172032 262336 262528 270400 393472 401408
1 4099 4102 4108 8216 8240 8288 12296 20481 28672 34817 35840 57344 81921 98305 114688 131840 132608 164864 262336 262528 270400 303104 393472 425984
1 4099 4102 4108 8216 8240 8288 12296 20481 28672 34817 49153 57344 67072 68608 100352 106496 131264 131456 139328 204800 262912 328192 393472 458752
1 4099 4102 4108 8216 8240 8288 12296 20481 28672 34817 49153 57344 67072 68608 100352 106496 131264 139328 204800 262528 262912 328192 393344 458752
1 4099 4102 4108 8216 8240 8288 12296 20481 28672 34817 49153 57344 67072 68608 100352 106496 131456 131840 197120 204800 262336 270400 393344 401408
1 4099 4102 4108 8216 8240 8288 12296 20481 28672 34817 49153 57344 67072 68608 100352 106496 131840 197120 204800 262336 262528 270400 393472 401408
1 4099 4102 4108 8216 8240 8288 12296 20481 28672 34817 49153 57344 67072 68608 100352 131264 131456 139328 172032 229376 262912 328192 393472 458752
1 4099 4102 4108 8216 8240 8288 12296 20481 28672 34817 49153 57344 67072 68608 100352 131264 139328 172032 229376 262528 262912 328192 393344 458752
1 4099 4102 4108 8216 8240 8288 12296 20481 28672 34817 49153 57344 67072 68608 100352 131456 131840 172032 197120 229376 262336 270400 393344 401408
1 4099 4102 4108 8216 8240 8288 12296 20481 28672 34817 49153 57344 67072 68608 100352 131456 131840 197120 229376 262336 270400 303104 393344 425984
1 4099 4102 4108 8216 8240 8288 12296 20481 28672 34817 49153 57344 67072 68608 100352 131840 172032 197120 229376 262336 262528 270400 393472 401408
1 4099 4102 4108 8216 8240 8288 12296 20481 28672 34817 49153 57344 67072 68608 100352 131840 197120 229376 262336 262528 270400 303104 393472 425984
1 4099 4102 4108 8216 8240 8288 12296 20481 28672 34817 49153 57344 68608 99328 100352 131840 132608 164864 172032 262336 262528 270400 393472 401408
1 4099 4102 4108 8216 8240 8288 12296 20481 28672 34817 49153 57344 68608 99328 100352 131840 132608 164864 262336 262528 270400 303104 393472 425984
1 4099 4102 4108 8216 8240 8288 12296 20481 28672 34817 49153 57344 68608 100352 106496 131264 131456 139328 204800 262912 263680 328704 393472 458752
1 4099 4102 4108 8216 8240 8288 12296 20481 28672 34817 49153 57344 68608 100352 106496 131840 132608 197632 204800 262336 262528 270400 393472 401408
1 4099 4102 4108 8216 8240 8288 12296 20481 28672 34817 49153 57344 68608 100352 131264 131456 139328 172032 229376 262912 263680 328704 393472 458752
1 4099 4102 4108 8216 8240 8288 12296 20481 28672 34817 49153 57344 68608 100352 131840 132608 172032 197632 229376 262336 262528 270400 393472 401408
1 4099 4102 4108 8216 8240 8288 12296 20481 28672 34817 49153 57344 68608 100352 131840 132608 197632 229376 262336 262528 270400 303104 393472 425984
1 4099 4102 4108 8216 8240 8288 12296 20481 28672 35840 49153 57344 67585 98305 100352 131840 132608 164864 172032 262336 262528 270400 393472 401408
1 4099 4102 4108 8216 8240 8288 12296 20481 28672 35840 49153 57344 67585 98305 100352 131840 132608 164864 262336 262528 270400 303104 393472 425984
1 4099 4102 4108 8216 8240 8288 12296 20481 28672 35840 51200 57344 66304 67072 99328 106496 131264 131456 139328 196864 204800 264193 278529 280576
1 4099 4102 4108 8216 8240 8288 12296 20481 28672 35840 51200 57344 66304 67072 99328 131264 131456 139328 172032 196864 229376 264193 278529 280576
1 4099 4102 4108 8216 8240 8288 12296 20481 28672 35840 57344 67585 81921 100352 114688 131840 132608 164864 172032 262336 262528 270400 393472 401408
1 4099 4102 4108 8216 8240 8288 12296 20481 28672 35840 57344 67585 81921 100352 114688 131840 132608 164864 262336 262528 270400 303104 393472 425984
1 4099 4102 4108 8216 8240 8288 12296 20481 28672 41024 57344 65728 65920 98368 114688 131840 132608 148480 196864 212992 264193 265216 278529 279552
1 4099 4102 4108 8216 8240 8288 12296 20481 28672 41024 57344 65728 65920 98368 114688 131840 132608 196864 212992 264193 265216 278529 394240 409600
1 4099 4102 4108 8216 8240 8288 12296 20481 28672 41024 57344 65728 65920 98368 114688 131840 132608 196864 264193 265216 278529 344064 394240 458752
1 4099 4102 4108 8216 8240 8288 12296 20481 28672 41024 57344 66304 67072 82944 98560 114688 133121 134144 147457 148480 262336 262528 294976 295168
1 4099 4102 4108 8216 8240 8288 12296 20481 28672 41024 57344 66304 67072 82944 114688 131264 131456 163904 196864 229376 264193 265216 278529 279552
1 4099 4102 4108 8216 8240 8288 12296 20481 28672 41024 57344 66304 67072 98560 114688 133121 134144 147457 197632 212992 262336 262528 294976 295168
1 4099 4102 4108 8216 8240 8288 12296 20481 28672 41024 57344 66304 67072 114688 131264 131456 163904 196864 229376 264193 265216 278529 328704 344064
1 4099 4102 4108 8216 8240 8288 12296 20481 28672 41024 57344 67585 68608 81921 114688 131264 131456 163904 229376 262912 263680 328704 393472 458752
1 4099 4102 4108 8216 8240 8288 12296 20481 28672 41024 57344 67585 68608 81921 114688 131840 132608 164096 197632 229376 262336 262528 294976 295168
1 4099 4102 4108 8216 8240 8288 12296 20481 28672 41024 57344 67585 68608 81921 114688 131840 132608 197632 229376 262336 262528 294976 393472 425984
1 4099 4102 4108 8216 8240 8288 12296 20481 28672 49153 57344 67585 68608 98305 99328 131840 132608 164864 172032 262336 262528 270400 393472 401408
1 4099 4102 4108 8216 8240 8288 12296 20481 28672 49153 57344 67585 68608 98305 99328 131840 132608 164864 262336 262528 270400 303104 393472 425984
1 4099 4102 4108 8216 8240 8288 12296 20481 28672 49153 57344 67585 68608 98305 106496 131840 132608 197632 204800 262336 262528 270400 393472 401408
1 4099 4102 4108 8216 8240 8288 12296 20481 28672 49153 57344 67585 68608 98305 106496 131840 132608 197632 262336 262528 270400 335872 393472 458752
1 4099 4102 4108 8216 8240 8288 12296 20481 28672 49153 57344 67585 68608 98305 131840 132608 172032 197632 229376 262336 262528 270400 393472 401408
1 4099 4102 4108 8216 8240 8288 12296 20481 28672 49153 57344 67585 68608 98305 131840 132608 197632 229376 262336 262528 270400 303104 393472 425984
1 4099 4102 4108 8216 8240 8288 12296 20481 28672 49153 57344 67585 68608 98305 131840 132608 197632 262336 262528 270400 303104 360448 393472 458752
1 4099 4102 4108 8216 8240 8288 12296 20481 28672 50176 57344 66304 67072 98560 99328 131264 131456 139328 164096 172032 264193 265216 278529 279552
1 4099 4102 4108 8216 8240 8288 12296 20481 28672 50176 57344 66304 67072 99328 106496 131264 131456 139328 196864 204800 264193 265216 278529 279552
1 4099 4102 4108 8216 8240 8288 12296 20481 28672 50176 57344 66304 67072 99328 131264 131456 139328 172032 196864 229376 264193 265216 278529 279552
1 4099 4102 4108 8216 8240 8288 12296 20481 28672 57344 65728 65920 73792 106496 114688 131840 132608 148480 196864 212992 264193 265216 278529 279552
1 4099 4102 4108 8216 8240 8288 12296 20481 28672 57344 65728 65920 73792 106496 114688 131840 132608 196864 212992 264193 265216 278529 394240 409600
1 4099 4102 4108 8216 8240 8288 12296 20481 28672 57344 65728 65920 73792 106496 114688 131840 132608 196864 264193 265216 278529 344064 394240 458752
1 4099 4102 4108 8216 8240 8288 12296 20481 28672 57344 66304 67072 82944 98560 114688 133121 134144 147457 148480 262336 262528 270400 295168 303104
1 4099 4102 4108 8216 8240 8288 12296 20481 28672 57344 66304 67072 82944 106496 114688 131264 131456 139328 196864 204800 264193 265216 278529 279552
1 4099 4102 4108 8216 8240 8288 12296 20481 28672 57344 66304 67072 82944 114688 131264 131456 139328 172032 196864 229376 264193 265216 278529 279552
1 4099 4102 4108 8216 8240 8288 12296 20481 28672 57344 66304 67072 98560 114688 133121 134144 147457 197632 212992 262336 262528 270400 295168 303104
1 4099 4102 4108 8216 8240 8288 12296 20481 28672 57344 66304 67072 106496 114688 131264 131456 139328 196864 204800 264193 265216 278529 328704 344064
1 4099 4102 4108 8216 8240 8288 12296 20481 28672 57344 66304 67072 114688 131264 131456 139328 172032 196864 229376 264193 265216 278529 328704 344064
1 4099 4102 4108 8216 8240 8288 12296 20481 28672 57344 67585 68608 81921 99328 114688 131840 132608 164096 164864 262336 262528 270400 295168 303104
1 4099 4102 4108 8216 8240 8288 12296 20481 28672 57344 67585 68608 81921 99328 114688 131840 132608 164864 172032 262336 262528 270400 393472 401408
1 4099 4102 4108 8216 8240 8288 12296 20481 28672 57344 67585 68608 81921 99328 114688 131840 132608 164864 262336 262528 270400 303104 393472 425984
1 4099 4102 4108 8216 8240 8288 12296 20481 28672 57344 67585 68608 81921 106496 114688 131264 131456 139328 204800 262912 263680 328704 393472 458752
1 4099 4102 4108 8216 8240 8288 12296 20481 28672 57344 67585 68608 81921 106496 114688 131840 132608 197632 204800 262336 262528 270400 393472 401408
1 4099 4102 4108 8216 8240 8288 12296 20481 28672 57344 67585 68608 81921 114688 131264 131456 139328 172032 229376 262912 263680 328704 393472 458752
1 4099 4102 4108 8216 8240 8288 12296 20481 28672 57344 67585 68608 81921 114688 131840 132608 164096 197632 229376 262336 262528 270400 295168 303104
1 4099 4102 4108 8216 8240 8288 12296 20481 28672 57344 67585 68608 81921 114688 131840 132608 172032 197632 229376 262336 262528 270400 393472 401408
1 4099 4102 4108 8216 8240 8288 12296 20481 28672 57344 67585 68608 81921 114688 131840 132608 197632 229376 262336 262528 270400 303104 393472 425984
1 4099 4102 4108 8216 8240 8288 12296 28672 32960 33152 41024 49408 57344 66304 67072 82176 82944 133121 134144 135169 148480 282624 397312 409600
1 4099 4102 4108 8216 8240 8288 12296 28672 32960 33152 41024 49408 57344 66304 67072 82176 82944 133121 134144 148480 151552 266241 393217 397312
1 4099 4102 4108 8216 8240 8288 12296 28672 32960 33152 41024 49408 57344 66304 67072 82176 82944 133121 134144 148480 266241 282624 393217 409600
1 4099 4102 4108 8216 8240 8288 12296 28672 32960 33152 41024 49408 57344 66304 67072 82176 82944 133121 135169 148480 151552 265216 394240 395264
1 4099 4102 4108 8216 8240 8288 12296 28672 32960 33152 41024 49408 57344 66304 67072 82176 82944 134144 135169 148480 151552 264193 393217 395264
1 4099 4102 4108 8216 8240 8288 12296 28672 32960 33152 41024 49408 57344 66304 67072 82176 82944 134144 148480 151552 264193 266241 395264 397312
1 4099 4102 4108 8216 8240 8288 12296 28672 32960 33152 41024 49408 57344 66304 67072 82176 82944 134144 148480 264193 266241 282624 395264 409600
1 4099 4102 4108 8216 8240 8288 12296 28672 32960 33152 41024 49408 57344 66304 67072 82176 82944 135169 148480 151552 264193 265216 393217 394240
1 4099 4102 4108 8216 8240 8288 12296 28672 32960 33152 41024 49408 57344 66304 67072 82176 82944 148480 151552 264193 265216 266241 394240 397312
1 4099 4102 4108 8216 8240 8288 12296 28672 32960 33152 41024 49408 57344 66304 67072 82176 82944 148480 264193 265216 266241 282624 394240 409600
1 4099 4102 4108 8216 8240 8288 12296 28672 32960 33152 41024 49408 57344 66304 67072 82176 86016 133121 134144 135169 200704 328704 394240 458752
1 4099 4102 4108 8216 8240 8288 12296 28672 32960 33152 41024 49408 57344 66304 67072 82176 86016 133121 134144 197632 200704 266241 393217 397312
1 4099 4102 4108 8216 8240 8288 12296 28672 32960 33152 41024 49408 57344 66304 67072 82176 86016 133121 135169 197632 200704 265216 394240 395264
1 4099 4102 4108 8216 8240 8288 12296 28672 32960 33152 41024 49408 57344 66304 67072 82176 86016 133121 135169 200704 265216 328704 395264 458752
1 4099 4102 4108 8216 8240 8288 12296 28672 32960 33152 41024 49408 57344 66304 67072 82176 86016 134144 135169 197632 200704 264193 393217 395264
1 4099 4102 4108 8216 8240 8288 12296 28672 32960 33152 41024 49408 57344 66304 67072 82176 86016 134144 197632 200704 264193 266241 395264 397312
1 4099 4102 4108 8216 8240 8288 12296 28672 32960 33152 41024 49408 57344 66304 67072 82176 86016 135169 197632 200704 264193 265216 393217 394240
1 4099 4102 4108 8216 8240 8288 12296 28672 32960 33152 41024 49408 57344 66304 67072 82176 86016 135169 200704 264193 265216 328704 393217 458752
1 4099 4102 4108 8216 8240 8288 12296 28672 32960 33152 41024 49408 57344 66304 67072 82176 86016 197632 200704 264193 265216 266241 394240 397312
1 4099 4102 4108 8216 8240 8288 12296 28672 32960 33152 41024 49408 57344 66304 67072 82176 86016 200704 264193 265216 266241 328704 397312 458752
1 4099 4102 4108 8216 8240 8288 12296 28672 32960 33152 41024 49408 57344 66304 67072 82176 133121 134144 135169 151552 212992 328704 394240 458752
1 4099 4102 4108 8216 8240 8288 12296 28672 32960 33152 41024 49408 57344 66304 67072 82176 133121 134144 135169 197632 212992 282624 397312 409600
1 4099 4102 4108 8216 8240 8288 12296 28672 32960 33152 41024 49408 57344 66304 67072 82176 133121 134144 151552 197632 212992 266241 393217 397312
1 4099 4102 4108 8216 8240 8288 12296 28672 32960 33152 41024 49408 57344 66304 67072 82176 133121 134144 197632 212992 266241 282624 393217 409600
1 4099 4102 4108 8216 8240 8288 12296 28672 32960 33152 41024 49408 57344 66304 67072 82176 133121 135169 151552 197632 212992 265216 394240 395264
1 4099 4102 4108 8216 8240 8288 12296 28672 32960 33152 41024 49408 57344 66304 67072 82176 133121 135169 151552 212992 265216 328704 395264 458752
1 4099 4102 4108 8216 8240 8288 12296 28672 32960 33152 41024 49408 57344 66304 67072 82176 134144 135169 151552 197632 212992 264193 393217 395264
1 4099 4102 4108 8216 8240 8288 12296 28672 32960 33152 41024 49408 57344 66304 67072 82176 134144 151552 197632 212992 264193 266241 395264 397312
1 4099 4102 4108 8216 8240 8288 12296 28672 32960 33152 41024 49408 57344 66304 67072 82176 134144 197632 212992 264193 266241 282624 395264 409600
1 4099 4102 4108 8216 8240 8288 12296 28672 32960 33152 41024 49408 57344 66304 67072 82176 135169 151552 197632 212992 264193 265216 393217 394240
1 4099 4102 4108 8216 8240 8288 12296 28672 32960 33152 41024 49408 57344 66304 67072 82176 135169 151552 212992 264193 265216 328704 393217 458752
1 4099 4102 4108 8216 8240 8288 12296 28672 32960 33152 41024 49408 57344 66304 67072 82176 148480 197632 212992 264193 265216 266241 279552 282624
1 4099 4102 4108 8216 8240 8288 12296 28672 32960 33152 41024 49408 57344 66304 67072 82176 151552 197632 212992 264193 265216 266241 394240 397312
1 4099 4102 4108 8216 8240 8288 12296 28672 32960 33152 41024 49408 57344 66304 67072 82176 151552 200704 212992 264193 265216 266241 328704 331776
1 4099 4102 4108 8216 8240 8288 12296 28672 32960 33152 41024 49408 57344 66304 67072 82176 151552 212992 264193 265216 266241 328704 397312 458752
1 4099 4102 4108 8216 8240 8288 12296 28672 32960 33152 41024 49408 57344 66304 67072 82176 197632 212992 264193 265216 266241 282624 394240 409600
1 4099 4102 4108 8216 8240 8288 12296 28672 32960 33152 41024 49408 57344 66304 67072 82176 212992 264193 265216 266241 282624 328704 409600 458752
1 4099 4102 4108 8216 8240 8288 12296 28672 32960 33152 41024 49408 57344 66304 82176 82432 132608 134144 147968 151552 264193 266241 395264 397312
1 4099 4102 4108 8216 8240 8288 12296 28672 32960 33152 41024 49408 57344 66304 82176 82432 132608 134144 147968 264193 266241 282624 395264 409600
2 4099 4102 4108 8216 8240 8288 12296 28672 32960 33152 41024 49408 57344 66304 82176 82432 132608 147968 148480 264193 265216 266241 279552 282624
1 4099 4102 4108 8216 8240 8288 12296 28672 32960 33152 41024 49408 57344 66304 82176 82432 132608 147968 151552 264193 265216 266241 394240 397312
1 4099 4102 4108 8216 8240 8288 12296 28672 32960 33152 41024 49408 57344 66304 82176 82432 132608 147968 264193 265216 266241 282624 394240 409600
1 4099 4102 4108 8216 8240 8288 12296 28672 32960 33152 41024 49408 57344 66304 82176 82944 132608 197120 197632 264193 265216 266241 279552 282624
1 4099 4102 4108 8216 8240 8288 12296 28672 32960 33152 41024 49408 57344 66304 82176 86016 132608 134144 197120 200704 264193 266241 395264 397312
1 4099 4102 4108 8216 8240 8288 12296 28672 32960 33152 41024 49408 57344 66304 82176 86016 132608 197120 200704 264193 265216 266241 394240 397312
1 4099 4102 4108 8216 8240 8288 12296 28672 32960 33152 41024 49408 57344 66304 82176 86016 133121 134144 135169 197632 200704 263680 328192 328704
1 4099 4102 4108 8216 8240 8288 12296 28672 32960 33152 41024 49408 57344 66304 82176 86016 133121 134144 135169 200704 263680 328192 394240 458752
1 4099 4102 4108 8216 8240 8288 12296 28672 32960 33152 41024 49408 57344 66304 82176 86016 133121 135169 200704 263680 265216 328192 395264 458752
1 4099 4102 4108 8216 8240 8288 12296 28672 32960 33152 41024 49408 57344 66304 82176 132608 134144 151552 197120 212992 264193 266241 395264 397312
1 4099 4102 4108 8216 8240 8288 12296 28672 32960 33152 41024 49408 57344 66304 82176 132608 134144 197120 212992 264193 266241 282624 395264 409600
2 4099 4102 4108 8216 8240 8288 12296 28672 32960 33152 41024 49408 57344 66304 82176 132608 148480 197120 212992 264193 265216 266241 279552 282624
1 4099 4102 4108 8216 8240 8288 12296 28672 32960 33152 41024 49408 57344 66304 82176 132608 151552 197120 212992 264193 265216 266241 394240 397312
1 4099 4102 4108 8216 8240 8288 12296 28672 32960 33152 41024 49408 57344 66304 82176 132608 197120 212992 264193 265216 266241 282624 394240 409600
1 4099 4102 4108 8216 8240 8288 12296 28672 32960 33152 41024 49408 57344 66304 82176 133121 134144 135169 151552 197632 212992 263680 328192 328704
1 4099 4102 4108 8216 8240 8288 12296 28672 32960 33152 41024 49408 57344 66304 82176 133121 134144 135169 151552 212992 263680 328192 394240 458752
1 4099 4102 4108 8216 8240 8288 12296 28672 32960 33152 41024 49408 57344 66304 82176 133121 135169 151552 212992 263680 265216 328192 395264 458752
1 4099 4102 4108 8216 8240 8288 12296 28672 32960 33152 41024 49408 57344 67072 82176 86016 133121 134144 135169 197632 200704 262912 327936 328192
1 4099 4102 4108 8216 8240 8288 12296 28672 32960 33152 41024 49408 57344 67072 82176 133121 134144 135169 151552 197632 212992 262912 327936 328192
2 4099 4102 4108 8216 8240 8288 12296 28672 32960 33152 41024 49408 57344 82176 82944 131840 132608 196864 197632 264193 265216 266241 279552 282624
1 4099 4102 4108 8216 8240 8288 12296 28672 32960 33152 41024 49408 57344 82176 86016 131840 132608 196864 200704 264193 265216 266241 394240 397312
1 4099 4102 4108 8216 8240 8288 12296 28672 32960 33152 41024 49408 57344 82176 86016 133121 134144 135169 197632 200704 262912 263680 327936 328704
1 4099 4102 4108 8216 8240 8288 12296 28672 32960 33152 41024 49408 57344 82176 86016 133121 134144 135169 200704 262912 263680 327936 394240 458752
1 4099 4102 4108 8216 8240 8288 12296 28672 32960 33152 41024 49408 57344 82176 131840 132608 151552 196864 212992 264193 265216 266241 394240 397312
1 4099 4102 4108 8216 8240 8288 12296 28672 32960 33152 41024 49408 57344 82176 131840 132608 196864 212992 264193 265216 266241 282624 394240 409600
1 4099 4102 4108 8216 8240 8288 12296 28672 32960 33152 41024 49408 57344 82176 133121 134144 135169 151552 197632 212992 262912 263680 327936 328704
1 4099 4102 4108 8216 8240 8288 12296 28672 32960 33152 41024 49408 57344 82176 133121 134144 135169 151552 212992 262912 263680 327936 394240 458752
1 4099 4102 4108 8216 8240 8288 12296 28672 32960 33152 41024 53248 57344 66304 67072 98560 102400 133121 134144 135169 200704 328704 394240 458752
1 4099 4102 4108 8216 8240 8288 12296 28672 32960 33152 41024 53248 57344 66304 67072 98560 102400 133121 134144 197632 200704 266241 393217 397312
1 4099 4102 4108 8216 8240 8288 12296 28672 32960 33152 41024 53248 57344 66304 67072 98560 102400 133121 135169 197632 200704 265216 394240 395264
1 4099 4102 4108 8216 8240 8288 12296 28672 32960 33152 41024 53248 57344 66304 67072 98560 102400 133121 135169 200704 265216 328704 395264 458752
1 4099 4102 4108 8216 8240 8288 12296 28672 32960 33152 41024 53248 57344 66304 67072 98560 102400 134144 135169 197632 200704 264193 393217 395264
1 4099 4102 4108 8216 8240 8288 12296 28672 32960 33152 41024 53248 57344 66304 67072 98560 102400 134144 197632 200704 264193 266241 395264 397312
1 4099 4102 4108 8216 8240 8288 12296 28672 32960 33152 41024 53248 57344 66304 67072 98560 102400 135169 197632 200704 264193 265216 393217 394240
1 4099 4102 4108 8216 8240 8288 12296 28672 32960 33152 41024 53248 57344 66304 67072 98560 102400 135169 200704 264193 265216 328704 393217 458752
1 4099 4102 4108 8216 8240 8288 12296 28672 32960 33152 41024 53248 57344 66304 67072 98560 102400 197632 200704 264193 265216 266241 394240 397312
1 4099 4102 4108 8216 8240 8288 12296 28672 32960 33152 41024 53248 57344 66304 67072 98560 102400 200704 264193 265216 266241 328704 397312 458752
1 4099 4102 4108 8216 8240 8288 12296 28672 32960 33152 41024 53248 57344 66304 67072 102400 133121 134144 135169 197632 200704 295168 327936 360448
1 4099 4102 4108 8216 8240 8288 12296 28672 32960 33152 41024 53248 57344 66304 98560 102400 132608 134144 197120 200704 264193 266241 395264 397312
1 4099 4102 4108 8216 8240 8288 12296 28672 32960 33152 41024 53248 57344 66304 98560 102400 132608 197120 200704 264193 265216 266241 394240 397312
1 4099 4102 4108 8216 8240 8288 12296 28672 32960 33152 41024 53248 57344 66304 98560 102400 133121 134144 135169 197632 200704 263680 328192 328704
1 4099 4102 4108 8216 8240 8288 12296 28672 32960 33152 41024 53248 57344 66304 98560 102400 133121 134144 135169 200704 263680 328192 394240 458752
1 4099 4102 4108 8216 8240 8288 12296 28672 32960 33152 41024 53248 57344 66304 98560 102400 133121 135169 200704 263680 265216 328192 395264 458752
1 4099 4102 4108 8216 8240 8288 12296 28672 32960 33152 41024 53248 57344 67072 68608 102400 133121 135169 198656 200704 262912 295168 328192 360448
1 4099 4102 4108 8216 8240 8288 12296 28672 32960 33152 41024 53248 57344 67072 98560 102400 133121 134144 135169 197632 200704 262912 327936 328192
1 4099 4102 4108 8216 8240 8288 12296 28672 32960 33152 41024 53248 57344 67072 102400 133121 134144 135169 197632 200704 262912 295168 328192 360448
1 4099 4102 4108 8216 8240 8288 12296 28672 32960 33152 41024 53248 57344 67585 68608 69633 102400 131840 132608 164096 197632 360448 425984 458752
1 4099 4102 4108 8216 8240 8288 12296 28672 32960 33152 41024 53248 57344 67585 68608 69633 102400 131840 132608 197632 229376 295168 393472 425984
1 4099 4102 4108 8216 8240 8288 12296 28672 32960 33152 41024 53248 57344 67585 68608 69633 102400 131840 132608 197632 295168 360448 393472 458752
1 4099 4102 4108 8216 8240 8288 12296 28672 32960 33152 41024 53248 57344 67585 68608 69633 102400 131840 164096 197632 229376 263680 393728 394240
1 4099 4102 4108 8216 8240 8288 12296 28672 32960 33152 41024 53248 57344 67585 68608 69633 102400 132608 164096 197632 229376 262912 393472 393728
1 4099 4102 4108 8216 8240 8288 12296 28672 32960 33152 41024 53248 57344 67585 68608 69633 102400 132608 197632 229376 262912 295168 393728 425984
1 4099 4102 4108 8216 8240 8288 12296 28672 32960 33152 41024 53248 57344 67585 68608 69633 102400 132608 197632 262912 295168 360448 393728 458752
1 4099 4102 4108 8216 8240 8288 12296 28672 32960 33152 41024 53248 57344 67585 68608 69633 102400 164096 197632 229376 262912 263680 393472 394240
1 4099 4102 4108 8216 8240 8288 12296 28672 32960 33152 41024 53248 57344 67585 68608 69633 102400 197632 229376 262912 263680 295168 394240 425984
1 4099 4102 4108 8216 8240 8288 12296 28672 32960 33152 41024 53248 57344 67585 68608 69633 102400 197632 262912 263680 295168 360448 394240 458752
1 4099 4102 4108 8216 8240 8288 12296 28672 32960 33152 41024 53248 57344 67585 68608 102400 135169 196609 200704 262912 263680 295168 328704 360448
1 4099 4102 4108 8216 8240 8288 12296 28672 32960 33152 41024 53248 57344 67585 69633 102400 132608 134144 198656 229376 262912 295168 393728 425984
1 4099 4102 4108 8216 8240 8288 12296 28672 32960 33152 41024 53248 57344 67585 69633 102400 132608 134144 198656 262912 295168 360448 393728 458752
1 4099 4102 4108 8216 8240 8288 12296 28672 32960 33152 41024 53248 57344 67585 69633 102400 134144 197632 198656 262912 263680 295168 328704 360448
1 4099 4102 4108 8216 8240 8288 12296 28672 32960 33152 41024 53248 57344 67585 69633 102400 134144 198656 229376 262912 263680 295168 394240 425984
1 4099 4102 4108 8216 8240 8288 12296 28672 32960 33152 41024 53248 57344 67585 69633 102400 134144 198656 262912 263680 295168 360448 394240 458752
1 4099 4102 4108 8216 8240 8288 12296 28672 32960 33152 41024 53248 57344 68608 69633 102400 133121 196609 198656 262912 263680 295168 328704 360448
1 4099 4102 4108 8216 8240 8288 12296 28672 32960 33152 41024 53248 57344 68608 102400 133121 135169 198656 200704 262912 263680 295168 328704 360448
1 4099 4102 4108 8216 8240 8288 12296 28672 32960 33152 41024 53248 57344 69633 102400 133121 134144 196609 197632 262912 263680 295168 328704 360448
1 4099 4102 4108 8216 8240 8288 12296 28672 32960 33152 41024 53248 57344 69633 102400 133121 134144 196609 229376 262912 263680 295168 394240 425984
1 4099 4102 4108 8216 8240 8288 12296 28672 32960 33152 41024 53248 57344 69633 102400 133121 134144 196609 262912 263680 295168 360448 394240 458752
1 4099 4102 4108 8216 8240 8288 12296 28672 32960 33152 41024 53248 57344 98560 102400 131840 132608 196864 200704 264193 265216 266241 394240 397312
1 4099 4102 4108 8216 8240 8288 12296 28672 32960 33152 41024 53248 57344 98560 102400 133121 134144 135169 197632 200704 262912 263680 327936 328704
1 4099 4102 4108 8216 8240 8288 12296 28672 32960 33152 41024 53248 57344 98560 102400 133121 134144 135169 200704 262912 263680 327936 394240 458752
1 4099 4102 4108 8216 8240 8288 12296 28672 32960 33152 41024 53248 57344 102400 131840 132608 164096 200704 229376 264193 265216 266241 394240 397312
1 4099 4102 4108 8216 8240 8288 12296 28672 32960 33152 41024 53248 57344 102400 133121 134144 135169 197632 200704 262912 263680 295168 328704 360448
1 4099 4102 4108 8216 8240 8288 12296 28672 32960 33152 41024 53248 57344 102400 133121 134144 135169 200704 229376 262912 263680 295168 394240 425984
1 4099 4102 4108 8216 8240 8288 12296 28672 32960 33152 41024 53248 57344 102400 133121 134144 135169 200704 262912 263680 295168 360448 394240 458752
1 4099 4102 4108 8216 8240 8288 12296 28672 32960 33152 41024 57344 66304 67072 82944 98560 114688 133121 134144 135169 148480 282624 397312 409600
1 4099 4102 4108 8216 8240 8288 12296 28672 32960 33152 41024 57344 66304 67072 82944 98560 114688 133121 134144 147457 148480 266241 278529 282624
1 4099 4102 4108 8216 8240 8288 12296 28672 32960 33152 41024 57344 66304 67072 82944 98560 114688 133121 134144 148480 151552 266241 393217 397312
1 4099 4102 4108 8216 8240 8288 12296 28672 32960 33152 41024 57344 66304 67072 82944 98560 114688 133121 134144 148480 266241 282624 393217 409600
1 4099 4102 4108 8216 8240 8288 12296 28672 32960 33152 41024 57344 66304 67072 82944 98560 114688 133121 135169 148480 151552 265216 394240 395264
1 4099 4102 4108 8216 8240 8288 12296 28672 32960 33152 41024 57344 66304 67072 82944 98560 114688 134144 135169 148480 151552 264193 393217 395264
1 4099 4102 4108 8216 8240 8288 12296 28672 32960 33152 41024 57344 66304 67072 82944 98560 114688 134144 148480 149504 264193 266241 280576 282624
1 4099 4102 4108 8216 8240 8288 12296 28672 32960 33152 41024 57344 66304 67072 82944 98560 114688 134144 148480 151552 264193 266241 395264 397312
1 4099 4102 4108 8216 8240 8288 12296 28672 32960 33152 41024 57344 66304 67072 82944 98560 114688 134144 148480 264193 266241 282624 395264 409600
1 4099 4102 4108 8216 8240 8288 12296 28672 32960 33152 41024 57344 66304 67072 82944 98560 114688 135169 148480 151552 264193 265216 393217 394240
1 4099 4102 4108 8216 8240 8288 12296 28672 32960 33152 41024 57344 66304 67072 82944 98560 114688 148480 151552 264193 265216 266241 394240 397312
1 4099 4102 4108 8216 8240 8288 12296 28672 32960 33152 41024 57344 66304 67072 82944 98560 114688 148480 264193 265216 266241 282624 394240 409600
1 4099 4102 4108 8216 8240 8288 12296 28672 32960 33152 41024 57344 66304 67072 86016 98560 114688 133121 134144 135169 197632 331776 397312 458752
1 4099 4102 4108 8216 8240 8288 12296 28672 32960 33152 41024 57344 66304 67072 86016 98560 114688 133121 134144 197632 200704 266241 393217 397312
1 4099 4102 4108 8216 8240 8288 12296 28672 32960 33152 41024 57344 66304 67072 86016 98560 114688 133121 134144 197632 266241 331776 393217 458752
1 4099 4102 4108 8216 8240 8288 12296 28672 32960 33152 41024 57344 66304 67072 86016 98560 114688 133121 135169 197632 200704 265216 394240 395264
1 4099 4102 4108 8216 8240 8288 12296 28672 32960 33152 41024 57344 66304 67072 86016 98560 114688 134144 135169 197632 200704 264193 393217 395264
1 4099 4102 4108 8216 8240 8288 12296 28672 32960 33152 41024 57344 66304 67072 86016 98560 114688 134144 197632 200704 264193 266241 395264 397312
1 4099 4102 4108 8216 8240 8288 12296 28672 32960 33152 41024 57344 66304 67072 86016 98560 114688 134144 197632 264193 266241 331776 395264 458752
1 4099 4102 4108 8216 8240 8288 12296 28672 32960 33152 41024 57344 66304 67072 86016 98560 114688 135169 197632 200704 264193 265216 393217 394240
1 4099 4102 4108 8216 8240 8288 12296 28672 32960 33152 41024 57344 66304 67072 86016 98560 114688 197632 200704 264193 265216 266241 394240 397312
1 4099 4102 4108 8216 8240 8288 12296 28672 32960 33152 41024 57344 66304 67072 86016 98560 114688 197632 264193 265216 266241 331776 394240 458752
1 4099 4102 4108 8216 8240 8288 12296 28672 32960 33152 41024 57344 66304 67072 86016 114688 164096 196864 229376 264193 265216 266241 328704 331776
1 4099 4102 4108 8216 8240 8288 12296 28672 32960 33152 41024 57344 66304 67072 98560 114688 133121 134144 135169 151552 197632 344064 409600 458752
1 4099 4102 4108 8216 8240 8288 12296 28672 32960 33152 41024 57344 66304 67072 98560 114688 133121 134144 135169 197632 200704 282624 331776 344064
1 4099 4102 4108 8216 8240 8288 12296 28672 32960 33152 41024 57344 66304 67072 98560 114688 133121 134144 135169 197632 212992 282624 397312 409600
1 4099 4102 4108 8216 8240 8288 12296 28672 32960 33152 41024 57344 66304 67072 98560 114688 133121 134144 135169 197632 282624 344064 397312 458752
1 4099 4102 4108 8216 8240 8288 12296 28672 32960 33152 41024 57344 66304 67072 98560 114688 133121 134144 147457 197632 212992 266241 278529 282624
1 4099 4102 4108 8216 8240 8288 12296 28672 32960 33152 41024 57344 66304 67072 98560 114688 133121 134144 151552 197632 212992 266241 393217 397312
1 4099 4102 4108 8216 8240 8288 12296 28672 32960 33152 41024 57344 66304 67072 98560 114688 133121 134144 197632 212992 266241 282624 393217 409600
1 4099 4102 4108 8216 8240 8288 12296 28672 32960 33152 41024 57344 66304 67072 98560 114688 133121 134144 197632 266241 282624 344064 393217 458752
1 4099 4102 4108 8216 8240 8288 12296 28672 32960 33152 41024 57344 66304 67072 98560 114688 133121 135169 151552 197632 212992 265216 394240 395264
1 4099 4102 4108 8216 8240 8288 12296 28672 32960 33152 41024 57344 66304 67072 98560 114688 134144 135169 151552 197632 212992 264193 393217 395264
1 4099 4102 4108 8216 8240 8288 12296 28672 32960 33152 41024 57344 66304 67072 98560 114688 134144 149504 197632 212992 264193 266241 280576 282624
1 4099 4102 4108 8216 8240 8288 12296 28672 32960 33152 41024 57344 66304 67072 98560 114688 134144 151552 197632 212992 264193 266241 395264 397312
1 4099 4102 4108 8216 8240 8288 12296 28672 32960 33152 41024 57344 66304 67072 98560 114688 134144 197632 212992 264193 266241 282624 395264 409600
1 4099 4102 4108 8216 8240 8288 12296 28672 32960 33152 41024 57344 66304 67072 98560 114688 134144 197632 264193 266241 282624 344064 395264 458752
1 4099 4102 4108 8216 8240 8288 12296 28672 32960 33152 41024 57344 66304 67072 98560 114688 135169 151552 197632 212992 264193 265216 393217 394240
1 4099 4102 4108 8216 8240 8288 12296 28672 32960 33152 41024 57344 66304 67072 98560 114688 151552 197632 212992 264193 265216 266241 394240 397312
1 4099 4102 4108 8216 8240 8288 12296 28672 32960 33152 41024 57344 66304 67072 98560 114688 197632 212992 264193 265216 266241 282624 394240 409600
1 4099 4102 4108 8216 8240 8288 12296 28672 32960 33152 41024 57344 66304 67072 98560 114688 197632 264193 265216 266241 282624 344064 394240 458752
1 4099 4102 4108 8216 8240 8288 12296 28672 32960 33152 41024 57344 66304 82432 98560 114688 132608 134144 147968 149504 264193 266241 280576 282624
1 4099 4102 4108 8216 8240 8288 12296 28672 32960 33152 41024 57344 66304 82432 98560 114688 132608 134144 147968 151552 264193 266241 395264 397312
1 4099 4102 4108 8216 8240 8288 12296 28672 32960 33152 41024 57344 66304 82432 98560 114688 132608 134144 147968 264193 266241 282624 395264 409600
1 4099 4102 4108 8216 8240 8288 12296 28672 32960 33152 41024 57344 66304 82432 98560 114688 132608 147968 151552 264193 265216 266241 394240 397312
2 4099 4102 4108 8216 8240 8288 12296 28672 32960 33152 41024 57344 66304 82432 98560 114688 132608 147968 264193 265216 266241 282624 394240 409600
1 4099 4102 4108 8216 8240 8288 12296 28672 32960 33152 41024 57344 66304 86016 98560 114688 132608 134144 197120 200704 264193 266241 395264 397312
1 4099 4102 4108 8216 8240 8288 12296 28672 32960 33152 41024 57344 66304 86016 98560 114688 132608 134144 197120 264193 266241 331776 395264 458752
1 4099 4102 4108 8216 8240 8288 12296 28672 32960 33152 41024 57344 66304 86016 98560 114688 132608 197120 197632 264193 265216 266241 328704 331776
1 4099 4102 4108 8216 8240 8288 12296 28672 32960 33152 41024 57344 66304 86016 98560 114688 132608 197120 200704 264193 265216 266241 394240 397312
1 4099 4102 4108 8216 8240 8288 12296 28672 32960 33152 41024 57344 66304 86016 98560 114688 132608 197120 264193 265216 266241 331776 394240 458752
1 4099 4102 4108 8216 8240 8288 12296 28672 32960 33152 41024 57344 66304 98560 114688 132608 134144 149504 197120 212992 264193 266241 280576 282624
1 4099 4102 4108 8216 8240 8288 12296 28672 32960 33152 41024 57344 66304 98560 114688 132608 134144 151552 197120 212992 264193 266241 395264 397312
1 4099 4102 4108 8216 8240 8288 12296 28672 32960 33152 41024 57344 66304 98560 114688 132608 134144 197120 212992 264193 266241 282624 395264 409600
1 4099 4102 4108 8216 8240 8288 12296 28672 32960 33152 41024 57344 66304 98560 114688 132608 134144 197120 264193 266241 282624 344064 395264 458752
1 4099 4102 4108 8216 8240 8288 12296 28672 32960 33152 41024 57344 66304 98560 114688 132608 151552 197120 212992 264193 265216 266241 394240 397312
1 4099 4102 4108 8216 8240 8288 12296 28672 32960 33152 41024 57344 66304 98560 114688 132608 197120 197632 264193 265216 266241 282624 328704 344064
2 4099 4102 4108 8216 8240 8288 12296 28672 32960 33152 41024 57344 66304 98560 114688 132608 197120 212992 264193 265216 266241 282624 394240 409600
1 4099 4102 4108 8216 8240 8288 12296 28672 32960 33152 41024 57344 66304 98560 114688 132608 197120 264193 265216 266241 282624 344064 394240 458752
1 4099 4102 4108 8216 8240 8288 12296 28672 32960 33152 41024 57344 67072 68608 83968 114688 131840 164096 197120 229376 264193 266241 280576 282624
1 4099 4102 4108 8216 8240 8288 12296 28672 32960 33152 41024 57344 67072 68608 86016 114688 131840 164096 197120 229376 264193 266241 329728 331776
1 4099 4102 4108 8216 8240 8288 12296 28672 32960 33152 41024 57344 67072 68608 114688 131840 164096 197120 229376 264193 266241 282624 329728 344064
1 4099 4102 4108 8216 8240 8288 12296 28672 32960 33152 41024 57344 67072 86016 98560 114688 131840 196864 197120 264193 265216 266241 328704 331776
1 4099 4102 4108 8216 8240 8288 12296 28672 32960 33152 41024 57344 67072 86016 114688 131840 164096 197120 229376 264193 265216 266241 328704 331776
1 4099 4102 4108 8216 8240 8288 12296 28672 32960 33152 41024 57344 67585 68608 69633 86016 114688 131840 132608 164096 229376 328704 394240 458752
1 4099 4102 4108 8216 8240 8288 12296 28672 32960 33152 41024 57344 67585 68608 69633 86016 114688 131840 164096 197632 229376 263680 393728 394240
1 4099 4102 4108 8216 8240 8288 12296 28672 32960 33152 41024 57344 67585 68608 69633 86016 114688 131840 164096 229376 263680 328704 393728 458752
2 4099 4102 4108 8216 8240 8288 12296 28672 32960 33152 41024 57344 67585 68608 69633 86016 114688 164096 197632 229376 262912 263680 393472 394240
1 4099 4102 4108 8216 8240 8288 12296 28672 32960 33152 41024 57344 67585 68608 69633 86016 114688 164096 229376 262912 263680 328704 393472 458752
2 4099 4102 4108 8216 8240 8288 12296 28672 32960 33152 41024 57344 67585 68608 69633 86016 114688 229376 262912 263680 295168 328704 425984 458752
1 4099 4102 4108 8216 8240 8288 12296 28672 32960 33152 41024 57344 67585 68608 69633 114688 131840 132608 164096 197632 229376 282624 331776 344064
1 4099 4102 4108 8216 8240 8288 12296 28672 32960 33152 41024 57344 67585 68608 81921 114688 131840 132608 164096 197632 229376 266241 278529 282624
1 4099 4102 4108 8216 8240 8288 12296 28672 32960 33152 41024 57344 67585 68608 86016 114688 131840 132608 164096 197632 229376 266241 327681 331776
1 4099 4102 4108 8216 8240 8288 12296 28672 32960 33152 41024 57344 67585 68608 114688 131840 132608 164096 197632 229376 266241 282624 327681 344064
1 4099 4102 4108 8216 8240 8288 12296 28672 32960 33152 41024 57344 67585 69633 86016 114688 131840 132608 164096 197632 229376 265216 328704 329728
1 4099 4102 4108 8216 8240 8288 12296 28672 32960 33152 41024 57344 67585 69633 86016 114688 131840 132608 164096 229376 265216 329728 394240 458752
1 4099 4102 4108 8216 8240 8288 12296 28672 32960 33152 41024 57344 67585 69633 86016 114688 131840 164096 229376 263680 265216 329728 393728 458752
1 4099 4102 4108 8216 8240 8288 12296 28672 32960 33152 41024 57344 67585 69633 86016 114688 132608 134144 198656 229376 262912 295168 393728 425984
1 4099 4102 4108 8216 8240 8288 12296 28672 32960 33152 41024 57344 67585 69633 86016 114688 134144 198656 229376 262912 263680 295168 394240 425984
1 4099 4102 4108 8216 8240 8288 12296 28672 32960 33152 41024 57344 68608 69633 86016 114688 131840 132608 164096 197632 229376 264193 327681 329728
1 4099 4102 4108 8216 8240 8288 12296 28672 32960 33152 41024 57344 68608 83968 114688 131840 132608 164096 197632 229376 264193 266241 280576 282624
1 4099 4102 4108 8216 8240 8288 12296 28672 32960 33152 41024 57344 68608 86016 114688 131840 132608 164096 197632 229376 264193 266241 329728 331776
1 4099 4102 4108 8216 8240 8288 12296 28672 32960 33152 41024 57344 68608 114688 131840 132608 164096 197632 229376 264193 266241 282624 329728 344064
1 4099 4102 4108 8216 8240 8288 12296 28672 32960 33152 41024 57344 69633 86016 114688 131840 132608 164096 197632 229376 264193 265216 327681 328704
1 4099 4102 4108 8216 8240 8288 12296 28672 32960 33152 41024 57344 69633 86016 114688 131840 132608 164096 229376 264193 265216 327681 394240 458752
1 4099 4102 4108 8216 8240 8288 12296 28672 32960 33152 41024 57344 69633 86016 114688 133121 134144 196609 229376 262912 263680 295168 394240 425984
1 4099 4102 4108 8216 8240 8288 12296 28672 32960 33152 41024 57344 82176 98560 114688 131840 132608 147712 151552 264193 265216 266241 394240 397312
1 4099 4102 4108 8216 8240 8288 12296 28672 32960 33152 41024 57344 86016 98560 114688 131840 132608 196864 197632 264193 265216 266241 328704 331776
1 4099 4102 4108 8216 8240 8288 12296 28672 32960 33152 41024 57344 86016 98560 114688 131840 132608 196864 200704 264193 265216 266241 394240 397312
1 4099 4102 4108 8216 8240 8288 12296 28672 32960 33152 41024 57344 86016 98560 114688 131840 132608 196864 264193 265216 266241 331776 394240 458752
1 4099 4102 4108 8216 8240 8288 12296 28672 32960 33152 41024 57344 86016 102400 114688 131840 132608 164096 167936 264193 265216 266241 394240 397312
1 4099 4102 4108 8216 8240 8288 12296 28672 32960 33152 41024 57344 86016 102400 114688 133121 134144 135169 167936 262912 263680 295168 394240 425984
1 4099 4102 4108 8216 8240 8288 12296 28672 32960 33152 41024 57344 86016 114688 131840 132608 164096 197632 229376 264193 265216 266241 328704 331776
1 4099 4102 4108 8216 8240 8288 12296 28672 32960 33152 41024 57344 86016 114688 131840 132608 164096 200704 229376 264193 265216 266241 394240 397312
1 4099 4102 4108 8216 8240 8288 12296 28672 32960 33152 41024 57344 86016 114688 131840 132608 164096 229376 264193 265216 266241 331776 394240 458752
1 4099 4102 4108 8216 8240 8288 12296 28672 32960 33152 41024 57344 86016 114688 133121 134144 135169 200704 229376 262912 263680 295168 394240 425984
1 4099 4102 4108 8216 8240 8288 12296 28672 32960 33152 41024 57344 98560 114688 131840 132608 151552 196864 212992 264193 265216 266241 394240 397312
2 4099 4102 4108 8216 8240 8288 12296 28672 32960 33152 41024 57344 98560 114688 131840 132608 196864 197632 264193 265216 266241 282624 328704 344064
1 4099 4102 4108 8216 8240 8288 12296 28672 32960 33152 41024 57344 98560 114688 131840 132608 196864 264193 265216 266241 282624 344064 394240 458752
1 4099 4102 4108 8216 8240 8288 12296 28672 32960 33152 41024 57344 114688 131840 132608 151552 164096 212992 229376 264193 265216 266241 394240 397312
2 4099 4102 4108 8216 8240 8288 12296 28672 32960 33152 41024 57344 114688 131840 132608 164096 229376 264193 265216 266241 282624 344064 394240 458752
2 4099 4102 4108 8216 8240 8288 12296 28672 32960 33152 41024 57344 114688 133121 134144 135169 151552 212992 229376 262912 263680 295168 394240 425984
1 4099 4102 4108 8216 8240 8288 12296 28672 32960 33152 49408 57344 73792 98368 106496 131840 132608 147712 151552 264193 265216 266241 394240 397312
1 4099 4102 4108 8216 8240 8288 12296 28672 32960 33152 53248 57344 66304 67072 98560 102400 133121 134144 135169 197632 200704 270400 294976 303104
1 4099 4102 4108 8216 8240 8288 12296 28672 32960 33152 53248 57344 67585 68608 69633 102400 131840 132608 164096 197632 229376 270400 294976 303104
1 4099 4102 4108 8216 8240 8288 12296 28672 32960 33152 57344 66304 67072 86016 98560 114688 133121 134144 135169 197632 200704 270400 294976 303104
1 4099 4102 4108 8216 8240 8288 12296 28672 32960 41024 49280 57344 65920 66304 82048 82432 132608 134144 147968 151552 264193 266241 395264 397312
1 4099 4102 4108 8216 8240 8288 12296 28672 32960 41024 49280 57344 65920 66304 82048 82432 132608 134144 147968 264193 266241 282624 395264 409600
1 4099 4102 4108 8216 8240 8288 12296 28672 32960 41024 49280 57344 65920 66304 82048 82432 132608 147968 151552 264193 265216 266241 394240 397312
1 4099 4102 4108 8216 8240 8288 12296 28672 32960 41024 49280 57344 65920 66304 82048 86016 132608 134144 197120 200704 264193 266241 395264 397312
1 4099 4102 4108 8216 8240 8288 12296 28672 32960 41024 49280 57344 65920 66304 82048 86016 132608 197120 200704 264193 265216 266241 394240 397312
1 4099 4102 4108 8216 8240 8288 12296 28672 32960 41024 49280 57344 65920 66304 82048 86016 133121 134144 135169 200704 263680 328192 394240 458752
1 4099 4102 4108 8216 8240 8288 12296 28672 32960 41024 49280 57344 65920 66304 82048 86016 133121 135169 200704 263680 265216 328192 395264 458752
1 4099 4102 4108 8216 8240 8288 12296 28672 32960 41024 49280 57344 65920 66304 82048 132608 134144 151552 197120 212992 264193 266241 395264 397312
1 4099 4102 4108 8216 8240 8288 12296 28672 32960 41024 49280 57344 65920 66304 82048 132608 134144 197120 212992 264193 266241 282624 395264 409600
1 4099 4102 4108 8216 8240 8288 12296 28672 32960 41024 49280 57344 65920 66304 82048 132608 151552 197120 212992 264193 265216 266241 394240 397312
1 4099 4102 4108 8216 8240 8288 12296 28672 32960 41024 49280 57344 65920 66304 82048 133121 135169 151552 212992 263680 265216 328192 395264 458752
1 4099 4102 4108 8216 8240 8288 12296 28672 32960 41024 49280 57344 65920 82048 82176 131840 132608 147712 151552 264193 265216 266241 394240 397312
1 4099 4102 4108 8216 8240 8288 12296 28672 32960 41024 49280 57344 65920 82048 86016 131840 132608 196864 200704 264193 265216 266241 394240 397312
1 4099 4102 4108 8216 8240 8288 12296 28672 32960 41024 49280 57344 65920 82048 86016 133121 134144 135169 200704 262912 263680 327936 394240 458752
1 4099 4102 4108 8216 8240 8288 12296 28672 32960 41024 49280 57344 65920 82048 131840 132608 151552 196864 212992 264193 265216 266241 394240 397312
1 4099 4102 4108 8216 8240 8288 12296 28672 32960 41024 49408 57344 65920 98432 98560 131840 132608 147712 151552 264193 265216 266241 394240 397312
1 4099 4102 4108 8216 8240 8288 12296 28672 32960 41024 53248 57344 65920 66304 98432 102400 132608 134144 197120 200704 264193 266241 395264 397312
1 4099 4102 4108 8216 8240 8288 12296 28672 32960 41024 53248 57344 65920 66304 98432 102400 132608 197120 200704 264193 265216 266241 394240 397312
1 4099 4102 4108 8216 8240 8288 12296 28672 32960 41024 53248 57344 65920 66304 98432 102400 133121 134144 135169 200704 263680 328192 394240 458752
1 4099 4102 4108 8216 8240 8288 12296 28672 32960 41024 53248 57344 65920 66304 98432 102400 133121 135169 200704 263680 265216 328192 395264 458752
1 4099 4102 4108 8216 8240 8288 12296 28672 32960 41024 53248 57344 65920 98432 102400 131840 132608 196864 200704 264193 265216 266241 394240 397312
1 4099 4102 4108 8216 8240 8288 12296 28672 32960 41024 53248 57344 65920 98432 102400 133121 134144 135169 200704 262912 263680 327936 394240 458752
1 4099 4102 4108 8216 8240 8288 12296 28672 32960 41024 53248 57344 66304 67072 98560 102400 133121 134144 135169 197632 200704 262528 295040 295168
1 4099 4102 4108 8216 8240 8288 12296 28672 32960 41024 53248 57344 66304 67072 102400 133121 134144 135169 197632 200704 262528 295040 327936 360448
1 4099 4102 4108 8216 8240 8288 12296 28672 32960 41024 53248 57344 67072 68608 102400 133121 135169 198656 200704 262528 262912 295040 328192 360448
1 4099 4102 4108 8216 8240 8288 12296 28672 32960 41024 53248 57344 67072 102400 133121 134144 135169 197632 200704 262528 262912 295040 328192 360448
1 4099 4102 4108 8216 8240 8288 12296 28672 32960 41024 53248 57344 67585 68608 69633 102400 131840 132608 164096 197632 229376 262528 295040 295168
1 4099 4102 4108 8216 8240 8288 12296 28672 32960 41024 53248 57344 67585 68608 69633 102400 131840 132608 197632 229376 262528 295040 393472 425984
1 4099 4102 4108 8216 8240 8288 12296 28672 32960 41024 53248 57344 67585 68608 69633 102400 131840 132608 197632 262528 295040 360448 393472 458752
1 4099 4102 4108 8216 8240 8288 12296 28672 32960 41024 53248 57344 67585 68608 69633 102400 132608 197632 229376 262528 262912 295040 393728 425984
1 4099 4102 4108 8216 8240 8288 12296 28672 32960 41024 53248 57344 67585 68608 69633 102400 132608 197632 262528 262912 295040 360448 393728 458752
1 4099 4102 4108 8216 8240 8288 12296 28672 32960 41024 53248 57344 67585 69633 102400 132608 134144 198656 229376 262528 262912 295040 393728 425984
1 4099 4102 4108 8216 8240 8288 12296 28672 32960 41024 53248 57344 67585 69633 102400 132608 134144 198656 262528 262912 295040 360448 393728 458752
1 4099 4102 4108 8216 8240 8288 12296 28672 32960 41024 57344 65920 66304 82432 98432 114688 132608 134144 147968 151552 264193 266241 395264 397312
2 4099 4102 4108 8216 8240 8288 12296 28672 32960 41024 57344 65920 66304 82432 98432 114688 132608 134144 147968 264193 266241 282624 395264 409600
1 4099 4102 4108 8216 8240 8288 12296 28672 32960 41024 57344 65920 66304 82432 98432 114688 132608 147968 151552 264193 265216 266241 394240 397312
1 4099 4102 4108 8216 8240 8288 12296 28672 32960 41024 57344 65920 66304 86016 98432 114688 132608 134144 197120 200704 264193 266241 395264 397312
1 4099 4102 4108 8216 8240 8288 12296 28672 32960 41024 57344 65920 66304 86016 98432 114688 132608 134144 197120 264193 266241 331776 395264 458752
1 4099 4102 4108 8216 8240 8288 12296 28672 32960 41024 57344 65920 66304 86016 98432 114688 132608 197120 200704 264193 265216 266241 394240 397312
1 4099 4102 4108 8216 8240 8288 12296 28672 32960 41024 57344 65920 66304 86016 98432 114688 132608 197120 264193 265216 266241 331776 394240 458752
1 4099 4102 4108 8216 8240 8288 12296 28672 32960 41024 57344 65920 66304 98432 114688 132608 134144 151552 197120 212992 264193 266241 395264 397312
2 4099 4102 4108 8216 8240 8288 12296 28672 32960 41024 57344 65920 66304 98432 114688 132608 134144 197120 212992 264193 266241 282624 395264 409600
1 4099 4102 4108 8216 8240 8288 12296 28672 32960 41024 57344 65920 66304 98432 114688 132608 134144 197120 264193 266241 282624 344064 395264 458752
1 4099 4102 4108 8216 8240 8288 12296 28672 32960 41024 57344 65920 66304 98432 114688 132608 151552 197120 212992 264193 265216 266241 394240 397312
1 4099 4102 4108 8216 8240 8288 12296 28672 32960 41024 57344 65920 82176 98432 114688 131840 132608 147712 151552 264193 265216 266241 394240 397312
1 4099 4102 4108 8216 8240 8288 12296 28672 32960 41024 57344 65920 86016 98432 114688 131840 132608 196864 200704 264193 265216 266241 394240 397312
1 4099 4102 4108 8216 8240 8288 12296 28672 32960 41024 57344 65920 86016 98432 114688 131840 132608 196864 264193 265216 266241 331776 394240 458752
1 4099 4102 4108 8216 8240 8288 12296 28672 32960 41024 57344 65920 98432 114688 131840 132608 151552 196864 212992 264193 265216 266241 394240 397312
1 4099 4102 4108 8216 8240 8288 12296 28672 32960 41024 57344 66304 67072 86016 98560 114688 133121 134144 135169 197632 200704 262528 295040 295168
1 4099 4102 4108 8216 8240 8288 12296 28672 32960 41024 57344 66304 67072 86016 114688 131456 163968 196864 229376 264193 265216 266241 328704 331776
1 4099 4102 4108 8216 8240 8288 12296 28672 32960 41024 57344 67072 68608 86016 114688 131456 131840 163968 197120 229376 264193 266241 329728 331776
1 4099 4102 4108 8216 8240 8288 12296 28672 32960 41024 57344 67072 86016 114688 131456 131840 163968 197120 229376 264193 265216 266241 328704 331776
1 4099 4102 4108 8216 8240 8288 12296 28672 32960 41024 57344 67585 69633 86016 114688 131456 131840 163968 229376 263680 265216 329728 393728 458752
2 4099 4102 4108 8216 8240 8288 12296 28672 33152 33536 49664 57344 65728 73792 98432 106496 132608 134144 147968 151552 264193 266241 395264 397312
1 4099 4102 4108 8216 8240 8288 12296 28672 33152 33536 49664 57344 65728 73792 98432 106496 132608 147968 151552 264193 265216 266241 394240 397312
1 4099 4102 4108 8216 8240 8288 12296 28672 33152 33536 53248 57344 67072 68608 98816 102400 133121 135169 198656 200704 262336 270400 295040 303104
1 4099 4102 4108 8216 8240 8288 12296 28672 33152 33536 53248 57344 67072 98816 102400 133121 134144 135169 197632 200704 262336 270400 295040 303104
1 4099 4102 4108 8216 8240 8288 12296 28672 33152 33536 53248 57344 67585 68608 69633 102400 132608 164352 197632 229376 262336 270400 295040 303104
1 4099 4102 4108 8216 8240 8288 12296 28672 33152 33536 53248 57344 67585 69633 102400 132608 134144 164352 198656 229376 262336 270400 295040 303104
2 4099 4102 4108 8216 8240 8288 12296 28672 33152 33536 57344 67072 68608 86016 98816 114688 133121 135169 198656 200704 262336 270400 295040 303104
1 4099 4102 4108 8216 8240 8288 12296 28672 33152 33536 57344 67072 86016 98816 114688 133121 134144 135169 197632 200704 262336 270400 295040 303104
1 4099 4102 4108 8216 8240 8288 12296 28672 33152 41024 49408 57344 65728 98368 98432 131840 132608 147712 151552 264193 265216 266241 394240 397312
1 4099 4102 4108 8216 8240 8288 12296 28672 33152 41024 53248 57344 66304 67072 98560 102400 133121 134144 135169 197632 200704 262336 294976 295040
1 4099 4102 4108 8216 8240 8288 12296 28672 33152 41024 53248 57344 67585 68608 69633 102400 131840 132608 164096 197632 229376 262336 294976 295040
1 4099 4102 4108 8216 8240 8288 12296 28672 33152 41024 57344 66304 67072 86016 98560 114688 133121 134144 135169 197632 200704 262336 294976 295040
1 4099 4102 4108 8216 8240 8288 12296 28672 33152 49408 57344 65728 73792 98432 106496 131840 132608 147712 151552 264193 265216 266241 394240 397312
1 4099 4102 4108 8216 8240 8288 12296 28672 33152 53248 57344 66304 67072 98560 102400 133121 134144 135169 197632 200704 262336 270400 295040 303104
1 4099 4102 4108 8216 8240 8288 12296 28672 33152 53248 57344 67585 68608 69633 102400 131840 132608 164096 197632 229376 262336 270400 295040 303104
1 4099 4102 4108 8216 8240 8288 12296 28672 33152 57344 66304 67072 86016 98560 114688 133121 134144 135169 197632 200704 262336 270400 295040 303104
1 4099 4102 4108 8216 8240 8288 12296 28672 33536 34304 50176 57344 65728 65920 73792 98560 106496 133121 134144 135169 148480 282624 397312 409600
1 4099 4102 4108 8216 8240 8288 12296 28672 33536 34304 50176 57344 65728 65920 73792 98560 106496 133121 134144 147457 148480 266241 278529 282624
1 4099 4102 4108 8216 8240 8288 12296 28672 33536 34304 50176 57344 65728 65920 73792 98560 106496 133121 134144 148480 266241 282624 393217 409600
1 4099 4102 4108 8216 8240 8288 12296 28672 33536 34304 50176 57344 65728 65920 73792 98560 106496 135169 148480 151552 264193 265216 393217 394240
1 4099 4102 4108 8216 8240 8288 12296 28672 33536 34304 50176 57344 65728 65920 73792 98560 106496 148480 151552 264193 265216 266241 394240 397312
1 4099 4102 4108 8216 8240 8288 12296 28672 33536 34304 53248 57344 67585 68608 69633 99328 102400 131264 131456 139328 164096 303104 401408 425984
1 4099 4102 4108 8216 8240 8288 12296 28672 33536 34304 53248 57344 67585 68608 69633 99328 102400 131264 131456 164096 172032 270400 393280 401408
1 4099 4102 4108 8216 8240 8288 12296 28672 33536 34304 53248 57344 67585 68608 69633 99328 102400 131264 131456 164096 270400 303104 393280 425984
1 4099 4102 4108 8216 8240 8288 12296 28672 33536 34304 53248 57344 67585 68608 69633 99328 102400 131264 139328 164096 172032 262528 393344 393472
1 4099 4102 4108 8216 8240 8288 12296 28672 33536 34304 53248 57344 67585 68608 69633 99328 102400 131456 139328 164096 172032 262336 393280 393344
1 4099 4102 4108 8216 8240 8288 12296 28672 33536 34304 53248 57344 67585 68608 69633 99328 102400 131456 164096 172032 262336 270400 393344 401408
1 4099 4102 4108 8216 8240 8288 12296 28672 33536 34304 53248 57344 67585 68608 69633 99328 102400 131456 164096 262336 270400 303104 393344 425984
1 4099 4102 4108 8216 8240 8288 12296 28672 33536 34304 53248 57344 67585 68608 69633 99328 102400 139328 164096 172032 262336 262528 393280 393472
1 4099 4102 4108 8216 8240 8288 12296 28672 33536 34304 53248 57344 67585 68608 69633 99328 102400 164096 172032 262336 262528 270400 393472 401408
1 4099 4102 4108 8216 8240 8288 12296 28672 33536 34304 53248 57344 67585 68608 69633 99328 102400 164096 262336 262528 270400 303104 393472 425984
1 4099 4102 4108 8216 8240 8288 12296 28672 33536 34304 57344 67585 68608 69633 99328 114688 151552 200704 212992 262336 262528 270400 295168 303104
1 4099 4102 4108 8216 8240 8288 12296 28672 33536 34304 57344 67585 68608 81921 99328 114688 135169 147457 151552 262336 262528 270400 295168 303104
1 4099 4102 4108 8216 8240 8288 12296 28672 33536 34304 57344 67585 68608 99328 114688 135169 151552 196609 212992 262336 262528 270400 295168 303104
1 4099 4102 4108 8216 8240 8288 12296 28672 33536 34304 57344 69633 86016 99328 114688 133121 134144 196609 197632 262336 262528 270400 295168 303104
1 4099 4102 4108 8216 8240 8288 12296 28672 33536 34304 57344 69633 86016 114688 133121 134144 164864 196609 229376 262336 262528 270400 295168 303104
1 4099 4102 4108 8216 8240 8288 12296 28672 33536 34304 57344 86016 99328 114688 133121 134144 135169 197632 200704 262336 262528 270400 295168 303104
1 4099 4102 4108 8216 8240 8288 12296 28672 33536 34304 57344 86016 102400 114688 133121 134144 135169 164864 167936 262336 262528 270400 295168 303104
1 4099 4102 4108 8216 8240 8288 12296 28672 33536 34304 57344 86016 114688 133121 134144 135169 164864 200704 229376 262336 262528 270400 295168 303104
2 4099 4102 4108 8216 8240 8288 12296 28672 33536 49664 57344 65728 65920 73792 98560 106496 132608 147968 151552 264193 265216 266241 394240 397312
1 4099 4102 4108 8216 8240 8288 12296 28672 33536 53248 57344 67072 68608 98816 102400 133121 135169 198656 200704 262336 262528 270400 295168 303104
1 4099 4102 4108 8216 8240 8288 12296 28672 33536 53248 57344 67072 98816 102400 133121 134144 135169 197632 200704 262336 262528 270400 295168 303104
1 4099 4102 4108 8216 8240 8288 12296 28672 33536 53248 57344 67585 68608 69633 99328 102400 132608 164352 164864 262336 262528 270400 295168 303104
1 4099 4102 4108 8216 8240 8288 12296 28672 33536 53248 57344 67585 68608 69633 102400 132608 164352 197632 229376 262336 262528 270400 295168 303104
1 4099 4102 4108 8216 8240 8288 12296 28672 33536 53248 57344 67585 69633 102400 132608 134144 164352 198656 229376 262336 262528 270400 295168 303104
2 4099 4102 4108 8216 8240 8288 12296 28672 33536 57344 67072 86016 98816 114688 133121 134144 135169 197632 200704 262336 262528 270400 295168 303104
1 4099 4102 4108 8216 8240 8288 12296 28672 34817 35840 36865 57344 86016 102400 114688 131840 132608 164864 172032 262336 262528 270400 393472 401408
1 4099 4102 4108 8216 8240 8288 12296 28672 34817 35840 36865 57344 86016 102400 114688 131840 132608 164864 262336 262528 270400 303104 393472 425984
1 4099 4102 4108 8216 8240 8288 12296 28672 34817 35840 49153 57344 66304 67072 99328 106496 131264 131456 139328 196864 204800 266241 278529 282624
1 4099 4102 4108 8216 8240 8288 12296 28672 34817 35840 49153 57344 66304 67072 99328 131264 131456 139328 172032 196864 229376 266241 278529 282624
1 4099 4102 4108 8216 8240 8288 12296 28672 34817 35840 57344 69633 86016 98305 114688 131840 132608 164864 172032 262336 262528 270400 393472 401408
1 4099 4102 4108 8216 8240 8288 12296 28672 34817 35840 57344 69633 86016 98305 114688 131840 132608 164864 262336 262528 270400 303104 393472 425984
1 4099 4102 4108 8216 8240 8288 12296 28672 36865 53248 57344 67585 68608 98305 99328 131840 132608 164864 172032 262336 262528 270400 393472 401408
1 4099 4102 4108 8216 8240 8288 12296 28672 36865 53248 57344 67585 68608 98305 99328 131840 132608 164864 262336 262528 270400 303104 393472 425984
1 4099 4102 4108 8216 8240 8288 12296 28672 36865 53248 57344 67585 68608 98305 106496 131264 131456 139328 204800 262912 263680 328704 393472 458752
1 4099 4102 4108 8216 8240 8288 12296 28672 36865 53248 57344 67585 68608 98305 106496 131840 132608 197632 204800 262336 262528 270400 393472 401408
1 4099 4102 4108 8216 8240 8288 12296 28672 36865 53248 57344 67585 68608 98305 131264 131456 139328 172032 229376 262912 263680 328704 393472 458752
1 4099 4102 4108 8216 8240 8288 12296 28672 36865 53248 57344 67585 68608 98305 131840 132608 172032 197632 229376 262336 262528 270400 393472 401408
1 4099 4102 4108 8216 8240 8288 12296 28672 36865 53248 57344 67585 68608 98305 131840 132608 197632 229376 262336 262528 270400 303104 393472 425984
1 4099 4102 4108 8216 8240 8288 12296 28672 53248 57344 65728 65920 73792 102400 106496 131840 132608 196864 200704 264193 265216 266241 394240 397312
1 4099 4102 4108 8216 8240 8288 12296 28672 53248 57344 65728 65920 73792 102400 106496 133121 134144 135169 200704 262912 263680 327936 394240 458752
1 4099 4102 4108 8216 8240 8288 12296 28672 53248 57344 66304 67072 98560 102400 133121 134144 135169 197632 200704 262336 262528 270400 295168 303104
2 4099 4102 4108 8216 8240 8288 12296 28672 53248 57344 66304 67072 102400 106496 133121 134144 135169 197632 200704 262336 262528 270400 327936 335872
1 4099 4102 4108 8216 8240 8288 12296 28672 53248 57344 66304 67072 102400 133121 134144 135169 197632 200704 262336 262528 270400 303104 327936 360448
2 4099 4102 4108 8216 8240 8288 12296 28672 53248 57344 67585 68608 69633 99328 102400 131840 132608 164096 164864 262336 262528 270400 295168 303104
1 4099 4102 4108 8216 8240 8288 12296 28672 53248 57344 67585 68608 69633 99328 102400 131840 132608 164864 262336 262528 270400 303104 393472 425984
2 4099 4102 4108 8216 8240 8288 12296 28672 53248 57344 67585 68608 69633 102400 131840 132608 197632 229376 262336 262528 270400 303104 393472 425984
2 4099 4102 4108 8216 8240 8288 12296 28672 53248 57344 67585 68608 69633 102400 131840 132608 197632 262336 262528 270400 303104 360448 393472 458752
1 4099 4102 4108 8216 8240 12296 16480 16576 24608 28672 33152 33536 49280 53248 67072 67585 68608 98816 102400 135169 200704 327681 393217 458752
1 4099 4102 4108 8216 8240 12296 16480 16576 24608 28672 33152 33536 49280 53248 67072 67585 68608 98816 102400 196609 200704 266241 393217 397312
1 4099 4102 4108 8216 8240 12296 16480 16576 24608 28672 33152 33536 49280 53248 67072 67585 68608 98816 102400 200704 266241 327681 397312 458752
1 4099 4102 4108 8216 8240 12296 16480 16576 24608 28672 33152 33536 49280 53248 67072 67585 68608 98816 135169 167936 229376 327681 393217 458752
1 4099 4102 4108 8216 8240 12296 16480 16576 24608 28672 33152 33536 49280 53248 67072 67585 68608 98816 135169 196609 229376 299008 397312 425984
1 4099 4102 4108 8216 8240 12296 16480 16576 24608 28672 33152 33536 49280 53248 67072 67585 68608 98816 167936 196609 229376 266241 393217 397312
1 4099 4102 4108 8216 8240 12296 16480 16576 24608 28672 33152 33536 49280 53248 67072 67585 68608 98816 167936 200704 229376 266241 327681 331776
1 4099 4102 4108 8216 8240 12296 16480 16576 24608 28672 33152 33536 49280 53248 67072 67585 68608 98816 167936 229376 266241 327681 397312 458752
1 4099 4102 4108 8216 8240 12296 16480 16576 24608 28672 33152 33536 49280 53248 67072 67585 68608 98816 196609 229376 266241 299008 393217 425984
1 4099 4102 4108 8216 8240 12296 16480 16576 24608 28672 33152 33536 49280 53248 67072 67585 68608 98816 229376 266241 299008 327681 425984 458752
1 4099 4102 4108 8216 8240 12296 16480 16576 24608 28672 33152 33536 49280 53248 67072 67585 69633 98816 102400 134144 198656 328704 394240 458752
1 4099 4102 4108 8216 8240 12296 16480 16576 24608 28672 33152 33536 49280 53248 67072 67585 69633 98816 102400 197632 198656 265216 394240 395264
1 4099 4102 4108 8216 8240 12296 16480 16576 24608 28672 33152 33536 49280 53248 67072 67585 69633 98816 102400 198656 265216 328704 395264 458752
1 4099 4102 4108 8216 8240 12296 16480 16576 24608 28672 33152 33536 49280 53248 67072 67585 69633 98816 167936 200704 229376 265216 328704 329728
1 4099 4102 4108 8216 8240 12296 16480 16576 24608 28672 33152 33536 49280 53248 67072 67585 98816 102400 135169 196609 200704 265216 328704 329728
1 4099 4102 4108 8216 8240 12296 16480 16576 24608 28672 33152 33536 49280 53248 67072 67585 98816 135169 167936 196609 229376 265216 328704 329728
1 4099 4102 4108 8216 8240 12296 16480 16576 24608 28672 33152 33536 49280 53248 67072 68608 69633 98816 102400 133121 196609 329728 395264 458752
1 4099 4102 4108 8216 8240 12296 16480 16576 24608 28672 33152 33536 49280 53248 67072 68608 69633 98816 102400 196609 198656 264193 393217 395264
1 4099 4102 4108 8216 8240 12296 16480 16576 24608 28672 33152 33536 49280 53248 67072 68608 69633 98816 102400 196609 264193 329728 393217 458752
1 4099 4102 4108 8216 8240 12296 16480 16576 24608 28672 33152 33536 49280 53248 67072 68608 69633 98816 167936 200704 229376 264193 327681 329728
1 4099 4102 4108 8216 8240 12296 16480 16576 24608 28672 33152 33536 49280 53248 67072 68608 98816 102400 133121 135169 200704 329728 395264 458752
1 4099 4102 4108 8216 8240 12296 16480 16576 24608 28672 33152 33536 49280 53248 67072 68608 98816 102400 133121 198656 200704 266241 393217 397312
1 4099 4102 4108 8216 8240 12296 16480 16576 24608 28672 33152 33536 49280 53248 67072 68608 98816 102400 135169 196609 200704 264193 327681 329728
1 4099 4102 4108 8216 8240 12296 16480 16576 24608 28672 33152 33536 49280 53248 67072 68608 98816 102400 135169 198656 200704 264193 393217 395264
1 4099 4102 4108 8216 8240 12296 16480 16576 24608 28672 33152 33536 49280 53248 67072 68608 98816 102400 135169 200704 264193 329728 393217 458752
1 4099 4102 4108 8216 8240 12296 16480 16576 24608 28672 33152 33536 49280 53248 67072 68608 98816 102400 198656 200704 264193 266241 395264 397312
1 4099 4102 4108 8216 8240 12296 16480 16576 24608 28672 33152 33536 49280 53248 67072 68608 98816 102400 200704 264193 266241 329728 397312 458752
1 4099 4102 4108 8216 8240 12296 16480 16576 24608 28672 33152 33536 49280 53248 67072 68608 98816 133121 135169 167936 229376 329728 395264 458752
1 4099 4102 4108 8216 8240 12296 16480 16576 24608 28672 33152 33536 49280 53248 67072 68608 98816 133121 135169 198656 229376 299008 397312 425984
1 4099 4102 4108 8216 8240 12296 16480 16576 24608 28672 33152 33536 49280 53248 67072 68608 98816 133121 167936 198656 229376 266241 393217 397312
1 4099 4102 4108 8216 8240 12296 16480 16576 24608 28672 33152 33536 49280 53248 67072 68608 98816 133121 198656 229376 266241 299008 393217 425984
1 4099 4102 4108 8216 8240 12296 16480 16576 24608 28672 33152 33536 49280 53248 67072 68608 98816 135169 167936 196609 229376 264193 327681 329728
1 4099 4102 4108 8216 8240 12296 16480 16576 24608 28672 33152 33536 49280 53248 67072 68608 98816 135169 167936 198656 229376 264193 393217 395264
1 4099 4102 4108 8216 8240 12296 16480 16576 24608 28672 33152 33536 49280 53248 67072 68608 98816 135169 167936 229376 264193 329728 393217 458752
1 4099 4102 4108 8216 8240 12296 16480 16576 24608 28672 33152 33536 49280 53248 67072 68608 98816 167936 198656 229376 264193 266241 395264 397312
1 4099 4102 4108 8216 8240 12296 16480 16576 24608 28672 33152 33536 49280 53248 67072 68608 98816 167936 200704 229376 264193 266241 329728 331776
1 4099 4102 4108 8216 8240 12296 16480 16576 24608 28672 33152 33536 49280 53248 67072 68608 98816 167936 229376 264193 266241 329728 397312 458752
1 4099 4102 4108 8216 8240 12296 16480 16576 24608 28672 33152 33536 49280 53248 67072 68608 98816 198656 229376 264193 266241 299008 395264 425984
1 4099 4102 4108 8216 8240 12296 16480 16576 24608 28672 33152 33536 49280 53248 67072 68608 98816 229376 264193 266241 299008 329728 425984 458752
1 4099 4102 4108 8216 8240 12296 16480 16576 24608 28672 33152 33536 49280 53248 67072 69633 98816 102400 133121 134144 196609 328704 394240 458752
1 4099 4102 4108 8216 8240 12296 16480 16576 24608 28672 33152 33536 49280 53248 67072 69633 98816 102400 133121 196609 197632 265216 394240 395264
1 4099 4102 4108 8216 8240 12296 16480 16576 24608 28672 33152 33536 49280 53248 67072 69633 98816 102400 133121 196609 198656 265216 328704 329728
1 4099 4102 4108 8216 8240 12296 16480 16576 24608 28672 33152 33536 49280 53248 67072 69633 98816 102400 133121 196609 265216 328704 395264 458752
1 4099 4102 4108 8216 8240 12296 16480 16576 24608 28672 33152 33536 49280 53248 67072 69633 98816 102400 134144 196609 197632 264193 393217 395264
1 4099 4102 4108 8216 8240 12296 16480 16576 24608 28672 33152 33536 49280 53248 67072 69633 98816 102400 196609 197632 264193 265216 393217 394240
1 4099 4102 4108 8216 8240 12296 16480 16576 24608 28672 33152 33536 49280 53248 67072 69633 98816 102400 196609 264193 265216 328704 393217 458752
1 4099 4102 4108 8216 8240 12296 16480 16576 24608 28672 33152 33536 49280 53248 67072 69633 98816 167936 200704 229376 264193 265216 327681 328704
1 4099 4102 4108 8216 8240 12296 16480 16576 24608 28672 33152 33536 49280 53248 67072 98816 102400 133121 134144 135169 200704 328704 394240 458752
1 4099 4102 4108 8216 8240 12296 16480 16576 24608 28672 33152 33536 49280 53248 67072 98816 102400 133121 134144 197632 200704 266241 393217 397312
1 4099 4102 4108 8216 8240 12296 16480 16576 24608 28672 33152 33536 49280 53248 67072 98816 102400 133121 135169 197632 200704 265216 394240 395264
1 4099 4102 4108 8216 8240 12296 16480 16576 24608 28672 33152 33536 49280 53248 67072 98816 102400 133121 135169 198656 200704 265216 328704 329728
1 4099 4102 4108 8216 8240 12296 16480 16576 24608 28672 33152 33536 49280 53248 67072 98816 102400 133121 135169 200704 265216 328704 395264 458752
1 4099 4102 4108 8216 8240 12296 16480 16576 24608 28672 33152 33536 49280 53248 67072 98816 102400 134144 135169 197632 200704 264193 393217 395264
1 4099 4102 4108 8216 8240 12296 16480 16576 24608 28672 33152 33536 49280 53248 67072 98816 102400 134144 197632 200704 264193 266241 395264 397312
1 4099 4102 4108 8216 8240 12296 16480 16576 24608 28672 33152 33536 49280 53248 67072 98816 102400 135169 196609 200704 264193 265216 327681 328704
1 4099 4102 4108 8216 8240 12296 16480 16576 24608 28672 33152 33536 49280 53248 67072 98816 102400 135169 197632 200704 264193 265216 393217 394240
1 4099 4102 4108 8216 8240 12296 16480 16576 24608 28672 33152 33536 49280 53248 67072 98816 102400 135169 200704 264193 265216 328704 393217 458752
1 4099 4102 4108 8216 8240 12296 16480 16576 24608 28672 33152 33536 49280 53248 67072 98816 102400 197632 200704 264193 265216 266241 394240 397312
1 4099 4102 4108 8216 8240 12296 16480 16576 24608 28672 33152 33536 49280 53248 67072 98816 102400 200704 264193 265216 266241 328704 397312 458752
1 4099 4102 4108 8216 8240 12296 16480 16576 24608 28672 33152 33536 49280 53248 67072 98816 133121 134144 135169 167936 229376 328704 394240 458752
1 4099 4102 4108 8216 8240 12296 16480 16576 24608 28672 33152 33536 49280 53248 67072 98816 133121 134144 135169 197632 229376 299008 397312 425984
1 4099 4102 4108 8216 8240 12296 16480 16576 24608 28672 33152 33536 49280 53248 67072 98816 133121 134144 167936 197632 229376 266241 393217 397312
1 4099 4102 4108 8216 8240 12296 16480 16576 24608 28672 33152 33536 49280 53248 67072 98816 133121 134144 197632 229376 266241 299008 393217 425984
1 4099 4102 4108 8216 8240 12296 16480 16576 24608 28672 33152 33536 49280 53248 67072 98816 133121 135169 167936 197632 229376 265216 394240 395264
1 4099 4102 4108 8216 8240 12296 16480 16576 24608 28672 33152 33536 49280 53248 67072 98816 133121 135169 167936 198656 229376 265216 328704 329728
1 4099 4102 4108 8216 8240 12296 16480 16576 24608 28672 33152 33536 49280 53248 67072 98816 133121 135169 167936 229376 265216 328704 395264 458752
1 4099 4102 4108 8216 8240 12296 16480 16576 24608 28672 33152 33536 49280 53248 67072 98816 134144 135169 167936 197632 229376 264193 393217 395264
1 4099 4102 4108 8216 8240 12296 16480 16576 24608 28672 33152 33536 49280 53248 67072 98816 134144 167936 197632 229376 264193 266241 395264 397312
1 4099 4102 4108 8216 8240 12296 16480 16576 24608 28672 33152 33536 49280 53248 67072 98816 134144 197632 229376 264193 266241 299008 395264 425984
1 4099 4102 4108 8216 8240 12296 16480 16576 24608 28672 33152 33536 49280 53248 67072 98816 135169 167936 196609 229376 264193 265216 327681 328704
1 4099 4102 4108 8216 8240 12296 16480 16576 24608 28672 33152 33536 49280 53248 67072 98816 135169 167936 197632 229376 264193 265216 393217 394240
1 4099 4102 4108 8216 8240 12296 16480 16576 24608 28672 33152 33536 49280 53248 67072 98816 135169 167936 229376 264193 265216 328704 393217 458752
1 4099 4102 4108 8216 8240 12296 16480 16576 24608 28672 33152 33536 49280 53248 67072 98816 167936 197632 229376 264193 265216 266241 394240 397312
1 4099 4102 4108 8216 8240 12296 16480 16576 24608 28672 33152 33536 49280 53248 67072 98816 167936 200704 229376 264193 265216 266241 328704 331776
1 4099 4102 4108 8216 8240 12296 16480 16576 24608 28672 33152 33536 49280 53248 67072 98816 167936 229376 264193 265216 266241 328704 397312 458752
1 4099 4102 4108 8216 8240 12296 16480 16576 24608 28672 33152 33536 49280 53248 67072 98816 197632 229376 264193 265216 266241 299008 394240 425984
1 4099 4102 4108 8216 8240 12296 16480 16576 24608 28672 33152 33536 49280 53248 67072 98816 229376 264193 265216 266241 299008 328704 425984 458752
1 4099 4102 4108 8216 8240 12296 16480 16576 24608 28672 33152 33536 49280 53248 67585 68608 69633 98816 102400 132608 197632 328192 393728 458752
1 4099 4102 4108 8216 8240 12296 16480 16576 24608 28672 33152 33536 49280 53248 67585 68608 69633 98816 102400 197120 197632 263680 393728 394240
1 4099 4102 4108 8216 8240 12296 16480 16576 24608 28672 33152 33536 49280 53248 67585 68608 69633 98816 102400 197632 263680 328192 394240 458752
1 4099 4102 4108 8216 8240 12296 16480 16576 24608 28672 33152 33536 49280 53248 67585 68608 69633 98816 167936 200704 229376 263680 328192 328704
1 4099 4102 4108 8216 8240 12296 16480 16576 24608 28672 33152 33536 49280 53248 67585 68608 98816 102400 135169 196609 200704 263680 328192 328704
1 4099 4102 4108 8216 8240 12296 16480 16576 24608 28672 33152 33536 49280 53248 67585 68608 98816 135169 167936 196609 229376 263680 328192 328704
1 4099 4102 4108 8216 8240 12296 16480 16576 24608 28672 33152 33536 49280 53248 67585 69633 98816 102400 132608 134144 198656 328192 393728 458752
1 4099 4102 4108 8216 8240 12296 16480 16576 24608 28672 33152 33536 49280 53248 67585 69633 98816 102400 132608 197120 198656 265216 394240 395264
1 4099 4102 4108 8216 8240 12296 16480 16576 24608 28672 33152 33536 49280 53248 67585 69633 98816 102400 134144 197120 198656 263680 393728 394240
1 4099 4102 4108 8216 8240 12296 16480 16576 24608 28672 33152 33536 49280 53248 67585 69633 98816 102400 134144 197632 198656 263680 328192 328704
1 4099 4102 4108 8216 8240 12296 16480 16576 24608 28672 33152 33536 49280 53248 67585 69633 98816 102400 134144 198656 263680 328192 394240 458752
1 4099 4102 4108 8216 8240 12296 16480 16576 24608 28672 33152 33536 49280 53248 67585 69633 98816 102400 197120 198656 263680 265216 393728 395264
1 4099 4102 4108 8216 8240 12296 16480 16576 24608 28672 33152 33536 49280 53248 67585 69633 98816 102400 198656 263680 265216 328192 395264 458752
1 4099 4102 4108 8216 8240 12296 16480 16576 24608 28672 33152 33536 49280 53248 67585 69633 98816 167936 200704 229376 263680 265216 328192 329728
1 4099 4102 4108 8216 8240 12296 16480 16576 24608 28672 33152 33536 49280 53248 67585 98816 102400 135169 196609 200704 263680 265216 328192 329728
1 4099 4102 4108 8216 8240 12296 16480 16576 24608 28672 33152 33536 49280 53248 67585 98816 135169 167936 196609 229376 263680 265216 328192 329728
1 4099 4102 4108 8216 8240 12296 16480 16576 24608 28672 33152 33536 49280 53248 68608 69633 98816 102400 133121 196609 198656 263680 328192 328704
1 4099 4102 4108 8216 8240 12296 16480 16576 24608 28672 33152 33536 49280 53248 68608 98816 102400 133121 135169 198656 200704 263680 328192 328704
1 4099 4102 4108 8216 8240 12296 16480 16576 24608 28672 33152 33536 49280 53248 68608 98816 133121 135169 167936 198656 229376 263680 328192 328704
1 4099 4102 4108 8216 8240 12296 16480 16576 24608 28672 33152 33536 49280 53248 69633 98816 102400 132608 133121 134144 196609 328192 393728 458752
1 4099 4102 4108 8216 8240 12296 16480 16576 24608 28672 33152 33536 49280 53248 69633 98816 102400 132608 133121 196609 197120 265216 394240 395264
1 4099 4102 4108 8216 8240 12296 16480 16576 24608 28672 33152 33536 49280 53248 69633 98816 102400 132608 134144 196609 197120 264193 393217 395264
1 4099 4102 4108 8216 8240 12296 16480 16576 24608 28672 33152 33536 49280 53248 69633 98816 102400 132608 196609 197120 264193 265216 393217 394240
1 4099 4102 4108 8216 8240 12296 16480 16576 24608 28672 33152 33536 49280 53248 69633 98816 102400 133121 134144 196609 197120 263680 393728 394240
1 4099 4102 4108 8216 8240 12296 16480 16576 24608 28672 33152 33536 49280 53248 69633 98816 102400 133121 134144 196609 197632 263680 328192 328704
1 4099 4102 4108 8216 8240 12296 16480 16576 24608 28672 33152 33536 49280 53248 69633 98816 102400 133121 134144 196609 263680 328192 394240 458752
1 4099 4102 4108 8216 8240 12296 16480 16576 24608 28672 33152 33536 49280 53248 69633 98816 102400 133121 196609 197120 263680 265216 393728 395264
1 4099 4102 4108 8216 8240 12296 16480 16576 24608 28672 33152 33536 49280 53248 69633 98816 102400 133121 196609 198656 263680 265216 328192 329728
1 4099 4102 4108 8216 8240 12296 16480 16576 24608 28672 33152 33536 49280 53248 69633 98816 102400 133121 196609 263680 265216 328192 395264 458752
1 4099 4102 4108 8216 8240 12296 16480 16576 24608 28672 33152 33536 49280 53248 69633 98816 102400 196609 197120 263680 264193 265216 393217 393728
1 4099 4102 4108 8216 8240 12296 16480 16576 24608 28672 33152 33536 49280 53248 69633 98816 102400 196609 263680 264193 265216 328192 393217 458752
1 4099 4102 4108 8216 8240 12296 16480 16576 24608 28672 33152 33536 49280 53248 69633 98816 167936 200704 229376 263680 264193 265216 327681 328192
1 4099 4102 4108 8216 8240 12296 16480 16576 24608 28672 33152 33536 49280 53248 98816 102400 132608 133121 134144 197120 200704 266241 393217 397312
1 4099 4102 4108 8216 8240 12296 16480 16576 24608 28672 33152 33536 49280 53248 98816 102400 132608 133121 135169 197120 200704 265216 394240 395264
1 4099 4102 4108 8216 8240 12296 16480 16576 24608 28672 33152 33536 49280 53248 98816 102400 132608 134144 135169 197120 200704 264193 393217 395264
1 4099 4102 4108 8216 8240 12296 16480 16576 24608 28672 33152 33536 49280 53248 98816 102400 132608 134144 197120 200704 264193 266241 395264 397312
1 4099 4102 4108 8216 8240 12296 16480 16576 24608 28672 33152 33536 49280 53248 98816 102400 132608 135169 197120 200704 264193 265216 393217 394240
1 4099 4102 4108 8216 8240 12296 16480 16576 24608 28672 33152 33536 49280 53248 98816 102400 132608 197120 200704 264193 265216 266241 394240 397312
1 4099 4102 4108 8216 8240 12296 16480 16576 24608 28672 33152 33536 49280 53248 98816 102400 133121 134144 135169 197120 200704 263680 393728 394240
1 4099 4102 4108 8216 8240 12296 16480 16576 24608 28672 33152 33536 49280 53248 98816 102400 133121 134144 135169 197632 200704 263680 328192 328704
1 4099 4102 4108 8216 8240 12296 16480 16576 24608 28672 33152 33536 49280 53248 98816 102400 133121 134144 135169 200704 263680 328192 394240 458752
1 4099 4102 4108 8216 8240 12296 16480 16576 24608 28672 33152 33536 49280 53248 98816 102400 133121 135169 197120 200704 263680 265216 393728 395264
1 4099 4102 4108 8216 8240 12296 16480 16576 24608 28672 33152 33536 49280 53248 98816 102400 133121 135169 198656 200704 263680 265216 328192 329728
1 4099 4102 4108 8216 8240 12296 16480 16576 24608 28672 33152 33536 49280 53248 98816 102400 133121 135169 200704 263680 265216 328192 395264 458752
1 4099 4102 4108 8216 8240 12296 16480 16576 24608 28672 33152 33536 49280 53248 98816 102400 135169 196609 200704 263680 264193 265216 327681 328192
1 4099 4102 4108 8216 8240 12296 16480 16576 24608 28672 33152 33536 49280 53248 98816 102400 135169 197120 200704 263680 264193 265216 393217 393728
1 4099 4102 4108 8216 8240 12296 16480 16576 24608 28672 33152 33536 49280 53248 98816 102400 135169 200704 263680 264193 265216 328192 393217 458752
1 4099 4102 4108 8216 8240 12296 16480 16576 24608 28672 33152 33536 49280 53248 98816 132608 133121 134144 167936 197120 229376 266241 393217 397312
1 4099 4102 4108 8216 8240 12296 16480 16576 24608 28672 33152 33536 49280 53248 98816 132608 133121 134144 197120 229376 266241 299008 393217 425984
1 4099 4102 4108 8216 8240 12296 16480 16576 24608 28672 33152 33536 49280 53248 98816 132608 133121 135169 167936 197120 229376 265216 394240 395264
1 4099 4102 4108 8216 8240 12296 16480 16576 24608 28672 33152 33536 49280 53248 98816 132608 134144 135169 167936 197120 229376 264193 393217 395264
1 4099 4102 4108 8216 8240 12296 16480 16576 24608 28672 33152 33536 49280 53248 98816 132608 134144 167936 197120 229376 264193 266241 395264 397312
1 4099 4102 4108 8216 8240 12296 16480 16576 24608 28672 33152 33536 49280 53248 98816 132608 134144 197120 229376 264193 266241 299008 395264 425984
1 4099 4102 4108 8216 8240 12296 16480 16576 24608 28672 33152 33536 49280 53248 98816 132608 135169 167936 197120 229376 264193 265216 393217 394240
1 4099 4102 4108 8216 8240 12296 16480 16576 24608 28672 33152 33536 49280 53248 98816 132608 167936 197120 229376 264193 265216 266241 394240 397312
1 4099 4102 4108 8216 8240 12296 16480 16576 24608 28672 33152 33536 49280 53248 98816 132608 197120 229376 264193 265216 266241 299008 394240 425984
1 4099 4102 4108 8216 8240 12296 16480 16576 24608 28672 33152 33536 49280 53248 98816 133121 134144 135169 167936 197120 229376 263680 393728 394240
1 4099 4102 4108 8216 8240 12296 16480 16576 24608 28672 33152 33536 49280 53248 98816 133121 134144 135169 167936 197632 229376 263680 328192 328704
1 4099 4102 4108 8216 8240 12296 16480 16576 24608 28672 33152 33536 49280 53248 98816 133121 134144 135169 167936 229376 263680 328192 394240 458752
1 4099 4102 4108 8216 8240 12296 16480 16576 24608 28672 33152 33536 49280 53248 98816 133121 135169 167936 197120 229376 263680 265216 393728 395264
1 4099 4102 4108 8216 8240 12296 16480 16576 24608 28672 33152 33536 49280 53248 98816 133121 135169 167936 198656 229376 263680 265216 328192 329728
1 4099 4102 4108 8216 8240 12296 16480 16576 24608 28672 33152 33536 49280 53248 98816 133121 135169 167936 229376 263680 265216 328192 395264 458752
1 4099 4102 4108 8216 8240 12296 16480 16576 24608 28672 33152 33536 49280 53248 98816 135169 167936 196609 229376 263680 264193 265216 327681 328192
1 4099 4102 4108 8216 8240 12296 16480 16576 24608 28672 33152 33536 49280 53248 98816 135169 167936 197120 229376 263680 264193 265216 393217 393728
1 4099 4102 4108 8216 8240 12296 16480 16576 24608 28672 33152 33536 49280 53248 98816 135169 167936 229376 263680 264193 265216 328192 393217 458752
1 4099 4102 4108 8216 8240 12296 16480 16576 24608 28672 33152 33536 49280 67072 67585 68608 86016 98816 114688 135169 200704 327681 393217 458752
2 4099 4102 4108 8216 8240 12296 16480 16576 24608 28672 33152 33536 49280 67072 67585 68608 86016 98816 114688 200704 266241 327681 397312 458752
1 4099 4102 4108 8216 8240 12296 16480 16576 24608 28672 33152 33536 49280 67072 67585 68608 86016 98816 180224 212992 229376 266241 327681 331776
1 4099 4102 4108 8216 8240 12296 16480 16576 24608 28672 33152 33536 49280 67072 67585 68608 98816 102400 135169 196609 200704 282624 299008 311296
1 4099 4102 4108 8216 8240 12296 16480 16576 24608 28672 33152 33536 49280 67072 67585 68608 98816 114688 135169 151552 212992 327681 393217 458752
1 4099 4102 4108 8216 8240 12296 16480 16576 24608 28672 33152 33536 49280 67072 67585 68608 98816 114688 135169 196609 212992 282624 397312 409600
2 4099 4102 4108 8216 8240 12296 16480 16576 24608 28672 33152 33536 49280 67072 67585 68608 98816 114688 151552 200704 212992 266241 327681 331776
2 4099 4102 4108 8216 8240 12296 16480 16576 24608 28672 33152 33536 49280 67072 67585 68608 98816 114688 151552 212992 266241 327681 397312 458752
2 4099 4102 4108 8216 8240 12296 16480 16576 24608 28672 33152 33536 49280 67072 67585 68608 98816 114688 196609 212992 266241 282624 393217 409600
1 4099 4102 4108 8216 8240 12296 16480 16576 24608 28672 33152 33536 49280 67072 67585 68608 98816 135169 151552 180224 229376 327681 393217 458752
1 4099 4102 4108 8216 8240 12296 16480 16576 24608 28672 33152 33536 49280 67072 67585 68608 98816 135169 151552 196609 229376 311296 409600 425984
1 4099 4102 4108 8216 8240 12296 16480 16576 24608 28672 33152 33536 49280 67072 67585 68608 98816 135169 167936 196609 229376 282624 299008 311296
1 4099 4102 4108 8216 8240 12296 16480 16576 24608 28672 33152 33536 49280 67072 67585 68608 98816 135169 180224 196609 229376 282624 397312 409600
1 4099 4102 4108 8216 8240 12296 16480 16576 24608 28672 33152 33536 49280 67072 67585 68608 98816 135169 196609 229376 282624 311296 397312 425984
1 4099 4102 4108 8216 8240 12296 16480 16576 24608 28672 33152 33536 49280 67072 67585 68608 98816 151552 180224 196609 229376 266241 393217 397312
1 4099 4102 4108 8216 8240 12296 16480 16576 24608 28672 33152 33536 49280 67072 67585 68608 98816 151552 180224 200704 229376 266241 327681 331776
1 4099 4102 4108 8216 8240 12296 16480 16576 24608 28672 33152 33536 49280 67072 67585 68608 98816 151552 180224 229376 266241 327681 397312 458752
1 4099 4102 4108 8216 8240 12296 16480 16576 24608 28672 33152 33536 49280 67072 67585 68608 98816 180224 196609 229376 266241 282624 393217 409600
1 4099 4102 4108 8216 8240 12296 16480 16576 24608 28672 33152 33536 49280 67072 67585 68608 98816 180224 212992 229376 266241 282624 327681 344064
1 4099 4102 4108 8216 8240 12296 16480 16576 24608 28672 33152 33536 49280 67072 67585 68608 98816 180224 229376 266241 282624 327681 409600 458752
1 4099 4102 4108 8216 8240 12296 16480 16576 24608 28672 33152 33536 49280 67072 67585 68608 98816 196609 229376 266241 282624 311296 393217 425984
1 4099 4102 4108 8216 8240 12296 16480 16576 24608 28672 33152 33536 49280 67072 67585 68608 98816 229376 266241 282624 311296 327681 425984 458752
1 4099 4102 4108 8216 8240 12296 16480 16576 24608 28672 33152 33536 49280 67072 67585 69633 86016 98816 114688 134144 198656 328704 394240 458752
1 4099 4102 4108 8216 8240 12296 16480 16576 24608 28672 33152 33536 49280 67072 67585 69633 86016 98816 114688 197632 198656 265216 394240 395264
1 4099 4102 4108 8216 8240 12296 16480 16576 24608 28672 33152 33536 49280 67072 67585 69633 86016 98816 114688 198656 265216 328704 395264 458752
1 4099 4102 4108 8216 8240 12296 16480 16576 24608 28672 33152 33536 49280 67072 67585 69633 86016 98816 180224 212992 229376 265216 328704 329728
1 4099 4102 4108 8216 8240 12296 16480 16576 24608 28672 33152 33536 49280 67072 67585 69633 98816 102400 134144 197632 198656 282624 299008 311296
1 4099 4102 4108 8216 8240 12296 16480 16576 24608 28672 33152 33536 49280 67072 67585 69633 98816 114688 151552 200704 212992 265216 328704 329728
1 4099 4102 4108 8216 8240 12296 16480 16576 24608 28672 33152 33536 49280 67072 67585 69633 98816 151552 180224 200704 229376 265216 328704 329728
1 4099 4102 4108 8216 8240 12296 16480 16576 24608 28672 33152 33536 49280 67072 67585 86016 98816 114688 135169 196609 200704 265216 328704 329728
1 4099 4102 4108 8216 8240 12296 16480 16576 24608 28672 33152 33536 49280 67072 67585 98816 114688 135169 151552 196609 212992 265216 328704 329728
1 4099 4102 4108 8216 8240 12296 16480 16576 24608 28672 33152 33536 49280 67072 67585 98816 135169 151552 180224 196609 229376 265216 328704 329728
1 4099 4102 4108 8216 8240 12296 16480 16576 24608 28672 33152 33536 49280 67072 68608 69633 86016 98816 114688 133121 196609 329728 395264 458752
1 4099 4102 4108 8216 8240 12296 16480 16576 24608 28672 33152 33536 49280 67072 68608 69633 86016 98816 114688 196609 198656 264193 393217 395264
1 4099 4102 4108 8216 8240 12296 16480 16576 24608 28672 33152 33536 49280 67072 68608 69633 86016 98816 114688 196609 264193 329728 393217 458752
1 4099 4102 4108 8216 8240 12296 16480 16576 24608 28672 33152 33536 49280 67072 68608 69633 86016 98816 180224 212992 229376 264193 327681 329728
1 4099 4102 4108 8216 8240 12296 16480 16576 24608 28672 33152 33536 49280 67072 68608 69633 98816 102400 133121 196609 198656 282624 299008 311296
1 4099 4102 4108 8216 8240 12296 16480 16576 24608 28672 33152 33536 49280 67072 68608 69633 98816 114688 151552 200704 212992 264193 327681 329728
1 4099 4102 4108 8216 8240 12296 16480 16576 24608 28672 33152 33536 49280 67072 68608 69633 98816 151552 180224 200704 229376 264193 327681 329728
1 4099 4102 4108 8216 8240 12296 16480 16576 24608 28672 33152 33536 49280 67072 68608 86016 98816 114688 133121 135169 200704 329728 395264 458752
1 4099 4102 4108 8216 8240 12296 16480 16576 24608 28672 33152 33536 49280 67072 68608 86016 98816 114688 133121 198656 200704 266241 393217 397312
1 4099 4102 4108 8216 8240 12296 16480 16576 24608 28672 33152 33536 49280 67072 68608 86016 98816 114688 135169 196609 200704 264193 327681 329728
1 4099 4102 4108 8216 8240 12296 16480 16576 24608 28672 33152 33536 49280 67072 68608 86016 98816 114688 135169 198656 200704 264193 393217 395264
1 4099 4102 4108 8216 8240 12296 16480 16576 24608 28672 33152 33536 49280 67072 68608 86016 98816 114688 135169 200704 264193 329728 393217 458752
1 4099 4102 4108 8216 8240 12296 16480 16576 24608 28672 33152 33536 49280 67072 68608 86016 98816 114688 198656 200704 264193 266241 395264 397312
1 4099 4102 4108 8216 8240 12296 16480 16576 24608 28672 33152 33536 49280 67072 68608 86016 98816 114688 200704 264193 266241 329728 397312 458752
1 4099 4102 4108 8216 8240 12296 16480 16576 24608 28672 33152 33536 49280 67072 68608 86016 98816 180224 212992 229376 264193 266241 329728 331776
1 4099 4102 4108 8216 8240 12296 16480 16576 24608 28672 33152 33536 49280 67072 68608 98816 102400 133121 135169 198656 200704 282624 299008 311296
1 4099 4102 4108 8216 8240 12296 16480 16576 24608 28672 33152 33536 49280 67072 68608 98816 114688 133121 135169 151552 212992 329728 395264 458752
1 4099 4102 4108 8216 8240 12296 16480 16576 24608 28672 33152 33536 49280 67072 68608 98816 114688 133121 135169 198656 212992 282624 397312 409600
1 4099 4102 4108 8216 8240 12296 16480 16576 24608 28672 33152 33536 49280 67072 68608 98816 114688 133121 151552 198656 212992 266241 393217 397312
1 4099 4102 4108 8216 8240 12296 16480 16576 24608 28672 33152 33536 49280 67072 68608 98816 114688 133121 198656 212992 266241 282624 393217 409600
1 4099 4102 4108 8216 8240 12296 16480 16576 24608 28672 33152 33536 49280 67072 68608 98816 114688 135169 151552 196609 212992 264193 327681 329728
1 4099 4102 4108 8216 8240 12296 16480 16576 24608 28672 33152 33536 49280 67072 68608 98816 114688 135169 151552 198656 212992 264193 393217 395264
1 4099 4102 4108 8216 8240 12296 16480 16576 24608 28672 33152 33536 49280 67072 68608 98816 114688 135169 151552 212992 264193 329728 393217 458752
1 4099 4102 4108 8216 8240 12296 16480 16576 24608 28672 33152 33536 49280 67072 68608 98816 114688 151552 198656 212992 264193 266241 395264 397312
1 4099 4102 4108 8216 8240 12296 16480 16576 24608 28672 33152 33536 49280 67072 68608 98816 114688 151552 200704 212992 264193 266241 329728 331776
1 4099 4102 4108 8216 8240 12296 16480 16576 24608 28672 33152 33536 49280 67072 68608 98816 114688 151552 212992 264193 266241 329728 397312 458752
1 4099 4102 4108 8216 8240 12296 16480 16576 24608 28672 33152 33536 49280 67072 68608 98816 114688 198656 212992 264193 266241 282624 395264 409600
1 4099 4102 4108 8216 8240 12296 16480 16576 24608 28672 33152 33536 49280 67072 68608 98816 114688 212992 264193 266241 282624 329728 409600 458752
1 4099 4102 4108 8216 8240 12296 16480 16576 24608 28672 33152 33536 49280 67072 68608 98816 133121 135169 151552 180224 229376 329728 395264 458752
1 4099 4102 4108 8216 8240 12296 16480 16576 24608 28672 33152 33536 49280 67072 68608 98816 133121 135169 151552 198656 229376 311296 409600 425984
1 4099 4102 4108 8216 8240 12296 16480 16576 24608 28672 33152 33536 49280 67072 68608 98816 133121 135169 167936 198656 229376 282624 299008 311296
1 4099 4102 4108 8216 8240 12296 16480 16576 24608 28672 33152 33536 49280 67072 68608 98816 133121 135169 180224 198656 229376 282624 397312 409600
1 4099 4102 4108 8216 8240 12296 16480 16576 24608 28672 33152 33536 49280 67072 68608 98816 133121 135169 198656 229376 282624 311296 397312 425984
1 4099 4102 4108 8216 8240 12296 16480 16576 24608 28672 33152 33536 49280 67072 68608 98816 133121 151552 180224 198656 229376 266241 393217 397312
1 4099 4102 4108 8216 8240 12296 16480 16576 24608 28672 33152 33536 49280 67072 68608 98816 133121 180224 198656 229376 266241 282624 393217 409600
1 4099 4102 4108 8216 8240 12296 16480 16576 24608 28672 33152 33536 49280 67072 68608 98816 133121 198656 229376 266241 282624 311296 393217 425984
1 4099 4102 4108 8216 8240 12296 16480 16576 24608 28672 33152 33536 49280 67072 68608 98816 135169 151552 180224 196609 229376 264193 327681 329728
1 4099 4102 4108 8216 8240 12296 16480 16576 24608 28672 33152 33536 49280 67072 68608 98816 135169 151552 180224 198656 229376 264193 393217 395264
1 4099 4102 4108 8216 8240 12296 16480 16576 24608 28672 33152 33536 49280 67072 68608 98816 135169 151552 180224 229376 264193 329728 393217 458752
1 4099 4102 4108 8216 8240 12296 16480 16576 24608 28672 33152 33536 49280 67072 68608 98816 151552 180224 198656 229376 264193 266241 395264 397312
1 4099 4102 4108 8216 8240 12296 16480 16576 24608 28672 33152 33536 49280 67072 68608 98816 151552 180224 200704 229376 264193 266241 329728 331776
1 4099 4102 4108 8216 8240 12296 16480 16576 24608 28672 33152 33536 49280 67072 68608 98816 151552 180224 229376 264193 266241 329728 397312 458752
1 4099 4102 4108 8216 8240 12296 16480 16576 24608 28672 33152 33536 49280 67072 68608 98816 180224 198656 229376 264193 266241 282624 395264 409600
1 4099 4102 4108 8216 8240 12296 16480 16576 24608 28672 33152 33536 49280 67072 68608 98816 180224 212992 229376 264193 266241 282624 329728 344064
1 4099 4102 4108 8216 8240 12296 16480 16576 24608 28672 33152 33536 49280 67072 68608 98816 180224 229376 264193 266241 282624 329728 409600 458752
1 4099 4102 4108 8216 8240 12296 16480 16576 24608 28672 33152 33536 49280 67072 68608 98816 198656 229376 264193 266241 282624 311296 395264 425984
1 4099 4102 4108 8216 8240 12296 16480 16576 24608 28672 33152 33536 49280 67072 68608 98816 229376 264193 266241 282624 311296 329728 425984 458752
1 4099 4102 4108 8216 8240 12296 16480 16576 24608 28672 33152 33536 49280 67072 69633 86016 98816 114688 133121 134144 196609 328704 394240 458752
1 4099 4102 4108 8216 8240 12296 16480 16576 24608 28672 33152 33536 49280 67072 69633 86016 98816 114688 133121 196609 197632 265216 394240 395264
1 4099 4102 4108 8216 8240 12296 16480 16576 24608 28672 33152 33536 49280 67072 69633 86016 98816 114688 133121 196609 198656 265216 328704 329728
1 4099 4102 4108 8216 8240 12296 16480 16576 24608 28672 33152 33536 49280 67072 69633 86016 98816 114688 133121 196609 265216 328704 395264 458752
1 4099 4102 4108 8216 8240 12296 16480 16576 24608 28672 33152 33536 49280 67072 69633 86016 98816 114688 134144 196609 197632 264193 393217 395264
1 4099 4102 4108 8216 8240 12296 16480 16576 24608 28672 33152 33536 49280 67072 69633 86016 98816 114688 196609 197632 264193 265216 393217 394240
1 4099 4102 4108 8216 8240 12296 16480 16576 24608 28672 33152 33536 49280 67072 69633 86016 98816 114688 196609 264193 265216 328704 393217 458752
1 4099 4102 4108 8216 8240 12296 16480 16576 24608 28672 33152 33536 49280 67072 69633 86016 98816 180224 212992 229376 264193 265216 327681 328704
1 4099 4102 4108 8216 8240 12296 16480 16576 24608 28672 33152 33536 49280 67072 69633 98816 102400 133121 134144 196609 197632 282624 299008 311296
1 4099 4102 4108 8216 8240 12296 16480 16576 24608 28672 33152 33536 49280 67072 69633 98816 114688 151552 200704 212992 264193 265216 327681 328704
1 4099 4102 4108 8216 8240 12296 16480 16576 24608 28672 33152 33536 49280 67072 69633 98816 151552 180224 200704 229376 264193 265216 327681 328704
1 4099 4102 4108 8216 8240 12296 16480 16576 24608 28672 33152 33536 49280 67072 86016 98816 114688 133121 134144 135169 200704 328704 394240 458752
1 4099 4102 4108 8216 8240 12296 16480 16576 24608 28672 33152 33536 49280 67072 86016 98816 114688 133121 134144 197632 200704 266241 393217 397312
1 4099 4102 4108 8216 8240 12296 16480 16576 24608 28672 33152 33536 49280 67072 86016 98816 114688 133121 135169 197632 200704 265216 394240 395264
1 4099 4102 4108 8216 8240 12296 16480 16576 24608 28672 33152 33536 49280 67072 86016 98816 114688 133121 135169 198656 200704 265216 328704 329728
1 4099 4102 4108 8216 8240 12296 16480 16576 24608 28672 33152 33536 49280 67072 86016 98816 114688 133121 135169 200704 265216 328704 395264 458752
1 4099 4102 4108 8216 8240 12296 16480 16576 24608 28672 33152 33536 49280 67072 86016 98816 114688 134144 135169 197632 200704 264193 393217 395264
1 4099 4102 4108 8216 8240 12296 16480 16576 24608 28672 33152 33536 49280 67072 86016 98816 114688 134144 197632 200704 264193 266241 395264 397312
1 4099 4102 4108 8216 8240 12296 16480 16576 24608 28672 33152 33536 49280 67072 86016 98816 114688 135169 196609 200704 264193 265216 327681 328704
1 4099 4102 4108 8216 8240 12296 16480 16576 24608 28672 33152 33536 49280 67072 86016 98816 114688 135169 197632 200704 264193 265216 393217 394240
1 4099 4102 4108 8216 8240 12296 16480 16576 24608 28672 33152 33536 49280 67072 86016 98816 114688 135169 200704 264193 265216 328704 393217 458752
1 4099 4102 4108 8216 8240 12296 16480 16576 24608 28672 33152 33536 49280 67072 86016 98816 114688 197632 200704 264193 265216 266241 394240 397312
1 4099 4102 4108 8216 8240 12296 16480 16576 24608 28672 33152 33536 49280 67072 86016 98816 114688 200704 264193 265216 266241 328704 397312 458752
1 4099 4102 4108 8216 8240 12296 16480 16576 24608 28672 33152 33536 49280 67072 86016 98816 180224 212992 229376 264193 265216 266241 328704 331776
1 4099 4102 4108 8216 8240 12296 16480 16576 24608 28672 33152 33536 49280 67072 98816 102400 133121 134144 135169 197632 200704 282624 299008 311296
1 4099 4102 4108 8216 8240 12296 16480 16576 24608 28672 33152 33536 49280 67072 98816 114688 133121 134144 135169 151552 212992 328704 394240 458752
1 4099 4102 4108 8216 8240 12296 16480 16576 24608 28672 33152 33536 49280 67072 98816 114688 133121 134144 135169 197632 212992 282624 397312 409600
1 4099 4102 4108 8216 8240 12296 16480 16576 24608 28672 33152 33536 49280 67072 98816 114688 133121 134144 151552 197632 212992 266241 393217 397312
1 4099 4102 4108 8216 8240 12296 16480 16576 24608 28672 33152 33536 49280 67072 98816 114688 133121 134144 197632 212992 266241 282624 393217 409600
1 4099 4102 4108 8216 8240 12296 16480 16576 24608 28672 33152 33536 49280 67072 98816 114688 133121 135169 151552 197632 212992 265216 394240 395264
1 4099 4102 4108 8216 8240 12296 16480 16576 24608 28672 33152 33536 49280 67072 98816 114688 133121 135169 151552 198656 212992 265216 328704 329728
1 4099 4102 4108 8216 8240 12296 16480 16576 24608 28672 33152 33536 49280 67072 98816 114688 133121 135169 151552 212992 265216 328704 395264 458752
1 4099 4102 4108 8216 8240 12296 16480 16576 24608 28672 33152 33536 49280 67072 98816 114688 134144 135169 151552 197632 212992 264193 393217 395264
1 4099 4102 4108 8216 8240 12296 16480 16576 24608 28672 33152 33536 49280 67072 98816 114688 134144 151552 197632 212992 264193 266241 395264 397312
1 4099 4102 4108 8216 8240 12296 16480 16576 24608 28672 33152 33536 49280 67072 98816 114688 134144 197632 212992 264193 266241 282624 395264 409600
1 4099 4102 4108 8216 8240 12296 16480 16576 24608 28672 33152 33536 49280 67072 98816 114688 135169 151552 196609 212992 264193 265216 327681 328704
1 4099 4102 4108 8216 8240 12296 16480 16576 24608 28672 33152 33536 49280 67072 98816 114688 135169 151552 197632 212992 264193 265216 393217 394240
1 4099 4102 4108 8216 8240 12296 16480 16576 24608 28672 33152 33536 49280 67072 98816 114688 135169 151552 212992 264193 265216 328704 393217 458752
1 4099 4102 4108 8216 8240 12296 16480 16576 24608 28672 33152 33536 49280 67072 98816 114688 151552 197632 212992 264193 265216 266241 394240 397312
1 4099 4102 4108 8216 8240 12296 16480 16576 24608 28672 33152 33536 49280 67072 98816 114688 151552 200704 212992 264193 265216 266241 328704 331776
1 4099 4102 4108 8216 8240 12296 16480 16576 24608 28672 33152 33536 49280 67072 98816 114688 151552 212992 264193 265216 266241 328704 397312 458752
1 4099 4102 4108 8216 8240 12296 16480 16576 24608 28672 33152 33536 49280 67072 98816 114688 197632 212992 264193 265216 266241 282624 394240 409600
1 4099 4102 4108 8216 8240 12296 16480 16576 24608 28672 33152 33536 49280 67072 98816 114688 212992 264193 265216 266241 282624 328704 409600 458752
1 4099 4102 4108 8216 8240 12296 16480 16576 24608 28672 33152 33536 49280 67072 98816 133121 134144 135169 151552 180224 229376 328704 394240 458752
1 4099 4102 4108 8216 8240 12296 16480 16576 24608 28672 33152 33536 49280 67072 98816 133121 134144 135169 151552 197632 229376 311296 409600 425984
1 4099 4102 4108 8216 8240 12296 16480 16576 24608 28672 33152 33536 49280 67072 98816 133121 134144 135169 167936 197632 229376 282624 299008 311296
1 4099 4102 4108 8216 8240 12296 16480 16576 24608 28672 33152 33536 49280 67072 98816 133121 134144 135169 180224 197632 229376 282624 397312 409600
1 4099 4102 4108 8216 8240 12296 16480 16576 24608 28672 33152 33536 49280 67072 98816 133121 134144 135169 197632 229376 282624 311296 397312 425984
1 4099 4102 4108 8216 8240 12296 16480 16576 24608 28672 33152 33536 49280 67072 98816 133121 134144 151552 180224 197632 229376 266241 393217 397312
1 4099 4102 4108 8216 8240 12296 16480 16576 24608 28672 33152 33536 49280 67072 98816 133121 134144 180224 197632 229376 266241 282624 393217 409600
1 4099 4102 4108 8216 8240 12296 16480 16576 24608 28672 33152 33536 49280 67072 98816 133121 134144 197632 229376 266241 282624 311296 393217 425984
1 4099 4102 4108 8216 8240 12296 16480 16576 24608 28672 33152 33536 49280 67072 98816 133121 135169 151552 180224 197632 229376 265216 394240 395264
1 4099 4102 4108 8216 8240 12296 16480 16576 24608 28672 33152 33536 49280 67072 98816 133121 135169 151552 180224 198656 229376 265216 328704 329728
1 4099 4102 4108 8216 8240 12296 16480 16576 24608 28672 33152 33536 49280 67072 98816 133121 135169 151552 180224 229376 265216 328704 395264 458752
1 4099 4102 4108 8216 8240 12296 16480 16576 24608 28672 33152 33536 49280 67072 98816 134144 135169 151552 180224 197632 229376 264193 393217 395264
1 4099 4102 4108 8216 8240 12296 16480 16576 24608 28672 33152 33536 49280 67072 98816 134144 151552 180224 197632 229376 264193 266241 395264 397312
1 4099 4102 4108 8216 8240 12296 16480 16576 24608 28672 33152 33536 49280 67072 98816 134144 180224 197632 229376 264193 266241 282624 395264 409600
1 4099 4102 4108 8216 8240 12296 16480 16576 24608 28672 33152 33536 49280 67072 98816 134144 197632 229376 264193 266241 282624 311296 395264 425984
1 4099 4102 4108 8216 8240 12296 16480 16576 24608 28672 33152 33536 49280 67072 98816 135169 151552 180224 196609 229376 264193 265216 327681 328704
1 4099 4102 4108 8216 8240 12296 16480 16576 24608 28672 33152 33536 49280 67072 98816 135169 151552 180224 197632 229376 264193 265216 393217 394240
1 4099 4102 4108 8216 8240 12296 16480 16576 24608 28672 33152 33536 49280 67072 98816 135169 151552 180224 229376 264193 265216 328704 393217 458752
1 4099 4102 4108 8216 8240 12296 16480 16576 24608 28672 33152 33536 49280 67072 98816 151552 180224 197632 229376 264193 265216 266241 394240 397312
1 4099 4102 4108 8216 8240 12296 16480 16576 24608 28672 33152 33536 49280 67072 98816 151552 180224 200704 229376 264193 265216 266241 328704 331776
1 4099 4102 4108 8216 8240 12296 16480 16576 24608 28672 33152 33536 49280 67072 98816 151552 180224 229376 264193 265216 266241 328704 397312 458752
1 4099 4102 4108 8216 8240 12296 16480 16576 24608 28672 33152 33536 49280 67072 98816 180224 197632 229376 264193 265216 266241 282624 394240 409600
1 4099 4102 4108 8216 8240 12296 16480 16576 24608 28672 33152 33536 49280 67072 98816 180224 212992 229376 264193 265216 266241 282624 328704 344064
1 4099 4102 4108 8216 8240 12296 16480 16576 24608 28672 33152 33536 49280 67072 98816 180224 229376 264193 265216 266241 282624 328704 409600 458752
1 4099 4102 4108 8216 8240 12296 16480 16576 24608 28672 33152 33536 49280 67072 98816 197632 229376 264193 265216 266241 282624 311296 394240 425984
1 4099 4102 4108 8216 8240 12296 16480 16576 24608 28672 33152 33536 49280 67072 98816 229376 264193 265216 266241 282624 311296 328704 425984 458752
1 4099 4102 4108 8216 8240 12296 16480 16576 24608 28672 33152 33536 49280 67585 68608 69633 86016 98816 114688 132608 197632 328192 393728 458752
1 4099 4102 4108 8216 8240 12296 16480 16576 24608 28672 33152 33536 49280 67585 68608 69633 86016 98816 114688 197120 197632 263680 393728 394240
1 4099 4102 4108 8216 8240 12296 16480 16576 24608 28672 33152 33536 49280 67585 68608 69633 86016 98816 114688 197632 263680 328192 394240 458752
1 4099 4102 4108 8216 8240 12296 16480 16576 24608 28672 33152 33536 49280 67585 68608 69633 86016 98816 180224 212992 229376 263680 328192 328704
1 4099 4102 4108 8216 8240 12296 16480 16576 24608 28672 33152 33536 49280 67585 68608 69633 98816 102400 132608 197120 197632 282624 299008 311296
1 4099 4102 4108 8216 8240 12296 16480 16576 24608 28672 33152 33536 49280 67585 68608 69633 98816 114688 151552 200704 212992 263680 328192 328704
1 4099 4102 4108 8216 8240 12296 16480 16576 24608 28672 33152 33536 49280 67585 68608 69633 98816 151552 180224 200704 229376 263680 328192 328704
1 4099 4102 4108 8216 8240 12296 16480 16576 24608 28672 33152 33536 49280 67585 68608 86016 98816 114688 135169 196609 200704 263680 328192 328704
1 4099 4102 4108 8216 8240 12296 16480 16576 24608 28672 33152 33536 49280 67585 68608 98816 114688 135169 151552 196609 212992 263680 328192 328704
1 4099 4102 4108 8216 8240 12296 16480 16576 24608 28672 33152 33536 49280 67585 68608 98816 135169 151552 180224 196609 229376 263680 328192 328704
1 4099 4102 4108 8216 8240 12296 16480 16576 24608 28672 33152 33536 49280 67585 69633 86016 98816 114688 132608 134144 198656 328192 393728 458752
1 4099 4102 4108 8216 8240 12296 16480 16576 24608 28672 33152 33536 49280 67585 69633 86016 98816 114688 132608 197120 198656 265216 394240 395264
1 4099 4102 4108 8216 8240 12296 16480 16576 24608 28672 33152 33536 49280 67585 69633 86016 98816 114688 134144 197120 198656 263680 393728 394240
1 4099 4102 4108 8216 8240 12296 16480 16576 24608 28672 33152 33536 49280 67585 69633 86016 98816 114688 134144 197632 198656 263680 328192 328704
1 4099 4102 4108 8216 8240 12296 16480 16576 24608 28672 33152 33536 49280 67585 69633 86016 98816 114688 134144 198656 263680 328192 394240 458752
1 4099 4102 4108 8216 8240 12296 16480 16576 24608 28672 33152 33536 49280 67585 69633 86016 98816 114688 197120 198656 263680 265216 393728 395264
1 4099 4102 4108 8216 8240 12296 16480 16576 24608 28672 33152 33536 49280 67585 69633 86016 98816 114688 198656 263680 265216 328192 395264 458752
1 4099 4102 4108 8216 8240 12296 16480 16576 24608 28672 33152 33536 49280 67585 69633 86016 98816 180224 212992 229376 263680 265216 328192 329728
1 4099 4102 4108 8216 8240 12296 16480 16576 24608 28672 33152 33536 49280 67585 69633 98816 102400 132608 134144 197120 198656 282624 299008 311296
1 4099 4102 4108 8216 8240 12296 16480 16576 24608 28672 33152 33536 49280 67585 69633 98816 114688 151552 200704 212992 263680 265216 328192 329728
1 4099 4102 4108 8216 8240 12296 16480 16576 24608 28672 33152 33536 49280 67585 69633 98816 151552 180224 200704 229376 263680 265216 328192 329728
1 4099 4102 4108 8216 8240 12296 16480 16576 24608 28672 33152 33536 49280 67585 86016 98816 114688 135169 196609 200704 263680 265216 328192 329728
1 4099 4102 4108 8216 8240 12296 16480 16576 24608 28672 33152 33536 49280 67585 98816 114688 135169 151552 196609 212992 263680 265216 328192 329728
1 4099 4102 4108 8216 8240 12296 16480 16576 24608 28672 33152 33536 49280 67585 98816 135169 151552 180224 196609 229376 263680 265216 328192 329728
1 4099 4102 4108 8216 8240 12296 16480 16576 24608 28672 33152 33536 49280 68608 69633 86016 98816 114688 133121 196609 198656 263680 328192 328704
1 4099 4102 4108 8216 8240 12296 16480 16576 24608 28672 33152 33536 49280 68608 86016 98816 114688 133121 135169 198656 200704 263680 328192 328704
1 4099 4102 4108 8216 8240 12296 16480 16576 24608 28672 33152 33536 49280 68608 98816 114688 133121 135169 151552 198656 212992 263680 328192 328704
1 4099 4102 4108 8216 8240 12296 16480 16576 24608 28672 33152 33536 49280 68608 98816 133121 135169 151552 180224 198656 229376 263680 328192 328704
1 4099 4102 4108 8216 8240 12296 16480 16576 24608 28672 33152 33536 49280 69633 86016 98816 114688 132608 133121 134144 196609 328192 393728 458752
1 4099 4102 4108 8216 8240 12296 16480 16576 24608 28672 33152 33536 49280 69633 86016 98816 114688 132608 133121 196609 197120 265216 394240 395264
1 4099 4102 4108 8216 8240 12296 16480 16576 24608 28672 33152 33536 49280 69633 86016 98816 114688 132608 134144 196609 197120 264193 393217 395264
1 4099 4102 4108 8216 8240 12296 16480 16576 24608 28672 33152 33536 49280 69633 86016 98816 114688 132608 196609 197120 264193 265216 393217 394240
1 4099 4102 4108 8216 8240 12296 16480 16576 24608 28672 33152 33536 49280 69633 86016 98816 114688 133121 134144 196609 197120 263680 393728 394240
1 4099 4102 4108 8216 8240 12296 16480 16576 24608 28672 33152 33536 49280 69633 86016 98816 114688 133121 134144 196609 197632 263680 328192 328704
1 4099 4102 4108 8216 8240 12296 16480 16576 24608 28672 33152 33536 49280 69633 86016 98816 114688 133121 134144 196609 263680 328192 394240 458752
1 4099 4102 4108 8216 8240 12296 16480 16576 24608 28672 33152 33536 49280 69633 86016 98816 114688 133121 196609 197120 263680 265216 393728 395264
1 4099 4102 4108 8216 8240 12296 16480 16576 24608 28672 33152 33536 49280 69633 86016 98816 114688 133121 196609 198656 263680 265216 328192 329728
1 4099 4102 4108 8216 8240 12296 16480 16576 24608 28672 33152 33536 49280 69633 86016 98816 114688 133121 196609 263680 265216 328192 395264 458752
1 4099 4102 4108 8216 8240 12296 16480 16576 24608 28672 33152 33536 49280 69633 86016 98816 114688 196609 197120 263680 264193 265216 393217 393728
1 4099 4102 4108 8216 8240 12296 16480 16576 24608 28672 33152 33536 49280 69633 86016 98816 114688 196609 263680 264193 265216 328192 393217 458752
1 4099 4102 4108 8216 8240 12296 16480 16576 24608 28672 33152 33536 49280 69633 86016 98816 180224 212992 229376 263680 264193 265216 327681 328192
1 4099 4102 4108 8216 8240 12296 16480 16576 24608 28672 33152 33536 49280 69633 98816 102400 132608 133121 134144 196609 197120 282624 299008 311296
1 4099 4102 4108 8216 8240 12296 16480 16576 24608 28672 33152 33536 49280 69633 98816 114688 151552 200704 212992 263680 264193 265216 327681 328192
1 4099 4102 4108 8216 8240 12296 16480 16576 24608 28672 33152 33536 49280 69633 98816 151552 180224 200704 229376 263680 264193 265216 327681 328192
1 4099 4102 4108 8216 8240 12296 16480 16576 24608 28672 33152 33536 49280 86016 98816 114688 132608 133121 134144 197120 200704 266241 393217 397312
1 4099 4102 4108 8216 8240 12296 16480 16576 24608 28672 33152 33536 49280 86016 98816 114688 132608 133121 135169 197120 200704 265216 394240 395264
1 4099 4102 4108 8216 8240 12296 16480 16576 24608 28672 33152 33536 49280 86016 98816 114688 132608 134144 135169 197120 200704 264193 393217 395264
1 4099 4102 4108 8216 8240 12296 16480 16576 24608 28672 33152 33536 49280 86016 98816 114688 132608 134144 197120 200704 264193 266241 395264 397312
1 4099 4102 4108 8216 8240 12296 16480 16576 24608 28672 33152 33536 49280 86016 98816 114688 132608 135169 197120 200704 264193 265216 393217 394240
1 4099 4102 4108 8216 8240 12296 16480 16576 24608 28672 33152 33536 49280 86016 98816 114688 132608 197120 200704 264193 265216 266241 394240 397312
1 4099 4102 4108 8216 8240 12296 16480 16576 24608 28672 33152 33536 49280 86016 98816 114688 133121 134144 135169 197120 200704 263680 393728 394240
1 4099 4102 4108 8216 8240 12296 16480 16576 24608 28672 33152 33536 49280 86016 98816 114688 133121 134144 135169 197632 200704 263680 328192 328704
1 4099 4102 4108 8216 8240 12296 16480 16576 24608 28672 33152 33536 49280 86016 98816 114688 133121 134144 135169 200704 263680 328192 394240 458752
1 4099 4102 4108 8216 8240 12296 16480 16576 24608 28672 33152 33536 49280 86016 98816 114688 133121 135169 197120 200704 263680 265216 393728 395264
1 4099 4102 4108 8216 8240 12296 16480 16576 24608 28672 33152 33536 49280 86016 98816 114688 133121 135169 198656 200704 263680 265216 328192 329728
1 4099 4102 4108 8216 8240 12296 16480 16576 24608 28672 33152 33536 49280 86016 98816 114688 133121 135169 200704 263680 265216 328192 395264 458752
1 4099 4102 4108 8216 8240 12296 16480 16576 24608 28672 33152 33536 49280 86016 98816 114688 135169 196609 200704 263680 264193 265216 327681 328192
1 4099 4102 4108 8216 8240 12296 16480 16576 24608 28672 33152 33536 49280 86016 98816 114688 135169 197120 200704 263680 264193 265216 393217 393728
1 4099 4102 4108 8216 8240 12296 16480 16576 24608 28672 33152 33536 49280 86016 98816 114688 135169 200704 263680 264193 265216 328192 393217 458752
1 4099 4102 4108 8216 8240 12296 16480 16576 24608 28672 33152 33536 49280 98816 114688 132608 133121 134144 151552 197120 212992 266241 393217 397312
1 4099 4102 4108 8216 8240 12296 16480 16576 24608 28672 33152 33536 49280 98816 114688 132608 133121 134144 197120 212992 266241 282624 393217 409600
1 4099 4102 4108 8216 8240 12296 16480 16576 24608 28672 33152 33536 49280 98816 114688 132608 133121 135169 151552 197120 212992 265216 394240 395264
1 4099 4102 4108 8216 8240 12296 16480 16576 24608 28672 33152 33536 49280 98816 114688 132608 134144 135169 151552 197120 212992 264193 393217 395264
1 4099 4102 4108 8216 8240 12296 16480 16576 24608 28672 33152 33536 49280 98816 114688 132608 134144 151552 197120 212992 264193 266241 395264 397312
1 4099 4102 4108 8216 8240 12296 16480 16576 24608 28672 33152 33536 49280 98816 114688 132608 134144 197120 212992 264193 266241 282624 395264 409600
1 4099 4102 4108 8216 8240 12296 16480 16576 24608 28672 33152 33536 49280 98816 114688 132608 135169 151552 197120 212992 264193 265216 393217 394240
1 4099 4102 4108 8216 8240 12296 16480 16576 24608 28672 33152 33536 49280 98816 114688 132608 151552 197120 212992 264193 265216 266241 394240 397312
1 4099 4102 4108 8216 8240 12296 16480 16576 24608 28672 33152 33536 49280 98816 114688 132608 197120 212992 264193 265216 266241 282624 394240 409600
1 4099 4102 4108 8216 8240 12296 16480 16576 24608 28672 33152 33536 49280 98816 114688 133121 134144 135169 151552 197120 212992 263680 393728 394240
1 4099 4102 4108 8216 8240 12296 16480 16576 24608 28672 33152 33536 49280 98816 114688 133121 134144 135169 151552 197632 212992 263680 328192 328704
1 4099 4102 4108 8216 8240 12296 16480 16576 24608 28672 33152 33536 49280 98816 114688 133121 134144 135169 151552 212992 263680 328192 394240 458752
1 4099 4102 4108 8216 8240 12296 16480 16576 24608 28672 33152 33536 49280 98816 114688 133121 135169 151552 197120 212992 263680 265216 393728 395264
1 4099 4102 4108 8216 8240 12296 16480 16576 24608 28672 33152 33536 49280 98816 114688 133121 135169 151552 198656 212992 263680 265216 328192 329728
1 4099 4102 4108 8216 8240 12296 16480 16576 24608 28672 33152 33536 49280 98816 114688 133121 135169 151552 212992 263680 265216 328192 395264 458752
1 4099 4102 4108 8216 8240 12296 16480 16576 24608 28672 33152 33536 49280 98816 114688 135169 151552 196609 212992 263680 264193 265216 327681 328192
1 4099 4102 4108 8216 8240 12296 16480 16576 24608 28672 33152 33536 49280 98816 114688 135169 151552 197120 212992 263680 264193 265216 393217 393728
1 4099 4102 4108 8216 8240 12296 16480 16576 24608 28672 33152 33536 49280 98816 114688 135169 151552 212992 263680 264193 265216 328192 393217 458752
1 4099 4102 4108 8216 8240 12296 16480 16576 24608 28672 33152 33536 49280 98816 132608 133121 134144 151552 180224 197120 229376 266241 393217 397312
1 4099 4102 4108 8216 8240 12296 16480 16576 24608 28672 33152 33536 49280 98816 132608 133121 134144 180224 197120 229376 266241 282624 393217 409600
1 4099 4102 4108 8216 8240 12296 16480 16576 24608 28672 33152 33536 49280 98816 132608 133121 134144 197120 229376 266241 282624 311296 393217 425984
1 4099 4102 4108 8216 8240 12296 16480 16576 24608 28672 33152 33536 49280 98816 132608 133121 135169 151552 180224 197120 229376 265216 394240 395264
1 4099 4102 4108 8216 8240 12296 16480 16576 24608 28672 33152 33536 49280 98816 132608 134144 135169 151552 180224 197120 229376 264193 393217 395264
1 4099 4102 4108 8216 8240 12296 16480 16576 24608 28672 33152 33536 49280 98816 132608 134144 151552 180224 197120 229376 264193 266241 395264 397312
1 4099 4102 4108 8216 8240 12296 16480 16576 24608 28672 33152 33536 49280 98816 132608 134144 180224 197120 229376 264193 266241 282624 395264 409600
1 4099 4102 4108 8216 8240 12296 16480 16576 24608 28672 33152 33536 49280 98816 132608 134144 197120 229376 264193 266241 282624 311296 395264 425984
1 4099 4102 4108 8216 8240 12296 16480 16576 24608 28672 33152 33536 49280 98816 132608 135169 151552 180224 197120 229376 264193 265216 393217 394240
1 4099 4102 4108 8216 8240 12296 16480 16576 24608 28672 33152 33536 49280 98816 132608 151552 180224 197120 229376 264193 265216 266241 394240 397312
1 4099 4102 4108 8216 8240 12296 16480 16576 24608 28672 33152 33536 49280 98816 132608 180224 197120 229376 264193 265216 266241 282624 394240 409600
1 4099 4102 4108 8216 8240 12296 16480 16576 24608 28672 33152 33536 49280 98816 132608 197120 229376 264193 265216 266241 282624 311296 394240 425984
1 4099 4102 4108 8216 8240 12296 16480 16576 24608 28672 33152 33536 49280 98816 133121 134144 135169 151552 180224 197120 229376 263680 393728 394240
1 4099 4102 4108 8216 8240 12296 16480 16576 24608 28672 33152 33536 49280 98816 133121 134144 135169 151552 180224 197632 229376 263680 328192 328704
1 4099 4102 4108 8216 8240 12296 16480 16576 24608 28672 33152 33536 49280 98816 133121 134144 135169 151552 180224 229376 263680 328192 394240 458752
1 4099 4102 4108 8216 8240 12296 16480 16576 24608 28672 33152 33536 49280 98816 133121 135169 151552 180224 197120 229376 263680 265216 393728 395264
1 4099 4102 4108 8216 8240 12296 16480 16576 24608 28672 33152 33536 49280 98816 133121 135169 151552 180224 198656 229376 263680 265216 328192 329728
1 4099 4102 4108 8216 8240 12296 16480 16576 24608 28672 33152 33536 49280 98816 133121 135169 151552 180224 229376 263680 265216 328192 395264 458752
1 4099 4102 4108 8216 8240 12296 16480 16576 24608 28672 33152 33536 49280 98816 135169 151552 180224 196609 229376 263680 264193 265216 327681 328192
1 4099 4102 4108 8216 8240 12296 16480 16576 24608 28672 33152 33536 49280 98816 135169 151552 180224 197120 229376 263680 264193 265216 393217 393728
1 4099 4102 4108 8216 8240 12296 16480 16576 24608 28672 33152 33536 49280 98816 135169 151552 180224 229376 263680 264193 265216 328192 393217 458752
1 4099 4102 4108 8216 8240 12296 16480 16576 24608 28672 33152 49280 53248 66304 67072 98560 102400 133121 134144 135169 197632 331776 397312 458752
1 4099 4102 4108 8216 8240 12296 16480 16576 24608 28672 33152 49280 53248 66304 67072 98560 102400 133121 134144 197632 200704 266241 393217 397312
1 4099 4102 4108 8216 8240 12296 16480 16576 24608 28672 33152 49280 53248 66304 67072 98560 102400 133121 134144 197632 266241 331776 393217 458752
1 4099 4102 4108 8216 8240 12296 16480 16576 24608 28672 33152 49280 53248 66304 67072 98560 102400 133121 135169 197632 200704 265216 394240 395264
1 4099 4102 4108 8216 8240 12296 16480 16576 24608 28672 33152 49280 53248 66304 67072 98560 102400 134144 135169 197632 200704 264193 393217 395264
1 4099 4102 4108 8216 8240 12296 16480 16576 24608 28672 33152 49280 53248 66304 67072 98560 102400 134144 197632 200704 264193 266241 395264 397312
1 4099 4102 4108 8216 8240 12296 16480 16576 24608 28672 33152 49280 53248 66304 67072 98560 102400 134144 197632 264193 266241 331776 395264 458752
1 4099 4102 4108 8216 8240 12296 16480 16576 24608 28672 33152 49280 53248 66304 67072 98560 102400 135169 197632 200704 264193 265216 393217 394240
1 4099 4102 4108 8216 8240 12296 16480 16576 24608 28672 33152 49280 53248 66304 67072 98560 102400 197632 200704 264193 265216 266241 394240 397312
1 4099 4102 4108 8216 8240 12296 16480 16576 24608 28672 33152 49280 53248 66304 67072 98560 102400 197632 264193 265216 266241 331776 394240 458752
1 4099 4102 4108 8216 8240 12296 16480 16576 24608 28672 33152 49280 53248 66304 67072 98560 133121 134144 135169 167936 197632 360448 425984 458752
1 4099 4102 4108 8216 8240 12296 16480 16576 24608 28672 33152 49280 53248 66304 67072 98560 133121 134144 135169 197632 200704 299008 331776 360448
1 4099 4102 4108 8216 8240 12296 16480 16576 24608 28672 33152 49280 53248 66304 67072 98560 133121 134144 135169 197632 229376 299008 397312 425984
1 4099 4102 4108 8216 8240 12296 16480 16576 24608 28672 33152 49280 53248 66304 67072 98560 133121 134144 135169 197632 299008 360448 397312 458752
1 4099 4102 4108 8216 8240 12296 16480 16576 24608 28672 33152 49280 53248 66304 67072 98560 133121 134144 167936 197632 229376 266241 393217 397312
1 4099 4102 4108 8216 8240 12296 16480 16576 24608 28672 33152 49280 53248 66304 67072 98560 133121 134144 197632 229376 266241 299008 393217 425984
1 4099 4102 4108 8216 8240 12296 16480 16576 24608 28672 33152 49280 53248 66304 67072 98560 133121 134144 197632 266241 299008 360448 393217 458752
1 4099 4102 4108 8216 8240 12296 16480 16576 24608 28672 33152 49280 53248 66304 67072 98560 133121 135169 167936 197632 229376 265216 394240 395264
1 4099 4102 4108 8216 8240 12296 16480 16576 24608 28672 33152 49280 53248 66304 67072 98560 134144 135169 167936 197632 229376 264193 393217 395264
1 4099 4102 4108 8216 8240 12296 16480 16576 24608 28672 33152 49280 53248 66304 67072 98560 134144 167936 197632 229376 264193 266241 395264 397312
1 4099 4102 4108 8216 8240 12296 16480 16576 24608 28672 33152 49280 53248 66304 67072 98560 134144 197632 229376 264193 266241 299008 395264 425984
1 4099 4102 4108 8216 8240 12296 16480 16576 24608 28672 33152 49280 53248 66304 67072 98560 134144 197632 264193 266241 299008 360448 395264 458752
1 4099 4102 4108 8216 8240 12296 16480 16576 24608 28672 33152 49280 53248 66304 67072 98560 135169 167936 197632 229376 264193 265216 393217 394240
1 4099 4102 4108 8216 8240 12296 16480 16576 24608 28672 33152 49280 53248 66304 67072 98560 167936 197632 229376 264193 265216 266241 394240 397312
1 4099 4102 4108 8216 8240 12296 16480 16576 24608 28672 33152 49280 53248 66304 67072 98560 197632 229376 264193 265216 266241 299008 394240 425984
1 4099 4102 4108 8216 8240 12296 16480 16576 24608 28672 33152 49280 53248 66304 67072 98560 197632 264193 265216 266241 299008 360448 394240 458752
1 4099 4102 4108 8216 8240 12296 16480 16576 24608 28672 33152 49280 53248 66304 98560 98816 132608 133121 134144 164352 167936 266241 393217 397312
1 4099 4102 4108 8216 8240 12296 16480 16576 24608 28672 33152 49280 53248 66304 98560 98816 132608 133121 134144 164352 266241 299008 393217 425984
1 4099 4102 4108 8216 8240 12296 16480 16576 24608 28672 33152 49280 53248 66304 98560 98816 132608 133121 135169 164352 167936 265216 394240 395264
1 4099 4102 4108 8216 8240 12296 16480 16576 24608 28672 33152 49280 53248 66304 98560 98816 132608 134144 135169 164352 167936 264193 393217 395264
1 4099 4102 4108 8216 8240 12296 16480 16576 24608 28672 33152 49280 53248 66304 98560 98816 132608 134144 164352 167936 264193 266241 395264 397312
1 4099 4102 4108 8216 8240 12296 16480 16576 24608 28672 33152 49280 53248 66304 98560 98816 132608 134144 164352 264193 266241 299008 395264 425984
1 4099 4102 4108 8216 8240 12296 16480 16576 24608 28672 33152 49280 53248 66304 98560 98816 132608 135169 164352 167936 264193 265216 393217 394240
1 4099 4102 4108 8216 8240 12296 16480 16576 24608 28672 33152 49280 53248 66304 98560 98816 132608 164352 167936 264193 265216 266241 394240 397312
1 4099 4102 4108 8216 8240 12296 16480 16576 24608 28672 33152 49280 53248 66304 98560 98816 132608 164352 264193 265216 266241 299008 394240 425984
1 4099 4102 4108 8216 8240 12296 16480 16576 24608 28672 33152 49280 53248 66304 98560 98816 133121 134144 135169 164352 167936 263680 393728 394240
1 4099 4102 4108 8216 8240 12296 16480 16576 24608 28672 33152 49280 53248 66304 98560 98816 133121 135169 164352 167936 263680 265216 393728 395264
1 4099 4102 4108 8216 8240 12296 16480 16576 24608 28672 33152 49280 53248 66304 98560 98816 135169 164352 167936 263680 264193 265216 393217 393728
1 4099 4102 4108 8216 8240 12296 16480 16576 24608 28672 33152 49280 53248 66304 98560 102400 132608 133121 134144 197120 200704 266241 393217 397312
1 4099 4102 4108 8216 8240 12296 16480 16576 24608 28672 33152 49280 53248 66304 98560 102400 132608 133121 134144 197120 266241 331776 393217 458752
1 4099 4102 4108 8216 8240 12296 16480 16576 24608 28672 33152 49280 53248 66304 98560 102400 132608 133121 135169 197120 200704 265216 394240 395264
1 4099 4102 4108 8216 8240 12296 16480 16576 24608 28672 33152 49280 53248 66304 98560 102400 132608 134144 135169 197120 200704 264193 393217 395264
1 4099 4102 4108 8216 8240 12296 16480 16576 24608 28672 33152 49280 53248 66304 98560 102400 132608 134144 197120 200704 264193 266241 395264 397312
1 4099 4102 4108 8216 8240 12296 16480 16576 24608 28672 33152 49280 53248 66304 98560 102400 132608 134144 197120 264193 266241 331776 395264 458752
1 4099 4102 4108 8216 8240 12296 16480 16576 24608 28672 33152 49280 53248 66304 98560 102400 132608 135169 197120 200704 264193 265216 393217 394240
1 4099 4102 4108 8216 8240 12296 16480 16576 24608 28672 33152 49280 53248 66304 98560 102400 132608 197120 197632 264193 265216 266241 328704 331776
1 4099 4102 4108 8216 8240 12296 16480 16576 24608 28672 33152 49280 53248 66304 98560 102400 132608 197120 200704 264193 265216 266241 394240 397312
1 4099 4102 4108 8216 8240 12296 16480 16576 24608 28672 33152 49280 53248 66304 98560 102400 132608 197120 264193 265216 266241 331776 394240 458752
1 4099 4102 4108 8216 8240 12296 16480 16576 24608 28672 33152 49280 53248 66304 98560 102400 133121 134144 135169 197120 200704 263680 393728 394240
1 4099 4102 4108 8216 8240 12296 16480 16576 24608 28672 33152 49280 53248 66304 98560 102400 133121 135169 197120 200704 263680 265216 393728 395264
1 4099 4102 4108 8216 8240 12296 16480 16576 24608 28672 33152 49280 53248 66304 98560 102400 135169 197120 200704 263680 264193 265216 393217 393728
1 4099 4102 4108 8216 8240 12296 16480 16576 24608 28672 33152 49280 53248 66304 98560 132608 133121 134144 167936 197120 229376 266241 393217 397312
1 4099 4102 4108 8216 8240 12296 16480 16576 24608 28672 33152 49280 53248 66304 98560 132608 133121 134144 197120 229376 266241 299008 393217 425984
1 4099 4102 4108 8216 8240 12296 16480 16576 24608 28672 33152 49280 53248 66304 98560 132608 133121 134144 197120 266241 299008 360448 393217 458752
1 4099 4102 4108 8216 8240 12296 16480 16576 24608 28672 33152 49280 53248 66304 98560 132608 133121 135169 167936 197120 229376 265216 394240 395264
1 4099 4102 4108 8216 8240 12296 16480 16576 24608 28672 33152 49280 53248 66304 98560 132608 134144 135169 167936 197120 229376 264193 393217 395264
1 4099 4102 4108 8216 8240 12296 16480 16576 24608 28672 33152 49280 53248 66304 98560 132608 134144 167936 197120 229376 264193 266241 395264 397312
1 4099 4102 4108 8216 8240 12296 16480 16576 24608 28672 33152 49280 53248 66304 98560 132608 134144 197120 229376 264193 266241 299008 395264 425984
1 4099 4102 4108 8216 8240 12296 16480 16576 24608 28672 33152 49280 53248 66304 98560 132608 134144 197120 264193 266241 299008 360448 395264 458752
1 4099 4102 4108 8216 8240 12296 16480 16576 24608 28672 33152 49280 53248 66304 98560 132608 135169 167936 197120 229376 264193 265216 393217 394240
1 4099 4102 4108 8216 8240 12296 16480 16576 24608 28672 33152 49280 53248 66304 98560 132608 167936 197120 229376 264193 265216 266241 394240 397312
1 4099 4102 4108 8216 8240 12296 16480 16576 24608 28672 33152 49280 53248 66304 98560 132608 197120 197632 264193 265216 266241 299008 328704 360448
1 4099 4102 4108 8216 8240 12296 16480 16576 24608 28672 33152 49280 53248 66304 98560 132608 197120 229376 264193 265216 266241 299008 394240 425984
1 4099 4102 4108 8216 8240 12296 16480 16576 24608 28672 33152 49280 53248 66304 98560 132608 197120 264193 265216 266241 299008 360448 394240 458752
1 4099 4102 4108 8216 8240 12296 16480 16576 24608 28672 33152 49280 53248 66304 98560 133121 134144 135169 167936 197120 229376 263680 393728 394240
1 4099 4102 4108 8216 8240 12296 16480 16576 24608 28672 33152 49280 53248 66304 98560 133121 135169 167936 197120 229376 263680 265216 393728 395264
1 4099 4102 4108 8216 8240 12296 16480 16576 24608 28672 33152 49280 53248 66304 98560 135169 167936 197120 229376 263680 264193 265216 393217 393728
1 4099 4102 4108 8216 8240 12296 16480 16576 24608 28672 33152 49280 53248 67072 98560 102400 131840 196864 197120 264193 265216 266241 328704 331776
1 4099 4102 4108 8216 8240 12296 16480 16576 24608 28672 33152 49280 53248 67072 98560 131840 196864 197120 264193 265216 266241 299008 328704 360448
1 4099 4102 4108 8216 8240 12296 16480 16576 24608 28672 33152 49280 53248 98560 102400 131840 132608 196864 197632 264193 265216 266241 328704 331776
1 4099 4102 4108 8216 8240 12296 16480 16576 24608 28672 33152 49280 53248 98560 102400 131840 132608 196864 200704 264193 265216 266241 394240 397312
1 4099 4102 4108 8216 8240 12296 16480 16576 24608 28672 33152 49280 53248 98560 102400 131840 132608 196864 264193 265216 266241 331776 394240 458752
1 4099 4102 4108 8216 8240 12296 16480 16576 24608 28672 33152 49280 53248 98560 131840 132608 167936 196864 229376 264193 265216 266241 394240 397312
1 4099 4102 4108 8216 8240 12296 16480 16576 24608 28672 33152 49280 53248 98560 131840 132608 196864 197632 264193 265216 266241 299008 328704 360448
1 4099 4102 4108 8216 8240 12296 16480 16576 24608 28672 33152 49280 53248 98560 131840 132608 196864 229376 264193 265216 266241 299008 394240 425984
1 4099 4102 4108 8216 8240 12296 16480 16576 24608 28672 33152 49280 53248 98560 131840 132608 196864 264193 265216 266241 299008 360448 394240 458752
1 4099 4102 4108 8216 8240 12296 16480 16576 24608 28672 33152 49280 66304 67072 86016 98560 114688 133121 134144 135169 197632 331776 397312 458752
1 4099 4102 4108 8216 8240 12296 16480 16576 24608 28672 33152 49280 66304 67072 86016 98560 114688 133121 134144 197632 200704 266241 393217 397312
1 4099 4102 4108 8216 8240 12296 16480 16576 24608 28672 33152 49280 66304 67072 86016 98560 114688 133121 134144 197632 266241 331776 393217 458752
1 4099 4102 4108 8216 8240 12296 16480 16576 24608 28672 33152 49280 66304 67072 86016 98560 114688 133121 135169 197632 200704 265216 394240 395264
1 4099 4102 4108 8216 8240 12296 16480 16576 24608 28672 33152 49280 66304 67072 86016 98560 114688 134144 135169 197632 200704 264193 393217 395264
1 4099 4102 4108 8216 8240 12296 16480 16576 24608 28672 33152 49280 66304 67072 86016 98560 114688 134144 197632 200704 264193 266241 395264 397312
1 4099 4102 4108 8216 8240 12296 16480 16576 24608 28672 33152 49280 66304 67072 86016 98560 114688 134144 197632 264193 266241 331776 395264 458752
1 4099 4102 4108 8216 8240 12296 16480 16576 24608 28672 33152 49280 66304 67072 86016 98560 114688 135169 197632 200704 264193 265216 393217 394240
1 4099 4102 4108 8216 8240 12296 16480 16576 24608 28672 33152 49280 66304 67072 86016 98560 114688 197632 200704 264193 265216 266241 394240 397312
1 4099 4102 4108 8216 8240 12296 16480 16576 24608 28672 33152 49280 66304 67072 86016 98560 114688 197632 264193 265216 266241 331776 394240 458752
2 4099 4102 4108 8216 8240 12296 16480 16576 24608 28672 33152 49280 66304 67072 86016 98560 133121 134144 135169 197632 200704 311296 344064 360448
1 4099 4102 4108 8216 8240 12296 16480 16576 24608 28672 33152 49280 66304 67072 98560 114688 133121 134144 135169 151552 197632 344064 409600 458752
2 4099 4102 4108 8216 8240 12296 16480 16576 24608 28672 33152 49280 66304 67072 98560 114688 133121 134144 135169 197632 200704 282624 331776 344064
1 4099 4102 4108 8216 8240 12296 16480 16576 24608 28672 33152 49280 66304 67072 98560 114688 133121 134144 135169 197632 212992 282624 397312 409600
1 4099 4102 4108 8216 8240 12296 16480 16576 24608 28672 33152 49280 66304 67072 98560 114688 133121 134144 135169 197632 282624 344064 397312 458752
1 4099 4102 4108 8216 8240 12296 16480 16576 24608 28672 33152 49280 66304 67072 98560 114688 133121 134144 151552 197632 212992 266241 393217 397312
1 4099 4102 4108 8216 8240 12296 16480 16576 24608 28672 33152 49280 66304 67072 98560 114688 133121 134144 197632 212992 266241 282624 393217 409600
1 4099 4102 4108 8216 8240 12296 16480 16576 24608 28672 33152 49280 66304 67072 98560 114688 133121 134144 197632 266241 282624 344064 393217 458752
1 4099 4102 4108 8216 8240 12296 16480 16576 24608 28672 33152 49280 66304 67072 98560 114688 133121 135169 151552 197632 212992 265216 394240 395264
1 4099 4102 4108 8216 8240 12296 16480 16576 24608 28672 33152 49280 66304 67072 98560 114688 134144 135169 151552 197632 212992 264193 393217 395264
1 4099 4102 4108 8216 8240 12296 16480 16576 24608 28672 33152 49280 66304 67072 98560 114688 134144 151552 197632 212992 264193 266241 395264 397312
1 4099 4102 4108 8216 8240 12296 16480 16576 24608 28672 33152 49280 66304 67072 98560 114688 134144 197632 212992 264193 266241 282624 395264 409600
1 4099 4102 4108 8216 8240 12296 16480 16576 24608 28672 33152 49280 66304 67072 98560 114688 134144 197632 264193 266241 282624 344064 395264 458752
1 4099 4102 4108 8216 8240 12296 16480 16576 24608 28672 33152 49280 66304 67072 98560 114688 135169 151552 197632 212992 264193 265216 393217 394240
1 4099 4102 4108 8216 8240 12296 16480 16576 24608 28672 33152 49280 66304 67072 98560 114688 151552 197632 212992 264193 265216 266241 394240 397312
1 4099 4102 4108 8216 8240 12296 16480 16576 24608 28672 33152 49280 66304 67072 98560 114688 197632 212992 264193 265216 266241 282624 394240 409600
1 4099 4102 4108 8216 8240 12296 16480 16576 24608 28672 33152 49280 66304 67072 98560 114688 197632 264193 265216 266241 282624 344064 394240 458752
1 4099 4102 4108 8216 8240 12296 16480 16576 24608 28672 33152 49280 66304 67072 98560 133121 134144 135169 151552 180224 197632 360448 425984 458752
1 4099 4102 4108 8216 8240 12296 16480 16576 24608 28672 33152 49280 66304 67072 98560 133121 134144 135169 151552 197632 212992 311296 344064 360448
1 4099 4102 4108 8216 8240 12296 16480 16576 24608 28672 33152 49280 66304 67072 98560 133121 134144 135169 151552 197632 229376 311296 409600 425984
1 4099 4102 4108 8216 8240 12296 16480 16576 24608 28672 33152 49280 66304 67072 98560 133121 134144 135169 151552 197632 311296 360448 409600 458752
1 4099 4102 4108 8216 8240 12296 16480 16576 24608 28672 33152 49280 66304 67072 98560 133121 134144 135169 167936 197632 229376 282624 299008 311296
1 4099 4102 4108 8216 8240 12296 16480 16576 24608 28672 33152 49280 66304 67072 98560 133121 134144 135169 180224 197632 229376 282624 397312 409600
2 4099 4102 4108 8216 8240 12296 16480 16576 24608 28672 33152 49280 66304 67072 98560 133121 134144 135169 197632 200704 282624 311296 331776 360448
1 4099 4102 4108 8216 8240 12296 16480 16576 24608 28672 33152 49280 66304 67072 98560 133121 134144 135169 197632 229376 282624 311296 397312 425984
1 4099 4102 4108 8216 8240 12296 16480 16576 24608 28672 33152 49280 66304 67072 98560 133121 134144 135169 197632 282624 311296 360448 397312 458752
1 4099 4102 4108 8216 8240 12296 16480 16576 24608 28672 33152 49280 66304 67072 98560 133121 134144 151552 180224 197632 229376 266241 393217 397312
1 4099 4102 4108 8216 8240 12296 16480 16576 24608 28672 33152 49280 66304 67072 98560 133121 134144 180224 197632 229376 266241 282624 393217 409600
1 4099 4102 4108 8216 8240 12296 16480 16576 24608 28672 33152 49280 66304 67072 98560 133121 134144 197632 229376 266241 282624 311296 393217 425984
1 4099 4102 4108 8216 8240 12296 16480 16576 24608 28672 33152 49280 66304 67072 98560 133121 134144 197632 266241 282624 311296 360448 393217 458752
1 4099 4102 4108 8216 8240 12296 16480 16576 24608 28672 33152 49280 66304 67072 98560 133121 135169 151552 180224 197632 229376 265216 394240 395264
1 4099 4102 4108 8216 8240 12296 16480 16576 24608 28672 33152 49280 66304 67072 98560 134144 135169 151552 180224 197632 229376 264193 393217 395264
1 4099 4102 4108 8216 8240 12296 16480 16576 24608 28672 33152 49280 66304 67072 98560 134144 151552 180224 197632 229376 264193 266241 395264 397312
1 4099 4102 4108 8216 8240 12296 16480 16576 24608 28672 33152 49280 66304 67072 98560 134144 180224 197632 229376 264193 266241 282624 395264 409600
1 4099 4102 4108 8216 8240 12296 16480 16576 24608 28672 33152 49280 66304 67072 98560 134144 197632 229376 264193 266241 282624 311296 395264 425984
1 4099 4102 4108 8216 8240 12296 16480 16576 24608 28672 33152 49280 66304 67072 98560 134144 197632 264193 266241 282624 311296 360448 395264 458752
1 4099 4102 4108 8216 8240 12296 16480 16576 24608 28672 33152 49280 66304 67072 98560 135169 151552 180224 197632 229376 264193 265216 393217 394240
1 4099 4102 4108 8216 8240 12296 16480 16576 24608 28672 33152 49280 66304 67072 98560 151552 180224 197632 229376 264193 265216 266241 394240 397312
1 4099 4102 4108 8216 8240 12296 16480 16576 24608 28672 33152 49280 66304 67072 98560 180224 197632 229376 264193 265216 266241 282624 394240 409600
1 4099 4102 4108 8216 8240 12296 16480 16576 24608 28672 33152 49280 66304 67072 98560 197632 229376 264193 265216 266241 282624 311296 394240 425984
1 4099 4102 4108 8216 8240 12296 16480 16576 24608 28672 33152 49280 66304 67072 98560 197632 264193 265216 266241 282624 311296 360448 394240 458752
1 4099 4102 4108 8216 8240 12296 16480 16576 24608 28672 33152 49280 66304 86016 98560 114688 132608 133121 134144 197120 200704 266241 393217 397312
1 4099 4102 4108 8216 8240 12296 16480 16576 24608 28672 33152 49280 66304 86016 98560 114688 132608 133121 134144 197120 266241 331776 393217 458752
1 4099 4102 4108 8216 8240 12296 16480 16576 24608 28672 33152 49280 66304 86016 98560 114688 132608 133121 135169 197120 200704 265216 394240 395264
1 4099 4102 4108 8216 8240 12296 16480 16576 24608 28672 33152 49280 66304 86016 98560 114688 132608 134144 135169 197120 200704 264193 393217 395264
1 4099 4102 4108 8216 8240 12296 16480 16576 24608 28672 33152 49280 66304 86016 98560 114688 132608 134144 197120 200704 264193 266241 395264 397312
1 4099 4102 4108 8216 8240 12296 16480 16576 24608 28672 33152 49280 66304 86016 98560 114688 132608 134144 197120 264193 266241 331776 395264 458752
1 4099 4102 4108 8216 8240 12296 16480 16576 24608 28672 33152 49280 66304 86016 98560 114688 132608 135169 197120 200704 264193 265216 393217 394240
1 4099 4102 4108 8216 8240 12296 16480 16576 24608 28672 33152 49280 66304 86016 98560 114688 132608 197120 197632 264193 265216 266241 328704 331776
1 4099 4102 4108 8216 8240 12296 16480 16576 24608 28672 33152 49280 66304 86016 98560 114688 132608 197120 200704 264193 265216 266241 394240 397312
1 4099 4102 4108 8216 8240 12296 16480 16576 24608 28672 33152 49280 66304 86016 98560 114688 132608 197120 264193 265216 266241 331776 394240 458752
1 4099 4102 4108 8216 8240 12296 16480 16576 24608 28672 33152 49280 66304 86016 98560 114688 133121 134144 135169 197120 200704 263680 393728 394240
1 4099 4102 4108 8216 8240 12296 16480 16576 24608 28672 33152 49280 66304 86016 98560 114688 133121 135169 197120 200704 263680 265216 393728 395264
1 4099 4102 4108 8216 8240 12296 16480 16576 24608 28672 33152 49280 66304 86016 98560 114688 135169 197120 200704 263680 264193 265216 393217 393728
1 4099 4102 4108 8216 8240 12296 16480 16576 24608 28672 33152 49280 66304 98560 98816 132608 133121 134144 151552 164352 180224 266241 393217 397312
1 4099 4102 4108 8216 8240 12296 16480 16576 24608 28672 33152 49280 66304 98560 98816 132608 133121 134144 164352 180224 266241 282624 393217 409600
1 4099 4102 4108 8216 8240 12296 16480 16576 24608 28672 33152 49280 66304 98560 98816 132608 133121 134144 164352 266241 282624 311296 393217 425984
1 4099 4102 4108 8216 8240 12296 16480 16576 24608 28672 33152 49280 66304 98560 98816 132608 133121 135169 151552 164352 180224 265216 394240 395264
1 4099 4102 4108 8216 8240 12296 16480 16576 24608 28672 33152 49280 66304 98560 98816 132608 134144 135169 151552 164352 180224 264193 393217 395264
1 4099 4102 4108 8216 8240 12296 16480 16576 24608 28672 33152 49280 66304 98560 98816 132608 134144 151552 164352 180224 264193 266241 395264 397312
1 4099 4102 4108 8216 8240 12296 16480 16576 24608 28672 33152 49280 66304 98560 98816 132608 134144 164352 180224 264193 266241 282624 395264 409600
1 4099 4102 4108 8216 8240 12296 16480 16576 24608 28672 33152 49280 66304 98560 98816 132608 134144 164352 264193 266241 282624 311296 395264 425984
1 4099 4102 4108 8216 8240 12296 16480 16576 24608 28672 33152 49280 66304 98560 98816 132608 135169 151552 164352 180224 264193 265216 393217 394240
1 4099 4102 4108 8216 8240 12296 16480 16576 24608 28672 33152 49280 66304 98560 98816 132608 151552 164352 180224 264193 265216 266241 394240 397312
1 4099 4102 4108 8216 8240 12296 16480 16576 24608 28672 33152 49280 66304 98560 98816 132608 164352 180224 264193 265216 266241 282624 394240 409600
1 4099 4102 4108 8216 8240 12296 16480 16576 24608 28672 33152 49280 66304 98560 98816 132608 164352 264193 265216 266241 282624 311296 394240 425984
1 4099 4102 4108 8216 8240 12296 16480 16576 24608 28672 33152 49280 66304 98560 98816 133121 134144 135169 151552 164352 180224 263680 393728 394240
1 4099 4102 4108 8216 8240 12296 16480 16576 24608 28672 33152 49280 66304 98560 98816 133121 135169 151552 164352 180224 263680 265216 393728 395264
1 4099 4102 4108 8216 8240 12296 16480 16576 24608 28672 33152 49280 66304 98560 98816 135169 151552 164352 180224 263680 264193 265216 393217 393728
1 4099 4102 4108 8216 8240 12296 16480 16576 24608 28672 33152 49280 66304 98560 114688 132608 133121 134144 151552 197120 212992 266241 393217 397312
1 4099 4102 4108 8216 8240 12296 16480 16576 24608 28672 33152 49280 66304 98560 114688 132608 133121 134144 197120 212992 266241 282624 393217 409600
1 4099 4102 4108 8216 8240 12296 16480 16576 24608 28672 33152 49280 66304 98560 114688 132608 133121 134144 197120 266241 282624 344064 393217 458752
1 4099 4102 4108 8216 8240 12296 16480 16576 24608 28672 33152 49280 66304 98560 114688 132608 133121 135169 151552 197120 212992 265216 394240 395264
1 4099 4102 4108 8216 8240 12296 16480 16576 24608 28672 33152 49280 66304 98560 114688 132608 134144 135169 151552 197120 212992 264193 393217 395264
1 4099 4102 4108 8216 8240 12296 16480 16576 24608 28672 33152 49280 66304 98560 114688 132608 134144 151552 197120 212992 264193 266241 395264 397312
1 4099 4102 4108 8216 8240 12296 16480 16576 24608 28672 33152 49280 66304 98560 114688 132608 134144 197120 212992 264193 266241 282624 395264 409600
1 4099 4102 4108 8216 8240 12296 16480 16576 24608 28672 33152 49280 66304 98560 114688 132608 134144 197120 264193 266241 282624 344064 395264 458752
1 4099 4102 4108 8216 8240 12296 16480 16576 24608 28672 33152 49280 66304 98560 114688 132608 135169 151552 197120 212992 264193 265216 393217 394240
1 4099 4102 4108 8216 8240 12296 16480 16576 24608 28672 33152 49280 66304 98560 114688 132608 151552 197120 212992 264193 265216 266241 394240 397312
1 4099 4102 4108 8216 8240 12296 16480 16576 24608 28672 33152 49280 66304 98560 114688 132608 197120 197632 264193 265216 266241 282624 328704 344064
1 4099 4102 4108 8216 8240 12296 16480 16576 24608 28672 33152 49280 66304 98560 114688 132608 197120 212992 264193 265216 266241 282624 394240 409600
1 4099 4102 4108 8216 8240 12296 16480 16576 24608 28672 33152 49280 66304 98560 114688 132608 197120 264193 265216 266241 282624 344064 394240 458752
1 4099 4102 4108 8216 8240 12296 16480 16576 24608 28672 33152 49280 66304 98560 114688 133121 134144 135169 151552 197120 212992 263680 393728 394240
1 4099 4102 4108 8216 8240 12296 16480 16576 24608 28672 33152 49280 66304 98560 114688 133121 135169 151552 197120 212992 263680 265216 393728 395264
1 4099 4102 4108 8216 8240 12296 16480 16576 24608 28672 33152 49280 66304 98560 114688 135169 151552 197120 212992 263680 264193 265216 393217 393728
1 4099 4102 4108 8216 8240 12296 16480 16576 24608 28672 33152 49280 66304 98560 132608 133121 134144 151552 180224 197120 229376 266241 393217 397312
1 4099 4102 4108 8216 8240 12296 16480 16576 24608 28672 33152 49280 66304 98560 132608 133121 134144 180224 197120 229376 266241 282624 393217 409600
1 4099 4102 4108 8216 8240 12296 16480 16576 24608 28672 33152 49280 66304 98560 132608 133121 134144 197120 229376 266241 282624 311296 393217 425984
1 4099 4102 4108 8216 8240 12296 16480 16576 24608 28672 33152 49280 66304 98560 132608 133121 134144 197120 266241 282624 311296 360448 393217 458752
1 4099 4102 4108 8216 8240 12296 16480 16576 24608 28672 33152 49280 66304 98560 132608 133121 135169 151552 180224 197120 229376 265216 394240 395264
1 4099 4102 4108 8216 8240 12296 16480 16576 24608 28672 33152 49280 66304 98560 132608 134144 135169 151552 180224 197120 229376 264193 393217 395264
1 4099 4102 4108 8216 8240 12296 16480 16576 24608 28672 33152 49280 66304 98560 132608 134144 151552 180224 197120 229376 264193 266241 395264 397312
1 4099 4102 4108 8216 8240 12296 16480 16576 24608 28672 33152 49280 66304 98560 132608 134144 180224 197120 229376 264193 266241 282624 395264 409600
1 4099 4102 4108 8216 8240 12296 16480 16576 24608 28672 33152 49280 66304 98560 132608 134144 197120 229376 264193 266241 282624 311296 395264 425984
1 4099 4102 4108 8216 8240 12296 16480 16576 24608 28672 33152 49280 66304 98560 132608 134144 197120 264193 266241 282624 311296 360448 395264 458752
1 4099 4102 4108 8216 8240 12296 16480 16576 24608 28672 33152 49280 66304 98560 132608 135169 151552 180224 197120 229376 264193 265216 393217 394240
1 4099 4102 4108 8216 8240 12296 16480 16576 24608 28672 33152 49280 66304 98560 132608 151552 180224 197120 229376 264193 265216 266241 394240 397312
1 4099 4102 4108 8216 8240 12296 16480 16576 24608 28672 33152 49280 66304 98560 132608 180224 197120 229376 264193 265216 266241 282624 394240 409600
1 4099 4102 4108 8216 8240 12296 16480 16576 24608 28672 33152 49280 66304 98560 132608 197120 197632 264193 265216 266241 282624 311296 328704 360448
1 4099 4102 4108 8216 8240 12296 16480 16576 24608 28672 33152 49280 66304 98560 132608 197120 229376 264193 265216 266241 282624 311296 394240 425984
1 4099 4102 4108 8216 8240 12296 16480 16576 24608 28672 33152 49280 66304 98560 132608 197120 264193 265216 266241 282624 311296 360448 394240 458752
1 4099 4102 4108 8216 8240 12296 16480 16576 24608 28672 33152 49280 66304 98560 133121 134144 135169 151552 180224 197120 229376 263680 393728 394240
1 4099 4102 4108 8216 8240 12296 16480 16576 24608 28672 33152 49280 66304 98560 133121 135169 151552 180224 197120 229376 263680 265216 393728 395264
1 4099 4102 4108 8216 8240 12296 16480 16576 24608 28672 33152 49280 66304 98560 135169 151552 180224 197120 229376 263680 264193 265216 393217 393728
1 4099 4102 4108 8216 8240 12296 16480 16576 24608 28672 33152 49280 67072 86016 98560 114688 131840 196864 197120 264193 265216 266241 328704 331776
1 4099 4102 4108 8216 8240 12296 16480 16576 24608 28672 33152 49280 67072 98560 114688 131840 196864 197120 264193 265216 266241 282624 328704 344064
1 4099 4102 4108 8216 8240 12296 16480 16576 24608 28672 33152 49280 67072 98560 131840 196864 197120 264193 265216 266241 282624 311296 328704 360448
1 4099 4102 4108 8216 8240 12296 16480 16576 24608 28672 33152 49280 86016 98560 114688 131840 132608 196864 197632 264193 265216 266241 328704 331776
1 4099 4102 4108 8216 8240 12296 16480 16576 24608 28672 33152 49280 86016 98560 114688 131840 132608 196864 200704 264193 265216 266241 394240 397312
1 4099 4102 4108 8216 8240 12296 16480 16576 24608 28672 33152 49280 86016 98560 114688 131840 132608 196864 264193 265216 266241 331776 394240 458752
1 4099 4102 4108 8216 8240 12296 16480 16576 24608 28672 33152 49280 98560 114688 131840 132608 151552 196864 212992 264193 265216 266241 394240 397312
1 4099 4102 4108 8216 8240 12296 16480 16576 24608 28672 33152 49280 98560 114688 131840 132608 196864 197632 264193 265216 266241 282624 328704 344064
1 4099 4102 4108 8216 8240 12296 16480 16576 24608 28672 33152 49280 98560 114688 131840 132608 196864 212992 264193 265216 266241 282624 394240 409600
1 4099 4102 4108 8216 8240 12296 16480 16576 24608 28672 33152 49280 98560 114688 131840 132608 196864 264193 265216 266241 282624 344064 394240 458752
1 4099 4102 4108 8216 8240 12296 16480 16576 24608 28672 33152 49280 98560 131840 132608 151552 180224 196864 229376 264193 265216 266241 394240 397312
1 4099 4102 4108 8216 8240 12296 16480 16576 24608 28672 33152 49280 98560 131840 132608 180224 196864 229376 264193 265216 266241 282624 394240 409600
1 4099 4102 4108 8216 8240 12296 16480 16576 24608 28672 33152 49280 98560 131840 132608 196864 197632 264193 265216 266241 282624 311296 328704 360448
1 4099 4102 4108 8216 8240 12296 16480 16576 24608 28672 33152 49280 98560 131840 132608 196864 229376 264193 265216 266241 282624 311296 394240 425984
1 4099 4102 4108 8216 8240 12296 16480 16576 24608 28672 33152 49280 98560 131840 132608 196864 264193 265216 266241 282624 311296 360448 394240 458752
1 4099 4102 4108 8216 8240 12296 16480 16576 24608 28672 33536 49280 53248 65920 98432 98560 132608 133121 134144 164352 167936 266241 393217 397312
1 4099 4102 4108 8216 8240 12296 16480 16576 24608 28672 33536 49280 53248 65920 98432 98560 132608 133121 134144 164352 266241 299008 393217 425984
1 4099 4102 4108 8216 8240 12296 16480 16576 24608 28672 33536 49280 53248 65920 98432 98560 132608 133121 135169 164352 167936 265216 394240 395264
1 4099 4102 4108 8216 8240 12296 16480 16576 24608 28672 33536 49280 53248 65920 98432 98560 132608 134144 135169 164352 167936 264193 393217 395264
1 4099 4102 4108 8216 8240 12296 16480 16576 24608 28672 33536 49280 53248 65920 98432 98560 132608 134144 164352 167936 264193 266241 395264 397312
1 4099 4102 4108 8216 8240 12296 16480 16576 24608 28672 33536 49280 53248 65920 98432 98560 132608 134144 164352 264193 266241 299008 395264 425984
1 4099 4102 4108 8216 8240 12296 16480 16576 24608 28672 33536 49280 53248 65920 98432 98560 132608 135169 164352 167936 264193 265216 393217 394240
1 4099 4102 4108 8216 8240 12296 16480 16576 24608 28672 33536 49280 53248 65920 98432 98560 132608 164352 167936 264193 265216 266241 394240 397312
1 4099 4102 4108 8216 8240 12296 16480 16576 24608 28672 33536 49280 53248 65920 98432 98560 132608 164352 264193 265216 266241 299008 394240 425984
1 4099 4102 4108 8216 8240 12296 16480 16576 24608 28672 33536 49280 53248 65920 98432 98560 133121 134144 135169 164352 167936 263680 393728 394240
1 4099 4102 4108 8216 8240 12296 16480 16576 24608 28672 33536 49280 53248 65920 98432 98560 133121 135169 164352 167936 263680 265216 393728 395264
1 4099 4102 4108 8216 8240 12296 16480 16576 24608 28672 33536 49280 53248 65920 98432 98560 135169 164352 167936 263680 264193 265216 393217 393728
1 4099 4102 4108 8216 8240 12296 16480 16576 24608 28672 33536 49280 65920 98432 98560 132608 133121 134144 151552 164352 180224 266241 393217 397312
1 4099 4102 4108 8216 8240 12296 16480 16576 24608 28672 33536 49280 65920 98432 98560 132608 133121 134144 164352 180224 266241 282624 393217 409600
1 4099 4102 4108 8216 8240 12296 16480 16576 24608 28672 33536 49280 65920 98432 98560 132608 133121 134144 164352 266241 282624 311296 393217 425984
1 4099 4102 4108 8216 8240 12296 16480 16576 24608 28672 33536 49280 65920 98432 98560 132608 133121 135169 151552 164352 180224 265216 394240 395264
1 4099 4102 4108 8216 8240 12296 16480 16576 24608 28672 33536 49280 65920 98432 98560 132608 134144 135169 151552 164352 180224 264193 393217 395264
1 4099 4102 4108 8216 8240 12296 16480 16576 24608 28672 33536 49280 65920 98432 98560 132608 134144 151552 164352 180224 264193 266241 395264 397312
1 4099 4102 4108 8216 8240 12296 16480 16576 24608 28672 33536 49280 65920 98432 98560 132608 134144 164352 180224 264193 266241 282624 395264 409600
1 4099 4102 4108 8216 8240 12296 16480 16576 24608 28672 33536 49280 65920 98432 98560 132608 134144 164352 264193 266241 282624 311296 395264 425984
1 4099 4102 4108 8216 8240 12296 16480 16576 24608 28672 33536 49280 65920 98432 98560 132608 135169 151552 164352 180224 264193 265216 393217 394240
1 4099 4102 4108 8216 8240 12296 16480 16576 24608 28672 33536 49280 65920 98432 98560 132608 151552 164352 180224 264193 265216 266241 394240 397312
1 4099 4102 4108 8216 8240 12296 16480 16576 24608 28672 33536 49280 65920 98432 98560 132608 164352 180224 264193 265216 266241 282624 394240 409600
1 4099 4102 4108 8216 8240 12296 16480 16576 24608 28672 33536 49280 65920 98432 98560 132608 164352 264193 265216 266241 282624 311296 394240 425984
1 4099 4102 4108 8216 8240 12296 16480 16576 24608 28672 33536 49280 65920 98432 98560 133121 134144 135169 151552 164352 180224 263680 393728 394240
1 4099 4102 4108 8216 8240 12296 16480 16576 24608 28672 33536 49280 65920 98432 98560 133121 135169 151552 164352 180224 263680 265216 393728 395264
1 4099 4102 4108 8216 8240 12296 16480 16576 24608 28672 33536 49280 65920 98432 98560 135169 151552 164352 180224 263680 264193 265216 393217 393728
1 4099 4102 4108 8216 8240 12296 16480 16576 24608 28672 49280 53248 65920 66304 98432 98816 132608 133121 134144 164352 167936 266241 393217 397312
1 4099 4102 4108 8216 8240 12296 16480 16576 24608 28672 49280 53248 65920 66304 98432 98816 132608 133121 134144 164352 266241 299008 393217 425984
1 4099 4102 4108 8216 8240 12296 16480 16576 24608 28672 49280 53248 65920 66304 98432 98816 132608 133121 135169 164352 167936 265216 394240 395264
1 4099 4102 4108 8216 8240 12296 16480 16576 24608 28672 49280 53248 65920 66304 98432 98816 132608 134144 135169 164352 167936 264193 393217 395264
1 4099 4102 4108 8216 8240 12296 16480 16576 24608 28672 49280 53248 65920 66304 98432 98816 132608 134144 164352 167936 264193 266241 395264 397312
1 4099 4102 4108 8216 8240 12296 16480 16576 24608 28672 49280 53248 65920 66304 98432 98816 132608 134144 164352 264193 266241 299008 395264 425984
1 4099 4102 4108 8216 8240 12296 16480 16576 24608 28672 49280 53248 65920 66304 98432 98816 132608 135169 164352 167936 264193 265216 393217 394240
1 4099 4102 4108 8216 8240 12296 16480 16576 24608 28672 49280 53248 65920 66304 98432 98816 132608 164352 167936 264193 265216 266241 394240 397312
1 4099 4102 4108 8216 8240 12296 16480 16576 24608 28672 49280 53248 65920 66304 98432 98816 132608 164352 264193 265216 266241 299008 394240 425984
1 4099 4102 4108 8216 8240 12296 16480 16576 24608 28672 49280 53248 65920 66304 98432 98816 133121 134144 135169 164352 167936 263680 393728 394240
1 4099 4102 4108 8216 8240 12296 16480 16576 24608 28672 49280 53248 65920 66304 98432 98816 133121 135169 164352 167936 263680 265216 393728 395264
1 4099 4102 4108 8216 8240 12296 16480 16576 24608 28672 49280 53248 65920 66304 98432 98816 135169 164352 167936 263680 264193 265216 393217 393728
1 4099 4102 4108 8216 8240 12296 16480 16576 24608 28672 49280 53248 65920 66304 98432 102400 132608 133121 134144 197120 200704 266241 393217 397312
1 4099 4102 4108 8216 8240 12296 16480 16576 24608 28672 49280 53248 65920 66304 98432 102400 132608 133121 135169 197120 200704 265216 394240 395264
1 4099 4102 4108 8216 8240 12296 16480 16576 24608 28672 49280 53248 65920 66304 98432 102400 132608 134144 135169 197120 200704 264193 393217 395264
1 4099 4102 4108 8216 8240 12296 16480 16576 24608 28672 49280 53248 65920 66304 98432 102400 132608 134144 197120 200704 264193 266241 395264 397312
1 4099 4102 4108 8216 8240 12296 16480 16576 24608 28672 49280 53248 65920 66304 98432 102400 132608 135169 197120 200704 264193 265216 393217 394240
1 4099 4102 4108 8216 8240 12296 16480 16576 24608 28672 49280 53248 65920 66304 98432 102400 132608 197120 200704 264193 265216 266241 394240 397312
1 4099 4102 4108 8216 8240 12296 16480 16576 24608 28672 49280 53248 65920 66304 98432 102400 133121 134144 135169 197120 200704 263680 393728 394240
1 4099 4102 4108 8216 8240 12296 16480 16576 24608 28672 49280 53248 65920 66304 98432 102400 133121 134144 135169 200704 263680 328192 394240 458752
1 4099 4102 4108 8216 8240 12296 16480 16576 24608 28672 49280 53248 65920 66304 98432 102400 133121 135169 197120 200704 263680 265216 393728 395264
1 4099 4102 4108 8216 8240 12296 16480 16576 24608 28672 49280 53248 65920 66304 98432 102400 133121 135169 200704 263680 265216 328192 395264 458752
1 4099 4102 4108 8216 8240 12296 16480 16576 24608 28672 49280 53248 65920 66304 98432 102400 135169 197120 200704 263680 264193 265216 393217 393728
1 4099 4102 4108 8216 8240 12296 16480 16576 24608 28672 49280 53248 65920 66304 98432 102400 135169 200704 263680 264193 265216 328192 393217 458752
1 4099 4102 4108 8216 8240 12296 16480 16576 24608 28672 49280 53248 65920 66304 98432 132608 133121 134144 167936 197120 229376 266241 393217 397312
1 4099 4102 4108 8216 8240 12296 16480 16576 24608 28672 49280 53248 65920 66304 98432 132608 133121 134144 197120 229376 266241 299008 393217 425984
1 4099 4102 4108 8216 8240 12296 16480 16576 24608 28672 49280 53248 65920 66304 98432 132608 133121 135169 167936 197120 229376 265216 394240 395264
1 4099 4102 4108 8216 8240 12296 16480 16576 24608 28672 49280 53248 65920 66304 98432 132608 134144 135169 167936 197120 229376 264193 393217 395264
1 4099 4102 4108 8216 8240 12296 16480 16576 24608 28672 49280 53248 65920 66304 98432 132608 134144 167936 197120 229376 264193 266241 395264 397312
1 4099 4102 4108 8216 8240 12296 16480 16576 24608 28672 49280 53248 65920 66304 98432 132608 134144 197120 229376 264193 266241 299008 395264 425984
1 4099 4102 4108 8216 8240 12296 16480 16576 24608 28672 49280 53248 65920 66304 98432 132608 135169 167936 197120 229376 264193 265216 393217 394240
1 4099 4102 4108 8216 8240 12296 16480 16576 24608 28672 49280 53248 65920 66304 98432 132608 167936 197120 229376 264193 265216 266241 394240 397312
1 4099 4102 4108 8216 8240 12296 16480 16576 24608 28672 49280 53248 65920 66304 98432 132608 197120 229376 264193 265216 266241 299008 394240 425984
1 4099 4102 4108 8216 8240 12296 16480 16576 24608 28672 49280 53248 65920 66304 98432 133121 134144 135169 167936 197120 229376 263680 393728 394240
1 4099 4102 4108 8216 8240 12296 16480 16576 24608 28672 49280 53248 65920 66304 98432 133121 134144 135169 167936 229376 263680 328192 394240 458752
1 4099 4102 4108 8216 8240 12296 16480 16576 24608 28672 49280 53248 65920 66304 98432 133121 135169 167936 197120 229376 263680 265216 393728 395264
1 4099 4102 4108 8216 8240 12296 16480 16576 24608 28672 49280 53248 65920 66304 98432 133121 135169 167936 229376 263680 265216 328192 395264 458752
1 4099 4102 4108 8216 8240 12296 16480 16576 24608 28672 49280 53248 65920 66304 98432 135169 167936 197120 229376 263680 264193 265216 393217 393728
1 4099 4102 4108 8216 8240 12296 16480 16576 24608 28672 49280 53248 65920 66304 98432 135169 167936 229376 263680 264193 265216 328192 393217 458752
2 4099 4102 4108 8216 8240 12296 16480 16576 24608 28672 49280 53248 65920 98432 98560 131840 132608 164096 167936 264193 265216 266241 394240 397312
1 4099 4102 4108 8216 8240 12296 16480 16576 24608 28672 49280 53248 65920 98432 98560 131840 132608 164096 264193 265216 266241 299008 394240 425984
1 4099 4102 4108 8216 8240 12296 16480 16576 24608 28672 49280 53248 65920 98432 102400 133121 134144 135169 200704 262912 263680 327936 394240 458752
1 4099 4102 4108 8216 8240 12296 16480 16576 24608 28672 49280 53248 65920 98432 131840 132608 196864 229376 264193 265216 266241 299008 394240 425984
1 4099 4102 4108 8216 8240 12296 16480 16576 24608 28672 49280 53248 65920 98432 133121 134144 135169 167936 229376 262912 263680 327936 394240 458752
1 4099 4102 4108 8216 8240 12296 16480 16576 24608 28672 49280 65920 66304 86016 98432 114688 132608 133121 134144 197120 200704 266241 393217 397312
1 4099 4102 4108 8216 8240 12296 16480 16576 24608 28672 49280 65920 66304 86016 98432 114688 132608 133121 135169 197120 200704 265216 394240 395264
1 4099 4102 4108 8216 8240 12296 16480 16576 24608 28672 49280 65920 66304 86016 98432 114688 132608 134144 135169 197120 200704 264193 393217 395264
1 4099 4102 4108 8216 8240 12296 16480 16576 24608 28672 49280 65920 66304 86016 98432 114688 132608 134144 197120 200704 264193 266241 395264 397312
1 4099 4102 4108 8216 8240 12296 16480 16576 24608 28672 49280 65920 66304 86016 98432 114688 132608 135169 197120 200704 264193 265216 393217 394240
1 4099 4102 4108 8216 8240 12296 16480 16576 24608 28672 49280 65920 66304 86016 98432 114688 132608 197120 200704 264193 265216 266241 394240 397312
1 4099 4102 4108 8216 8240 12296 16480 16576 24608 28672 49280 65920 66304 86016 98432 114688 133121 134144 135169 197120 200704 263680 393728 394240
1 4099 4102 4108 8216 8240 12296 16480 16576 24608 28672 49280 65920 66304 86016 98432 114688 133121 134144 135169 200704 263680 328192 394240 458752
1 4099 4102 4108 8216 8240 12296 16480 16576 24608 28672 49280 65920 66304 86016 98432 114688 133121 135169 197120 200704 263680 265216 393728 395264
1 4099 4102 4108 8216 8240 12296 16480 16576 24608 28672 49280 65920 66304 86016 98432 114688 133121 135169 200704 263680 265216 328192 395264 458752
1 4099 4102 4108 8216 8240 12296 16480 16576 24608 28672 49280 65920 66304 86016 98432 114688 135169 197120 200704 263680 264193 265216 393217 393728
1 4099 4102 4108 8216 8240 12296 16480 16576 24608 28672 49280 65920 66304 86016 98432 114688 135169 200704 263680 264193 265216 328192 393217 458752
1 4099 4102 4108 8216 8240 12296 16480 16576 24608 28672 49280 65920 66304 98432 98816 132608 133121 134144 151552 164352 180224 266241 393217 397312
1 4099 4102 4108 8216 8240 12296 16480 16576 24608 28672 49280 65920 66304 98432 98816 132608 133121 134144 164352 180224 266241 282624 393217 409600
1 4099 4102 4108 8216 8240 12296 16480 16576 24608 28672 49280 65920 66304 98432 98816 132608 133121 134144 164352 266241 282624 311296 393217 425984
1 4099 4102 4108 8216 8240 12296 16480 16576 24608 28672 49280 65920 66304 98432 98816 132608 133121 135169 151552 164352 180224 265216 394240 395264
1 4099 4102 4108 8216 8240 12296 16480 16576 24608 28672 49280 65920 66304 98432 98816 132608 134144 135169 151552 164352 180224 264193 393217 395264
1 4099 4102 4108 8216 8240 12296 16480 16576 24608 28672 49280 65920 66304 98432 98816 132608 134144 151552 164352 180224 264193 266241 395264 397312
1 4099 4102 4108 8216 8240 12296 16480 16576 24608 28672 49280 65920 66304 98432 98816 132608 134144 164352 180224 264193 266241 282624 395264 409600
1 4099 4102 4108 8216 8240 12296 16480 16576 24608 28672 49280 65920 66304 98432 98816 132608 134144 164352 264193 266241 282624 311296 395264 425984
1 4099 4102 4108 8216 8240 12296 16480 16576 24608 28672 49280 65920 66304 98432 98816 132608 135169 151552 164352 180224 264193 265216 393217 394240
1 4099 4102 4108 8216 8240 12296 16480 16576 24608 28672 49280 65920 66304 98432 98816 132608 151552 164352 180224 264193 265216 266241 394240 397312
1 4099 4102 4108 8216 8240 12296 16480 16576 24608 28672 49280 65920 66304 98432 98816 132608 164352 180224 264193 265216 266241 282624 394240 409600
1 4099 4102 4108 8216 8240 12296 16480 16576 24608 28672 49280 65920 66304 98432 98816 132608 164352 264193 265216 266241 282624 311296 394240 425984
1 4099 4102 4108 8216 8240 12296 16480 16576 24608 28672 49280 65920 66304 98432 98816 133121 134144 135169 151552 164352 180224 263680 393728 394240
1 4099 4102 4108 8216 8240 12296 16480 16576 24608 28672 49280 65920 66304 98432 98816 133121 135169 151552 164352 180224 263680 265216 393728 395264
1 4099 4102 4108 8216 8240 12296 16480 16576 24608 28672 49280 65920 66304 98432 98816 135169 151552 164352 180224 263680 264193 265216 393217 393728
1 4099 4102 4108 8216 8240 12296 16480 16576 24608 28672 49280 65920 66304 98432 114688 132608 133121 134144 151552 197120 212992 266241 393217 397312
1 4099 4102 4108 8216 8240 12296 16480 16576 24608 28672 49280 65920 66304 98432 114688 132608 133121 134144 197120 212992 266241 282624 393217 409600
1 4099 4102 4108 8216 8240 12296 16480 16576 24608 28672 49280 65920 66304 98432 114688 132608 133121 135169 151552 197120 212992 265216 394240 395264
1 4099 4102 4108 8216 8240 12296 16480 16576 24608 28672 49280 65920 66304 98432 114688 132608 134144 135169 151552 197120 212992 264193 393217 395264
1 4099 4102 4108 8216 8240 12296 16480 16576 24608 28672 49280 65920 66304 98432 114688 132608 134144 151552 197120 212992 264193 266241 395264 397312
1 4099 4102 4108 8216 8240 12296 16480 16576 24608 28672 49280 65920 66304 98432 114688 132608 134144 197120 212992 264193 266241 282624 395264 409600
1 4099 4102 4108 8216 8240 12296 16480 16576 24608 28672 49280 65920 66304 98432 114688 132608 135169 151552 197120 212992 264193 265216 393217 394240
1 4099 4102 4108 8216 8240 12296 16480 16576 24608 28672 49280 65920 66304 98432 114688 132608 151552 197120 212992 264193 265216 266241 394240 397312
1 4099 4102 4108 8216 8240 12296 16480 16576 24608 28672 49280 65920 66304 98432 114688 132608 197120 212992 264193 265216 266241 282624 394240 409600
1 4099 4102 4108 8216 8240 12296 16480 16576 24608 28672 49280 65920 66304 98432 114688 133121 134144 135169 151552 197120 212992 263680 393728 394240
1 4099 4102 4108 8216 8240 12296 16480 16576 24608 28672 49280 65920 66304 98432 114688 133121 134144 135169 151552 212992 263680 328192 394240 458752
1 4099 4102 4108 8216 8240 12296 16480 16576 24608 28672 49280 65920 66304 98432 114688 133121 135169 151552 197120 212992 263680 265216 393728 395264
1 4099 4102 4108 8216 8240 12296 16480 16576 24608 28672 49280 65920 66304 98432 114688 133121 135169 151552 212992 263680 265216 328192 395264 458752
1 4099 4102 4108 8216 8240 12296 16480 16576 24608 28672 49280 65920 66304 98432 114688 135169 151552 197120 212992 263680 264193 265216 393217 393728
1 4099 4102 4108 8216 8240 12296 16480 16576 24608 28672 49280 65920 66304 98432 114688 135169 151552 212992 263680 264193 265216 328192 393217 458752
1 4099 4102 4108 8216 8240 12296 16480 16576 24608 28672 49280 65920 66304 98432 132608 133121 134144 151552 180224 197120 229376 266241 393217 397312
1 4099 4102 4108 8216 8240 12296 16480 16576 24608 28672 49280 65920 66304 98432 132608 133121 134144 180224 197120 229376 266241 282624 393217 409600
1 4099 4102 4108 8216 8240 12296 16480 16576 24608 28672 49280 65920 66304 98432 132608 133121 134144 197120 229376 266241 282624 311296 393217 425984
1 4099 4102 4108 8216 8240 12296 16480 16576 24608 28672 49280 65920 66304 98432 132608 133121 135169 151552 180224 197120 229376 265216 394240 395264
1 4099 4102 4108 8216 8240 12296 16480 16576 24608 28672 49280 65920 66304 98432 132608 134144 135169 151552 180224 197120 229376 264193 393217 395264
1 4099 4102 4108 8216 8240 12296 16480 16576 24608 28672 49280 65920 66304 98432 132608 134144 151552 180224 197120 229376 264193 266241 395264 397312
1 4099 4102 4108 8216 8240 12296 16480 16576 24608 28672 49280 65920 66304 98432 132608 134144 180224 197120 229376 264193 266241 282624 395264 409600
1 4099 4102 4108 8216 8240 12296 16480 16576 24608 28672 49280 65920 66304 98432 132608 134144 197120 229376 264193 266241 282624 311296 395264 425984
1 4099 4102 4108 8216 8240 12296 16480 16576 24608 28672 49280 65920 66304 98432 132608 135169 151552 180224 197120 229376 264193 265216 393217 394240
1 4099 4102 4108 8216 8240 12296 16480 16576 24608 28672 49280 65920 66304 98432 132608 151552 180224 197120 229376 264193 265216 266241 394240 397312
1 4099 4102 4108 8216 8240 12296 16480 16576 24608 28672 49280 65920 66304 98432 132608 180224 197120 229376 264193 265216 266241 282624 394240 409600
1 4099 4102 4108 8216 8240 12296 16480 16576 24608 28672 49280 65920 66304 98432 132608 197120 229376 264193 265216 266241 282624 311296 394240 425984
1 4099 4102 4108 8216 8240 12296 16480 16576 24608 28672 49280 65920 66304 98432 133121 134144 135169 151552 180224 197120 229376 263680 393728 394240
1 4099 4102 4108 8216 8240 12296 16480 16576 24608 28672 49280 65920 66304 98432 133121 134144 135169 151552 180224 229376 263680 328192 394240 458752
1 4099 4102 4108 8216 8240 12296 16480 16576 24608 28672 49280 65920 66304 98432 133121 135169 151552 180224 197120 229376 263680 265216 393728 395264
1 4099 4102 4108 8216 8240 12296 16480 16576 24608 28672 49280 65920 66304 98432 133121 135169 151552 180224 229376 263680 265216 328192 395264 458752
1 4099 4102 4108 8216 8240 12296 16480 16576 24608 28672 49280 65920 66304 98432 135169 151552 180224 197120 229376 263680 264193 265216 393217 393728
1 4099 4102 4108 8216 8240 12296 16480 16576 24608 28672 49280 65920 66304 98432 135169 151552 180224 229376 263680 264193 265216 328192 393217 458752
1 4099 4102 4108 8216 8240 12296 16480 16576 24608 28672 49280 65920 86016 98432 114688 133121 134144 135169 200704 262912 263680 327936 394240 458752
2 4099 4102 4108 8216 8240 12296 16480 16576 24608 28672 49280 65920 98432 98560 131840 132608 151552 164096 180224 264193 265216 266241 394240 397312
1 4099 4102 4108 8216 8240 12296 16480 16576 24608 28672 49280 65920 98432 98560 131840 132608 164096 180224 264193 265216 266241 282624 394240 409600
1 4099 4102 4108 8216 8240 12296 16480 16576 24608 28672 49280 65920 98432 98560 131840 132608 164096 264193 265216 266241 282624 311296 394240 425984
1 4099 4102 4108 8216 8240 12296 16480 16576 24608 28672 49280 65920 98432 114688 131840 132608 196864 212992 264193 265216 266241 282624 394240 409600
1 4099 4102 4108 8216 8240 12296 16480 16576 24608 28672 49280 65920 98432 114688 133121 134144 135169 151552 212992 262912 263680 327936 394240 458752
1 4099 4102 4108 8216 8240 12296 16480 16576 24608 28672 49280 65920 98432 131840 132608 180224 196864 229376 264193 265216 266241 282624 394240 409600
1 4099 4102 4108 8216 8240 12296 16480 16576 24608 28672 49280 65920 98432 131840 132608 196864 229376 264193 265216 266241 282624 311296 394240 425984
1 4099 4102 4108 8216 8240 12296 16480 16576 24608 28672 49280 65920 98432 133121 134144 135169 151552 180224 229376 262912 263680 327936 394240 458752
1 4099 4102 4108 8216 8240 12296 16480 16576 28672 40992 49184 57344 65920 66304 82048 86016 132608 133121 134144 197120 200704 266241 393217 397312
1 4099 4102 4108 8216 8240 12296 16480 16576 28672 40992 49184 57344 65920 66304 82048 86016 132608 133121 135169 197120 200704 265216 394240 395264
1 4099 4102 4108 8216 8240 12296 16480 16576 28672 40992 49184 57344 65920 66304 82048 86016 132608 134144 135169 197120 200704 264193 393217 395264
1 4099 4102 4108 8216 8240 12296 16480 16576 28672 40992 49184 57344 65920 66304 82048 86016 132608 134144 197120 200704 264193 266241 395264 397312
1 4099 4102 4108 8216 8240 12296 16480 16576 28672 40992 49184 57344 65920 66304 82048 86016 132608 135169 197120 200704 264193 265216 393217 394240
1 4099 4102 4108 8216 8240 12296 16480 16576 28672 40992 49184 57344 65920 66304 82048 86016 132608 197120 200704 264193 265216 266241 394240 397312
1 4099 4102 4108 8216 8240 12296 16480 16576 28672 40992 49184 57344 65920 66304 82048 86016 133121 134144 135169 197120 200704 263680 393728 394240
1 4099 4102 4108 8216 8240 12296 16480 16576 28672 40992 49184 57344 65920 66304 82048 86016 133121 134144 135169 200704 263680 328192 394240 458752
1 4099 4102 4108 8216 8240 12296 16480 16576 28672 40992 49184 57344 65920 66304 82048 86016 133121 135169 197120 200704 263680 265216 393728 395264
1 4099 4102 4108 8216 8240 12296 16480 16576 28672 40992 49184 57344 65920 66304 82048 86016 133121 135169 200704 263680 265216 328192 395264 458752
1 4099 4102 4108 8216 8240 12296 16480 16576 28672 40992 49184 57344 65920 66304 82048 86016 135169 197120 200704 263680 264193 265216 393217 393728
1 4099 4102 4108 8216 8240 12296 16480 16576 28672 40992 49184 57344 65920 66304 82048 86016 135169 200704 263680 264193 265216 328192 393217 458752
1 4099 4102 4108 8216 8240 12296 16480 16576 28672 40992 49184 57344 65920 66304 82048 132608 133121 135169 151552 197120 212992 265216 394240 395264
1 4099 4102 4108 8216 8240 12296 16480 16576 28672 40992 49184 57344 65920 66304 82048 132608 134144 135169 151552 197120 212992 264193 393217 395264
1 4099 4102 4108 8216 8240 12296 16480 16576 28672 40992 49184 57344 65920 66304 82048 132608 134144 151552 197120 212992 264193 266241 395264 397312
1 4099 4102 4108 8216 8240 12296 16480 16576 28672 40992 49184 57344 65920 66304 82048 132608 134144 197120 212992 264193 266241 282624 395264 409600
1 4099 4102 4108 8216 8240 12296 16480 16576 28672 40992 49184 57344 65920 66304 82048 132608 135169 151552 197120 212992 264193 265216 393217 394240
1 4099 4102 4108 8216 8240 12296 16480 16576 28672 40992 49184 57344 65920 66304 82048 132608 151552 197120 212992 264193 265216 266241 394240 397312
1 4099 4102 4108 8216 8240 12296 16480 16576 28672 40992 49184 57344 65920 66304 82048 132608 197120 212992 264193 265216 266241 282624 394240 409600
1 4099 4102 4108 8216 8240 12296 16480 16576 28672 40992 49184 57344 65920 66304 82048 133121 134144 135169 151552 197120 212992 263680 393728 394240
1 4099 4102 4108 8216 8240 12296 16480 16576 28672 40992 49184 57344 65920 66304 82048 133121 134144 135169 151552 212992 263680 328192 394240 458752
1 4099 4102 4108 8216 8240 12296 16480 16576 28672 40992 49184 57344 65920 66304 82048 133121 135169 151552 197120 212992 263680 265216 393728 395264
1 4099 4102 4108 8216 8240 12296 16480 16576 28672 40992 49184 57344 65920 66304 82048 133121 135169 151552 212992 263680 265216 328192 395264 458752
1 4099 4102 4108 8216 8240 12296 16480 16576 28672 40992 49184 57344 65920 66304 82048 135169 151552 197120 212992 263680 264193 265216 393217 393728
1 4099 4102 4108 8216 8240 12296 16480 16576 28672 40992 49184 57344 65920 66304 82048 135169 151552 212992 263680 264193 265216 328192 393217 458752
1 4099 4102 4108 8216 8240 12296 16480 16576 28672 40992 49184 57344 65920 82048 86016 133121 134144 135169 200704 262912 263680 327936 394240 458752
1 4099 4102 4108 8216 8240 12296 16480 16576 28672 40992 49184 57344 65920 82048 131840 132608 196864 212992 264193 265216 266241 282624 394240 409600
1 4099 4102 4108 8216 8240 12296 16480 16576 28672 40992 49184 57344 65920 82048 133121 134144 135169 151552 212992 262912 263680 327936 394240 458752
1 4099 4102 4108 8216 8240 12296 16480 24608 28672 32960 33152 49216 53248 66304 67072 98560 102400 133121 134144 197632 200704 266241 393217 397312
1 4099 4102 4108 8216 8240 12296 16480 24608 28672 32960 33152 49216 53248 66304 67072 98560 102400 133121 135169 197632 200704 265216 394240 395264
1 4099 4102 4108 8216 8240 12296 16480 24608 28672 32960 33152 49216 53248 66304 67072 98560 102400 133121 135169 200704 265216 328704 395264 458752
1 4099 4102 4108 8216 8240 12296 16480 24608 28672 32960 33152 49216 53248 66304 67072 98560 102400 134144 135169 197632 200704 264193 393217 395264
1 4099 4102 4108 8216 8240 12296 16480 24608 28672 32960 33152 49216 53248 66304 67072 98560 102400 134144 197632 200704 264193 266241 395264 397312
1 4099 4102 4108 8216 8240 12296 16480 24608 28672 32960 33152 49216 53248 66304 67072 98560 102400 135169 197632 200704 264193 265216 393217 394240
1 4099 4102 4108 8216 8240 12296 16480 24608 28672 32960 33152 49216 53248 66304 67072 98560 102400 135169 200704 264193 265216 328704 393217 458752
1 4099 4102 4108 8216 8240 12296 16480 24608 28672 32960 33152 49216 53248 66304 67072 98560 102400 197632 200704 264193 265216 266241 394240 397312
1 4099 4102 4108 8216 8240 12296 16480 24608 28672 32960 33152 49216 53248 66304 67072 98560 102400 200704 264193 265216 266241 328704 397312 458752
1 4099 4102 4108 8216 8240 12296 16480 24608 28672 32960 33152 49216 53248 66304 98560 102400 132608 133121 134144 197120 200704 266241 393217 397312
1 4099 4102 4108 8216 8240 12296 16480 24608 28672 32960 33152 49216 53248 66304 98560 102400 132608 133121 135169 197120 200704 265216 394240 395264
1 4099 4102 4108 8216 8240 12296 16480 24608 28672 32960 33152 49216 53248 66304 98560 102400 132608 134144 135169 197120 200704 264193 393217 395264
1 4099 4102 4108 8216 8240 12296 16480 24608 28672 32960 33152 49216 53248 66304 98560 102400 132608 134144 197120 200704 264193 266241 395264 397312
1 4099 4102 4108 8216 8240 12296 16480 24608 28672 32960 33152 49216 53248 66304 98560 102400 132608 135169 197120 200704 264193 265216 393217 394240
1 4099 4102 4108 8216 8240 12296 16480 24608 28672 32960 33152 49216 53248 66304 98560 102400 132608 197120 200704 264193 265216 266241 394240 397312
1 4099 4102 4108 8216 8240 12296 16480 24608 28672 32960 33152 49216 53248 66304 98560 102400 133121 134144 135169 197120 200704 263680 393728 394240
1 4099 4102 4108 8216 8240 12296 16480 24608 28672 32960 33152 49216 53248 66304 98560 102400 133121 134144 135169 197632 200704 263680 328192 328704
1 4099 4102 4108 8216 8240 12296 16480 24608 28672 32960 33152 49216 53248 66304 98560 102400 133121 134144 135169 200704 263680 328192 394240 458752
1 4099 4102 4108 8216 8240 12296 16480 24608 28672 32960 33152 49216 53248 66304 98560 102400 133121 135169 197120 200704 263680 265216 393728 395264
1 4099 4102 4108 8216 8240 12296 16480 24608 28672 32960 33152 49216 53248 66304 98560 102400 133121 135169 200704 263680 265216 328192 395264 458752
1 4099 4102 4108 8216 8240 12296 16480 24608 28672 32960 33152 49216 53248 66304 98560 102400 135169 197120 200704 263680 264193 265216 393217 393728
1 4099 4102 4108 8216 8240 12296 16480 24608 28672 32960 33152 49216 53248 66304 98560 102400 135169 200704 263680 264193 265216 328192 393217 458752
1 4099 4102 4108 8216 8240 12296 16480 24608 28672 32960 33152 49216 53248 67072 67585 68608 102400 135169 196609 200704 262912 295168 328192 360448
1 4099 4102 4108 8216 8240 12296 16480 24608 28672 32960 33152 49216 53248 67072 67585 69633 102400 134144 197632 198656 262912 295168 328192 360448
1 4099 4102 4108 8216 8240 12296 16480 24608 28672 32960 33152 49216 53248 67072 68608 69633 102400 133121 196609 198656 262912 295168 328192 360448
1 4099 4102 4108 8216 8240 12296 16480 24608 28672 32960 33152 49216 53248 67072 68608 102400 133121 135169 198656 200704 262912 295168 328192 360448
1 4099 4102 4108 8216 8240 12296 16480 24608 28672 32960 33152 49216 53248 67072 69633 102400 133121 134144 196609 197632 262912 295168 328192 360448
1 4099 4102 4108 8216 8240 12296 16480 24608 28672 32960 33152 49216 53248 67072 98560 102400 133121 134144 135169 197632 200704 262912 327936 328192
1 4099 4102 4108 8216 8240 12296 16480 24608 28672 32960 33152 49216 53248 67072 102400 133121 134144 135169 197632 200704 262912 295168 328192 360448
1 4099 4102 4108 8216 8240 12296 16480 24608 28672 32960 33152 49216 53248 67585 68608 69633 102400 131840 132608 164096 197632 360448 425984 458752
1 4099 4102 4108 8216 8240 12296 16480 24608 28672 32960 33152 49216 53248 67585 68608 69633 102400 131840 132608 197632 229376 295168 393472 425984
1 4099 4102 4108 8216 8240 12296 16480 24608 28672 32960 33152 49216 53248 67585 68608 69633 102400 131840 132608 197632 295168 360448 393472 458752
1 4099 4102 4108 8216 8240 12296 16480 24608 28672 32960 33152 49216 53248 67585 68608 69633 102400 131840 164096 197632 229376 263680 393728 394240
1 4099 4102 4108 8216 8240 12296 16480 24608 28672 32960 33152 49216 53248 67585 68608 69633 102400 132608 164096 197632 229376 262912 393472 393728
1 4099 4102 4108 8216 8240 12296 16480 24608 28672 32960 33152 49216 53248 67585 68608 69633 102400 132608 197120 197632 262912 295168 328192 360448
1 4099 4102 4108 8216 8240 12296 16480 24608 28672 32960 33152 49216 53248 67585 68608 69633 102400 132608 197632 229376 262912 295168 393728 425984
1 4099 4102 4108 8216 8240 12296 16480 24608 28672 32960 33152 49216 53248 67585 68608 69633 102400 132608 197632 262912 295168 360448 393728 458752
1 4099 4102 4108 8216 8240 12296 16480 24608 28672 32960 33152 49216 53248 67585 68608 69633 102400 164096 197632 229376 262912 263680 393472 394240
1 4099 4102 4108 8216 8240 12296 16480 24608 28672 32960 33152 49216 53248 67585 68608 69633 102400 197632 229376 262912 263680 295168 394240 425984
1 4099 4102 4108 8216 8240 12296 16480 24608 28672 32960 33152 49216 53248 67585 68608 69633 102400 197632 262912 263680 295168 360448 394240 458752
1 4099 4102 4108 8216 8240 12296 16480 24608 28672 32960 33152 49216 53248 67585 68608 102400 135169 196609 200704 262912 263680 295168 328704 360448
1 4099 4102 4108 8216 8240 12296 16480 24608 28672 32960 33152 49216 53248 67585 69633 102400 132608 134144 197120 198656 262912 295168 328192 360448
1 4099 4102 4108 8216 8240 12296 16480 24608 28672 32960 33152 49216 53248 67585 69633 102400 132608 134144 198656 229376 262912 295168 393728 425984
1 4099 4102 4108 8216 8240 12296 16480 24608 28672 32960 33152 49216 53248 67585 69633 102400 132608 134144 198656 262912 295168 360448 393728 458752
1 4099 4102 4108 8216 8240 12296 16480 24608 28672 32960 33152 49216 53248 67585 69633 102400 134144 197632 198656 262912 263680 295168 328704 360448
1 4099 4102 4108 8216 8240 12296 16480 24608 28672 32960 33152 49216 53248 67585 69633 102400 134144 198656 229376 262912 263680 295168 394240 425984
1 4099 4102 4108 8216 8240 12296 16480 24608 28672 32960 33152 49216 53248 67585 69633 102400 134144 198656 262912 263680 295168 360448 394240 458752
1 4099 4102 4108 8216 8240 12296 16480 24608 28672 32960 33152 49216 53248 68608 69633 102400 133121 196609 198656 262912 263680 295168 328704 360448
1 4099 4102 4108 8216 8240 12296 16480 24608 28672 32960 33152 49216 53248 68608 102400 133121 135169 198656 200704 262912 263680 295168 328704 360448
1 4099 4102 4108 8216 8240 12296 16480 24608 28672 32960 33152 49216 53248 69633 102400 132608 133121 134144 196609 197120 262912 295168 328192 360448
1 4099 4102 4108 8216 8240 12296 16480 24608 28672 32960 33152 49216 53248 69633 102400 132608 133121 134144 196609 229376 262912 295168 393728 425984
1 4099 4102 4108 8216 8240 12296 16480 24608 28672 32960 33152 49216 53248 69633 102400 132608 133121 134144 196609 262912 295168 360448 393728 458752
1 4099 4102 4108 8216 8240 12296 16480 24608 28672 32960 33152 49216 53248 69633 102400 133121 134144 196609 197632 262912 263680 295168 328704 360448
1 4099 4102 4108 8216 8240 12296 16480 24608 28672 32960 33152 49216 53248 69633 102400 133121 134144 196609 229376 262912 263680 295168 394240 425984
1 4099 4102 4108 8216 8240 12296 16480 24608 28672 32960 33152 49216 53248 69633 102400 133121 134144 196609 262912 263680 295168 360448 394240 458752
1 4099 4102 4108 8216 8240 12296 16480 24608 28672 32960 33152 49216 53248 98560 102400 133121 134144 135169 197632 200704 262912 263680 327936 328704
1 4099 4102 4108 8216 8240 12296 16480 24608 28672 32960 33152 49216 53248 98560 102400 133121 134144 135169 200704 262912 263680 327936 394240 458752
1 4099 4102 4108 8216 8240 12296 16480 24608 28672 32960 33152 49216 53248 102400 133121 134144 135169 197632 200704 262912 263680 295168 328704 360448
1 4099 4102 4108 8216 8240 12296 16480 24608 28672 32960 33152 49216 53248 102400 133121 134144 135169 200704 229376 262912 263680 295168 394240 425984
1 4099 4102 4108 8216 8240 12296 16480 24608 28672 32960 33152 49216 53248 102400 133121 134144 135169 200704 262912 263680 295168 360448 394240 458752
1 4099 4102 4108 8216 8240 12296 16480 24608 28672 32960 33152 49216 66304 67072 86016 98560 114688 133121 134144 135169 197632 331776 397312 458752
1 4099 4102 4108 8216 8240 12296 16480 24608 28672 32960 33152 49216 66304 67072 86016 98560 114688 133121 134144 197632 200704 266241 393217 397312
1 4099 4102 4108 8216 8240 12296 16480 24608 28672 32960 33152 49216 66304 67072 86016 98560 114688 133121 134144 197632 266241 331776 393217 458752
1 4099 4102 4108 8216 8240 12296 16480 24608 28672 32960 33152 49216 66304 67072 86016 98560 114688 133121 135169 197632 200704 265216 394240 395264
1 4099 4102 4108 8216 8240 12296 16480 24608 28672 32960 33152 49216 66304 67072 86016 98560 114688 134144 135169 197632 200704 264193 393217 395264
1 4099 4102 4108 8216 8240 12296 16480 24608 28672 32960 33152 49216 66304 67072 86016 98560 114688 134144 197632 200704 264193 266241 395264 397312
1 4099 4102 4108 8216 8240 12296 16480 24608 28672 32960 33152 49216 66304 67072 86016 98560 114688 134144 197632 264193 266241 331776 395264 458752
1 4099 4102 4108 8216 8240 12296 16480 24608 28672 32960 33152 49216 66304 67072 86016 98560 114688 135169 197632 200704 264193 265216 393217 394240
1 4099 4102 4108 8216 8240 12296 16480 24608 28672 32960 33152 49216 66304 67072 86016 98560 114688 197632 200704 264193 265216 266241 394240 397312
1 4099 4102 4108 8216 8240 12296 16480 24608 28672 32960 33152 49216 66304 67072 98560 114688 133121 134144 135169 151552 197632 344064 409600 458752
1 4099 4102 4108 8216 8240 12296 16480 24608 28672 32960 33152 49216 66304 67072 98560 114688 133121 134144 135169 197632 212992 282624 397312 409600
1 4099 4102 4108 8216 8240 12296 16480 24608 28672 32960 33152 49216 66304 67072 98560 114688 133121 134144 135169 197632 282624 344064 397312 458752
1 4099 4102 4108 8216 8240 12296 16480 24608 28672 32960 33152 49216 66304 67072 98560 114688 133121 134144 151552 197632 212992 266241 393217 397312
1 4099 4102 4108 8216 8240 12296 16480 24608 28672 32960 33152 49216 66304 67072 98560 114688 133121 134144 197632 212992 266241 282624 393217 409600
1 4099 4102 4108 8216 8240 12296 16480 24608 28672 32960 33152 49216 66304 67072 98560 114688 133121 134144 197632 266241 282624 344064 393217 458752
1 4099 4102 4108 8216 8240 12296 16480 24608 28672 32960 33152 49216 66304 67072 98560 114688 133121 135169 151552 197632 212992 265216 394240 395264
1 4099 4102 4108 8216 8240 12296 16480 24608 28672 32960 33152 49216 66304 67072 98560 114688 134144 135169 151552 197632 212992 264193 393217 395264
1 4099 4102 4108 8216 8240 12296 16480 24608 28672 32960 33152 49216 66304 67072 98560 114688 134144 151552 197632 212992 264193 266241 395264 397312
1 4099 4102 4108 8216 8240 12296 16480 24608 28672 32960 33152 49216 66304 67072 98560 114688 134144 197632 212992 264193 266241 282624 395264 409600
1 4099 4102 4108 8216 8240 12296 16480 24608 28672 32960 33152 49216 66304 67072 98560 114688 134144 197632 264193 266241 282624 344064 395264 458752
1 4099 4102 4108 8216 8240 12296 16480 24608 28672 32960 33152 49216 66304 67072 98560 114688 135169 151552 197632 212992 264193 265216 393217 394240
1 4099 4102 4108 8216 8240 12296 16480 24608 28672 32960 33152 49216 66304 67072 98560 114688 151552 197632 212992 264193 265216 266241 394240 397312
1 4099 4102 4108 8216 8240 12296 16480 24608 28672 32960 33152 49216 66304 67072 98560 114688 197632 212992 264193 265216 266241 282624 394240 409600
1 4099 4102 4108 8216 8240 12296 16480 24608 28672 32960 33152 49216 66304 67072 98560 114688 197632 264193 265216 266241 282624 344064 394240 458752
1 4099 4102 4108 8216 8240 12296 16480 24608 28672 32960 33152 49216 66304 67072 114688 164096 196864 229376 264193 265216 266241 282624 328704 344064
1 4099 4102 4108 8216 8240 12296 16480 24608 28672 32960 33152 49216 66304 86016 98560 114688 132608 133121 134144 197120 200704 266241 393217 397312
1 4099 4102 4108 8216 8240 12296 16480 24608 28672 32960 33152 49216 66304 86016 98560 114688 132608 133121 134144 197120 266241 331776 393217 458752
1 4099 4102 4108 8216 8240 12296 16480 24608 28672 32960 33152 49216 66304 86016 98560 114688 132608 133121 135169 197120 200704 265216 394240 395264
1 4099 4102 4108 8216 8240 12296 16480 24608 28672 32960 33152 49216 66304 86016 98560 114688 132608 134144 135169 197120 200704 264193 393217 395264
1 4099 4102 4108 8216 8240 12296 16480 24608 28672 32960 33152 49216 66304 86016 98560 114688 132608 134144 197120 200704 264193 266241 395264 397312
1 4099 4102 4108 8216 8240 12296 16480 24608 28672 32960 33152 49216 66304 86016 98560 114688 132608 134144 197120 264193 266241 331776 395264 458752
1 4099 4102 4108 8216 8240 12296 16480 24608 28672 32960 33152 49216 66304 86016 98560 114688 132608 135169 197120 200704 264193 265216 393217 394240
1 4099 4102 4108 8216 8240 12296 16480 24608 28672 32960 33152 49216 66304 86016 98560 114688 132608 197120 197632 264193 265216 266241 328704 331776
1 4099 4102 4108 8216 8240 12296 16480 24608 28672 32960 33152 49216 66304 86016 98560 114688 132608 197120 200704 264193 265216 266241 394240 397312
1 4099 4102 4108 8216 8240 12296 16480 24608 28672 32960 33152 49216 66304 86016 98560 114688 132608 197120 264193 265216 266241 331776 394240 458752
1 4099 4102 4108 8216 8240 12296 16480 24608 28672 32960 33152 49216 66304 86016 98560 114688 133121 134144 135169 197120 200704 263680 393728 394240
1 4099 4102 4108 8216 8240 12296 16480 24608 28672 32960 33152 49216 66304 86016 98560 114688 133121 135169 197120 200704 263680 265216 393728 395264
1 4099 4102 4108 8216 8240 12296 16480 24608 28672 32960 33152 49216 66304 86016 98560 114688 135169 197120 200704 263680 264193 265216 393217 393728
1 4099 4102 4108 8216 8240 12296 16480 24608 28672 32960 33152 49216 66304 98560 114688 132608 133121 134144 151552 197120 212992 266241 393217 397312
1 4099 4102 4108 8216 8240 12296 16480 24608 28672 32960 33152 49216 66304 98560 114688 132608 133121 134144 197120 212992 266241 282624 393217 409600
1 4099 4102 4108 8216 8240 12296 16480 24608 28672 32960 33152 49216 66304 98560 114688 132608 133121 134144 197120 266241 282624 344064 393217 458752
1 4099 4102 4108 8216 8240 12296 16480 24608 28672 32960 33152 49216 66304 98560 114688 132608 133121 135169 151552 197120 212992 265216 394240 395264
1 4099 4102 4108 8216 8240 12296 16480 24608 28672 32960 33152 49216 66304 98560 114688 132608 134144 135169 151552 197120 212992 264193 393217 395264
1 4099 4102 4108 8216 8240 12296 16480 24608 28672 32960 33152 49216 66304 98560 114688 132608 134144 151552 197120 212992 264193 266241 395264 397312
1 4099 4102 4108 8216 8240 12296 16480 24608 28672 32960 33152 49216 66304 98560 114688 132608 134144 197120 212992 264193 266241 282624 395264 409600
1 4099 4102 4108 8216 8240 12296 16480 24608 28672 32960 33152 49216 66304 98560 114688 132608 134144 197120 264193 266241 282624 344064 395264 458752
1 4099 4102 4108 8216 8240 12296 16480 24608 28672 32960 33152 49216 66304 98560 114688 132608 135169 151552 197120 212992 264193 265216 393217 394240
1 4099 4102 4108 8216 8240 12296 16480 24608 28672 32960 33152 49216 66304 98560 114688 132608 151552 197120 212992 264193 265216 266241 394240 397312
1 4099 4102 4108 8216 8240 12296 16480 24608 28672 32960 33152 49216 66304 98560 114688 132608 197120 197632 264193 265216 266241 282624 328704 344064
1 4099 4102 4108 8216 8240 12296 16480 24608 28672 32960 33152 49216 66304 98560 114688 132608 197120 212992 264193 265216 266241 282624 394240 409600
1 4099 4102 4108 8216 8240 12296 16480 24608 28672 32960 33152 49216 66304 98560 114688 132608 197120 264193 265216 266241 282624 344064 394240 458752
1 4099 4102 4108 8216 8240 12296 16480 24608 28672 32960 33152 49216 66304 98560 114688 133121 134144 135169 151552 197120 212992 263680 393728 394240
1 4099 4102 4108 8216 8240 12296 16480 24608 28672 32960 33152 49216 66304 98560 114688 133121 135169 151552 197120 212992 263680 265216 393728 395264
1 4099 4102 4108 8216 8240 12296 16480 24608 28672 32960 33152 49216 66304 98560 114688 135169 151552 197120 212992 263680 264193 265216 393217 393728
1 4099 4102 4108 8216 8240 12296 16480 24608 28672 32960 33152 49216 67072 67585 68608 86016 114688 131840 164096 197120 229376 266241 327681 331776
1 4099 4102 4108 8216 8240 12296 16480 24608 28672 32960 33152 49216 67072 67585 68608 114688 131840 164096 197120 229376 266241 282624 327681 344064
1 4099 4102 4108 8216 8240 12296 16480 24608 28672 32960 33152 49216 67072 67585 69633 86016 114688 131840 164096 197120 229376 265216 328704 329728
1 4099 4102 4108 8216 8240 12296 16480 24608 28672 32960 33152 49216 67072 68608 69633 86016 114688 131840 164096 197120 229376 264193 327681 329728
1 4099 4102 4108 8216 8240 12296 16480 24608 28672 32960 33152 49216 67072 68608 86016 114688 131840 164096 197120 229376 264193 266241 329728 331776
1 4099 4102 4108 8216 8240 12296 16480 24608 28672 32960 33152 49216 67072 68608 114688 131840 164096 197120 229376 264193 266241 282624 329728 344064
1 4099 4102 4108 8216 8240 12296 16480 24608 28672 32960 33152 49216 67072 69633 86016 114688 131840 164096 197120 229376 264193 265216 327681 328704
1 4099 4102 4108 8216 8240 12296 16480 24608 28672 32960 33152 49216 67072 86016 98560 114688 131840 196864 197120 264193 265216 266241 328704 331776
1 4099 4102 4108 8216 8240 12296 16480 24608 28672 32960 33152 49216 67072 86016 114688 131840 164096 197120 229376 264193 265216 266241 328704 331776
1 4099 4102 4108 8216 8240 12296 16480 24608 28672 32960 33152 49216 67072 98560 114688 131840 196864 197120 264193 265216 266241 282624 328704 344064
1 4099 4102 4108 8216 8240 12296 16480 24608 28672 32960 33152 49216 67072 114688 131840 164096 197120 229376 264193 265216 266241 282624 328704 344064
1 4099 4102 4108 8216 8240 12296 16480 24608 28672 32960 33152 49216 67585 68608 69633 86016 114688 131840 132608 164096 229376 328704 394240 458752
1 4099 4102 4108 8216 8240 12296 16480 24608 28672 32960 33152 49216 67585 68608 69633 86016 114688 131840 132608 197632 229376 295168 393472 425984
1 4099 4102 4108 8216 8240 12296 16480 24608 28672 32960 33152 49216 67585 68608 69633 86016 114688 131840 164096 197120 229376 263680 328192 328704
1 4099 4102 4108 8216 8240 12296 16480 24608 28672 32960 33152 49216 67585 68608 69633 86016 114688 131840 164096 197632 229376 263680 393728 394240
1 4099 4102 4108 8216 8240 12296 16480 24608 28672 32960 33152 49216 67585 68608 69633 86016 114688 131840 164096 229376 263680 328704 393728 458752
1 4099 4102 4108 8216 8240 12296 16480 24608 28672 32960 33152 49216 67585 68608 69633 86016 114688 132608 164096 197632 229376 262912 393472 393728
1 4099 4102 4108 8216 8240 12296 16480 24608 28672 32960 33152 49216 67585 68608 69633 86016 114688 132608 197632 229376 262912 295168 393728 425984
1 4099 4102 4108 8216 8240 12296 16480 24608 28672 32960 33152 49216 67585 68608 69633 86016 114688 164096 197632 229376 262912 263680 393472 394240
1 4099 4102 4108 8216 8240 12296 16480 24608 28672 32960 33152 49216 67585 68608 69633 86016 114688 164096 229376 262912 263680 328704 393472 458752
1 4099 4102 4108 8216 8240 12296 16480 24608 28672 32960 33152 49216 67585 68608 69633 86016 114688 197632 229376 262912 263680 295168 394240 425984
1 4099 4102 4108 8216 8240 12296 16480 24608 28672 32960 33152 49216 67585 68608 69633 86016 114688 229376 262912 263680 295168 328704 425984 458752
1 4099 4102 4108 8216 8240 12296 16480 24608 28672 32960 33152 49216 67585 68608 69633 114688 131840 132608 164096 197632 229376 282624 331776 344064
1 4099 4102 4108 8216 8240 12296 16480 24608 28672 32960 33152 49216 67585 68608 86016 114688 131840 132608 164096 197632 229376 266241 327681 331776
1 4099 4102 4108 8216 8240 12296 16480 24608 28672 32960 33152 49216 67585 68608 114688 131840 132608 164096 197632 229376 266241 282624 327681 344064
1 4099 4102 4108 8216 8240 12296 16480 24608 28672 32960 33152 49216 67585 69633 86016 114688 131840 132608 164096 197632 229376 265216 328704 329728
1 4099 4102 4108 8216 8240 12296 16480 24608 28672 32960 33152 49216 67585 69633 86016 114688 131840 132608 164096 229376 265216 329728 394240 458752
1 4099 4102 4108 8216 8240 12296 16480 24608 28672 32960 33152 49216 67585 69633 86016 114688 131840 164096 197120 229376 263680 265216 328192 329728
1 4099 4102 4108 8216 8240 12296 16480 24608 28672 32960 33152 49216 67585 69633 86016 114688 131840 164096 229376 263680 265216 329728 393728 458752
1 4099 4102 4108 8216 8240 12296 16480 24608 28672 32960 33152 49216 67585 69633 86016 114688 132608 134144 198656 229376 262912 295168 393728 425984
1 4099 4102 4108 8216 8240 12296 16480 24608 28672 32960 33152 49216 67585 69633 86016 114688 134144 198656 229376 262912 263680 295168 394240 425984
1 4099 4102 4108 8216 8240 12296 16480 24608 28672 32960 33152 49216 68608 69633 86016 114688 131840 132608 164096 197632 229376 264193 327681 329728
1 4099 4102 4108 8216 8240 12296 16480 24608 28672 32960 33152 49216 68608 86016 114688 131840 132608 164096 197632 229376 264193 266241 329728 331776
1 4099 4102 4108 8216 8240 12296 16480 24608 28672 32960 33152 49216 68608 114688 131840 132608 164096 197632 229376 264193 266241 282624 329728 344064
1 4099 4102 4108 8216 8240 12296 16480 24608 28672 32960 33152 49216 69633 86016 114688 131840 132608 164096 197632 229376 264193 265216 327681 328704
1 4099 4102 4108 8216 8240 12296 16480 24608 28672 32960 33152 49216 69633 86016 114688 131840 132608 164096 229376 264193 265216 327681 394240 458752
1 4099 4102 4108 8216 8240 12296 16480 24608 28672 32960 33152 49216 69633 86016 114688 131840 164096 197120 229376 263680 264193 265216 327681 328192
1 4099 4102 4108 8216 8240 12296 16480 24608 28672 32960 33152 49216 69633 86016 114688 131840 164096 229376 263680 264193 265216 327681 393728 458752
1 4099 4102 4108 8216 8240 12296 16480 24608 28672 32960 33152 49216 69633 86016 114688 132608 133121 134144 196609 229376 262912 295168 393728 425984
1 4099 4102 4108 8216 8240 12296 16480 24608 28672 32960 33152 49216 69633 86016 114688 133121 134144 196609 229376 262912 263680 295168 394240 425984
1 4099 4102 4108 8216 8240 12296 16480 24608 28672 32960 33152 49216 86016 98560 114688 131840 132608 196864 197632 264193 265216 266241 328704 331776
1 4099 4102 4108 8216 8240 12296 16480 24608 28672 32960 33152 49216 86016 98560 114688 131840 132608 196864 264193 265216 266241 331776 394240 458752
1 4099 4102 4108 8216 8240 12296 16480 24608 28672 32960 33152 49216 86016 102400 114688 133121 134144 135169 167936 262912 263680 295168 394240 425984
1 4099 4102 4108 8216 8240 12296 16480 24608 28672 32960 33152 49216 86016 114688 131840 132608 164096 197632 229376 264193 265216 266241 328704 331776
1 4099 4102 4108 8216 8240 12296 16480 24608 28672 32960 33152 49216 86016 114688 131840 132608 164096 229376 264193 265216 266241 331776 394240 458752
1 4099 4102 4108 8216 8240 12296 16480 24608 28672 32960 33152 49216 86016 114688 133121 134144 135169 200704 229376 262912 263680 295168 394240 425984
1 4099 4102 4108 8216 8240 12296 16480 24608 28672 32960 33152 49216 98560 114688 131840 132608 196864 197632 264193 265216 266241 282624 328704 344064
1 4099 4102 4108 8216 8240 12296 16480 24608 28672 32960 33152 49216 98560 114688 131840 132608 196864 212992 264193 265216 266241 282624 394240 409600
1 4099 4102 4108 8216 8240 12296 16480 24608 28672 32960 33152 49216 98560 114688 131840 132608 196864 264193 265216 266241 282624 344064 394240 458752
1 4099 4102 4108 8216 8240 12296 16480 24608 28672 32960 33152 49216 114688 131840 132608 164096 197632 229376 264193 265216 266241 282624 328704 344064
1 4099 4102 4108 8216 8240 12296 16480 24608 28672 32960 33152 49216 114688 131840 132608 164096 212992 229376 264193 265216 266241 282624 394240 409600
1 4099 4102 4108 8216 8240 12296 16480 24608 28672 32960 33152 49216 114688 131840 132608 164096 229376 264193 265216 266241 282624 344064 394240 458752
1 4099 4102 4108 8216 8240 12296 16480 24608 28672 32960 33152 49216 114688 133121 134144 135169 151552 212992 229376 262912 263680 295168 394240 425984
1 4099 4102 4108 8216 8240 12296 16480 24608 28672 32960 49216 49280 65920 66304 82048 86016 132608 133121 134144 197120 200704 266241 393217 397312
1 4099 4102 4108 8216 8240 12296 16480 24608 28672 32960 49216 49280 65920 66304 82048 86016 132608 133121 135169 197120 200704 265216 394240 395264
1 4099 4102 4108 8216 8240 12296 16480 24608 28672 32960 49216 49280 65920 66304 82048 86016 132608 134144 135169 197120 200704 264193 393217 395264
1 4099 4102 4108 8216 8240 12296 16480 24608 28672 32960 49216 49280 65920 66304 82048 86016 132608 134144 197120 200704 264193 266241 395264 397312
1 4099 4102 4108 8216 8240 12296 16480 24608 28672 32960 49216 49280 65920 66304 82048 86016 132608 135169 197120 200704 264193 265216 393217 394240
1 4099 4102 4108 8216 8240 12296 16480 24608 28672 32960 49216 49280 65920 66304 82048 86016 133121 134144 135169 197120 200704 263680 393728 394240
1 4099 4102 4108 8216 8240 12296 16480 24608 28672 32960 49216 49280 65920 66304 82048 86016 133121 134144 135169 200704 263680 328192 394240 458752
1 4099 4102 4108 8216 8240 12296 16480 24608 28672 32960 49216 49280 65920 66304 82048 86016 133121 135169 197120 200704 263680 265216 393728 395264
1 4099 4102 4108 8216 8240 12296 16480 24608 28672 32960 49216 49280 65920 66304 82048 86016 133121 135169 200704 263680 265216 328192 395264 458752
1 4099 4102 4108 8216 8240 12296 16480 24608 28672 32960 49216 49280 65920 66304 82048 86016 135169 197120 200704 263680 264193 265216 393217 393728
1 4099 4102 4108 8216 8240 12296 16480 24608 28672 32960 49216 49280 65920 66304 82048 86016 135169 200704 263680 264193 265216 328192 393217 458752
1 4099 4102 4108 8216 8240 12296 16480 24608 28672 32960 49216 49280 65920 66304 82048 132608 133121 134144 151552 197120 212992 266241 393217 397312
1 4099 4102 4108 8216 8240 12296 16480 24608 28672 32960 49216 49280 65920 66304 82048 132608 133121 134144 197120 212992 266241 282624 393217 409600
1 4099 4102 4108 8216 8240 12296 16480 24608 28672 32960 49216 49280 65920 66304 82048 132608 133121 135169 151552 197120 212992 265216 394240 395264
1 4099 4102 4108 8216 8240 12296 16480 24608 28672 32960 49216 49280 65920 66304 82048 132608 134144 135169 151552 197120 212992 264193 393217 395264
1 4099 4102 4108 8216 8240 12296 16480 24608 28672 32960 49216 49280 65920 66304 82048 132608 134144 151552 197120 212992 264193 266241 395264 397312
1 4099 4102 4108 8216 8240 12296 16480 24608 28672 32960 49216 49280 65920 66304 82048 132608 134144 197120 212992 264193 266241 282624 395264 409600
1 4099 4102 4108 8216 8240 12296 16480 24608 28672 32960 49216 49280 65920 66304 82048 132608 135169 151552 197120 212992 264193 265216 393217 394240
1 4099 4102 4108 8216 8240 12296 16480 24608 28672 32960 49216 49280 65920 66304 82048 132608 197120 212992 264193 265216 266241 282624 394240 409600
1 4099 4102 4108 8216 8240 12296 16480 24608 28672 32960 49216 49280 65920 66304 82048 133121 134144 135169 151552 197120 212992 263680 393728 394240
1 4099 4102 4108 8216 8240 12296 16480 24608 28672 32960 49216 49280 65920 66304 82048 133121 134144 135169 151552 212992 263680 328192 394240 458752
1 4099 4102 4108 8216 8240 12296 16480 24608 28672 32960 49216 49280 65920 66304 82048 133121 135169 151552 197120 212992 263680 265216 393728 395264
1 4099 4102 4108 8216 8240 12296 16480 24608 28672 32960 49216 49280 65920 66304 82048 133121 135169 151552 212992 263680 265216 328192 395264 458752
1 4099 4102 4108 8216 8240 12296 16480 24608 28672 32960 49216 49280 65920 66304 82048 135169 151552 197120 212992 263680 264193 265216 393217 393728
1 4099 4102 4108 8216 8240 12296 16480 24608 28672 32960 49216 49280 65920 66304 82048 135169 151552 212992 263680 264193 265216 328192 393217 458752
1 4099 4102 4108 8216 8240 12296 16480 24608 28672 32960 49216 49280 65920 82048 86016 133121 134144 135169 200704 262912 263680 327936 394240 458752
1 4099 4102 4108 8216 8240 12296 16480 24608 28672 32960 49216 49280 65920 82048 131840 132608 196864 212992 264193 265216 266241 282624 394240 409600
1 4099 4102 4108 8216 8240 12296 16480 24608 28672 32960 49216 49280 65920 82048 133121 134144 135169 151552 212992 262912 263680 327936 394240 458752
1 4099 4102 4108 8216 8240 12296 16480 24608 28672 32960 49216 53248 65920 66304 98432 102400 132608 133121 134144 197120 200704 266241 393217 397312
1 4099 4102 4108 8216 8240 12296 16480 24608 28672 32960 49216 53248 65920 66304 98432 102400 132608 133121 135169 197120 200704 265216 394240 395264
1 4099 4102 4108 8216 8240 12296 16480 24608 28672 32960 49216 53248 65920 66304 98432 102400 132608 134144 135169 197120 200704 264193 393217 395264
1 4099 4102 4108 8216 8240 12296 16480 24608 28672 32960 49216 53248 65920 66304 98432 102400 132608 134144 197120 200704 264193 266241 395264 397312
1 4099 4102 4108 8216 8240 12296 16480 24608 28672 32960 49216 53248 65920 66304 98432 102400 132608 135169 197120 200704 264193 265216 393217 394240
1 4099 4102 4108 8216 8240 12296 16480 24608 28672 32960 49216 53248 65920 66304 98432 102400 133121 134144 135169 197120 200704 263680 393728 394240
1 4099 4102 4108 8216 8240 12296 16480 24608 28672 32960 49216 53248 65920 66304 98432 102400 133121 134144 135169 200704 263680 328192 394240 458752
1 4099 4102 4108 8216 8240 12296 16480 24608 28672 32960 49216 53248 65920 66304 98432 102400 133121 135169 197120 200704 263680 265216 393728 395264
1 4099 4102 4108 8216 8240 12296 16480 24608 28672 32960 49216 53248 65920 66304 98432 102400 133121 135169 200704 263680 265216 328192 395264 458752
1 4099 4102 4108 8216 8240 12296 16480 24608 28672 32960 49216 53248 65920 66304 98432 102400 135169 197120 200704 263680 264193 265216 393217 393728
1 4099 4102 4108 8216 8240 12296 16480 24608 28672 32960 49216 53248 65920 66304 98432 102400 135169 200704 263680 264193 265216 328192 393217 458752
1 4099 4102 4108 8216 8240 12296 16480 24608 28672 32960 49216 53248 65920 98432 102400 133121 134144 135169 200704 262912 263680 327936 394240 458752
1 4099 4102 4108 8216 8240 12296 16480 24608 28672 32960 49216 53248 67072 67585 68608 102400 135169 196609 200704 262528 262912 295040 328192 360448
1 4099 4102 4108 8216 8240 12296 16480 24608 28672 32960 49216 53248 67072 67585 69633 102400 134144 197632 198656 262528 262912 295040 328192 360448
1 4099 4102 4108 8216 8240 12296 16480 24608 28672 32960 49216 53248 67072 68608 69633 102400 133121 196609 198656 262528 262912 295040 328192 360448
1 4099 4102 4108 8216 8240 12296 16480 24608 28672 32960 49216 53248 67072 68608 102400 133121 135169 198656 200704 262528 262912 295040 328192 360448
1 4099 4102 4108 8216 8240 12296 16480 24608 28672 32960 49216 53248 67072 69633 102400 133121 134144 196609 197632 262528 262912 295040 328192 360448
1 4099 4102 4108 8216 8240 12296 16480 24608 28672 32960 49216 53248 67585 68608 69633 102400 131840 132608 164096 197632 229376 262528 295040 295168
1 4099 4102 4108 8216 8240 12296 16480 24608 28672 32960 49216 53248 67585 68608 69633 102400 131840 132608 197632 229376 262528 295040 393472 425984
1 4099 4102 4108 8216 8240 12296 16480 24608 28672 32960 49216 53248 67585 68608 69633 102400 131840 132608 197632 262528 295040 360448 393472 458752
1 4099 4102 4108 8216 8240 12296 16480 24608 28672 32960 49216 53248 67585 68608 69633 102400 132608 197120 197632 262528 262912 295040 328192 360448
1 4099 4102 4108 8216 8240 12296 16480 24608 28672 32960 49216 53248 67585 68608 69633 102400 132608 197632 229376 262528 262912 295040 393728 425984
1 4099 4102 4108 8216 8240 12296 16480 24608 28672 32960 49216 53248 67585 68608 69633 102400 132608 197632 262528 262912 295040 360448 393728 458752
1 4099 4102 4108 8216 8240 12296 16480 24608 28672 32960 49216 53248 67585 69633 102400 132608 134144 197120 198656 262528 262912 295040 328192 360448
1 4099 4102 4108 8216 8240 12296 16480 24608 28672 32960 49216 53248 67585 69633 102400 132608 134144 198656 229376 262528 262912 295040 393728 425984
1 4099 4102 4108 8216 8240 12296 16480 24608 28672 32960 49216 53248 67585 69633 102400 132608 134144 198656 262528 262912 295040 360448 393728 458752
1 4099 4102 4108 8216 8240 12296 16480 24608 28672 32960 49216 53248 69633 102400 132608 133121 134144 196609 197120 262528 262912 295040 328192 360448
1 4099 4102 4108 8216 8240 12296 16480 24608 28672 32960 49216 53248 69633 102400 132608 133121 134144 196609 229376 262528 262912 295040 393728 425984
1 4099 4102 4108 8216 8240 12296 16480 24608 28672 32960 49216 53248 69633 102400 132608 133121 134144 196609 262528 262912 295040 360448 393728 458752
1 4099 4102 4108 8216 8240 12296 16480 24608 28672 32960 49216 65920 66304 86016 98432 114688 132608 133121 134144 197120 200704 266241 393217 397312
1 4099 4102 4108 8216 8240 12296 16480 24608 28672 32960 49216 65920 66304 86016 98432 114688 132608 133121 134144 197120 266241 331776 393217 458752
1 4099 4102 4108 8216 8240 12296 16480 24608 28672 32960 49216 65920 66304 86016 98432 114688 132608 133121 135169 197120 200704 265216 394240 395264
1 4099 4102 4108 8216 8240 12296 16480 24608 28672 32960 49216 65920 66304 86016 98432 114688 132608 134144 135169 197120 200704 264193 393217 395264
1 4099 4102 4108 8216 8240 12296 16480 24608 28672 32960 49216 65920 66304 86016 98432 114688 132608 134144 197120 200704 264193 266241 395264 397312
1 4099 4102 4108 8216 8240 12296 16480 24608 28672 32960 49216 65920 66304 86016 98432 114688 132608 134144 197120 264193 266241 331776 395264 458752
1 4099 4102 4108 8216 8240 12296 16480 24608 28672 32960 49216 65920 66304 86016 98432 114688 132608 135169 197120 200704 264193 265216 393217 394240
1 4099 4102 4108 8216 8240 12296 16480 24608 28672 32960 49216 65920 66304 86016 98432 114688 132608 197120 264193 265216 266241 331776 394240 458752
1 4099 4102 4108 8216 8240 12296 16480 24608 28672 32960 49216 65920 66304 86016 98432 114688 133121 134144 135169 197120 200704 263680 393728 394240
1 4099 4102 4108 8216 8240 12296 16480 24608 28672 32960 49216 65920 66304 86016 98432 114688 133121 135169 197120 200704 263680 265216 393728 395264
1 4099 4102 4108 8216 8240 12296 16480 24608 28672 32960 49216 65920 66304 86016 98432 114688 135169 197120 200704 263680 264193 265216 393217 393728
1 4099 4102 4108 8216 8240 12296 16480 24608 28672 32960 49216 65920 66304 98432 114688 132608 133121 134144 151552 197120 212992 266241 393217 397312
1 4099 4102 4108 8216 8240 12296 16480 24608 28672 32960 49216 65920 66304 98432 114688 132608 133121 134144 197120 212992 266241 282624 393217 409600
1 4099 4102 4108 8216 8240 12296 16480 24608 28672 32960 49216 65920 66304 98432 114688 132608 133121 134144 197120 266241 282624 344064 393217 458752
1 4099 4102 4108 8216 8240 12296 16480 24608 28672 32960 49216 65920 66304 98432 114688 132608 133121 135169 151552 197120 212992 265216 394240 395264
1 4099 4102 4108 8216 8240 12296 16480 24608 28672 32960 49216 65920 66304 98432 114688 132608 134144 135169 151552 197120 212992 264193 393217 395264
1 4099 4102 4108 8216 8240 12296 16480 24608 28672 32960 49216 65920 66304 98432 114688 132608 134144 151552 197120 212992 264193 266241 395264 397312
1 4099 4102 4108 8216 8240 12296 16480 24608 28672 32960 49216 65920 66304 98432 114688 132608 134144 197120 212992 264193 266241 282624 395264 409600
1 4099 4102 4108 8216 8240 12296 16480 24608 28672 32960 49216 65920 66304 98432 114688 132608 134144 197120 264193 266241 282624 344064 395264 458752
1 4099 4102 4108 8216 8240 12296 16480 24608 28672 32960 49216 65920 66304 98432 114688 132608 135169 151552 197120 212992 264193 265216 393217 394240
1 4099 4102 4108 8216 8240 12296 16480 24608 28672 32960 49216 65920 66304 98432 114688 132608 197120 212992 264193 265216 266241 282624 394240 409600
1 4099 4102 4108 8216 8240 12296 16480 24608 28672 32960 49216 65920 66304 98432 114688 132608 197120 264193 265216 266241 282624 344064 394240 458752
1 4099 4102 4108 8216 8240 12296 16480 24608 28672 32960 49216 65920 66304 98432 114688 133121 134144 135169 151552 197120 212992 263680 393728 394240
1 4099 4102 4108 8216 8240 12296 16480 24608 28672 32960 49216 65920 66304 98432 114688 133121 135169 151552 197120 212992 263680 265216 393728 395264
1 4099 4102 4108 8216 8240 12296 16480 24608 28672 32960 49216 65920 66304 98432 114688 135169 151552 197120 212992 263680 264193 265216 393217 393728
1 4099 4102 4108 8216 8240 12296 16480 24608 28672 32960 49216 65920 86016 98432 114688 131840 132608 196864 264193 265216 266241 331776 394240 458752
1 4099 4102 4108 8216 8240 12296 16480 24608 28672 32960 49216 65920 98432 114688 131840 132608 196864 212992 264193 265216 266241 282624 394240 409600
1 4099 4102 4108 8216 8240 12296 16480 24608 28672 32960 49216 65920 98432 114688 131840 132608 196864 264193 265216 266241 282624 344064 394240 458752
1 4099 4102 4108 8216 8240 12296 16480 24608 28672 32960 49216 66304 67072 98560 114688 133121 134144 135169 151552 197632 212992 262528 295040 295168
1 4099 4102 4108 8216 8240 12296 16480 24608 28672 32960 49216 66304 67072 114688 131456 163968 196864 229376 264193 265216 266241 282624 328704 344064
1 4099 4102 4108 8216 8240 12296 16480 24608 28672 32960 49216 67072 67585 69633 86016 114688 131456 131840 163968 197120 229376 265216 328704 329728
1 4099 4102 4108 8216 8240 12296 16480 24608 28672 32960 49216 67072 68608 69633 86016 114688 131456 131840 163968 197120 229376 264193 327681 329728
1 4099 4102 4108 8216 8240 12296 16480 24608 28672 32960 49216 67072 68608 86016 114688 131456 131840 163968 197120 229376 264193 266241 329728 331776
1 4099 4102 4108 8216 8240 12296 16480 24608 28672 32960 49216 67072 68608 114688 131456 131840 163968 197120 229376 264193 266241 282624 329728 344064
1 4099 4102 4108 8216 8240 12296 16480 24608 28672 32960 49216 67072 69633 86016 114688 131456 131840 163968 197120 229376 264193 265216 327681 328704
1 4099 4102 4108 8216 8240 12296 16480 24608 28672 32960 49216 67072 114688 131456 131840 163968 197120 229376 264193 265216 266241 282624 328704 344064
1 4099 4102 4108 8216 8240 12296 16480 24608 28672 32960 49216 67585 68608 69633 86016 114688 131456 131840 163968 197120 229376 263680 328192 328704
1 4099 4102 4108 8216 8240 12296 16480 24608 28672 32960 49216 67585 68608 69633 86016 114688 131456 131840 163968 229376 263680 328704 393728 458752
1 4099 4102 4108 8216 8240 12296 16480 24608 28672 32960 49216 67585 68608 69633 86016 114688 131456 163968 229376 262912 263680 328704 393472 458752
1 4099 4102 4108 8216 8240 12296 16480 24608 28672 32960 49216 67585 68608 69633 86016 114688 131840 132608 164096 197632 229376 262528 295040 295168
1 4099 4102 4108 8216 8240 12296 16480 24608 28672 32960 49216 67585 68608 69633 86016 114688 131840 132608 197632 229376 262528 295040 393472 425984
1 4099 4102 4108 8216 8240 12296 16480 24608 28672 32960 49216 67585 68608 69633 86016 114688 132608 197632 229376 262528 262912 295040 393728 425984
1 4099 4102 4108 8216 8240 12296 16480 24608 28672 32960 49216 67585 69633 86016 114688 131456 131840 163968 197120 229376 263680 265216 328192 329728
1 4099 4102 4108 8216 8240 12296 16480 24608 28672 32960 49216 67585 69633 86016 114688 131456 131840 163968 229376 263680 265216 329728 393728 458752
1 4099 4102 4108 8216 8240 12296 16480 24608 28672 32960 49216 67585 69633 86016 114688 132608 134144 198656 229376 262528 262912 295040 393728 425984
1 4099 4102 4108 8216 8240 12296 16480 24608 28672 32960 49216 69633 86016 114688 131456 131840 163968 197120 229376 263680 264193 265216 327681 328192
1 4099 4102 4108 8216 8240 12296 16480 24608 28672 32960 49216 69633 86016 114688 131456 131840 163968 229376 263680 264193 265216 327681 393728 458752
2 4099 4102 4108 8216 8240 12296 16480 24608 28672 32960 49216 69633 86016 114688 132608 133121 134144 196609 229376 262528 262912 295040 393728 425984
1 4099 4102 4108 8216 8240 12296 16480 24608 28672 33152 49216 53248 67585 68608 69633 102400 131840 132608 164096 197632 229376 262336 294976 295040
1 4099 4102 4108 8216 8240 12296 16480 24608 28672 33152 49216 66304 67072 98560 114688 133121 134144 135169 151552 197632 212992 262336 294976 295040
1 4099 4102 4108 8216 8240 12296 16480 24608 28672 33152 49216 67585 68608 69633 86016 114688 131840 132608 164096 197632 229376 262336 294976 295040
1 4099 4102 4108 8216 8240 12296 16480 24608 28672 49216 53248 65728 65920 98368 102400 133121 134144 135169 200704 262912 263680 327936 394240 458752
1 4099 4102 4108 8216 8240 12296 16480 24608 28672 49216 53248 67585 68608 69633 102400 131840 132608 164096 197632 229376 262336 262528 294976 295168
1 4099 4102 4108 8216 8240 12296 16480 24608 28672 49216 53248 67585 68608 69633 102400 131840 132608 197632 229376 262336 262528 294976 393472 425984
1 4099 4102 4108 8216 8240 12296 16480 24608 28672 49216 53248 67585 68608 69633 102400 131840 132608 197632 262336 262528 294976 360448 393472 458752
1 4099 4102 4108 8216 8240 12296 16480 24608 28672 49216 65728 65920 86016 98368 114688 131840 132608 196864 264193 265216 266241 331776 394240 458752
1 4099 4102 4108 8216 8240 12296 16480 24608 28672 49216 65728 65920 98368 114688 131840 132608 196864 212992 264193 265216 266241 282624 394240 409600
1 4099 4102 4108 8216 8240 12296 16480 24608 28672 49216 65728 65920 98368 114688 131840 132608 196864 264193 265216 266241 282624 344064 394240 458752
1 4099 4102 4108 8216 8240 12296 16480 24608 28672 49216 66304 67072 98560 114688 133121 134144 135169 151552 197632 212992 262336 262528 294976 295168
1 4099 4102 4108 8216 8240 12296 16480 24608 28672 49216 66304 67072 114688 131264 131456 163904 196864 229376 264193 265216 266241 282624 328704 344064
1 4099 4102 4108 8216 8240 12296 16480 24608 28672 49216 67585 68608 69633 86016 114688 131264 131456 163904 229376 262912 263680 328704 393472 458752
1 4099 4102 4108 8216 8240 12296 16480 24608 28672 49216 67585 68608 69633 86016 114688 131840 132608 164096 197632 229376 262336 262528 294976 295168
1 4099 4102 4108 8216 8240 12296 16480 24608 28672 49216 67585 68608 69633 86016 114688 131840 132608 197632 229376 262336 262528 294976 393472 425984
1 4099 4102 4108 8216 8240 12296 16480 28672 40992 49184 57344 65728 65920 81984 86016 131840 132608 196864 264193 265216 266241 331776 394240 458752
1 4099 4102 4108 8216 8240 12296 16480 28672 40992 49184 57344 65728 65920 81984 131840 132608 196864 212992 264193 265216 266241 282624 394240 409600
1 4099 4102 4108 8216 8240 12296 16480 28672 40992 49184 57344 65728 65920 81984 131840 132608 196864 264193 265216 266241 282624 344064 394240 458752
1 4099 4102 4108 8216 8240 12296 16576 16768 24640 28672 33536 34304 49408 53248 67585 68608 69633 99328 167936 200704 229376 262240 270368 270400
1 4099 4102 4108 8216 8240 12296 16576 16768 24640 28672 33536 34304 49408 53248 67585 68608 99328 102400 135169 196609 200704 262240 270368 270400
1 4099 4102 4108 8216 8240 12296 16576 16768 24640 28672 33536 34304 49408 53248 67585 68608 99328 135169 167936 196609 229376 262240 270368 270400
1 4099 4102 4108 8216 8240 12296 16576 16768 24640 28672 33536 34304 49408 53248 67585 69633 99328 102400 134144 197632 198656 262240 270368 270400
1 4099 4102 4108 8216 8240 12296 16576 16768 24640 28672 33536 34304 49408 53248 68608 69633 99328 102400 133121 196609 198656 262240 270368 270400
1 4099 4102 4108 8216 8240 12296 16576 16768 24640 28672 33536 34304 49408 53248 68608 99328 102400 133121 135169 198656 200704 262240 270368 270400
1 4099 4102 4108 8216 8240 12296 16576 16768 24640 28672 33536 34304 49408 53248 68608 99328 133121 135169 167936 198656 229376 262240 270368 270400
1 4099 4102 4108 8216 8240 12296 16576 16768 24640 28672 33536 34304 49408 53248 69633 99328 102400 133121 134144 196609 197632 262240 270368 270400
1 4099 4102 4108 8216 8240 12296 16576 16768 24640 28672 33536 34304 49408 53248 99328 102400 133121 134144 135169 197632 200704 262240 270368 270400
1 4099 4102 4108 8216 8240 12296 16576 16768 24640 28672 33536 34304 49408 67585 68608 69633 86016 99328 114688 131168 139328 270368 393248 401408
1 4099 4102 4108 8216 8240 12296 16576 16768 24640 28672 33536 34304 49408 67585 68608 69633 86016 99328 114688 139296 139328 262240 393248 393280
1 4099 4102 4108 8216 8240 12296 16576 16768 24640 28672 33536 34304 49408 67585 68608 69633 86016 99328 114688 139328 262240 270368 393280 401408
1 4099 4102 4108 8216 8240 12296 16576 16768 24640 28672 33536 34304 49408 67585 68608 69633 86016 99328 180224 212992 229376 262240 270368 270400
1 4099 4102 4108 8216 8240 12296 16576 16768 24640 28672 33536 34304 49408 67585 68608 69633 99328 114688 151552 200704 212992 262240 270368 270400
1 4099 4102 4108 8216 8240 12296 16576 16768 24640 28672 33536 34304 49408 67585 68608 69633 99328 151552 180224 200704 229376 262240 270368 270400
1 4099 4102 4108 8216 8240 12296 16576 16768 24640 28672 33536 34304 49408 67585 68608 86016 99328 114688 135169 196609 200704 262240 270368 270400
1 4099 4102 4108 8216 8240 12296 16576 16768 24640 28672 33536 34304 49408 67585 68608 99328 114688 135169 151552 196609 212992 262240 270368 270400
1 4099 4102 4108 8216 8240 12296 16576 16768 24640 28672 33536 34304 49408 67585 68608 99328 135169 151552 180224 196609 229376 262240 270368 270400
1 4099 4102 4108 8216 8240 12296 16576 16768 24640 28672 33536 34304 49408 67585 69633 86016 99328 114688 134144 197632 198656 262240 270368 270400
1 4099 4102 4108 8216 8240 12296 16576 16768 24640 28672 33536 34304 49408 68608 69633 86016 99328 114688 133121 196609 198656 262240 270368 270400
1 4099 4102 4108 8216 8240 12296 16576 16768 24640 28672 33536 34304 49408 68608 86016 99328 114688 133121 135169 198656 200704 262240 270368 270400
1 4099 4102 4108 8216 8240 12296 16576 16768 24640 28672 33536 34304 49408 68608 99328 114688 133121 135169 151552 198656 212992 262240 270368 270400
1 4099 4102 4108 8216 8240 12296 16576 16768 24640 28672 33536 34304 49408 68608 99328 133121 135169 151552 180224 198656 229376 262240 270368 270400
1 4099 4102 4108 8216 8240 12296 16576 16768 24640 28672 33536 34304 49408 69633 86016 99328 114688 133121 134144 196609 197632 262240 270368 270400
1 4099 4102 4108 8216 8240 12296 16576 16768 24640 28672 33536 34304 49408 86016 99328 114688 133121 134144 135169 197632 200704 262240 270368 270400
1 4099 4102 4108 8216 8240 12296 16576 16768 24640 28672 33536 34304 49408 99328 114688 133121 134144 135169 151552 197632 212992 262240 270368 270400
1 4099 4102 4108 8216 8240 12296 16576 16768 24640 28672 33536 34304 49408 99328 133121 134144 135169 151552 180224 197632 229376 262240 270368 270400
1 4099 4102 4108 8216 8240 12296 16576 16768 24640 28672 33536 49408 53248 67072 68608 98816 102400 133121 135169 198656 200704 262240 270368 270400
1 4099 4102 4108 8216 8240 12296 16576 16768 24640 28672 33536 49408 53248 67072 68608 98816 133121 135169 167936 198656 229376 262240 270368 270400
1 4099 4102 4108 8216 8240 12296 16576 16768 24640 28672 33536 49408 53248 67072 98816 99328 133121 134144 135169 164864 167936 262240 270368 270400
1 4099 4102 4108 8216 8240 12296 16576 16768 24640 28672 33536 49408 53248 67072 98816 133121 134144 135169 167936 197632 229376 262240 270368 270400
1 4099 4102 4108 8216 8240 12296 16576 16768 24640 28672 33536 49408 67072 68608 86016 98816 114688 133121 135169 198656 200704 262240 270368 270400
1 4099 4102 4108 8216 8240 12296 16576 16768 24640 28672 33536 49408 67072 68608 98816 114688 133121 135169 151552 198656 212992 262240 270368 270400
1 4099 4102 4108 8216 8240 12296 16576 16768 24640 28672 33536 49408 67072 68608 98816 133121 135169 151552 180224 198656 229376 262240 270368 270400
1 4099 4102 4108 8216 8240 12296 16576 16768 24640 28672 33536 49408 67072 98816 99328 133121 134144 135169 151552 164864 180224 262240 270368 270400
1 4099 4102 4108 8216 8240 12296 16576 16768 24640 28672 33536 49408 67072 98816 114688 133121 134144 135169 151552 197632 212992 262240 270368 270400
1 4099 4102 4108 8216 8240 12296 16576 16768 24640 28672 33536 49408 67072 98816 133121 134144 135169 151552 180224 197632 229376 262240 270368 270400
1 4099 4102 4108 8216 8240 12296 16576 16768 24640 28672 34304 49408 66304 98560 98816 133121 134144 135169 151552 164864 180224 262240 270368 270400
1 4099 4102 4108 8216 8240 12296 16576 16768 24640 28672 49408 53248 66304 67072 98560 99328 133121 134144 135169 164864 167936 262240 270368 270400
1 4099 4102 4108 8216 8240 12296 16576 16768 24640 28672 49408 53248 66304 67072 98560 133121 134144 135169 167936 197632 229376 262240 270368 270400
1 4099 4102 4108 8216 8240 12296 16576 16768 24640 28672 49408 66304 67072 98560 99328 133121 134144 135169 151552 164864 180224 262240 270368 270400
1 4099 4102 4108 8216 8240 12296 16576 16768 24640 28672 49408 66304 67072 98560 114688 133121 134144 135169 151552 197632 212992 262240 270368 270400
1 4099 4102 4108 8216 8240 12296 16576 16768 24640 28672 49408 66304 67072 98560 133121 134144 135169 151552 180224 197632 229376 262240 270368 270400
1 4099 4102 4108 8216 8240 12296 16576 16768 28672 32864 40992 49216 57344 66304 67072 82176 86016 133121 134144 197632 200704 266241 393217 397312
1 4099 4102 4108 8216 8240 12296 16576 16768 28672 32864 40992 49216 57344 66304 67072 82176 86016 133121 135169 197632 200704 265216 394240 395264
1 4099 4102 4108 8216 8240 12296 16576 16768 28672 32864 40992 49216 57344 66304 67072 82176 86016 133121 135169 200704 265216 328704 395264 458752
1 4099 4102 4108 8216 8240 12296 16576 16768 28672 32864 40992 49216 57344 66304 67072 82176 86016 134144 135169 197632 200704 264193 393217 395264
1 4099 4102 4108 8216 8240 12296 16576 16768 28672 32864 40992 49216 57344 66304 67072 82176 86016 134144 197632 200704 264193 266241 395264 397312
1 4099 4102 4108 8216 8240 12296 16576 16768 28672 32864 40992 49216 57344 66304 67072 82176 86016 135169 197632 200704 264193 265216 393217 394240
1 4099 4102 4108 8216 8240 12296 16576 16768 28672 32864 40992 49216 57344 66304 67072 82176 86016 135169 200704 264193 265216 328704 393217 458752
1 4099 4102 4108 8216 8240 12296 16576 16768 28672 32864 40992 49216 57344 66304 67072 82176 86016 197632 200704 264193 265216 266241 394240 397312
1 4099 4102 4108 8216 8240 12296 16576 16768 28672 32864 40992 49216 57344 66304 67072 82176 86016 200704 264193 265216 266241 328704 397312 458752
1 4099 4102 4108 8216 8240 12296 16576 16768 28672 32864 40992 49216 57344 66304 67072 82176 133121 134144 135169 151552 212992 328704 394240 458752
1 4099 4102 4108 8216 8240 12296 16576 16768 28672 32864 40992 49216 57344 66304 67072 82176 133121 134144 135169 197632 212992 282624 397312 409600
1 4099 4102 4108 8216 8240 12296 16576 16768 28672 32864 40992 49216 57344 66304 67072 82176 133121 134144 151552 197632 212992 266241 393217 397312
1 4099 4102 4108 8216 8240 12296 16576 16768 28672 32864 40992 49216 57344 66304 67072 82176 133121 134144 197632 212992 266241 282624 393217 409600
1 4099 4102 4108 8216 8240 12296 16576 16768 28672 32864 40992 49216 57344 66304 67072 82176 133121 135169 151552 197632 212992 265216 394240 395264
1 4099 4102 4108 8216 8240 12296 16576 16768 28672 32864 40992 49216 57344 66304 67072 82176 133121 135169 151552 212992 265216 328704 395264 458752
1 4099 4102 4108 8216 8240 12296 16576 16768 28672 32864 40992 49216 57344 66304 67072 82176 134144 135169 151552 197632 212992 264193 393217 395264
1 4099 4102 4108 8216 8240 12296 16576 16768 28672 32864 40992 49216 57344 66304 67072 82176 134144 151552 197632 212992 264193 266241 395264 397312
1 4099 4102 4108 8216 8240 12296 16576 16768 28672 32864 40992 49216 57344 66304 67072 82176 134144 197632 212992 264193 266241 282624 395264 409600
1 4099 4102 4108 8216 8240 12296 16576 16768 28672 32864 40992 49216 57344 66304 67072 82176 135169 151552 197632 212992 264193 265216 393217 394240
1 4099 4102 4108 8216 8240 12296 16576 16768 28672 32864 40992 49216 57344 66304 67072 82176 135169 151552 212992 264193 265216 328704 393217 458752
1 4099 4102 4108 8216 8240 12296 16576 16768 28672 32864 40992 49216 57344 66304 67072 82176 151552 197632 212992 264193 265216 266241 394240 397312
1 4099 4102 4108 8216 8240 12296 16576 16768 28672 32864 40992 49216 57344 66304 67072 82176 151552 212992 264193 265216 266241 328704 397312 458752
1 4099 4102 4108 8216 8240 12296 16576 16768 28672 32864 40992 49216 57344 66304 67072 82176 197632 212992 264193 265216 266241 282624 394240 409600
1 4099 4102 4108 8216 8240 12296 16576 16768 28672 32864 40992 49216 57344 66304 67072 82176 212992 264193 265216 266241 282624 328704 409600 458752
1 4099 4102 4108 8216 8240 12296 16576 16768 28672 32864 40992 49216 57344 66304 82176 86016 132608 133121 134144 197120 200704 266241 393217 397312
1 4099 4102 4108 8216 8240 12296 16576 16768 28672 32864 40992 49216 57344 66304 82176 86016 132608 133121 135169 197120 200704 265216 394240 395264
1 4099 4102 4108 8216 8240 12296 16576 16768 28672 32864 40992 49216 57344 66304 82176 86016 132608 134144 135169 197120 200704 264193 393217 395264
1 4099 4102 4108 8216 8240 12296 16576 16768 28672 32864 40992 49216 57344 66304 82176 86016 132608 134144 197120 200704 264193 266241 395264 397312
1 4099 4102 4108 8216 8240 12296 16576 16768 28672 32864 40992 49216 57344 66304 82176 86016 132608 135169 197120 200704 264193 265216 393217 394240
1 4099 4102 4108 8216 8240 12296 16576 16768 28672 32864 40992 49216 57344 66304 82176 86016 133121 134144 135169 197120 200704 263680 393728 394240
1 4099 4102 4108 8216 8240 12296 16576 16768 28672 32864 40992 49216 57344 66304 82176 86016 133121 134144 135169 197632 200704 263680 328192 328704
1 4099 4102 4108 8216 8240 12296 16576 16768 28672 32864 40992 49216 57344 66304 82176 86016 133121 134144 135169 200704 263680 328192 394240 458752
1 4099 4102 4108 8216 8240 12296 16576 16768 28672 32864 40992 49216 57344 66304 82176 86016 133121 135169 197120 200704 263680 265216 393728 395264
1 4099 4102 4108 8216 8240 12296 16576 16768 28672 32864 40992 49216 57344 66304 82176 86016 133121 135169 200704 263680 265216 328192 395264 458752
1 4099 4102 4108 8216 8240 12296 16576 16768 28672 32864 40992 49216 57344 66304 82176 86016 135169 197120 200704 263680 264193 265216 393217 393728
1 4099 4102 4108 8216 8240 12296 16576 16768 28672 32864 40992 49216 57344 66304 82176 86016 135169 200704 263680 264193 265216 328192 393217 458752
1 4099 4102 4108 8216 8240 12296 16576 16768 28672 32864 40992 49216 57344 66304 82176 132608 133121 134144 151552 197120 212992 266241 393217 397312
1 4099 4102 4108 8216 8240 12296 16576 16768 28672 32864 40992 49216 57344 66304 82176 132608 133121 134144 197120 212992 266241 282624 393217 409600
1 4099 4102 4108 8216 8240 12296 16576 16768 28672 32864 40992 49216 57344 66304 82176 132608 133121 135169 151552 197120 212992 265216 394240 395264
1 4099 4102 4108 8216 8240 12296 16576 16768 28672 32864 40992 49216 57344 66304 82176 132608 134144 135169 151552 197120 212992 264193 393217 395264
1 4099 4102 4108 8216 8240 12296 16576 16768 28672 32864 40992 49216 57344 66304 82176 132608 134144 151552 197120 212992 264193 266241 395264 397312
1 4099 4102 4108 8216 8240 12296 16576 16768 28672 32864 40992 49216 57344 66304 82176 132608 134144 197120 212992 264193 266241 282624 395264 409600
1 4099 4102 4108 8216 8240 12296 16576 16768 28672 32864 40992 49216 57344 66304 82176 132608 135169 151552 197120 212992 264193 265216 393217 394240
1 4099 4102 4108 8216 8240 12296 16576 16768 28672 32864 40992 49216 57344 66304 82176 132608 197120 212992 264193 265216 266241 282624 394240 409600
1 4099 4102 4108 8216 8240 12296 16576 16768 28672 32864 40992 49216 57344 66304 82176 133121 134144 135169 151552 197120 212992 263680 393728 394240
1 4099 4102 4108 8216 8240 12296 16576 16768 28672 32864 40992 49216 57344 66304 82176 133121 134144 135169 151552 197632 212992 263680 328192 328704
1 4099 4102 4108 8216 8240 12296 16576 16768 28672 32864 40992 49216 57344 66304 82176 133121 134144 135169 151552 212992 263680 328192 394240 458752
1 4099 4102 4108 8216 8240 12296 16576 16768 28672 32864 40992 49216 57344 66304 82176 133121 135169 151552 197120 212992 263680 265216 393728 395264
1 4099 4102 4108 8216 8240 12296 16576 16768 28672 32864 40992 49216 57344 66304 82176 133121 135169 151552 212992 263680 265216 328192 395264 458752
1 4099 4102 4108 8216 8240 12296 16576 16768 28672 32864 40992 49216 57344 66304 82176 135169 151552 197120 212992 263680 264193 265216 393217 393728
1 4099 4102 4108 8216 8240 12296 16576 16768 28672 32864 40992 49216 57344 66304 82176 135169 151552 212992 263680 264193 265216 328192 393217 458752
1 4099 4102 4108 8216 8240 12296 16576 16768 28672 32864 40992 49216 57344 67072 82176 133121 134144 135169 151552 197632 212992 262912 327936 328192
1 4099 4102 4108 8216 8240 12296 16576 16768 28672 32864 40992 49216 57344 82176 86016 133121 134144 135169 197632 200704 262912 263680 327936 328704
1 4099 4102 4108 8216 8240 12296 16576 16768 28672 32864 40992 49216 57344 82176 86016 133121 134144 135169 200704 262912 263680 327936 394240 458752
1 4099 4102 4108 8216 8240 12296 16576 16768 28672 32864 40992 49216 57344 82176 131840 132608 196864 212992 264193 265216 266241 282624 394240 409600
1 4099 4102 4108 8216 8240 12296 16576 16768 28672 32864 40992 49216 57344 82176 133121 134144 135169 151552 197632 212992 262912 263680 327936 328704
1 4099 4102 4108 8216 8240 12296 16576 16768 28672 32864 40992 49216 57344 82176 133121 134144 135169 151552 212992 262912 263680 327936 394240 458752
1 4099 4102 4108 8216 8240 12296 16576 16768 28672 32864 40992 57344 81984 98368 114688 131840 132608 147712 264193 265216 266241 282624 394240 409600
1 4099 4102 4108 8216 8240 12296 16576 16768 28672 32864 49216 57344 73760 98336 106496 131840 132608 147712 264193 265216 266241 282624 394240 409600
1 4099 4102 4108 8216 8240 12296 16576 16768 28672 40992 49216 57344 65632 98336 98368 131840 132608 147712 264193 265216 266241 282624 394240 409600
1 4099 4102 4108 8216 8240 12296 16576 16768 28672 40992 57344 65632 81984 98336 114688 131840 132608 147712 264193 265216 266241 282624 394240 409600
1 4099 4102 4108 8216 8240 12296 16576 16768 28672 41024 49216 57344 65632 73760 73792 131840 132608 147712 264193 265216 266241 282624 394240 409600
1 4099 4102 4108 8216 8240 12296 16576 16768 28672 49216 57344 65632 73760 98368 106496 131840 132608 147712 264193 265216 266241 282624 394240 409600
1 4099 4102 4108 8216 8240 12296 16576 16768 28672 57344 65632 73760 81984 106496 114688 131840 132608 147712 264193 265216 266241 282624 394240 409600
1 4099 4102 4108 8216 8240 12296 16576 24608 28672 32864 49184 49216 65920 66304 82048 86016 132608 133121 134144 197120 200704 266241 393217 397312
1 4099 4102 4108 8216 8240 12296 16576 24608 28672 32864 49184 49216 65920 66304 82048 86016 132608 133121 134144 197120 266241 331776 393217 458752
1 4099 4102 4108 8216 8240 12296 16576 24608 28672 32864 49184 49216 65920 66304 82048 86016 132608 133121 135169 197120 200704 265216 394240 395264
1 4099 4102 4108 8216 8240 12296 16576 24608 28672 32864 49184 49216 65920 66304 82048 86016 132608 134144 135169 197120 200704 264193 393217 395264
1 4099 4102 4108 8216 8240 12296 16576 24608 28672 32864 49184 49216 65920 66304 82048 86016 132608 134144 197120 200704 264193 266241 395264 397312
1 4099 4102 4108 8216 8240 12296 16576 24608 28672 32864 49184 49216 65920 66304 82048 86016 132608 134144 197120 264193 266241 331776 395264 458752
1 4099 4102 4108 8216 8240 12296 16576 24608 28672 32864 49184 49216 65920 66304 82048 86016 132608 135169 197120 200704 264193 265216 393217 394240
1 4099 4102 4108 8216 8240 12296 16576 24608 28672 32864 49184 49216 65920 66304 82048 86016 133121 135169 197120 200704 263680 265216 393728 395264
1 4099 4102 4108 8216 8240 12296 16576 24608 28672 32864 49184 49216 65920 66304 82048 86016 135169 197120 200704 263680 264193 265216 393217 393728
1 4099 4102 4108 8216 8240 12296 16576 24608 28672 32864 49184 49216 65920 66304 82048 132608 133121 134144 197120 266241 282624 344064 393217 458752
1 4099 4102 4108 8216 8240 12296 16576 24608 28672 32864 49184 49216 65920 66304 82048 132608 133121 135169 151552 197120 212992 265216 394240 395264
1 4099 4102 4108 8216 8240 12296 16576 24608 28672 32864 49184 49216 65920 66304 82048 132608 134144 135169 151552 197120 212992 264193 393217 395264
1 4099 4102 4108 8216 8240 12296 16576 24608 28672 32864 49184 49216 65920 66304 82048 132608 134144 151552 197120 212992 264193 266241 395264 397312
1 4099 4102 4108 8216 8240 12296 16576 24608 28672 32864 49184 49216 65920 66304 82048 132608 134144 197120 212992 264193 266241 282624 395264 409600
1 4099 4102 4108 8216 8240 12296 16576 24608 28672 32864 49184 49216 65920 66304 82048 132608 134144 197120 264193 266241 282624 344064 395264 458752
1 4099 4102 4108 8216 8240 12296 16576 24608 28672 32864 49184 49216 65920 66304 82048 132608 135169 151552 197120 212992 264193 265216 393217 394240
1 4099 4102 4108 8216 8240 12296 16576 24608 28672 32864 49184 49216 65920 66304 82048 132608 197120 212992 264193 265216 266241 282624 394240 409600
1 4099 4102 4108 8216 8240 12296 16576 24608 28672 32864 49184 49216 65920 66304 82048 132608 197120 264193 265216 266241 282624 344064 394240 458752
1 4099 4102 4108 8216 8240 12296 16576 24608 28672 32864 49184 49216 65920 66304 82048 133121 134144 135169 151552 197120 212992 263680 393728 394240
1 4099 4102 4108 8216 8240 12296 16576 24608 28672 32864 49184 49216 65920 66304 82048 133121 135169 151552 197120 212992 263680 265216 393728 395264
1 4099 4102 4108 8216 8240 12296 16576 24608 28672 32864 49184 49216 65920 66304 82048 135169 151552 197120 212992 263680 264193 265216 393217 393728
1 4099 4102 4108 8216 8240 12296 16576 24608 28672 32864 49184 49216 65920 82048 86016 131840 132608 196864 264193 265216 266241 331776 394240 458752
1 4099 4102 4108 8216 8240 12296 16576 24608 28672 32864 49184 49216 65920 82048 131840 132608 196864 212992 264193 265216 266241 282624 394240 409600
1 4099 4102 4108 8216 8240 12296 16576 24608 28672 32864 49184 49216 65920 82048 131840 132608 196864 264193 265216 266241 282624 344064 394240 458752
1 4099 4102 4108 8216 8240 12296 16576 24640 28672 33152 33536 49280 53248 67072 68608 98816 102400 133121 135169 198656 200704 262240 270368 270400
1 4099 4102 4108 8216 8240 12296 16576 24640 28672 33152 33536 49280 53248 67585 69633 102400 132608 134144 164352 198656 229376 262240 270368 270400
1 4099 4102 4108 8216 8240 12296 16576 24640 28672 33152 33536 49280 67072 68608 86016 98816 114688 133121 135169 198656 200704 262240 270368 270400
1 4099 4102 4108 8216 8240 12296 16576 24640 28672 33152 33536 49280 67072 68608 98816 114688 133121 135169 151552 198656 212992 262240 270368 270400
1 4099 4102 4108 8216 8240 12296 16576 24640 28672 33152 33536 49280 67072 98816 114688 133121 134144 135169 151552 197632 212992 262240 270368 270400
1 4099 4102 4108 8216 8240 12296 16576 24640 28672 33152 33536 49280 67585 68608 69633 86016 114688 132608 164352 197632 229376 262240 270368 270400
1 4099 4102 4108 8216 8240 12296 16576 24640 28672 33152 33536 49280 67585 69633 86016 114688 132608 134144 164352 198656 229376 262240 270368 270400
1 4099 4102 4108 8216 8240 12296 16576 24640 28672 33152 49280 49408 66304 67072 82176 133121 134144 135169 151552 197632 212992 262240 270368 270400
1 4099 4102 4108 8216 8240 12296 16576 24640 28672 33152 49280 53248 67585 68608 69633 102400 131840 132608 164096 197632 229376 262240 270368 270400
1 4099 4102 4108 8216 8240 12296 16576 24640 28672 33152 49280 66304 67072 98560 114688 133121 134144 135169 151552 197632 212992 262240 270368 270400
1 4099 4102 4108 8216 8240 12296 16576 24640 28672 33152 49280 67585 68608 69633 86016 114688 131840 132608 164096 197632 229376 262240 270368 270400
1 4099 4102 4108 8216 8240 12296 16576 28672 32864 40992 49216 57344 65920 66304 82048 86016 132608 133121 134144 197120 200704 266241 393217 397312
1 4099 4102 4108 8216 8240 12296 16576 28672 32864 40992 49216 57344 65920 66304 82048 86016 132608 133121 134144 197120 266241 331776 393217 458752
1 4099 4102 4108 8216 8240 12296 16576 28672 32864 40992 49216 57344 65920 66304 82048 86016 132608 133121 135169 197120 200704 265216 394240 395264
1 4099 4102 4108 8216 8240 12296 16576 28672 32864 40992 49216 57344 65920 66304 82048 86016 132608 134144 135169 197120 200704 264193 393217 395264
1 4099 4102 4108 8216 8240 12296 16576 28672 32864 40992 49216 57344 65920 66304 82048 86016 132608 134144 197120 200704 264193 266241 395264 397312
1 4099 4102 4108 8216 8240 12296 16576 28672 32864 40992 49216 57344 65920 66304 82048 86016 132608 134144 197120 264193 266241 331776 395264 458752
1 4099 4102 4108 8216 8240 12296 16576 28672 32864 40992 49216 57344 65920 66304 82048 86016 132608 135169 197120 200704 264193 265216 393217 394240
1 4099 4102 4108 8216 8240 12296 16576 28672 32864 40992 49216 57344 65920 66304 82048 86016 133121 135169 197120 200704 263680 265216 393728 395264
1 4099 4102 4108 8216 8240 12296 16576 28672 32864 40992 49216 57344 65920 66304 82048 86016 135169 197120 200704 263680 264193 265216 393217 393728
1 4099 4102 4108 8216 8240 12296 16576 28672 32864 40992 49216 57344 65920 66304 82048 132608 133121 134144 197120 266241 282624 344064 393217 458752
1 4099 4102 4108 8216 8240 12296 16576 28672 32864 40992 49216 57344 65920 66304 82048 132608 133121 135169 151552 197120 212992 265216 394240 395264
1 4099 4102 4108 8216 8240 12296 16576 28672 32864 40992 49216 57344 65920 66304 82048 132608 134144 135169 151552 197120 212992 264193 393217 395264
1 4099 4102 4108 8216 8240 12296 16576 28672 32864 40992 49216 57344 65920 66304 82048 132608 134144 151552 197120 212992 264193 266241 395264 397312
1 4099 4102 4108 8216 8240 12296 16576 28672 32864 40992 49216 57344 65920 66304 82048 132608 134144 197120 212992 264193 266241 282624 395264 409600
1 4099 4102 4108 8216 8240 12296 16576 28672 32864 40992 49216 57344 65920 66304 82048 132608 134144 197120 264193 266241 282624 344064 395264 458752
1 4099 4102 4108 8216 8240 12296 16576 28672 32864 40992 49216 57344 65920 66304 82048 132608 135169 151552 197120 212992 264193 265216 393217 394240
1 4099 4102 4108 8216 8240 12296 16576 28672 32864 40992 49216 57344 65920 66304 82048 132608 197120 212992 264193 265216 266241 282624 394240 409600
1 4099 4102 4108 8216 8240 12296 16576 28672 32864 40992 49216 57344 65920 66304 82048 132608 197120 264193 265216 266241 282624 344064 394240 458752
1 4099 4102 4108 8216 8240 12296 16576 28672 32864 40992 49216 57344 65920 66304 82048 133121 134144 135169 151552 197120 212992 263680 393728 394240
1 4099 4102 4108 8216 8240 12296 16576 28672 32864 40992 49216 57344 65920 66304 82048 133121 135169 151552 197120 212992 263680 265216 393728 395264
1 4099 4102 4108 8216 8240 12296 16576 28672 32864 40992 49216 57344 65920 66304 82048 135169 151552 197120 212992 263680 264193 265216 393217 393728
1 4099 4102 4108 8216 8240 12296 16576 28672 32864 40992 49216 57344 65920 82048 82176 131840 132608 147712 264193 265216 266241 282624 394240 409600
1 4099 4102 4108 8216 8240 12296 16576 28672 32864 40992 49216 57344 65920 82048 86016 131840 132608 196864 264193 265216 266241 331776 394240 458752
1 4099 4102 4108 8216 8240 12296 16576 28672 32864 40992 49216 57344 65920 82048 131840 132608 196864 212992 264193 265216 266241 282624 394240 409600
1 4099 4102 4108 8216 8240 12296 16576 28672 32864 40992 49216 57344 65920 82048 131840 132608 196864 264193 265216 266241 282624 344064 394240 458752
1 4099 4102 4108 8216 8240 12296 16768 17152 28672 32864 32960 40992 49280 57344 67072 67585 68608 82432 86016 135169 200704 327681 393217 458752
1 4099 4102 4108 8216 8240 12296 16768 17152 28672 32864 32960 40992 49280 57344 67072 67585 68608 82432 86016 196609 200704 266241 393217 397312
1 4099 4102 4108 8216 8240 12296 16768 17152 28672 32864 32960 40992 49280 57344 67072 67585 68608 82432 86016 200704 266241 327681 397312 458752
1 4099 4102 4108 8216 8240 12296 16768 17152 28672 32864 32960 40992 49280 57344 67072 67585 68608 82432 135169 151552 212992 327681 393217 458752
1 4099 4102 4108 8216 8240 12296 16768 17152 28672 32864 32960 40992 49280 57344 67072 67585 68608 82432 135169 196609 212992 282624 397312 409600
1 4099 4102 4108 8216 8240 12296 16768 17152 28672 32864 32960 40992 49280 57344 67072 67585 68608 82432 151552 196609 212992 266241 393217 397312
1 4099 4102 4108 8216 8240 12296 16768 17152 28672 32864 32960 40992 49280 57344 67072 67585 68608 82432 151552 200704 212992 266241 327681 331776
1 4099 4102 4108 8216 8240 12296 16768 17152 28672 32864 32960 40992 49280 57344 67072 67585 68608 82432 151552 212992 266241 327681 397312 458752
1 4099 4102 4108 8216 8240 12296 16768 17152 28672 32864 32960 40992 49280 57344 67072 67585 68608 82432 196609 212992 266241 282624 393217 409600
1 4099 4102 4108 8216 8240 12296 16768 17152 28672 32864 32960 40992 49280 57344 67072 67585 68608 82432 212992 266241 282624 327681 409600 458752
1 4099 4102 4108 8216 8240 12296 16768 17152 28672 32864 32960 40992 49280 57344 67072 67585 69633 82432 86016 134144 198656 328704 394240 458752
1 4099 4102 4108 8216 8240 12296 16768 17152 28672 32864 32960 40992 49280 57344 67072 67585 69633 82432 86016 197632 198656 265216 394240 395264
1 4099 4102 4108 8216 8240 12296 16768 17152 28672 32864 32960 40992 49280 57344 67072 67585 69633 82432 86016 198656 265216 328704 395264 458752
1 4099 4102 4108 8216 8240 12296 16768 17152 28672 32864 32960 40992 49280 57344 67072 67585 69633 82432 151552 200704 212992 265216 328704 329728
1 4099 4102 4108 8216 8240 12296 16768 17152 28672 32864 32960 40992 49280 57344 67072 67585 82432 86016 135169 196609 200704 265216 328704 329728
1 4099 4102 4108 8216 8240 12296 16768 17152 28672 32864 32960 40992 49280 57344 67072 67585 82432 135169 151552 196609 212992 265216 328704 329728
1 4099 4102 4108 8216 8240 12296 16768 17152 28672 32864 32960 40992 49280 57344 67072 68608 69633 82432 86016 133121 196609 329728 395264 458752
1 4099 4102 4108 8216 8240 12296 16768 17152 28672 32864 32960 40992 49280 57344 67072 68608 69633 82432 86016 196609 198656 264193 393217 395264
1 4099 4102 4108 8216 8240 12296 16768 17152 28672 32864 32960 40992 49280 57344 67072 68608 69633 82432 86016 196609 264193 329728 393217 458752
1 4099 4102 4108 8216 8240 12296 16768 17152 28672 32864 32960 40992 49280 57344 67072 68608 69633 82432 151552 200704 212992 264193 327681 329728
1 4099 4102 4108 8216 8240 12296 16768 17152 28672 32864 32960 40992 49280 57344 67072 68608 82432 86016 133121 135169 200704 329728 395264 458752
1 4099 4102 4108 8216 8240 12296 16768 17152 28672 32864 32960 40992 49280 57344 67072 68608 82432 86016 133121 198656 200704 266241 393217 397312
1 4099 4102 4108 8216 8240 12296 16768 17152 28672 32864 32960 40992 49280 57344 67072 68608 82432 86016 135169 196609 200704 264193 327681 329728
1 4099 4102 4108 8216 8240 12296 16768 17152 28672 32864 32960 40992 49280 57344 67072 68608 82432 86016 135169 198656 200704 264193 393217 395264
1 4099 4102 4108 8216 8240 12296 16768 17152 28672 32864 32960 40992 49280 57344 67072 68608 82432 86016 135169 200704 264193 329728 393217 458752
1 4099 4102 4108 8216 8240 12296 16768 17152 28672 32864 32960 40992 49280 57344 67072 68608 82432 86016 198656 200704 264193 266241 395264 397312
1 4099 4102 4108 8216 8240 12296 16768 17152 28672 32864 32960 40992 49280 57344 67072 68608 82432 86016 200704 264193 266241 329728 397312 458752
1 4099 4102 4108 8216 8240 12296 16768 17152 28672 32864 32960 40992 49280 57344 67072 68608 82432 133121 135169 151552 212992 329728 395264 458752
1 4099 4102 4108 8216 8240 12296 16768 17152 28672 32864 32960 40992 49280 57344 67072 68608 82432 133121 135169 198656 212992 282624 397312 409600
1 4099 4102 4108 8216 8240 12296 16768 17152 28672 32864 32960 40992 49280 57344 67072 68608 82432 133121 151552 198656 212992 266241 393217 397312
1 4099 4102 4108 8216 8240 12296 16768 17152 28672 32864 32960 40992 49280 57344 67072 68608 82432 133121 198656 212992 266241 282624 393217 409600
1 4099 4102 4108 8216 8240 12296 16768 17152 28672 32864 32960 40992 49280 57344 67072 68608 82432 135169 151552 196609 212992 264193 327681 329728
1 4099 4102 4108 8216 8240 12296 16768 17152 28672 32864 32960 40992 49280 57344 67072 68608 82432 135169 151552 198656 212992 264193 393217 395264
1 4099 4102 4108 8216 8240 12296 16768 17152 28672 32864 32960 40992 49280 57344 67072 68608 82432 135169 151552 212992 264193 329728 393217 458752
1 4099 4102 4108 8216 8240 12296 16768 17152 28672 32864 32960 40992 49280 57344 67072 68608 82432 151552 198656 212992 264193 266241 395264 397312
1 4099 4102 4108 8216 8240 12296 16768 17152 28672 32864 32960 40992 49280 57344 67072 68608 82432 151552 200704 212992 264193 266241 329728 331776
1 4099 4102 4108 8216 8240 12296 16768 17152 28672 32864 32960 40992 49280 57344 67072 68608 82432 151552 212992 264193 266241 329728 397312 458752
1 4099 4102 4108 8216 8240 12296 16768 17152 28672 32864 32960 40992 49280 57344 67072 68608 82432 198656 212992 264193 266241 282624 395264 409600
1 4099 4102 4108 8216 8240 12296 16768 17152 28672 32864 32960 40992 49280 57344 67072 68608 82432 212992 264193 266241 282624 329728 409600 458752
1 4099 4102 4108 8216 8240 12296 16768 17152 28672 32864 32960 40992 49280 57344 67072 69633 82432 86016 133121 134144 196609 328704 394240 458752
1 4099 4102 4108 8216 8240 12296 16768 17152 28672 32864 32960 40992 49280 57344 67072 69633 82432 86016 133121 196609 197632 265216 394240 395264
1 4099 4102 4108 8216 8240 12296 16768 17152 28672 32864 32960 40992 49280 57344 67072 69633 82432 86016 133121 196609 198656 265216 328704 329728
1 4099 4102 4108 8216 8240 12296 16768 17152 28672 32864 32960 40992 49280 57344 67072 69633 82432 86016 133121 196609 265216 328704 395264 458752
1 4099 4102 4108 8216 8240 12296 16768 17152 28672 32864 32960 40992 49280 57344 67072 69633 82432 86016 134144 196609 197632 264193 393217 395264
1 4099 4102 4108 8216 8240 12296 16768 17152 28672 32864 32960 40992 49280 57344 67072 69633 82432 86016 196609 197632 264193 265216 393217 394240
1 4099 4102 4108 8216 8240 12296 16768 17152 28672 32864 32960 40992 49280 57344 67072 69633 82432 86016 196609 264193 265216 328704 393217 458752
1 4099 4102 4108 8216 8240 12296 16768 17152 28672 32864 32960 40992 49280 57344 67072 69633 82432 151552 200704 212992 264193 265216 327681 328704
1 4099 4102 4108 8216 8240 12296 16768 17152 28672 32864 32960 40992 49280 57344 67072 82432 86016 133121 134144 197632 200704 266241 393217 397312
1 4099 4102 4108 8216 8240 12296 16768 17152 28672 32864 32960 40992 49280 57344 67072 82432 86016 133121 135169 197632 200704 265216 394240 395264
1 4099 4102 4108 8216 8240 12296 16768 17152 28672 32864 32960 40992 49280 57344 67072 82432 86016 133121 135169 198656 200704 265216 328704 329728
1 4099 4102 4108 8216 8240 12296 16768 17152 28672 32864 32960 40992 49280 57344 67072 82432 86016 133121 135169 200704 265216 328704 395264 458752
1 4099 4102 4108 8216 8240 12296 16768 17152 28672 32864 32960 40992 49280 57344 67072 82432 86016 134144 135169 197632 200704 264193 393217 395264
1 4099 4102 4108 8216 8240 12296 16768 17152 28672 32864 32960 40992 49280 57344 67072 82432 86016 134144 197632 200704 264193 266241 395264 397312
1 4099 4102 4108 8216 8240 12296 16768 17152 28672 32864 32960 40992 49280 57344 67072 82432 86016 135169 196609 200704 264193 265216 327681 328704
1 4099 4102 4108 8216 8240 12296 16768 17152 28672 32864 32960 40992 49280 57344 67072 82432 86016 135169 197632 200704 264193 265216 393217 394240
1 4099 4102 4108 8216 8240 12296 16768 17152 28672 32864 32960 40992 49280 57344 67072 82432 86016 135169 200704 264193 265216 328704 393217 458752
1 4099 4102 4108 8216 8240 12296 16768 17152 28672 32864 32960 40992 49280 57344 67072 82432 86016 197632 200704 264193 265216 266241 394240 397312
1 4099 4102 4108 8216 8240 12296 16768 17152 28672 32864 32960 40992 49280 57344 67072 82432 86016 200704 264193 265216 266241 328704 397312 458752
1 4099 4102 4108 8216 8240 12296 16768 17152 28672 32864 32960 40992 49280 57344 67072 82432 133121 134144 135169 197632 212992 282624 397312 409600
1 4099 4102 4108 8216 8240 12296 16768 17152 28672 32864 32960 40992 49280 57344 67072 82432 133121 134144 151552 197632 212992 266241 393217 397312
1 4099 4102 4108 8216 8240 12296 16768 17152 28672 32864 32960 40992 49280 57344 67072 82432 133121 134144 197632 212992 266241 282624 393217 409600
1 4099 4102 4108 8216 8240 12296 16768 17152 28672 32864 32960 40992 49280 57344 67072 82432 133121 135169 151552 197632 212992 265216 394240 395264
1 4099 4102 4108 8216 8240 12296 16768 17152 28672 32864 32960 40992 49280 57344 67072 82432 133121 135169 151552 198656 212992 265216 328704 329728
1 4099 4102 4108 8216 8240 12296 16768 17152 28672 32864 32960 40992 49280 57344 67072 82432 133121 135169 151552 212992 265216 328704 395264 458752
1 4099 4102 4108 8216 8240 12296 16768 17152 28672 32864 32960 40992 49280 57344 67072 82432 134144 135169 151552 197632 212992 264193 393217 395264
1 4099 4102 4108 8216 8240 12296 16768 17152 28672 32864 32960 40992 49280 57344 67072 82432 134144 151552 197632 212992 264193 266241 395264 397312
1 4099 4102 4108 8216 8240 12296 16768 17152 28672 32864 32960 40992 49280 57344 67072 82432 134144 197632 212992 264193 266241 282624 395264 409600
1 4099 4102 4108 8216 8240 12296 16768 17152 28672 32864 32960 40992 49280 57344 67072 82432 135169 151552 196609 212992 264193 265216 327681 328704
1 4099 4102 4108 8216 8240 12296 16768 17152 28672 32864 32960 40992 49280 57344 67072 82432 135169 151552 197632 212992 264193 265216 393217 394240
1 4099 4102 4108 8216 8240 12296 16768 17152 28672 32864 32960 40992 49280 57344 67072 82432 135169 151552 212992 264193 265216 328704 393217 458752
1 4099 4102 4108 8216 8240 12296 16768 17152 28672 32864 32960 40992 49280 57344 67072 82432 151552 197632 212992 264193 265216 266241 394240 397312
1 4099 4102 4108 8216 8240 12296 16768 17152 28672 32864 32960 40992 49280 57344 67072 82432 151552 212992 264193 265216 266241 328704 397312 458752
1 4099 4102 4108 8216 8240 12296 16768 17152 28672 32864 32960 40992 49280 57344 67585 68608 69633 82432 151552 200704 212992 263680 328192 328704
1 4099 4102 4108 8216 8240 12296 16768 17152 28672 32864 32960 40992 49280 57344 67585 68608 82432 86016 135169 196609 200704 263680 328192 328704
1 4099 4102 4108 8216 8240 12296 16768 17152 28672 32864 32960 40992 49280 57344 67585 68608 82432 135169 151552 196609 212992 263680 328192 328704
1 4099 4102 4108 8216 8240 12296 16768 17152 28672 32864 32960 40992 49280 57344 67585 69633 82432 86016 132608 134144 198656 328192 393728 458752
1 4099 4102 4108 8216 8240 12296 16768 17152 28672 32864 32960 40992 49280 57344 67585 69633 82432 86016 132608 197120 198656 265216 394240 395264
1 4099 4102 4108 8216 8240 12296 16768 17152 28672 32864 32960 40992 49280 57344 67585 69633 82432 86016 134144 197120 198656 263680 393728 394240
1 4099 4102 4108 8216 8240 12296 16768 17152 28672 32864 32960 40992 49280 57344 67585 69633 82432 86016 134144 197632 198656 263680 328192 328704
1 4099 4102 4108 8216 8240 12296 16768 17152 28672 32864 32960 40992 49280 57344 67585 69633 82432 86016 134144 198656 263680 328192 394240 458752
1 4099 4102 4108 8216 8240 12296 16768 17152 28672 32864 32960 40992 49280 57344 67585 69633 82432 86016 197120 198656 263680 265216 393728 395264
1 4099 4102 4108 8216 8240 12296 16768 17152 28672 32864 32960 40992 49280 57344 67585 69633 82432 86016 198656 263680 265216 328192 395264 458752
1 4099 4102 4108 8216 8240 12296 16768 17152 28672 32864 32960 40992 49280 57344 67585 69633 82432 151552 200704 212992 263680 265216 328192 329728
1 4099 4102 4108 8216 8240 12296 16768 17152 28672 32864 32960 40992 49280 57344 67585 82432 86016 135169 196609 200704 263680 265216 328192 329728
1 4099 4102 4108 8216 8240 12296 16768 17152 28672 32864 32960 40992 49280 57344 67585 82432 135169 151552 196609 212992 263680 265216 328192 329728
1 4099 4102 4108 8216 8240 12296 16768 17152 28672 32864 32960 40992 49280 57344 68608 69633 82432 86016 133121 196609 198656 263680 328192 328704
1 4099 4102 4108 8216 8240 12296 16768 17152 28672 32864 32960 40992 49280 57344 68608 82432 86016 133121 135169 198656 200704 263680 328192 328704
1 4099 4102 4108 8216 8240 12296 16768 17152 28672 32864 32960 40992 49280 57344 68608 82432 133121 135169 151552 198656 212992 263680 328192 328704
1 4099 4102 4108 8216 8240 12296 16768 17152 28672 32864 32960 40992 49280 57344 69633 82432 86016 132608 133121 134144 196609 328192 393728 458752
1 4099 4102 4108 8216 8240 12296 16768 17152 28672 32864 32960 40992 49280 57344 69633 82432 86016 132608 133121 196609 197120 265216 394240 395264
1 4099 4102 4108 8216 8240 12296 16768 17152 28672 32864 32960 40992 49280 57344 69633 82432 86016 132608 134144 196609 197120 264193 393217 395264
1 4099 4102 4108 8216 8240 12296 16768 17152 28672 32864 32960 40992 49280 57344 69633 82432 86016 132608 196609 197120 264193 265216 393217 394240
1 4099 4102 4108 8216 8240 12296 16768 17152 28672 32864 32960 40992 49280 57344 69633 82432 86016 133121 134144 196609 197120 263680 393728 394240
1 4099 4102 4108 8216 8240 12296 16768 17152 28672 32864 32960 40992 49280 57344 69633 82432 86016 133121 134144 196609 197632 263680 328192 328704
1 4099 4102 4108 8216 8240 12296 16768 17152 28672 32864 32960 40992 49280 57344 69633 82432 86016 133121 134144 196609 263680 328192 394240 458752
1 4099 4102 4108 8216 8240 12296 16768 17152 28672 32864 32960 40992 49280 57344 69633 82432 86016 133121 196609 197120 263680 265216 393728 395264
1 4099 4102 4108 8216 8240 12296 16768 17152 28672 32864 32960 40992 49280 57344 69633 82432 86016 133121 196609 198656 263680 265216 328192 329728
1 4099 4102 4108 8216 8240 12296 16768 17152 28672 32864 32960 40992 49280 57344 69633 82432 86016 133121 196609 263680 265216 328192 395264 458752
1 4099 4102 4108 8216 8240 12296 16768 17152 28672 32864 32960 40992 49280 57344 69633 82432 86016 196609 197120 263680 264193 265216 393217 393728
1 4099 4102 4108 8216 8240 12296 16768 17152 28672 32864 32960 40992 49280 57344 69633 82432 86016 196609 263680 264193 265216 328192 393217 458752
1 4099 4102 4108 8216 8240 12296 16768 17152 28672 32864 32960 40992 49280 57344 69633 82432 151552 200704 212992 263680 264193 265216 327681 328192
1 4099 4102 4108 8216 8240 12296 16768 17152 28672 32864 32960 40992 49280 57344 82432 86016 132608 133121 134144 197120 200704 266241 393217 397312
1 4099 4102 4108 8216 8240 12296 16768 17152 28672 32864 32960 40992 49280 57344 82432 86016 132608 133121 135169 197120 200704 265216 394240 395264
1 4099 4102 4108 8216 8240 12296 16768 17152 28672 32864 32960 40992 49280 57344 82432 86016 132608 134144 135169 197120 200704 264193 393217 395264
1 4099 4102 4108 8216 8240 12296 16768 17152 28672 32864 32960 40992 49280 57344 82432 86016 132608 134144 197120 200704 264193 266241 395264 397312
1 4099 4102 4108 8216 8240 12296 16768 17152 28672 32864 32960 40992 49280 57344 82432 86016 132608 135169 197120 200704 264193 265216 393217 394240
1 4099 4102 4108 8216 8240 12296 16768 17152 28672 32864 32960 40992 49280 57344 82432 86016 133121 134144 135169 197120 200704 263680 393728 394240
1 4099 4102 4108 8216 8240 12296 16768 17152 28672 32864 32960 40992 49280 57344 82432 86016 133121 134144 135169 197632 200704 263680 328192 328704
1 4099 4102 4108 8216 8240 12296 16768 17152 28672 32864 32960 40992 49280 57344 82432 86016 133121 134144 135169 200704 263680 328192 394240 458752
1 4099 4102 4108 8216 8240 12296 16768 17152 28672 32864 32960 40992 49280 57344 82432 86016 133121 135169 197120 200704 263680 265216 393728 395264
1 4099 4102 4108 8216 8240 12296 16768 17152 28672 32864 32960 40992 49280 57344 82432 86016 133121 135169 198656 200704 263680 265216 328192 329728
1 4099 4102 4108 8216 8240 12296 16768 17152 28672 32864 32960 40992 49280 57344 82432 86016 133121 135169 200704 263680 265216 328192 395264 458752
1 4099 4102 4108 8216 8240 12296 16768 17152 28672 32864 32960 40992 49280 57344 82432 86016 135169 196609 200704 263680 264193 265216 327681 328192
1 4099 4102 4108 8216 8240 12296 16768 17152 28672 32864 32960 40992 49280 57344 82432 86016 135169 197120 200704 263680 264193 265216 393217 393728
1 4099 4102 4108 8216 8240 12296 16768 17152 28672 32864 32960 40992 49280 57344 82432 86016 135169 200704 263680 264193 265216 328192 393217 458752
1 4099 4102 4108 8216 8240 12296 16768 17152 28672 32864 32960 40992 49280 57344 82432 132608 133121 134144 151552 197120 212992 266241 393217 397312
1 4099 4102 4108 8216 8240 12296 16768 17152 28672 32864 32960 40992 49280 57344 82432 132608 133121 134144 197120 212992 266241 282624 393217 409600
1 4099 4102 4108 8216 8240 12296 16768 17152 28672 32864 32960 40992 49280 57344 82432 132608 133121 135169 151552 197120 212992 265216 394240 395264
1 4099 4102 4108 8216 8240 12296 16768 17152 28672 32864 32960 40992 49280 57344 82432 132608 134144 135169 151552 197120 212992 264193 393217 395264
1 4099 4102 4108 8216 8240 12296 16768 17152 28672 32864 32960 40992 49280 57344 82432 132608 134144 151552 197120 212992 264193 266241 395264 397312
1 4099 4102 4108 8216 8240 12296 16768 17152 28672 32864 32960 40992 49280 57344 82432 132608 134144 197120 212992 264193 266241 282624 395264 409600
1 4099 4102 4108 8216 8240 12296 16768 17152 28672 32864 32960 40992 49280 57344 82432 132608 135169 151552 197120 212992 264193 265216 393217 394240
1 4099 4102 4108 8216 8240 12296 16768 17152 28672 32864 32960 40992 49280 57344 82432 133121 135169 151552 197120 212992 263680 265216 393728 395264
1 4099 4102 4108 8216 8240 12296 16768 17152 28672 32864 32960 40992 49280 57344 82432 133121 135169 151552 198656 212992 263680 265216 328192 329728
1 4099 4102 4108 8216 8240 12296 16768 17152 28672 32864 32960 40992 49280 57344 82432 133121 135169 151552 212992 263680 265216 328192 395264 458752
1 4099 4102 4108 8216 8240 12296 16768 17152 28672 32864 32960 40992 49280 57344 82432 135169 151552 196609 212992 263680 264193 265216 327681 328192
1 4099 4102 4108 8216 8240 12296 16768 17152 28672 32864 32960 40992 49280 57344 82432 135169 151552 197120 212992 263680 264193 265216 393217 393728
1 4099 4102 4108 8216 8240 12296 16768 17152 28672 32864 32960 40992 49280 57344 82432 135169 151552 212992 263680 264193 265216 328192 393217 458752
1 4099 4102 4108 8216 8240 12296 16768 17152 28672 32864 32960 40992 57344 82048 98432 114688 132608 133121 134144 147968 151552 266241 393217 397312
1 4099 4102 4108 8216 8240 12296 16768 17152 28672 32864 32960 40992 57344 82048 98432 114688 132608 133121 134144 147968 266241 282624 393217 409600
1 4099 4102 4108 8216 8240 12296 16768 17152 28672 32864 32960 40992 57344 82048 98432 114688 132608 133121 135169 147968 151552 265216 394240 395264
1 4099 4102 4108 8216 8240 12296 16768 17152 28672 32864 32960 40992 57344 82048 98432 114688 132608 134144 135169 147968 151552 264193 393217 395264
1 4099 4102 4108 8216 8240 12296 16768 17152 28672 32864 32960 40992 57344 82048 98432 114688 132608 134144 147968 151552 264193 266241 395264 397312
1 4099 4102 4108 8216 8240 12296 16768 17152 28672 32864 32960 40992 57344 82048 98432 114688 132608 134144 147968 264193 266241 282624 395264 409600
1 4099 4102 4108 8216 8240 12296 16768 17152 28672 32864 32960 40992 57344 82048 98432 114688 132608 135169 147968 151552 264193 265216 393217 394240
1 4099 4102 4108 8216 8240 12296 16768 17152 28672 32864 32960 40992 57344 82048 98432 114688 133121 135169 147968 151552 263680 265216 393728 395264
1 4099 4102 4108 8216 8240 12296 16768 17152 28672 32864 32960 40992 57344 82048 98432 114688 135169 147968 151552 263680 264193 265216 393217 393728
1 4099 4102 4108 8216 8240 12296 16768 17152 28672 32864 32960 49280 57344 73760 98336 106496 132608 133121 134144 147968 151552 266241 393217 397312
1 4099 4102 4108 8216 8240 12296 16768 17152 28672 32864 32960 49280 57344 73760 98336 106496 132608 133121 134144 147968 266241 282624 393217 409600
1 4099 4102 4108 8216 8240 12296 16768 17152 28672 32864 32960 49280 57344 73760 98336 106496 132608 133121 135169 147968 151552 265216 394240 395264
1 4099 4102 4108 8216 8240 12296 16768 17152 28672 32864 32960 49280 57344 73760 98336 106496 132608 134144 135169 147968 151552 264193 393217 395264
1 4099 4102 4108 8216 8240 12296 16768 17152 28672 32864 32960 49280 57344 73760 98336 106496 132608 134144 147968 151552 264193 266241 395264 397312
1 4099 4102 4108 8216 8240 12296 16768 17152 28672 32864 32960 49280 57344 73760 98336 106496 132608 134144 147968 264193 266241 282624 395264 409600
1 4099 4102 4108 8216 8240 12296 16768 17152 28672 32864 32960 49280 57344 73760 98336 106496 132608 135169 147968 151552 264193 265216 393217 394240
1 4099 4102 4108 8216 8240 12296 16768 17152 28672 32864 32960 49280 57344 73760 98336 106496 133121 135169 147968 151552 263680 265216 393728 395264
1 4099 4102 4108 8216 8240 12296 16768 17152 28672 32864 32960 49280 57344 73760 98336 106496 135169 147968 151552 263680 264193 265216 393217 393728
1 4099 4102 4108 8216 8240 12296 16768 17152 28672 32864 40992 49280 57344 65728 98368 98432 132608 133121 134144 147968 151552 266241 393217 397312
1 4099 4102 4108 8216 8240 12296 16768 17152 28672 32864 40992 49280 57344 65728 98368 98432 132608 133121 134144 147968 266241 282624 393217 409600
1 4099 4102 4108 8216 8240 12296 16768 17152 28672 32864 40992 49280 57344 65728 98368 98432 132608 133121 135169 147968 151552 265216 394240 395264
1 4099 4102 4108 8216 8240 12296 16768 17152 28672 32864 40992 49280 57344 65728 98368 98432 132608 134144 135169 147968 151552 264193 393217 395264
1 4099 4102 4108 8216 8240 12296 16768 17152 28672 32864 40992 49280 57344 65728 98368 98432 132608 134144 147968 151552 264193 266241 395264 397312
1 4099 4102 4108 8216 8240 12296 16768 17152 28672 32864 40992 49280 57344 65728 98368 98432 132608 134144 147968 264193 266241 282624 395264 409600
1 4099 4102 4108 8216 8240 12296 16768 17152 28672 32864 40992 49280 57344 65728 98368 98432 132608 135169 147968 151552 264193 265216 393217 394240
1 4099 4102 4108 8216 8240 12296 16768 17152 28672 32864 40992 49280 57344 65728 98368 98432 133121 135169 147968 151552 263680 265216 393728 395264
1 4099 4102 4108 8216 8240 12296 16768 17152 28672 32864 40992 49280 57344 65728 98368 98432 135169 147968 151552 263680 264193 265216 393217 393728
1 4099 4102 4108 8216 8240 12296 16768 17152 28672 32864 40992 57344 65728 82048 98368 114688 132608 133121 134144 147968 151552 266241 393217 397312
1 4099 4102 4108 8216 8240 12296 16768 17152 28672 32864 40992 57344 65728 82048 98368 114688 132608 133121 134144 147968 266241 282624 393217 409600
1 4099 4102 4108 8216 8240 12296 16768 17152 28672 32864 40992 57344 65728 82048 98368 114688 132608 133121 135169 147968 151552 265216 394240 395264
1 4099 4102 4108 8216 8240 12296 16768 17152 28672 32864 40992 57344 65728 82048 98368 114688 132608 134144 135169 147968 151552 264193 393217 395264
1 4099 4102 4108 8216 8240 12296 16768 17152 28672 32864 40992 57344 65728 82048 98368 114688 132608 134144 147968 151552 264193 266241 395264 397312
1 4099 4102 4108 8216 8240 12296 16768 17152 28672 32864 40992 57344 65728 82048 98368 114688 132608 134144 147968 264193 266241 282624 395264 409600
1 4099 4102 4108 8216 8240 12296 16768 17152 28672 32864 40992 57344 65728 82048 98368 114688 132608 135169 147968 151552 264193 265216 393217 394240
1 4099 4102 4108 8216 8240 12296 16768 17152 28672 32864 40992 57344 65728 82048 98368 114688 133121 135169 147968 151552 263680 265216 393728 395264
1 4099 4102 4108 8216 8240 12296 16768 17152 28672 32864 40992 57344 65728 82048 98368 114688 135169 147968 151552 263680 264193 265216 393217 393728
1 4099 4102 4108 8216 8240 12296 16768 17152 28672 32960 40992 49280 57344 65632 98336 98368 132608 133121 134144 147968 151552 266241 393217 397312
1 4099 4102 4108 8216 8240 12296 16768 17152 28672 32960 40992 49280 57344 65632 98336 98368 132608 133121 134144 147968 266241 282624 393217 409600
1 4099 4102 4108 8216 8240 12296 16768 17152 28672 32960 40992 49280 57344 65632 98336 98368 132608 133121 135169 147968 151552 265216 394240 395264
1 4099 4102 4108 8216 8240 12296 16768 17152 28672 32960 40992 49280 57344 65632 98336 98368 132608 134144 135169 147968 151552 264193 393217 395264
1 4099 4102 4108 8216 8240 12296 16768 17152 28672 32960 40992 49280 57344 65632 98336 98368 132608 134144 147968 151552 264193 266241 395264 397312
1 4099 4102 4108 8216 8240 12296 16768 17152 28672 32960 40992 49280 57344 65632 98336 98368 132608 134144 147968 264193 266241 282624 395264 409600
1 4099 4102 4108 8216 8240 12296 16768 17152 28672 32960 40992 49280 57344 65632 98336 98368 132608 135169 147968 151552 264193 265216 393217 394240
1 4099 4102 4108 8216 8240 12296 16768 17152 28672 32960 40992 49280 57344 65632 98336 98368 133121 135169 147968 151552 263680 265216 393728 395264
1 4099 4102 4108 8216 8240 12296 16768 17152 28672 32960 40992 49280 57344 65632 98336 98368 135169 147968 151552 263680 264193 265216 393217 393728
1 4099 4102 4108 8216 8240 12296 16768 17152 28672 32960 41024 49280 57344 65632 73760 73792 132608 134144 147968 151552 264193 266241 395264 397312
1 4099 4102 4108 8216 8240 12296 16768 17152 28672 32960 41024 49280 57344 65632 73760 73792 132608 134144 147968 264193 266241 282624 395264 409600
1 4099 4102 4108 8216 8240 12296 16768 17152 28672 32960 49280 57344 65632 73760 98368 106496 132608 133121 134144 147968 151552 266241 393217 397312
1 4099 4102 4108 8216 8240 12296 16768 17152 28672 32960 49280 57344 65632 73760 98368 106496 132608 133121 134144 147968 266241 282624 393217 409600
1 4099 4102 4108 8216 8240 12296 16768 17152 28672 32960 49280 57344 65632 73760 98368 106496 132608 133121 135169 147968 151552 265216 394240 395264
1 4099 4102 4108 8216 8240 12296 16768 17152 28672 32960 49280 57344 65632 73760 98368 106496 132608 134144 135169 147968 151552 264193 393217 395264
1 4099 4102 4108 8216 8240 12296 16768 17152 28672 32960 49280 57344 65632 73760 98368 106496 132608 134144 147968 151552 264193 266241 395264 397312
1 4099 4102 4108 8216 8240 12296 16768 17152 28672 32960 49280 57344 65632 73760 98368 106496 132608 134144 147968 264193 266241 282624 395264 409600
1 4099 4102 4108 8216 8240 12296 16768 17152 28672 32960 49280 57344 65632 73760 98368 106496 132608 135169 147968 151552 264193 265216 393217 394240
1 4099 4102 4108 8216 8240 12296 16768 17152 28672 32960 49280 57344 65632 73760 98368 106496 133121 135169 147968 151552 263680 265216 393728 395264
1 4099 4102 4108 8216 8240 12296 16768 17152 28672 32960 49280 57344 65632 73760 98368 106496 135169 147968 151552 263680 264193 265216 393217 393728
1 4099 4102 4108 8216 8240 12296 16768 17152 28672 40992 49280 57344 65632 65728 98336 98432 132608 133121 134144 147968 151552 266241 393217 397312
1 4099 4102 4108 8216 8240 12296 16768 17152 28672 40992 49280 57344 65632 65728 98336 98432 132608 133121 134144 147968 266241 282624 393217 409600
1 4099 4102 4108 8216 8240 12296 16768 17152 28672 40992 49280 57344 65632 65728 98336 98432 132608 133121 135169 147968 151552 265216 394240 395264
1 4099 4102 4108 8216 8240 12296 16768 17152 28672 40992 49280 57344 65632 65728 98336 98432 132608 134144 135169 147968 151552 264193 393217 395264
1 4099 4102 4108 8216 8240 12296 16768 17152 28672 40992 49280 57344 65632 65728 98336 98432 132608 134144 147968 151552 264193 266241 395264 397312
1 4099 4102 4108 8216 8240 12296 16768 17152 28672 40992 49280 57344 65632 65728 98336 98432 132608 134144 147968 264193 266241 282624 395264 409600
1 4099 4102 4108 8216 8240 12296 16768 17152 28672 40992 49280 57344 65632 65728 98336 98432 132608 135169 147968 151552 264193 265216 393217 394240
1 4099 4102 4108 8216 8240 12296 16768 17152 28672 40992 49280 57344 65632 65728 98336 98432 133121 135169 147968 151552 263680 265216 393728 395264
1 4099 4102 4108 8216 8240 12296 16768 17152 28672 40992 49280 57344 65632 65728 98336 98432 135169 147968 151552 263680 264193 265216 393217 393728
1 4099 4102 4108 8216 8240 12296 16768 17152 28672 40992 57344 65632 65728 82048 98336 114688 132608 133121 134144 147968 151552 266241 393217 397312
1 4099 4102 4108 8216 8240 12296 16768 17152 28672 40992 57344 65632 65728 82048 98336 114688 132608 133121 134144 147968 266241 282624 393217 409600
1 4099 4102 4108 8216 8240 12296 16768 17152 28672 40992 57344 65632 65728 82048 98336 114688 132608 133121 135169 147968 151552 265216 394240 395264
1 4099 4102 4108 8216 8240 12296 16768 17152 28672 40992 57344 65632 65728 82048 98336 114688 132608 134144 135169 147968 151552 264193 393217 395264
1 4099 4102 4108 8216 8240 12296 16768 17152 28672 40992 57344 65632 65728 82048 98336 114688 132608 134144 147968 151552 264193 266241 395264 397312
1 4099 4102 4108 8216 8240 12296 16768 17152 28672 40992 57344 65632 65728 82048 98336 114688 132608 134144 147968 264193 266241 282624 395264 409600
1 4099 4102 4108 8216 8240 12296 16768 17152 28672 40992 57344 65632 65728 82048 98336 114688 132608 135169 147968 151552 264193 265216 393217 394240
1 4099 4102 4108 8216 8240 12296 16768 17152 28672 40992 57344 65632 65728 82048 98336 114688 133121 135169 147968 151552 263680 265216 393728 395264
1 4099 4102 4108 8216 8240 12296 16768 17152 28672 40992 57344 65632 65728 82048 98336 114688 135169 147968 151552 263680 264193 265216 393217 393728
1 4099 4102 4108 8216 8240 12296 16768 17152 28672 49280 57344 65632 65728 73760 98432 106496 132608 133121 134144 147968 151552 266241 393217 397312
1 4099 4102 4108 8216 8240 12296 16768 17152 28672 49280 57344 65632 65728 73760 98432 106496 132608 133121 134144 147968 266241 282624 393217 409600
1 4099 4102 4108 8216 8240 12296 16768 17152 28672 49280 57344 65632 65728 73760 98432 106496 132608 133121 135169 147968 151552 265216 394240 395264
1 4099 4102 4108 8216 8240 12296 16768 17152 28672 49280 57344 65632 65728 73760 98432 106496 132608 134144 135169 147968 151552 264193 393217 395264
1 4099 4102 4108 8216 8240 12296 16768 17152 28672 49280 57344 65632 65728 73760 98432 106496 132608 134144 147968 151552 264193 266241 395264 397312
1 4099 4102 4108 8216 8240 12296 16768 17152 28672 49280 57344 65632 65728 73760 98432 106496 132608 134144 147968 264193 266241 282624 395264 409600
1 4099 4102 4108 8216 8240 12296 16768 17152 28672 49280 57344 65632 65728 73760 98432 106496 132608 135169 147968 151552 264193 265216 393217 394240
1 4099 4102 4108 8216 8240 12296 16768 17152 28672 49280 57344 65632 65728 73760 98432 106496 133121 135169 147968 151552 263680 265216 393728 395264
1 4099 4102 4108 8216 8240 12296 16768 17152 28672 49280 57344 65632 65728 73760 98432 106496 135169 147968 151552 263680 264193 265216 393217 393728
1 4099 4102 4108 8216 8240 12296 16768 17152 28672 57344 65632 65728 73760 82048 106496 114688 132608 133121 134144 147968 151552 266241 393217 397312
1 4099 4102 4108 8216 8240 12296 16768 17152 28672 57344 65632 65728 73760 82048 106496 114688 132608 133121 134144 147968 266241 282624 393217 409600
1 4099 4102 4108 8216 8240 12296 16768 17152 28672 57344 65632 65728 73760 82048 106496 114688 132608 133121 135169 147968 151552 265216 394240 395264
1 4099 4102 4108 8216 8240 12296 16768 17152 28672 57344 65632 65728 73760 82048 106496 114688 132608 134144 135169 147968 151552 264193 393217 395264
1 4099 4102 4108 8216 8240 12296 16768 17152 28672 57344 65632 65728 73760 82048 106496 114688 132608 134144 147968 151552 264193 266241 395264 397312
1 4099 4102 4108 8216 8240 12296 16768 17152 28672 57344 65632 65728 73760 82048 106496 114688 132608 134144 147968 264193 266241 282624 395264 409600
1 4099 4102 4108 8216 8240 12296 16768 17152 28672 57344 65632 65728 73760 82048 106496 114688 132608 135169 147968 151552 264193 265216 393217 394240
1 4099 4102 4108 8216 8240 12296 16768 17152 28672 57344 65632 65728 73760 82048 106496 114688 133121 135169 147968 151552 263680 265216 393728 395264
1 4099 4102 4108 8216 8240 12296 16768 17152 28672 57344 65632 65728 73760 82048 106496 114688 135169 147968 151552 263680 264193 265216 393217 393728
1 4099 4102 4108 8216 8240 12296 16768 24640 28672 32960 49216 49280 66304 67072 82176 133121 134144 135169 151552 197632 212992 262240 270368 270400
1 4099 4102 4108 8216 8240 12296 16768 28672 32864 32960 40992 49280 57344 66304 67072 82176 86016 133121 134144 135169 197632 331776 397312 458752
1 4099 4102 4108 8216 8240 12296 16768 28672 32864 32960 40992 49280 57344 66304 67072 82176 86016 133121 134144 197632 200704 266241 393217 397312
1 4099 4102 4108 8216 8240 12296 16768 28672 32864 32960 40992 49280 57344 66304 67072 82176 86016 133121 134144 197632 266241 331776 393217 458752
1 4099 4102 4108 8216 8240 12296 16768 28672 32864 32960 40992 49280 57344 66304 67072 82176 86016 133121 135169 197632 200704 265216 394240 395264
1 4099 4102 4108 8216 8240 12296 16768 28672 32864 32960 40992 49280 57344 66304 67072 82176 86016 134144 135169 197632 200704 264193 393217 395264
1 4099 4102 4108 8216 8240 12296 16768 28672 32864 32960 40992 49280 57344 66304 67072 82176 86016 134144 197632 200704 264193 266241 395264 397312
1 4099 4102 4108 8216 8240 12296 16768 28672 32864 32960 40992 49280 57344 66304 67072 82176 86016 134144 197632 264193 266241 331776 395264 458752
1 4099 4102 4108 8216 8240 12296 16768 28672 32864 32960 40992 49280 57344 66304 67072 82176 86016 135169 197632 200704 264193 265216 393217 394240
1 4099 4102 4108 8216 8240 12296 16768 28672 32864 32960 40992 49280 57344 66304 67072 82176 86016 197632 200704 264193 265216 266241 394240 397312
1 4099 4102 4108 8216 8240 12296 16768 28672 32864 32960 40992 49280 57344 66304 67072 82176 133121 134144 135169 151552 197632 344064 409600 458752
1 4099 4102 4108 8216 8240 12296 16768 28672 32864 32960 40992 49280 57344 66304 67072 82176 133121 134144 135169 197632 212992 282624 397312 409600
1 4099 4102 4108 8216 8240 12296 16768 28672 32864 32960 40992 49280 57344 66304 67072 82176 133121 134144 135169 197632 282624 344064 397312 458752
1 4099 4102 4108 8216 8240 12296 16768 28672 32864 32960 40992 49280 57344 66304 67072 82176 133121 134144 151552 197632 212992 266241 393217 397312
1 4099 4102 4108 8216 8240 12296 16768 28672 32864 32960 40992 49280 57344 66304 67072 82176 133121 134144 197632 212992 266241 282624 393217 409600
1 4099 4102 4108 8216 8240 12296 16768 28672 32864 32960 40992 49280 57344 66304 67072 82176 133121 134144 197632 266241 282624 344064 393217 458752
1 4099 4102 4108 8216 8240 12296 16768 28672 32864 32960 40992 49280 57344 66304 67072 82176 133121 135169 151552 197632 212992 265216 394240 395264
1 4099 4102 4108 8216 8240 12296 16768 28672 32864 32960 40992 49280 57344 66304 67072 82176 134144 135169 151552 197632 212992 264193 393217 395264
1 4099 4102 4108 8216 8240 12296 16768 28672 32864 32960 40992 49280 57344 66304 67072 82176 134144 151552 197632 212992 264193 266241 395264 397312
1 4099 4102 4108 8216 8240 12296 16768 28672 32864 32960 40992 49280 57344 66304 67072 82176 134144 197632 212992 264193 266241 282624 395264 409600
1 4099 4102 4108 8216 8240 12296 16768 28672 32864 32960 40992 49280 57344 66304 67072 82176 134144 197632 264193 266241 282624 344064 395264 458752
1 4099 4102 4108 8216 8240 12296 16768 28672 32864 32960 40992 49280 57344 66304 67072 82176 135169 151552 197632 212992 264193 265216 393217 394240
1 4099 4102 4108 8216 8240 12296 16768 28672 32864 32960 40992 49280 57344 66304 67072 82176 151552 197632 212992 264193 265216 266241 394240 397312
1 4099 4102 4108 8216 8240 12296 16768 28672 32864 32960 40992 49280 57344 66304 67072 82176 197632 212992 264193 265216 266241 282624 394240 409600
1 4099 4102 4108 8216 8240 12296 16768 28672 32864 32960 40992 49280 57344 66304 67072 82176 197632 264193 265216 266241 282624 344064 394240 458752
1 4099 4102 4108 8216 8240 12296 16768 28672 32864 32960 40992 49280 57344 66304 82176 82432 132608 133121 134144 147968 151552 266241 393217 397312
1 4099 4102 4108 8216 8240 12296 16768 28672 32864 32960 40992 49280 57344 66304 82176 82432 132608 133121 134144 147968 266241 282624 393217 409600
1 4099 4102 4108 8216 8240 12296 16768 28672 32864 32960 40992 49280 57344 66304 82176 82432 132608 133121 135169 147968 151552 265216 394240 395264
1 4099 4102 4108 8216 8240 12296 16768 28672 32864 32960 40992 49280 57344 66304 82176 82432 132608 134144 135169 147968 151552 264193 393217 395264
1 4099 4102 4108 8216 8240 12296 16768 28672 32864 32960 40992 49280 57344 66304 82176 82432 132608 134144 147968 151552 264193 266241 395264 397312
1 4099 4102 4108 8216 8240 12296 16768 28672 32864 32960 40992 49280 57344 66304 82176 82432 132608 134144 147968 264193 266241 282624 395264 409600
1 4099 4102 4108 8216 8240 12296 16768 28672 32864 32960 40992 49280 57344 66304 82176 82432 132608 135169 147968 151552 264193 265216 393217 394240
1 4099 4102 4108 8216 8240 12296 16768 28672 32864 32960 40992 49280 57344 66304 82176 82432 132608 147968 264193 265216 266241 282624 394240 409600
1 4099 4102 4108 8216 8240 12296 16768 28672 32864 32960 40992 49280 57344 66304 82176 82432 133121 135169 147968 151552 263680 265216 393728 395264
1 4099 4102 4108 8216 8240 12296 16768 28672 32864 32960 40992 49280 57344 66304 82176 82432 135169 147968 151552 263680 264193 265216 393217 393728
1 4099 4102 4108 8216 8240 12296 16768 28672 32864 32960 40992 49280 57344 66304 82176 86016 132608 133121 134144 197120 200704 266241 393217 397312
1 4099 4102 4108 8216 8240 12296 16768 28672 32864 32960 40992 49280 57344 66304 82176 86016 132608 133121 134144 197120 266241 331776 393217 458752
1 4099 4102 4108 8216 8240 12296 16768 28672 32864 32960 40992 49280 57344 66304 82176 86016 132608 133121 135169 197120 200704 265216 394240 395264
1 4099 4102 4108 8216 8240 12296 16768 28672 32864 32960 40992 49280 57344 66304 82176 86016 132608 134144 135169 197120 200704 264193 393217 395264
1 4099 4102 4108 8216 8240 12296 16768 28672 32864 32960 40992 49280 57344 66304 82176 86016 132608 134144 197120 200704 264193 266241 395264 397312
1 4099 4102 4108 8216 8240 12296 16768 28672 32864 32960 40992 49280 57344 66304 82176 86016 132608 134144 197120 264193 266241 331776 395264 458752
1 4099 4102 4108 8216 8240 12296 16768 28672 32864 32960 40992 49280 57344 66304 82176 86016 132608 135169 197120 200704 264193 265216 393217 394240
1 4099 4102 4108 8216 8240 12296 16768 28672 32864 32960 40992 49280 57344 66304 82176 86016 133121 135169 197120 200704 263680 265216 393728 395264
1 4099 4102 4108 8216 8240 12296 16768 28672 32864 32960 40992 49280 57344 66304 82176 86016 135169 197120 200704 263680 264193 265216 393217 393728
1 4099 4102 4108 8216 8240 12296 16768 28672 32864 32960 40992 49280 57344 66304 82176 132608 133121 134144 151552 197120 212992 266241 393217 397312
1 4099 4102 4108 8216 8240 12296 16768 28672 32864 32960 40992 49280 57344 66304 82176 132608 133121 134144 197120 212992 266241 282624 393217 409600
1 4099 4102 4108 8216 8240 12296 16768 28672 32864 32960 40992 49280 57344 66304 82176 132608 133121 134144 197120 266241 282624 344064 393217 458752
1 4099 4102 4108 8216 8240 12296 16768 28672 32864 32960 40992 49280 57344 66304 82176 132608 133121 135169 151552 197120 212992 265216 394240 395264
1 4099 4102 4108 8216 8240 12296 16768 28672 32864 32960 40992 49280 57344 66304 82176 132608 134144 135169 151552 197120 212992 264193 393217 395264
1 4099 4102 4108 8216 8240 12296 16768 28672 32864 32960 40992 49280 57344 66304 82176 132608 134144 151552 197120 212992 264193 266241 395264 397312
1 4099 4102 4108 8216 8240 12296 16768 28672 32864 32960 40992 49280 57344 66304 82176 132608 134144 197120 212992 264193 266241 282624 395264 409600
1 4099 4102 4108 8216 8240 12296 16768 28672 32864 32960 40992 49280 57344 66304 82176 132608 134144 197120 264193 266241 282624 344064 395264 458752
1 4099 4102 4108 8216 8240 12296 16768 28672 32864 32960 40992 49280 57344 66304 82176 132608 135169 151552 197120 212992 264193 265216 393217 394240
1 4099 4102 4108 8216 8240 12296 16768 28672 32864 32960 40992 49280 57344 66304 82176 132608 197120 197632 264193 265216 266241 282624 328704 344064
1 4099 4102 4108 8216 8240 12296 16768 28672 32864 32960 40992 49280 57344 66304 82176 132608 197120 212992 264193 265216 266241 282624 394240 409600
1 4099 4102 4108 8216 8240 12296 16768 28672 32864 32960 40992 49280 57344 66304 82176 132608 197120 264193 265216 266241 282624 344064 394240 458752
1 4099 4102 4108 8216 8240 12296 16768 28672 32864 32960 40992 49280 57344 66304 82176 133121 134144 135169 151552 197120 212992 263680 393728 394240
1 4099 4102 4108 8216 8240 12296 16768 28672 32864 32960 40992 49280 57344 66304 82176 133121 135169 151552 197120 212992 263680 265216 393728 395264
1 4099 4102 4108 8216 8240 12296 16768 28672 32864 32960 40992 49280 57344 66304 82176 135169 151552 197120 212992 263680 264193 265216 393217 393728
1 4099 4102 4108 8216 8240 12296 16768 28672 32864 32960 40992 49280 57344 67072 82176 131840 196864 197120 264193 265216 266241 282624 328704 344064
1 4099 4102 4108 8216 8240 12296 16768 28672 32864 32960 40992 49280 57344 82176 86016 131840 132608 196864 197632 264193 265216 266241 328704 331776
1 4099 4102 4108 8216 8240 12296 16768 28672 32864 32960 40992 49280 57344 82176 86016 131840 132608 196864 264193 265216 266241 331776 394240 458752
1 4099 4102 4108 8216 8240 12296 16768 28672 32864 32960 40992 49280 57344 82176 131840 132608 196864 197632 264193 265216 266241 282624 328704 344064
1 4099 4102 4108 8216 8240 12296 16768 28672 32864 32960 40992 49280 57344 82176 131840 132608 196864 212992 264193 265216 266241 282624 394240 409600
1 4099 4102 4108 8216 8240 12296 16768 28672 32864 32960 40992 49280 57344 82176 131840 132608 196864 264193 265216 266241 282624 344064 394240 458752
1 4099 4102 4108 8216 8240 12296 17152 17920 28672 32864 32960 40992 57344 65920 82176 98432 114688 133121 134144 135169 148480 282624 397312 409600
1 4099 4102 4108 8216 8240 12296 17152 17920 28672 32864 32960 40992 57344 65920 82176 98432 114688 133121 134144 148480 151552 266241 393217 397312
1 4099 4102 4108 8216 8240 12296 17152 17920 28672 32864 32960 40992 57344 65920 82176 98432 114688 133121 134144 148480 266241 282624 393217 409600
1 4099 4102 4108 8216 8240 12296 17152 17920 28672 32864 32960 40992 57344 65920 82176 98432 114688 133121 135169 148480 151552 265216 394240 395264
1 4099 4102 4108 8216 8240 12296 17152 17920 28672 32864 32960 40992 57344 65920 82176 98432 114688 134144 135169 148480 151552 264193 393217 395264
1 4099 4102 4108 8216 8240 12296 17152 17920 28672 32864 32960 40992 57344 65920 82176 98432 114688 134144 148480 151552 264193 266241 395264 397312
1 4099 4102 4108 8216 8240 12296 17152 17920 28672 32864 32960 40992 57344 65920 82176 98432 114688 134144 148480 264193 266241 282624 395264 409600
1 4099 4102 4108 8216 8240 12296 17152 17920 28672 32864 32960 40992 57344 65920 82176 98432 114688 135169 148480 151552 264193 265216 393217 394240
1 4099 4102 4108 8216 8240 12296 17152 17920 28672 32864 32960 40992 57344 65920 82176 98432 114688 148480 151552 264193 265216 266241 394240 397312
1 4099 4102 4108 8216 8240 12296 17152 17920 28672 32864 40992 57344 65728 65920 82176 98368 114688 133121 134144 135169 148480 282624 397312 409600
1 4099 4102 4108 8216 8240 12296 17152 17920 28672 32864 40992 57344 65728 65920 82176 98368 114688 133121 134144 148480 151552 266241 393217 397312
1 4099 4102 4108 8216 8240 12296 17152 17920 28672 32864 40992 57344 65728 65920 82176 98368 114688 133121 134144 148480 266241 282624 393217 409600
1 4099 4102 4108 8216 8240 12296 17152 17920 28672 32864 40992 57344 65728 65920 82176 98368 114688 133121 135169 148480 151552 265216 394240 395264
1 4099 4102 4108 8216 8240 12296 17152 17920 28672 32864 40992 57344 65728 65920 82176 98368 114688 134144 135169 148480 151552 264193 393217 395264
1 4099 4102 4108 8216 8240 12296 17152 17920 28672 32864 40992 57344 65728 65920 82176 98368 114688 134144 148480 151552 264193 266241 395264 397312
1 4099 4102 4108 8216 8240 12296 17152 17920 28672 32864 40992 57344 65728 65920 82176 98368 114688 134144 148480 264193 266241 282624 395264 409600
1 4099 4102 4108 8216 8240 12296 17152 17920 28672 32864 40992 57344 65728 65920 82176 98368 114688 135169 148480 151552 264193 265216 393217 394240
1 4099 4102 4108 8216 8240 12296 17152 17920 28672 32864 40992 57344 65728 65920 82176 98368 114688 148480 151552 264193 265216 266241 394240 397312
1 4099 4102 4108 8216 8240 12296 17152 17920 28672 32960 33152 41024 49408 57344 65632 73760 73792 133121 134144 135169 148480 282624 397312 409600
1 4099 4102 4108 8216 8240 12296 17152 17920 28672 32960 33152 41024 49408 57344 65632 73760 73792 133121 134144 148480 151552 266241 393217 397312
1 4099 4102 4108 8216 8240 12296 17152 17920 28672 32960 33152 41024 49408 57344 65632 73760 73792 133121 134144 148480 266241 282624 393217 409600
1 4099 4102 4108 8216 8240 12296 17152 17920 28672 32960 33152 41024 49408 57344 65632 73760 73792 133121 135169 148480 151552 265216 394240 395264
1 4099 4102 4108 8216 8240 12296 17152 17920 28672 32960 33152 41024 49408 57344 65632 73760 73792 134144 135169 148480 151552 264193 393217 395264
1 4099 4102 4108 8216 8240 12296 17152 17920 28672 32960 33152 41024 49408 57344 65632 73760 73792 134144 148480 151552 264193 266241 395264 397312
1 4099 4102 4108 8216 8240 12296 17152 17920 28672 32960 33152 41024 49408 57344 65632 73760 73792 134144 148480 264193 266241 282624 395264 409600
1 4099 4102 4108 8216 8240 12296 17152 17920 28672 32960 33152 41024 49408 57344 65632 73760 73792 135169 148480 151552 264193 265216 393217 394240
1 4099 4102 4108 8216 8240 12296 17152 17920 28672 32960 33152 41024 49408 57344 65632 73760 73792 148480 151552 264193 265216 266241 394240 397312
1 4099 4102 4108 8216 8240 12296 17152 17920 28672 32960 33152 49408 57344 65632 73760 98368 106496 133121 134144 135169 148480 282624 397312 409600
1 4099 4102 4108 8216 8240 12296 17152 17920 28672 32960 33152 49408 57344 65632 73760 98368 106496 133121 134144 148480 151552 266241 393217 397312
1 4099 4102 4108 8216 8240 12296 17152 17920 28672 32960 33152 49408 57344 65632 73760 98368 106496 133121 134144 148480 266241 282624 393217 409600
1 4099 4102 4108 8216 8240 12296 17152 17920 28672 32960 33152 49408 57344 65632 73760 98368 106496 133121 135169 148480 151552 265216 394240 395264
1 4099 4102 4108 8216 8240 12296 17152 17920 28672 32960 33152 49408 57344 65632 73760 98368 106496 134144 135169 148480 151552 264193 393217 395264
1 4099 4102 4108 8216 8240 12296 17152 17920 28672 32960 33152 49408 57344 65632 73760 98368 106496 134144 148480 151552 264193 266241 395264 397312
1 4099 4102 4108 8216 8240 12296 17152 17920 28672 32960 33152 49408 57344 65632 73760 98368 106496 134144 148480 264193 266241 282624 395264 409600
1 4099 4102 4108 8216 8240 12296 17152 17920 28672 32960 33152 49408 57344 65632 73760 98368 106496 135169 148480 151552 264193 265216 393217 394240
1 4099 4102 4108 8216 8240 12296 17152 17920 28672 32960 33152 49408 57344 65632 73760 98368 106496 148480 151552 264193 265216 266241 394240 397312
1 4099 4102 4108 8216 8240 12296 17152 17920 28672 33152 49408 57344 65632 65728 73760 98432 106496 133121 134144 135169 148480 282624 397312 409600
1 4099 4102 4108 8216 8240 12296 17152 17920 28672 33152 49408 57344 65632 65728 73760 98432 106496 133121 134144 148480 151552 266241 393217 397312
1 4099 4102 4108 8216 8240 12296 17152 17920 28672 33152 49408 57344 65632 65728 73760 98432 106496 133121 134144 148480 266241 282624 393217 409600
1 4099 4102 4108 8216 8240 12296 17152 17920 28672 33152 49408 57344 65632 65728 73760 98432 106496 133121 135169 148480 151552 265216 394240 395264
1 4099 4102 4108 8216 8240 12296 17152 17920 28672 33152 49408 57344 65632 65728 73760 98432 106496 134144 135169 148480 151552 264193 393217 395264
1 4099 4102 4108 8216 8240 12296 17152 17920 28672 33152 49408 57344 65632 65728 73760 98432 106496 134144 148480 151552 264193 266241 395264 397312
1 4099 4102 4108 8216 8240 12296 17152 17920 28672 33152 49408 57344 65632 65728 73760 98432 106496 134144 148480 264193 266241 282624 395264 409600
1 4099 4102 4108 8216 8240 12296 17152 17920 28672 33152 49408 57344 65632 65728 73760 98432 106496 135169 148480 151552 264193 265216 393217 394240
1 4099 4102 4108 8216 8240 12296 17152 17920 28672 33152 49408 57344 65632 65728 73760 98432 106496 148480 151552 264193 265216 266241 394240 397312
1 4099 4102 4108 8216 8240 12296 17152 28672 32864 32960 40992 49280 57344 65920 82048 82176 132608 133121 134144 147968 151552 266241 393217 397312
1 4099 4102 4108 8216 8240 12296 17152 28672 32864 32960 40992 49280 57344 65920 82048 82176 132608 133121 134144 147968 266241 282624 393217 409600
1 4099 4102 4108 8216 8240 12296 17152 28672 32864 32960 40992 49280 57344 65920 82048 82176 132608 133121 135169 147968 151552 265216 394240 395264
1 4099 4102 4108 8216 8240 12296 17152 28672 32864 32960 40992 49280 57344 65920 82048 82176 132608 134144 135169 147968 151552 264193 393217 395264
1 4099 4102 4108 8216 8240 12296 17152 28672 32864 32960 40992 49280 57344 65920 82048 82176 132608 134144 147968 151552 264193 266241 395264 397312
1 4099 4102 4108 8216 8240 12296 17152 28672 32864 32960 40992 49280 57344 65920 82048 82176 132608 134144 147968 264193 266241 282624 395264 409600
1 4099 4102 4108 8216 8240 12296 17152 28672 32864 32960 40992 49280 57344 65920 82048 82176 132608 135169 147968 151552 264193 265216 393217 394240
1 4099 4102 4108 8216 8240 12296 17152 28672 32864 32960 40992 49280 57344 65920 82048 82176 133121 135169 147968 151552 263680 265216 393728 395264
1 4099 4102 4108 8216 8240 12296 17152 28672 32864 32960 40992 49280 57344 65920 82048 82176 135169 147968 151552 263680 264193 265216 393217 393728
1 4099 4102 4108 8216 8240 12296 17152 28672 32864 32960 40992 57344 65920 82176 98432 114688 132608 133121 134144 147968 151552 266241 393217 397312
1 4099 4102 4108 8216 8240 12296 17152 28672 32864 32960 40992 57344 65920 82176 98432 114688 132608 133121 134144 147968 266241 282624 393217 409600
1 4099 4102 4108 8216 8240 12296 17152 28672 32864 32960 40992 57344 65920 82176 98432 114688 132608 133121 135169 147968 151552 265216 394240 395264
1 4099 4102 4108 8216 8240 12296 17152 28672 32864 32960 40992 57344 65920 82176 98432 114688 132608 134144 135169 147968 151552 264193 393217 395264
1 4099 4102 4108 8216 8240 12296 17152 28672 32864 32960 40992 57344 65920 82176 98432 114688 132608 134144 147968 151552 264193 266241 395264 397312
1 4099 4102 4108 8216 8240 12296 17152 28672 32864 32960 40992 57344 65920 82176 98432 114688 132608 134144 147968 264193 266241 282624 395264 409600
1 4099 4102 4108 8216 8240 12296 17152 28672 32864 32960 40992 57344 65920 82176 98432 114688 132608 135169 147968 151552 264193 265216 393217 394240
1 4099 4102 4108 8216 8240 12296 17152 28672 32864 32960 40992 57344 65920 82176 98432 114688 133121 135169 147968 151552 263680 265216 393728 395264
1 4099 4102 4108 8216 8240 12296 17152 28672 32864 32960 40992 57344 65920 82176 98432 114688 135169 147968 151552 263680 264193 265216 393217 393728
1 4099 4102 4108 8216 8240 12296 17152 28672 32864 40992 57344 65728 65920 82176 98368 114688 132608 133121 134144 147968 151552 266241 393217 397312
1 4099 4102 4108 8216 8240 12296 17152 28672 32864 40992 57344 65728 65920 82176 98368 114688 132608 133121 134144 147968 266241 282624 393217 409600
1 4099 4102 4108 8216 8240 12296 17152 28672 32864 40992 57344 65728 65920 82176 98368 114688 132608 133121 135169 147968 151552 265216 394240 395264
1 4099 4102 4108 8216 8240 12296 17152 28672 32864 40992 57344 65728 65920 82176 98368 114688 132608 134144 135169 147968 151552 264193 393217 395264
1 4099 4102 4108 8216 8240 12296 17152 28672 32864 40992 57344 65728 65920 82176 98368 114688 132608 134144 147968 151552 264193 266241 395264 397312
1 4099 4102 4108 8216 8240 12296 17152 28672 32864 40992 57344 65728 65920 82176 98368 114688 132608 134144 147968 264193 266241 282624 395264 409600
1 4099 4102 4108 8216 8240 12296 17152 28672 32864 40992 57344 65728 65920 82176 98368 114688 132608 135169 147968 151552 264193 265216 393217 394240
1 4099 4102 4108 8216 8240 12296 17152 28672 32864 40992 57344 65728 65920 82176 98368 114688 133121 135169 147968 151552 263680 265216 393728 395264
1 4099 4102 4108 8216 8240 12296 17152 28672 32864 40992 57344 65728 65920 82176 98368 114688 135169 147968 151552 263680 264193 265216 393217 393728
1 4099 4102 4108 8216 8240 12296 17152 28672 32960 33152 41024 49408 57344 65632 73760 73792 132608 134144 147968 151552 264193 266241 395264 397312
1 4099 4102 4108 8216 8240 12296 17152 28672 32960 33152 41024 49408 57344 65632 73760 73792 132608 134144 147968 264193 266241 282624 395264 409600
1 4099 4102 4108 8216 8240 12296 17152 28672 32960 33152 49408 57344 65632 73760 98368 106496 132608 133121 134144 147968 151552 266241 393217 397312
1 4099 4102 4108 8216 8240 12296 17152 28672 32960 33152 49408 57344 65632 73760 98368 106496 132608 133121 134144 147968 266241 282624 393217 409600
1 4099 4102 4108 8216 8240 12296 17152 28672 32960 33152 49408 57344 65632 73760 98368 106496 132608 133121 135169 147968 151552 265216 394240 395264
1 4099 4102 4108 8216 8240 12296 17152 28672 32960 33152 49408 57344 65632 73760 98368 106496 132608 134144 135169 147968 151552 264193 393217 395264
1 4099 4102 4108 8216 8240 12296 17152 28672 32960 33152 49408 57344 65632 73760 98368 106496 132608 134144 147968 151552 264193 266241 395264 397312
1 4099 4102 4108 8216 8240 12296 17152 28672 32960 33152 49408 57344 65632 73760 98368 106496 132608 134144 147968 264193 266241 282624 395264 409600
1 4099 4102 4108 8216 8240 12296 17152 28672 32960 33152 49408 57344 65632 73760 98368 106496 132608 135169 147968 151552 264193 265216 393217 394240
1 4099 4102 4108 8216 8240 12296 17152 28672 32960 33152 49408 57344 65632 73760 98368 106496 133121 135169 147968 151552 263680 265216 393728 395264
1 4099 4102 4108 8216 8240 12296 17152 28672 32960 33152 49408 57344 65632 73760 98368 106496 135169 147968 151552 263680 264193 265216 393217 393728
1 4099 4102 4108 8216 8240 12296 17152 28672 33152 49408 57344 65632 65728 73760 98432 106496 132608 133121 134144 147968 151552 266241 393217 397312
1 4099 4102 4108 8216 8240 12296 17152 28672 33152 49408 57344 65632 65728 73760 98432 106496 132608 133121 134144 147968 266241 282624 393217 409600
1 4099 4102 4108 8216 8240 12296 17152 28672 33152 49408 57344 65632 65728 73760 98432 106496 132608 133121 135169 147968 151552 265216 394240 395264
1 4099 4102 4108 8216 8240 12296 17152 28672 33152 49408 57344 65632 65728 73760 98432 106496 132608 134144 135169 147968 151552 264193 393217 395264
1 4099 4102 4108 8216 8240 12296 17152 28672 33152 49408 57344 65632 65728 73760 98432 106496 132608 134144 147968 151552 264193 266241 395264 397312
1 4099 4102 4108 8216 8240 12296 17152 28672 33152 49408 57344 65632 65728 73760 98432 106496 132608 134144 147968 264193 266241 282624 395264 409600
1 4099 4102 4108 8216 8240 12296 17152 28672 33152 49408 57344 65632 65728 73760 98432 106496 132608 135169 147968 151552 264193 265216 393217 394240
1 4099 4102 4108 8216 8240 12296 17152 28672 33152 49408 57344 65632 65728 73760 98432 106496 133121 135169 147968 151552 263680 265216 393728 395264
1 4099 4102 4108 8216 8240 12296 17152 28672 33152 49408 57344 65632 65728 73760 98432 106496 135169 147968 151552 263680 264193 265216 393217 393728
1 4099 4102 4108 8216 8240 12296 17920 18433 19456 28672 32864 32960 40992 57344 65920 66304 98432 114688 147968 197120 212992 266241 278529 282624
1 4099 4102 4108 8216 8240 12296 17920 18433 19456 28672 32864 32960 40992 57344 65920 82432 98432 114688 131840 196864 197120 266241 278529 282624
1 4099 4102 4108 8216 8240 12296 17920 18433 19456 28672 32864 32960 40992 57344 65920 98432 114688 131840 147968 196864 212992 266241 278529 282624
1 4099 4102 4108 8216 8240 12296 17920 18433 19456 28672 32864 32960 40992 57344 66304 82432 98432 114688 131456 196736 196864 266241 278529 282624
1 4099 4102 4108 8216 8240 12296 17920 18433 19456 28672 32864 32960 40992 57344 66304 82432 114688 131456 163968 196864 229376 266241 278529 282624
1 4099 4102 4108 8216 8240 12296 17920 18433 19456 28672 32864 32960 40992 57344 82432 98432 114688 131456 131840 196736 197120 266241 278529 282624
1 4099 4102 4108 8216 8240 12296 17920 18433 19456 28672 32864 32960 40992 57344 82432 114688 131456 131840 163968 197120 229376 266241 278529 282624
1 4099 4102 4108 8216 8240 12296 17920 18433 19456 28672 32864 32960 40992 57344 98432 114688 131456 131840 147968 196736 212992 266241 278529 282624
1 4099 4102 4108 8216 8240 12296 17920 18433 19456 28672 32864 32960 40992 57344 114688 131456 131840 147968 163968 212992 229376 266241 278529 282624
1 4099 4102 4108 8216 8240 12296 17920 18433 19456 28672 32864 40992 57344 65728 65920 98368 114688 131840 147968 196864 212992 266241 278529 282624
1 4099 4102 4108 8216 8240 12296 17920 18433 19456 28672 32864 40992 57344 66304 82432 114688 131264 131456 163904 196864 229376 266241 278529 282624
1 4099 4102 4108 8216 8240 12296 17920 18433 19456 28672 32960 33152 57344 66304 82432 98560 114688 135169 147457 151552 262240 270368 294976 303104
1 4099 4102 4108 8216 8240 12296 17920 18433 19456 28672 33152 33536 57344 82432 98816 114688 135169 147457 151552 262240 262336 270368 295040 303104
1 4099 4102 4108 8216 8240 12296 17920 18433 19456 28672 33152 49664 57344 66304 98560 98816 131168 131264 139296 163968 172032 266241 278529 282624
1 4099 4102 4108 8216 8240 12296 17920 18433 19456 28672 33152 57344 66304 82432 98560 114688 135169 147457 151552 262240 262336 270368 295040 303104
1 4099 4102 4108 8216 8240 12296 17920 18433 19456 28672 33536 49664 57344 65728 65920 98560 106496 131168 139296 196672 204800 266241 278529 282624
1 4099 4102 4108 8216 8240 12296 17920 18433 19456 28672 33536 49664 57344 65728 65920 98560 131168 139296 172032 196672 229376 266241 278529 282624
1 4099 4102 4108 8216 8240 12296 17920 18433 19456 28672 33536 49664 57344 65920 98432 98560 131168 131264 139296 163968 172032 266241 278529 282624
1 4099 4102 4108 8216 8240 12296 17920 18433 19456 28672 33536 49664 57344 65920 98560 106496 131168 131264 139296 196736 204800 266241 278529 282624
1 4099 4102 4108 8216 8240 12296 17920 18433 19456 28672 33536 49664 57344 65920 98560 131168 131264 139296 172032 196736 229376 266241 278529 282624
1 4099 4102 4108 8216 8240 12296 17920 18433 19456 28672 40992 57344 65920 66304 82432 98432 114688 135169 147457 151552 262240 262336 294944 295040
1 4099 4102 4108 8216 8240 12296 17920 18433 19456 28672 40992 57344 65920 66304 82432 114688 131168 131264 163872 196736 229376 266241 278529 282624
1 4099 4102 4108 8216 8240 12296 17920 18433 19456 28672 49664 57344 65920 66304 98432 98816 131168 131264 139296 163968 172032 266241 278529 282624
1 4099 4102 4108 8216 8240 12296 17920 18433 19456 28672 49664 57344 65920 66304 98816 106496 131168 131264 139296 196736 204800 266241 278529 282624
1 4099 4102 4108 8216 8240 12296 17920 18433 19456 28672 49664 57344 65920 66304 98816 131168 131264 139296 172032 196736 229376 266241 278529 282624
1 4099 4102 4108 8216 8240 12296 17920 18433 19456 28672 57344 65920 66304 82432 98432 114688 135169 147457 151552 262240 262336 270368 295040 303104
1 4099 4102 4108 8216 8240 12296 17920 18433 19456 28672 57344 65920 66304 82432 106496 114688 131168 131264 139296 196736 204800 266241 278529 282624
1 4099 4102 4108 8216 8240 12296 17920 18433 19456 28672 57344 65920 66304 82432 114688 131168 131264 139296 172032 196736 229376 266241 278529 282624
1 4099 4102 4108 8216 8240 12296 17920 18433 20481 28672 32864 32960 40992 57344 65920 66304 82432 98432 114688 134144 148480 280576 395264 409600
1 4099 4102 4108 8216 8240 12296 17920 18433 20481 28672 32864 32960 40992 57344 65920 66304 82432 98432 114688 148480 149504 265216 394240 395264
1 4099 4102 4108 8216 8240 12296 17920 18433 20481 28672 32864 32960 40992 57344 65920 66304 82432 98432 114688 148480 265216 280576 394240 409600
1 4099 4102 4108 8216 8240 12296 17920 18433 20481 28672 32864 32960 40992 57344 65920 66304 82432 114688 163968 196736 229376 265216 279552 280576
1 4099 4102 4108 8216 8240 12296 17920 18433 20481 28672 32864 32960 40992 57344 65920 66304 98432 114688 147968 197120 212992 265216 279552 280576
1 4099 4102 4108 8216 8240 12296 17920 18433 20481 28672 32864 32960 40992 57344 65920 82432 98432 114688 131840 196864 197120 265216 279552 280576
1 4099 4102 4108 8216 8240 12296 17920 18433 20481 28672 32864 32960 40992 57344 65920 98432 114688 131840 147968 196864 212992 265216 279552 280576
1 4099 4102 4108 8216 8240 12296 17920 18433 20481 28672 32864 32960 40992 57344 66304 82432 98432 114688 131456 196736 196864 265216 279552 280576
1 4099 4102 4108 8216 8240 12296 17920 18433 20481 28672 32864 32960 40992 57344 66304 82432 114688 131456 163968 196864 229376 265216 279552 280576
1 4099 4102 4108 8216 8240 12296 17920 18433 20481 28672 32864 32960 40992 57344 82432 98432 114688 131456 131840 196736 197120 265216 279552 280576
1 4099 4102 4108 8216 8240 12296 17920 18433 20481 28672 32864 32960 40992 57344 82432 114688 131456 131840 163968 197120 229376 265216 279552 280576
1 4099 4102 4108 8216 8240 12296 17920 18433 20481 28672 32864 32960 40992 57344 98432 114688 131456 131840 147968 196736 212992 265216 279552 280576
1 4099 4102 4108 8216 8240 12296 17920 18433 20481 28672 32864 32960 40992 57344 114688 131456 131840 147968 163968 212992 229376 265216 279552 280576
1 4099 4102 4108 8216 8240 12296 17920 18433 20481 28672 32864 32960 57344 65920 66304 82432 98432 114688 134144 148480 149504 270368 294944 303104
1 4099 4102 4108 8216 8240 12296 17920 18433 20481 28672 32864 40992 57344 65728 65920 98368 114688 131840 147968 196864 212992 265216 279552 280576
1 4099 4102 4108 8216 8240 12296 17920 18433 20481 28672 32864 40992 57344 65728 98368 114688 131456 131840 147968 196736 212992 265216 279552 280576
1 4099 4102 4108 8216 8240 12296 17920 18433 20481 28672 32864 40992 57344 65920 66304 82432 98432 114688 134144 148480 149504 262336 294976 295040
1 4099 4102 4108 8216 8240 12296 17920 18433 20481 28672 32864 40992 57344 65920 66304 82432 114688 131264 163904 196736 229376 265216 279552 280576
1 4099 4102 4108 8216 8240 12296 17920 18433 20481 28672 32864 40992 57344 66304 82432 114688 131264 131456 163904 196864 229376 265216 279552 280576
1 4099 4102 4108 8216 8240 12296 17920 18433 20481 28672 32960 33152 57344 66304 82432 98560 114688 134144 148480 149504 262240 270368 294976 303104
1 4099 4102 4108 8216 8240 12296 17920 18433 20481 28672 32960 40992 57344 65920 66304 82432 98432 114688 134144 148480 149504 262240 294944 294976
1 4099 4102 4108 8216 8240 12296 17920 18433 20481 28672 32960 57344 65920 66304 82432 98432 114688 134144 148480 149504 262240 270368 294976 303104
1 4099 4102 4108 8216 8240 12296 17920 18433 20481 28672 33152 33536 49664 57344 65632 65728 73760 98432 106496 134144 148480 280576 395264 409600
1 4099 4102 4108 8216 8240 12296 17920 18433 20481 28672 33152 33536 49664 57344 65632 65728 73760 98432 106496 148480 149504 265216 394240 395264
1 4099 4102 4108 8216 8240 12296 17920 18433 20481 28672 33152 33536 49664 57344 65632 65728 73760 98432 106496 148480 265216 280576 394240 409600
1 4099 4102 4108 8216 8240 12296 17920 18433 20481 28672 33152 33536 49664 57344 65632 65728 73760 98432 172032 204800 229376 265216 279552 280576
1 4099 4102 4108 8216 8240 12296 17920 18433 20481 28672 33152 33536 49664 57344 65632 65728 98432 106496 139296 196640 204800 265216 279552 280576
1 4099 4102 4108 8216 8240 12296 17920 18433 20481 28672 33152 33536 49664 57344 65632 65728 98432 139296 172032 196640 229376 265216 279552 280576
1 4099 4102 4108 8216 8240 12296 17920 18433 20481 28672 33152 33536 49664 57344 65632 73760 98432 106496 131264 196672 196736 265216 279552 280576
1 4099 4102 4108 8216 8240 12296 17920 18433 20481 28672 33152 33536 49664 57344 65728 73760 98432 106496 131168 196640 196672 265216 279552 280576
1 4099 4102 4108 8216 8240 12296 17920 18433 20481 28672 33152 33536 49664 57344 65728 98432 106496 131168 139296 196672 204800 265216 279552 280576
1 4099 4102 4108 8216 8240 12296 17920 18433 20481 28672 33152 33536 49664 57344 65728 98432 131168 139296 172032 196672 229376 265216 279552 280576
1 4099 4102 4108 8216 8240 12296 17920 18433 20481 28672 33152 33536 49664 57344 73760 98432 106496 131168 131264 196640 196736 265216 279552 280576
1 4099 4102 4108 8216 8240 12296 17920 18433 20481 28672 33152 33536 49664 57344 98432 106496 131168 131264 139296 196736 204800 265216 279552 280576
1 4099 4102 4108 8216 8240 12296 17920 18433 20481 28672 33152 33536 49664 57344 98432 131168 131264 139296 172032 196736 229376 265216 279552 280576
1 4099 4102 4108 8216 8240 12296 17920 18433 20481 28672 33152 33536 57344 82432 98816 114688 134144 148480 149504 262240 262336 270368 295040 303104
1 4099 4102 4108 8216 8240 12296 17920 18433 20481 28672 33152 49664 57344 66304 98560 98816 131168 131264 139296 163968 172032 265216 279552 280576
1 4099 4102 4108 8216 8240 12296 17920 18433 20481 28672 33152 57344 66304 82432 98560 114688 134144 148480 149504 262240 262336 270368 295040 303104
1 4099 4102 4108 8216 8240 12296 17920 18433 20481 28672 33536 49664 57344 65728 65920 98560 106496 131168 139296 196672 204800 265216 279552 280576
1 4099 4102 4108 8216 8240 12296 17920 18433 20481 28672 33536 49664 57344 65728 65920 98560 131168 139296 172032 196672 229376 265216 279552 280576
1 4099 4102 4108 8216 8240 12296 17920 18433 20481 28672 33536 49664 57344 65920 98432 98560 131168 131264 139296 163968 172032 265216 279552 280576
1 4099 4102 4108 8216 8240 12296 17920 18433 20481 28672 33536 49664 57344 65920 98560 106496 131168 131264 139296 196736 204800 265216 279552 280576
1 4099 4102 4108 8216 8240 12296 17920 18433 20481 28672 33536 49664 57344 65920 98560 131168 131264 139296 172032 196736 229376 265216 279552 280576
1 4099 4102 4108 8216 8240 12296 17920 18433 20481 28672 40992 57344 65632 65728 98336 114688 131456 131840 147968 196736 212992 265216 279552 280576
1 4099 4102 4108 8216 8240 12296 17920 18433 20481 28672 40992 57344 65920 66304 82432 98432 114688 134144 148480 149504 262240 262336 294944 295040
1 4099 4102 4108 8216 8240 12296 17920 18433 20481 28672 40992 57344 65920 66304 82432 114688 131168 131264 163872 196736 229376 265216 279552 280576
1 4099 4102 4108 8216 8240 12296 17920 18433 20481 28672 49664 57344 65920 66304 98432 98816 131168 131264 139296 163968 172032 265216 279552 280576
1 4099 4102 4108 8216 8240 12296 17920 18433 20481 28672 49664 57344 65920 66304 98816 106496 131168 131264 139296 196736 204800 265216 279552 280576
1 4099 4102 4108 8216 8240 12296 17920 18433 20481 28672 49664 57344 65920 66304 98816 131168 131264 139296 172032 196736 229376 265216 279552 280576
1 4099 4102 4108 8216 8240 12296 17920 18433 20481 28672 57344 65632 65728 73760 106496 114688 131456 131840 147968 196736 212992 265216 279552 280576
1 4099 4102 4108 8216 8240 12296 17920 18433 20481 28672 57344 65920 66304 82432 98432 114688 134144 148480 149504 262240 262336 270368 295040 303104
1 4099 4102 4108 8216 8240 12296 17920 18433 20481 28672 57344 65920 66304 82432 106496 114688 131168 131264 139296 196736 204800 265216 279552 280576
1 4099 4102 4108 8216 8240 12296 17920 18433 20481 28672 57344 65920 66304 82432 114688 131168 131264 139296 172032 196736 229376 265216 279552 280576
1 4099 4102 4108 8216 8240 12296 17920 18433 28672 32864 32960 40992 57344 65920 66304 82432 98432 114688 134144 148480 149504 266241 278529 282624
1 4099 4102 4108 8216 8240 12296 17920 18433 28672 33152 33536 49664 57344 65632 65728 73760 98432 106496 134144 148480 149504 266241 278529 282624
1 4099 4102 4108 8216 8240 12296 17920 19456 20481 28672 32864 32960 40992 57344 65920 66304 82432 98432 114688 133121 149504 278529 393217 409600
1 4099 4102 4108 8216 8240 12296 17920 19456 20481 28672 32864 32960 40992 57344 65920 66304 82432 98432 114688 147457 149504 264193 393217 395264
1 4099 4102 4108 8216 8240 12296 17920 19456 20481 28672 32864 32960 40992 57344 65920 66304 82432 98432 114688 149504 264193 278529 395264 409600
1 4099 4102 4108 8216 8240 12296 17920 19456 20481 28672 32864 32960 40992 57344 65920 66304 82432 114688 163968 196736 229376 264193 278529 280576
1 4099 4102 4108 8216 8240 12296 17920 19456 20481 28672 32864 32960 40992 57344 65920 66304 98432 114688 147968 197120 212992 264193 278529 280576
1 4099 4102 4108 8216 8240 12296 17920 19456 20481 28672 32864 32960 40992 57344 65920 82432 98432 114688 131840 196864 197120 264193 278529 280576
1 4099 4102 4108 8216 8240 12296 17920 19456 20481 28672 32864 32960 40992 57344 65920 98432 114688 131840 147968 196864 212992 264193 278529 280576
1 4099 4102 4108 8216 8240 12296 17920 19456 20481 28672 32864 32960 40992 57344 66304 82432 98432 114688 131456 196736 196864 264193 278529 280576
1 4099 4102 4108 8216 8240 12296 17920 19456 20481 28672 32864 32960 40992 57344 66304 82432 114688 131456 163968 196864 229376 264193 278529 280576
1 4099 4102 4108 8216 8240 12296 17920 19456 20481 28672 32864 32960 40992 57344 82432 98432 114688 131456 131840 196736 197120 264193 278529 280576
1 4099 4102 4108 8216 8240 12296 17920 19456 20481 28672 32864 32960 40992 57344 82432 114688 131456 131840 163968 197120 229376 264193 278529 280576
1 4099 4102 4108 8216 8240 12296 17920 19456 20481 28672 32864 32960 40992 57344 98432 114688 131456 131840 147968 196736 212992 264193 278529 280576
1 4099 4102 4108 8216 8240 12296 17920 19456 20481 28672 32864 32960 40992 57344 114688 131456 131840 147968 163968 212992 229376 264193 278529 280576
1 4099 4102 4108 8216 8240 12296 17920 19456 20481 28672 32864 32960 57344 65920 66304 82432 98432 114688 133121 147457 149504 270368 294944 303104
1 4099 4102 4108 8216 8240 12296 17920 19456 20481 28672 32864 40992 57344 65728 65920 98368 114688 131840 147968 196864 212992 264193 278529 280576
1 4099 4102 4108 8216 8240 12296 17920 19456 20481 28672 32864 40992 57344 65728 98368 114688 131456 131840 147968 196736 212992 264193 278529 280576
1 4099 4102 4108 8216 8240 12296 17920 19456 20481 28672 32864 40992 57344 65920 66304 82432 98432 114688 133121 147457 149504 262336 294976 295040
1 4099 4102 4108 8216 8240 12296 17920 19456 20481 28672 32864 40992 57344 65920 66304 82432 114688 131264 163904 196736 229376 264193 278529 280576
1 4099 4102 4108 8216 8240 12296 17920 19456 20481 28672 32864 40992 57344 66304 82432 114688 131264 131456 163904 196864 229376 264193 278529 280576
1 4099 4102 4108 8216 8240 12296 17920 19456 20481 28672 32960 33152 57344 66304 82432 98560 114688 133121 147457 149504 262240 270368 294976 303104
1 4099 4102 4108 8216 8240 12296 17920 19456 20481 28672 32960 40992 57344 65920 66304 82432 98432 114688 133121 147457 149504 262240 294944 294976
1 4099 4102 4108 8216 8240 12296 17920 19456 20481 28672 32960 57344 65920 66304 82432 98432 114688 133121 147457 149504 262240 270368 294976 303104
1 4099 4102 4108 8216 8240 12296 17920 19456 20481 28672 33152 33536 49664 57344 65632 65728 73760 98432 106496 133121 149504 278529 393217 409600
1 4099 4102 4108 8216 8240 12296 17920 19456 20481 28672 33152 33536 49664 57344 65632 65728 73760 98432 106496 147457 149504 264193 393217 395264
1 4099 4102 4108 8216 8240 12296 17920 19456 20481 28672 33152 33536 49664 57344 65632 65728 73760 98432 106496 149504 264193 278529 395264 409600
1 4099 4102 4108 8216 8240 12296 17920 19456 20481 28672 33152 33536 49664 57344 65632 65728 73760 98432 172032 204800 229376 264193 278529 280576
1 4099 4102 4108 8216 8240 12296 17920 19456 20481 28672 33152 33536 49664 57344 65632 65728 98432 106496 139296 196640 204800 264193 278529 280576
1 4099 4102 4108 8216 8240 12296 17920 19456 20481 28672 33152 33536 49664 57344 65632 65728 98432 139296 172032 196640 229376 264193 278529 280576
1 4099 4102 4108 8216 8240 12296 17920 19456 20481 28672 33152 33536 49664 57344 65632 73760 98432 106496 131264 196672 196736 264193 278529 280576
1 4099 4102 4108 8216 8240 12296 17920 19456 20481 28672 33152 33536 49664 57344 65728 73760 98432 106496 131168 196640 196672 264193 278529 280576
1 4099 4102 4108 8216 8240 12296 17920 19456 20481 28672 33152 33536 49664 57344 65728 98432 106496 131168 139296 196672 204800 264193 278529 280576
1 4099 4102 4108 8216 8240 12296 17920 19456 20481 28672 33152 33536 49664 57344 65728 98432 131168 139296 172032 196672 229376 264193 278529 280576
1 4099 4102 4108 8216 8240 12296 17920 19456 20481 28672 33152 33536 49664 57344 73760 98432 106496 131168 131264 196640 196736 264193 278529 280576
1 4099 4102 4108 8216 8240 12296 17920 19456 20481 28672 33152 33536 49664 57344 98432 106496 131168 131264 139296 196736 204800 264193 278529 280576
1 4099 4102 4108 8216 8240 12296 17920 19456 20481 28672 33152 33536 49664 57344 98432 131168 131264 139296 172032 196736 229376 264193 278529 280576
1 4099 4102 4108 8216 8240 12296 17920 19456 20481 28672 33152 33536 57344 82432 98816 114688 133121 147457 149504 262240 262336 270368 295040 303104
1 4099 4102 4108 8216 8240 12296 17920 19456 20481 28672 33152 49664 57344 66304 98560 98816 131168 131264 139296 163968 172032 264193 278529 280576
1 4099 4102 4108 8216 8240 12296 17920 19456 20481 28672 33152 57344 66304 82432 98560 114688 133121 147457 149504 262240 262336 270368 295040 303104
1 4099 4102 4108 8216 8240 12296 17920 19456 20481 28672 33536 49664 57344 65728 65920 98560 106496 131168 139296 196672 204800 264193 278529 280576
1 4099 4102 4108 8216 8240 12296 17920 19456 20481 28672 33536 49664 57344 65728 65920 98560 131168 139296 172032 196672 229376 264193 278529 280576
1 4099 4102 4108 8216 8240 12296 17920 19456 20481 28672 33536 49664 57344 65920 98432 98560 131168 131264 139296 163968 172032 264193 278529 280576
1 4099 4102 4108 8216 8240 12296 17920 19456 20481 28672 33536 49664 57344 65920 98560 106496 131168 131264 139296 196736 204800 264193 278529 280576
1 4099 4102 4108 8216 8240 12296 17920 19456 20481 28672 33536 49664 57344 65920 98560 131168 131264 139296 172032 196736 229376 264193 278529 280576
1 4099 4102 4108 8216 8240 12296 17920 19456 20481 28672 40992 57344 65632 65728 98336 114688 131456 131840 147968 196736 212992 264193 278529 280576
1 4099 4102 4108 8216 8240 12296 17920 19456 20481 28672 40992 57344 65920 66304 82432 98432 114688 133121 147457 149504 262240 262336 294944 295040
1 4099 4102 4108 8216 8240 12296 17920 19456 20481 28672 40992 57344 65920 66304 82432 114688 131168 131264 163872 196736 229376 264193 278529 280576
1 4099 4102 4108 8216 8240 12296 17920 19456 20481 28672 49664 57344 65920 66304 98432 98816 131168 131264 139296 163968 172032 264193 278529 280576
1 4099 4102 4108 8216 8240 12296 17920 19456 20481 28672 49664 57344 65920 66304 98816 106496 131168 131264 139296 196736 204800 264193 278529 280576
1 4099 4102 4108 8216 8240 12296 17920 19456 20481 28672 49664 57344 65920 66304 98816 131168 131264 139296 172032 196736 229376 264193 278529 280576
1 4099 4102 4108 8216 8240 12296 17920 19456 20481 28672 57344 65632 65728 73760 106496 114688 131456 131840 147968 196736 212992 264193 278529 280576
1 4099 4102 4108 8216 8240 12296 17920 19456 20481 28672 57344 65920 66304 82432 98432 114688 133121 147457 149504 262240 262336 270368 295040 303104
1 4099 4102 4108 8216 8240 12296 17920 19456 20481 28672 57344 65920 66304 82432 106496 114688 131168 131264 139296 196736 204800 264193 278529 280576
1 4099 4102 4108 8216 8240 12296 17920 19456 20481 28672 57344 65920 66304 82432 114688 131168 131264 139296 172032 196736 229376 264193 278529 280576
1 4099 4102 4108 8216 8240 12296 17920 19456 28672 32864 32960 40992 57344 65920 66304 82432 98432 114688 133121 135169 149504 282624 397312 409600
1 4099 4102 4108 8216 8240 12296 17920 19456 28672 32864 32960 40992 57344 65920 66304 82432 98432 114688 133121 147457 149504 266241 278529 282624
1 4099 4102 4108 8216 8240 12296 17920 19456 28672 32864 32960 40992 57344 65920 66304 82432 98432 114688 133121 149504 151552 266241 393217 397312
1 4099 4102 4108 8216 8240 12296 17920 19456 28672 32864 32960 40992 57344 65920 66304 82432 98432 114688 133121 149504 266241 282624 393217 409600
1 4099 4102 4108 8216 8240 12296 17920 19456 28672 32864 32960 40992 57344 65920 66304 82432 98432 114688 135169 149504 151552 264193 393217 395264
1 4099 4102 4108 8216 8240 12296 17920 19456 28672 32864 32960 40992 57344 65920 66304 82432 98432 114688 149504 151552 264193 266241 395264 397312
1 4099 4102 4108 8216 8240 12296 17920 19456 28672 32864 32960 40992 57344 65920 66304 82432 98432 114688 149504 264193 266241 282624 395264 409600
1 4099 4102 4108 8216 8240 12296 17920 19456 28672 32864 32960 40992 57344 65920 66304 82432 114688 163968 196736 229376 264193 266241 280576 282624
1 4099 4102 4108 8216 8240 12296 17920 19456 28672 32864 32960 40992 57344 65920 66304 98432 114688 147968 197120 212992 264193 266241 280576 282624
1 4099 4102 4108 8216 8240 12296 17920 19456 28672 32864 32960 40992 57344 65920 82432 98432 114688 131840 196864 197120 264193 266241 280576 282624
1 4099 4102 4108 8216 8240 12296 17920 19456 28672 32864 32960 40992 57344 65920 98432 114688 131840 147968 196864 212992 264193 266241 280576 282624
1 4099 4102 4108 8216 8240 12296 17920 19456 28672 32864 32960 40992 57344 66304 82432 98432 114688 131456 196736 196864 264193 266241 280576 282624
1 4099 4102 4108 8216 8240 12296 17920 19456 28672 32864 32960 40992 57344 66304 82432 114688 131456 163968 196864 229376 264193 266241 280576 282624
1 4099 4102 4108 8216 8240 12296 17920 19456 28672 32864 32960 40992 57344 82432 98432 114688 131456 131840 196736 197120 264193 266241 280576 282624
1 4099 4102 4108 8216 8240 12296 17920 19456 28672 32864 32960 40992 57344 82432 114688 131456 131840 163968 197120 229376 264193 266241 280576 282624
1 4099 4102 4108 8216 8240 12296 17920 19456 28672 32864 32960 40992 57344 98432 114688 131456 131840 147968 196736 212992 264193 266241 280576 282624
1 4099 4102 4108 8216 8240 12296 17920 19456 28672 32864 32960 40992 57344 114688 131456 131840 147968 163968 212992 229376 264193 266241 280576 282624
1 4099 4102 4108 8216 8240 12296 17920 19456 28672 32864 32960 57344 65920 66304 82432 98432 114688 133121 135169 149504 151552 270368 294944 303104
1 4099 4102 4108 8216 8240 12296 17920 19456 28672 32864 40992 57344 65728 65920 98368 114688 131840 147968 196864 212992 264193 266241 280576 282624
1 4099 4102 4108 8216 8240 12296 17920 19456 28672 32864 40992 57344 65728 98368 114688 131456 131840 147968 196736 212992 264193 266241 280576 282624
1 4099 4102 4108 8216 8240 12296 17920 19456 28672 32864 40992 57344 65920 66304 82432 98432 114688 133121 135169 149504 151552 262336 294976 295040
1 4099 4102 4108 8216 8240 12296 17920 19456 28672 32864 40992 57344 65920 66304 82432 114688 131264 163904 196736 229376 264193 266241 280576 282624
1 4099 4102 4108 8216 8240 12296 17920 19456 28672 32864 40992 57344 66304 82432 114688 131264 131456 163904 196864 229376 264193 266241 280576 282624
1 4099 4102 4108 8216 8240 12296 17920 19456 28672 32960 33152 41024 57344 66304 82432 98560 114688 133121 135169 149504 151552 262240 270368 270400
1 4099 4102 4108 8216 8240 12296 17920 19456 28672 32960 33152 57344 66304 82432 98560 114688 133121 135169 149504 151552 262240 270368 294976 303104
1 4099 4102 4108 8216 8240 12296 17920 19456 28672 32960 40992 57344 65920 66304 82432 98432 114688 133121 135169 149504 151552 262240 294944 294976
1 4099 4102 4108 8216 8240 12296 17920 19456 28672 32960 41024 57344 65920 66304 82432 98432 114688 133121 135169 149504 151552 262240 270368 270400
1 4099 4102 4108 8216 8240 12296 17920 19456 28672 32960 57344 65920 66304 82432 98432 114688 133121 135169 149504 151552 262240 270368 294976 303104
1 4099 4102 4108 8216 8240 12296 17920 19456 28672 33152 33536 49664 57344 65632 65728 73760 98432 106496 133121 135169 149504 282624 397312 409600
1 4099 4102 4108 8216 8240 12296 17920 19456 28672 33152 33536 49664 57344 65632 65728 73760 98432 106496 133121 147457 149504 266241 278529 282624
1 4099 4102 4108 8216 8240 12296 17920 19456 28672 33152 33536 49664 57344 65632 65728 73760 98432 106496 133121 149504 151552 266241 393217 397312
1 4099 4102 4108 8216 8240 12296 17920 19456 28672 33152 33536 49664 57344 65632 65728 73760 98432 106496 133121 149504 266241 282624 393217 409600
1 4099 4102 4108 8216 8240 12296 17920 19456 28672 33152 33536 49664 57344 65632 65728 73760 98432 106496 135169 149504 151552 264193 393217 395264
1 4099 4102 4108 8216 8240 12296 17920 19456 28672 33152 33536 49664 57344 65632 65728 73760 98432 106496 149504 151552 264193 266241 395264 397312
1 4099 4102 4108 8216 8240 12296 17920 19456 28672 33152 33536 49664 57344 65632 65728 73760 98432 106496 149504 264193 266241 282624 395264 409600
1 4099 4102 4108 8216 8240 12296 17920 19456 28672 33152 33536 49664 57344 65632 65728 73760 98432 172032 204800 229376 264193 266241 280576 282624
1 4099 4102 4108 8216 8240 12296 17920 19456 28672 33152 33536 49664 57344 65632 65728 98432 106496 139296 196640 204800 264193 266241 280576 282624
1 4099 4102 4108 8216 8240 12296 17920 19456 28672 33152 33536 49664 57344 65632 65728 98432 139296 172032 196640 229376 264193 266241 280576 282624
1 4099 4102 4108 8216 8240 12296 17920 19456 28672 33152 33536 49664 57344 65632 73760 98432 106496 131264 196672 196736 264193 266241 280576 282624
1 4099 4102 4108 8216 8240 12296 17920 19456 28672 33152 33536 49664 57344 65728 73760 98432 106496 131168 196640 196672 264193 266241 280576 282624
1 4099 4102 4108 8216 8240 12296 17920 19456 28672 33152 33536 49664 57344 65728 73792 98432 106496 131168 139296 139328 264193 266241 280576 282624
1 4099 4102 4108 8216 8240 12296 17920 19456 28672 33152 33536 49664 57344 65728 98432 106496 131168 139296 196672 204800 264193 266241 280576 282624
1 4099 4102 4108 8216 8240 12296 17920 19456 28672 33152 33536 49664 57344 65728 98432 131168 139296 172032 196672 229376 264193 266241 280576 282624
1 4099 4102 4108 8216 8240 12296 17920 19456 28672 33152 33536 49664 57344 73760 98432 106496 131168 131264 196640 196736 264193 266241 280576 282624
1 4099 4102 4108 8216 8240 12296 17920 19456 28672 33152 33536 49664 57344 98432 106496 131168 131264 139296 196736 204800 264193 266241 280576 282624
1 4099 4102 4108 8216 8240 12296 17920 19456 28672 33152 33536 49664 57344 98432 131168 131264 139296 172032 196736 229376 264193 266241 280576 282624
1 4099 4102 4108 8216 8240 12296 17920 19456 28672 33152 33536 57344 82432 98816 114688 133121 135169 149504 151552 262240 262336 270368 295040 303104
1 4099 4102 4108 8216 8240 12296 17920 19456 28672 33152 49664 57344 66304 98560 98816 131168 131264 139296 163968 172032 264193 266241 280576 282624
1 4099 4102 4108 8216 8240 12296 17920 19456 28672 33152 57344 66304 82432 98560 114688 133121 135169 149504 151552 262240 262336 270368 295040 303104
1 4099 4102 4108 8216 8240 12296 17920 19456 28672 33536 49664 57344 65728 65920 73792 98560 106496 131168 139296 139328 264193 266241 280576 282624
1 4099 4102 4108 8216 8240 12296 17920 19456 28672 33536 49664 57344 65728 65920 98560 106496 131168 139296 196672 204800 264193 266241 280576 282624
1 4099 4102 4108 8216 8240 12296 17920 19456 28672 33536 49664 57344 65728 65920 98560 131168 139296 172032 196672 229376 264193 266241 280576 282624
1 4099 4102 4108 8216 8240 12296 17920 19456 28672 33536 49664 57344 65920 98432 98560 131168 131264 139296 163968 172032 264193 266241 280576 282624
1 4099 4102 4108 8216 8240 12296 17920 19456 28672 33536 49664 57344 65920 98560 106496 131168 131264 139296 196736 204800 264193 266241 280576 282624
1 4099 4102 4108 8216 8240 12296 17920 19456 28672 33536 49664 57344 65920 98560 131168 131264 139296 172032 196736 229376 264193 266241 280576 282624
1 4099 4102 4108 8216 8240 12296 17920 19456 28672 40992 57344 65632 65728 98336 114688 131456 131840 147968 196736 212992 264193 266241 280576 282624
1 4099 4102 4108 8216 8240 12296 17920 19456 28672 40992 57344 65920 66304 82432 98432 114688 133121 135169 149504 151552 262240 262336 294944 295040
1 4099 4102 4108 8216 8240 12296 17920 19456 28672 40992 57344 65920 66304 82432 114688 131168 131264 163872 196736 229376 264193 266241 280576 282624
1 4099 4102 4108 8216 8240 12296 17920 19456 28672 49664 57344 65920 66304 98432 98816 131168 131264 139296 163968 172032 264193 266241 280576 282624
1 4099 4102 4108 8216 8240 12296 17920 19456 28672 49664 57344 65920 66304 98816 106496 131168 131264 139296 196736 204800 264193 266241 280576 282624
1 4099 4102 4108 8216 8240 12296 17920 19456 28672 49664 57344 65920 66304 98816 131168 131264 139296 172032 196736 229376 264193 266241 280576 282624
1 4099 4102 4108 8216 8240 12296 17920 19456 28672 57344 65632 65728 73760 106496 114688 131456 131840 147968 196736 212992 264193 266241 280576 282624
1 4099 4102 4108 8216 8240 12296 17920 19456 28672 57344 65920 66304 82432 98432 114688 133121 135169 149504 151552 262240 262336 270368 295040 303104
1 4099 4102 4108 8216 8240 12296 17920 19456 28672 57344 65920 66304 82432 106496 114688 131168 131264 139296 196736 204800 264193 266241 280576 282624
1 4099 4102 4108 8216 8240 12296 17920 19456 28672 57344 65920 66304 82432 114688 131168 131264 139296 172032 196736 229376 264193 266241 280576 282624
1 4099 4102 4108 8216 8240 12296 17920 20481 28672 32864 32960 40992 57344 65920 66304 82432 98432 114688 133121 134144 148480 278529 393217 409600
1 4099 4102 4108 8216 8240 12296 17920 20481 28672 32864 32960 40992 57344 65920 66304 82432 98432 114688 133121 147457 148480 265216 394240 395264
1 4099 4102 4108 8216 8240 12296 17920 20481 28672 32864 32960 40992 57344 65920 66304 82432 98432 114688 134144 147457 148480 264193 393217 395264
1 4099 4102 4108 8216 8240 12296 17920 20481 28672 32864 32960 40992 57344 65920 66304 82432 98432 114688 134144 148480 149504 264193 278529 280576
1 4099 4102 4108 8216 8240 12296 17920 20481 28672 32864 32960 40992 57344 65920 66304 82432 98432 114688 134144 148480 264193 278529 395264 409600
1 4099 4102 4108 8216 8240 12296 17920 20481 28672 32864 32960 40992 57344 65920 66304 82432 98432 114688 147457 148480 264193 265216 393217 394240
1 4099 4102 4108 8216 8240 12296 17920 20481 28672 32864 32960 40992 57344 65920 66304 82432 98432 114688 148480 264193 265216 278529 394240 409600
1 4099 4102 4108 8216 8240 12296 17920 20481 28672 32864 32960 40992 57344 65920 66304 82432 114688 163968 196736 229376 264193 265216 278529 279552
1 4099 4102 4108 8216 8240 12296 17920 20481 28672 32864 32960 40992 57344 65920 66304 98432 114688 147968 197120 212992 264193 265216 278529 279552
1 4099 4102 4108 8216 8240 12296 17920 20481 28672 32864 32960 40992 57344 65920 82432 98432 114688 131840 196864 197120 264193 265216 278529 279552
1 4099 4102 4108 8216 8240 12296 17920 20481 28672 32864 32960 40992 57344 65920 98432 114688 131840 147968 196864 212992 264193 265216 278529 279552
1 4099 4102 4108 8216 8240 12296 17920 20481 28672 32864 32960 40992 57344 66304 82432 98432 114688 131456 196736 196864 264193 265216 278529 279552
1 4099 4102 4108 8216 8240 12296 17920 20481 28672 32864 32960 40992 57344 66304 82432 114688 131456 163968 196864 229376 264193 265216 278529 279552
1 4099 4102 4108 8216 8240 12296 17920 20481 28672 32864 32960 40992 57344 82432 98432 114688 131456 131840 196736 197120 264193 265216 278529 279552
1 4099 4102 4108 8216 8240 12296 17920 20481 28672 32864 32960 40992 57344 82432 114688 131456 131840 163968 197120 229376 264193 265216 278529 279552
1 4099 4102 4108 8216 8240 12296 17920 20481 28672 32864 32960 40992 57344 98432 114688 131456 131840 147968 196736 212992 264193 265216 278529 279552
1 4099 4102 4108 8216 8240 12296 17920 20481 28672 32864 32960 40992 57344 114688 131456 131840 147968 163968 212992 229376 264193 265216 278529 279552
1 4099 4102 4108 8216 8240 12296 17920 20481 28672 32864 32960 57344 65920 66304 82432 98432 114688 133121 134144 147457 148480 270368 294944 303104
1 4099 4102 4108 8216 8240 12296 17920 20481 28672 32864 40992 57344 65728 65920 98368 114688 131840 147968 196864 212992 264193 265216 278529 279552
1 4099 4102 4108 8216 8240 12296 17920 20481 28672 32864 40992 57344 65728 98368 114688 131456 131840 147968 196736 212992 264193 265216 278529 279552
1 4099 4102 4108 8216 8240 12296 17920 20481 28672 32864 40992 57344 65920 66304 82432 98432 114688 133121 134144 147457 148480 262336 294976 295040
1 4099 4102 4108 8216 8240 12296 17920 20481 28672 32864 40992 57344 65920 66304 82432 114688 131264 163904 196736 229376 264193 265216 278529 279552
1 4099 4102 4108 8216 8240 12296 17920 20481 28672 32864 40992 57344 66304 82432 114688 131264 131456 163904 196864 229376 264193 265216 278529 279552
1 4099 4102 4108 8216 8240 12296 17920 20481 28672 32960 33152 57344 66304 82432 98560 114688 133121 134144 147457 148480 262240 270368 294976 303104
1 4099 4102 4108 8216 8240 12296 17920 20481 28672 32960 40992 57344 65920 66304 82432 98432 114688 133121 134144 147457 148480 262240 294944 294976
1 4099 4102 4108 8216 8240 12296 17920 20481 28672 32960 57344 65920 66304 82432 98432 114688 133121 134144 147457 148480 262240 270368 294976 303104
1 4099 4102 4108 8216 8240 12296 17920 20481 28672 33152 33536 49664 57344 65632 65728 73760 98432 106496 133121 134144 148480 278529 393217 409600
1 4099 4102 4108 8216 8240 12296 17920 20481 28672 33152 33536 49664 57344 65632 65728 73760 98432 106496 133121 147457 148480 265216 394240 395264
1 4099 4102 4108 8216 8240 12296 17920 20481 28672 33152 33536 49664 57344 65632 65728 73760 98432 106496 134144 147457 148480 264193 393217 395264
1 4099 4102 4108 8216 8240 12296 17920 20481 28672 33152 33536 49664 57344 65632 65728 73760 98432 106496 134144 148480 149504 264193 278529 280576
1 4099 4102 4108 8216 8240 12296 17920 20481 28672 33152 33536 49664 57344 65632 65728 73760 98432 106496 134144 148480 264193 278529 395264 409600
1 4099 4102 4108 8216 8240 12296 17920 20481 28672 33152 33536 49664 57344 65632 65728 73760 98432 106496 147457 148480 264193 265216 393217 394240
1 4099 4102 4108 8216 8240 12296 17920 20481 28672 33152 33536 49664 57344 65632 65728 73760 98432 106496 148480 264193 265216 278529 394240 409600
1 4099 4102 4108 8216 8240 12296 17920 20481 28672 33152 33536 49664 57344 65632 65728 73760 98432 172032 204800 229376 264193 265216 278529 279552
1 4099 4102 4108 8216 8240 12296 17920 20481 28672 33152 33536 49664 57344 65632 65728 98432 106496 139296 196640 204800 264193 265216 278529 279552
1 4099 4102 4108 8216 8240 12296 17920 20481 28672 33152 33536 49664 57344 65632 65728 98432 139296 172032 196640 229376 264193 265216 278529 279552
1 4099 4102 4108 8216 8240 12296 17920 20481 28672 33152 33536 49664 57344 65632 73760 98432 106496 131264 196672 196736 264193 265216 278529 279552
1 4099 4102 4108 8216 8240 12296 17920 20481 28672 33152 33536 49664 57344 65728 73760 98432 106496 131168 196640 196672 264193 265216 278529 279552
1 4099 4102 4108 8216 8240 12296 17920 20481 28672 33152 33536 49664 57344 65728 98432 106496 131168 139296 196672 204800 264193 265216 278529 279552
1 4099 4102 4108 8216 8240 12296 17920 20481 28672 33152 33536 49664 57344 65728 98432 131168 139296 172032 196672 229376 264193 265216 278529 279552
1 4099 4102 4108 8216 8240 12296 17920 20481 28672 33152 33536 49664 57344 73760 98432 106496 131168 131264 196640 196736 264193 265216 278529 279552
1 4099 4102 4108 8216 8240 12296 17920 20481 28672 33152 33536 49664 57344 98432 106496 131168 131264 139296 196736 204800 264193 265216 278529 279552
1 4099 4102 4108 8216 8240 12296 17920 20481 28672 33152 33536 49664 57344 98432 131168 131264 139296 172032 196736 229376 264193 265216 278529 279552
1 4099 4102 4108 8216 8240 12296 17920 20481 28672 33152 33536 57344 82432 98816 114688 133121 134144 147457 148480 262240 262336 270368 295040 303104
1 4099 4102 4108 8216 8240 12296 17920 20481 28672 33152 49664 57344 66304 98560 98816 131168 131264 139296 163968 172032 264193 265216 278529 279552
1 4099 4102 4108 8216 8240 12296 17920 20481 28672 33152 57344 66304 82432 98560 114688 133121 134144 147457 148480 262240 262336 270368 295040 303104
1 4099 4102 4108 8216 8240 12296 17920 20481 28672 33536 49664 57344 65728 65920 98560 106496 131168 139296 196672 204800 264193 265216 278529 279552
1 4099 4102 4108 8216 8240 12296 17920 20481 28672 33536 49664 57344 65728 65920 98560 131168 139296 172032 196672 229376 264193 265216 278529 279552
1 4099 4102 4108 8216 8240 12296 17920 20481 28672 33536 49664 57344 65920 98432 98560 131168 131264 139296 163968 172032 264193 265216 278529 279552
1 4099 4102 4108 8216 8240 12296 17920 20481 28672 33536 49664 57344 65920 98560 106496 131168 131264 139296 196736 204800 264193 265216 278529 279552
1 4099 4102 4108 8216 8240 12296 17920 20481 28672 33536 49664 57344 65920 98560 131168 131264 139296 172032 196736 229376 264193 265216 278529 279552
1 4099 4102 4108 8216 8240 12296 17920 20481 28672 40992 57344 65632 65728 98336 114688 131456 131840 147968 196736 212992 264193 265216 278529 279552
1 4099 4102 4108 8216 8240 12296 17920 20481 28672 40992 57344 65920 66304 82432 98432 114688 133121 134144 147457 148480 262240 262336 294944 295040
1 4099 4102 4108 8216 8240 12296 17920 20481 28672 40992 57344 65920 66304 82432 114688 131168 131264 163872 196736 229376 264193 265216 278529 279552
1 4099 4102 4108 8216 8240 12296 17920 20481 28672 49664 57344 65920 66304 98432 98816 131168 131264 139296 163968 172032 264193 265216 278529 279552
1 4099 4102 4108 8216 8240 12296 17920 20481 28672 49664 57344 65920 66304 98816 106496 131168 131264 139296 196736 204800 264193 265216 278529 279552
1 4099 4102 4108 8216 8240 12296 17920 20481 28672 49664 57344 65920 66304 98816 131168 131264 139296 172032 196736 229376 264193 265216 278529 279552
1 4099 4102 4108 8216 8240 12296 17920 20481 28672 57344 65632 65728 73760 106496 114688 131456 131840 147968 196736 212992 264193 265216 278529 279552
1 4099 4102 4108 8216 8240 12296 17920 20481 28672 57344 65920 66304 82432 98432 114688 133121 134144 147457 148480 262240 262336 270368 295040 303104
1 4099 4102 4108 8216 8240 12296 17920 20481 28672 57344 65920 66304 82432 106496 114688 131168 131264 139296 196736 204800 264193 265216 278529 279552
1 4099 4102 4108 8216 8240 12296 17920 20481 28672 57344 65920 66304 82432 114688 131168 131264 139296 172032 196736 229376 264193 265216 278529 279552
1 4099 4102 4108 8216 8240 12296 17920 28672 32864 32960 40992 57344 65920 66304 82432 98432 114688 133121 134144 135169 148480 282624 397312 409600
1 4099 4102 4108 8216 8240 12296 17920 28672 32864 32960 40992 57344 65920 66304 82432 98432 114688 133121 134144 147457 148480 266241 278529 282624
1 4099 4102 4108 8216 8240 12296 17920 28672 32864 32960 40992 57344 65920 66304 82432 98432 114688 133121 134144 148480 151552 266241 393217 397312
1 4099 4102 4108 8216 8240 12296 17920 28672 32864 32960 40992 57344 65920 66304 82432 98432 114688 133121 134144 148480 266241 282624 393217 409600
1 4099 4102 4108 8216 8240 12296 17920 28672 32864 32960 40992 57344 65920 66304 82432 98432 114688 133121 135169 148480 151552 265216 394240 395264
1 4099 4102 4108 8216 8240 12296 17920 28672 32864 32960 40992 57344 65920 66304 82432 98432 114688 134144 135169 148480 151552 264193 393217 395264
1 4099 4102 4108 8216 8240 12296 17920 28672 32864 32960 40992 57344 65920 66304 82432 98432 114688 134144 148480 149504 264193 266241 280576 282624
1 4099 4102 4108 8216 8240 12296 17920 28672 32864 32960 40992 57344 65920 66304 82432 98432 114688 134144 148480 151552 264193 266241 395264 397312
1 4099 4102 4108 8216 8240 12296 17920 28672 32864 32960 40992 57344 65920 66304 82432 98432 114688 134144 148480 264193 266241 282624 395264 409600
1 4099 4102 4108 8216 8240 12296 17920 28672 32864 32960 40992 57344 65920 66304 82432 98432 114688 135169 148480 151552 264193 265216 393217 394240
1 4099 4102 4108 8216 8240 12296 17920 28672 32864 32960 40992 57344 65920 66304 82432 98432 114688 148480 151552 264193 265216 266241 394240 397312
1 4099 4102 4108 8216 8240 12296 17920 28672 33152 33536 49664 57344 65632 65728 73760 98432 106496 133121 134144 135169 148480 282624 397312 409600
1 4099 4102 4108 8216 8240 12296 17920 28672 33152 33536 49664 57344 65632 65728 73760 98432 106496 133121 134144 147457 148480 266241 278529 282624
1 4099 4102 4108 8216 8240 12296 17920 28672 33152 33536 49664 57344 65632 65728 73760 98432 106496 133121 134144 148480 151552 266241 393217 397312
1 4099 4102 4108 8216 8240 12296 17920 28672 33152 33536 49664 57344 65632 65728 73760 98432 106496 133121 134144 148480 266241 282624 393217 409600
1 4099 4102 4108 8216 8240 12296 17920 28672 33152 33536 49664 57344 65632 65728 73760 98432 106496 133121 135169 148480 151552 265216 394240 395264
1 4099 4102 4108 8216 8240 12296 17920 28672 33152 33536 49664 57344 65632 65728 73760 98432 106496 134144 135169 148480 151552 264193 393217 395264
1 4099 4102 4108 8216 8240 12296 17920 28672 33152 33536 49664 57344 65632 65728 73760 98432 106496 134144 148480 149504 264193 266241 280576 282624
1 4099 4102 4108 8216 8240 12296 17920 28672 33152 33536 49664 57344 65632 65728 73760 98432 106496 134144 148480 151552 264193 266241 395264 397312
1 4099 4102 4108 8216 8240 12296 17920 28672 33152 33536 49664 57344 65632 65728 73760 98432 106496 134144 148480 264193 266241 282624 395264 409600
1 4099 4102 4108 8216 8240 12296 17920 28672 33152 33536 49664 57344 65632 65728 73760 98432 106496 135169 148480 151552 264193 265216 393217 394240
1 4099 4102 4108 8216 8240 12296 17920 28672 33152 33536 49664 57344 65632 65728 73760 98432 106496 148480 151552 264193 265216 266241 394240 397312
1 4099 4102 4108 8216 8240 12296 18433 19456 20481 28672 32864 32960 40992 57344 65920 66304 82432 98432 114688 132608 147968 279552 394240 409600
1 4099 4102 4108 8216 8240 12296 18433 19456 20481 28672 32864 32960 40992 57344 65920 66304 82432 98432 114688 147968 148480 263680 393728 394240
1 4099 4102 4108 8216 8240 12296 18433 19456 20481 28672 32864 32960 40992 57344 65920 66304 82432 98432 114688 147968 263680 279552 393728 409600
1 4099 4102 4108 8216 8240 12296 18433 19456 20481 28672 32864 32960 40992 57344 65920 66304 82432 114688 163968 196736 229376 263680 279040 279552
1 4099 4102 4108 8216 8240 12296 18433 19456 20481 28672 32864 32960 40992 57344 65920 66304 98432 114688 132608 148480 197120 344064 409600 458752
1 4099 4102 4108 8216 8240 12296 18433 19456 20481 28672 32864 32960 40992 57344 65920 66304 98432 114688 132608 197120 212992 279552 394240 409600
1 4099 4102 4108 8216 8240 12296 18433 19456 20481 28672 32864 32960 40992 57344 65920 66304 98432 114688 132608 197120 279552 344064 394240 458752
1 4099 4102 4108 8216 8240 12296 18433 19456 20481 28672 32864 32960 40992 57344 65920 66304 98432 114688 147968 197120 212992 263680 279040 279552
1 4099 4102 4108 8216 8240 12296 18433 19456 20481 28672 32864 32960 40992 57344 65920 66304 98432 114688 148480 197120 212992 263680 393728 394240
1 4099 4102 4108 8216 8240 12296 18433 19456 20481 28672 32864 32960 40992 57344 65920 66304 98432 114688 197120 212992 263680 279552 393728 409600
1 4099 4102 4108 8216 8240 12296 18433 19456 20481 28672 32864 32960 40992 57344 65920 66304 98432 114688 197120 263680 279552 344064 393728 458752
1 4099 4102 4108 8216 8240 12296 18433 19456 20481 28672 32864 32960 40992 57344 65920 66304 114688 163968 196736 229376 263680 279552 328192 344064
1 4099 4102 4108 8216 8240 12296 18433 19456 20481 28672 32864 32960 40992 57344 65920 82432 98432 114688 131840 196864 197120 263680 279040 279552
1 4099 4102 4108 8216 8240 12296 18433 19456 20481 28672 32864 32960 40992 57344 65920 98432 114688 131840 132608 148480 196864 344064 409600 458752
1 4099 4102 4108 8216 8240 12296 18433 19456 20481 28672 32864 32960 40992 57344 65920 98432 114688 131840 132608 196864 212992 279552 394240 409600
1 4099 4102 4108 8216 8240 12296 18433 19456 20481 28672 32864 32960 40992 57344 65920 98432 114688 131840 132608 196864 279552 344064 394240 458752
1 4099 4102 4108 8216 8240 12296 18433 19456 20481 28672 32864 32960 40992 57344 65920 98432 114688 131840 147968 196864 212992 263680 279040 279552
1 4099 4102 4108 8216 8240 12296 18433 19456 20481 28672 32864 32960 40992 57344 65920 98432 114688 131840 148480 196864 212992 263680 393728 394240
1 4099 4102 4108 8216 8240 12296 18433 19456 20481 28672 32864 32960 40992 57344 65920 98432 114688 131840 196864 197120 263680 279552 328192 344064
1 4099 4102 4108 8216 8240 12296 18433 19456 20481 28672 32864 32960 40992 57344 65920 98432 114688 131840 196864 212992 263680 279552 393728 409600
1 4099 4102 4108 8216 8240 12296 18433 19456 20481 28672 32864 32960 40992 57344 65920 98432 114688 131840 196864 263680 279552 344064 393728 458752
1 4099 4102 4108 8216 8240 12296 18433 19456 20481 28672 32864 32960 40992 57344 65920 98432 114688 132608 148480 196864 212992 262912 393472 393728
1 4099 4102 4108 8216 8240 12296 18433 19456 20481 28672 32864 32960 40992 57344 65920 98432 114688 148480 196864 212992 262912 263680 393472 394240
1 4099 4102 4108 8216 8240 12296 18433 19456 20481 28672 32864 32960 40992 57344 65920 98432 114688 196864 212992 262912 263680 279552 393472 409600
1 4099 4102 4108 8216 8240 12296 18433 19456 20481 28672 32864 32960 40992 57344 65920 98432 114688 196864 262912 263680 279552 344064 393472 458752
1 4099 4102 4108 8216 8240 12296 18433 19456 20481 28672 32864 32960 40992 57344 65920 114688 163968 196736 229376 262912 263680 279552 327936 344064
1 4099 4102 4108 8216 8240 12296 18433 19456 20481 28672 32864 32960 40992 57344 66304 67072 82944 114688 131456 163968 229376 327936 393472 458752
1 4099 4102 4108 8216 8240 12296 18433 19456 20481 28672 32864 32960 40992 57344 66304 67072 82944 114688 131456 196864 229376 295040 393344 425984
1 4099 4102 4108 8216 8240 12296 18433 19456 20481 28672 32864 32960 40992 57344 66304 67072 82944 114688 163968 196864 229376 262528 393344 393472
1 4099 4102 4108 8216 8240 12296 18433 19456 20481 28672 32864 32960 40992 57344 66304 67072 82944 114688 163968 229376 262528 327936 393344 458752
1 4099 4102 4108 8216 8240 12296 18433 19456 20481 28672 32864 32960 40992 57344 66304 67072 82944 114688 196864 229376 262528 295040 393472 425984
1 4099 4102 4108 8216 8240 12296 18433 19456 20481 28672 32864 32960 40992 57344 66304 67072 82944 114688 229376 262528 295040 327936 425984 458752
1 4099 4102 4108 8216 8240 12296 18433 19456 20481 28672 32864 32960 40992 57344 66304 67072 114688 131456 163968 196864 229376 279552 328704 344064
1 4099 4102 4108 8216 8240 12296 18433 19456 20481 28672 32864 32960 40992 57344 66304 82432 98432 114688 131456 196736 196864 263680 279040 279552
1 4099 4102 4108 8216 8240 12296 18433 19456 20481 28672 32864 32960 40992 57344 66304 82432 114688 131456 163968 196864 229376 263680 279040 279552
1 4099 4102 4108 8216 8240 12296 18433 19456 20481 28672 32864 32960 40992 57344 66304 82944 114688 131456 163968 196864 229376 263680 328192 328704
1 4099 4102 4108 8216 8240 12296 18433 19456 20481 28672 32864 32960 40992 57344 66304 98432 114688 131456 196736 196864 263680 279552 328192 344064
1 4099 4102 4108 8216 8240 12296 18433 19456 20481 28672 32864 32960 40992 57344 66304 114688 131456 163968 196864 229376 263680 279552 328192 344064
1 4099 4102 4108 8216 8240 12296 18433 19456 20481 28672 32864 32960 40992 57344 67072 82944 114688 131456 131840 163968 229376 328192 393728 458752
1 4099 4102 4108 8216 8240 12296 18433 19456 20481 28672 32864 32960 40992 57344 67072 82944 114688 131456 131840 197120 229376 295040 393344 425984
1 4099 4102 4108 8216 8240 12296 18433 19456 20481 28672 32864 32960 40992 57344 67072 82944 114688 131456 163968 196864 229376 262912 327936 328192
1 4099 4102 4108 8216 8240 12296 18433 19456 20481 28672 32864 32960 40992 57344 67072 82944 114688 131456 163968 197120 229376 262912 393472 393728
1 4099 4102 4108 8216 8240 12296 18433 19456 20481 28672 32864 32960 40992 57344 67072 82944 114688 131456 163968 229376 262912 328192 393472 458752
1 4099 4102 4108 8216 8240 12296 18433 19456 20481 28672 32864 32960 40992 57344 67072 82944 114688 131840 163968 197120 229376 262528 393344 393472
1 4099 4102 4108 8216 8240 12296 18433 19456 20481 28672 32864 32960 40992 57344 67072 82944 114688 131840 197120 229376 262528 295040 393472 425984
1 4099 4102 4108 8216 8240 12296 18433 19456 20481 28672 32864 32960 40992 57344 67072 82944 114688 163968 197120 229376 262528 262912 393344 393728
1 4099 4102 4108 8216 8240 12296 18433 19456 20481 28672 32864 32960 40992 57344 67072 82944 114688 163968 229376 262528 262912 328192 393344 458752
1 4099 4102 4108 8216 8240 12296 18433 19456 20481 28672 32864 32960 40992 57344 67072 82944 114688 197120 229376 262528 262912 295040 393728 425984
1 4099 4102 4108 8216 8240 12296 18433 19456 20481 28672 32864 32960 40992 57344 67072 82944 114688 229376 262528 262912 295040 328192 425984 458752
1 4099 4102 4108 8216 8240 12296 18433 19456 20481 28672 32864 32960 40992 57344 67072 114688 131456 131840 163968 197120 229376 279552 328704 344064
1 4099 4102 4108 8216 8240 12296 18433 19456 20481 28672 32864 32960 40992 57344 82432 98432 114688 131456 131840 196736 197120 263680 279040 279552
1 4099 4102 4108 8216 8240 12296 18433 19456 20481 28672 32864 32960 40992 57344 82432 114688 131456 131840 163968 197120 229376 263680 279040 279552
1 4099 4102 4108 8216 8240 12296 18433 19456 20481 28672 32864 32960 40992 57344 82944 114688 131456 131840 163968 197120 229376 263680 328192 328704
1 4099 4102 4108 8216 8240 12296 18433 19456 20481 28672 32864 32960 40992 57344 82944 114688 131456 131840 163968 229376 263680 328704 393728 458752
1 4099 4102 4108 8216 8240 12296 18433 19456 20481 28672 32864 32960 40992 57344 82944 114688 131456 163968 196864 229376 262912 263680 327936 328704
1 4099 4102 4108 8216 8240 12296 18433 19456 20481 28672 32864 32960 40992 57344 82944 114688 131456 163968 229376 262912 263680 328704 393472 458752
1 4099 4102 4108 8216 8240 12296 18433 19456 20481 28672 32864 32960 40992 57344 82944 114688 131840 132608 197632 229376 262528 295040 393472 425984
1 4099 4102 4108 8216 8240 12296 18433 19456 20481 28672 32864 32960 40992 57344 82944 114688 132608 197632 229376 262528 262912 295040 393728 425984
1 4099 4102 4108 8216 8240 12296 18433 19456 20481 28672 32864 32960 40992 57344 98432 114688 131456 131840 147968 196736 212992 263680 279040 279552
1 4099 4102 4108 8216 8240 12296 18433 19456 20481 28672 32864 32960 40992 57344 98432 114688 131456 131840 196736 197120 263680 279552 328192 344064
1 4099 4102 4108 8216 8240 12296 18433 19456 20481 28672 32864 32960 40992 57344 98432 114688 131456 131840 196736 212992 263680 279552 393728 409600
1 4099 4102 4108 8216 8240 12296 18433 19456 20481 28672 32864 32960 40992 57344 98432 114688 131456 131840 196736 263680 279552 344064 393728 458752
1 4099 4102 4108 8216 8240 12296 18433 19456 20481 28672 32864 32960 40992 57344 98432 114688 131456 196736 196864 262912 263680 279552 327936 344064
1 4099 4102 4108 8216 8240 12296 18433 19456 20481 28672 32864 32960 40992 57344 98432 114688 131456 196736 212992 262912 263680 279552 393472 409600
1 4099 4102 4108 8216 8240 12296 18433 19456 20481 28672 32864 32960 40992 57344 98432 114688 131456 196736 262912 263680 279552 344064 393472 458752
1 4099 4102 4108 8216 8240 12296 18433 19456 20481 28672 32864 32960 40992 57344 114688 131456 131840 147968 163968 212992 229376 263680 279040 279552
1 4099 4102 4108 8216 8240 12296 18433 19456 20481 28672 32864 32960 40992 57344 114688 131456 131840 163968 197120 229376 263680 279552 328192 344064
1 4099 4102 4108 8216 8240 12296 18433 19456 20481 28672 32864 32960 40992 57344 114688 131456 131840 163968 212992 229376 263680 279552 393728 409600
1 4099 4102 4108 8216 8240 12296 18433 19456 20481 28672 32864 32960 40992 57344 114688 131456 131840 163968 229376 263680 279552 344064 393728 458752
1 4099 4102 4108 8216 8240 12296 18433 19456 20481 28672 32864 32960 40992 57344 114688 131456 163968 196864 229376 262912 263680 279552 327936 344064
1 4099 4102 4108 8216 8240 12296 18433 19456 20481 28672 32864 32960 40992 57344 114688 131456 163968 212992 229376 262912 263680 279552 393472 409600
1 4099 4102 4108 8216 8240 12296 18433 19456 20481 28672 32864 32960 40992 57344 114688 131456 163968 229376 262912 263680 279552 344064 393472 458752
1 4099 4102 4108 8216 8240 12296 18433 19456 20481 28672 32864 32960 40992 57344 114688 131840 132608 148480 212992 229376 262528 295040 393472 425984
1 4099 4102 4108 8216 8240 12296 18433 19456 20481 28672 32864 32960 40992 57344 114688 132608 148480 212992 229376 262528 262912 295040 393728 425984
1 4099 4102 4108 8216 8240 12296 18433 19456 20481 28672 32864 32960 57344 65920 66304 82432 98432 114688 132608 147968 148480 270368 294944 303104
1 4099 4102 4108 8216 8240 12296 18433 19456 20481 28672 32864 32960 57344 65920 66304 98432 114688 132608 148480 197120 212992 270368 294944 303104
1 4099 4102 4108 8216 8240 12296 18433 19456 20481 28672 32864 32960 57344 65920 98432 114688 131840 132608 148480 196864 212992 270368 294944 303104
1 4099 4102 4108 8216 8240 12296 18433 19456 20481 28672 32864 32960 57344 66304 67072 82944 114688 131456 163968 196864 229376 270368 294944 303104
1 4099 4102 4108 8216 8240 12296 18433 19456 20481 28672 32864 32960 57344 67072 82944 114688 131456 131840 163968 197120 229376 270368 294944 303104
1 4099 4102 4108 8216 8240 12296 18433 19456 20481 28672 32864 40992 57344 65728 65920 98368 114688 131840 132608 148480 196864 344064 409600 458752
1 4099 4102 4108 8216 8240 12296 18433 19456 20481 28672 32864 40992 57344 65728 65920 98368 114688 131840 132608 196864 212992 279552 394240 409600
1 4099 4102 4108 8216 8240 12296 18433 19456 20481 28672 32864 40992 57344 65728 65920 98368 114688 131840 132608 196864 279552 344064 394240 458752
1 4099 4102 4108 8216 8240 12296 18433 19456 20481 28672 32864 40992 57344 65728 65920 98368 114688 131840 147968 196864 212992 263680 279040 279552
1 4099 4102 4108 8216 8240 12296 18433 19456 20481 28672 32864 40992 57344 65728 65920 98368 114688 131840 148480 196864 212992 263680 393728 394240
1 4099 4102 4108 8216 8240 12296 18433 19456 20481 28672 32864 40992 57344 65728 65920 98368 114688 131840 196864 212992 263680 279552 393728 409600
1 4099 4102 4108 8216 8240 12296 18433 19456 20481 28672 32864 40992 57344 65728 65920 98368 114688 131840 196864 263680 279552 344064 393728 458752
1 4099 4102 4108 8216 8240 12296 18433 19456 20481 28672 32864 40992 57344 65728 65920 98368 114688 132608 148480 196864 212992 262912 393472 393728
1 4099 4102 4108 8216 8240 12296 18433 19456 20481 28672 32864 40992 57344 65728 65920 98368 114688 148480 196864 212992 262912 263680 393472 394240
1 4099 4102 4108 8216 8240 12296 18433 19456 20481 28672 32864 40992 57344 65728 65920 98368 114688 196864 212992 262912 263680 279552 393472 409600
1 4099 4102 4108 8216 8240 12296 18433 19456 20481 28672 32864 40992 57344 65728 65920 98368 114688 196864 262912 263680 279552 344064 393472 458752
1 4099 4102 4108 8216 8240 12296 18433 19456 20481 28672 32864 40992 57344 65728 65920 114688 163904 196672 229376 262912 263680 279552 327936 344064
1 4099 4102 4108 8216 8240 12296 18433 19456 20481 28672 32864 40992 57344 65728 98368 114688 131456 131840 147968 196736 212992 263680 279040 279552
1 4099 4102 4108 8216 8240 12296 18433 19456 20481 28672 32864 40992 57344 65728 98368 114688 131456 131840 196736 212992 263680 279552 393728 409600
1 4099 4102 4108 8216 8240 12296 18433 19456 20481 28672 32864 40992 57344 65728 98368 114688 131456 131840 196736 263680 279552 344064 393728 458752
1 4099 4102 4108 8216 8240 12296 18433 19456 20481 28672 32864 40992 57344 65728 98368 114688 131456 196736 196864 262912 263680 279552 327936 344064
1 4099 4102 4108 8216 8240 12296 18433 19456 20481 28672 32864 40992 57344 65728 98368 114688 131456 196736 212992 262912 263680 279552 393472 409600
1 4099 4102 4108 8216 8240 12296 18433 19456 20481 28672 32864 40992 57344 65728 98368 114688 131456 196736 262912 263680 279552 344064 393472 458752
1 4099 4102 4108 8216 8240 12296 18433 19456 20481 28672 32864 40992 57344 65920 66304 82432 98432 114688 132608 147968 148480 262336 294976 295040
1 4099 4102 4108 8216 8240 12296 18433 19456 20481 28672 32864 40992 57344 65920 66304 82432 114688 131264 163904 196736 229376 263680 279040 279552
1 4099 4102 4108 8216 8240 12296 18433 19456 20481 28672 32864 40992 57344 65920 66304 98432 114688 132608 148480 197120 212992 262336 294976 295040
1 4099 4102 4108 8216 8240 12296 18433 19456 20481 28672 32864 40992 57344 65920 66304 114688 131264 163904 196736 229376 263680 279552 328192 344064
1 4099 4102 4108 8216 8240 12296 18433 19456 20481 28672 32864 40992 57344 65920 98368 114688 131264 196672 196736 262912 263680 279552 327936 344064
1 4099 4102 4108 8216 8240 12296 18433 19456 20481 28672 32864 40992 57344 65920 98432 114688 131840 132608 148480 196864 212992 262336 294976 295040
1 4099 4102 4108 8216 8240 12296 18433 19456 20481 28672 32864 40992 57344 65920 114688 131264 163904 196736 229376 262912 263680 279552 327936 344064
1 4099 4102 4108 8216 8240 12296 18433 19456 20481 28672 32864 40992 57344 66304 67072 82944 114688 131264 131456 163904 229376 327936 393472 458752
1 4099 4102 4108 8216 8240 12296 18433 19456 20481 28672 32864 40992 57344 66304 67072 82944 114688 131264 131456 196864 229376 294976 393280 425984
1 4099 4102 4108 8216 8240 12296 18433 19456 20481 28672 32864 40992 57344 66304 67072 82944 114688 131264 163904 196864 229376 262528 393344 393472
1 4099 4102 4108 8216 8240 12296 18433 19456 20481 28672 32864 40992 57344 66304 67072 82944 114688 131264 163904 229376 262528 327936 393344 458752
1 4099 4102 4108 8216 8240 12296 18433 19456 20481 28672 32864 40992 57344 66304 67072 82944 114688 131456 163904 196864 229376 262336 393280 393344
1 4099 4102 4108 8216 8240 12296 18433 19456 20481 28672 32864 40992 57344 66304 67072 82944 114688 131456 163968 196864 229376 262336 294976 295040
1 4099 4102 4108 8216 8240 12296 18433 19456 20481 28672 32864 40992 57344 66304 67072 82944 114688 131456 196864 229376 262336 294976 393344 425984
1 4099 4102 4108 8216 8240 12296 18433 19456 20481 28672 32864 40992 57344 66304 67072 82944 114688 163904 196864 229376 262336 262528 393280 393472
1 4099 4102 4108 8216 8240 12296 18433 19456 20481 28672 32864 40992 57344 66304 67072 82944 114688 163904 229376 262336 262528 327936 393280 458752
1 4099 4102 4108 8216 8240 12296 18433 19456 20481 28672 32864 40992 57344 66304 67072 82944 114688 196864 229376 262336 262528 294976 393472 425984
1 4099 4102 4108 8216 8240 12296 18433 19456 20481 28672 32864 40992 57344 66304 67072 82944 114688 229376 262336 262528 294976 327936 425984 458752
1 4099 4102 4108 8216 8240 12296 18433 19456 20481 28672 32864 40992 57344 66304 67072 114688 131264 131456 163904 196864 229376 279552 328704 344064
1 4099 4102 4108 8216 8240 12296 18433 19456 20481 28672 32864 40992 57344 66304 82432 114688 131264 131456 163904 196864 229376 263680 279040 279552
1 4099 4102 4108 8216 8240 12296 18433 19456 20481 28672 32864 40992 57344 66304 82944 114688 131264 131456 163904 196864 229376 263680 328192 328704
1 4099 4102 4108 8216 8240 12296 18433 19456 20481 28672 32864 40992 57344 66304 114688 131264 131456 163904 196864 229376 263680 279552 328192 344064
1 4099 4102 4108 8216 8240 12296 18433 19456 20481 28672 32864 40992 57344 67072 82944 114688 131264 131456 163904 196864 229376 262912 327936 328192
1 4099 4102 4108 8216 8240 12296 18433 19456 20481 28672 32864 40992 57344 67072 82944 114688 131264 131456 163904 229376 262912 328192 393472 458752
1 4099 4102 4108 8216 8240 12296 18433 19456 20481 28672 32864 40992 57344 67072 82944 114688 131264 163904 229376 262528 262912 328192 393344 458752
1 4099 4102 4108 8216 8240 12296 18433 19456 20481 28672 32864 40992 57344 67072 82944 114688 131456 131840 163968 197120 229376 262336 294976 295040
1 4099 4102 4108 8216 8240 12296 18433 19456 20481 28672 32864 40992 57344 67072 82944 114688 131456 131840 197120 229376 262336 294976 393344 425984
1 4099 4102 4108 8216 8240 12296 18433 19456 20481 28672 32864 40992 57344 67072 82944 114688 131840 197120 229376 262336 262528 294976 393472 425984
1 4099 4102 4108 8216 8240 12296 18433 19456 20481 28672 32864 40992 57344 82944 114688 131264 131456 163904 196864 229376 262912 263680 327936 328704
1 4099 4102 4108 8216 8240 12296 18433 19456 20481 28672 32864 40992 57344 82944 114688 131264 131456 163904 229376 262912 263680 328704 393472 458752
1 4099 4102 4108 8216 8240 12296 18433 19456 20481 28672 32864 40992 57344 82944 114688 131840 132608 197632 229376 262336 262528 294976 393472 425984
1 4099 4102 4108 8216 8240 12296 18433 19456 20481 28672 32864 40992 57344 98368 114688 131264 131456 196672 196864 262912 263680 279552 327936 344064
1 4099 4102 4108 8216 8240 12296 18433 19456 20481 28672 32864 40992 57344 98368 114688 131264 131456 196672 212992 262912 263680 279552 393472 409600
1 4099 4102 4108 8216 8240 12296 18433 19456 20481 28672 32864 40992 57344 98368 114688 131264 131456 196672 262912 263680 279552 344064 393472 458752
1 4099 4102 4108 8216 8240 12296 18433 19456 20481 28672 32864 40992 57344 114688 131264 131456 163904 196864 229376 262912 263680 279552 327936 344064
1 4099 4102 4108 8216 8240 12296 18433 19456 20481 28672 32864 40992 57344 114688 131264 131456 163904 212992 229376 262912 263680 279552 393472 409600
1 4099 4102 4108 8216 8240 12296 18433 19456 20481 28672 32864 40992 57344 114688 131264 131456 163904 229376 262912 263680 279552 344064 393472 458752
1 4099 4102 4108 8216 8240 12296 18433 19456 20481 28672 32864 40992 57344 114688 131840 132608 148480 212992 229376 262336 262528 294976 393472 425984
1 4099 4102 4108 8216 8240 12296 18433 19456 20481 28672 32864 57344 65728 65920 98368 114688 131840 132608 148480 196864 212992 270368 294944 303104
1 4099 4102 4108 8216 8240 12296 18433 19456 20481 28672 32864 57344 66304 67072 82944 114688 131264 131456 163904 196864 229376 270368 294944 303104
1 4099 4102 4108 8216 8240 12296 18433 19456 20481 28672 32960 33152 41024 57344 66304 67072 82944 98560 114688 131168 139328 270368 393248 401408
1 4099 4102 4108 8216 8240 12296 18433 19456 20481 28672 32960 33152 41024 57344 66304 67072 82944 98560 114688 139296 139328 262240 393248 393280
1 4099 4102 4108 8216 8240 12296 18433 19456 20481 28672 32960 33152 41024 57344 66304 67072 82944 98560 114688 139328 262240 270368 393280 401408
1 4099 4102 4108 8216 8240 12296 18433 19456 20481 28672 32960 33152 41024 57344 66304 67072 82944 114688 164096 196864 229376 262240 270368 270400
1 4099 4102 4108 8216 8240 12296 18433 19456 20481 28672 32960 33152 41024 57344 66304 67072 98560 114688 148480 197632 212992 262240 270368 270400
1 4099 4102 4108 8216 8240 12296 18433 19456 20481 28672 32960 33152 41024 57344 66304 82944 98560 114688 132608 197120 197632 262240 270368 270400
1 4099 4102 4108 8216 8240 12296 18433 19456 20481 28672 32960 33152 41024 57344 66304 98560 114688 132608 148480 197120 212992 262240 270368 270400
1 4099 4102 4108 8216 8240 12296 18433 19456 20481 28672 32960 33152 41024 57344 67072 82944 98560 114688 131840 196864 197120 262240 270368 270400
1 4099 4102 4108 8216 8240 12296 18433 19456 20481 28672 32960 33152 41024 57344 67072 82944 114688 131840 164096 197120 229376 262240 270368 270400
1 4099 4102 4108 8216 8240 12296 18433 19456 20481 28672 32960 33152 41024 57344 82944 98560 114688 131840 132608 196864 197632 262240 270368 270400
1 4099 4102 4108 8216 8240 12296 18433 19456 20481 28672 32960 33152 41024 57344 82944 114688 131840 132608 164096 197632 229376 262240 270368 270400
1 4099 4102 4108 8216 8240 12296 18433 19456 20481 28672 32960 33152 41024 57344 98560 114688 131840 132608 148480 196864 212992 262240 270368 270400
1 4099 4102 4108 8216 8240 12296 18433 19456 20481 28672 32960 33152 41024 57344 114688 131840 132608 148480 164096 212992 229376 262240 270368 270400
1 4099 4102 4108 8216 8240 12296 18433 19456 20481 28672 32960 33152 57344 66304 67072 82944 98560 114688 131168 139296 163904 303104 401408 425984
1 4099 4102 4108 8216 8240 12296 18433 19456 20481 28672 32960 33152 57344 66304 67072 82944 98560 114688 131168 163904 172032 270368 393248 401408
1 4099 4102 4108 8216 8240 12296 18433 19456 20481 28672 32960 33152 57344 66304 67072 82944 98560 114688 131168 163904 270368 303104 393248 425984
1 4099 4102 4108 8216 8240 12296 18433 19456 20481 28672 32960 33152 57344 66304 67072 82944 98560 114688 139296 163904 172032 262240 393248 393280
1 4099 4102 4108 8216 8240 12296 18433 19456 20481 28672 32960 33152 57344 66304 67072 82944 98560 114688 139328 163904 172032 262240 270368 270400
1 4099 4102 4108 8216 8240 12296 18433 19456 20481 28672 32960 33152 57344 66304 67072 82944 98560 114688 163904 172032 262240 270368 393280 401408
1 4099 4102 4108 8216 8240 12296 18433 19456 20481 28672 32960 33152 57344 66304 67072 82944 98560 114688 163904 262240 270368 303104 393280 425984
1 4099 4102 4108 8216 8240 12296 18433 19456 20481 28672 32960 33152 57344 66304 67072 82944 114688 164096 196864 229376 262240 270368 294976 303104
1 4099 4102 4108 8216 8240 12296 18433 19456 20481 28672 32960 33152 57344 66304 67072 98560 114688 148480 197632 212992 262240 270368 294976 303104
1 4099 4102 4108 8216 8240 12296 18433 19456 20481 28672 32960 33152 57344 66304 82432 98560 114688 132608 147968 148480 262240 270368 294976 303104
1 4099 4102 4108 8216 8240 12296 18433 19456 20481 28672 32960 33152 57344 66304 82944 98560 114688 132608 197120 197632 262240 270368 294976 303104
1 4099 4102 4108 8216 8240 12296 18433 19456 20481 28672 32960 33152 57344 66304 98560 114688 132608 148480 197120 212992 262240 270368 294976 303104
1 4099 4102 4108 8216 8240 12296 18433 19456 20481 28672 32960 33152 57344 67072 82944 98560 114688 131840 196864 197120 262240 270368 294976 303104
1 4099 4102 4108 8216 8240 12296 18433 19456 20481 28672 32960 33152 57344 67072 82944 114688 131840 164096 197120 229376 262240 270368 294976 303104
1 4099 4102 4108 8216 8240 12296 18433 19456 20481 28672 32960 33152 57344 82944 98560 114688 131840 132608 196864 197632 262240 270368 294976 303104
1 4099 4102 4108 8216 8240 12296 18433 19456 20481 28672 32960 33152 57344 82944 114688 131840 132608 164096 197632 229376 262240 270368 294976 303104
1 4099 4102 4108 8216 8240 12296 18433 19456 20481 28672 32960 33152 57344 98560 114688 131840 132608 148480 196864 212992 262240 270368 294976 303104
1 4099 4102 4108 8216 8240 12296 18433 19456 20481 28672 32960 33152 57344 114688 131840 132608 148480 164096 212992 229376 262240 270368 294976 303104
1 4099 4102 4108 8216 8240 12296 18433 19456 20481 28672 32960 40992 57344 65920 66304 82432 98432 114688 132608 147968 148480 262240 294944 294976
1 4099 4102 4108 8216 8240 12296 18433 19456 20481 28672 32960 40992 57344 65920 66304 98432 114688 132608 148480 197120 212992 262240 294944 294976
1 4099 4102 4108 8216 8240 12296 18433 19456 20481 28672 32960 40992 57344 65920 98432 114688 131840 132608 148480 196864 212992 262240 294944 294976
1 4099 4102 4108 8216 8240 12296 18433 19456 20481 28672 32960 40992 57344 66304 67072 82944 114688 131456 163968 196864 229376 262240 294944 294976
1 4099 4102 4108 8216 8240 12296 18433 19456 20481 28672 32960 40992 57344 67072 82944 114688 131456 131840 163968 197120 229376 262240 294944 294976
1 4099 4102 4108 8216 8240 12296 18433 19456 20481 28672 32960 41024 57344 65920 66304 98432 114688 132608 148480 197120 212992 262240 270368 270400
1 4099 4102 4108 8216 8240 12296 18433 19456 20481 28672 32960 41024 57344 65920 98432 114688 131840 132608 148480 196864 212992 262240 270368 270400
1 4099 4102 4108 8216 8240 12296 18433 19456 20481 28672 32960 41024 57344 66304 67072 82944 98560 114688 131456 163968 164096 262240 270368 270400
1 4099 4102 4108 8216 8240 12296 18433 19456 20481 28672 32960 41024 57344 66304 67072 82944 114688 131456 163968 196864 229376 262240 270368 270400
1 4099 4102 4108 8216 8240 12296 18433 19456 20481 28672 32960 41024 57344 67072 82944 114688 131456 131840 163968 197120 229376 262240 270368 270400
1 4099 4102 4108 8216 8240 12296 18433 19456 20481 28672 32960 57344 65920 66304 82432 98432 114688 132608 147968 148480 262240 270368 294976 303104
1 4099 4102 4108 8216 8240 12296 18433 19456 20481 28672 32960 57344 65920 66304 98432 114688 132608 148480 197120 212992 262240 270368 294976 303104
1 4099 4102 4108 8216 8240 12296 18433 19456 20481 28672 32960 57344 65920 98432 114688 131840 132608 148480 196864 212992 262240 270368 294976 303104
1 4099 4102 4108 8216 8240 12296 18433 19456 20481 28672 32960 57344 66304 67072 82944 98560 114688 131456 163968 164096 262240 270368 294976 303104
1 4099 4102 4108 8216 8240 12296 18433 19456 20481 28672 32960 57344 66304 67072 82944 114688 131456 163968 196864 229376 262240 270368 294976 303104
1 4099 4102 4108 8216 8240 12296 18433 19456 20481 28672 32960 57344 67072 82944 114688 131456 131840 163968 197120 229376 262240 270368 294976 303104
1 4099 4102 4108 8216 8240 12296 18433 19456 20481 28672 33152 41024 57344 66304 67072 82944 98560 114688 131264 163904 163968 262240 270368 270400
1 4099 4102 4108 8216 8240 12296 18433 19456 20481 28672 33152 57344 66304 67072 82944 98560 114688 131168 131264 139296 163968 303104 401408 425984
1 4099 4102 4108 8216 8240 12296 18433 19456 20481 28672 33152 57344 66304 67072 82944 98560 114688 131168 131264 163968 172032 270368 393248 401408
1 4099 4102 4108 8216 8240 12296 18433 19456 20481 28672 33152 57344 66304 67072 82944 98560 114688 131168 131264 163968 270368 303104 393248 425984
1 4099 4102 4108 8216 8240 12296 18433 19456 20481 28672 33152 57344 66304 67072 82944 98560 114688 131168 139296 163968 172032 262336 393280 393344
1 4099 4102 4108 8216 8240 12296 18433 19456 20481 28672 33152 57344 66304 67072 82944 98560 114688 131264 139296 163968 172032 262240 393248 393280
1 4099 4102 4108 8216 8240 12296 18433 19456 20481 28672 33152 57344 66304 67072 82944 98560 114688 131264 139328 163968 172032 262240 270368 270400
1 4099 4102 4108 8216 8240 12296 18433 19456 20481 28672 33152 57344 66304 67072 82944 98560 114688 131264 163904 163968 262240 270368 294976 303104
1 4099 4102 4108 8216 8240 12296 18433 19456 20481 28672 33152 57344 66304 67072 82944 98560 114688 131264 163968 172032 262240 270368 393280 401408
1 4099 4102 4108 8216 8240 12296 18433 19456 20481 28672 33152 57344 66304 67072 82944 98560 114688 131264 163968 262240 270368 303104 393280 425984
1 4099 4102 4108 8216 8240 12296 18433 19456 20481 28672 33152 57344 66304 67072 82944 98560 114688 139296 163968 172032 262240 262336 393248 393344
1 4099 4102 4108 8216 8240 12296 18433 19456 20481 28672 33152 57344 66304 67072 82944 98560 114688 163968 172032 262240 262336 270368 393344 401408
1 4099 4102 4108 8216 8240 12296 18433 19456 20481 28672 33152 57344 66304 67072 82944 98560 114688 163968 262240 262336 270368 303104 393344 425984
1 4099 4102 4108 8216 8240 12296 18433 19456 20481 28672 40992 57344 65632 65728 98336 114688 131456 131840 147968 196736 212992 263680 279040 279552
1 4099 4102 4108 8216 8240 12296 18433 19456 20481 28672 40992 57344 65632 65728 98336 114688 131456 131840 196736 212992 263680 279552 393728 409600
1 4099 4102 4108 8216 8240 12296 18433 19456 20481 28672 40992 57344 65632 65728 98336 114688 131456 131840 196736 263680 279552 344064 393728 458752
1 4099 4102 4108 8216 8240 12296 18433 19456 20481 28672 40992 57344 65632 65728 98336 114688 131456 196736 212992 262912 263680 279552 393472 409600
1 4099 4102 4108 8216 8240 12296 18433 19456 20481 28672 40992 57344 65632 65728 98336 114688 131456 196736 262912 263680 279552 344064 393472 458752
1 4099 4102 4108 8216 8240 12296 18433 19456 20481 28672 40992 57344 65632 98336 114688 131264 131456 196672 212992 262912 263680 279552 393472 409600
1 4099 4102 4108 8216 8240 12296 18433 19456 20481 28672 40992 57344 65632 98336 114688 131264 131456 196672 262912 263680 279552 344064 393472 458752
1 4099 4102 4108 8216 8240 12296 18433 19456 20481 28672 40992 57344 65728 65920 98368 114688 131840 132608 148480 196864 212992 262240 294944 294976
1 4099 4102 4108 8216 8240 12296 18433 19456 20481 28672 40992 57344 65728 65920 114688 131168 163872 196672 229376 262912 263680 279552 327936 344064
1 4099 4102 4108 8216 8240 12296 18433 19456 20481 28672 40992 57344 65920 66304 82432 98432 114688 132608 147968 148480 262240 262336 294944 295040
1 4099 4102 4108 8216 8240 12296 18433 19456 20481 28672 40992 57344 65920 66304 82432 114688 131168 131264 163872 196736 229376 263680 279040 279552
1 4099 4102 4108 8216 8240 12296 18433 19456 20481 28672 40992 57344 65920 66304 98432 114688 132608 148480 197120 212992 262240 262336 294944 295040
1 4099 4102 4108 8216 8240 12296 18433 19456 20481 28672 40992 57344 65920 66304 114688 131168 131264 163872 196736 229376 263680 279552 328192 344064
1 4099 4102 4108 8216 8240 12296 18433 19456 20481 28672 40992 57344 65920 98432 114688 131840 132608 148480 196864 212992 262240 262336 294944 295040
1 4099 4102 4108 8216 8240 12296 18433 19456 20481 28672 40992 57344 65920 114688 131168 131264 163872 196736 229376 262912 263680 279552 327936 344064
1 4099 4102 4108 8216 8240 12296 18433 19456 20481 28672 40992 57344 66304 67072 82944 114688 131168 131264 163872 229376 262528 327936 393344 458752
1 4099 4102 4108 8216 8240 12296 18433 19456 20481 28672 40992 57344 66304 67072 82944 114688 131168 163872 229376 262336 262528 327936 393280 458752
1 4099 4102 4108 8216 8240 12296 18433 19456 20481 28672 40992 57344 66304 67072 82944 114688 131264 131456 163904 196864 229376 262240 294944 294976
1 4099 4102 4108 8216 8240 12296 18433 19456 20481 28672 40992 57344 66304 67072 82944 114688 131264 131456 196864 229376 262240 294944 393280 425984
1 4099 4102 4108 8216 8240 12296 18433 19456 20481 28672 40992 57344 66304 67072 82944 114688 131456 163968 196864 229376 262240 262336 294944 295040
1 4099 4102 4108 8216 8240 12296 18433 19456 20481 28672 40992 57344 66304 67072 82944 114688 131456 196864 229376 262240 262336 294944 393344 425984
1 4099 4102 4108 8216 8240 12296 18433 19456 20481 28672 40992 57344 67072 82944 114688 131168 131264 163872 229376 262528 262912 328192 393344 458752
1 4099 4102 4108 8216 8240 12296 18433 19456 20481 28672 40992 57344 67072 82944 114688 131456 131840 163968 197120 229376 262240 262336 294944 295040
1 4099 4102 4108 8216 8240 12296 18433 19456 20481 28672 40992 57344 67072 82944 114688 131456 131840 197120 229376 262240 262336 294944 393344 425984
1 4099 4102 4108 8216 8240 12296 18433 19456 20481 28672 41024 57344 65728 65920 98368 114688 131840 132608 148480 196864 212992 262240 270368 270400
1 4099 4102 4108 8216 8240 12296 18433 19456 20481 28672 41024 57344 66304 67072 82944 98560 114688 131264 131456 163904 164096 262240 270368 270400
1 4099 4102 4108 8216 8240 12296 18433 19456 20481 28672 41024 57344 66304 67072 82944 114688 131264 131456 163904 196864 229376 262240 270368 270400
1 4099 4102 4108 8216 8240 12296 18433 19456 20481 28672 57344 65632 65728 73760 106496 114688 131456 131840 147968 196736 212992 263680 279040 279552
1 4099 4102 4108 8216 8240 12296 18433 19456 20481 28672 57344 65632 65728 73760 106496 114688 131456 131840 196736 212992 263680 279552 393728 409600
1 4099 4102 4108 8216 8240 12296 18433 19456 20481 28672 57344 65632 65728 73760 106496 114688 131456 131840 196736 263680 279552 344064 393728 458752
1 4099 4102 4108 8216 8240 12296 18433 19456 20481 28672 57344 65632 65728 73760 106496 114688 131456 196736 212992 262912 263680 279552 393472 409600
1 4099 4102 4108 8216 8240 12296 18433 19456 20481 28672 57344 65632 65728 73760 106496 114688 131456 196736 262912 263680 279552 344064 393472 458752
1 4099 4102 4108 8216 8240 12296 18433 19456 20481 28672 57344 65632 73760 106496 114688 131264 131456 196672 212992 262912 263680 279552 393472 409600
1 4099 4102 4108 8216 8240 12296 18433 19456 20481 28672 57344 65632 73760 106496 114688 131264 131456 196672 262912 263680 279552 344064 393472 458752
1 4099 4102 4108 8216 8240 12296 18433 19456 20481 28672 57344 65728 65920 73792 106496 114688 131168 139296 139328 262912 263680 279552 327936 344064
1 4099 4102 4108 8216 8240 12296 18433 19456 20481 28672 57344 65728 65920 98368 114688 131840 132608 148480 196864 212992 262240 270368 294976 303104
1 4099 4102 4108 8216 8240 12296 18433 19456 20481 28672 57344 65728 65920 106496 114688 131168 139296 196672 204800 262912 263680 279552 327936 344064
1 4099 4102 4108 8216 8240 12296 18433 19456 20481 28672 57344 65728 65920 114688 131168 139296 172032 196672 229376 262912 263680 279552 327936 344064
1 4099 4102 4108 8216 8240 12296 18433 19456 20481 28672 57344 65920 66304 82432 98432 114688 132608 147968 148480 262240 262336 270368 295040 303104
1 4099 4102 4108 8216 8240 12296 18433 19456 20481 28672 57344 65920 66304 82432 114688 131168 131264 139296 172032 196736 229376 263680 279040 279552
1 4099 4102 4108 8216 8240 12296 18433 19456 20481 28672 57344 65920 66304 98432 114688 132608 148480 197120 212992 262240 262336 270368 295040 303104
1 4099 4102 4108 8216 8240 12296 18433 19456 20481 28672 57344 65920 66304 114688 131168 131264 139296 172032 196736 229376 263680 279552 328192 344064
1 4099 4102 4108 8216 8240 12296 18433 19456 20481 28672 57344 65920 98432 114688 131840 132608 148480 196864 212992 262240 262336 270368 295040 303104
2 4099 4102 4108 8216 8240 12296 18433 19456 20481 28672 57344 65920 106496 114688 131168 131264 139296 196736 204800 262912 263680 279552 327936 344064
1 4099 4102 4108 8216 8240 12296 18433 19456 20481 28672 57344 65920 114688 131168 131264 139296 172032 196736 229376 262912 263680 279552 327936 344064
1 4099 4102 4108 8216 8240 12296 18433 19456 20481 28672 57344 66304 67072 82944 98560 114688 131264 131456 163904 164096 262240 270368 294976 303104
1 4099 4102 4108 8216 8240 12296 18433 19456 20481 28672 57344 66304 67072 82944 98560 114688 131264 131456 164096 262240 270368 303104 393280 425984
2 4099 4102 4108 8216 8240 12296 18433 19456 20481 28672 57344 66304 67072 82944 98560 114688 131456 163968 164096 262240 262336 270368 295040 303104
1 4099 4102 4108 8216 8240 12296 18433 19456 20481 28672 57344 66304 67072 82944 98560 114688 131456 164096 262240 262336 270368 303104 393344 425984
2 4099 4102 4108 8216 8240 12296 18433 19456 20481 28672 57344 66304 67072 82944 114688 131168 131264 139296 172032 229376 262528 327936 393344 458752
1 4099 4102 4108 8216 8240 12296 18433 19456 20481 28672 57344 66304 67072 82944 114688 131168 139296 172032 229376 262336 262528 327936 393280 458752
1 4099 4102 4108 8216 8240 12296 18433 19456 20481 28672 57344 66304 67072 82944 114688 131264 131456 163904 196864 229376 262240 270368 294976 303104
1 4099 4102 4108 8216 8240 12296 18433 19456 20481 28672 57344 66304 67072 82944 114688 131264 131456 196864 229376 262240 270368 303104 393280 425984
2 4099 4102 4108 8216 8240 12296 18433 19456 20481 28672 57344 66304 67072 82944 114688 131456 196864 229376 262240 262336 270368 303104 393344 425984
1 4099 4102 4108 8216 8240 12296 18433 19456 28672 32864 32960 40992 57344 65920 66304 82432 98432 114688 132608 147968 148480 266241 278529 282624
1 4099 4102 4108 8216 8240 12296 18433 19456 28672 32864 32960 40992 57344 65920 66304 98432 114688 132608 148480 197120 212992 266241 278529 282624
1 4099 4102 4108 8216 8240 12296 18433 19456 28672 32864 32960 40992 57344 65920 98432 114688 131840 132608 148480 196864 212992 266241 278529 282624
1 4099 4102 4108 8216 8240 12296 18433 19456 28672 32864 32960 40992 57344 66304 67072 82944 114688 131456 163968 196864 229376 266241 278529 282624
1 4099 4102 4108 8216 8240 12296 18433 19456 28672 32864 32960 40992 57344 67072 82944 114688 131456 131840 163968 197120 229376 266241 278529 282624
1 4099 4102 4108 8216 8240 12296 18433 19456 28672 32864 40992 57344 65728 65920 98368 114688 131840 132608 148480 196864 212992 266241 278529 282624
1 4099 4102 4108 8216 8240 12296 18433 19456 28672 32864 40992 57344 66304 67072 82944 114688 131264 131456 163904 196864 229376 266241 278529 282624
1 4099 4102 4108 8216 8240 12296 18433 19456 28672 32960 33152 41024 57344 66304 67072 82944 98560 114688 135169 147457 151552 262240 270368 270400
1 4099 4102 4108 8216 8240 12296 18433 19456 28672 32960 33152 57344 66304 67072 82944 98560 114688 135169 147457 151552 262240 270368 294976 303104
1 4099 4102 4108 8216 8240 12296 18433 19456 28672 33152 33536 49664 57344 65632 65728 73760 98432 106496 132608 147968 148480 266241 278529 282624
1 4099 4102 4108 8216 8240 12296 18433 19456 28672 33152 33536 57344 67072 82944 98816 114688 135169 147457 151552 262240 262336 270368 295040 303104
1 4099 4102 4108 8216 8240 12296 18433 19456 28672 33152 57344 66304 67072 82944 98560 114688 135169 147457 151552 262240 262336 270368 295040 303104
1 4099 4102 4108 8216 8240 12296 18433 19456 28672 33536 34304 50176 57344 65728 65920 73792 98560 106496 131168 139296 139328 266241 278529 282624
1 4099 4102 4108 8216 8240 12296 18433 19456 28672 33536 34304 50176 57344 65728 65920 98560 106496 131168 139296 196672 204800 266241 278529 282624
1 4099 4102 4108 8216 8240 12296 18433 19456 28672 33536 34304 50176 57344 65728 65920 98560 131168 139296 172032 196672 229376 266241 278529 282624
1 4099 4102 4108 8216 8240 12296 18433 19456 28672 33536 34304 50176 57344 65920 98560 106496 131168 131264 139296 196736 204800 266241 278529 282624
1 4099 4102 4108 8216 8240 12296 18433 19456 28672 33536 34304 50176 57344 65920 98560 131168 131264 139296 172032 196736 229376 266241 278529 282624
1 4099 4102 4108 8216 8240 12296 18433 19456 28672 34304 50176 57344 65920 66304 98816 106496 131168 131264 139296 196736 204800 266241 278529 282624
1 4099 4102 4108 8216 8240 12296 18433 19456 28672 34304 50176 57344 65920 66304 98816 131168 131264 139296 172032 196736 229376 266241 278529 282624
1 4099 4102 4108 8216 8240 12296 18433 20481 28672 32864 32960 40992 57344 65920 66304 82432 98432 114688 132608 134144 147968 280576 395264 409600
1 4099 4102 4108 8216 8240 12296 18433 20481 28672 32864 32960 40992 57344 65920 66304 82432 98432 114688 132608 147968 148480 265216 279552 280576
1 4099 4102 4108 8216 8240 12296 18433 20481 28672 32864 32960 40992 57344 65920 66304 82432 98432 114688 132608 147968 149504 265216 394240 395264
1 4099 4102 4108 8216 8240 12296 18433 20481 28672 32864 32960 40992 57344 65920 66304 82432 98432 114688 132608 147968 265216 280576 394240 409600
1 4099 4102 4108 8216 8240 12296 18433 20481 28672 32864 32960 40992 57344 65920 66304 82432 98432 114688 134144 147968 149504 263680 393728 394240
1 4099 4102 4108 8216 8240 12296 18433 20481 28672 32864 32960 40992 57344 65920 66304 82432 98432 114688 147968 149504 263680 265216 393728 395264
1 4099 4102 4108 8216 8240 12296 18433 20481 28672 32864 32960 40992 57344 65920 66304 82432 98432 114688 147968 263680 265216 280576 393728 409600
1 4099 4102 4108 8216 8240 12296 18433 20481 28672 32864 32960 40992 57344 65920 66304 82432 114688 163968 196736 229376 263680 265216 279040 280576
1 4099 4102 4108 8216 8240 12296 18433 20481 28672 32864 32960 40992 57344 65920 66304 98432 114688 132608 134144 149504 197120 344064 409600 458752
1 4099 4102 4108 8216 8240 12296 18433 20481 28672 32864 32960 40992 57344 65920 66304 98432 114688 132608 134144 197120 212992 280576 395264 409600
1 4099 4102 4108 8216 8240 12296 18433 20481 28672 32864 32960 40992 57344 65920 66304 98432 114688 132608 134144 197120 280576 344064 395264 458752
1 4099 4102 4108 8216 8240 12296 18433 20481 28672 32864 32960 40992 57344 65920 66304 98432 114688 132608 148480 197120 212992 265216 279552 280576
1 4099 4102 4108 8216 8240 12296 18433 20481 28672 32864 32960 40992 57344 65920 66304 98432 114688 132608 149504 197120 212992 265216 394240 395264
1 4099 4102 4108 8216 8240 12296 18433 20481 28672 32864 32960 40992 57344 65920 66304 98432 114688 132608 197120 212992 265216 280576 394240 409600
1 4099 4102 4108 8216 8240 12296 18433 20481 28672 32864 32960 40992 57344 65920 66304 98432 114688 132608 197120 265216 280576 344064 394240 458752
1 4099 4102 4108 8216 8240 12296 18433 20481 28672 32864 32960 40992 57344 65920 66304 98432 114688 134144 149504 197120 212992 263680 393728 394240
1 4099 4102 4108 8216 8240 12296 18433 20481 28672 32864 32960 40992 57344 65920 66304 98432 114688 147968 197120 212992 263680 265216 279040 280576
1 4099 4102 4108 8216 8240 12296 18433 20481 28672 32864 32960 40992 57344 65920 66304 98432 114688 149504 197120 212992 263680 265216 393728 395264
1 4099 4102 4108 8216 8240 12296 18433 20481 28672 32864 32960 40992 57344 65920 66304 98432 114688 197120 212992 263680 265216 280576 393728 409600
1 4099 4102 4108 8216 8240 12296 18433 20481 28672 32864 32960 40992 57344 65920 66304 98432 114688 197120 263680 265216 280576 344064 393728 458752
1 4099 4102 4108 8216 8240 12296 18433 20481 28672 32864 32960 40992 57344 65920 66304 114688 163968 196736 229376 263680 265216 280576 328192 344064
1 4099 4102 4108 8216 8240 12296 18433 20481 28672 32864 32960 40992 57344 65920 82432 98432 114688 131840 196864 197120 263680 265216 279040 280576
1 4099 4102 4108 8216 8240 12296 18433 20481 28672 32864 32960 40992 57344 65920 98432 114688 131840 132608 148480 196864 212992 265216 279552 280576
1 4099 4102 4108 8216 8240 12296 18433 20481 28672 32864 32960 40992 57344 65920 98432 114688 131840 132608 196864 212992 265216 280576 394240 409600
1 4099 4102 4108 8216 8240 12296 18433 20481 28672 32864 32960 40992 57344 65920 98432 114688 131840 132608 196864 265216 280576 344064 394240 458752
1 4099 4102 4108 8216 8240 12296 18433 20481 28672 32864 32960 40992 57344 65920 98432 114688 131840 147968 196864 212992 263680 265216 279040 280576
1 4099 4102 4108 8216 8240 12296 18433 20481 28672 32864 32960 40992 57344 65920 98432 114688 131840 196864 197120 263680 265216 280576 328192 344064
1 4099 4102 4108 8216 8240 12296 18433 20481 28672 32864 32960 40992 57344 65920 98432 114688 131840 196864 212992 263680 265216 280576 393728 409600
1 4099 4102 4108 8216 8240 12296 18433 20481 28672 32864 32960 40992 57344 65920 98432 114688 131840 196864 263680 265216 280576 344064 393728 458752
1 4099 4102 4108 8216 8240 12296 18433 20481 28672 32864 32960 40992 57344 66304 67072 82944 114688 131456 163968 196864 229376 265216 279552 280576
1 4099 4102 4108 8216 8240 12296 18433 20481 28672 32864 32960 40992 57344 66304 67072 114688 131456 163968 196864 229376 265216 280576 328704 344064
1 4099 4102 4108 8216 8240 12296 18433 20481 28672 32864 32960 40992 57344 66304 82432 98432 114688 131456 196736 196864 263680 265216 279040 280576
1 4099 4102 4108 8216 8240 12296 18433 20481 28672 32864 32960 40992 57344 66304 82432 114688 131456 163968 196864 229376 263680 265216 279040 280576
1 4099 4102 4108 8216 8240 12296 18433 20481 28672 32864 32960 40992 57344 66304 98432 114688 131456 196736 196864 263680 265216 280576 328192 344064
1 4099 4102 4108 8216 8240 12296 18433 20481 28672 32864 32960 40992 57344 66304 114688 131456 163968 196864 229376 263680 265216 280576 328192 344064
1 4099 4102 4108 8216 8240 12296 18433 20481 28672 32864 32960 40992 57344 67072 68608 83968 114688 131456 131840 163968 229376 328192 393728 458752
1 4099 4102 4108 8216 8240 12296 18433 20481 28672 32864 32960 40992 57344 67072 68608 83968 114688 131456 131840 197120 229376 295040 393344 425984
1 4099 4102 4108 8216 8240 12296 18433 20481 28672 32864 32960 40992 57344 67072 68608 83968 114688 131456 163968 197120 229376 262912 393472 393728
1 4099 4102 4108 8216 8240 12296 18433 20481 28672 32864 32960 40992 57344 67072 68608 83968 114688 131456 163968 229376 262912 328192 393472 458752
1 4099 4102 4108 8216 8240 12296 18433 20481 28672 32864 32960 40992 57344 67072 68608 83968 114688 131840 163968 197120 229376 262528 393344 393472
1 4099 4102 4108 8216 8240 12296 18433 20481 28672 32864 32960 40992 57344 67072 68608 83968 114688 131840 197120 229376 262528 295040 393472 425984
1 4099 4102 4108 8216 8240 12296 18433 20481 28672 32864 32960 40992 57344 67072 68608 83968 114688 163968 197120 229376 262528 262912 393344 393728
1 4099 4102 4108 8216 8240 12296 18433 20481 28672 32864 32960 40992 57344 67072 68608 83968 114688 163968 229376 262528 262912 328192 393344 458752
1 4099 4102 4108 8216 8240 12296 18433 20481 28672 32864 32960 40992 57344 67072 68608 83968 114688 197120 229376 262528 262912 295040 393728 425984
1 4099 4102 4108 8216 8240 12296 18433 20481 28672 32864 32960 40992 57344 67072 68608 83968 114688 229376 262528 262912 295040 328192 425984 458752
1 4099 4102 4108 8216 8240 12296 18433 20481 28672 32864 32960 40992 57344 67072 68608 114688 131456 131840 163968 197120 229376 280576 329728 344064
1 4099 4102 4108 8216 8240 12296 18433 20481 28672 32864 32960 40992 57344 67072 82944 114688 131456 131840 163968 197120 229376 265216 279552 280576
1 4099 4102 4108 8216 8240 12296 18433 20481 28672 32864 32960 40992 57344 67072 83968 114688 131456 131840 163968 197120 229376 265216 328704 329728
1 4099 4102 4108 8216 8240 12296 18433 20481 28672 32864 32960 40992 57344 67072 114688 131456 131840 163968 197120 229376 265216 280576 328704 344064
1 4099 4102 4108 8216 8240 12296 18433 20481 28672 32864 32960 40992 57344 68608 83968 114688 131456 131840 163968 197120 229376 263680 328192 328704
1 4099 4102 4108 8216 8240 12296 18433 20481 28672 32864 32960 40992 57344 68608 83968 114688 131456 131840 163968 229376 263680 328704 393728 458752
1 4099 4102 4108 8216 8240 12296 18433 20481 28672 32864 32960 40992 57344 68608 83968 114688 131456 163968 229376 262912 263680 328704 393472 458752
1 4099 4102 4108 8216 8240 12296 18433 20481 28672 32864 32960 40992 57344 68608 83968 114688 131840 132608 197632 229376 262528 295040 393472 425984
1 4099 4102 4108 8216 8240 12296 18433 20481 28672 32864 32960 40992 57344 68608 83968 114688 132608 197632 229376 262528 262912 295040 393728 425984
1 4099 4102 4108 8216 8240 12296 18433 20481 28672 32864 32960 40992 57344 82432 98432 114688 131456 131840 196736 197120 263680 265216 279040 280576
1 4099 4102 4108 8216 8240 12296 18433 20481 28672 32864 32960 40992 57344 82432 114688 131456 131840 163968 197120 229376 263680 265216 279040 280576
1 4099 4102 4108 8216 8240 12296 18433 20481 28672 32864 32960 40992 57344 83968 114688 131456 131840 163968 197120 229376 263680 265216 328192 329728
1 4099 4102 4108 8216 8240 12296 18433 20481 28672 32864 32960 40992 57344 83968 114688 131456 131840 163968 229376 263680 265216 329728 393728 458752
1 4099 4102 4108 8216 8240 12296 18433 20481 28672 32864 32960 40992 57344 83968 114688 132608 134144 198656 229376 262528 262912 295040 393728 425984
1 4099 4102 4108 8216 8240 12296 18433 20481 28672 32864 32960 40992 57344 98432 114688 131456 131840 147968 196736 212992 263680 265216 279040 280576
1 4099 4102 4108 8216 8240 12296 18433 20481 28672 32864 32960 40992 57344 98432 114688 131456 131840 196736 197120 263680 265216 280576 328192 344064
1 4099 4102 4108 8216 8240 12296 18433 20481 28672 32864 32960 40992 57344 98432 114688 131456 131840 196736 212992 263680 265216 280576 393728 409600
1 4099 4102 4108 8216 8240 12296 18433 20481 28672 32864 32960 40992 57344 98432 114688 131456 131840 196736 263680 265216 280576 344064 393728 458752
1 4099 4102 4108 8216 8240 12296 18433 20481 28672 32864 32960 40992 57344 114688 131456 131840 147968 163968 212992 229376 263680 265216 279040 280576
1 4099 4102 4108 8216 8240 12296 18433 20481 28672 32864 32960 40992 57344 114688 131456 131840 163968 197120 229376 263680 265216 280576 328192 344064
1 4099 4102 4108 8216 8240 12296 18433 20481 28672 32864 32960 40992 57344 114688 131456 131840 163968 212992 229376 263680 265216 280576 393728 409600
1 4099 4102 4108 8216 8240 12296 18433 20481 28672 32864 32960 40992 57344 114688 131456 131840 163968 229376 263680 265216 280576 344064 393728 458752
1 4099 4102 4108 8216 8240 12296 18433 20481 28672 32864 32960 40992 57344 114688 132608 134144 149504 212992 229376 262528 262912 295040 393728 425984
1 4099 4102 4108 8216 8240 12296 18433 20481 28672 32864 32960 57344 65920 66304 82432 98432 114688 132608 134144 147968 149504 270368 294944 303104
1 4099 4102 4108 8216 8240 12296 18433 20481 28672 32864 32960 57344 65920 66304 98432 114688 132608 134144 149504 197120 212992 270368 294944 303104
1 4099 4102 4108 8216 8240 12296 18433 20481 28672 32864 32960 57344 67072 68608 83968 114688 131456 131840 163968 197120 229376 270368 294944 303104
1 4099 4102 4108 8216 8240 12296 18433 20481 28672 32864 40992 57344 65728 65920 98368 114688 131840 132608 148480 196864 212992 265216 279552 280576
1 4099 4102 4108 8216 8240 12296 18433 20481 28672 32864 40992 57344 65728 65920 98368 114688 131840 132608 196864 212992 265216 280576 394240 409600
1 4099 4102 4108 8216 8240 12296 18433 20481 28672 32864 40992 57344 65728 65920 98368 114688 131840 132608 196864 265216 280576 344064 394240 458752
1 4099 4102 4108 8216 8240 12296 18433 20481 28672 32864 40992 57344 65728 65920 98368 114688 131840 147968 196864 212992 263680 265216 279040 280576
1 4099 4102 4108 8216 8240 12296 18433 20481 28672 32864 40992 57344 65728 65920 98368 114688 131840 196864 212992 263680 265216 280576 393728 409600
1 4099 4102 4108 8216 8240 12296 18433 20481 28672 32864 40992 57344 65728 65920 98368 114688 131840 196864 263680 265216 280576 344064 393728 458752
1 4099 4102 4108 8216 8240 12296 18433 20481 28672 32864 40992 57344 65728 98368 114688 131456 131840 147968 196736 212992 263680 265216 279040 280576
1 4099 4102 4108 8216 8240 12296 18433 20481 28672 32864 40992 57344 65728 98368 114688 131456 131840 196736 212992 263680 265216 280576 393728 409600
1 4099 4102 4108 8216 8240 12296 18433 20481 28672 32864 40992 57344 65728 98368 114688 131456 131840 196736 263680 265216 280576 344064 393728 458752
1 4099 4102 4108 8216 8240 12296 18433 20481 28672 32864 40992 57344 65920 66304 82432 98432 114688 132608 134144 147968 149504 262336 294976 295040
1 4099 4102 4108 8216 8240 12296 18433 20481 28672 32864 40992 57344 65920 66304 82432 114688 131264 163904 196736 229376 263680 265216 279040 280576
1 4099 4102 4108 8216 8240 12296 18433 20481 28672 32864 40992 57344 65920 66304 98432 114688 132608 134144 149504 197120 212992 262336 294976 295040
1 4099 4102 4108 8216 8240 12296 18433 20481 28672 32864 40992 57344 65920 66304 114688 131264 163904 196736 229376 263680 265216 280576 328192 344064
1 4099 4102 4108 8216 8240 12296 18433 20481 28672 32864 40992 57344 66304 67072 82944 114688 131264 131456 163904 196864 229376 265216 279552 280576
1 4099 4102 4108 8216 8240 12296 18433 20481 28672 32864 40992 57344 66304 67072 114688 131264 131456 163904 196864 229376 265216 280576 328704 344064
1 4099 4102 4108 8216 8240 12296 18433 20481 28672 32864 40992 57344 66304 82432 114688 131264 131456 163904 196864 229376 263680 265216 279040 280576
1 4099 4102 4108 8216 8240 12296 18433 20481 28672 32864 40992 57344 66304 114688 131264 131456 163904 196864 229376 263680 265216 280576 328192 344064
1 4099 4102 4108 8216 8240 12296 18433 20481 28672 32864 40992 57344 67072 68608 83968 114688 131264 131456 163904 229376 262912 328192 393472 458752
1 4099 4102 4108 8216 8240 12296 18433 20481 28672 32864 40992 57344 67072 68608 83968 114688 131264 163904 229376 262528 262912 328192 393344 458752
1 4099 4102 4108 8216 8240 12296 18433 20481 28672 32864 40992 57344 67072 68608 83968 114688 131456 131840 163968 197120 229376 262336 294976 295040
1 4099 4102 4108 8216 8240 12296 18433 20481 28672 32864 40992 57344 67072 68608 83968 114688 131456 131840 197120 229376 262336 294976 393344 425984
1 4099 4102 4108 8216 8240 12296 18433 20481 28672 32864 40992 57344 67072 68608 83968 114688 131840 197120 229376 262336 262528 294976 393472 425984
1 4099 4102 4108 8216 8240 12296 18433 20481 28672 32864 40992 57344 68608 83968 114688 131264 131456 163904 229376 262912 263680 328704 393472 458752
1 4099 4102 4108 8216 8240 12296 18433 20481 28672 32864 40992 57344 68608 83968 114688 131840 132608 197632 229376 262336 262528 294976 393472 425984
1 4099 4102 4108 8216 8240 12296 18433 20481 28672 32960 33152 41024 57344 66304 67072 82944 98560 114688 134144 148480 149504 262240 270368 270400
1 4099 4102 4108 8216 8240 12296 18433 20481 28672 32960 33152 41024 57344 66304 67072 98560 114688 134144 149504 197632 212992 262240 270368 270400
1 4099 4102 4108 8216 8240 12296 18433 20481 28672 32960 33152 41024 57344 66304 98560 114688 132608 134144 149504 197120 212992 262240 270368 270400
1 4099 4102 4108 8216 8240 12296 18433 20481 28672 32960 33152 41024 57344 67072 68608 83968 114688 131840 164096 197120 229376 262240 270368 270400
1 4099 4102 4108 8216 8240 12296 18433 20481 28672 32960 33152 41024 57344 68608 83968 114688 131840 132608 164096 197632 229376 262240 270368 270400
1 4099 4102 4108 8216 8240 12296 18433 20481 28672 32960 33152 57344 66304 67072 82944 98560 114688 134144 148480 149504 262240 270368 294976 303104
1 4099 4102 4108 8216 8240 12296 18433 20481 28672 32960 33152 57344 66304 67072 98560 114688 134144 149504 197632 212992 262240 270368 294976 303104
1 4099 4102 4108 8216 8240 12296 18433 20481 28672 32960 33152 57344 66304 82432 98560 114688 132608 134144 147968 149504 262240 270368 294976 303104
1 4099 4102 4108 8216 8240 12296 18433 20481 28672 32960 33152 57344 66304 98560 114688 132608 134144 149504 197120 212992 262240 270368 294976 303104
1 4099 4102 4108 8216 8240 12296 18433 20481 28672 32960 33152 57344 67072 68608 83968 114688 131840 164096 197120 229376 262240 270368 294976 303104
1 4099 4102 4108 8216 8240 12296 18433 20481 28672 32960 33152 57344 68608 83968 114688 131840 132608 164096 197632 229376 262240 270368 294976 303104
1 4099 4102 4108 8216 8240 12296 18433 20481 28672 32960 40992 57344 65920 66304 82432 98432 114688 132608 134144 147968 149504 262240 294944 294976
1 4099 4102 4108 8216 8240 12296 18433 20481 28672 32960 40992 57344 65920 66304 98432 114688 132608 134144 149504 197120 212992 262240 294944 294976
1 4099 4102 4108 8216 8240 12296 18433 20481 28672 32960 40992 57344 67072 68608 83968 114688 131456 131840 163968 197120 229376 262240 294944 294976
1 4099 4102 4108 8216 8240 12296 18433 20481 28672 32960 41024 57344 65920 66304 98432 114688 132608 134144 149504 197120 212992 262240 270368 270400
1 4099 4102 4108 8216 8240 12296 18433 20481 28672 32960 41024 57344 67072 68608 83968 114688 131456 131840 163968 197120 229376 262240 270368 270400
1 4099 4102 4108 8216 8240 12296 18433 20481 28672 32960 57344 65920 66304 82432 98432 114688 132608 134144 147968 149504 262240 270368 294976 303104
1 4099 4102 4108 8216 8240 12296 18433 20481 28672 32960 57344 65920 66304 98432 114688 132608 134144 149504 197120 212992 262240 270368 294976 303104
1 4099 4102 4108 8216 8240 12296 18433 20481 28672 32960 57344 67072 68608 83968 114688 131456 131840 163968 197120 229376 262240 270368 294976 303104
1 4099 4102 4108 8216 8240 12296 18433 20481 28672 33152 33536 49664 57344 65632 65728 73760 98432 106496 132608 134144 147968 280576 395264 409600
1 4099 4102 4108 8216 8240 12296 18433 20481 28672 33152 33536 49664 57344 65632 65728 73760 98432 106496 132608 147968 148480 265216 279552 280576
1 4099 4102 4108 8216 8240 12296 18433 20481 28672 33152 33536 49664 57344 65632 65728 73760 98432 106496 132608 147968 149504 265216 394240 395264
1 4099 4102 4108 8216 8240 12296 18433 20481 28672 33152 33536 49664 57344 65632 65728 73760 98432 106496 132608 147968 265216 280576 394240 409600
1 4099 4102 4108 8216 8240 12296 18433 20481 28672 33152 33536 49664 57344 65632 65728 73760 98432 106496 134144 147968 149504 263680 393728 394240
1 4099 4102 4108 8216 8240 12296 18433 20481 28672 33152 33536 49664 57344 65632 65728 73760 98432 106496 147968 149504 263680 265216 393728 395264
1 4099 4102 4108 8216 8240 12296 18433 20481 28672 33152 33536 49664 57344 65632 65728 73760 98432 106496 147968 263680 265216 280576 393728 409600
1 4099 4102 4108 8216 8240 12296 18433 20481 28672 33152 33536 49664 57344 65632 65728 73760 98432 172032 204800 229376 263680 265216 279040 280576
1 4099 4102 4108 8216 8240 12296 18433 20481 28672 33152 33536 49664 57344 65632 65728 98432 106496 139296 196640 204800 263680 265216 279040 280576
1 4099 4102 4108 8216 8240 12296 18433 20481 28672 33152 33536 49664 57344 65632 65728 98432 139296 172032 196640 229376 263680 265216 279040 280576
1 4099 4102 4108 8216 8240 12296 18433 20481 28672 33152 33536 49664 57344 65632 73760 98432 106496 131264 196672 196736 263680 265216 279040 280576
1 4099 4102 4108 8216 8240 12296 18433 20481 28672 33152 33536 49664 57344 65728 73760 98432 106496 131168 196640 196672 263680 265216 279040 280576
1 4099 4102 4108 8216 8240 12296 18433 20481 28672 33152 33536 49664 57344 65728 98432 106496 131168 139296 196672 204800 263680 265216 279040 280576
1 4099 4102 4108 8216 8240 12296 18433 20481 28672 33152 33536 49664 57344 65728 98432 131168 139296 172032 196672 229376 263680 265216 279040 280576
1 4099 4102 4108 8216 8240 12296 18433 20481 28672 33152 33536 49664 57344 73760 98432 106496 131168 131264 196640 196736 263680 265216 279040 280576
1 4099 4102 4108 8216 8240 12296 18433 20481 28672 33152 33536 49664 57344 98432 106496 131168 131264 139296 196736 204800 263680 265216 279040 280576
1 4099 4102 4108 8216 8240 12296 18433 20481 28672 33152 33536 49664 57344 98432 131168 131264 139296 172032 196736 229376 263680 265216 279040 280576
1 4099 4102 4108 8216 8240 12296 18433 20481 28672 33152 33536 57344 67072 68608 83968 98816 114688 131168 131264 139296 163968 303104 401408 425984
1 4099 4102 4108 8216 8240 12296 18433 20481 28672 33152 33536 57344 67072 68608 83968 98816 114688 131168 131264 163968 172032 270368 393248 401408
1 4099 4102 4108 8216 8240 12296 18433 20481 28672 33152 33536 57344 67072 68608 83968 98816 114688 131168 131264 163968 270368 303104 393248 425984
1 4099 4102 4108 8216 8240 12296 18433 20481 28672 33152 33536 57344 67072 68608 83968 98816 114688 131168 139296 163968 172032 262336 393280 393344
1 4099 4102 4108 8216 8240 12296 18433 20481 28672 33152 33536 57344 67072 68608 83968 98816 114688 131264 139296 163968 172032 262240 393248 393280
1 4099 4102 4108 8216 8240 12296 18433 20481 28672 33152 33536 57344 67072 68608 83968 98816 114688 131264 139328 163968 172032 262240 270368 270400
1 4099 4102 4108 8216 8240 12296 18433 20481 28672 33152 33536 57344 67072 68608 83968 98816 114688 131264 163968 172032 262240 270368 393280 401408
1 4099 4102 4108 8216 8240 12296 18433 20481 28672 33152 33536 57344 67072 68608 83968 98816 114688 131264 163968 262240 270368 303104 393280 425984
1 4099 4102 4108 8216 8240 12296 18433 20481 28672 33152 33536 57344 67072 68608 83968 98816 114688 139296 163968 172032 262240 262336 393248 393344
1 4099 4102 4108 8216 8240 12296 18433 20481 28672 33152 33536 57344 67072 68608 83968 98816 114688 163968 172032 262240 262336 270368 393344 401408
1 4099 4102 4108 8216 8240 12296 18433 20481 28672 33152 33536 57344 67072 68608 83968 98816 114688 163968 262240 262336 270368 303104 393344 425984
1 4099 4102 4108 8216 8240 12296 18433 20481 28672 33152 33536 57344 67072 68608 83968 114688 164352 197120 229376 262240 262336 270368 295040 303104
1 4099 4102 4108 8216 8240 12296 18433 20481 28672 33152 33536 57344 67072 68608 98816 114688 149504 198656 212992 262240 262336 270368 295040 303104
1 4099 4102 4108 8216 8240 12296 18433 20481 28672 33152 33536 57344 67072 82944 98816 114688 134144 148480 149504 262240 262336 270368 295040 303104
1 4099 4102 4108 8216 8240 12296 18433 20481 28672 33152 33536 57344 67072 83968 98816 114688 134144 197632 198656 262240 262336 270368 295040 303104
1 4099 4102 4108 8216 8240 12296 18433 20481 28672 33152 33536 57344 67072 98816 114688 134144 149504 197632 212992 262240 262336 270368 295040 303104
1 4099 4102 4108 8216 8240 12296 18433 20481 28672 33152 33536 57344 68608 83968 98816 114688 132608 197120 197632 262240 262336 270368 295040 303104
1 4099 4102 4108 8216 8240 12296 18433 20481 28672 33152 33536 57344 68608 83968 114688 132608 164352 197632 229376 262240 262336 270368 295040 303104
1 4099 4102 4108 8216 8240 12296 18433 20481 28672 33152 33536 57344 82432 98816 114688 132608 134144 147968 149504 262240 262336 270368 295040 303104
1 4099 4102 4108 8216 8240 12296 18433 20481 28672 33152 33536 57344 83968 98816 114688 132608 134144 197120 198656 262240 262336 270368 295040 303104
1 4099 4102 4108 8216 8240 12296 18433 20481 28672 33152 33536 57344 83968 114688 132608 134144 164352 198656 229376 262240 262336 270368 295040 303104
1 4099 4102 4108 8216 8240 12296 18433 20481 28672 33152 33536 57344 98816 114688 132608 134144 149504 197120 212992 262240 262336 270368 295040 303104
1 4099 4102 4108 8216 8240 12296 18433 20481 28672 33152 33536 57344 114688 132608 134144 149504 164352 212992 229376 262240 262336 270368 295040 303104
1 4099 4102 4108 8216 8240 12296 18433 20481 28672 33152 49664 57344 66304 98560 98816 131168 131264 139296 163968 172032 263680 265216 279040 280576
1 4099 4102 4108 8216 8240 12296 18433 20481 28672 33152 57344 66304 67072 82944 98560 114688 134144 148480 149504 262240 262336 270368 295040 303104
1 4099 4102 4108 8216 8240 12296 18433 20481 28672 33152 57344 66304 67072 98560 114688 134144 149504 197632 212992 262240 262336 270368 295040 303104
1 4099 4102 4108 8216 8240 12296 18433 20481 28672 33152 57344 66304 82432 98560 114688 132608 134144 147968 149504 262240 262336 270368 295040 303104
1 4099 4102 4108 8216 8240 12296 18433 20481 28672 33152 57344 66304 98560 114688 132608 134144 149504 197120 212992 262240 262336 270368 295040 303104
1 4099 4102 4108 8216 8240 12296 18433 20481 28672 33152 57344 67072 68608 83968 98816 114688 131840 164096 164352 262240 262336 270368 295040 303104
1 4099 4102 4108 8216 8240 12296 18433 20481 28672 33152 57344 67072 68608 83968 114688 131840 164096 197120 229376 262240 262336 270368 295040 303104
1 4099 4102 4108 8216 8240 12296 18433 20481 28672 33152 57344 68608 83968 114688 131840 132608 164096 197632 229376 262240 262336 270368 295040 303104
1 4099 4102 4108 8216 8240 12296 18433 20481 28672 33536 34304 50176 57344 65728 65920 73792 98560 106496 131168 139296 139328 265216 279552 280576
1 4099 4102 4108 8216 8240 12296 18433 20481 28672 33536 34304 50176 57344 65728 65920 98560 106496 131168 139296 196672 204800 265216 279552 280576
1 4099 4102 4108 8216 8240 12296 18433 20481 28672 33536 34304 50176 57344 65728 65920 98560 131168 139296 172032 196672 229376 265216 279552 280576
1 4099 4102 4108 8216 8240 12296 18433 20481 28672 33536 34304 50176 57344 65920 98560 106496 131168 131264 139296 196736 204800 265216 279552 280576
1 4099 4102 4108 8216 8240 12296 18433 20481 28672 33536 34304 50176 57344 65920 98560 131168 131264 139296 172032 196736 229376 265216 279552 280576
1 4099 4102 4108 8216 8240 12296 18433 20481 28672 33536 34304 57344 68608 83968 99328 114688 131264 131456 139328 164096 172032 262240 270368 270400
1 4099 4102 4108 8216 8240 12296 18433 20481 28672 33536 34304 57344 68608 83968 99328 114688 131264 131456 164096 172032 262240 270368 393280 401408
1 4099 4102 4108 8216 8240 12296 18433 20481 28672 33536 34304 57344 68608 83968 99328 114688 131264 131456 164096 262240 270368 303104 393280 425984
1 4099 4102 4108 8216 8240 12296 18433 20481 28672 33536 34304 57344 68608 83968 99328 114688 131456 164096 172032 262240 262336 270368 393344 401408
1 4099 4102 4108 8216 8240 12296 18433 20481 28672 33536 34304 57344 68608 83968 99328 114688 131456 164096 262240 262336 270368 303104 393344 425984
1 4099 4102 4108 8216 8240 12296 18433 20481 28672 33536 49664 57344 65728 65920 98560 106496 131168 139296 196672 204800 263680 265216 279040 280576
1 4099 4102 4108 8216 8240 12296 18433 20481 28672 33536 49664 57344 65728 65920 98560 131168 139296 172032 196672 229376 263680 265216 279040 280576
1 4099 4102 4108 8216 8240 12296 18433 20481 28672 33536 49664 57344 65920 98432 98560 131168 131264 139296 163968 172032 263680 265216 279040 280576
1 4099 4102 4108 8216 8240 12296 18433 20481 28672 33536 49664 57344 65920 98560 106496 131168 131264 139296 196736 204800 263680 265216 279040 280576
1 4099 4102 4108 8216 8240 12296 18433 20481 28672 33536 49664 57344 65920 98560 131168 131264 139296 172032 196736 229376 263680 265216 279040 280576
1 4099 4102 4108 8216 8240 12296 18433 20481 28672 33536 57344 67072 68608 83968 98816 114688 131264 131456 139328 164096 172032 262240 270368 270400
1 4099 4102 4108 8216 8240 12296 18433 20481 28672 33536 57344 67072 68608 83968 98816 114688 131264 131456 164096 172032 262240 270368 393280 401408
1 4099 4102 4108 8216 8240 12296 18433 20481 28672 33536 57344 67072 68608 83968 98816 114688 131264 131456 164096 262240 270368 303104 393280 425984
1 4099 4102 4108 8216 8240 12296 18433 20481 28672 33536 57344 67072 68608 83968 98816 114688 131456 163968 164096 262240 262336 270368 295040 303104
1 4099 4102 4108 8216 8240 12296 18433 20481 28672 33536 57344 67072 68608 83968 98816 114688 131456 164096 172032 262240 262336 270368 393344 401408
1 4099 4102 4108 8216 8240 12296 18433 20481 28672 33536 57344 67072 68608 83968 98816 114688 131456 164096 262240 262336 270368 303104 393344 425984
1 4099 4102 4108 8216 8240 12296 18433 20481 28672 34304 35840 51200 57344 65920 66304 98816 106496 131168 131264 139296 196736 335872 401408 458752
1 4099 4102 4108 8216 8240 12296 18433 20481 28672 34304 35840 51200 57344 65920 66304 98816 106496 131168 131264 196736 204800 270368 393248 401408
1 4099 4102 4108 8216 8240 12296 18433 20481 28672 34304 35840 51200 57344 65920 66304 98816 106496 131168 131264 196736 270368 335872 393248 458752
1 4099 4102 4108 8216 8240 12296 18433 20481 28672 34304 35840 51200 57344 65920 66304 98816 106496 131168 139296 196736 204800 262336 393280 393344
1 4099 4102 4108 8216 8240 12296 18433 20481 28672 34304 35840 51200 57344 65920 66304 98816 106496 131264 139296 196736 204800 262240 393248 393280
1 4099 4102 4108 8216 8240 12296 18433 20481 28672 34304 35840 51200 57344 65920 66304 98816 106496 131264 139328 196736 204800 262240 270368 270400
1 4099 4102 4108 8216 8240 12296 18433 20481 28672 34304 35840 51200 57344 65920 66304 98816 106496 131264 196736 204800 262240 270368 393280 401408
1 4099 4102 4108 8216 8240 12296 18433 20481 28672 34304 35840 51200 57344 65920 66304 98816 106496 131264 196736 262240 270368 335872 393280 458752
1 4099 4102 4108 8216 8240 12296 18433 20481 28672 34304 35840 51200 57344 65920 66304 98816 106496 139296 196736 204800 262240 262336 393248 393344
1 4099 4102 4108 8216 8240 12296 18433 20481 28672 34304 35840 51200 57344 65920 66304 98816 106496 196736 204800 262240 262336 270368 393344 401408
1 4099 4102 4108 8216 8240 12296 18433 20481 28672 34304 35840 51200 57344 65920 66304 98816 106496 196736 262240 262336 270368 335872 393344 458752
1 4099 4102 4108 8216 8240 12296 18433 20481 28672 34304 35840 51200 57344 65920 66304 98816 131168 131264 139296 172032 196736 360448 425984 458752
1 4099 4102 4108 8216 8240 12296 18433 20481 28672 34304 35840 51200 57344 65920 66304 98816 131168 131264 139296 196736 204800 303104 335872 360448
1 4099 4102 4108 8216 8240 12296 18433 20481 28672 34304 35840 51200 57344 65920 66304 98816 131168 131264 139296 196736 229376 303104 401408 425984
1 4099 4102 4108 8216 8240 12296 18433 20481 28672 34304 35840 51200 57344 65920 66304 98816 131168 131264 139296 196736 303104 360448 401408 458752
1 4099 4102 4108 8216 8240 12296 18433 20481 28672 34304 35840 51200 57344 65920 66304 98816 131168 131264 172032 196736 229376 270368 393248 401408
1 4099 4102 4108 8216 8240 12296 18433 20481 28672 34304 35840 51200 57344 65920 66304 98816 131168 131264 196736 229376 270368 303104 393248 425984
1 4099 4102 4108 8216 8240 12296 18433 20481 28672 34304 35840 51200 57344 65920 66304 98816 131168 131264 196736 270368 303104 360448 393248 458752
1 4099 4102 4108 8216 8240 12296 18433 20481 28672 34304 35840 51200 57344 65920 66304 98816 131168 139296 172032 196736 229376 262336 393280 393344
1 4099 4102 4108 8216 8240 12296 18433 20481 28672 34304 35840 51200 57344 65920 66304 98816 131264 139296 172032 196736 229376 262240 393248 393280
1 4099 4102 4108 8216 8240 12296 18433 20481 28672 34304 35840 51200 57344 65920 66304 98816 131264 139328 172032 196736 229376 262240 270368 270400
1 4099 4102 4108 8216 8240 12296 18433 20481 28672 34304 35840 51200 57344 65920 66304 98816 131264 172032 196736 229376 262240 270368 393280 401408
1 4099 4102 4108 8216 8240 12296 18433 20481 28672 34304 35840 51200 57344 65920 66304 98816 131264 196736 229376 262240 270368 303104 393280 425984
1 4099 4102 4108 8216 8240 12296 18433 20481 28672 34304 35840 51200 57344 65920 66304 98816 131264 196736 262240 270368 303104 360448 393280 458752
1 4099 4102 4108 8216 8240 12296 18433 20481 28672 34304 35840 51200 57344 65920 66304 98816 139296 172032 196736 229376 262240 262336 393248 393344
1 4099 4102 4108 8216 8240 12296 18433 20481 28672 34304 35840 51200 57344 65920 66304 98816 172032 196736 229376 262240 262336 270368 393344 401408
1 4099 4102 4108 8216 8240 12296 18433 20481 28672 34304 35840 51200 57344 65920 66304 98816 196736 229376 262240 262336 270368 303104 393344 425984
1 4099 4102 4108 8216 8240 12296 18433 20481 28672 34304 35840 51200 57344 65920 66304 98816 196736 262240 262336 270368 303104 360448 393344 458752
1 4099 4102 4108 8216 8240 12296 18433 20481 28672 34304 35840 51200 57344 65920 98816 106496 131840 196864 197120 262240 262336 270368 327808 335872
1 4099 4102 4108 8216 8240 12296 18433 20481 28672 34304 35840 51200 57344 65920 98816 131840 196864 197120 262240 262336 270368 303104 327808 360448
1 4099 4102 4108 8216 8240 12296 18433 20481 28672 34304 35840 51200 57344 66304 98816 106496 131264 131456 139328 196864 204800 262240 270368 270400
1 4099 4102 4108 8216 8240 12296 18433 20481 28672 34304 35840 51200 57344 66304 98816 106496 131264 131456 196864 204800 262240 270368 393280 401408
1 4099 4102 4108 8216 8240 12296 18433 20481 28672 34304 35840 51200 57344 66304 98816 106496 131264 131456 196864 262240 270368 335872 393280 458752
1 4099 4102 4108 8216 8240 12296 18433 20481 28672 34304 35840 51200 57344 66304 98816 106496 131456 196736 196864 262240 262336 270368 327808 335872
1 4099 4102 4108 8216 8240 12296 18433 20481 28672 34304 35840 51200 57344 66304 98816 106496 131456 196864 204800 262240 262336 270368 393344 401408
1 4099 4102 4108 8216 8240 12296 18433 20481 28672 34304 35840 51200 57344 66304 98816 106496 131456 196864 262240 262336 270368 335872 393344 458752
1 4099 4102 4108 8216 8240 12296 18433 20481 28672 34304 35840 51200 57344 66304 98816 131264 131456 139328 172032 196864 229376 262240 270368 270400
1 4099 4102 4108 8216 8240 12296 18433 20481 28672 34304 35840 51200 57344 66304 98816 131264 131456 172032 196864 229376 262240 270368 393280 401408
1 4099 4102 4108 8216 8240 12296 18433 20481 28672 34304 35840 51200 57344 66304 98816 131264 131456 196864 229376 262240 270368 303104 393280 425984
1 4099 4102 4108 8216 8240 12296 18433 20481 28672 34304 35840 51200 57344 66304 98816 131264 131456 196864 262240 270368 303104 360448 393280 458752
1 4099 4102 4108 8216 8240 12296 18433 20481 28672 34304 35840 51200 57344 66304 98816 131456 172032 196864 229376 262240 262336 270368 393344 401408
1 4099 4102 4108 8216 8240 12296 18433 20481 28672 34304 35840 51200 57344 66304 98816 131456 196736 196864 262240 262336 270368 303104 327808 360448
1 4099 4102 4108 8216 8240 12296 18433 20481 28672 34304 35840 51200 57344 66304 98816 131456 196864 229376 262240 262336 270368 303104 393344 425984
1 4099 4102 4108 8216 8240 12296 18433 20481 28672 34304 35840 51200 57344 66304 98816 131456 196864 262240 262336 270368 303104 360448 393344 458752
1 4099 4102 4108 8216 8240 12296 18433 20481 28672 34304 35840 51200 57344 98816 106496 131456 131840 196736 197120 262240 262336 270368 327808 335872
1 4099 4102 4108 8216 8240 12296 18433 20481 28672 34304 35840 51200 57344 98816 106496 131456 131840 197120 204800 262240 262336 270368 393344 401408
1 4099 4102 4108 8216 8240 12296 18433 20481 28672 34304 35840 51200 57344 98816 106496 131456 131840 197120 262240 262336 270368 335872 393344 458752
1 4099 4102 4108 8216 8240 12296 18433 20481 28672 34304 35840 51200 57344 98816 131456 131840 172032 197120 229376 262240 262336 270368 393344 401408
1 4099 4102 4108 8216 8240 12296 18433 20481 28672 34304 35840 51200 57344 98816 131456 131840 196736 197120 262240 262336 270368 303104 327808 360448
1 4099 4102 4108 8216 8240 12296 18433 20481 28672 34304 35840 51200 57344 98816 131456 131840 197120 229376 262240 262336 270368 303104 393344 425984
1 4099 4102 4108 8216 8240 12296 18433 20481 28672 34304 35840 51200 57344 98816 131456 131840 197120 262240 262336 270368 303104 360448 393344 458752
1 4099 4102 4108 8216 8240 12296 18433 20481 28672 34304 35840 57344 83968 100352 114688 131456 131840 164352 172032 262240 262336 270368 393344 401408
1 4099 4102 4108 8216 8240 12296 18433 20481 28672 34304 35840 57344 83968 100352 114688 131456 131840 164352 262240 262336 270368 303104 393344 425984
1 4099 4102 4108 8216 8240 12296 18433 20481 28672 34304 50176 57344 65920 66304 98816 106496 131168 131264 139296 196736 204800 265216 279552 280576
1 4099 4102 4108 8216 8240 12296 18433 20481 28672 34304 50176 57344 65920 66304 98816 131168 131264 139296 172032 196736 229376 265216 279552 280576
1 4099 4102 4108 8216 8240 12296 18433 20481 28672 34304 51200 57344 68608 99328 100352 131456 131840 164352 172032 262240 262336 270368 393344 401408
1 4099 4102 4108 8216 8240 12296 18433 20481 28672 34304 51200 57344 68608 99328 100352 131456 131840 164352 262240 262336 270368 303104 393344 425984
1 4099 4102 4108 8216 8240 12296 18433 20481 28672 34304 57344 68608 83968 99328 114688 131456 131840 164352 172032 262240 262336 270368 393344 401408
1 4099 4102 4108 8216 8240 12296 18433 20481 28672 34304 57344 68608 83968 99328 114688 131456 131840 164352 262240 262336 270368 303104 393344 425984
1 4099 4102 4108 8216 8240 12296 18433 20481 28672 35840 51200 57344 66304 67072 99328 106496 131168 131264 139296 204800 262528 327936 393344 458752
1 4099 4102 4108 8216 8240 12296 18433 20481 28672 35840 51200 57344 66304 67072 99328 106496 131168 139296 204800 262336 262528 327936 393280 458752
1 4099 4102 4108 8216 8240 12296 18433 20481 28672 35840 51200 57344 66304 67072 99328 106496 131264 131456 139328 196864 204800 262240 270368 270400
1 4099 4102 4108 8216 8240 12296 18433 20481 28672 35840 51200 57344 66304 67072 99328 106496 131264 131456 196864 204800 262240 270368 393280 401408
1 4099 4102 4108 8216 8240 12296 18433 20481 28672 35840 51200 57344 66304 67072 99328 106496 131456 196864 204800 262240 262336 270368 393344 401408
1 4099 4102 4108 8216 8240 12296 18433 20481 28672 35840 51200 57344 66304 67072 99328 131168 131264 139296 172032 229376 262528 327936 393344 458752
1 4099 4102 4108 8216 8240 12296 18433 20481 28672 35840 51200 57344 66304 67072 99328 131168 139296 172032 229376 262336 262528 327936 393280 458752
1 4099 4102 4108 8216 8240 12296 18433 20481 28672 35840 51200 57344 66304 67072 99328 131264 131456 139328 172032 196864 229376 262240 270368 270400
1 4099 4102 4108 8216 8240 12296 18433 20481 28672 35840 51200 57344 66304 67072 99328 131264 131456 172032 196864 229376 262240 270368 393280 401408
1 4099 4102 4108 8216 8240 12296 18433 20481 28672 35840 51200 57344 66304 67072 99328 131264 131456 196864 229376 262240 270368 303104 393280 425984
1 4099 4102 4108 8216 8240 12296 18433 20481 28672 35840 51200 57344 66304 67072 99328 131456 172032 196864 229376 262240 262336 270368 393344 401408
1 4099 4102 4108 8216 8240 12296 18433 20481 28672 35840 51200 57344 66304 67072 99328 131456 196864 229376 262240 262336 270368 303104 393344 425984
1 4099 4102 4108 8216 8240 12296 18433 20481 28672 35840 51200 57344 67072 98816 99328 131456 131840 164352 172032 262240 262336 270368 393344 401408
1 4099 4102 4108 8216 8240 12296 18433 20481 28672 35840 51200 57344 67072 98816 99328 131456 131840 164352 262240 262336 270368 303104 393344 425984
1 4099 4102 4108 8216 8240 12296 18433 20481 28672 35840 51200 57344 67072 99328 106496 131168 131264 139296 204800 262528 262912 328192 393344 458752
1 4099 4102 4108 8216 8240 12296 18433 20481 28672 35840 51200 57344 67072 99328 106496 131456 131840 197120 204800 262240 262336 270368 393344 401408
1 4099 4102 4108 8216 8240 12296 18433 20481 28672 35840 51200 57344 67072 99328 131168 131264 139296 172032 229376 262528 262912 328192 393344 458752
1 4099 4102 4108 8216 8240 12296 18433 20481 28672 35840 51200 57344 67072 99328 131456 131840 172032 197120 229376 262240 262336 270368 393344 401408
1 4099 4102 4108 8216 8240 12296 18433 20481 28672 35840 51200 57344 67072 99328 131456 131840 197120 229376 262240 262336 270368 303104 393344 425984
1 4099 4102 4108 8216 8240 12296 18433 20481 28672 40992 57344 65632 65728 98336 114688 131456 131840 147968 196736 212992 263680 265216 279040 280576
1 4099 4102 4108 8216 8240 12296 18433 20481 28672 40992 57344 65632 65728 98336 114688 131456 131840 196736 212992 263680 265216 280576 393728 409600
1 4099 4102 4108 8216 8240 12296 18433 20481 28672 40992 57344 65632 65728 98336 114688 131456 131840 196736 263680 265216 280576 344064 393728 458752
1 4099 4102 4108 8216 8240 12296 18433 20481 28672 40992 57344 65920 66304 82432 98432 114688 132608 134144 147968 149504 262240 262336 294944 295040
1 4099 4102 4108 8216 8240 12296 18433 20481 28672 40992 57344 65920 66304 82432 114688 131168 131264 163872 196736 229376 263680 265216 279040 280576
1 4099 4102 4108 8216 8240 12296 18433 20481 28672 40992 57344 65920 66304 98432 114688 132608 134144 149504 197120 212992 262240 262336 294944 295040
1 4099 4102 4108 8216 8240 12296 18433 20481 28672 40992 57344 65920 66304 114688 131168 131264 163872 196736 229376 263680 265216 280576 328192 344064
1 4099 4102 4108 8216 8240 12296 18433 20481 28672 40992 57344 67072 68608 83968 114688 131168 131264 163872 229376 262528 262912 328192 393344 458752
1 4099 4102 4108 8216 8240 12296 18433 20481 28672 40992 57344 67072 68608 83968 114688 131456 131840 163968 197120 229376 262240 262336 294944 295040
1 4099 4102 4108 8216 8240 12296 18433 20481 28672 40992 57344 67072 68608 83968 114688 131456 131840 197120 229376 262240 262336 294944 393344 425984
1 4099 4102 4108 8216 8240 12296 18433 20481 28672 49664 57344 65920 66304 98432 98816 131168 131264 139296 163968 172032 263680 265216 279040 280576
1 4099 4102 4108 8216 8240 12296 18433 20481 28672 49664 57344 65920 66304 98816 106496 131168 131264 139296 196736 204800 263680 265216 279040 280576
1 4099 4102 4108 8216 8240 12296 18433 20481 28672 49664 57344 65920 66304 98816 131168 131264 139296 172032 196736 229376 263680 265216 279040 280576
1 4099 4102 4108 8216 8240 12296 18433 20481 28672 51200 57344 67072 68608 98816 100352 131456 131840 164352 172032 262240 262336 270368 393344 401408
1 4099 4102 4108 8216 8240 12296 18433 20481 28672 51200 57344 67072 68608 98816 100352 131456 131840 164352 262240 262336 270368 303104 393344 425984
1 4099 4102 4108 8216 8240 12296 18433 20481 28672 51200 57344 67072 68608 100352 106496 131456 131840 197120 204800 262240 262336 270368 393344 401408
1 4099 4102 4108 8216 8240 12296 18433 20481 28672 51200 57344 67072 68608 100352 106496 131456 131840 197120 262240 262336 270368 335872 393344 458752
1 4099 4102 4108 8216 8240 12296 18433 20481 28672 51200 57344 67072 68608 100352 131456 131840 172032 197120 229376 262240 262336 270368 393344 401408
1 4099 4102 4108 8216 8240 12296 18433 20481 28672 51200 57344 67072 68608 100352 131456 131840 197120 229376 262240 262336 270368 303104 393344 425984
1 4099 4102 4108 8216 8240 12296 18433 20481 28672 51200 57344 67072 68608 100352 131456 131840 197120 262240 262336 270368 303104 360448 393344 458752
1 4099 4102 4108 8216 8240 12296 18433 20481 28672 57344 65632 65728 73760 106496 114688 131456 131840 147968 196736 212992 263680 265216 279040 280576
1 4099 4102 4108 8216 8240 12296 18433 20481 28672 57344 65632 65728 73760 106496 114688 131456 131840 196736 212992 263680 265216 280576 393728 409600
1 4099 4102 4108 8216 8240 12296 18433 20481 28672 57344 65632 65728 73760 106496 114688 131456 131840 196736 263680 265216 280576 344064 393728 458752
1 4099 4102 4108 8216 8240 12296 18433 20481 28672 57344 65920 66304 82432 98432 114688 132608 134144 147968 149504 262240 262336 270368 295040 303104
1 4099 4102 4108 8216 8240 12296 18433 20481 28672 57344 65920 66304 82432 106496 114688 131168 131264 139296 196736 204800 263680 265216 279040 280576
1 4099 4102 4108 8216 8240 12296 18433 20481 28672 57344 65920 66304 82432 114688 131168 131264 139296 172032 196736 229376 263680 265216 279040 280576
1 4099 4102 4108 8216 8240 12296 18433 20481 28672 57344 65920 66304 98432 114688 132608 134144 149504 197120 212992 262240 262336 270368 295040 303104
1 4099 4102 4108 8216 8240 12296 18433 20481 28672 57344 65920 66304 106496 114688 131168 131264 139296 196736 204800 263680 265216 280576 328192 344064
1 4099 4102 4108 8216 8240 12296 18433 20481 28672 57344 65920 66304 114688 131168 131264 139296 172032 196736 229376 263680 265216 280576 328192 344064
1 4099 4102 4108 8216 8240 12296 18433 20481 28672 57344 67072 68608 83968 98816 114688 131456 131840 163968 164352 262240 262336 270368 295040 303104
1 4099 4102 4108 8216 8240 12296 18433 20481 28672 57344 67072 68608 83968 98816 114688 131456 131840 164352 172032 262240 262336 270368 393344 401408
1 4099 4102 4108 8216 8240 12296 18433 20481 28672 57344 67072 68608 83968 98816 114688 131456 131840 164352 262240 262336 270368 303104 393344 425984
1 4099 4102 4108 8216 8240 12296 18433 20481 28672 57344 67072 68608 83968 106496 114688 131168 131264 139296 204800 262528 262912 328192 393344 458752
1 4099 4102 4108 8216 8240 12296 18433 20481 28672 57344 67072 68608 83968 106496 114688 131456 131840 197120 204800 262240 262336 270368 393344 401408
1 4099 4102 4108 8216 8240 12296 18433 20481 28672 57344 67072 68608 83968 114688 131168 131264 139296 172032 229376 262528 262912 328192 393344 458752
1 4099 4102 4108 8216 8240 12296 18433 20481 28672 57344 67072 68608 83968 114688 131456 131840 163968 197120 229376 262240 262336 270368 295040 303104
1 4099 4102 4108 8216 8240 12296 18433 20481 28672 57344 67072 68608 83968 114688 131456 131840 172032 197120 229376 262240 262336 270368 393344 401408
1 4099 4102 4108 8216 8240 12296 18433 20481 28672 57344 67072 68608 83968 114688 131456 131840 197120 229376 262240 262336 270368 303104 393344 425984
1 4099 4102 4108 8216 8240 12296 18433 28672 32864 32960 40992 57344 65920 66304 82432 98432 114688 132608 134144 147968 149504 266241 278529 282624
1 4099 4102 4108 8216 8240 12296 18433 28672 32864 32960 40992 57344 65920 66304 98432 114688 132608 134144 149504 197120 212992 266241 278529 282624
1 4099 4102 4108 8216 8240 12296 18433 28672 32864 32960 40992 57344 67072 68608 83968 114688 131456 131840 163968 197120 229376 266241 278529 282624
1 4099 4102 4108 8216 8240 12296 18433 28672 33152 33536 49664 57344 65632 65728 73760 98432 106496 132608 134144 147968 149504 266241 278529 282624
1 4099 4102 4108 8216 8240 12296 18433 28672 33152 33536 57344 67072 68608 83968 98816 114688 135169 147457 151552 262240 262336 270368 295040 303104
1 4099 4102 4108 8216 8240 12296 18433 28672 34304 35840 51200 57344 65920 66304 98816 106496 131168 131264 139296 196736 204800 266241 278529 282624
1 4099 4102 4108 8216 8240 12296 18433 28672 34304 35840 51200 57344 65920 66304 98816 131168 131264 139296 172032 196736 229376 266241 278529 282624
1 4099 4102 4108 8216 8240 12296 19456 20481 28672 32864 32960 40992 57344 65920 66304 82432 98432 114688 132608 147968 148480 264193 278529 280576
1 4099 4102 4108 8216 8240 12296 19456 20481 28672 32864 32960 40992 57344 65920 66304 98432 114688 132608 148480 197120 212992 264193 278529 280576
1 4099 4102 4108 8216 8240 12296 19456 20481 28672 32864 32960 40992 57344 65920 98432 114688 131840 132608 148480 196864 212992 264193 278529 280576
1 4099 4102 4108 8216 8240 12296 19456 20481 28672 32864 32960 40992 57344 66304 67072 82944 114688 131456 163968 196864 229376 264193 278529 280576
1 4099 4102 4108 8216 8240 12296 19456 20481 28672 32864 32960 40992 57344 67072 82944 114688 131456 131840 163968 197120 229376 264193 278529 280576
1 4099 4102 4108 8216 8240 12296 19456 20481 28672 32864 40992 57344 65728 65920 98368 114688 131840 132608 148480 196864 212992 264193 278529 280576
1 4099 4102 4108 8216 8240 12296 19456 20481 28672 32864 40992 57344 66304 67072 82944 114688 131264 131456 163904 196864 229376 264193 278529 280576
1 4099 4102 4108 8216 8240 12296 19456 20481 28672 32960 33152 41024 57344 66304 67072 82944 98560 114688 133121 147457 149504 262240 270368 270400
1 4099 4102 4108 8216 8240 12296 19456 20481 28672 32960 33152 57344 66304 67072 82944 98560 114688 133121 147457 149504 262240 270368 294976 303104
1 4099 4102 4108 8216 8240 12296 19456 20481 28672 33152 33536 49664 57344 65632 65728 73760 98432 106496 132608 147968 148480 264193 278529 280576
1 4099 4102 4108 8216 8240 12296 19456 20481 28672 33152 33536 57344 67072 82944 98816 114688 133121 147457 149504 262240 262336 270368 295040 303104
1 4099 4102 4108 8216 8240 12296 19456 20481 28672 33152 57344 66304 67072 82944 98560 114688 133121 147457 149504 262240 262336 270368 295040 303104
1 4099 4102 4108 8216 8240 12296 19456 20481 28672 33536 34304 50176 57344 65728 65920 73792 98560 106496 131168 139296 139328 264193 278529 280576
1 4099 4102 4108 8216 8240 12296 19456 20481 28672 33536 34304 50176 57344 65728 65920 98560 106496 131168 139296 196672 204800 264193 278529 280576
1 4099 4102 4108 8216 8240 12296 19456 20481 28672 33536 34304 50176 57344 65728 65920 98560 131168 139296 172032 196672 229376 264193 278529 280576
1 4099 4102 4108 8216 8240 12296 19456 20481 28672 33536 34304 50176 57344 65920 98560 106496 131168 131264 139296 196736 204800 264193 278529 280576
1 4099 4102 4108 8216 8240 12296 19456 20481 28672 33536 34304 50176 57344 65920 98560 131168 131264 139296 172032 196736 229376 264193 278529 280576
1 4099 4102 4108 8216 8240 12296 19456 20481 28672 34304 50176 57344 65920 66304 98816 106496 131168 131264 139296 196736 204800 264193 278529 280576
1 4099 4102 4108 8216 8240 12296 19456 20481 28672 34304 50176 57344 65920 66304 98816 131168 131264 139296 172032 196736 229376 264193 278529 280576
1 4099 4102 4108 8216 8240 12296 19456 28672 32864 32960 40992 57344 65920 66304 82432 98432 114688 132608 147968 148480 264193 266241 280576 282624
1 4099 4102 4108 8216 8240 12296 19456 28672 32864 32960 40992 57344 65920 66304 98432 114688 132608 148480 197120 212992 264193 266241 280576 282624
1 4099 4102 4108 8216 8240 12296 19456 28672 32864 32960 40992 57344 65920 98432 114688 131840 132608 148480 196864 212992 264193 266241 280576 282624
1 4099 4102 4108 8216 8240 12296 19456 28672 32864 32960 40992 57344 66304 67072 82944 114688 131456 163968 196864 229376 264193 266241 280576 282624
1 4099 4102 4108 8216 8240 12296 19456 28672 32864 32960 40992 57344 67072 82944 114688 131456 131840 163968 197120 229376 264193 266241 280576 282624
1 4099 4102 4108 8216 8240 12296 19456 28672 32864 40992 57344 65728 65920 98368 114688 131840 132608 148480 196864 212992 264193 266241 280576 282624
1 4099 4102 4108 8216 8240 12296 19456 28672 32864 40992 57344 66304 67072 82944 114688 131264 131456 163904 196864 229376 264193 266241 280576 282624
1 4099 4102 4108 8216 8240 12296 19456 28672 32960 33152 41024 57344 66304 67072 82944 98560 114688 133121 135169 149504 151552 262240 270368 270400
1 4099 4102 4108 8216 8240 12296 19456 28672 32960 33152 57344 66304 67072 82944 98560 114688 133121 135169 149504 151552 262240 270368 294976 303104
1 4099 4102 4108 8216 8240 12296 19456 28672 33152 33536 49664 57344 65632 65728 73760 98432 106496 132608 147968 148480 264193 266241 280576 282624
1 4099 4102 4108 8216 8240 12296 19456 28672 33152 33536 57344 67072 82944 98816 114688 133121 135169 149504 151552 262240 262336 270368 295040 303104
1 4099 4102 4108 8216 8240 12296 19456 28672 33152 57344 66304 67072 82944 98560 114688 133121 135169 149504 151552 262240 262336 270368 295040 303104
1 4099 4102 4108 8216 8240 12296 19456 28672 33536 34304 50176 57344 65728 65920 73792 98560 106496 131168 139296 139328 264193 266241 280576 282624
1 4099 4102 4108 8216 8240 12296 19456 28672 33536 34304 50176 57344 65728 65920 98560 106496 131168 139296 196672 204800 264193 266241 280576 282624
1 4099 4102 4108 8216 8240 12296 19456 28672 33536 34304 50176 57344 65728 65920 98560 131168 139296 172032 196672 229376 264193 266241 280576 282624
1 4099 4102 4108 8216 8240 12296 19456 28672 33536 34304 50176 57344 65920 98560 106496 131168 131264 139296 196736 204800 264193 266241 280576 282624
1 4099 4102 4108 8216 8240 12296 19456 28672 33536 34304 50176 57344 65920 98560 131168 131264 139296 172032 196736 229376 264193 266241 280576 282624
1 4099 4102 4108 8216 8240 12296 19456 28672 34304 50176 57344 65920 66304 98816 106496 131168 131264 139296 196736 204800 264193 266241 280576 282624
1 4099 4102 4108 8216 8240 12296 19456 28672 34304 50176 57344 65920 66304 98816 131168 131264 139296 172032 196736 229376 264193 266241 280576 282624
1 4099 4102 4108 8216 8240 12296 20481 28672 32864 32960 40992 57344 65920 66304 82432 98432 114688 132608 133121 134144 147968 278529 393217 409600
1 4099 4102 4108 8216 8240 12296 20481 28672 32864 32960 40992 57344 65920 66304 82432 98432 114688 132608 133121 147457 147968 265216 394240 395264
1 4099 4102 4108 8216 8240 12296 20481 28672 32864 32960 40992 57344 65920 66304 82432 98432 114688 132608 134144 147457 147968 264193 393217 395264
1 4099 4102 4108 8216 8240 12296 20481 28672 32864 32960 40992 57344 65920 66304 82432 98432 114688 132608 134144 147968 149504 264193 278529 280576
1 4099 4102 4108 8216 8240 12296 20481 28672 32864 32960 40992 57344 65920 66304 82432 98432 114688 132608 134144 147968 264193 278529 395264 409600
1 4099 4102 4108 8216 8240 12296 20481 28672 32864 32960 40992 57344 65920 66304 82432 98432 114688 132608 147457 147968 264193 265216 393217 394240
1 4099 4102 4108 8216 8240 12296 20481 28672 32864 32960 40992 57344 65920 66304 82432 98432 114688 132608 147968 148480 264193 265216 278529 279552
1 4099 4102 4108 8216 8240 12296 20481 28672 32864 32960 40992 57344 65920 66304 82432 98432 114688 132608 147968 264193 265216 278529 394240 409600
1 4099 4102 4108 8216 8240 12296 20481 28672 32864 32960 40992 57344 65920 66304 82432 98432 114688 133121 134144 147457 147968 263680 393728 394240
1 4099 4102 4108 8216 8240 12296 20481 28672 32864 32960 40992 57344 65920 66304 82432 98432 114688 133121 147457 147968 263680 265216 393728 395264
1 4099 4102 4108 8216 8240 12296 20481 28672 32864 32960 40992 57344 65920 66304 82432 98432 114688 147457 147968 263680 264193 265216 393217 393728
1 4099 4102 4108 8216 8240 12296 20481 28672 32864 32960 40992 57344 65920 66304 82432 98432 114688 147968 263680 264193 265216 278529 393728 409600
1 4099 4102 4108 8216 8240 12296 20481 28672 32864 32960 40992 57344 65920 66304 82432 114688 163968 196736 229376 263680 264193 265216 278529 279040
1 4099 4102 4108 8216 8240 12296 20481 28672 32864 32960 40992 57344 65920 66304 98432 114688 132608 133121 134144 147457 197120 344064 409600 458752
1 4099 4102 4108 8216 8240 12296 20481 28672 32864 32960 40992 57344 65920 66304 98432 114688 132608 133121 134144 197120 212992 278529 393217 409600
1 4099 4102 4108 8216 8240 12296 20481 28672 32864 32960 40992 57344 65920 66304 98432 114688 132608 133121 134144 197120 278529 344064 393217 458752
1 4099 4102 4108 8216 8240 12296 20481 28672 32864 32960 40992 57344 65920 66304 98432 114688 132608 133121 147457 197120 212992 265216 394240 395264
1 4099 4102 4108 8216 8240 12296 20481 28672 32864 32960 40992 57344 65920 66304 98432 114688 132608 134144 147457 197120 212992 264193 393217 395264
1 4099 4102 4108 8216 8240 12296 20481 28672 32864 32960 40992 57344 65920 66304 98432 114688 132608 134144 149504 197120 212992 264193 278529 280576
1 4099 4102 4108 8216 8240 12296 20481 28672 32864 32960 40992 57344 65920 66304 98432 114688 132608 134144 197120 212992 264193 278529 395264 409600
1 4099 4102 4108 8216 8240 12296 20481 28672 32864 32960 40992 57344 65920 66304 98432 114688 132608 134144 197120 264193 278529 344064 395264 458752
1 4099 4102 4108 8216 8240 12296 20481 28672 32864 32960 40992 57344 65920 66304 98432 114688 132608 147457 197120 212992 264193 265216 393217 394240
1 4099 4102 4108 8216 8240 12296 20481 28672 32864 32960 40992 57344 65920 66304 98432 114688 132608 148480 197120 212992 264193 265216 278529 279552
1 4099 4102 4108 8216 8240 12296 20481 28672 32864 32960 40992 57344 65920 66304 98432 114688 132608 197120 212992 264193 265216 278529 394240 409600
1 4099 4102 4108 8216 8240 12296 20481 28672 32864 32960 40992 57344 65920 66304 98432 114688 132608 197120 264193 265216 278529 344064 394240 458752
1 4099 4102 4108 8216 8240 12296 20481 28672 32864 32960 40992 57344 65920 66304 98432 114688 133121 134144 147457 197120 212992 263680 393728 394240
1 4099 4102 4108 8216 8240 12296 20481 28672 32864 32960 40992 57344 65920 66304 98432 114688 133121 147457 197120 212992 263680 265216 393728 395264
1 4099 4102 4108 8216 8240 12296 20481 28672 32864 32960 40992 57344 65920 66304 98432 114688 147457 197120 212992 263680 264193 265216 393217 393728
1 4099 4102 4108 8216 8240 12296 20481 28672 32864 32960 40992 57344 65920 66304 98432 114688 147968 197120 212992 263680 264193 265216 278529 279040
1 4099 4102 4108 8216 8240 12296 20481 28672 32864 32960 40992 57344 65920 66304 98432 114688 197120 212992 263680 264193 265216 278529 393728 409600
1 4099 4102 4108 8216 8240 12296 20481 28672 32864 32960 40992 57344 65920 66304 98432 114688 197120 263680 264193 265216 278529 344064 393728 458752
1 4099 4102 4108 8216 8240 12296 20481 28672 32864 32960 40992 57344 65920 66304 114688 163968 196736 229376 263680 264193 265216 278529 328192 344064
1 4099 4102 4108 8216 8240 12296 20481 28672 32864 32960 40992 57344 65920 82432 98432 114688 131840 196864 197120 263680 264193 265216 278529 279040
1 4099 4102 4108 8216 8240 12296 20481 28672 32864 32960 40992 57344 65920 98432 114688 131840 132608 148480 196864 212992 264193 265216 278529 279552
1 4099 4102 4108 8216 8240 12296 20481 28672 32864 32960 40992 57344 65920 98432 114688 131840 132608 196864 212992 264193 265216 278529 394240 409600
1 4099 4102 4108 8216 8240 12296 20481 28672 32864 32960 40992 57344 65920 98432 114688 131840 132608 196864 264193 265216 278529 344064 394240 458752
1 4099 4102 4108 8216 8240 12296 20481 28672 32864 32960 40992 57344 65920 98432 114688 131840 147968 196864 212992 263680 264193 265216 278529 279040
1 4099 4102 4108 8216 8240 12296 20481 28672 32864 32960 40992 57344 65920 98432 114688 131840 196864 197120 263680 264193 265216 278529 328192 344064
1 4099 4102 4108 8216 8240 12296 20481 28672 32864 32960 40992 57344 65920 98432 114688 131840 196864 212992 263680 264193 265216 278529 393728 409600
1 4099 4102 4108 8216 8240 12296 20481 28672 32864 32960 40992 57344 65920 98432 114688 131840 196864 263680 264193 265216 278529 344064 393728 458752
1 4099 4102 4108 8216 8240 12296 20481 28672 32864 32960 40992 57344 66304 67072 82944 114688 131456 163968 196864 229376 264193 265216 278529 279552
1 4099 4102 4108 8216 8240 12296 20481 28672 32864 32960 40992 57344 66304 67072 114688 131456 163968 196864 229376 264193 265216 278529 328704 344064
1 4099 4102 4108 8216 8240 12296 20481 28672 32864 32960 40992 57344 66304 82432 98432 114688 131456 196736 196864 263680 264193 265216 278529 279040
1 4099 4102 4108 8216 8240 12296 20481 28672 32864 32960 40992 57344 66304 82432 114688 131456 163968 196864 229376 263680 264193 265216 278529 279040
1 4099 4102 4108 8216 8240 12296 20481 28672 32864 32960 40992 57344 66304 98432 114688 131456 196736 196864 263680 264193 265216 278529 328192 344064
1 4099 4102 4108 8216 8240 12296 20481 28672 32864 32960 40992 57344 66304 114688 131456 163968 196864 229376 263680 264193 265216 278529 328192 344064
1 4099 4102 4108 8216 8240 12296 20481 28672 32864 32960 40992 57344 67072 67585 68608 81921 114688 131456 131840 163968 229376 328192 393728 458752
1 4099 4102 4108 8216 8240 12296 20481 28672 32864 32960 40992 57344 67072 67585 68608 81921 114688 131456 163968 197120 229376 262912 393472 393728
1 4099 4102 4108 8216 8240 12296 20481 28672 32864 32960 40992 57344 67072 67585 68608 81921 114688 131456 163968 229376 262912 328192 393472 458752
1 4099 4102 4108 8216 8240 12296 20481 28672 32864 32960 40992 57344 67072 67585 68608 81921 114688 131840 163968 197120 229376 262528 393344 393472
1 4099 4102 4108 8216 8240 12296 20481 28672 32864 32960 40992 57344 67072 67585 68608 81921 114688 131840 197120 229376 262528 295040 393472 425984
1 4099 4102 4108 8216 8240 12296 20481 28672 32864 32960 40992 57344 67072 67585 68608 81921 114688 163968 197120 229376 262528 262912 393344 393728
1 4099 4102 4108 8216 8240 12296 20481 28672 32864 32960 40992 57344 67072 67585 68608 81921 114688 163968 229376 262528 262912 328192 393344 458752
1 4099 4102 4108 8216 8240 12296 20481 28672 32864 32960 40992 57344 67072 67585 68608 81921 114688 197120 229376 262528 262912 295040 393728 425984
1 4099 4102 4108 8216 8240 12296 20481 28672 32864 32960 40992 57344 67072 67585 68608 81921 114688 229376 262528 262912 295040 328192 425984 458752
1 4099 4102 4108 8216 8240 12296 20481 28672 32864 32960 40992 57344 67072 67585 81921 114688 131456 131840 163968 197120 229376 265216 328704 329728
1 4099 4102 4108 8216 8240 12296 20481 28672 32864 32960 40992 57344 67072 68608 81921 114688 131456 131840 163968 197120 229376 264193 327681 329728
1 4099 4102 4108 8216 8240 12296 20481 28672 32864 32960 40992 57344 67072 68608 83968 114688 131456 131840 163968 197120 229376 264193 278529 280576
1 4099 4102 4108 8216 8240 12296 20481 28672 32864 32960 40992 57344 67072 68608 114688 131456 131840 163968 197120 229376 264193 278529 329728 344064
1 4099 4102 4108 8216 8240 12296 20481 28672 32864 32960 40992 57344 67072 81921 114688 131456 131840 163968 197120 229376 264193 265216 327681 328704
1 4099 4102 4108 8216 8240 12296 20481 28672 32864 32960 40992 57344 67072 82944 114688 131456 131840 163968 197120 229376 264193 265216 278529 279552
1 4099 4102 4108 8216 8240 12296 20481 28672 32864 32960 40992 57344 67072 114688 131456 131840 163968 197120 229376 264193 265216 278529 328704 344064
1 4099 4102 4108 8216 8240 12296 20481 28672 32864 32960 40992 57344 67585 68608 81921 114688 131456 131840 163968 197120 229376 263680 328192 328704
1 4099 4102 4108 8216 8240 12296 20481 28672 32864 32960 40992 57344 67585 68608 81921 114688 131456 131840 163968 229376 263680 328704 393728 458752
1 4099 4102 4108 8216 8240 12296 20481 28672 32864 32960 40992 57344 67585 68608 81921 114688 131456 163968 229376 262912 263680 328704 393472 458752
1 4099 4102 4108 8216 8240 12296 20481 28672 32864 32960 40992 57344 67585 68608 81921 114688 131840 132608 197632 229376 262528 295040 393472 425984
1 4099 4102 4108 8216 8240 12296 20481 28672 32864 32960 40992 57344 67585 68608 81921 114688 132608 197632 229376 262528 262912 295040 393728 425984
1 4099 4102 4108 8216 8240 12296 20481 28672 32864 32960 40992 57344 67585 81921 114688 131456 131840 163968 197120 229376 263680 265216 328192 329728
1 4099 4102 4108 8216 8240 12296 20481 28672 32864 32960 40992 57344 67585 81921 114688 131456 131840 163968 229376 263680 265216 329728 393728 458752
1 4099 4102 4108 8216 8240 12296 20481 28672 32864 32960 40992 57344 67585 81921 114688 132608 134144 198656 229376 262528 262912 295040 393728 425984
1 4099 4102 4108 8216 8240 12296 20481 28672 32864 32960 40992 57344 81921 114688 131456 131840 163968 197120 229376 263680 264193 265216 327681 328192
2 4099 4102 4108 8216 8240 12296 20481 28672 32864 32960 40992 57344 81921 114688 131456 131840 163968 229376 263680 264193 265216 327681 393728 458752
1 4099 4102 4108 8216 8240 12296 20481 28672 32864 32960 40992 57344 82432 98432 114688 131456 131840 196736 197120 263680 264193 265216 278529 279040
1 4099 4102 4108 8216 8240 12296 20481 28672 32864 32960 40992 57344 82432 114688 131456 131840 163968 197120 229376 263680 264193 265216 278529 279040
1 4099 4102 4108 8216 8240 12296 20481 28672 32864 32960 40992 57344 98432 114688 131456 131840 147968 196736 212992 263680 264193 265216 278529 279040
1 4099 4102 4108 8216 8240 12296 20481 28672 32864 32960 40992 57344 98432 114688 131456 131840 196736 197120 263680 264193 265216 278529 328192 344064
1 4099 4102 4108 8216 8240 12296 20481 28672 32864 32960 40992 57344 98432 114688 131456 131840 196736 212992 263680 264193 265216 278529 393728 409600
1 4099 4102 4108 8216 8240 12296 20481 28672 32864 32960 40992 57344 98432 114688 131456 131840 196736 263680 264193 265216 278529 344064 393728 458752
1 4099 4102 4108 8216 8240 12296 20481 28672 32864 32960 40992 57344 114688 131456 131840 147968 163968 212992 229376 263680 264193 265216 278529 279040
1 4099 4102 4108 8216 8240 12296 20481 28672 32864 32960 40992 57344 114688 131456 131840 163968 197120 229376 263680 264193 265216 278529 328192 344064
1 4099 4102 4108 8216 8240 12296 20481 28672 32864 32960 40992 57344 114688 131456 131840 163968 212992 229376 263680 264193 265216 278529 393728 409600
1 4099 4102 4108 8216 8240 12296 20481 28672 32864 32960 40992 57344 114688 131456 131840 163968 229376 263680 264193 265216 278529 344064 393728 458752
1 4099 4102 4108 8216 8240 12296 20481 28672 32864 32960 57344 65920 66304 82432 98432 114688 132608 133121 134144 147457 147968 270368 294944 303104
1 4099 4102 4108 8216 8240 12296 20481 28672 32864 40992 57344 65728 65920 98368 114688 131840 132608 148480 196864 212992 264193 265216 278529 279552
1 4099 4102 4108 8216 8240 12296 20481 28672 32864 40992 57344 65728 65920 98368 114688 131840 132608 196864 212992 264193 265216 278529 394240 409600
1 4099 4102 4108 8216 8240 12296 20481 28672 32864 40992 57344 65728 65920 98368 114688 131840 132608 196864 264193 265216 278529 344064 394240 458752
1 4099 4102 4108 8216 8240 12296 20481 28672 32864 40992 57344 65728 65920 98368 114688 131840 147968 196864 212992 263680 264193 265216 278529 279040
1 4099 4102 4108 8216 8240 12296 20481 28672 32864 40992 57344 65728 65920 98368 114688 131840 196864 212992 263680 264193 265216 278529 393728 409600
1 4099 4102 4108 8216 8240 12296 20481 28672 32864 40992 57344 65728 65920 98368 114688 131840 196864 263680 264193 265216 278529 344064 393728 458752
1 4099 4102 4108 8216 8240 12296 20481 28672 32864 40992 57344 65728 98368 114688 131456 131840 147968 196736 212992 263680 264193 265216 278529 279040
2 4099 4102 4108 8216 8240 12296 20481 28672 32864 40992 57344 65728 98368 114688 131456 131840 196736 212992 263680 264193 265216 278529 393728 409600
1 4099 4102 4108 8216 8240 12296 20481 28672 32864 40992 57344 65920 66304 82432 98432 114688 132608 133121 134144 147457 147968 262336 294976 295040
1 4099 4102 4108 8216 8240 12296 20481 28672 32864 40992 57344 65920 66304 82432 114688 131264 163904 196736 229376 263680 264193 265216 278529 279040
1 4099 4102 4108 8216 8240 12296 20481 28672 32864 40992 57344 65920 66304 98432 114688 132608 133121 134144 147457 197120 212992 262336 294976 295040
1 4099 4102 4108 8216 8240 12296 20481 28672 32864 40992 57344 65920 66304 114688 131264 163904 196736 229376 263680 264193 265216 278529 328192 344064
1 4099 4102 4108 8216 8240 12296 20481 28672 32864 40992 57344 66304 67072 82944 114688 131264 131456 163904 196864 229376 264193 265216 278529 279552
1 4099 4102 4108 8216 8240 12296 20481 28672 32864 40992 57344 66304 67072 114688 131264 131456 163904 196864 229376 264193 265216 278529 328704 344064
1 4099 4102 4108 8216 8240 12296 20481 28672 32864 40992 57344 66304 82432 114688 131264 131456 163904 196864 229376 263680 264193 265216 278529 279040
1 4099 4102 4108 8216 8240 12296 20481 28672 32864 40992 57344 66304 114688 131264 131456 163904 196864 229376 263680 264193 265216 278529 328192 344064
1 4099 4102 4108 8216 8240 12296 20481 28672 32864 40992 57344 67072 67585 68608 81921 114688 131264 131456 163904 229376 262912 328192 393472 458752
1 4099 4102 4108 8216 8240 12296 20481 28672 32864 40992 57344 67072 67585 68608 81921 114688 131840 197120 229376 262336 262528 294976 393472 425984
1 4099 4102 4108 8216 8240 12296 20481 28672 32864 40992 57344 67585 68608 81921 114688 131264 131456 163904 229376 262912 263680 328704 393472 458752
1 4099 4102 4108 8216 8240 12296 20481 28672 32864 40992 57344 67585 68608 81921 114688 131840 132608 197632 229376 262336 262528 294976 393472 425984
1 4099 4102 4108 8216 8240 12296 20481 28672 32960 33152 41024 57344 66304 67072 82944 98560 114688 133121 134144 147457 148480 262240 270368 270400
1 4099 4102 4108 8216 8240 12296 20481 28672 32960 33152 41024 57344 66304 67072 98560 114688 133121 134144 147457 197632 212992 262240 270368 270400
1 4099 4102 4108 8216 8240 12296 20481 28672 32960 33152 41024 57344 67585 68608 81921 114688 131840 132608 164096 197632 229376 262240 270368 270400
1 4099 4102 4108 8216 8240 12296 20481 28672 32960 33152 57344 66304 67072 82944 98560 114688 133121 134144 147457 148480 262240 270368 294976 303104
1 4099 4102 4108 8216 8240 12296 20481 28672 32960 33152 57344 66304 67072 98560 114688 133121 134144 147457 197632 212992 262240 270368 294976 303104
1 4099 4102 4108 8216 8240 12296 20481 28672 32960 33152 57344 66304 82432 98560 114688 132608 133121 134144 147457 147968 262240 270368 294976 303104
1 4099 4102 4108 8216 8240 12296 20481 28672 32960 33152 57344 66304 98560 114688 132608 133121 134144 147457 197120 212992 262240 270368 294976 303104
1 4099 4102 4108 8216 8240 12296 20481 28672 32960 33152 57344 67072 67585 68608 81921 114688 131840 164096 197120 229376 262240 270368 294976 303104
1 4099 4102 4108 8216 8240 12296 20481 28672 32960 33152 57344 67585 68608 81921 114688 131840 132608 164096 197632 229376 262240 270368 294976 303104
1 4099 4102 4108 8216 8240 12296 20481 28672 32960 40992 57344 65920 66304 82432 98432 114688 132608 133121 134144 147457 147968 262240 294944 294976
1 4099 4102 4108 8216 8240 12296 20481 28672 32960 57344 65920 66304 82432 98432 114688 132608 133121 134144 147457 147968 262240 270368 294976 303104
1 4099 4102 4108 8216 8240 12296 20481 28672 33152 33536 49664 57344 65632 65728 73760 98432 106496 132608 133121 134144 147968 278529 393217 409600
1 4099 4102 4108 8216 8240 12296 20481 28672 33152 33536 49664 57344 65632 65728 73760 98432 106496 132608 133121 147457 147968 265216 394240 395264
1 4099 4102 4108 8216 8240 12296 20481 28672 33152 33536 49664 57344 65632 65728 73760 98432 106496 132608 134144 147457 147968 264193 393217 395264
1 4099 4102 4108 8216 8240 12296 20481 28672 33152 33536 49664 57344 65632 65728 73760 98432 106496 132608 134144 147968 149504 264193 278529 280576
1 4099 4102 4108 8216 8240 12296 20481 28672 33152 33536 49664 57344 65632 65728 73760 98432 106496 132608 134144 147968 264193 278529 395264 409600
1 4099 4102 4108 8216 8240 12296 20481 28672 33152 33536 49664 57344 65632 65728 73760 98432 106496 132608 147457 147968 264193 265216 393217 394240
1 4099 4102 4108 8216 8240 12296 20481 28672 33152 33536 49664 57344 65632 65728 73760 98432 106496 132608 147968 148480 264193 265216 278529 279552
1 4099 4102 4108 8216 8240 12296 20481 28672 33152 33536 49664 57344 65632 65728 73760 98432 106496 132608 147968 264193 265216 278529 394240 409600
1 4099 4102 4108 8216 8240 12296 20481 28672 33152 33536 49664 57344 65632 65728 73760 98432 106496 133121 134144 147457 147968 263680 393728 394240
1 4099 4102 4108 8216 8240 12296 20481 28672 33152 33536 49664 57344 65632 65728 73760 98432 106496 133121 147457 147968 263680 265216 393728 395264
1 4099 4102 4108 8216 8240 12296 20481 28672 33152 33536 49664 57344 65632 65728 73760 98432 106496 147457 147968 263680 264193 265216 393217 393728
1 4099 4102 4108 8216 8240 12296 20481 28672 33152 33536 49664 57344 65632 65728 73760 98432 106496 147968 263680 264193 265216 278529 393728 409600
1 4099 4102 4108 8216 8240 12296 20481 28672 33152 33536 49664 57344 65632 65728 73760 98432 172032 204800 229376 263680 264193 265216 278529 279040
1 4099 4102 4108 8216 8240 12296 20481 28672 33152 33536 49664 57344 65632 65728 98432 106496 139296 196640 204800 263680 264193 265216 278529 279040
1 4099 4102 4108 8216 8240 12296 20481 28672 33152 33536 49664 57344 65632 65728 98432 139296 172032 196640 229376 263680 264193 265216 278529 279040
1 4099 4102 4108 8216 8240 12296 20481 28672 33152 33536 49664 57344 65632 73760 98432 106496 131264 196672 196736 263680 264193 265216 278529 279040
1 4099 4102 4108 8216 8240 12296 20481 28672 33152 33536 49664 57344 65728 73760 98432 106496 131168 196640 196672 263680 264193 265216 278529 279040
1 4099 4102 4108 8216 8240 12296 20481 28672 33152 33536 49664 57344 65728 98432 106496 131168 139296 196672 204800 263680 264193 265216 278529 279040
1 4099 4102 4108 8216 8240 12296 20481 28672 33152 33536 49664 57344 65728 98432 131168 139296 172032 196672 229376 263680 264193 265216 278529 279040
1 4099 4102 4108 8216 8240 12296 20481 28672 33152 33536 49664 57344 73760 98432 106496 131168 131264 196640 196736 263680 264193 265216 278529 279040
1 4099 4102 4108 8216 8240 12296 20481 28672 33152 33536 49664 57344 98432 106496 131168 131264 139296 196736 204800 263680 264193 265216 278529 279040
1 4099 4102 4108 8216 8240 12296 20481 28672 33152 33536 49664 57344 98432 131168 131264 139296 172032 196736 229376 263680 264193 265216 278529 279040
2 4099 4102 4108 8216 8240 12296 20481 28672 33152 33536 57344 67072 67585 68608 81921 98816 114688 131168 131264 139296 163968 303104 401408 425984
1 4099 4102 4108 8216 8240 12296 20481 28672 33152 33536 57344 67072 67585 68608 81921 98816 114688 131168 131264 163968 172032 270368 393248 401408
1 4099 4102 4108 8216 8240 12296 20481 28672 33152 33536 57344 67072 67585 68608 81921 98816 114688 131168 131264 163968 270368 303104 393248 425984
1 4099 4102 4108 8216 8240 12296 20481 28672 33152 33536 57344 67072 67585 68608 81921 98816 114688 131168 139296 163968 172032 262336 393280 393344
1 4099 4102 4108 8216 8240 12296 20481 28672 33152 33536 57344 67072 67585 68608 81921 98816 114688 131264 163968 172032 262240 270368 393280 401408
2 4099 4102 4108 8216 8240 12296 20481 28672 33152 33536 57344 67072 67585 68608 81921 98816 114688 139296 163968 172032 262240 262336 393248 393344
1 4099 4102 4108 8216 8240 12296 20481 28672 33152 33536 57344 67072 67585 68608 81921 114688 164352 197120 229376 262240 262336 270368 295040 303104
1 4099 4102 4108 8216 8240 12296 20481 28672 33152 33536 57344 67072 67585 68608 98816 114688 147457 196609 212992 262240 262336 270368 295040 303104
1 4099 4102 4108 8216 8240 12296 20481 28672 33152 33536 57344 67072 67585 81921 98816 114688 134144 197632 198656 262240 262336 270368 295040 303104
1 4099 4102 4108 8216 8240 12296 20481 28672 33152 33536 57344 67072 68608 81921 98816 114688 133121 196609 198656 262240 262336 270368 295040 303104
1 4099 4102 4108 8216 8240 12296 20481 28672 33152 33536 57344 67072 68608 83968 98816 114688 133121 147457 149504 262240 262336 270368 295040 303104
1 4099 4102 4108 8216 8240 12296 20481 28672 33152 33536 57344 67072 68608 98816 114688 133121 147457 198656 212992 262240 262336 270368 295040 303104
1 4099 4102 4108 8216 8240 12296 20481 28672 33152 33536 57344 67072 81921 98816 114688 133121 134144 196609 197632 262240 262336 270368 295040 303104
1 4099 4102 4108 8216 8240 12296 20481 28672 33152 33536 57344 67072 82944 98816 114688 133121 134144 147457 148480 262240 262336 270368 295040 303104
1 4099 4102 4108 8216 8240 12296 20481 28672 33152 33536 57344 67072 98816 114688 133121 134144 147457 197632 212992 262240 262336 270368 295040 303104
1 4099 4102 4108 8216 8240 12296 20481 28672 33152 33536 57344 67585 68608 81921 98816 114688 132608 197120 197632 262240 262336 270368 295040 303104
1 4099 4102 4108 8216 8240 12296 20481 28672 33152 33536 57344 67585 68608 81921 114688 132608 164352 197632 229376 262240 262336 270368 295040 303104
1 4099 4102 4108 8216 8240 12296 20481 28672 33152 33536 57344 67585 81921 98816 114688 132608 134144 197120 198656 262240 262336 270368 295040 303104
1 4099 4102 4108 8216 8240 12296 20481 28672 33152 33536 57344 67585 81921 114688 132608 134144 164352 198656 229376 262240 262336 270368 295040 303104
1 4099 4102 4108 8216 8240 12296 20481 28672 33152 33536 57344 81921 98816 114688 132608 133121 134144 196609 197120 262240 262336 270368 295040 303104
1 4099 4102 4108 8216 8240 12296 20481 28672 33152 33536 57344 81921 114688 132608 133121 134144 164352 196609 229376 262240 262336 270368 295040 303104
1 4099 4102 4108 8216 8240 12296 20481 28672 33152 33536 57344 82432 98816 114688 132608 133121 134144 147457 147968 262240 262336 270368 295040 303104
1 4099 4102 4108 8216 8240 12296 20481 28672 33152 33536 57344 98816 114688 132608 133121 134144 147457 197120 212992 262240 262336 270368 295040 303104
1 4099 4102 4108 8216 8240 12296 20481 28672 33152 33536 57344 114688 132608 133121 134144 147457 164352 212992 229376 262240 262336 270368 295040 303104
1 4099 4102 4108 8216 8240 12296 20481 28672 33152 49664 57344 66304 98560 98816 131168 131264 139296 163968 172032 263680 264193 265216 278529 279040
1 4099 4102 4108 8216 8240 12296 20481 28672 33152 57344 66304 67072 82944 98560 114688 133121 134144 147457 148480 262240 262336 270368 295040 303104
1 4099 4102 4108 8216 8240 12296 20481 28672 33152 57344 66304 67072 98560 114688 133121 134144 147457 197632 212992 262240 262336 270368 295040 303104
1 4099 4102 4108 8216 8240 12296 20481 28672 33152 57344 66304 82432 98560 114688 132608 133121 134144 147457 147968 262240 262336 270368 295040 303104
1 4099 4102 4108 8216 8240 12296 20481 28672 33152 57344 66304 98560 114688 132608 133121 134144 147457 197120 212992 262240 262336 270368 295040 303104
1 4099 4102 4108 8216 8240 12296 20481 28672 33152 57344 67072 67585 68608 81921 98816 114688 131840 164096 164352 262240 262336 270368 295040 303104
1 4099 4102 4108 8216 8240 12296 20481 28672 33152 57344 67072 67585 68608 81921 114688 131840 164096 197120 229376 262240 262336 270368 295040 303104
1 4099 4102 4108 8216 8240 12296 20481 28672 33152 57344 67585 68608 81921 114688 131840 132608 164096 197632 229376 262240 262336 270368 295040 303104
1 4099 4102 4108 8216 8240 12296 20481 28672 33536 34304 50176 57344 65728 65920 73792 98560 106496 131168 139296 139328 264193 265216 278529 279552
1 4099 4102 4108 8216 8240 12296 20481 28672 33536 34304 50176 57344 65728 65920 98560 106496 131168 139296 196672 204800 264193 265216 278529 279552
1 4099 4102 4108 8216 8240 12296 20481 28672 33536 34304 50176 57344 65728 65920 98560 131168 139296 172032 196672 229376 264193 265216 278529 279552
1 4099 4102 4108 8216 8240 12296 20481 28672 33536 34304 50176 57344 65920 98560 106496 131168 131264 139296 196736 204800 264193 265216 278529 279552
1 4099 4102 4108 8216 8240 12296 20481 28672 33536 34304 50176 57344 65920 98560 131168 131264 139296 172032 196736 229376 264193 265216 278529 279552
1 4099 4102 4108 8216 8240 12296 20481 28672 33536 34304 57344 67585 68608 81921 99328 114688 131264 131456 139328 164096 172032 262240 270368 270400
1 4099 4102 4108 8216 8240 12296 20481 28672 33536 34304 57344 67585 68608 81921 99328 114688 131264 131456 164096 172032 262240 270368 393280 401408
1 4099 4102 4108 8216 8240 12296 20481 28672 33536 34304 57344 67585 68608 81921 99328 114688 131264 131456 164096 262240 270368 303104 393280 425984
1 4099 4102 4108 8216 8240 12296 20481 28672 33536 34304 57344 67585 68608 81921 99328 114688 131456 164096 172032 262240 262336 270368 393344 401408
1 4099 4102 4108 8216 8240 12296 20481 28672 33536 34304 57344 67585 68608 81921 99328 114688 131456 164096 262240 262336 270368 303104 393344 425984
1 4099 4102 4108 8216 8240 12296 20481 28672 33536 49664 57344 65728 65920 98560 106496 131168 139296 196672 204800 263680 264193 265216 278529 279040
1 4099 4102 4108 8216 8240 12296 20481 28672 33536 49664 57344 65728 65920 98560 131168 139296 172032 196672 229376 263680 264193 265216 278529 279040
1 4099 4102 4108 8216 8240 12296 20481 28672 33536 49664 57344 65920 98432 98560 131168 131264 139296 163968 172032 263680 264193 265216 278529 279040
1 4099 4102 4108 8216 8240 12296 20481 28672 33536 49664 57344 65920 98560 106496 131168 131264 139296 196736 204800 263680 264193 265216 278529 279040
1 4099 4102 4108 8216 8240 12296 20481 28672 33536 49664 57344 65920 98560 131168 131264 139296 172032 196736 229376 263680 264193 265216 278529 279040
1 4099 4102 4108 8216 8240 12296 20481 28672 33536 57344 67072 67585 68608 81921 98816 114688 131264 131456 164096 172032 262240 270368 393280 401408
1 4099 4102 4108 8216 8240 12296 20481 28672 33536 57344 67072 67585 68608 81921 98816 114688 131264 131456 164096 262240 270368 303104 393280 425984
1 4099 4102 4108 8216 8240 12296 20481 28672 33536 57344 67072 67585 68608 81921 98816 114688 131456 163968 164096 262240 262336 270368 295040 303104
1 4099 4102 4108 8216 8240 12296 20481 28672 33536 57344 67072 67585 68608 81921 98816 114688 131456 164096 172032 262240 262336 270368 393344 401408
1 4099 4102 4108 8216 8240 12296 20481 28672 33536 57344 67072 67585 68608 81921 98816 114688 131456 164096 262240 262336 270368 303104 393344 425984
1 4099 4102 4108 8216 8240 12296 20481 28672 34304 34817 35840 49153 57344 65920 66304 98816 139296 172032 196736 229376 262240 262336 393248 393344
1 4099 4102 4108 8216 8240 12296 20481 28672 34304 34817 35840 49153 57344 65920 66304 98816 139296 172032 229376 262240 262336 327808 393248 458752
1 4099 4102 4108 8216 8240 12296 20481 28672 34304 34817 35840 49153 57344 65920 66304 98816 172032 196736 229376 262240 262336 270368 393344 401408
1 4099 4102 4108 8216 8240 12296 20481 28672 34304 34817 35840 49153 57344 65920 66304 98816 172032 204800 229376 262240 262336 270368 327808 335872
1 4099 4102 4108 8216 8240 12296 20481 28672 34304 34817 35840 49153 57344 65920 66304 98816 172032 229376 262240 262336 270368 327808 401408 458752
1 4099 4102 4108 8216 8240 12296 20481 28672 34304 34817 35840 49153 57344 65920 66304 98816 196736 229376 262240 262336 270368 303104 393344 425984
1 4099 4102 4108 8216 8240 12296 20481 28672 34304 34817 35840 49153 57344 65920 66304 98816 229376 262240 262336 270368 303104 327808 425984 458752
1 4099 4102 4108 8216 8240 12296 20481 28672 34304 34817 35840 49153 57344 65920 98816 106496 131168 131264 139296 196736 204800 262912 327936 328192
1 4099 4102 4108 8216 8240 12296 20481 28672 34304 34817 35840 49153 57344 65920 98816 131168 131264 139296 172032 196736 229376 262912 327936 328192
1 4099 4102 4108 8216 8240 12296 20481 28672 34304 34817 35840 49153 57344 66304 98816 106496 131168 131264 139296 196736 204800 262528 327808 327936
1 4099 4102 4108 8216 8240 12296 20481 28672 34304 34817 35840 49153 57344 66304 98816 106496 131168 131264 139296 204800 262528 327936 393344 458752
1 4099 4102 4108 8216 8240 12296 20481 28672 34304 34817 35840 49153 57344 66304 98816 106496 131168 139296 204800 262336 262528 327936 393280 458752
1 4099 4102 4108 8216 8240 12296 20481 28672 34304 34817 35840 49153 57344 66304 98816 106496 131264 131456 196864 204800 262240 270368 393280 401408
1 4099 4102 4108 8216 8240 12296 20481 28672 34304 34817 35840 49153 57344 66304 98816 106496 131456 196864 204800 262240 262336 270368 393344 401408
1 4099 4102 4108 8216 8240 12296 20481 28672 34304 34817 35840 49153 57344 66304 98816 131168 131264 139296 172032 196736 229376 262528 327808 327936
1 4099 4102 4108 8216 8240 12296 20481 28672 34304 34817 35840 49153 57344 66304 98816 131168 131264 139296 172032 229376 262528 327936 393344 458752
1 4099 4102 4108 8216 8240 12296 20481 28672 34304 34817 35840 49153 57344 66304 98816 131168 139296 172032 229376 262336 262528 327936 393280 458752
1 4099 4102 4108 8216 8240 12296 20481 28672 34304 34817 35840 49153 57344 66304 98816 131264 131456 172032 196864 229376 262240 270368 393280 401408
1 4099 4102 4108 8216 8240 12296 20481 28672 34304 34817 35840 49153 57344 66304 98816 131264 131456 196864 229376 262240 270368 303104 393280 425984
1 4099 4102 4108 8216 8240 12296 20481 28672 34304 34817 35840 49153 57344 66304 98816 131456 172032 196864 229376 262240 262336 270368 393344 401408
1 4099 4102 4108 8216 8240 12296 20481 28672 34304 34817 35840 49153 57344 66304 98816 131456 196864 229376 262240 262336 270368 303104 393344 425984
1 4099 4102 4108 8216 8240 12296 20481 28672 34304 34817 35840 49153 57344 98816 106496 131168 131264 139296 196736 204800 262528 262912 327808 328192
1 4099 4102 4108 8216 8240 12296 20481 28672 34304 34817 35840 49153 57344 98816 106496 131168 131264 139296 204800 262528 262912 328192 393344 458752
1 4099 4102 4108 8216 8240 12296 20481 28672 34304 34817 35840 49153 57344 98816 106496 131456 131840 197120 204800 262240 262336 270368 393344 401408
1 4099 4102 4108 8216 8240 12296 20481 28672 34304 34817 35840 49153 57344 98816 131168 131264 139296 172032 196736 229376 262528 262912 327808 328192
1 4099 4102 4108 8216 8240 12296 20481 28672 34304 34817 35840 49153 57344 98816 131168 131264 139296 172032 229376 262528 262912 328192 393344 458752
1 4099 4102 4108 8216 8240 12296 20481 28672 34304 34817 35840 49153 57344 98816 131456 131840 172032 197120 229376 262240 262336 270368 393344 401408
1 4099 4102 4108 8216 8240 12296 20481 28672 34304 34817 35840 49153 57344 98816 131456 131840 197120 229376 262240 262336 270368 303104 393344 425984
1 4099 4102 4108 8216 8240 12296 20481 28672 34304 34817 49153 57344 68608 99328 100352 131456 131840 164352 172032 262240 262336 270368 393344 401408
1 4099 4102 4108 8216 8240 12296 20481 28672 34304 34817 49153 57344 68608 99328 100352 131456 131840 164352 262240 262336 270368 303104 393344 425984
1 4099 4102 4108 8216 8240 12296 20481 28672 34304 35840 49153 57344 67585 98305 100352 131456 131840 164352 172032 262240 262336 270368 393344 401408
1 4099 4102 4108 8216 8240 12296 20481 28672 34304 35840 49153 57344 67585 98305 100352 131456 131840 164352 262240 262336 270368 303104 393344 425984
1 4099 4102 4108 8216 8240 12296 20481 28672 34304 35840 51200 57344 65920 66304 98816 106496 131168 131264 139296 196736 204800 264193 278529 280576
1 4099 4102 4108 8216 8240 12296 20481 28672 34304 35840 51200 57344 65920 66304 98816 131168 131264 139296 172032 196736 229376 264193 278529 280576
1 4099 4102 4108 8216 8240 12296 20481 28672 34304 35840 57344 67585 81921 100352 114688 131456 131840 164352 172032 262240 262336 270368 393344 401408
1 4099 4102 4108 8216 8240 12296 20481 28672 34304 35840 57344 67585 81921 100352 114688 131456 131840 164352 262240 262336 270368 303104 393344 425984
1 4099 4102 4108 8216 8240 12296 20481 28672 34304 49153 57344 67585 68608 98305 99328 131456 131840 164352 172032 262240 262336 270368 393344 401408
1 4099 4102 4108 8216 8240 12296 20481 28672 34304 49153 57344 67585 68608 98305 99328 131456 131840 164352 262240 262336 270368 303104 393344 425984
1 4099 4102 4108 8216 8240 12296 20481 28672 34304 50176 57344 65920 66304 98816 106496 131168 131264 139296 196736 204800 264193 265216 278529 279552
1 4099 4102 4108 8216 8240 12296 20481 28672 34304 50176 57344 65920 66304 98816 131168 131264 139296 172032 196736 229376 264193 265216 278529 279552
1 4099 4102 4108 8216 8240 12296 20481 28672 34304 57344 67585 68608 81921 99328 114688 131456 131840 164352 172032 262240 262336 270368 393344 401408
1 4099 4102 4108 8216 8240 12296 20481 28672 34304 57344 67585 68608 81921 99328 114688 131456 131840 164352 262240 262336 270368 303104 393344 425984
1 4099 4102 4108 8216 8240 12296 20481 28672 34817 35840 49153 57344 66304 67072 99328 106496 131264 131456 139328 196864 204800 262240 270368 270400
1 4099 4102 4108 8216 8240 12296 20481 28672 34817 35840 49153 57344 66304 67072 99328 106496 131264 131456 196864 204800 262240 270368 393280 401408
1 4099 4102 4108 8216 8240 12296 20481 28672 34817 35840 49153 57344 66304 67072 99328 106496 131264 131456 196864 262240 270368 335872 393280 458752
1 4099 4102 4108 8216 8240 12296 20481 28672 34817 35840 49153 57344 66304 67072 99328 106496 131456 196864 204800 262240 262336 270368 393344 401408
1 4099 4102 4108 8216 8240 12296 20481 28672 34817 35840 49153 57344 66304 67072 99328 106496 131456 196864 262240 262336 270368 335872 393344 458752
1 4099 4102 4108 8216 8240 12296 20481 28672 34817 35840 49153 57344 66304 67072 99328 131264 131456 139328 172032 196864 229376 262240 270368 270400
1 4099 4102 4108 8216 8240 12296 20481 28672 34817 35840 49153 57344 66304 67072 99328 131264 131456 172032 196864 229376 262240 270368 393280 401408
1 4099 4102 4108 8216 8240 12296 20481 28672 34817 35840 49153 57344 66304 67072 99328 131264 131456 196864 229376 262240 270368 303104 393280 425984
1 4099 4102 4108 8216 8240 12296 20481 28672 34817 35840 49153 57344 66304 67072 99328 131264 131456 196864 262240 270368 303104 360448 393280 458752
1 4099 4102 4108 8216 8240 12296 20481 28672 34817 35840 49153 57344 66304 67072 99328 131456 172032 196864 229376 262240 262336 270368 393344 401408
1 4099 4102 4108 8216 8240 12296 20481 28672 34817 35840 49153 57344 66304 67072 99328 131456 196864 229376 262240 262336 270368 303104 393344 425984
1 4099 4102 4108 8216 8240 12296 20481 28672 34817 35840 49153 57344 66304 67072 99328 131456 196864 262240 262336 270368 303104 360448 393344 458752
1 4099 4102 4108 8216 8240 12296 20481 28672 34817 35840 49153 57344 67072 98816 99328 131456 131840 164352 172032 262240 262336 270368 393344 401408
1 4099 4102 4108 8216 8240 12296 20481 28672 34817 35840 49153 57344 67072 98816 99328 131456 131840 164352 262240 262336 270368 303104 393344 425984
1 4099 4102 4108 8216 8240 12296 20481 28672 34817 35840 49153 57344 67072 99328 106496 131456 131840 197120 204800 262240 262336 270368 393344 401408
1 4099 4102 4108 8216 8240 12296 20481 28672 34817 35840 49153 57344 67072 99328 106496 131456 131840 197120 262240 262336 270368 335872 393344 458752
1 4099 4102 4108 8216 8240 12296 20481 28672 34817 35840 49153 57344 67072 99328 131456 131840 172032 197120 229376 262240 262336 270368 393344 401408
1 4099 4102 4108 8216 8240 12296 20481 28672 34817 35840 49153 57344 67072 99328 131456 131840 197120 229376 262240 262336 270368 303104 393344 425984
1 4099 4102 4108 8216 8240 12296 20481 28672 34817 35840 49153 57344 67072 99328 131456 131840 197120 262240 262336 270368 303104 360448 393344 458752
1 4099 4102 4108 8216 8240 12296 20481 28672 34817 49153 57344 67072 68608 98816 100352 131456 131840 164352 172032 262240 262336 270368 393344 401408
1 4099 4102 4108 8216 8240 12296 20481 28672 34817 49153 57344 67072 68608 98816 100352 131456 131840 164352 262240 262336 270368 303104 393344 425984
1 4099 4102 4108 8216 8240 12296 20481 28672 34817 49153 57344 67072 68608 100352 106496 131168 131264 139296 204800 262528 262912 328192 393344 458752
1 4099 4102 4108 8216 8240 12296 20481 28672 34817 49153 57344 67072 68608 100352 106496 131456 131840 197120 204800 262240 262336 270368 393344 401408
1 4099 4102 4108 8216 8240 12296 20481 28672 34817 49153 57344 67072 68608 100352 131168 131264 139296 172032 229376 262528 262912 328192 393344 458752
1 4099 4102 4108 8216 8240 12296 20481 28672 34817 49153 57344 67072 68608 100352 131456 131840 172032 197120 229376 262240 262336 270368 393344 401408
1 4099 4102 4108 8216 8240 12296 20481 28672 34817 49153 57344 67072 68608 100352 131456 131840 197120 229376 262240 262336 270368 303104 393344 425984
1 4099 4102 4108 8216 8240 12296 20481 28672 40992 57344 65632 65728 98336 114688 131456 131840 147968 196736 212992 263680 264193 265216 278529 279040
1 4099 4102 4108 8216 8240 12296 20481 28672 40992 57344 65920 66304 82432 98432 114688 132608 133121 134144 147457 147968 262240 262336 294944 295040
1 4099 4102 4108 8216 8240 12296 20481 28672 40992 57344 65920 66304 82432 114688 131168 131264 163872 196736 229376 263680 264193 265216 278529 279040
2 4099 4102 4108 8216 8240 12296 20481 28672 40992 57344 65920 66304 98432 114688 132608 133121 134144 147457 197120 212992 262240 262336 294944 295040
1 4099 4102 4108 8216 8240 12296 20481 28672 40992 57344 65920 66304 114688 131168 131264 163872 196736 229376 263680 264193 265216 278529 328192 344064
1 4099 4102 4108 8216 8240 12296 20481 28672 40992 57344 67072 67585 68608 81921 114688 131456 131840 163968 197120 229376 262240 262336 294944 295040
1 4099 4102 4108 8216 8240 12296 20481 28672 40992 57344 67072 67585 68608 81921 114688 131456 131840 197120 229376 262240 262336 294944 393344 425984
1 4099 4102 4108 8216 8240 12296 20481 28672 49153 57344 67072 67585 68608 98305 98816 131456 131840 164352 172032 262240 262336 270368 393344 401408
1 4099 4102 4108 8216 8240 12296 20481 28672 49153 57344 67072 67585 68608 98305 98816 131456 131840 164352 262240 262336 270368 303104 393344 425984
1 4099 4102 4108 8216 8240 12296 20481 28672 49664 57344 65920 66304 98432 98816 131168 131264 139296 163968 172032 263680 264193 265216 278529 279040
1 4099 4102 4108 8216 8240 12296 20481 28672 49664 57344 65920 66304 98816 106496 131168 131264 139296 196736 204800 263680 264193 265216 278529 279040
1 4099 4102 4108 8216 8240 12296 20481 28672 49664 57344 65920 66304 98816 131168 131264 139296 172032 196736 229376 263680 264193 265216 278529 279040
1 4099 4102 4108 8216 8240 12296 20481 28672 57344 65632 65728 73760 106496 114688 131456 131840 147968 196736 212992 263680 264193 265216 278529 279040
1 4099 4102 4108 8216 8240 12296 20481 28672 57344 65920 66304 82432 98432 114688 132608 133121 134144 147457 147968 262240 262336 270368 295040 303104
1 4099 4102 4108 8216 8240 12296 20481 28672 57344 65920 66304 82432 106496 114688 131168 131264 139296 196736 204800 263680 264193 265216 278529 279040
1 4099 4102 4108 8216 8240 12296 20481 28672 57344 65920 66304 82432 114688 131168 131264 139296 172032 196736 229376 263680 264193 265216 278529 279040
2 4099 4102 4108 8216 8240 12296 20481 28672 57344 65920 66304 106496 114688 131168 131264 139296 196736 204800 263680 264193 265216 278529 328192 344064
2 4099 4102 4108 8216 8240 12296 20481 28672 57344 65920 66304 114688 131168 131264 139296 172032 196736 229376 263680 264193 265216 278529 328192 344064
1 4099 4102 4108 8216 8240 12296 20481 28672 57344 67072 67585 68608 81921 98816 114688 131456 131840 163968 164352 262240 262336 270368 295040 303104
1 4099 4102 4108 8216 8240 12296 20481 28672 57344 67072 67585 68608 81921 98816 114688 131456 131840 164352 172032 262240 262336 270368 393344 401408
1 4099 4102 4108 8216 8240 12296 20481 28672 57344 67072 67585 68608 81921 98816 114688 131456 131840 164352 262240 262336 270368 303104 393344 425984
1 4099 4102 4108 8216 8240 12296 20481 28672 57344 67072 67585 68608 81921 114688 131456 131840 163968 197120 229376 262240 262336 270368 295040 303104
1 4099 4102 4108 8216 8240 12296 20481 28672 57344 67072 67585 68608 81921 114688 131456 131840 172032 197120 229376 262240 262336 270368 393344 401408
1 4099 4102 4108 8216 8240 12296 20481 28672 57344 67072 67585 68608 81921 114688 131456 131840 197120 229376 262240 262336 270368 303104 393344 425984
1 4099 4102 4108 8216 8240 12296 24608 28672 32864 32960 49184 49280 65920 66304 82048 86016 132608 133121 135169 197120 200704 265216 394240 395264
1 4099 4102 4108 8216 8240 12296 24608 28672 32864 32960 49184 49280 65920 66304 82048 86016 132608 134144 135169 197120 200704 264193 393217 395264
1 4099 4102 4108 8216 8240 12296 24608 28672 32864 32960 49184 49280 65920 66304 82048 86016 132608 134144 197120 200704 264193 266241 395264 397312
1 4099 4102 4108 8216 8240 12296 24608 28672 32864 32960 49184 49280 65920 66304 82048 86016 132608 134144 197120 264193 266241 331776 395264 458752
1 4099 4102 4108 8216 8240 12296 24608 28672 32864 32960 49184 49280 65920 66304 82048 86016 132608 135169 197120 200704 264193 265216 393217 394240
1 4099 4102 4108 8216 8240 12296 24608 28672 32864 32960 49184 49280 65920 66304 82048 86016 133121 135169 197120 200704 263680 265216 393728 395264
1 4099 4102 4108 8216 8240 12296 24608 28672 32864 32960 49184 49280 65920 66304 82048 86016 135169 197120 200704 263680 264193 265216 393217 393728
2 4099 4102 4108 8216 8240 12296 24608 28672 32864 32960 49184 49280 65920 66304 82048 132608 133121 134144 151552 197120 212992 266241 393217 397312
2 4099 4102 4108 8216 8240 12296 24608 28672 32864 32960 49184 49280 65920 66304 82048 132608 133121 134144 197120 212992 266241 282624 393217 409600
1 4099 4102 4108 8216 8240 12296 24608 28672 32864 32960 49184 49280 65920 66304 82048 132608 133121 135169 151552 197120 212992 265216 394240 395264
1 4099 4102 4108 8216 8240 12296 24608 28672 32864 32960 49184 49280 65920 66304 82048 132608 134144 135169 151552 197120 212992 264193 393217 395264
1 4099 4102 4108 8216 8240 12296 24608 28672 32864 32960 49184 49280 65920 66304 82048 132608 134144 151552 197120 212992 264193 266241 395264 397312
1 4099 4102 4108 8216 8240 12296 24608 28672 32864 32960 49184 49280 65920 66304 82048 132608 134144 197120 212992 264193 266241 282624 395264 409600
1 4099 4102 4108 8216 8240 12296 24608 28672 32864 32960 49184 49280 65920 66304 82048 132608 134144 197120 264193 266241 282624 344064 395264 458752
1 4099 4102 4108 8216 8240 12296 24608 28672 32864 32960 49184 49280 65920 66304 82048 132608 135169 151552 197120 212992 264193 265216 393217 394240
1 4099 4102 4108 8216 8240 12296 24608 28672 32864 32960 49184 49280 65920 66304 82048 132608 197120 212992 264193 265216 266241 282624 394240 409600
1 4099 4102 4108 8216 8240 12296 24608 28672 32864 32960 49184 49280 65920 66304 82048 132608 197120 264193 265216 266241 282624 344064 394240 458752
1 4099 4102 4108 8216 8240 12296 24608 28672 32864 32960 49184 49280 65920 66304 82048 133121 134144 135169 151552 197120 212992 263680 393728 394240
1 4099 4102 4108 8216 8240 12296 24608 28672 32864 32960 49184 49280 65920 66304 82048 133121 135169 151552 197120 212992 263680 265216 393728 395264
1 4099 4102 4108 8216 8240 12296 24608 28672 32864 32960 49184 49280 65920 66304 82048 135169 151552 197120 212992 263680 264193 265216 393217 393728
1 4099 4102 4108 8216 8240 12296 24608 28672 32864 32960 49184 49280 65920 82048 131840 132608 196864 212992 264193 265216 266241 282624 394240 409600
1 4099 4102 4108 8216 8240 12296 24608 28672 32864 32960 49184 49280 65920 82048 131840 132608 196864 264193 265216 266241 282624 344064 394240 458752
1 4099 4102 4108 8216 8240 12296 24608 28672 32864 32960 49184 53248 65920 66304 98432 102400 132608 133121 135169 197120 200704 265216 394240 395264
1 4099 4102 4108 8216 8240 12296 24608 28672 32864 32960 49184 53248 65920 66304 98432 102400 132608 134144 135169 197120 200704 264193 393217 395264
1 4099 4102 4108 8216 8240 12296 24608 28672 32864 32960 49184 53248 65920 66304 98432 102400 132608 134144 197120 200704 264193 266241 395264 397312
1 4099 4102 4108 8216 8240 12296 24608 28672 32864 32960 49184 53248 65920 66304 98432 102400 132608 135169 197120 200704 264193 265216 393217 394240
1 4099 4102 4108 8216 8240 12296 24608 28672 32864 32960 49184 53248 65920 66304 98432 102400 133121 135169 197120 200704 263680 265216 393728 395264
1 4099 4102 4108 8216 8240 12296 24608 28672 32864 32960 49184 53248 65920 66304 98432 102400 133121 135169 200704 263680 265216 328192 395264 458752
1 4099 4102 4108 8216 8240 12296 24608 28672 32864 32960 49184 53248 65920 66304 98432 102400 135169 197120 200704 263680 264193 265216 393217 393728
1 4099 4102 4108 8216 8240 12296 24608 28672 32864 32960 49184 53248 65920 66304 98432 132608 133121 135169 167936 197120 229376 265216 394240 395264
1 4099 4102 4108 8216 8240 12296 24608 28672 32864 32960 49184 53248 65920 66304 98432 132608 134144 135169 167936 197120 229376 264193 393217 395264
1 4099 4102 4108 8216 8240 12296 24608 28672 32864 32960 49184 53248 65920 66304 98432 132608 134144 167936 197120 229376 264193 266241 395264 397312
1 4099 4102 4108 8216 8240 12296 24608 28672 32864 32960 49184 53248 65920 66304 98432 132608 134144 197120 229376 264193 266241 299008 395264 425984
1 4099 4102 4108 8216 8240 12296 24608 28672 32864 32960 49184 53248 65920 66304 98432 132608 135169 167936 197120 229376 264193 265216 393217 394240
1 4099 4102 4108 8216 8240 12296 24608 28672 32864 32960 49184 53248 65920 66304 98432 133121 135169 167936 197120 229376 263680 265216 393728 395264
1 4099 4102 4108 8216 8240 12296 24608 28672 32864 32960 49184 53248 65920 66304 98432 133121 135169 167936 229376 263680 265216 328192 395264 458752
1 4099 4102 4108 8216 8240 12296 24608 28672 32864 32960 49184 53248 65920 66304 98432 135169 167936 197120 229376 263680 264193 265216 393217 393728
1 4099 4102 4108 8216 8240 12296 24608 28672 32864 32960 49184 65920 66304 86016 98432 114688 132608 133121 135169 197120 200704 265216 394240 395264
1 4099 4102 4108 8216 8240 12296 24608 28672 32864 32960 49184 65920 66304 86016 98432 114688 132608 134144 135169 197120 200704 264193 393217 395264
1 4099 4102 4108 8216 8240 12296 24608 28672 32864 32960 49184 65920 66304 86016 98432 114688 132608 134144 197120 200704 264193 266241 395264 397312
1 4099 4102 4108 8216 8240 12296 24608 28672 32864 32960 49184 65920 66304 86016 98432 114688 132608 135169 197120 200704 264193 265216 393217 394240
1 4099 4102 4108 8216 8240 12296 24608 28672 32864 32960 49184 65920 66304 86016 98432 114688 133121 135169 197120 200704 263680 265216 393728 395264
1 4099 4102 4108 8216 8240 12296 24608 28672 32864 32960 49184 65920 66304 86016 98432 114688 133121 135169 200704 263680 265216 328192 395264 458752
1 4099 4102 4108 8216 8240 12296 24608 28672 32864 32960 49184 65920 66304 86016 98432 114688 135169 197120 200704 263680 264193 265216 393217 393728
1 4099 4102 4108 8216 8240 12296 24608 28672 32864 32960 49184 65920 66304 98432 114688 132608 133121 134144 151552 197120 212992 266241 393217 397312
1 4099 4102 4108 8216 8240 12296 24608 28672 32864 32960 49184 65920 66304 98432 114688 132608 133121 134144 197120 212992 266241 282624 393217 409600
1 4099 4102 4108 8216 8240 12296 24608 28672 32864 32960 49184 65920 66304 98432 114688 132608 133121 135169 151552 197120 212992 265216 394240 395264
1 4099 4102 4108 8216 8240 12296 24608 28672 32864 32960 49184 65920 66304 98432 114688 132608 134144 135169 151552 197120 212992 264193 393217 395264
1 4099 4102 4108 8216 8240 12296 24608 28672 32864 32960 49184 65920 66304 98432 114688 132608 134144 151552 197120 212992 264193 266241 395264 397312
1 4099 4102 4108 8216 8240 12296 24608 28672 32864 32960 49184 65920 66304 98432 114688 132608 134144 197120 212992 264193 266241 282624 395264 409600
1 4099 4102 4108 8216 8240 12296 24608 28672 32864 32960 49184 65920 66304 98432 114688 132608 135169 151552 197120 212992 264193 265216 393217 394240
1 4099 4102 4108 8216 8240 12296 24608 28672 32864 32960 49184 65920 66304 98432 114688 132608 197120 212992 264193 265216 266241 282624 394240 409600
1 4099 4102 4108 8216 8240 12296 24608 28672 32864 32960 49184 65920 66304 98432 114688 133121 134144 135169 151552 197120 212992 263680 393728 394240
1 4099 4102 4108 8216 8240 12296 24608 28672 32864 32960 49184 65920 66304 98432 114688 133121 134144 135169 151552 212992 263680 328192 394240 458752
1 4099 4102 4108 8216 8240 12296 24608 28672 32864 32960 49184 65920 66304 98432 114688 133121 135169 151552 197120 212992 263680 265216 393728 395264
1 4099 4102 4108 8216 8240 12296 24608 28672 32864 32960 49184 65920 66304 98432 114688 133121 135169 151552 212992 263680 265216 328192 395264 458752
1 4099 4102 4108 8216 8240 12296 24608 28672 32864 32960 49184 65920 66304 98432 114688 135169 151552 197120 212992 263680 264193 265216 393217 393728
1 4099 4102 4108 8216 8240 12296 24608 28672 32864 32960 49184 65920 66304 98432 132608 133121 135169 151552 180224 197120 229376 265216 394240 395264
1 4099 4102 4108 8216 8240 12296 24608 28672 32864 32960 49184 65920 66304 98432 132608 134144 135169 151552 180224 197120 229376 264193 393217 395264
1 4099 4102 4108 8216 8240 12296 24608 28672 32864 32960 49184 65920 66304 98432 132608 134144 151552 180224 197120 229376 264193 266241 395264 397312
1 4099 4102 4108 8216 8240 12296 24608 28672 32864 32960 49184 65920 66304 98432 132608 134144 180224 197120 229376 264193 266241 282624 395264 409600
1 4099 4102 4108 8216 8240 12296 24608 28672 32864 32960 49184 65920 66304 98432 132608 134144 197120 229376 264193 266241 282624 311296 395264 425984
1 4099 4102 4108 8216 8240 12296 24608 28672 32864 32960 49184 65920 66304 98432 132608 135169 151552 180224 197120 229376 264193 265216 393217 394240
1 4099 4102 4108 8216 8240 12296 24608 28672 32864 32960 49184 65920 66304 98432 132608 180224 197120 229376 264193 265216 266241 282624 394240 409600
1 4099 4102 4108 8216 8240 12296 24608 28672 32864 32960 49184 65920 66304 98432 132608 197120 229376 264193 265216 266241 282624 311296 394240 425984
1 4099 4102 4108 8216 8240 12296 24608 28672 32864 32960 49184 65920 66304 98432 133121 134144 135169 151552 180224 197120 229376 263680 393728 394240
1 4099 4102 4108 8216 8240 12296 24608 28672 32864 32960 49184 65920 66304 98432 133121 134144 135169 151552 180224 229376 263680 328192 394240 458752
1 4099 4102 4108 8216 8240 12296 24608 28672 32864 32960 49184 65920 66304 98432 133121 135169 151552 180224 197120 229376 263680 265216 393728 395264
1 4099 4102 4108 8216 8240 12296 24608 28672 32864 32960 49184 65920 66304 98432 133121 135169 151552 180224 229376 263680 265216 328192 395264 458752
1 4099 4102 4108 8216 8240 12296 24608 28672 32864 32960 49184 65920 66304 98432 135169 151552 180224 197120 229376 263680 264193 265216 393217 393728
1 4099 4102 4108 8216 8240 12296 24608 28672 32864 32960 49184 65920 98432 114688 131840 132608 196864 212992 264193 265216 266241 282624 394240 409600
1 4099 4102 4108 8216 8240 12296 24608 28672 32864 32960 49184 65920 98432 114688 133121 134144 135169 151552 212992 262912 263680 327936 394240 458752
1 4099 4102 4108 8216 8240 12296 24608 28672 32864 32960 49184 65920 98432 131840 132608 180224 196864 229376 264193 265216 266241 282624 394240 409600
1 4099 4102 4108 8216 8240 12296 24608 28672 32864 32960 49184 65920 98432 131840 132608 196864 229376 264193 265216 266241 282624 311296 394240 425984
1 4099 4102 4108 8216 8240 12296 24608 28672 32864 32960 49184 65920 98432 133121 134144 135169 151552 180224 229376 262912 263680 327936 394240 458752
1 4099 4102 4108 8216 8240 12296 24608 28672 32864 49184 49216 65728 65920 81984 131840 132608 196864 212992 264193 265216 266241 282624 394240 409600
1 4099 4102 4108 8216 8240 12296 24608 28672 32864 49184 49216 65728 65920 81984 133121 134144 135169 151552 212992 262912 263680 327936 394240 458752
1 4099 4102 4108 8216 8240 12296 24608 28672 32864 49184 65728 65920 98368 114688 131840 132608 196864 212992 264193 265216 266241 282624 394240 409600
1 4099 4102 4108 8216 8240 12296 24608 28672 32864 49184 65728 65920 98368 114688 131840 132608 196864 264193 265216 266241 282624 344064 394240 458752
1 4099 4102 4108 8216 8240 12296 24608 28672 32864 49184 65728 65920 98368 131840 132608 180224 196864 229376 264193 265216 266241 282624 394240 409600
1 4099 4102 4108 8216 8240 12296 24608 28672 32864 49184 65728 65920 98368 131840 132608 196864 229376 264193 265216 266241 282624 311296 394240 425984
1 4099 4102 4108 8216 8240 12296 24608 28672 32864 49184 65728 65920 98368 131840 132608 196864 264193 265216 266241 282624 311296 360448 394240 458752
1 4099 4102 4108 8216 8240 12296 24640 28672 32960 33152 49216 49408 66304 67072 82176 133121 134144 135169 151552 197632 212992 262240 270368 270400
1 4099 4102 4108 8216 8240 12296 24640 28672 32960 33152 49216 66304 67072 98560 114688 133121 134144 135169 151552 197632 212992 262240 270368 270400
1 4099 4102 4108 8216 8240 12296 24640 28672 32960 33152 49216 66304 67072 98560 133121 134144 135169 151552 180224 197632 229376 262240 270368 270400
1 4099 4102 4108 8216 8240 12296 28672 32864 32960 40992 49280 57344 65920 66304 82048 82432 132608 133121 134144 147968 151552 266241 393217 397312
1 4099 4102 4108 8216 8240 12296 28672 32864 32960 40992 49280 57344 65920 66304 82048 82432 132608 133121 134144 147968 266241 282624 393217 409600
1 4099 4102 4108 8216 8240 12296 28672 32864 32960 40992 49280 57344 65920 66304 82048 82432 132608 133121 135169 147968 151552 265216 394240 395264
1 4099 4102 4108 8216 8240 12296 28672 32864 32960 40992 49280 57344 65920 66304 82048 82432 132608 134144 135169 147968 151552 264193 393217 395264
1 4099 4102 4108 8216 8240 12296 28672 32864 32960 40992 49280 57344 65920 66304 82048 82432 132608 134144 147968 151552 264193 266241 395264 397312
1 4099 4102 4108 8216 8240 12296 28672 32864 32960 40992 49280 57344 65920 66304 82048 82432 132608 134144 147968 264193 266241 282624 395264 409600
1 4099 4102 4108 8216 8240 12296 28672 32864 32960 40992 49280 57344 65920 66304 82048 82432 132608 135169 147968 151552 264193 265216 393217 394240
1 4099 4102 4108 8216 8240 12296 28672 32864 32960 40992 49280 57344 65920 66304 82048 82432 132608 147968 264193 265216 266241 282624 394240 409600
1 4099 4102 4108 8216 8240 12296 28672 32864 32960 40992 49280 57344 65920 66304 82048 82432 133121 135169 147968 151552 263680 265216 393728 395264
1 4099 4102 4108 8216 8240 12296 28672 32864 32960 40992 49280 57344 65920 66304 82048 82432 135169 147968 151552 263680 264193 265216 393217 393728
1 4099 4102 4108 8216 8240 12296 28672 32864 32960 40992 49280 57344 65920 66304 82048 86016 132608 133121 135169 197120 200704 265216 394240 395264
1 4099 4102 4108 8216 8240 12296 28672 32864 32960 40992 49280 57344 65920 66304 82048 86016 132608 134144 135169 197120 200704 264193 393217 395264
1 4099 4102 4108 8216 8240 12296 28672 32864 32960 40992 49280 57344 65920 66304 82048 86016 132608 134144 197120 200704 264193 266241 395264 397312
1 4099 4102 4108 8216 8240 12296 28672 32864 32960 40992 49280 57344 65920 66304 82048 86016 132608 135169 197120 200704 264193 265216 393217 394240
1 4099 4102 4108 8216 8240 12296 28672 32864 32960 40992 49280 57344 65920 66304 82048 86016 133121 135169 197120 200704 263680 265216 393728 395264
1 4099 4102 4108 8216 8240 12296 28672 32864 32960 40992 49280 57344 65920 66304 82048 86016 133121 135169 200704 263680 265216 328192 395264 458752
1 4099 4102 4108 8216 8240 12296 28672 32864 32960 40992 49280 57344 65920 66304 82048 86016 135169 197120 200704 263680 264193 265216 393217 393728
1 4099 4102 4108 8216 8240 12296 28672 32864 32960 40992 49280 57344 65920 66304 82048 132608 133121 135169 151552 197120 212992 265216 394240 395264
1 4099 4102 4108 8216 8240 12296 28672 32864 32960 40992 49280 57344 65920 66304 82048 132608 134144 135169 151552 197120 212992 264193 393217 395264
1 4099 4102 4108 8216 8240 12296 28672 32864 32960 40992 49280 57344 65920 66304 82048 132608 134144 151552 197120 212992 264193 266241 395264 397312
1 4099 4102 4108 8216 8240 12296 28672 32864 32960 40992 49280 57344 65920 66304 82048 132608 134144 197120 212992 264193 266241 282624 395264 409600
1 4099 4102 4108 8216 8240 12296 28672 32864 32960 40992 49280 57344 65920 66304 82048 132608 135169 151552 197120 212992 264193 265216 393217 394240
1 4099 4102 4108 8216 8240 12296 28672 32864 32960 40992 49280 57344 65920 66304 82048 132608 197120 212992 264193 265216 266241 282624 394240 409600
1 4099 4102 4108 8216 8240 12296 28672 32864 32960 40992 49280 57344 65920 66304 82048 133121 134144 135169 151552 197120 212992 263680 393728 394240
1 4099 4102 4108 8216 8240 12296 28672 32864 32960 40992 49280 57344 65920 66304 82048 133121 134144 135169 151552 212992 263680 328192 394240 458752
1 4099 4102 4108 8216 8240 12296 28672 32864 32960 40992 49280 57344 65920 66304 82048 133121 135169 151552 197120 212992 263680 265216 393728 395264
1 4099 4102 4108 8216 8240 12296 28672 32864 32960 40992 49280 57344 65920 66304 82048 133121 135169 151552 212992 263680 265216 328192 395264 458752
1 4099 4102 4108 8216 8240 12296 28672 32864 32960 40992 49280 57344 65920 66304 82048 135169 151552 197120 212992 263680 264193 265216 393217 393728
2 4099 4102 4108 8216 8240 12296 28672 32864 32960 40992 49280 57344 65920 82048 82176 131840 132608 147712 264193 265216 266241 282624 394240 409600
1 4099 4102 4108 8216 8240 12296 28672 32864 32960 40992 49280 57344 65920 82048 131840 132608 196864 212992 264193 265216 266241 282624 394240 409600
1 4099 4102 4108 8216 8240 12296 28672 32864 32960 40992 49280 57344 65920 82048 133121 134144 135169 151552 212992 262912 263680 327936 394240 458752
1 4099 4102 4108 8216 8240 12296 28672 32864 32960 40992 53248 57344 65920 66304 98432 102400 132608 133121 135169 197120 200704 265216 394240 395264
1 4099 4102 4108 8216 8240 12296 28672 32864 32960 40992 53248 57344 65920 66304 98432 102400 132608 134144 135169 197120 200704 264193 393217 395264
1 4099 4102 4108 8216 8240 12296 28672 32864 32960 40992 53248 57344 65920 66304 98432 102400 132608 134144 197120 200704 264193 266241 395264 397312
1 4099 4102 4108 8216 8240 12296 28672 32864 32960 40992 53248 57344 65920 66304 98432 102400 132608 135169 197120 200704 264193 265216 393217 394240
1 4099 4102 4108 8216 8240 12296 28672 32864 32960 40992 53248 57344 65920 66304 98432 102400 133121 135169 197120 200704 263680 265216 393728 395264
1 4099 4102 4108 8216 8240 12296 28672 32864 32960 40992 53248 57344 65920 66304 98432 102400 133121 135169 200704 263680 265216 328192 395264 458752
1 4099 4102 4108 8216 8240 12296 28672 32864 32960 40992 53248 57344 65920 66304 98432 102400 135169 197120 200704 263680 264193 265216 393217 393728
1 4099 4102 4108 8216 8240 12296 28672 32864 32960 40992 53248 57344 67072 67585 69633 102400 134144 197632 198656 262528 262912 295040 328192 360448
1 4099 4102 4108 8216 8240 12296 28672 32864 32960 40992 53248 57344 67072 68608 69633 102400 133121 196609 198656 262528 262912 295040 328192 360448
1 4099 4102 4108 8216 8240 12296 28672 32864 32960 40992 53248 57344 67072 68608 102400 133121 135169 198656 200704 262528 262912 295040 328192 360448
1 4099 4102 4108 8216 8240 12296 28672 32864 32960 40992 53248 57344 67072 69633 102400 133121 134144 196609 197632 262528 262912 295040 328192 360448
1 4099 4102 4108 8216 8240 12296 28672 32864 32960 40992 53248 57344 67585 69633 102400 132608 134144 197120 198656 262528 262912 295040 328192 360448
1 4099 4102 4108 8216 8240 12296 28672 32864 32960 40992 53248 57344 67585 69633 102400 132608 134144 198656 229376 262528 262912 295040 393728 425984
1 4099 4102 4108 8216 8240 12296 28672 32864 32960 40992 53248 57344 67585 69633 102400 132608 134144 198656 262528 262912 295040 360448 393728 458752
1 4099 4102 4108 8216 8240 12296 28672 32864 32960 40992 53248 57344 69633 102400 132608 133121 134144 196609 197120 262528 262912 295040 328192 360448
1 4099 4102 4108 8216 8240 12296 28672 32864 32960 40992 57344 65920 66304 82432 98432 114688 132608 133121 134144 147457 147968 266241 278529 282624
1 4099 4102 4108 8216 8240 12296 28672 32864 32960 40992 57344 65920 66304 82432 98432 114688 132608 133121 134144 147968 151552 266241 393217 397312
1 4099 4102 4108 8216 8240 12296 28672 32864 32960 40992 57344 65920 66304 82432 98432 114688 132608 133121 134144 147968 266241 282624 393217 409600
1 4099 4102 4108 8216 8240 12296 28672 32864 32960 40992 57344 65920 66304 82432 98432 114688 132608 133121 135169 147968 151552 265216 394240 395264
1 4099 4102 4108 8216 8240 12296 28672 32864 32960 40992 57344 65920 66304 82432 98432 114688 132608 134144 135169 147968 151552 264193 393217 395264
1 4099 4102 4108 8216 8240 12296 28672 32864 32960 40992 57344 65920 66304 82432 98432 114688 132608 134144 147968 149504 264193 266241 280576 282624
1 4099 4102 4108 8216 8240 12296 28672 32864 32960 40992 57344 65920 66304 82432 98432 114688 132608 134144 147968 151552 264193 266241 395264 397312
1 4099 4102 4108 8216 8240 12296 28672 32864 32960 40992 57344 65920 66304 82432 98432 114688 132608 134144 147968 264193 266241 282624 395264 409600
1 4099 4102 4108 8216 8240 12296 28672 32864 32960 40992 57344 65920 66304 82432 98432 114688 132608 135169 147968 151552 264193 265216 393217 394240
1 4099 4102 4108 8216 8240 12296 28672 32864 32960 40992 57344 65920 66304 82432 98432 114688 132608 147968 264193 265216 266241 282624 394240 409600
1 4099 4102 4108 8216 8240 12296 28672 32864 32960 40992 57344 65920 66304 82432 98432 114688 133121 135169 147968 151552 263680 265216 393728 395264
1 4099 4102 4108 8216 8240 12296 28672 32864 32960 40992 57344 65920 66304 82432 98432 114688 135169 147968 151552 263680 264193 265216 393217 393728
1 4099 4102 4108 8216 8240 12296 28672 32864 32960 40992 57344 65920 66304 86016 98432 114688 132608 133121 135169 197120 200704 265216 394240 395264
1 4099 4102 4108 8216 8240 12296 28672 32864 32960 40992 57344 65920 66304 86016 98432 114688 132608 134144 135169 197120 200704 264193 393217 395264
1 4099 4102 4108 8216 8240 12296 28672 32864 32960 40992 57344 65920 66304 86016 98432 114688 132608 134144 197120 200704 264193 266241 395264 397312
1 4099 4102 4108 8216 8240 12296 28672 32864 32960 40992 57344 65920 66304 86016 98432 114688 132608 134144 197120 264193 266241 331776 395264 458752
1 4099 4102 4108 8216 8240 12296 28672 32864 32960 40992 57344 65920 66304 86016 98432 114688 132608 135169 197120 200704 264193 265216 393217 394240
1 4099 4102 4108 8216 8240 12296 28672 32864 32960 40992 57344 65920 66304 86016 98432 114688 133121 135169 197120 200704 263680 265216 393728 395264
1 4099 4102 4108 8216 8240 12296 28672 32864 32960 40992 57344 65920 66304 86016 98432 114688 135169 197120 200704 263680 264193 265216 393217 393728
2 4099 4102 4108 8216 8240 12296 28672 32864 32960 40992 57344 65920 66304 98432 114688 132608 133121 134144 151552 197120 212992 266241 393217 397312
2 4099 4102 4108 8216 8240 12296 28672 32864 32960 40992 57344 65920 66304 98432 114688 132608 133121 134144 197120 212992 266241 282624 393217 409600
1 4099 4102 4108 8216 8240 12296 28672 32864 32960 40992 57344 65920 66304 98432 114688 132608 133121 135169 151552 197120 212992 265216 394240 395264
1 4099 4102 4108 8216 8240 12296 28672 32864 32960 40992 57344 65920 66304 98432 114688 132608 134144 135169 151552 197120 212992 264193 393217 395264
1 4099 4102 4108 8216 8240 12296 28672 32864 32960 40992 57344 65920 66304 98432 114688 132608 134144 149504 197120 212992 264193 266241 280576 282624
1 4099 4102 4108 8216 8240 12296 28672 32864 32960 40992 57344 65920 66304 98432 114688 132608 134144 151552 197120 212992 264193 266241 395264 397312
1 4099 4102 4108 8216 8240 12296 28672 32864 32960 40992 57344 65920 66304 98432 114688 132608 134144 197120 212992 264193 266241 282624 395264 409600
1 4099 4102 4108 8216 8240 12296 28672 32864 32960 40992 57344 65920 66304 98432 114688 132608 134144 197120 264193 266241 282624 344064 395264 458752
1 4099 4102 4108 8216 8240 12296 28672 32864 32960 40992 57344 65920 66304 98432 114688 132608 135169 151552 197120 212992 264193 265216 393217 394240
1 4099 4102 4108 8216 8240 12296 28672 32864 32960 40992 57344 65920 66304 98432 114688 132608 197120 212992 264193 265216 266241 282624 394240 409600
1 4099 4102 4108 8216 8240 12296 28672 32864 32960 40992 57344 65920 66304 98432 114688 132608 197120 264193 265216 266241 282624 344064 394240 458752
1 4099 4102 4108 8216 8240 12296 28672 32864 32960 40992 57344 65920 66304 98432 114688 133121 134144 135169 151552 197120 212992 263680 393728 394240
1 4099 4102 4108 8216 8240 12296 28672 32864 32960 40992 57344 65920 66304 98432 114688 133121 135169 151552 197120 212992 263680 265216 393728 395264
1 4099 4102 4108 8216 8240 12296 28672 32864 32960 40992 57344 65920 66304 98432 114688 135169 151552 197120 212992 263680 264193 265216 393217 393728
2 4099 4102 4108 8216 8240 12296 28672 32864 32960 40992 57344 65920 98432 114688 131840 132608 196864 212992 264193 265216 266241 282624 394240 409600
1 4099 4102 4108 8216 8240 12296 28672 32864 32960 40992 57344 65920 98432 114688 131840 132608 196864 264193 265216 266241 282624 344064 394240 458752
2 4099 4102 4108 8216 8240 12296 28672 32864 32960 40992 57344 66304 67072 114688 131456 163968 196864 229376 264193 265216 266241 282624 328704 344064
1 4099 4102 4108 8216 8240 12296 28672 32864 32960 40992 57344 67072 67585 69633 86016 114688 131456 131840 163968 197120 229376 265216 328704 329728
1 4099 4102 4108 8216 8240 12296 28672 32864 32960 40992 57344 67072 68608 69633 86016 114688 131456 131840 163968 197120 229376 264193 327681 329728
1 4099 4102 4108 8216 8240 12296 28672 32864 32960 40992 57344 67072 68608 83968 114688 131456 131840 163968 197120 229376 264193 266241 280576 282624
1 4099 4102 4108 8216 8240 12296 28672 32864 32960 40992 57344 67072 68608 86016 114688 131456 131840 163968 197120 229376 264193 266241 329728 331776
1 4099 4102 4108 8216 8240 12296 28672 32864 32960 40992 57344 67072 68608 114688 131456 131840 163968 197120 229376 264193 266241 282624 329728 344064
1 4099 4102 4108 8216 8240 12296 28672 32864 32960 40992 57344 67072 69633 86016 114688 131456 131840 163968 197120 229376 264193 265216 327681 328704
1 4099 4102 4108 8216 8240 12296 28672 32864 32960 40992 57344 67072 114688 131456 131840 163968 197120 229376 264193 265216 266241 282624 328704 344064
1 4099 4102 4108 8216 8240 12296 28672 32864 32960 40992 57344 67585 68608 69633 86016 114688 131456 131840 163968 197120 229376 263680 328192 328704
1 4099 4102 4108 8216 8240 12296 28672 32864 32960 40992 57344 67585 68608 69633 86016 114688 131456 131840 163968 229376 263680 328704 393728 458752
1 4099 4102 4108 8216 8240 12296 28672 32864 32960 40992 57344 67585 68608 69633 86016 114688 131456 163968 229376 262912 263680 328704 393472 458752
1 4099 4102 4108 8216 8240 12296 28672 32864 32960 40992 57344 67585 68608 69633 86016 114688 131840 132608 197632 229376 262528 295040 393472 425984
1 4099 4102 4108 8216 8240 12296 28672 32864 32960 40992 57344 67585 68608 69633 86016 114688 132608 197632 229376 262528 262912 295040 393728 425984
1 4099 4102 4108 8216 8240 12296 28672 32864 32960 40992 57344 67585 69633 86016 114688 131456 131840 163968 197120 229376 263680 265216 328192 329728
1 4099 4102 4108 8216 8240 12296 28672 32864 32960 40992 57344 67585 69633 86016 114688 131456 131840 163968 229376 263680 265216 329728 393728 458752
1 4099 4102 4108 8216 8240 12296 28672 32864 32960 40992 57344 67585 69633 86016 114688 132608 134144 198656 229376 262528 262912 295040 393728 425984
1 4099 4102 4108 8216 8240 12296 28672 32864 32960 40992 57344 69633 86016 114688 131456 131840 163968 197120 229376 263680 264193 265216 327681 328192
1 4099 4102 4108 8216 8240 12296 28672 32864 40992 49216 57344 65728 65920 81984 133121 134144 135169 151552 212992 262912 263680 327936 394240 458752
1 4099 4102 4108 8216 8240 12296 28672 32864 40992 57344 65728 65920 98368 114688 131840 132608 196864 264193 265216 266241 282624 344064 394240 458752
1 4099 4102 4108 8216 8240 12296 28672 32864 40992 57344 67585 68608 69633 86016 114688 131264 131456 163904 229376 262912 263680 328704 393472 458752
1 4099 4102 4108 8216 8240 12296 28672 32864 40992 57344 67585 68608 69633 86016 114688 131840 132608 197632 229376 262336 262528 294976 393472 425984
1 4099 4102 4108 8216 8240 12296 28672 32960 33152 41024 57344 67585 68608 69633 86016 114688 131840 132608 164096 197632 229376 262240 270368 270400
1 4099 4102 4108 8216 8240 12296 28672 32960 33152 57344 67585 68608 69633 86016 114688 131840 132608 164096 197632 229376 262240 270368 294976 303104
1 4099 4102 4108 8216 8240 12296 28672 33152 33536 49664 57344 65632 65728 73760 98432 106496 132608 133121 134144 147457 147968 266241 278529 282624
1 4099 4102 4108 8216 8240 12296 28672 33152 33536 49664 57344 65632 65728 73760 98432 106496 132608 133121 134144 147968 151552 266241 393217 397312
1 4099 4102 4108 8216 8240 12296 28672 33152 33536 49664 57344 65632 65728 73760 98432 106496 132608 133121 134144 147968 266241 282624 393217 409600
1 4099 4102 4108 8216 8240 12296 28672 33152 33536 49664 57344 65632 65728 73760 98432 106496 132608 133121 135169 147968 151552 265216 394240 395264
1 4099 4102 4108 8216 8240 12296 28672 33152 33536 49664 57344 65632 65728 73760 98432 106496 132608 134144 135169 147968 151552 264193 393217 395264
1 4099 4102 4108 8216 8240 12296 28672 33152 33536 49664 57344 65632 65728 73760 98432 106496 132608 134144 147968 149504 264193 266241 280576 282624
1 4099 4102 4108 8216 8240 12296 28672 33152 33536 49664 57344 65632 65728 73760 98432 106496 132608 134144 147968 151552 264193 266241 395264 397312
1 4099 4102 4108 8216 8240 12296 28672 33152 33536 49664 57344 65632 65728 73760 98432 106496 132608 134144 147968 264193 266241 282624 395264 409600
1 4099 4102 4108 8216 8240 12296 28672 33152 33536 49664 57344 65632 65728 73760 98432 106496 132608 135169 147968 151552 264193 265216 393217 394240
1 4099 4102 4108 8216 8240 12296 28672 33152 33536 49664 57344 65632 65728 73760 98432 106496 133121 135169 147968 151552 263680 265216 393728 395264
1 4099 4102 4108 8216 8240 12296 28672 33152 33536 49664 57344 65632 65728 73760 98432 106496 135169 147968 151552 263680 264193 265216 393217 393728
1 4099 4102 4108 8216 8240 12296 28672 33152 33536 53248 57344 67072 67585 69633 98816 102400 134144 197632 198656 262240 262336 270368 295040 303104
1 4099 4102 4108 8216 8240 12296 28672 33152 33536 53248 57344 67072 68608 69633 98816 102400 133121 196609 198656 262240 262336 270368 295040 303104
1 4099 4102 4108 8216 8240 12296 28672 33152 33536 53248 57344 67072 68608 98816 102400 133121 135169 198656 200704 262240 262336 270368 295040 303104
1 4099 4102 4108 8216 8240 12296 28672 33152 33536 53248 57344 67072 69633 98816 102400 133121 134144 196609 197632 262240 262336 270368 295040 303104
1 4099 4102 4108 8216 8240 12296 28672 33152 33536 53248 57344 67585 69633 98816 102400 132608 134144 197120 198656 262240 262336 270368 295040 303104
1 4099 4102 4108 8216 8240 12296 28672 33152 33536 53248 57344 67585 69633 102400 132608 134144 164352 198656 229376 262240 262336 270368 295040 303104
1 4099 4102 4108 8216 8240 12296 28672 33152 33536 53248 57344 69633 98816 102400 132608 133121 134144 196609 197120 262240 262336 270368 295040 303104
2 4099 4102 4108 8216 8240 12296 28672 33152 33536 57344 67072 67585 68608 86016 98816 114688 135169 196609 200704 262240 262336 270368 295040 303104
2 4099 4102 4108 8216 8240 12296 28672 33152 33536 57344 67072 67585 68608 98816 114688 135169 151552 196609 212992 262240 262336 270368 295040 303104
1 4099 4102 4108 8216 8240 12296 28672 33152 33536 57344 67072 67585 69633 86016 98816 114688 134144 197632 198656 262240 262336 270368 295040 303104
1 4099 4102 4108 8216 8240 12296 28672 33152 33536 57344 67072 68608 69633 86016 98816 114688 133121 196609 198656 262240 262336 270368 295040 303104
1 4099 4102 4108 8216 8240 12296 28672 33152 33536 57344 67072 68608 83968 98816 114688 133121 135169 149504 151552 262240 262336 270368 295040 303104
1 4099 4102 4108 8216 8240 12296 28672 33152 33536 57344 67072 68608 86016 98816 114688 133121 135169 198656 200704 262240 262336 270368 295040 303104
1 4099 4102 4108 8216 8240 12296 28672 33152 33536 57344 67072 68608 98816 114688 133121 135169 151552 198656 212992 262240 262336 270368 295040 303104
1 4099 4102 4108 8216 8240 12296 28672 33152 33536 57344 67072 69633 86016 98816 114688 133121 134144 196609 197632 262240 262336 270368 295040 303104
1 4099 4102 4108 8216 8240 12296 28672 33152 33536 57344 67585 69633 86016 98816 114688 132608 134144 197120 198656 262240 262336 270368 295040 303104
1 4099 4102 4108 8216 8240 12296 28672 33152 33536 57344 67585 69633 86016 114688 132608 134144 164352 198656 229376 262240 262336 270368 295040 303104
1 4099 4102 4108 8216 8240 12296 28672 33152 33536 57344 69633 86016 98816 114688 132608 133121 134144 196609 197120 262240 262336 270368 295040 303104
2 4099 4102 4108 8216 8240 12296 28672 33152 57344 67585 68608 69633 86016 114688 131840 132608 164096 197632 229376 262240 262336 270368 295040 303104
1 4099 4102 4108 8216 8240 12296 28672 34304 34817 36865 53248 57344 68608 99328 100352 131456 131840 164352 172032 262240 262336 270368 393344 401408
1 4099 4102 4108 8216 8240 12296 28672 34304 34817 36865 53248 57344 68608 99328 100352 131456 131840 164352 262240 262336 270368 303104 393344 425984
1 4099 4102 4108 8216 8240 12296 28672 34304 35840 36865 53248 57344 67585 98305 100352 131456 131840 164352 172032 262240 262336 270368 393344 401408
1 4099 4102 4108 8216 8240 12296 28672 34304 35840 36865 53248 57344 67585 98305 100352 131456 131840 164352 262240 262336 270368 303104 393344 425984
1 4099 4102 4108 8216 8240 12296 28672 34304 35840 51200 57344 65920 66304 98816 106496 131168 131264 139296 196736 204800 264193 266241 280576 282624
1 4099 4102 4108 8216 8240 12296 28672 34304 35840 51200 57344 65920 66304 98816 131168 131264 139296 172032 196736 229376 264193 266241 280576 282624
1 4099 4102 4108 8216 8240 12296 28672 34304 35840 53248 57344 67585 69633 100352 102400 131456 131840 164352 172032 262240 262336 270368 393344 401408
1 4099 4102 4108 8216 8240 12296 28672 34304 35840 53248 57344 67585 69633 100352 102400 131456 131840 164352 262240 262336 270368 303104 393344 425984
1 4099 4102 4108 8216 8240 12296 28672 34304 35840 57344 67585 69633 86016 100352 114688 131456 131840 164352 172032 262240 262336 270368 393344 401408
1 4099 4102 4108 8216 8240 12296 28672 34304 35840 57344 67585 69633 86016 100352 114688 131456 131840 164352 262240 262336 270368 303104 393344 425984
1 4099 4102 4108 8216 8240 12296 28672 34304 36865 53248 57344 67585 68608 98305 99328 131456 131840 164352 172032 262240 262336 270368 393344 401408
1 4099 4102 4108 8216 8240 12296 28672 34304 36865 53248 57344 67585 68608 98305 99328 131456 131840 164352 262240 262336 270368 303104 393344 425984
1 4099 4102 4108 8216 8240 12296 28672 34817 35840 36865 53248 57344 66304 67072 99328 106496 131168 131264 139296 204800 262528 327936 393344 458752
1 4099 4102 4108 8216 8240 12296 28672 34817 35840 36865 53248 57344 66304 67072 99328 106496 131168 139296 204800 262336 262528 327936 393280 458752
1 4099 4102 4108 8216 8240 12296 28672 34817 35840 36865 53248 57344 66304 67072 99328 106496 131264 131456 139328 196864 204800 262240 270368 270400
1 4099 4102 4108 8216 8240 12296 28672 34817 35840 36865 53248 57344 66304 67072 99328 106496 131264 131456 196864 204800 262240 270368 393280 401408
1 4099 4102 4108 8216 8240 12296 28672 34817 35840 36865 53248 57344 66304 67072 99328 106496 131456 196864 204800 262240 262336 270368 393344 401408
1 4099 4102 4108 8216 8240 12296 28672 34817 35840 36865 53248 57344 66304 67072 99328 131168 139296 172032 229376 262336 262528 327936 393280 458752
1 4099 4102 4108 8216 8240 12296 28672 34817 35840 36865 53248 57344 66304 67072 99328 131264 131456 139328 172032 196864 229376 262240 270368 270400
1 4099 4102 4108 8216 8240 12296 28672 34817 35840 36865 53248 57344 66304 67072 99328 131264 131456 172032 196864 229376 262240 270368 393280 401408
1 4099 4102 4108 8216 8240 12296 28672 34817 35840 36865 53248 57344 66304 67072 99328 131264 131456 196864 229376 262240 270368 303104 393280 425984
2 4099 4102 4108 8216 8240 12296 28672 34817 35840 36865 53248 57344 66304 67072 99328 131456 172032 196864 229376 262240 262336 270368 393344 401408
1 4099 4102 4108 8216 8240 12296 28672 34817 36865 53248 57344 67072 68608 98816 100352 131456 131840 164352 172032 262240 262336 270368 393344 401408
1 4099 4102 4108 8216 8240 12296 28672 34817 36865 53248 57344 67072 68608 98816 100352 131456 131840 164352 262240 262336 270368 303104 393344 425984
1 4099 4102 4108 8216 8240 12296 28672 34817 36865 53248 57344 67072 68608 100352 106496 131456 131840 197120 204800 262240 262336 270368 393344 401408
1 4099 4102 4108 8216 8240 12296 28672 34817 36865 53248 57344 67072 68608 100352 106496 131456 131840 197120 262240 262336 270368 335872 393344 458752
1 4099 4102 4108 8216 8240 12296 28672 34817 36865 53248 57344 67072 68608 100352 131456 131840 172032 197120 229376 262240 262336 270368 393344 401408
1 4099 4102 4108 8216 8240 12296 28672 34817 36865 53248 57344 67072 68608 100352 131456 131840 197120 229376 262240 262336 270368 303104 393344 425984
1 4099 4102 4108 8216 8240 12296 28672 34817 36865 53248 57344 67072 68608 100352 131456 131840 197120 262240 262336 270368 303104 360448 393344 458752
1 4099 4102 4108 8216 8240 12296 28672 36865 53248 57344 67072 67585 68608 98305 98816 131456 131840 164352 172032 262240 262336 270368 393344 401408
1 4099 4102 4108 8216 8240 12296 28672 36865 53248 57344 67072 67585 68608 98305 98816 131456 131840 164352 262240 262336 270368 303104 393344 425984
1 4099 4102 4108 8216 8288 12296 16576 16768 24640 28672 33536 34304 49408 53248 67585 68608 99328 102400 135169 196609 200704 262192 270352 270368
1 4099 4102 4108 8216 8288 12296 16576 16768 24640 28672 33536 34304 49408 53248 67585 68608 99328 135169 167936 196609 229376 262192 270352 270368
1 4099 4102 4108 8216 8288 12296 16576 16768 24640 28672 33536 34304 49408 53248 67585 69633 99328 102400 134144 197632 198656 262192 270352 270368
1 4099 4102 4108 8216 8288 12296 16576 16768 24640 28672 33536 34304 49408 53248 68608 69633 99328 102400 133121 196609 198656 262192 270352 270368
1 4099 4102 4108 8216 8288 12296 16576 16768 24640 28672 33536 34304 49408 53248 68608 99328 102400 133121 135169 198656 200704 262192 270352 270368
1 4099 4102 4108 8216 8288 12296 16576 16768 24640 28672 33536 34304 49408 53248 68608 99328 133121 135169 167936 198656 229376 262192 270352 270368
1 4099 4102 4108 8216 8288 12296 16576 16768 24640 28672 33536 34304 49408 53248 69633 99328 102400 133121 134144 196609 197632 262192 270352 270368
1 4099 4102 4108 8216 8288 12296 16576 16768 24640 28672 33536 34304 49408 67585 68608 86016 99328 114688 135169 196609 200704 262192 270352 270368
1 4099 4102 4108 8216 8288 12296 16576 16768 24640 28672 33536 34304 49408 67585 68608 99328 114688 135169 151552 196609 212992 262192 270352 270368
1 4099 4102 4108 8216 8288 12296 16576 16768 24640 28672 33536 34304 49408 67585 68608 99328 135169 151552 180224 196609 229376 262192 270352 270368
1 4099 4102 4108 8216 8288 12296 16576 16768 24640 28672 33536 34304 49408 67585 69633 86016 99328 114688 134144 197632 198656 262192 270352 270368
1 4099 4102 4108 8216 8288 12296 16576 16768 24640 28672 33536 34304 49408 68608 69633 86016 99328 114688 133121 196609 198656 262192 270352 270368
1 4099 4102 4108 8216 8288 12296 16576 16768 24640 28672 33536 34304 49408 68608 86016 99328 114688 133121 135169 198656 200704 262192 270352 270368
1 4099 4102 4108 8216 8288 12296 16576 16768 24640 28672 33536 34304 49408 68608 99328 114688 133121 135169 151552 198656 212992 262192 270352 270368
1 4099 4102 4108 8216 8288 12296 16576 16768 24640 28672 33536 34304 49408 68608 99328 133121 135169 151552 180224 198656 229376 262192 270352 270368
1 4099 4102 4108 8216 8288 12296 16576 16768 24640 28672 33536 34304 49408 69633 86016 99328 114688 133121 134144 196609 197632 262192 270352 270368
1 4099 4102 4108 8216 8288 12296 16576 16768 24640 28672 33536 49408 53248 67072 68608 98816 102400 133121 135169 198656 200704 262192 270352 270368
1 4099 4102 4108 8216 8288 12296 16576 16768 24640 28672 33536 49408 53248 67072 68608 98816 133121 135169 167936 198656 229376 262192 270352 270368
1 4099 4102 4108 8216 8288 12296 16576 16768 24640 28672 33536 49408 67072 68608 86016 98816 114688 133121 135169 198656 200704 262192 270352 270368
1 4099 4102 4108 8216 8288 12296 16576 16768 24640 28672 33536 49408 67072 68608 98816 114688 133121 135169 151552 198656 212992 262192 270352 270368
1 4099 4102 4108 8216 8288 12296 16576 16768 24640 28672 33536 49408 67072 68608 98816 133121 135169 151552 180224 198656 229376 262192 270352 270368
1 4099 4102 4108 8216 8288 12296 16576 24640 28672 33152 33536 49280 53248 67072 68608 98816 102400 133121 135169 198656 200704 262192 270352 270368
1 4099 4102 4108 8216 8288 12296 16576 24640 28672 33152 33536 49280 53248 67585 69633 102400 132608 134144 164352 198656 229376 262192 270352 270368
1 4099 4102 4108 8216 8288 12296 16576 24640 28672 33152 33536 49280 67072 68608 86016 98816 114688 133121 135169 198656 200704 262192 270352 270368
1 4099 4102 4108 8216 8288 12296 16576 24640 28672 33152 33536 49280 67072 68608 98816 114688 133121 135169 151552 198656 212992 262192 270352 270368
1 4099 4102 4108 8216 8288 12296 16576 24640 28672 33152 33536 49280 67585 69633 86016 114688 132608 134144 164352 198656 229376 262192 270352 270368
1 4099 4102 4108 8216 8288 12296 16768 17152 28672 32960 41024 49280 57344 65584 73744 73760 132608 134144 147968 151552 264193 266241 395264 397312
1 4099 4102 4108 8216 8288 12296 16768 17152 28672 32960 41024 49280 57344 65584 73744 73760 132608 134144 147968 264193 266241 282624 395264 409600
1 4099 4102 4108 8216 8288 12296 17152 17920 28672 32960 33152 41024 49408 57344 65584 73744 73760 133121 134144 148480 151552 266241 393217 397312
1 4099 4102 4108 8216 8288 12296 17152 17920 28672 32960 33152 41024 49408 57344 65584 73744 73760 133121 134144 148480 266241 282624 393217 409600
1 4099 4102 4108 8216 8288 12296 17152 17920 28672 32960 33152 41024 49408 57344 65584 73744 73760 133121 135169 148480 151552 265216 394240 395264
1 4099 4102 4108 8216 8288 12296 17152 17920 28672 32960 33152 41024 49408 57344 65584 73744 73760 134144 135169 148480 151552 264193 393217 395264
1 4099 4102 4108 8216 8288 12296 17152 17920 28672 32960 33152 41024 49408 57344 65584 73744 73760 134144 148480 151552 264193 266241 395264 397312
1 4099 4102 4108 8216 8288 12296 17152 17920 28672 32960 33152 41024 49408 57344 65584 73744 73760 134144 148480 264193 266241 282624 395264 409600
1 4099 4102 4108 8216 8288 12296 17152 17920 28672 32960 33152 41024 49408 57344 65584 73744 73760 135169 148480 151552 264193 265216 393217 394240
1 4099 4102 4108 8216 8288 12296 17152 28672 32960 33152 41024 49408 57344 65584 73744 73760 132608 134144 147968 151552 264193 266241 395264 397312
1 4099 4102 4108 8216 8288 12296 17152 28672 32960 33152 41024 49408 57344 65584 73744 73760 132608 134144 147968 264193 266241 282624 395264 409600
1 4099 4102 4108 8216 8288 12296 17920 19456 28672 32960 33152 41024 57344 66304 82432 98560 114688 133121 135169 149504 151552 262192 270352 270368
1 4099 4102 4108 8216 8288 12296 17920 19456 28672 32960 41024 57344 65920 66304 82432 98432 114688 133121 135169 149504 151552 262192 270352 270368
1 4099 4102 4108 8216 8288 12296 17920 19456 28672 33152 33536 49664 57344 65728 73792 98432 106496 131120 139280 139296 264193 266241 280576 282624
1 4099 4102 4108 8216 8288 12296 17920 19456 28672 33536 49664 57344 65728 65920 73792 98560 106496 131120 139280 139296 264193 266241 280576 282624
1 4099 4102 4108 8216 8288 12296 18433 19456 28672 32960 33152 41024 57344 66304 67072 82944 98560 114688 135169 147457 151552 262192 270352 270368
1 4099 4102 4108 8216 8288 12296 18433 19456 28672 33536 34304 50176 57344 65728 65920 73792 98560 106496 131120 139280 139296 266241 278529 282624
1 4099 4102 4108 8216 8288 12296 18433 20481 28672 32960 33152 41024 57344 66304 67072 82944 98560 114688 134144 148480 149504 262192 270352 270368
1 4099 4102 4108 8216 8288 12296 18433 20481 28672 32960 33152 41024 57344 66304 67072 98560 114688 134144 149504 197632 212992 262192 270352 270368
1 4099 4102 4108 8216 8288 12296 18433 20481 28672 32960 33152 41024 57344 66304 98560 114688 132608 134144 149504 197120 212992 262192 270352 270368
1 4099 4102 4108 8216 8288 12296 18433 20481 28672 32960 33152 41024 57344 67072 68608 83968 114688 131840 164096 197120 229376 262192 270352 270368
1 4099 4102 4108 8216 8288 12296 18433 20481 28672 32960 33152 41024 57344 68608 83968 114688 131840 132608 164096 197632 229376 262192 270352 270368
1 4099 4102 4108 8216 8288 12296 18433 20481 28672 32960 41024 57344 65920 66304 98432 114688 132608 134144 149504 197120 212992 262192 270352 270368
1 4099 4102 4108 8216 8288 12296 18433 20481 28672 32960 41024 57344 67072 68608 83968 114688 131456 131840 163968 197120 229376 262192 270352 270368
1 4099 4102 4108 8216 8288 12296 18433 20481 28672 33152 33536 57344 67072 68608 83968 98816 114688 131264 139328 163968 172032 262192 270352 270368
1 4099 4102 4108 8216 8288 12296 18433 20481 28672 33536 34304 50176 57344 65728 65920 73792 98560 106496 131120 139280 139296 265216 279552 280576
1 4099 4102 4108 8216 8288 12296 18433 20481 28672 33536 34304 57344 68608 83968 99328 114688 131264 131456 139328 164096 172032 262192 270352 270368
1 4099 4102 4108 8216 8288 12296 18433 20481 28672 33536 57344 67072 68608 83968 98816 114688 131264 131456 139328 164096 172032 262192 270352 270368
1 4099 4102 4108 8216 8288 12296 18433 20481 28672 34304 35840 51200 57344 65920 66304 98816 106496 131264 139328 196736 204800 262192 270352 270368
1 4099 4102 4108 8216 8288 12296 18433 20481 28672 34304 35840 51200 57344 65920 66304 98816 131264 139328 172032 196736 229376 262192 270352 270368
1 4099 4102 4108 8216 8288 12296 18433 20481 28672 34304 35840 51200 57344 66304 98816 106496 131264 131456 139328 196864 204800 262192 270352 270368
1 4099 4102 4108 8216 8288 12296 18433 20481 28672 34304 35840 51200 57344 66304 98816 131264 131456 139328 172032 196864 229376 262192 270352 270368
1 4099 4102 4108 8216 8288 12296 18433 20481 28672 35840 51200 57344 66304 67072 99328 106496 131264 131456 139328 196864 204800 262192 270352 270368
1 4099 4102 4108 8216 8288 12296 18433 20481 28672 35840 51200 57344 66304 67072 99328 131264 131456 139328 172032 196864 229376 262192 270352 270368
1 4099 4102 4108 8216 8288 12296 19456 20481 28672 32960 33152 41024 57344 66304 67072 82944 98560 114688 133121 147457 149504 262192 270352 270368
1 4099 4102 4108 8216 8288 12296 19456 20481 28672 33536 34304 50176 57344 65728 65920 73792 98560 106496 131120 139280 139296 264193 278529 280576
1 4099 4102 4108 8216 8288 12296 19456 28672 32960 33152 41024 57344 66304 67072 82944 98560 114688 133121 135169 149504 151552 262192 270352 270368
1 4099 4102 4108 8216 8288 12296 19456 28672 33536 34304 50176 57344 65728 65920 73792 98560 106496 131120 139280 139296 264193 266241 280576 282624
1 4099 4102 4108 8216 8288 12296 20481 28672 32960 33152 41024 57344 66304 67072 82944 98560 114688 133121 134144 147457 148480 262192 270352 270368
1 4099 4102 4108 8216 8288 12296 20481 28672 32960 33152 41024 57344 66304 67072 98560 114688 133121 134144 147457 197632 212992 262192 270352 270368
1 4099 4102 4108 8216 8288 12296 20481 28672 32960 33152 41024 57344 67585 68608 81921 114688 131840 132608 164096 197632 229376 262192 270352 270368
1 4099 4102 4108 8216 8288 12296 20481 28672 33536 34304 50176 57344 65728 65920 73792 98560 106496 131120 139280 139296 264193 265216 278529 279552
1 4099 4102 4108 8216 8288 12296 20481 28672 33536 34304 57344 67585 68608 81921 99328 114688 131264 131456 139328 164096 172032 262192 270352 270368
1 4099 4102 4108 8216 8288 12296 20481 28672 34817 35840 49153 57344 66304 67072 99328 106496 131264 131456 139328 196864 204800 262192 270352 270368
1 4099 4102 4108 8216 8288 12296 20481 28672 34817 35840 49153 57344 66304 67072 99328 131264 131456 139328 172032 196864 229376 262192 270352 270368
1 4099 4102 4108 8216 12296 16432 16480 24592 28672 32960 33152 49216 53248 66304 67072 98560 102400 133121 134144 197632 200704 266241 393217 397312
1 4099 4102 4108 8216 12296 16432 16480 24592 28672 32960 33152 49216 53248 66304 67072 98560 102400 133121 135169 197632 200704 265216 394240 395264
1 4099 4102 4108 8216 12296 16432 16480 24592 28672 32960 33152 49216 53248 66304 67072 98560 102400 133121 135169 200704 265216 328704 395264 458752
1 4099 4102 4108 8216 12296 16432 16480 24592 28672 32960 33152 49216 53248 66304 67072 98560 102400 134144 135169 197632 200704 264193 393217 395264
1 4099 4102 4108 8216 12296 16432 16480 24592 28672 32960 33152 49216 53248 66304 67072 98560 102400 134144 197632 200704 264193 266241 395264 397312
1 4099 4102 4108 8216 12296 16432 16480 24592 28672 32960 33152 49216 53248 66304 67072 98560 102400 135169 197632 200704 264193 265216 393217 394240
1 4099 4102 4108 8216 12296 16432 16480 24592 28672 32960 33152 49216 53248 66304 67072 98560 102400 135169 200704 264193 265216 328704 393217 458752
1 4099 4102 4108 8216 12296 16432 16480 24592 28672 32960 33152 49216 53248 66304 67072 98560 133121 134144 167936 197632 229376 266241 393217 397312
1 4099 4102 4108 8216 12296 16432 16480 24592 28672 32960 33152 49216 53248 66304 67072 98560 133121 134144 197632 229376 266241 299008 393217 425984
1 4099 4102 4108 8216 12296 16432 16480 24592 28672 32960 33152 49216 53248 66304 67072 98560 133121 135169 167936 197632 229376 265216 394240 395264
1 4099 4102 4108 8216 12296 16432 16480 24592 28672 32960 33152 49216 53248 66304 67072 98560 133121 135169 167936 229376 265216 328704 395264 458752
1 4099 4102 4108 8216 12296 16432 16480 24592 28672 32960 33152 49216 53248 66304 67072 98560 134144 135169 167936 197632 229376 264193 393217 395264
1 4099 4102 4108 8216 12296 16432 16480 24592 28672 32960 33152 49216 53248 66304 67072 98560 134144 167936 197632 229376 264193 266241 395264 397312
1 4099 4102 4108 8216 12296 16432 16480 24592 28672 32960 33152 49216 53248 66304 67072 98560 134144 197632 229376 264193 266241 299008 395264 425984
1 4099 4102 4108 8216 12296 16432 16480 24592 28672 32960 33152 49216 53248 66304 67072 98560 135169 167936 197632 229376 264193 265216 393217 394240
1 4099 4102 4108 8216 12296 16432 16480 24592 28672 32960 33152 49216 53248 66304 67072 98560 135169 167936 229376 264193 265216 328704 393217 458752
1 4099 4102 4108 8216 12296 16432 16480 24592 28672 32960 33152 49216 53248 66304 98560 102400 132608 133121 134144 197120 200704 266241 393217 397312
1 4099 4102 4108 8216 12296 16432 16480 24592 28672 32960 33152 49216 53248 66304 98560 102400 132608 134144 135169 197120 200704 264193 393217 395264
1 4099 4102 4108 8216 12296 16432 16480 24592 28672 32960 33152 49216 53248 66304 98560 102400 132608 134144 197120 200704 264193 266241 395264 397312
1 4099 4102 4108 8216 12296 16432 16480 24592 28672 32960 33152 49216 53248 66304 98560 102400 132608 135169 197120 200704 264193 265216 393217 394240
1 4099 4102 4108 8216 12296 16432 16480 24592 28672 32960 33152 49216 53248 66304 98560 102400 133121 135169 197120 200704 263680 265216 393728 395264
1 4099 4102 4108 8216 12296 16432 16480 24592 28672 32960 33152 49216 53248 66304 98560 102400 133121 135169 200704 263680 265216 328192 395264 458752
1 4099 4102 4108 8216 12296 16432 16480 24592 28672 32960 33152 49216 53248 66304 98560 102400 135169 197120 200704 263680 264193 265216 393217 393728
1 4099 4102 4108 8216 12296 16432 16480 24592 28672 32960 33152 49216 53248 66304 98560 102400 135169 200704 263680 264193 265216 328192 393217 458752
1 4099 4102 4108 8216 12296 16432 16480 24592 28672 32960 33152 49216 53248 66304 98560 132608 133121 134144 167936 197120 229376 266241 393217 397312
1 4099 4102 4108 8216 12296 16432 16480 24592 28672 32960 33152 49216 53248 66304 98560 132608 133121 134144 197120 229376 266241 299008 393217 425984
1 4099 4102 4108 8216 12296 16432 16480 24592 28672 32960 33152 49216 53248 66304 98560 132608 134144 135169 167936 197120 229376 264193 393217 395264
1 4099 4102 4108 8216 12296 16432 16480 24592 28672 32960 33152 49216 53248 66304 98560 132608 134144 167936 197120 229376 264193 266241 395264 397312
1 4099 4102 4108 8216 12296 16432 16480 24592 28672 32960 33152 49216 53248 66304 98560 132608 134144 197120 229376 264193 266241 299008 395264 425984
1 4099 4102 4108 8216 12296 16432 16480 24592 28672 32960 33152 49216 53248 66304 98560 132608 135169 167936 197120 229376 264193 265216 393217 394240
1 4099 4102 4108 8216 12296 16432 16480 24592 28672 32960 33152 49216 53248 66304 98560 133121 135169 167936 197120 229376 263680 265216 393728 395264
1 4099 4102 4108 8216 12296 16432 16480 24592 28672 32960 33152 49216 53248 66304 98560 133121 135169 167936 229376 263680 265216 328192 395264 458752
1 4099 4102 4108 8216 12296 16432 16480 24592 28672 32960 33152 49216 53248 66304 98560 135169 167936 197120 229376 263680 264193 265216 393217 393728
1 4099 4102 4108 8216 12296 16432 16480 24592 28672 32960 33152 49216 53248 66304 98560 135169 167936 229376 263680 264193 265216 328192 393217 458752
1 4099 4102 4108 8216 12296 16432 16480 24592 28672 32960 33152 49216 66304 67072 86016 98560 114688 133121 134144 197632 200704 266241 393217 397312
1 4099 4102 4108 8216 12296 16432 16480 24592 28672 32960 33152 49216 66304 67072 86016 98560 114688 133121 135169 197632 200704 265216 394240 395264
1 4099 4102 4108 8216 12296 16432 16480 24592 28672 32960 33152 49216 66304 67072 86016 98560 114688 133121 135169 200704 265216 328704 395264 458752
1 4099 4102 4108 8216 12296 16432 16480 24592 28672 32960 33152 49216 66304 67072 86016 98560 114688 134144 135169 197632 200704 264193 393217 395264
1 4099 4102 4108 8216 12296 16432 16480 24592 28672 32960 33152 49216 66304 67072 86016 98560 114688 134144 197632 200704 264193 266241 395264 397312
1 4099 4102 4108 8216 12296 16432 16480 24592 28672 32960 33152 49216 66304 67072 86016 98560 114688 135169 197632 200704 264193 265216 393217 394240
1 4099 4102 4108 8216 12296 16432 16480 24592 28672 32960 33152 49216 66304 67072 86016 98560 114688 135169 200704 264193 265216 328704 393217 458752
1 4099 4102 4108 8216 12296 16432 16480 24592 28672 32960 33152 49216 66304 67072 98560 114688 133121 134144 151552 197632 212992 266241 393217 397312
1 4099 4102 4108 8216 12296 16432 16480 24592 28672 32960 33152 49216 66304 67072 98560 114688 133121 134144 197632 212992 266241 282624 393217 409600
1 4099 4102 4108 8216 12296 16432 16480 24592 28672 32960 33152 49216 66304 67072 98560 114688 133121 135169 151552 197632 212992 265216 394240 395264
1 4099 4102 4108 8216 12296 16432 16480 24592 28672 32960 33152 49216 66304 67072 98560 114688 133121 135169 151552 212992 265216 328704 395264 458752
1 4099 4102 4108 8216 12296 16432 16480 24592 28672 32960 33152 49216 66304 67072 98560 114688 134144 135169 151552 197632 212992 264193 393217 395264
1 4099 4102 4108 8216 12296 16432 16480 24592 28672 32960 33152 49216 66304 67072 98560 114688 134144 151552 197632 212992 264193 266241 395264 397312
1 4099 4102 4108 8216 12296 16432 16480 24592 28672 32960 33152 49216 66304 67072 98560 114688 134144 197632 212992 264193 266241 282624 395264 409600
1 4099 4102 4108 8216 12296 16432 16480 24592 28672 32960 33152 49216 66304 67072 98560 114688 135169 151552 197632 212992 264193 265216 393217 394240
1 4099 4102 4108 8216 12296 16432 16480 24592 28672 32960 33152 49216 66304 67072 98560 114688 135169 151552 212992 264193 265216 328704 393217 458752
1 4099 4102 4108 8216 12296 16432 16480 24592 28672 32960 33152 49216 66304 67072 98560 133121 134144 151552 180224 197632 229376 266241 393217 397312
1 4099 4102 4108 8216 12296 16432 16480 24592 28672 32960 33152 49216 66304 67072 98560 133121 134144 180224 197632 229376 266241 282624 393217 409600
1 4099 4102 4108 8216 12296 16432 16480 24592 28672 32960 33152 49216 66304 67072 98560 133121 134144 197632 229376 266241 282624 311296 393217 425984
1 4099 4102 4108 8216 12296 16432 16480 24592 28672 32960 33152 49216 66304 67072 98560 133121 135169 151552 180224 197632 229376 265216 394240 395264
1 4099 4102 4108 8216 12296 16432 16480 24592 28672 32960 33152 49216 66304 67072 98560 133121 135169 151552 180224 229376 265216 328704 395264 458752
1 4099 4102 4108 8216 12296 16432 16480 24592 28672 32960 33152 49216 66304 67072 98560 134144 135169 151552 180224 197632 229376 264193 393217 395264
1 4099 4102 4108 8216 12296 16432 16480 24592 28672 32960 33152 49216 66304 67072 98560 134144 151552 180224 197632 229376 264193 266241 395264 397312
1 4099 4102 4108 8216 12296 16432 16480 24592 28672 32960 33152 49216 66304 67072 98560 134144 180224 197632 229376 264193 266241 282624 395264 409600
1 4099 4102 4108 8216 12296 16432 16480 24592 28672 32960 33152 49216 66304 67072 98560 134144 197632 229376 264193 266241 282624 311296 395264 425984
1 4099 4102 4108 8216 12296 16432 16480 24592 28672 32960 33152 49216 66304 67072 98560 135169 151552 180224 197632 229376 264193 265216 393217 394240
1 4099 4102 4108 8216 12296 16432 16480 24592 28672 32960 33152 49216 66304 67072 98560 135169 151552 180224 229376 264193 265216 328704 393217 458752
1 4099 4102 4108 8216 12296 16432 16480 24592 28672 32960 33152 49216 66304 86016 98560 114688 132608 133121 134144 197120 200704 266241 393217 397312
1 4099 4102 4108 8216 12296 16432 16480 24592 28672 32960 33152 49216 66304 86016 98560 114688 132608 134144 135169 197120 200704 264193 393217 395264
1 4099 4102 4108 8216 12296 16432 16480 24592 28672 32960 33152 49216 66304 86016 98560 114688 132608 134144 197120 200704 264193 266241 395264 397312
1 4099 4102 4108 8216 12296 16432 16480 24592 28672 32960 33152 49216 66304 86016 98560 114688 132608 135169 197120 200704 264193 265216 393217 394240
1 4099 4102 4108 8216 12296 16432 16480 24592 28672 32960 33152 49216 66304 86016 98560 114688 133121 135169 197120 200704 263680 265216 393728 395264
1 4099 4102 4108 8216 12296 16432 16480 24592 28672 32960 33152 49216 66304 86016 98560 114688 133121 135169 200704 263680 265216 328192 395264 458752
1 4099 4102 4108 8216 12296 16432 16480 24592 28672 32960 33152 49216 66304 86016 98560 114688 135169 197120 200704 263680 264193 265216 393217 393728
1 4099 4102 4108 8216 12296 16432 16480 24592 28672 32960 33152 49216 66304 86016 98560 114688 135169 200704 263680 264193 265216 328192 393217 458752
1 4099 4102 4108 8216 12296 16432 16480 24592 28672 32960 33152 49216 66304 98560 114688 132608 133121 134144 151552 197120 212992 266241 393217 397312
1 4099 4102 4108 8216 12296 16432 16480 24592 28672 32960 33152 49216 66304 98560 114688 132608 133121 134144 197120 212992 266241 282624 393217 409600
1 4099 4102 4108 8216 12296 16432 16480 24592 28672 32960 33152 49216 66304 98560 114688 132608 134144 135169 151552 197120 212992 264193 393217 395264
1 4099 4102 4108 8216 12296 16432 16480 24592 28672 32960 33152 49216 66304 98560 114688 132608 134144 151552 197120 212992 264193 266241 395264 397312
1 4099 4102 4108 8216 12296 16432 16480 24592 28672 32960 33152 49216 66304 98560 114688 132608 134144 197120 212992 264193 266241 282624 395264 409600
1 4099 4102 4108 8216 12296 16432 16480 24592 28672 32960 33152 49216 66304 98560 114688 132608 135169 151552 197120 212992 264193 265216 393217 394240
1 4099 4102 4108 8216 12296 16432 16480 24592 28672 32960 33152 49216 66304 98560 114688 133121 135169 151552 197120 212992 263680 265216 393728 395264
1 4099 4102 4108 8216 12296 16432 16480 24592 28672 32960 33152 49216 66304 98560 114688 133121 135169 151552 212992 263680 265216 328192 395264 458752
1 4099 4102 4108 8216 12296 16432 16480 24592 28672 32960 33152 49216 66304 98560 114688 135169 151552 197120 212992 263680 264193 265216 393217 393728
1 4099 4102 4108 8216 12296 16432 16480 24592 28672 32960 33152 49216 66304 98560 114688 135169 151552 212992 263680 264193 265216 328192 393217 458752
2 4099 4102 4108 8216 12296 16432 16480 24592 28672 32960 33152 49216 66304 98560 132608 133121 134144 197120 229376 266241 282624 311296 393217 425984
1 4099 4102 4108 8216 12296 16432 16480 24592 28672 32960 33152 49216 66304 98560 132608 134144 135169 151552 180224 197120 229376 264193 393217 395264
1 4099 4102 4108 8216 12296 16432 16480 24592 28672 32960 33152 49216 66304 98560 132608 134144 151552 180224 197120 229376 264193 266241 395264 397312
1 4099 4102 4108 8216 12296 16432 16480 24592 28672 32960 33152 49216 66304 98560 132608 134144 180224 197120 229376 264193 266241 282624 395264 409600
1 4099 4102 4108 8216 12296 16432 16480 24592 28672 32960 33152 49216 66304 98560 132608 134144 197120 229376 264193 266241 282624 311296 395264 425984
1 4099 4102 4108 8216 12296 16432 16480 24592 28672 32960 33152 49216 66304 98560 132608 135169 151552 180224 197120 229376 264193 265216 393217 394240
1 4099 4102 4108 8216 12296 16432 16480 24592 28672 32960 33152 49216 66304 98560 133121 135169 151552 180224 197120 229376 263680 265216 393728 395264
1 4099 4102 4108 8216 12296 16432 16480 24592 28672 32960 33152 49216 66304 98560 133121 135169 151552 180224 229376 263680 265216 328192 395264 458752
1 4099 4102 4108 8216 12296 16432 16480 24592 28672 32960 33152 49216 66304 98560 135169 151552 180224 197120 229376 263680 264193 265216 393217 393728
1 4099 4102 4108 8216 12296 16432 16480 24592 28672 32960 33152 49216 66304 98560 135169 151552 180224 229376 263680 264193 265216 328192 393217 458752
1 4099 4102 4108 8216 12296 16432 16480 24592 28672 32960 49216 53248 65920 66304 98432 102400 132608 134144 135169 197120 200704 264193 393217 395264
1 4099 4102 4108 8216 12296 16432 16480 24592 28672 32960 49216 53248 65920 66304 98432 102400 132608 134144 197120 264193 266241 331776 395264 458752
1 4099 4102 4108 8216 12296 16432 16480 24592 28672 32960 49216 53248 65920 66304 98432 102400 132608 135169 197120 200704 264193 265216 393217 394240
1 4099 4102 4108 8216 12296 16432 16480 24592 28672 32960 49216 53248 65920 66304 98432 102400 133121 135169 197120 200704 263680 265216 393728 395264
1 4099 4102 4108 8216 12296 16432 16480 24592 28672 32960 49216 53248 65920 66304 98432 102400 135169 197120 200704 263680 264193 265216 393217 393728
1 4099 4102 4108 8216 12296 16432 16480 24592 28672 32960 49216 53248 65920 66304 98432 132608 134144 135169 167936 197120 229376 264193 393217 395264
1 4099 4102 4108 8216 12296 16432 16480 24592 28672 32960 49216 53248 65920 66304 98432 132608 134144 197120 229376 264193 266241 299008 395264 425984
1 4099 4102 4108 8216 12296 16432 16480 24592 28672 32960 49216 53248 65920 66304 98432 132608 134144 197120 264193 266241 299008 360448 395264 458752
1 4099 4102 4108 8216 12296 16432 16480 24592 28672 32960 49216 53248 65920 66304 98432 132608 135169 167936 197120 229376 264193 265216 393217 394240
1 4099 4102 4108 8216 12296 16432 16480 24592 28672 32960 49216 53248 65920 66304 98432 133121 135169 167936 197120 229376 263680 265216 393728 395264
1 4099 4102 4108 8216 12296 16432 16480 24592 28672 32960 49216 53248 65920 66304 98432 135169 167936 197120 229376 263680 264193 265216 393217 393728
1 4099 4102 4108 8216 12296 16432 16480 24592 28672 32960 49216 65920 66304 86016 98432 114688 132608 134144 135169 197120 200704 264193 393217 395264
1 4099 4102 4108 8216 12296 16432 16480 24592 28672 32960 49216 65920 66304 86016 98432 114688 132608 134144 197120 264193 266241 331776 395264 458752
1 4099 4102 4108 8216 12296 16432 16480 24592 28672 32960 49216 65920 66304 86016 98432 114688 132608 135169 197120 200704 264193 265216 393217 394240
1 4099 4102 4108 8216 12296 16432 16480 24592 28672 32960 49216 65920 66304 86016 98432 114688 133121 135169 197120 200704 263680 265216 393728 395264
1 4099 4102 4108 8216 12296 16432 16480 24592 28672 32960 49216 65920 66304 86016 98432 114688 135169 197120 200704 263680 264193 265216 393217 393728
1 4099 4102 4108 8216 12296 16432 16480 24592 28672 32960 49216 65920 66304 98432 114688 132608 134144 135169 151552 197120 212992 264193 393217 395264
1 4099 4102 4108 8216 12296 16432 16480 24592 28672 32960 49216 65920 66304 98432 114688 132608 134144 197120 212992 264193 266241 282624 395264 409600
1 4099 4102 4108 8216 12296 16432 16480 24592 28672 32960 49216 65920 66304 98432 114688 132608 134144 197120 264193 266241 282624 344064 395264 458752
1 4099 4102 4108 8216 12296 16432 16480 24592 28672 32960 49216 65920 66304 98432 114688 132608 135169 151552 197120 212992 264193 265216 393217 394240
1 4099 4102 4108 8216 12296 16432 16480 24592 28672 32960 49216 65920 66304 98432 114688 133121 135169 151552 197120 212992 263680 265216 393728 395264
1 4099 4102 4108 8216 12296 16432 16480 24592 28672 32960 49216 65920 66304 98432 114688 135169 151552 197120 212992 263680 264193 265216 393217 393728
1 4099 4102 4108 8216 12296 16432 16480 24592 28672 32960 49216 65920 66304 98432 132608 134144 135169 151552 180224 197120 229376 264193 393217 395264
1 4099 4102 4108 8216 12296 16432 16480 24592 28672 32960 49216 65920 66304 98432 132608 134144 180224 197120 229376 264193 266241 282624 395264 409600
1 4099 4102 4108 8216 12296 16432 16480 24592 28672 32960 49216 65920 66304 98432 132608 134144 197120 229376 264193 266241 282624 311296 395264 425984
1 4099 4102 4108 8216 12296 16432 16480 24592 28672 32960 49216 65920 66304 98432 132608 134144 197120 264193 266241 282624 311296 360448 395264 458752
1 4099 4102 4108 8216 12296 16432 16480 24592 28672 32960 49216 65920 66304 98432 132608 135169 151552 180224 197120 229376 264193 265216 393217 394240
1 4099 4102 4108 8216 12296 16432 16480 24592 28672 32960 49216 65920 66304 98432 133121 135169 151552 180224 197120 229376 263680 265216 393728 395264
1 4099 4102 4108 8216 12296 16432 16480 24592 28672 32960 49216 65920 66304 98432 135169 151552 180224 197120 229376 263680 264193 265216 393217 393728
1 4099 4102 4108 8216 12296 16432 24592 28672 32864 32960 49184 53248 65920 66304 98432 102400 132608 134144 135169 197120 200704 264193 393217 395264
1 4099 4102 4108 8216 12296 16432 24592 28672 32864 32960 49184 53248 65920 66304 98432 102400 132608 135169 197120 200704 264193 265216 393217 394240
1 4099 4102 4108 8216 12296 16432 24592 28672 32864 32960 49184 53248 65920 66304 98432 102400 133121 135169 197120 200704 263680 265216 393728 395264
1 4099 4102 4108 8216 12296 16432 24592 28672 32864 32960 49184 53248 65920 66304 98432 102400 133121 135169 200704 263680 265216 328192 395264 458752
1 4099 4102 4108 8216 12296 16432 24592 28672 32864 32960 49184 53248 65920 66304 98432 102400 135169 197120 200704 263680 264193 265216 393217 393728
1 4099 4102 4108 8216 12296 16432 24592 28672 32864 32960 49184 53248 67072 68608 69633 102400 133121 196609 198656 262528 262912 295040 328192 360448
1 4099 4102 4108 8216 12296 16432 24592 28672 32864 32960 49184 53248 67072 69633 102400 133121 134144 196609 197632 262528 262912 295040 328192 360448
1 4099 4102 4108 8216 12296 16432 24592 28672 32864 32960 49184 53248 67585 69633 102400 132608 134144 197120 198656 262528 262912 295040 328192 360448
1 4099 4102 4108 8216 12296 16432 24592 28672 32864 32960 49184 53248 67585 69633 102400 132608 134144 198656 229376 262528 262912 295040 393728 425984
1 4099 4102 4108 8216 12296 16432 24592 28672 32864 32960 49184 53248 67585 69633 102400 132608 134144 198656 262528 262912 295040 360448 393728 458752
1 4099 4102 4108 8216 12296 16432 24592 28672 32864 32960 49184 53248 69633 102400 132608 133121 134144 196609 197120 262528 262912 295040 328192 360448
1 4099 4102 4108 8216 12296 16432 24592 28672 32864 32960 49184 65920 66304 86016 98432 114688 132608 134144 135169 197120 200704 264193 393217 395264
1 4099 4102 4108 8216 12296 16432 24592 28672 32864 32960 49184 65920 66304 86016 98432 114688 132608 134144 197120 264193 266241 331776 395264 458752
1 4099 4102 4108 8216 12296 16432 24592 28672 32864 32960 49184 65920 66304 86016 98432 114688 132608 135169 197120 200704 264193 265216 393217 394240
1 4099 4102 4108 8216 12296 16432 24592 28672 32864 32960 49184 65920 66304 86016 98432 114688 133121 135169 197120 200704 263680 265216 393728 395264
1 4099 4102 4108 8216 12296 16432 24592 28672 32864 32960 49184 65920 66304 86016 98432 114688 135169 197120 200704 263680 264193 265216 393217 393728
1 4099 4102 4108 8216 12296 16432 24592 28672 32864 32960 49184 65920 66304 98432 114688 132608 134144 135169 151552 197120 212992 264193 393217 395264
1 4099 4102 4108 8216 12296 16432 24592 28672 32864 32960 49184 65920 66304 98432 114688 132608 134144 197120 212992 264193 266241 282624 395264 409600
1 4099 4102 4108 8216 12296 16432 24592 28672 32864 32960 49184 65920 66304 98432 114688 132608 134144 197120 264193 266241 282624 344064 395264 458752
1 4099 4102 4108 8216 12296 16432 24592 28672 32864 32960 49184 65920 66304 98432 114688 132608 135169 151552 197120 212992 264193 265216 393217 394240
1 4099 4102 4108 8216 12296 16432 24592 28672 32864 32960 49184 65920 66304 98432 114688 133121 135169 151552 197120 212992 263680 265216 393728 395264
1 4099 4102 4108 8216 12296 16432 24592 28672 32864 32960 49184 65920 66304 98432 114688 135169 151552 197120 212992 263680 264193 265216 393217 393728
1 4099 4102 4108 8216 12296 16432 24592 28672 32864 32960 49184 67072 68608 69633 86016 114688 131456 131840 163968 197120 229376 264193 327681 329728
1 4099 4102 4108 8216 12296 16432 24592 28672 32864 32960 49184 67072 68608 114688 131456 131840 163968 197120 229376 264193 266241 282624 329728 344064
1 4099 4102 4108 8216 12296 16432 24592 28672 32864 32960 49184 67072 69633 86016 114688 131456 131840 163968 197120 229376 264193 265216 327681 328704
1 4099 4102 4108 8216 12296 16432 24592 28672 32864 32960 49184 67585 69633 86016 114688 131456 131840 163968 197120 229376 263680 265216 328192 329728
1 4099 4102 4108 8216 12296 16432 24592 28672 32864 32960 49184 67585 69633 86016 114688 131456 131840 163968 229376 263680 265216 329728 393728 458752
1 4099 4102 4108 8216 12296 16432 24592 28672 32864 32960 49184 67585 69633 86016 114688 132608 134144 198656 229376 262528 262912 295040 393728 425984
1 4099 4102 4108 8216 12296 16432 24592 28672 32864 32960 49184 69633 86016 114688 131456 131840 163968 197120 229376 263680 264193 265216 327681 328192
1 4099 4102 4108 8216 12296 16480 16576 24608 28672 33152 33536 49280 53248 67072 68608 69633 98816 102400 133121 196609 198656 262192 270352 270368
1 4099 4102 4108 8216 12296 16480 16576 24608 28672 33152 33536 49280 53248 67072 68608 98816 133121 135169 167936 198656 229376 262192 270352 270368
1 4099 4102 4108 8216 12296 16480 16576 24608 28672 33152 33536 49280 53248 67072 69633 98816 102400 133121 134144 196609 197632 262192 270352 270368
1 4099 4102 4108 8216 12296 16480 16576 24608 28672 33152 33536 49280 53248 67585 69633 98816 102400 132608 134144 197120 198656 262192 270352 270368
1 4099 4102 4108 8216 12296 16480 16576 24608 28672 33152 33536 49280 53248 69633 98816 102400 132608 133121 134144 196609 197120 262192 270352 270368
1 4099 4102 4108 8216 12296 16480 16576 24608 28672 33152 33536 49280 67072 68608 69633 86016 98816 114688 133121 196609 198656 262192 270352 270368
1 4099 4102 4108 8216 12296 16480 16576 24608 28672 33152 33536 49280 67072 68608 98816 114688 133121 135169 151552 198656 212992 262192 270352 270368
1 4099 4102 4108 8216 12296 16480 16576 24608 28672 33152 33536 49280 67072 68608 98816 133121 135169 151552 180224 198656 229376 262192 270352 270368
1 4099 4102 4108 8216 12296 16480 16576 24608 28672 33152 33536 49280 67072 69633 86016 98816 114688 133121 134144 196609 197632 262192 270352 270368
1 4099 4102 4108 8216 12296 16480 16576 24608 28672 33152 33536 49280 67585 69633 86016 98816 114688 132608 134144 197120 198656 262192 270352 270368
1 4099 4102 4108 8216 12296 16480 16576 24608 28672 33152 33536 49280 69633 86016 98816 114688 132608 133121 134144 196609 197120 262192 270352 270368
1 4099 4102 4108 8216 12296 16480 16576 28672 32816 40976 49184 57344 65920 66304 82048 86016 132608 134144 135169 197120 200704 264193 393217 395264
1 4099 4102 4108 8216 12296 16480 16576 28672 32816 40976 49184 57344 65920 66304 82048 86016 132608 135169 197120 200704 264193 265216 393217 394240
1 4099 4102 4108 8216 12296 16480 16576 28672 32816 40976 49184 57344 65920 66304 82048 86016 133121 135169 197120 200704 263680 265216 393728 395264
1 4099 4102 4108 8216 12296 16480 16576 28672 32816 40976 49184 57344 65920 66304 82048 86016 133121 135169 200704 263680 265216 328192 395264 458752
1 4099 4102 4108 8216 12296 16480 16576 28672 32816 40976 49184 57344 65920 66304 82048 86016 135169 197120 200704 263680 264193 265216 393217 393728
1 4099 4102 4108 8216 12296 16480 16576 28672 32816 40976 49184 57344 65920 66304 82048 132608 134144 135169 151552 197120 212992 264193 393217 395264
1 4099 4102 4108 8216 12296 16480 16576 28672 32816 40976 49184 57344 65920 66304 82048 132608 134144 197120 212992 264193 266241 282624 395264 409600
1 4099 4102 4108 8216 12296 16480 16576 28672 32816 40976 49184 57344 65920 66304 82048 132608 135169 151552 197120 212992 264193 265216 393217 394240
1 4099 4102 4108 8216 12296 16480 16576 28672 32816 40976 49184 57344 65920 66304 82048 133121 135169 151552 197120 212992 263680 265216 393728 395264
1 4099 4102 4108 8216 12296 16480 16576 28672 32816 40976 49184 57344 65920 66304 82048 133121 135169 151552 212992 263680 265216 328192 395264 458752
1 4099 4102 4108 8216 12296 16480 16576 28672 32816 40976 49184 57344 65920 66304 82048 135169 151552 197120 212992 263680 264193 265216 393217 393728
1 4099 4102 4108 8216 12296 16576 16768 24640 28672 33536 34304 49408 53248 67585 68608 99328 102400 135169 196609 200704 262192 262240 270352 270400
1 4099 4102 4108 8216 12296 16576 16768 24640 28672 33536 34304 49408 53248 67585 68608 99328 135169 167936 196609 229376 262192 262240 270352 270400
1 4099 4102 4108 8216 12296 16576 16768 24640 28672 33536 34304 49408 53248 68608 69633 99328 102400 133121 196609 198656 262192 262240 270352 270400
1 4099 4102 4108 8216 12296 16576 16768 24640 28672 33536 34304 49408 53248 69633 99328 102400 133121 134144 196609 197632 262192 262240 270352 270400
1 4099 4102 4108 8216 12296 16576 16768 24640 28672 33536 34304 49408 67585 68608 86016 99328 114688 135169 196609 200704 262192 262240 270352 270400
1 4099 4102 4108 8216 12296 16576 16768 24640 28672 33536 34304 49408 67585 68608 99328 114688 135169 151552 196609 212992 262192 262240 270352 270400
1 4099 4102 4108 8216 12296 16576 16768 24640 28672 33536 34304 49408 67585 68608 99328 135169 151552 180224 196609 229376 262192 262240 270352 270400
1 4099 4102 4108 8216 12296 16576 16768 24640 28672 33536 34304 49408 67585 69633 86016 99328 114688 134144 197632 198656 262192 262240 270352 270400
1 4099 4102 4108 8216 12296 16576 16768 24640 28672 33536 34304 49408 68608 69633 86016 99328 114688 133121 196609 198656 262192 262240 270352 270400
1 4099 4102 4108 8216 12296 16576 16768 24640 28672 33536 34304 49408 68608 99328 114688 133121 135169 151552 198656 212992 262192 262240 270352 270400
1 4099 4102 4108 8216 12296 16576 16768 24640 28672 33536 34304 49408 68608 99328 133121 135169 151552 180224 198656 229376 262192 262240 270352 270400
1 4099 4102 4108 8216 12296 16576 16768 24640 28672 33536 34304 49408 69633 86016 99328 114688 133121 134144 196609 197632 262192 262240 270352 270400
1 4099 4102 4108 8216 12296 16576 16768 24640 28672 33536 49408 53248 67072 68608 98816 133121 135169 167936 198656 229376 262192 262240 270352 270400
1 4099 4102 4108 8216 12296 16576 16768 24640 28672 33536 49408 67072 68608 98816 114688 133121 135169 151552 198656 212992 262192 262240 270352 270400
1 4099 4102 4108 8216 12296 16576 16768 24640 28672 33536 49408 67072 68608 98816 133121 135169 151552 180224 198656 229376 262192 262240 270352 270400
1 4099 4102 4108 8216 12296 16576 16768 28672 32816 32864 40976 49216 57344 66304 67072 82176 86016 133121 134144 197632 200704 266241 393217 397312
1 4099 4102 4108 8216 12296 16576 16768 28672 32816 32864 40976 49216 57344 66304 67072 82176 86016 134144 135169 197632 200704 264193 393217 395264
1 4099 4102 4108 8216 12296 16576 16768 28672 32816 32864 40976 49216 57344 66304 67072 82176 86016 135169 197632 200704 264193 265216 393217 394240
1 4099 4102 4108 8216 12296 16576 16768 28672 32816 32864 40976 49216 57344 66304 67072 82176 86016 135169 200704 264193 265216 328704 393217 458752
1 4099 4102 4108 8216 12296 16576 16768 28672 32816 32864 40976 49216 57344 66304 67072 82176 133121 134144 151552 197632 212992 266241 393217 397312
1 4099 4102 4108 8216 12296 16576 16768 28672 32816 32864 40976 49216 57344 66304 67072 82176 133121 134144 197632 212992 266241 282624 393217 409600
1 4099 4102 4108 8216 12296 16576 16768 28672 32816 32864 40976 49216 57344 66304 67072 82176 133121 135169 151552 197632 212992 265216 394240 395264
1 4099 4102 4108 8216 12296 16576 16768 28672 32816 32864 40976 49216 57344 66304 67072 82176 133121 135169 151552 212992 265216 328704 395264 458752
1 4099 4102 4108 8216 12296 16576 16768 28672 32816 32864 40976 49216 57344 66304 67072 82176 134144 135169 151552 197632 212992 264193 393217 395264
1 4099 4102 4108 8216 12296 16576 16768 28672 32816 32864 40976 49216 57344 66304 67072 82176 134144 197632 212992 264193 266241 282624 395264 409600
1 4099 4102 4108 8216 12296 16576 16768 28672 32816 32864 40976 49216 57344 66304 67072 82176 135169 151552 197632 212992 264193 265216 393217 394240
1 4099 4102 4108 8216 12296 16576 16768 28672 32816 32864 40976 49216 57344 66304 67072 82176 135169 151552 212992 264193 265216 328704 393217 458752
1 4099 4102 4108 8216 12296 16576 16768 28672 32816 32864 40976 49216 57344 66304 82176 86016 132608 133121 134144 197120 200704 266241 393217 397312
1 4099 4102 4108 8216 12296 16576 16768 28672 32816 32864 40976 49216 57344 66304 82176 86016 132608 134144 135169 197120 200704 264193 393217 395264
1 4099 4102 4108 8216 12296 16576 16768 28672 32816 32864 40976 49216 57344 66304 82176 86016 132608 135169 197120 200704 264193 265216 393217 394240
1 4099 4102 4108 8216 12296 16576 16768 28672 32816 32864 40976 49216 57344 66304 82176 86016 133121 135169 197120 200704 263680 265216 393728 395264
1 4099 4102 4108 8216 12296 16576 16768 28672 32816 32864 40976 49216 57344 66304 82176 86016 133121 135169 200704 263680 265216 328192 395264 458752
1 4099 4102 4108 8216 12296 16576 16768 28672 32816 32864 40976 49216 57344 66304 82176 86016 135169 197120 200704 263680 264193 265216 393217 393728
1 4099 4102 4108 8216 12296 16576 16768 28672 32816 32864 40976 49216 57344 66304 82176 86016 135169 200704 263680 264193 265216 328192 393217 458752
1 4099 4102 4108 8216 12296 16576 16768 28672 32816 32864 40976 49216 57344 66304 82176 132608 134144 135169 151552 197120 212992 264193 393217 395264
1 4099 4102 4108 8216 12296 16576 16768 28672 32816 32864 40976 49216 57344 66304 82176 132608 134144 197120 212992 264193 266241 282624 395264 409600
1 4099 4102 4108 8216 12296 16576 16768 28672 32816 32864 40976 49216 57344 66304 82176 132608 135169 151552 197120 212992 264193 265216 393217 394240
1 4099 4102 4108 8216 12296 16576 16768 28672 32816 32864 40976 49216 57344 66304 82176 133121 135169 151552 197120 212992 263680 265216 393728 395264
1 4099 4102 4108 8216 12296 16576 16768 28672 32816 32864 40976 49216 57344 66304 82176 133121 135169 151552 212992 263680 265216 328192 395264 458752
1 4099 4102 4108 8216 12296 16576 16768 28672 32816 32864 40976 49216 57344 66304 82176 135169 151552 197120 212992 263680 264193 265216 393217 393728
1 4099 4102 4108 8216 12296 16576 16768 28672 32816 32864 40976 49216 57344 66304 82176 135169 151552 212992 263680 264193 265216 328192 393217 458752
1 4099 4102 4108 8216 12296 16576 24640 28672 33152 33536 49280 67072 68608 98816 114688 133121 135169 151552 198656 212992 262192 262240 270352 270400
1 4099 4102 4108 8216 12296 16576 24640 28672 33152 33536 49280 67585 69633 86016 114688 132608 134144 164352 198656 229376 262192 262240 270352 270400
1 4099 4102 4108 8216 12296 16576 28672 32816 32864 40976 49216 57344 65920 66304 82048 86016 132608 134144 135169 197120 200704 264193 393217 395264
1 4099 4102 4108 8216 12296 16576 28672 32816 32864 40976 49216 57344 65920 66304 82048 86016 132608 135169 197120 200704 264193 265216 393217 394240
1 4099 4102 4108 8216 12296 16576 28672 32816 32864 40976 49216 57344 65920 66304 82048 86016 135169 197120 200704 263680 264193 265216 393217 393728
1 4099 4102 4108 8216 12296 16576 28672 32816 32864 40976 49216 57344 65920 66304 82048 132608 134144 135169 151552 197120 212992 264193 393217 395264
1 4099 4102 4108 8216 12296 16576 28672 32816 32864 40976 49216 57344 65920 66304 82048 132608 134144 197120 212992 264193 266241 282624 395264 409600
1 4099 4102 4108 8216 12296 16576 28672 32816 32864 40976 49216 57344 65920 66304 82048 132608 134144 197120 264193 266241 282624 344064 395264 458752
1 4099 4102 4108 8216 12296 16576 28672 32816 32864 40976 49216 57344 65920 66304 82048 132608 135169 151552 197120 212992 264193 265216 393217 394240
1 4099 4102 4108 8216 12296 16576 28672 32816 32864 40976 49216 57344 65920 66304 82048 133121 135169 151552 197120 212992 263680 265216 393728 395264
1 4099 4102 4108 8216 12296 16576 28672 32816 32864 40976 49216 57344 65920 66304 82048 135169 151552 197120 212992 263680 264193 265216 393217 393728
1 4099 4102 4108 8216 12296 16768 17152 28672 32816 32864 40976 57344 65728 82048 98368 114688 132608 134144 135169 147968 151552 264193 393217 395264
1 4099 4102 4108 8216 12296 16768 17152 28672 32816 32864 40976 57344 65728 82048 98368 114688 132608 135169 147968 151552 264193 265216 393217 394240
1 4099 4102 4108 8216 12296 16768 17152 28672 32816 32864 40976 57344 65728 82048 98368 114688 135169 147968 151552 263680 264193 265216 393217 393728
1 4099 4102 4108 8216 12296 16768 17152 28672 32816 40976 57344 65632 65728 82048 98336 114688 132608 134144 135169 147968 151552 264193 393217 395264
1 4099 4102 4108 8216 12296 16768 17152 28672 32816 40976 57344 65632 65728 82048 98336 114688 132608 135169 147968 151552 264193 265216 393217 394240
1 4099 4102 4108 8216 12296 16768 17152 28672 32816 40976 57344 65632 65728 82048 98336 114688 135169 147968 151552 263680 264193 265216 393217 393728
1 4099 4102 4108 8216 12296 16768 17152 28672 32864 32960 40992 49280 57344 65584 73744 73760 132608 134144 135169 147968 151552 264193 393217 395264
1 4099 4102 4108 8216 12296 16768 17152 28672 32864 32960 40992 49280 57344 65584 73744 73760 132608 135169 147968 151552 264193 265216 393217 394240
1 4099 4102 4108 8216 12296 16768 17152 28672 32864 32960 40992 49280 57344 65584 73744 73760 135169 147968 151552 263680 264193 265216 393217 393728
1 4099 4102 4108 8216 12296 16768 17152 28672 32864 32960 49280 57344 65584 73744 98336 106496 132608 134144 135169 147968 151552 264193 393217 395264
1 4099 4102 4108 8216 12296 16768 17152 28672 32864 32960 49280 57344 65584 73744 98336 106496 132608 135169 147968 151552 264193 265216 393217 394240
1 4099 4102 4108 8216 12296 16768 17152 28672 32864 32960 49280 57344 65584 73744 98336 106496 135169 147968 151552 263680 264193 265216 393217 393728
1 4099 4102 4108 8216 12296 16768 17152 28672 32960 49280 57344 65584 65632 73744 98368 106496 132608 134144 135169 147968 151552 264193 393217 395264
1 4099 4102 4108 8216 12296 16768 17152 28672 32960 49280 57344 65584 65632 73744 98368 106496 132608 135169 147968 151552 264193 265216 393217 394240
1 4099 4102 4108 8216 12296 16768 17152 28672 32960 49280 57344 65584 65632 73744 98368 106496 135169 147968 151552 263680 264193 265216 393217 393728
1 4099 4102 4108 8216 12296 17152 17920 28672 32816 32864 40976 57344 65728 65920 82176 98368 114688 133121 134144 148480 151552 266241 393217 397312
1 4099 4102 4108 8216 12296 17152 17920 28672 32816 32864 40976 57344 65728 65920 82176 98368 114688 133121 134144 148480 266241 282624 393217 409600
1 4099 4102 4108 8216 12296 17152 17920 28672 32816 32864 40976 57344 65728 65920 82176 98368 114688 134144 135169 148480 151552 264193 393217 395264
1 4099 4102 4108 8216 12296 17152 17920 28672 32816 32864 40976 57344 65728 65920 82176 98368 114688 135169 148480 151552 264193 265216 393217 394240
1 4099 4102 4108 8216 12296 17152 17920 28672 32960 33152 41024 49408 57344 65584 65632 73744 73792 133121 134144 148480 151552 266241 393217 397312
1 4099 4102 4108 8216 12296 17152 17920 28672 32960 33152 41024 49408 57344 65584 65632 73744 73792 133121 134144 148480 266241 282624 393217 409600
1 4099 4102 4108 8216 12296 17152 17920 28672 32960 33152 41024 49408 57344 65584 65632 73744 73792 134144 135169 148480 151552 264193 393217 395264
1 4099 4102 4108 8216 12296 17152 17920 28672 32960 33152 41024 49408 57344 65584 65632 73744 73792 135169 148480 151552 264193 265216 393217 394240
1 4099 4102 4108 8216 12296 17152 17920 28672 32960 33152 49408 57344 65584 65632 73744 98368 106496 133121 134144 148480 151552 266241 393217 397312
1 4099 4102 4108 8216 12296 17152 17920 28672 32960 33152 49408 57344 65584 65632 73744 98368 106496 133121 134144 148480 266241 282624 393217 409600
1 4099 4102 4108 8216 12296 17152 17920 28672 32960 33152 49408 57344 65584 65632 73744 98368 106496 134144 135169 148480 151552 264193 393217 395264
1 4099 4102 4108 8216 12296 17152 17920 28672 32960 33152 49408 57344 65584 65632 73744 98368 106496 135169 148480 151552 264193 265216 393217 394240
1 4099 4102 4108 8216 12296 17152 28672 32816 32864 40976 57344 65728 65920 82176 98368 114688 132608 133121 134144 147968 151552 266241 393217 397312
1 4099 4102 4108 8216 12296 17152 28672 32816 32864 40976 57344 65728 65920 82176 98368 114688 132608 133121 134144 147968 266241 282624 393217 409600
1 4099 4102 4108 8216 12296 17152 28672 32816 32864 40976 57344 65728 65920 82176 98368 114688 132608 134144 135169 147968 151552 264193 393217 395264
1 4099 4102 4108 8216 12296 17152 28672 32816 32864 40976 57344 65728 65920 82176 98368 114688 132608 135169 147968 151552 264193 265216 393217 394240
1 4099 4102 4108 8216 12296 17152 28672 32816 32864 40976 57344 65728 65920 82176 98368 114688 135169 147968 151552 263680 264193 265216 393217 393728
1 4099 4102 4108 8216 12296 17152 28672 32960 33152 49408 57344 65584 65632 73744 98368 106496 132608 133121 134144 147968 151552 266241 393217 397312
1 4099 4102 4108 8216 12296 17152 28672 32960 33152 49408 57344 65584 65632 73744 98368 106496 132608 133121 134144 147968 266241 282624 393217 409600
1 4099 4102 4108 8216 12296 17152 28672 32960 33152 49408 57344 65584 65632 73744 98368 106496 132608 134144 135169 147968 151552 264193 393217 395264
1 4099 4102 4108 8216 12296 17152 28672 32960 33152 49408 57344 65584 65632 73744 98368 106496 132608 135169 147968 151552 264193 265216 393217 394240
1 4099 4102 4108 8216 12296 17152 28672 32960 33152 49408 57344 65584 65632 73744 98368 106496 135169 147968 151552 263680 264193 265216 393217 393728
1 4099 4102 4108 8216 12296 17920 19456 20481 28672 32816 32864 40976 57344 65728 65920 98368 114688 131840 147968 196864 212992 264193 278529 280576
1 4099 4102 4108 8216 12296 17920 19456 20481 28672 32816 32864 40976 57344 65728 98368 114688 131456 131840 147968 196736 212992 264193 278529 280576
1 4099 4102 4108 8216 12296 17920 19456 20481 28672 32816 32864 40976 57344 65920 66304 82432 114688 131264 163904 196736 229376 264193 278529 280576
1 4099 4102 4108 8216 12296 17920 19456 20481 28672 32816 32864 40976 57344 66304 82432 114688 131264 131456 163904 196864 229376 264193 278529 280576
1 4099 4102 4108 8216 12296 17920 19456 20481 28672 32816 40976 57344 65632 65728 98336 114688 131456 131840 147968 196736 212992 264193 278529 280576
1 4099 4102 4108 8216 12296 17920 19456 20481 28672 32816 40976 57344 65920 66304 82432 114688 131168 131264 163872 196736 229376 264193 278529 280576
1 4099 4102 4108 8216 12296 17920 19456 20481 28672 32864 32960 40992 57344 65920 66304 82432 98432 114688 133121 147457 149504 262192 270352 270368
1 4099 4102 4108 8216 12296 17920 19456 20481 28672 32864 32960 57344 65920 66304 82432 98432 114688 133121 147457 149504 262192 270352 294944 303104
1 4099 4102 4108 8216 12296 17920 19456 20481 28672 32960 33152 57344 66304 82432 98560 114688 133121 147457 149504 262192 262240 270352 294976 303104
1 4099 4102 4108 8216 12296 17920 19456 20481 28672 32960 57344 65920 66304 82432 98432 114688 133121 147457 149504 262192 262240 270352 294976 303104
1 4099 4102 4108 8216 12296 17920 19456 20481 28672 33152 33536 49664 57344 65632 65728 73760 98432 106496 131120 139280 139296 264193 278529 280576
1 4099 4102 4108 8216 12296 17920 19456 20481 28672 33152 33536 49664 57344 65632 65728 98432 106496 131120 139280 196640 204800 264193 278529 280576
1 4099 4102 4108 8216 12296 17920 19456 20481 28672 33152 33536 49664 57344 65632 65728 98432 131120 139280 172032 196640 229376 264193 278529 280576
1 4099 4102 4108 8216 12296 17920 19456 20481 28672 33152 33536 49664 57344 65728 98432 106496 131120 131168 139280 196672 204800 264193 278529 280576
1 4099 4102 4108 8216 12296 17920 19456 20481 28672 33152 33536 49664 57344 65728 98432 131120 131168 139280 172032 196672 229376 264193 278529 280576
1 4099 4102 4108 8216 12296 17920 19456 20481 28672 33536 49664 57344 65728 65920 98560 106496 131120 131168 139280 196672 204800 264193 278529 280576
1 4099 4102 4108 8216 12296 17920 19456 20481 28672 33536 49664 57344 65728 65920 98560 131120 131168 139280 172032 196672 229376 264193 278529 280576
1 4099 4102 4108 8216 12296 17920 20481 28672 32816 32864 40976 57344 65728 65920 98368 114688 131840 147968 196864 212992 264193 265216 278529 279552
1 4099 4102 4108 8216 12296 17920 20481 28672 32816 32864 40976 57344 65728 98368 114688 131456 131840 147968 196736 212992 264193 265216 278529 279552
1 4099 4102 4108 8216 12296 17920 20481 28672 32816 32864 40976 57344 65920 66304 82432 114688 131264 163904 196736 229376 264193 265216 278529 279552
1 4099 4102 4108 8216 12296 17920 20481 28672 32816 32864 40976 57344 66304 82432 114688 131264 131456 163904 196864 229376 264193 265216 278529 279552
1 4099 4102 4108 8216 12296 17920 20481 28672 32816 40976 57344 65632 65728 98336 114688 131456 131840 147968 196736 212992 264193 265216 278529 279552
1 4099 4102 4108 8216 12296 17920 20481 28672 32816 40976 57344 65920 66304 82432 114688 131168 131264 163872 196736 229376 264193 265216 278529 279552
1 4099 4102 4108 8216 12296 17920 20481 28672 32864 32960 40992 57344 65920 66304 82432 98432 114688 133121 134144 147457 148480 262192 270352 270368
1 4099 4102 4108 8216 12296 17920 20481 28672 32864 32960 57344 65920 66304 82432 98432 114688 133121 134144 147457 148480 262192 270352 294944 303104
1 4099 4102 4108 8216 12296 17920 20481 28672 32960 33152 57344 66304 82432 98560 114688 133121 134144 147457 148480 262192 262240 270352 294976 303104
1 4099 4102 4108 8216 12296 17920 20481 28672 32960 57344 65920 66304 82432 98432 114688 133121 134144 147457 148480 262192 262240 270352 294976 303104
1 4099 4102 4108 8216 12296 17920 20481 28672 33152 33536 49664 57344 65632 65728 73760 98432 106496 131120 139280 139296 264193 265216 278529 279552
1 4099 4102 4108 8216 12296 17920 20481 28672 33152 33536 49664 57344 65632 65728 98432 106496 131120 139280 196640 204800 264193 265216 278529 279552
1 4099 4102 4108 8216 12296 17920 20481 28672 33152 33536 49664 57344 65632 65728 98432 131120 139280 172032 196640 229376 264193 265216 278529 279552
1 4099 4102 4108 8216 12296 17920 20481 28672 33152 33536 49664 57344 65728 98432 106496 131120 131168 139280 196672 204800 264193 265216 278529 279552
1 4099 4102 4108 8216 12296 17920 20481 28672 33152 33536 49664 57344 65728 98432 131120 131168 139280 172032 196672 229376 264193 265216 278529 279552
1 4099 4102 4108 8216 12296 17920 20481 28672 33536 49664 57344 65728 65920 98560 106496 131120 131168 139280 196672 204800 264193 265216 278529 279552
1 4099 4102 4108 8216 12296 17920 20481 28672 33536 49664 57344 65728 65920 98560 131120 131168 139280 172032 196672 229376 264193 265216 278529 279552
1 4099 4102 4108 8216 12296 18433 19456 28672 32816 32864 40976 57344 65728 65920 98368 114688 131840 132608 148480 196864 212992 266241 278529 282624
1 4099 4102 4108 8216 12296 18433 19456 28672 32816 32864 40976 57344 66304 67072 82944 114688 131264 131456 163904 196864 229376 266241 278529 282624
1 4099 4102 4108 8216 12296 18433 19456 28672 32960 33152 41024 57344 66304 67072 82944 98560 114688 135169 147457 151552 262192 262240 270352 270400
1 4099 4102 4108 8216 12296 18433 19456 28672 32960 33152 57344 66304 67072 82944 98560 114688 135169 147457 151552 262192 262240 270352 294976 303104
1 4099 4102 4108 8216 12296 18433 19456 28672 33536 34304 50176 57344 65728 65920 73792 98560 106496 131120 131168 139280 139328 266241 278529 282624
1 4099 4102 4108 8216 12296 18433 19456 28672 33536 34304 50176 57344 65728 65920 98560 106496 131120 131168 139280 196672 204800 266241 278529 282624
1 4099 4102 4108 8216 12296 18433 19456 28672 33536 34304 50176 57344 65728 65920 98560 131120 131168 139280 172032 196672 229376 266241 278529 282624
1 4099 4102 4108 8216 12296 18433 20481 28672 32816 32864 40976 57344 65728 65920 98368 114688 131840 132608 148480 196864 212992 265216 279552 280576
1 4099 4102 4108 8216 12296 18433 20481 28672 32816 32864 40976 57344 65728 65920 98368 114688 131840 132608 196864 212992 265216 280576 394240 409600
1 4099 4102 4108 8216 12296 18433 20481 28672 32816 32864 40976 57344 65728 65920 98368 114688 131840 132608 196864 265216 280576 344064 394240 458752
1 4099 4102 4108 8216 12296 18433 20481 28672 32816 32864 40976 57344 65728 65920 98368 114688 131840 147968 196864 212992 263680 265216 279040 280576
1 4099 4102 4108 8216 12296 18433 20481 28672 32816 32864 40976 57344 65728 65920 98368 114688 131840 196864 212992 263680 265216 280576 393728 409600
1 4099 4102 4108 8216 12296 18433 20481 28672 32816 32864 40976 57344 65728 65920 98368 114688 131840 196864 263680 265216 280576 344064 393728 458752
1 4099 4102 4108 8216 12296 18433 20481 28672 32816 32864 40976 57344 65728 98368 114688 131456 131840 147968 196736 212992 263680 265216 279040 280576
1 4099 4102 4108 8216 12296 18433 20481 28672 32816 32864 40976 57344 65728 98368 114688 131456 131840 196736 212992 263680 265216 280576 393728 409600
1 4099 4102 4108 8216 12296 18433 20481 28672 32816 32864 40976 57344 65728 98368 114688 131456 131840 196736 263680 265216 280576 344064 393728 458752
1 4099 4102 4108 8216 12296 18433 20481 28672 32816 32864 40976 57344 65920 66304 82432 114688 131264 163904 196736 229376 263680 265216 279040 280576
1 4099 4102 4108 8216 12296 18433 20481 28672 32816 32864 40976 57344 65920 66304 114688 131264 163904 196736 229376 263680 265216 280576 328192 344064
1 4099 4102 4108 8216 12296 18433 20481 28672 32816 32864 40976 57344 66304 67072 82944 114688 131264 131456 163904 196864 229376 265216 279552 280576
1 4099 4102 4108 8216 12296 18433 20481 28672 32816 32864 40976 57344 66304 67072 114688 131264 131456 163904 196864 229376 265216 280576 328704 344064
1 4099 4102 4108 8216 12296 18433 20481 28672 32816 32864 40976 57344 66304 82432 114688 131264 131456 163904 196864 229376 263680 265216 279040 280576
1 4099 4102 4108 8216 12296 18433 20481 28672 32816 32864 40976 57344 66304 114688 131264 131456 163904 196864 229376 263680 265216 280576 328192 344064
1 4099 4102 4108 8216 12296 18433 20481 28672 32816 32864 40976 57344 67072 68608 83968 114688 131264 131456 163904 229376 262912 328192 393472 458752
1 4099 4102 4108 8216 12296 18433 20481 28672 32816 32864 40976 57344 67072 68608 83968 114688 131264 163904 229376 262528 262912 328192 393344 458752
1 4099 4102 4108 8216 12296 18433 20481 28672 32816 32864 40976 57344 67072 68608 83968 114688 131456 131840 197120 229376 262336 294976 393344 425984
1 4099 4102 4108 8216 12296 18433 20481 28672 32816 32864 40976 57344 67072 68608 83968 114688 131840 197120 229376 262336 262528 294976 393472 425984
1 4099 4102 4108 8216 12296 18433 20481 28672 32816 32864 40976 57344 68608 83968 114688 131264 131456 163904 229376 262912 263680 328704 393472 458752
1 4099 4102 4108 8216 12296 18433 20481 28672 32816 32864 40976 57344 68608 83968 114688 131840 132608 197632 229376 262336 262528 294976 393472 425984
1 4099 4102 4108 8216 12296 18433 20481 28672 32816 40976 57344 65632 65728 98336 114688 131456 131840 147968 196736 212992 263680 265216 279040 280576
1 4099 4102 4108 8216 12296 18433 20481 28672 32816 40976 57344 65632 65728 98336 114688 131456 131840 196736 212992 263680 265216 280576 393728 409600
1 4099 4102 4108 8216 12296 18433 20481 28672 32816 40976 57344 65632 65728 98336 114688 131456 131840 196736 263680 265216 280576 344064 393728 458752
1 4099 4102 4108 8216 12296 18433 20481 28672 32816 40976 57344 65920 66304 82432 114688 131168 131264 163872 196736 229376 263680 265216 279040 280576
1 4099 4102 4108 8216 12296 18433 20481 28672 32816 40976 57344 65920 66304 114688 131168 131264 163872 196736 229376 263680 265216 280576 328192 344064
1 4099 4102 4108 8216 12296 18433 20481 28672 32816 40976 57344 67072 68608 83968 114688 131168 131264 163872 229376 262528 262912 328192 393344 458752
1 4099 4102 4108 8216 12296 18433 20481 28672 32816 40976 57344 67072 68608 83968 114688 131456 131840 197120 229376 262240 262336 294944 393344 425984
1 4099 4102 4108 8216 12296 18433 20481 28672 32864 32960 40992 57344 65920 66304 82432 98432 114688 132608 134144 147968 149504 262192 270352 270368
1 4099 4102 4108 8216 12296 18433 20481 28672 32864 32960 40992 57344 65920 66304 98432 114688 132608 134144 149504 197120 212992 262192 270352 270368
1 4099 4102 4108 8216 12296 18433 20481 28672 32864 32960 40992 57344 67072 68608 83968 114688 131456 131840 163968 197120 229376 262192 270352 270368
1 4099 4102 4108 8216 12296 18433 20481 28672 32864 32960 57344 65920 66304 82432 98432 114688 132608 134144 147968 149504 262192 270352 294944 303104
1 4099 4102 4108 8216 12296 18433 20481 28672 32864 32960 57344 65920 66304 98432 114688 132608 134144 149504 197120 212992 262192 270352 294944 303104
1 4099 4102 4108 8216 12296 18433 20481 28672 32864 32960 57344 67072 68608 83968 114688 131456 131840 163968 197120 229376 262192 270352 294944 303104
1 4099 4102 4108 8216 12296 18433 20481 28672 32960 33152 41024 57344 66304 67072 82944 98560 114688 134144 148480 149504 262192 262240 270352 270400
1 4099 4102 4108 8216 12296 18433 20481 28672 32960 33152 41024 57344 66304 67072 98560 114688 134144 149504 197632 212992 262192 262240 270352 270400
1 4099 4102 4108 8216 12296 18433 20481 28672 32960 33152 41024 57344 66304 98560 114688 132608 134144 149504 197120 212992 262192 262240 270352 270400
1 4099 4102 4108 8216 12296 18433 20481 28672 32960 33152 41024 57344 67072 68608 83968 114688 131840 164096 197120 229376 262192 262240 270352 270400
1 4099 4102 4108 8216 12296 18433 20481 28672 32960 33152 41024 57344 68608 83968 114688 131840 132608 164096 197632 229376 262192 262240 270352 270400
1 4099 4102 4108 8216 12296 18433 20481 28672 32960 33152 57344 66304 67072 82944 98560 114688 134144 148480 149504 262192 262240 270352 294976 303104
1 4099 4102 4108 8216 12296 18433 20481 28672 32960 33152 57344 66304 67072 98560 114688 134144 149504 197632 212992 262192 262240 270352 294976 303104
1 4099 4102 4108 8216 12296 18433 20481 28672 32960 33152 57344 66304 82432 98560 114688 132608 134144 147968 149504 262192 262240 270352 294976 303104
1 4099 4102 4108 8216 12296 18433 20481 28672 32960 33152 57344 66304 98560 114688 132608 134144 149504 197120 212992 262192 262240 270352 294976 303104
1 4099 4102 4108 8216 12296 18433 20481 28672 32960 33152 57344 67072 68608 83968 114688 131840 164096 197120 229376 262192 262240 270352 294976 303104
1 4099 4102 4108 8216 12296 18433 20481 28672 32960 33152 57344 68608 83968 114688 131840 132608 164096 197632 229376 262192 262240 270352 294976 303104
1 4099 4102 4108 8216 12296 18433 20481 28672 32960 41024 57344 65920 66304 98432 114688 132608 134144 149504 197120 212992 262192 262240 270352 270400
1 4099 4102 4108 8216 12296 18433 20481 28672 32960 41024 57344 67072 68608 83968 114688 131456 131840 163968 197120 229376 262192 262240 270352 270400
1 4099 4102 4108 8216 12296 18433 20481 28672 32960 57344 65920 66304 82432 98432 114688 132608 134144 147968 149504 262192 262240 270352 294976 303104
1 4099 4102 4108 8216 12296 18433 20481 28672 32960 57344 65920 66304 98432 114688 132608 134144 149504 197120 212992 262192 262240 270352 294976 303104
1 4099 4102 4108 8216 12296 18433 20481 28672 32960 57344 67072 68608 83968 114688 131456 131840 163968 197120 229376 262192 262240 270352 294976 303104
1 4099 4102 4108 8216 12296 19456 20481 28672 32816 32864 40976 57344 65728 65920 98368 114688 131840 132608 148480 196864 212992 264193 278529 280576
1 4099 4102 4108 8216 12296 19456 20481 28672 32816 32864 40976 57344 66304 67072 82944 114688 131264 131456 163904 196864 229376 264193 278529 280576
1 4099 4102 4108 8216 12296 19456 20481 28672 32960 33152 41024 57344 66304 67072 82944 98560 114688 133121 147457 149504 262192 262240 270352 270400
1 4099 4102 4108 8216 12296 19456 20481 28672 32960 33152 57344 66304 67072 82944 98560 114688 133121 147457 149504 262192 262240 270352 294976 303104
1 4099 4102 4108 8216 12296 19456 20481 28672 33536 34304 50176 57344 65728 65920 73792 98560 106496 131120 131168 139280 139328 264193 278529 280576
1 4099 4102 4108 8216 12296 19456 20481 28672 33536 34304 50176 57344 65728 65920 98560 106496 131120 131168 139280 196672 204800 264193 278529 280576
1 4099 4102 4108 8216 12296 19456 20481 28672 33536 34304 50176 57344 65728 65920 98560 131120 131168 139280 172032 196672 229376 264193 278529 280576
1 4099 4102 4108 8216 12296 20481 28672 32816 32864 40976 57344 65728 65920 98368 114688 131840 132608 148480 196864 212992 264193 265216 278529 279552
1 4099 4102 4108 8216 12296 20481 28672 32816 32864 40976 57344 65728 65920 98368 114688 131840 132608 196864 212992 264193 265216 278529 394240 409600
1 4099 4102 4108 8216 12296 20481 28672 32816 32864 40976 57344 65728 65920 98368 114688 131840 132608 196864 264193 265216 278529 344064 394240 458752
1 4099 4102 4108 8216 12296 20481 28672 32816 32864 40976 57344 65728 65920 98368 114688 131840 147968 196864 212992 263680 264193 265216 278529 279040
2 4099 4102 4108 8216 12296 20481 28672 32816 32864 40976 57344 65728 65920 98368 114688 131840 196864 212992 263680 264193 265216 278529 393728 409600
1 4099 4102 4108 8216 12296 20481 28672 32816 32864 40976 57344 65728 98368 114688 131456 131840 147968 196736 212992 263680 264193 265216 278529 279040
1 4099 4102 4108 8216 12296 20481 28672 32816 32864 40976 57344 65920 66304 82432 114688 131264 163904 196736 229376 263680 264193 265216 278529 279040
1 4099 4102 4108 8216 12296 20481 28672 32816 32864 40976 57344 66304 67072 82944 114688 131264 131456 163904 196864 229376 264193 265216 278529 279552
1 4099 4102 4108 8216 12296 20481 28672 32816 32864 40976 57344 66304 67072 114688 131264 131456 163904 196864 229376 264193 265216 278529 328704 344064
1 4099 4102 4108 8216 12296 20481 28672 32816 32864 40976 57344 66304 82432 114688 131264 131456 163904 196864 229376 263680 264193 265216 278529 279040
1 4099 4102 4108 8216 12296 20481 28672 32816 32864 40976 57344 66304 114688 131264 131456 163904 196864 229376 263680 264193 265216 278529 328192 344064
1 4099 4102 4108 8216 12296 20481 28672 32816 32864 40976 57344 67585 68608 81921 114688 131264 131456 163904 229376 262912 263680 328704 393472 458752
1 4099 4102 4108 8216 12296 20481 28672 32816 32864 40976 57344 67585 68608 81921 114688 131840 132608 197632 229376 262336 262528 294976 393472 425984
1 4099 4102 4108 8216 12296 20481 28672 32816 40976 57344 65632 65728 98336 114688 131456 131840 147968 196736 212992 263680 264193 265216 278529 279040
1 4099 4102 4108 8216 12296 20481 28672 32816 40976 57344 65920 66304 82432 114688 131168 131264 163872 196736 229376 263680 264193 265216 278529 279040
1 4099 4102 4108 8216 12296 20481 28672 32864 32960 40992 57344 65920 66304 82432 98432 114688 132608 133121 134144 147457 147968 262192 270352 270368
1 4099 4102 4108 8216 12296 20481 28672 32864 32960 57344 65920 66304 82432 98432 114688 132608 133121 134144 147457 147968 262192 270352 294944 303104
1 4099 4102 4108 8216 12296 20481 28672 32960 33152 41024 57344 66304 67072 82944 98560 114688 133121 134144 147457 148480 262192 262240 270352 270400
1 4099 4102 4108 8216 12296 20481 28672 32960 33152 41024 57344 66304 67072 98560 114688 133121 134144 147457 197632 212992 262192 262240 270352 270400
1 4099 4102 4108 8216 12296 20481 28672 32960 33152 41024 57344 67585 68608 81921 114688 131840 132608 164096 197632 229376 262192 262240 270352 270400
1 4099 4102 4108 8216 12296 20481 28672 32960 33152 57344 66304 67072 82944 98560 114688 133121 134144 147457 148480 262192 262240 270352 294976 303104
1 4099 4102 4108 8216 12296 20481 28672 32960 33152 57344 66304 67072 98560 114688 133121 134144 147457 197632 212992 262192 262240 270352 294976 303104
1 4099 4102 4108 8216 12296 20481 28672 32960 33152 57344 66304 82432 98560 114688 132608 133121 134144 147457 147968 262192 262240 270352 294976 303104
1 4099 4102 4108 8216 12296 20481 28672 32960 33152 57344 67585 68608 81921 114688 131840 132608 164096 197632 229376 262192 262240 270352 294976 303104
1 4099 4102 4108 8216 12296 20481 28672 32960 57344 65920 66304 82432 98432 114688 132608 133121 134144 147457 147968 262192 262240 270352 294976 303104
1 4099 4102 4108 8216 12296 20481 28672 33152 33536 49664 57344 65632 65728 73760 98432 106496 131120 139280 139296 263680 264193 265216 278529 279040
1 4099 4102 4108 8216 12296 20481 28672 33152 33536 49664 57344 65632 65728 98432 106496 131120 139280 196640 204800 263680 264193 265216 278529 279040
1 4099 4102 4108 8216 12296 20481 28672 33152 33536 49664 57344 65632 65728 98432 131120 139280 172032 196640 229376 263680 264193 265216 278529 279040
1 4099 4102 4108 8216 12296 20481 28672 33152 33536 49664 57344 65728 98432 106496 131120 131168 139280 196672 204800 263680 264193 265216 278529 279040
1 4099 4102 4108 8216 12296 20481 28672 33152 33536 49664 57344 65728 98432 131120 131168 139280 172032 196672 229376 263680 264193 265216 278529 279040
1 4099 4102 4108 8216 12296 20481 28672 33536 34304 50176 57344 65728 65920 73792 98560 106496 131120 131168 139280 139328 264193 265216 278529 279552
1 4099 4102 4108 8216 12296 20481 28672 33536 34304 50176 57344 65728 65920 98560 106496 131120 131168 139280 196672 204800 264193 265216 278529 279552
1 4099 4102 4108 8216 12296 20481 28672 33536 34304 50176 57344 65728 65920 98560 131120 131168 139280 172032 196672 229376 264193 265216 278529 279552
1 4099 4102 4108 8216 12296 20481 28672 33536 34304 57344 67585 68608 81921 99328 114688 131264 131456 139328 164096 172032 262192 262240 270352 270400
1 4099 4102 4108 8216 12296 20481 28672 33536 34304 57344 67585 68608 81921 99328 114688 131264 131456 164096 172032 262192 262240 270352 393280 401408
1 4099 4102 4108 8216 12296 20481 28672 33536 34304 57344 67585 68608 81921 99328 114688 131264 131456 164096 262192 262240 270352 303104 393280 425984
1 4099 4102 4108 8216 12296 20481 28672 33536 49664 57344 65728 65920 98560 106496 131120 131168 139280 196672 204800 263680 264193 265216 278529 279040
1 4099 4102 4108 8216 12296 20481 28672 33536 49664 57344 65728 65920 98560 131120 131168 139280 172032 196672 229376 263680 264193 265216 278529 279040
1 4099 4102 4108 8216 12296 20481 28672 33536 57344 67072 67585 68608 81921 98816 114688 131264 131456 164096 172032 262192 262240 270352 393280 401408
1 4099 4102 4108 8216 12296 20481 28672 34817 35840 49153 57344 66304 67072 99328 106496 131264 131456 139328 196864 204800 262192 262240 270352 270400
1 4099 4102 4108 8216 12296 20481 28672 34817 35840 49153 57344 66304 67072 99328 106496 131264 131456 196864 204800 262192 262240 270352 393280 401408
1 4099 4102 4108 8216 12296 20481 28672 34817 35840 49153 57344 66304 67072 99328 106496 131264 131456 196864 262192 262240 270352 335872 393280 458752
1 4099 4102 4108 8216 12296 20481 28672 34817 35840 49153 57344 66304 67072 99328 131264 131456 139328 172032 196864 229376 262192 262240 270352 270400
1 4099 4102 4108 8216 12296 20481 28672 34817 35840 49153 57344 66304 67072 99328 131264 131456 172032 196864 229376 262192 262240 270352 393280 401408
1 4099 4102 4108 8216 12296 20481 28672 34817 35840 49153 57344 66304 67072 99328 131264 131456 196864 229376 262192 262240 270352 303104 393280 425984
1 4099 4102 4108 8216 12296 20481 28672 34817 35840 49153 57344 66304 67072 99328 131264 131456 196864 262192 262240 270352 303104 360448 393280 458752
1 4099 4102 4108 8240 8288 12296 16576 16768 24640 28672 33536 34304 49408 53248 67585 68608 99328 102400 135169 196609 200704 262168 270344 270352
1 4099 4102 4108 8240 8288 12296 16576 16768 24640 28672 33536 34304 49408 53248 67585 68608 99328 135169 167936 196609 229376 262168 270344 270352
1 4099 4102 4108 8240 8288 12296 16576 16768 24640 28672 33536 34304 49408 53248 68608 69633 99328 102400 133121 196609 198656 262168 270344 270352
1 4099 4102 4108 8240 8288 12296 16576 16768 24640 28672 33536 34304 49408 53248 69633 99328 102400 133121 134144 196609 197632 262168 270344 270352
1 4099 4102 4108 8240 8288 12296 16576 16768 24640 28672 33536 34304 49408 67585 68608 86016 99328 114688 135169 196609 200704 262168 270344 270352
1 4099 4102 4108 8240 8288 12296 16576 16768 24640 28672 33536 34304 49408 67585 68608 99328 114688 135169 151552 196609 212992 262168 270344 270352
1 4099 4102 4108 8240 8288 12296 16576 16768 24640 28672 33536 34304 49408 67585 68608 99328 135169 151552 180224 196609 229376 262168 270344 270352
1 4099 4102 4108 8240 8288 12296 16576 16768 24640 28672 33536 34304 49408 68608 69633 86016 99328 114688 133121 196609 198656 262168 270344 270352
1 4099 4102 4108 8240 8288 12296 16576 16768 24640 28672 33536 34304 49408 69633 86016 99328 114688 133121 134144 196609 197632 262168 270344 270352
1 4099 4102 4108 8240 8288 12296 17152 17920 28672 32960 33152 41024 49408 57344 65560 73736 73744 133121 134144 148480 151552 266241 393217 397312
1 4099 4102 4108 8240 8288 12296 17152 17920 28672 32960 33152 41024 49408 57344 65560 73736 73744 133121 134144 148480 266241 282624 393217 409600
1 4099 4102 4108 8240 8288 12296 17152 17920 28672 32960 33152 41024 49408 57344 65560 73736 73744 134144 135169 148480 151552 264193 393217 395264
1 4099 4102 4108 8240 8288 12296 17152 17920 28672 32960 33152 41024 49408 57344 65560 73736 73744 135169 148480 151552 264193 265216 393217 394240
1 4099 4102 4108 8240 8288 12296 18433 19456 28672 32960 33152 41024 57344 66304 67072 82944 98560 114688 135169 147457 151552 262168 270344 270352
1 4099 4102 4108 8240 8288 12296 18433 19456 28672 33536 34304 50176 57344 65728 65920 73792 98560 106496 131096 139272 139280 266241 278529 282624
1 4099 4102 4108 8240 8288 12296 19456 20481 28672 32960 33152 41024 57344 66304 67072 82944 98560 114688 133121 147457 149504 262168 270344 270352
1 4099 4102 4108 8240 8288 12296 19456 20481 28672 33536 34304 50176 57344 65728 65920 73792 98560 106496 131096 139272 139280 264193 278529 280576
1 4099 4102 4108 8240 8288 12296 20481 28672 32960 33152 41024 57344 66304 67072 82944 98560 114688 133121 134144 147457 148480 262168 270344 270352
1 4099 4102 4108 8240 8288 12296 20481 28672 32960 33152 41024 57344 66304 67072 98560 114688 133121 134144 147457 197632 212992 262168 270344 270352
1 4099 4102 4108 8240 8288 12296 20481 28672 32960 33152 41024 57344 67585 68608 81921 114688 131840 132608 164096 197632 229376 262168 270344 270352
1 4099 4102 4108 8240 8288 12296 20481 28672 33536 34304 50176 57344 65728 65920 73792 98560 106496 131096 139272 139280 264193 265216 278529 279552
1 4099 4102 4108 8240 8288 12296 20481 28672 33536 34304 57344 67585 68608 81921 99328 114688 131264 131456 139328 164096 172032 262168 270344 270352
1 4099 4102 4108 8240 8288 12296 20481 28672 34817 35840 49153 57344 66304 67072 99328 106496 131264 131456 139328 196864 204800 262168 270344 270352
1 4099 4102 4108 8240 8288 12296 20481 28672 34817 35840 49153 57344 66304 67072 99328 131264 131456 139328 172032 196864 229376 262168 270344 270352
1 4099 4102 4108 8240 12296 16480 16576 24608 28672 33152 33536 49280 53248 67072 69633 98816 102400 133121 134144 196609 197632 262168 270344 270352
1 4099 4102 4108 8240 12296 16480 16576 24608 28672 33152 33536 49280 53248 69633 98816 102400 132608 133121 134144 196609 197120 262168 270344 270352
1 4099 4102 4108 8240 12296 16480 16576 24608 28672 33152 33536 49280 67072 69633 86016 98816 114688 133121 134144 196609 197632 262168 270344 270352
1 4099 4102 4108 8240 12296 16480 16576 24608 28672 33152 33536 49280 69633 86016 98816 114688 132608 133121 134144 196609 197120 262168 270344 270352
1 4099 4102 4108 8240 12296 16768 17152 28672 32864 32960 40992 49280 57344 65560 73736 73744 132608 135169 147968 151552 264193 265216 393217 394240
1 4099 4102 4108 8240 12296 16768 17152 28672 32864 32960 40992 49280 57344 65560 73736 73744 135169 147968 151552 263680 264193 265216 393217 393728
1 4099 4102 4108 8240 12296 17920 20481 28672 32864 32960 40992 57344 65920 66304 82432 98432 114688 133121 134144 147457 148480 262168 270344 270352
1 4099 4102 4108 8240 12296 17920 20481 28672 33152 33536 49664 57344 65632 65728 73760 98432 106496 131096 139272 139280 264193 265216 278529 279552
1 4099 4102 4108 8240 12296 20481 28672 32864 32960 40992 57344 65920 66304 82432 98432 114688 132608 133121 134144 147457 147968 262168 270344 270352
1 4099 4102 4108 8240 12296 20481 28672 33152 33536 49664 57344 65632 65728 73760 98432 106496 131096 139272 139280 263680 264193 265216 278529 279040
1 4099 4102 4108 8288 12296 16576 16768 24640 28672 33536 34304 49408 53248 67585 68608 99328 102400 135169 196609 200704 262168 262192 270344 270368
1 4099 4102 4108 8288 12296 16576 16768 24640 28672 33536 34304 49408 53248 67585 68608 99328 135169 167936 196609 229376 262168 262192 270344 270368
1 4099 4102 4108 8288 12296 16576 16768 24640 28672 33536 34304 49408 53248 69633 99328 102400 133121 134144 196609 197632 262168 262192 270344 270368
1 4099 4102 4108 8288 12296 16576 16768 24640 28672 33536 34304 49408 67585 68608 86016 99328 114688 135169 196609 200704 262168 262192 270344 270368
1 4099 4102 4108 8288 12296 16576 16768 24640 28672 33536 34304 49408 67585 68608 99328 114688 135169 151552 196609 212992 262168 262192 270344 270368
1 4099 4102 4108 8288 12296 16576 16768 24640 28672 33536 34304 49408 67585 68608 99328 135169 151552 180224 196609 229376 262168 262192 270344 270368
1 4099 4102 4108 8288 12296 16576 16768 24640 28672 33536 34304 49408 69633 86016 99328 114688 133121 134144 196609 197632 262168 262192 270344 270368
1 4099 4102 4108 8288 12296 17152 17920 28672 32960 33152 41024 49408 57344 65560 65584 73736 73760 133121 134144 148480 151552 266241 393217 397312
1 4099 4102 4108 8288 12296 17152 17920 28672 32960 33152 41024 49408 57344 65560 65584 73736 73760 133121 134144 148480 266241 282624 393217 409600
1 4099 4102 4108 8288 12296 17152 17920 28672 32960 33152 41024 49408 57344 65560 65584 73736 73760 135169 148480 151552 264193 265216 393217 394240
1 4099 4102 4108 8288 12296 18433 19456 28672 32960 33152 41024 57344 66304 67072 82944 98560 114688 135169 147457 151552 262168 262192 270344 270368
1 4099 4102 4108 8288 12296 18433 19456 28672 33536 34304 50176 57344 65728 65920 73792 98560 106496 131096 131120 139272 139296 266241 278529 282624
1 4099 4102 4108 8288 12296 20481 28672 32960 33152 41024 57344 66304 67072 82944 98560 114688 133121 134144 147457 148480 262168 262192 270344 270368
1 4099 4102 4108 8288 12296 20481 28672 32960 33152 41024 57344 66304 67072 98560 114688 133121 134144 147457 197632 212992 262168 262192 270344 270368
1 4099 4102 4108 8288 12296 20481 28672 32960 33152 41024 57344 67585 68608 81921 114688 131840 132608 164096 197632 229376 262168 262192 270344 270368
1 4099 4102 4108 8288 12296 20481 28672 33536 34304 50176 57344 65728 65920 73792 98560 106496 131096 131120 139272 139296 264193 265216 278529 279552
1 4099 4102 4108 8288 12296 20481 28672 33536 34304 57344 67585 68608 81921 99328 114688 131264 131456 139328 164096 172032 262168 262192 270344 270368
1 4099 4102 4108 8288 12296 20481 28672 34817 35840 49153 57344 66304 67072 99328 106496 131264 131456 139328 196864 204800 262168 262192 270344 270368
1 4099 4102 4108 8288 12296 20481 28672 34817 35840 49153 57344 66304 67072 99328 131264 131456 139328 172032 196864 229376 262168 262192 270344 270368
1 4099 4102 4108 12289 12296 17920 18433 19456 24577 49664 57344 65920 66304 98432 98816 131168 131264 163968 172032 262168 262192 270344 393248 401408
1 4099 4102 4108 12289 12296 17920 18433 19456 24577 49664 57344 65920 66304 98432 98816 131168 131264 163968 262168 262192 270344 303104 393248 425984
1 4099 4102 4108 12289 12296 17920 18433 19456 24577 49664 57344 65920 66304 98816 106496 131096 131120 139272 204800 262240 262336 327808 393248 458752
1 4099 4102 4108 12289 12296 17920 18433 19456 24577 49664 57344 65920 66304 98816 106496 131168 131264 196736 204800 262168 262192 270344 393248 401408
1 4099 4102 4108 12289 12296 17920 18433 19456 24577 49664 57344 65920 66304 98816 131096 131120 139272 172032 229376 262240 262336 327808 393248 458752
1 4099 4102 4108 12289 12296 17920 18433 19456 24577 49664 57344 65920 66304 98816 131168 131264 172032 196736 229376 262168 262192 270344 393248 401408
1 4099 4102 4108 12289 12296 17920 18433 19456 24577 49664 57344 65920 66304 98816 131168 131264 196736 229376 262168 262192 270344 303104 393248 425984
1 4099 4102 4108 12289 12296 17920 18433 19456 24577 49664 65920 66304 90112 98816 114688 131096 131120 139272 204800 262240 262336 327808 393248 458752
1 4099 4102 4108 12289 12296 17920 18433 19456 24577 49664 65920 66304 90112 98816 114688 131168 131264 196736 204800 262168 262192 270344 393248 401408
1 4099 4102 4108 12289 12296 17920 18433 19456 24577 49664 65920 66304 98432 98816 131168 131264 155648 163968 180224 262168 262192 270344 393248 401408
1 4099 4102 4108 12289 12296 17920 18433 19456 24577 49664 65920 66304 98432 98816 131168 131264 163968 180224 262168 262192 270344 286720 393248 409600
1 4099 4102 4108 12289 12296 17920 18433 19456 24577 49664 65920 66304 98432 98816 131168 131264 163968 262168 262192 270344 286720 311296 393248 425984
1 4099 4102 4108 12289 12296 17920 18433 19456 24577 49664 65920 66304 98816 114688 131096 131120 139272 155648 212992 262240 262336 327808 393248 458752
1 4099 4102 4108 12289 12296 17920 18433 19456 24577 49664 65920 66304 98816 114688 131168 131264 155648 196736 212992 262168 262192 270344 393248 401408
1 4099 4102 4108 12289 12296 17920 18433 19456 24577 49664 65920 66304 98816 114688 131168 131264 196736 212992 262168 262192 270344 286720 393248 409600
1 4099 4102 4108 12289 12296 17920 18433 19456 24577 49664 65920 66304 98816 131096 131120 139272 155648 180224 229376 262240 262336 327808 393248 458752
1 4099 4102 4108 12289 12296 17920 18433 19456 24577 49664 65920 66304 98816 131168 131264 155648 180224 196736 229376 262168 262192 270344 393248 401408
1 4099 4102 4108 12289 12296 17920 18433 19456 24577 49664 65920 66304 98816 131168 131264 180224 196736 229376 262168 262192 270344 286720 393248 409600
1 4099 4102 4108 12289 12296 17920 18433 19456 24577 49664 65920 66304 98816 131168 131264 196736 229376 262168 262192 270344 286720 311296 393248 425984
1 4099 4102 4108 12289 12296 17920 18433 24577 35840 50176 51200 65920 66304 82432 90112 131168 131264 196736 204800 262168 262192 270344 393248 401408
1 4099 4102 4108 12289 12296 17920 18433 24577 35840 50176 51200 65920 66304 82432 90112 131168 131264 196736 262168 262192 270344 335872 393248 458752
1 4099 4102 4108 12289 12296 17920 18433 24577 35840 50176 51200 65920 66304 82432 131168 131264 155648 196736 212992 262168 262192 270344 393248 401408
1 4099 4102 4108 12289 12296 17920 18433 24577 35840 50176 51200 65920 66304 82432 131168 131264 196736 212992 262168 262192 270344 286720 393248 409600
1 4099 4102 4108 12289 12296 17920 18433 24577 35840 50176 51200 65920 66304 82432 131168 131264 196736 262168 262192 270344 286720 344064 393248 458752
1 4099 4102 4108 12289 12296 17920 19456 24577 34817 49153 51200 65920 66304 82432 90112 131096 131120 139272 204800 262240 262336 327808 393248 458752
1 4099 4102 4108 12289 12296 17920 19456 24577 34817 49153 51200 65920 66304 82432 90112 131168 131264 196736 204800 262168 262192 270344 393248 401408
1 4099 4102 4108 12289 12296 17920 19456 24577 34817 49153 51200 65920 66304 82432 131096 131120 139272 155648 212992 262240 262336 327808 393248 458752
1 4099 4102 4108 12289 12296 17920 19456 24577 34817 49153 51200 65920 66304 82432 131168 131264 155648 196736 212992 262168 262192 270344 393248 401408
1 4099 4102 4108 12289 12296 17920 19456 24577 34817 49153 51200 65920 66304 82432 131168 131264 196736 212992 262168 262192 270344 286720 393248 409600
1 4099 4102 4108 12289 12296 17920 24577 34817 35840 49153 50176 65920 66304 82432 90112 131168 131264 196736 204800 262168 262192 270344 393248 401408
1 4099 4102 4108 12289 12296 17920 24577 34817 35840 49153 50176 65920 66304 82432 90112 131168 131264 196736 262168 262192 270344 335872 393248 458752
1 4099 4102 4108 12289 12296 17920 24577 34817 35840 49153 50176 65920 66304 82432 131168 131264 155648 196736 212992 262168 262192 270344 393248 401408
1 4099 4102 4108 12289 12296 17920 24577 34817 35840 49153 50176 65920 66304 82432 131168 131264 196736 212992 262168 262192 270344 286720 393248 409600
1 4099 4102 4108 12289 12296 17920 24577 34817 35840 49153 50176 65920 66304 82432 131168 131264 196736 262168 262192 270344 286720 344064 393248 458752
1 4099 4102 4108 12289 12296 18433 19456 24577 33536 34304 50176 57344 65560 65584 73736 106496 131168 131264 196640 229376 262528 295168 393344 425984
1 4099 4102 4108 12289 12296 18433 19456 24577 33536 34304 50176 57344 65560 65584 73736 106496 131168 131264 196640 262528 295168 360448 393344 458752
1 4099 4102 4108 12289 12296 18433 19456 24577 33536 34304 50176 57344 65560 65584 73736 106496 131168 196640 196672 262336 262528 295168 327744 360448
1 4099 4102 4108 12289 12296 18433 19456 24577 33536 34304 50176 57344 65560 65584 73736 106496 131168 196640 229376 262336 262528 295168 393280 425984
1 4099 4102 4108 12289 12296 18433 19456 24577 33536 34304 50176 57344 65560 65584 73736 106496 131168 196640 262336 262528 295168 360448 393280 458752
1 4099 4102 4108 12289 12296 18433 19456 24577 33536 34304 50176 57344 65560 73736 106496 131120 131168 196624 196672 262336 262528 295168 327744 360448
1 4099 4102 4108 12289 12296 18433 19456 24577 33536 34304 50176 57344 65560 73736 106496 131120 131168 196624 229376 262336 262528 295168 393280 425984
1 4099 4102 4108 12289 12296 18433 19456 24577 33536 34304 50176 57344 65560 73736 106496 131120 131168 196624 262336 262528 295168 360448 393280 458752
1 4099 4102 4108 12289 12296 18433 19456 24577 33536 34304 50176 57344 65584 65632 106496 131096 139272 196624 204800 262336 262528 295168 327744 360448
2 4099 4102 4108 12289 12296 18433 19456 24577 33536 34304 50176 57344 65632 65728 106496 131096 131120 139272 196640 204800 262528 295168 327808 360448
1 4099 4102 4108 12289 12296 18433 19456 24577 33536 34304 50176 57344 65632 106496 131096 131120 139272 196640 204800 262336 262528 295168 327744 360448
1 4099 4102 4108 12289 12296 18433 19456 24577 33536 34304 50176 57344 65728 65920 98560 106496 131096 131120 139272 196672 204800 262240 393248 393280
1 4099 4102 4108 12289 12296 18433 19456 24577 33536 34304 50176 57344 65728 65920 98560 106496 131096 131120 139272 204800 262240 327744 393248 458752
1 4099 4102 4108 12289 12296 18433 19456 24577 33536 34304 50176 57344 65728 65920 98560 106496 131096 139272 196672 204800 262192 262240 393232 393280
1 4099 4102 4108 12289 12296 18433 19456 24577 33536 34304 50176 57344 65728 65920 98560 106496 131096 139272 204800 262192 262240 327744 393232 458752
1 4099 4102 4108 12289 12296 18433 19456 24577 33536 34304 50176 57344 65728 65920 98560 106496 131120 131168 196672 204800 262168 270344 393232 401408
1 4099 4102 4108 12289 12296 18433 19456 24577 33536 34304 50176 57344 65728 65920 98560 106496 131168 196672 204800 262168 262192 270344 393248 401408
1 4099 4102 4108 12289 12296 18433 19456 24577 33536 34304 50176 57344 65728 65920 98560 106496 139272 196672 204800 262168 262192 262240 393224 393280
1 4099 4102 4108 12289 12296 18433 19456 24577 33536 34304 50176 57344 65920 98560 106496 131096 131120 139272 204800 262240 262336 327808 393248 458752
2 4099 4102 4108 12289 12296 18433 19456 24577 33536 34304 50176 57344 65920 98560 106496 131168 131264 196736 204800 262168 262192 270344 393248 401408
2 4099 4102 4108 12289 12296 18433 19456 24577 33536 34304 50176 57344 73736 106496 131096 131120 131168 196616 196672 262336 262528 295168 327744 360448
1 4099 4102 4108 12289 12296 18433 19456 24577 33536 34304 50176 65560 65584 73736 90112 114688 131168 131264 196640 229376 262528 295168 393344 425984
1 4099 4102 4108 12289 12296 18433 19456 24577 33536 34304 50176 65560 65584 73736 90112 114688 131168 196640 229376 262336 262528 295168 393280 425984
1 4099 4102 4108 12289 12296 18433 19456 24577 33536 34304 50176 65560 65584 73736 90112 114688 131264 131456 164096 196672 229376 262240 327712 327744
1 4099 4102 4108 12289 12296 18433 19456 24577 33536 34304 50176 65560 65584 73736 90112 114688 131264 131456 164096 229376 262240 327712 393280 458752
1 4099 4102 4108 12289 12296 18433 19456 24577 33536 34304 50176 65560 65584 73736 90112 114688 131456 164096 229376 262240 262336 327712 393344 458752
1 4099 4102 4108 12289 12296 18433 19456 24577 33536 34304 50176 65560 73736 90112 114688 131120 131168 196624 229376 262336 262528 295168 393280 425984
1 4099 4102 4108 12289 12296 18433 19456 24577 33536 34304 50176 65560 73736 90112 114688 131264 131456 164096 196672 229376 262192 262240 327696 327744
1 4099 4102 4108 12289 12296 18433 19456 24577 33536 34304 50176 65560 73736 90112 114688 131264 131456 164096 229376 262192 262240 327696 393280 458752
1 4099 4102 4108 12289 12296 18433 19456 24577 33536 34304 50176 65584 65632 90112 114688 131264 131456 164096 196672 229376 262168 270344 327696 335872
1 4099 4102 4108 12289 12296 18433 19456 24577 33536 34304 50176 65584 65632 114688 131264 131456 164096 196672 229376 262168 270344 286720 327696 344064
1 4099 4102 4108 12289 12296 18433 19456 24577 33536 34304 50176 65632 90112 114688 131264 131456 164096 196672 229376 262168 262192 270344 327712 335872
1 4099 4102 4108 12289 12296 18433 19456 24577 33536 34304 50176 65632 114688 131264 131456 164096 196672 229376 262168 262192 270344 286720 327712 344064
1 4099 4102 4108 12289 12296 18433 19456 24577 33536 34304 50176 65728 65920 90112 98560 114688 131096 131120 139272 196672 204800 262240 393248 393280
1 4099 4102 4108 12289 12296 18433 19456 24577 33536 34304 50176 65728 65920 90112 98560 114688 131096 139272 196672 204800 262192 262240 393232 393280
1 4099 4102 4108 12289 12296 18433 19456 24577 33536 34304 50176 65728 65920 90112 98560 114688 131120 131168 196672 204800 262168 270344 393232 401408
1 4099 4102 4108 12289 12296 18433 19456 24577 33536 34304 50176 65728 65920 90112 98560 114688 131120 131168 196672 262168 270344 335872 393232 458752
1 4099 4102 4108 12289 12296 18433 19456 24577 33536 34304 50176 65728 65920 90112 98560 114688 131168 196672 204800 262168 262192 270344 393248 401408
1 4099 4102 4108 12289 12296 18433 19456 24577 33536 34304 50176 65728 65920 90112 98560 114688 131168 196672 262168 262192 270344 335872 393248 458752
1 4099 4102 4108 12289 12296 18433 19456 24577 33536 34304 50176 65728 65920 90112 98560 114688 139272 196672 204800 262168 262192 262240 393224 393280
1 4099 4102 4108 12289 12296 18433 19456 24577 33536 34304 50176 65728 65920 98560 114688 131096 131120 139272 155648 196672 212992 262240 393248 393280
1 4099 4102 4108 12289 12296 18433 19456 24577 33536 34304 50176 65728 65920 98560 114688 131096 139272 155648 196672 212992 262192 262240 393232 393280
1 4099 4102 4108 12289 12296 18433 19456 24577 33536 34304 50176 65728 65920 98560 114688 131120 131168 155648 196672 212992 262168 270344 393232 401408
1 4099 4102 4108 12289 12296 18433 19456 24577 33536 34304 50176 65728 65920 98560 114688 131120 131168 196672 212992 262168 270344 286720 393232 409600
1 4099 4102 4108 12289 12296 18433 19456 24577 33536 34304 50176 65728 65920 98560 114688 131120 131168 196672 262168 270344 286720 344064 393232 458752
1 4099 4102 4108 12289 12296 18433 19456 24577 33536 34304 50176 65728 65920 98560 114688 131168 155648 196672 212992 262168 262192 270344 393248 401408
1 4099 4102 4108 12289 12296 18433 19456 24577 33536 34304 50176 65728 65920 98560 114688 131168 196672 212992 262168 262192 270344 286720 393248 409600
1 4099 4102 4108 12289 12296 18433 19456 24577 33536 34304 50176 65728 65920 98560 114688 131168 196672 262168 262192 270344 286720 344064 393248 458752
2 4099 4102 4108 12289 12296 18433 19456 24577 33536 34304 50176 65920 90112 98560 114688 131168 131264 196736 262168 262192 270344 335872 393248 458752
2 4099 4102 4108 12289 12296 18433 19456 24577 33536 34304 50176 65920 98560 114688 131168 131264 196736 262168 262192 270344 286720 344064 393248 458752
1 4099 4102 8204 8216 12292 16432 16480 24592 28672 32960 33152 49216 53248 66304 67072 71680 98560 102400 134144 197632 198656 264193 266241 268288
1 4099 4102 8204 8216 12292 16432 16480 24592 28672 32960 33152 49216 53248 66304 67072 98560 102400 133121 134144 135169 197632 331776 397312 458752
1 4099 4102 8204 8216 12292 16432 16480 24592 28672 32960 33152 49216 53248 66304 67072 98560 102400 133121 134144 197632 200704 266241 393217 397312
1 4099 4102 8204 8216 12292 16432 16480 24592 28672 32960 33152 49216 53248 66304 67072 98560 102400 133121 134144 197632 266241 331776 393217 458752
1 4099 4102 8204 8216 12292 16432 16480 24592 28672 32960 33152 49216 53248 66304 67072 98560 102400 133121 135169 197632 200704 265216 394240 395264
1 4099 4102 8204 8216 12292 16432 16480 24592 28672 32960 33152 49216 53248 66304 67072 98560 102400 134144 135169 197632 200704 264193 393217 395264
1 4099 4102 8204 8216 12292 16432 16480 24592 28672 32960 33152 49216 53248 66304 67072 98560 102400 134144 137216 197632 200704 264193 266241 268288
1 4099 4102 8204 8216 12292 16432 16480 24592 28672 32960 33152 49216 53248 66304 67072 98560 102400 134144 197632 198656 264193 266241 329728 331776
1 4099 4102 8204 8216 12292 16432 16480 24592 28672 32960 33152 49216 53248 66304 67072 98560 102400 134144 197632 200704 264193 266241 395264 397312
1 4099 4102 8204 8216 12292 16432 16480 24592 28672 32960 33152 49216 53248 66304 67072 98560 102400 134144 197632 264193 266241 331776 395264 458752
1 4099 4102 8204 8216 12292 16432 16480 24592 28672 32960 33152 49216 53248 66304 67072 98560 102400 135169 197632 200704 264193 265216 393217 394240
1 4099 4102 8204 8216 12292 16432 16480 24592 28672 32960 33152 49216 53248 66304 67072 98560 102400 197632 200704 264193 265216 266241 394240 397312
1 4099 4102 8204 8216 12292 16432 16480 24592 28672 32960 33152 49216 53248 66304 67072 98560 102400 197632 264193 265216 266241 331776 394240 458752
1 4099 4102 8204 8216 12292 16432 16480 24592 28672 32960 33152 49216 53248 66304 67072 102400 164096 196864 229376 264193 265216 266241 328704 331776
1 4099 4102 8204 8216 12292 16432 16480 24592 28672 32960 33152 49216 53248 66304 68608 71680 98560 102400 132608 197120 197632 264193 266241 268288
1 4099 4102 8204 8216 12292 16432 16480 24592 28672 32960 33152 49216 53248 66304 68608 98560 102400 132608 197120 197632 264193 266241 329728 331776
1 4099 4102 8204 8216 12292 16432 16480 24592 28672 32960 33152 49216 53248 66304 71680 98560 102400 132608 134144 197120 198656 264193 266241 268288
1 4099 4102 8204 8216 12292 16432 16480 24592 28672 32960 33152 49216 53248 66304 98560 102400 132608 133121 135169 197120 200704 265216 394240 395264
1 4099 4102 8204 8216 12292 16432 16480 24592 28672 32960 33152 49216 53248 66304 98560 102400 132608 134144 135169 197120 200704 264193 393217 395264
1 4099 4102 8204 8216 12292 16432 16480 24592 28672 32960 33152 49216 53248 66304 98560 102400 132608 134144 137216 197120 200704 264193 266241 268288
1 4099 4102 8204 8216 12292 16432 16480 24592 28672 32960 33152 49216 53248 66304 98560 102400 132608 134144 197120 198656 264193 266241 329728 331776
1 4099 4102 8204 8216 12292 16432 16480 24592 28672 32960 33152 49216 53248 66304 98560 102400 132608 134144 197120 200704 264193 266241 395264 397312
1 4099 4102 8204 8216 12292 16432 16480 24592 28672 32960 33152 49216 53248 66304 98560 102400 132608 134144 197120 264193 266241 331776 395264 458752
1 4099 4102 8204 8216 12292 16432 16480 24592 28672 32960 33152 49216 53248 66304 98560 102400 132608 135169 197120 200704 264193 265216 393217 394240
1 4099 4102 8204 8216 12292 16432 16480 24592 28672 32960 33152 49216 53248 66304 98560 102400 132608 197120 197632 264193 265216 266241 328704 331776
1 4099 4102 8204 8216 12292 16432 16480 24592 28672 32960 33152 49216 53248 66304 98560 102400 132608 197120 200704 264193 265216 266241 394240 397312
1 4099 4102 8204 8216 12292 16432 16480 24592 28672 32960 33152 49216 53248 66304 98560 102400 132608 197120 264193 265216 266241 331776 394240 458752
1 4099 4102 8204 8216 12292 16432 16480 24592 28672 32960 33152 49216 53248 66304 98560 102400 133121 134144 135169 197120 200704 263680 393728 394240
1 4099 4102 8204 8216 12292 16432 16480 24592 28672 32960 33152 49216 53248 66304 98560 102400 133121 135169 197120 200704 263680 265216 393728 395264
1 4099 4102 8204 8216 12292 16432 16480 24592 28672 32960 33152 49216 53248 67072 67585 69633 98816 102400 134144 197632 198656 262912 295168 295424
1 4099 4102 8204 8216 12292 16432 16480 24592 28672 32960 33152 49216 53248 67072 67585 69633 102400 131840 164096 197120 229376 265216 328704 329728
1 4099 4102 8204 8216 12292 16432 16480 24592 28672 32960 33152 49216 53248 67072 68608 69633 98816 102400 133121 196609 198656 262912 295168 295424
1 4099 4102 8204 8216 12292 16432 16480 24592 28672 32960 33152 49216 53248 67072 68608 69633 102400 131840 164096 197120 229376 264193 327681 329728
1 4099 4102 8204 8216 12292 16432 16480 24592 28672 32960 33152 49216 53248 67072 68608 71680 98560 102400 131840 196864 197120 264193 266241 268288
1 4099 4102 8204 8216 12292 16432 16480 24592 28672 32960 33152 49216 53248 67072 68608 71680 102400 131840 164096 197120 229376 264193 266241 268288
1 4099 4102 8204 8216 12292 16432 16480 24592 28672 32960 33152 49216 53248 67072 68608 98560 102400 131840 196864 197120 264193 266241 329728 331776
1 4099 4102 8204 8216 12292 16432 16480 24592 28672 32960 33152 49216 53248 67072 68608 98816 102400 133121 135169 198656 200704 262912 295168 295424
1 4099 4102 8204 8216 12292 16432 16480 24592 28672 32960 33152 49216 53248 67072 68608 102400 131840 164096 197120 229376 264193 266241 329728 331776
1 4099 4102 8204 8216 12292 16432 16480 24592 28672 32960 33152 49216 53248 67072 69633 98816 102400 133121 134144 196609 197632 262912 295168 295424
1 4099 4102 8204 8216 12292 16432 16480 24592 28672 32960 33152 49216 53248 67072 69633 102400 131840 164096 197120 229376 264193 265216 327681 328704
1 4099 4102 8204 8216 12292 16432 16480 24592 28672 32960 33152 49216 53248 67072 98560 102400 131840 196864 197120 264193 265216 266241 328704 331776
1 4099 4102 8204 8216 12292 16432 16480 24592 28672 32960 33152 49216 53248 67072 98816 102400 133121 134144 135169 197632 200704 262912 295168 295424
1 4099 4102 8204 8216 12292 16432 16480 24592 28672 32960 33152 49216 53248 67072 102400 131840 164096 197120 229376 264193 265216 266241 328704 331776
1 4099 4102 8204 8216 12292 16432 16480 24592 28672 32960 33152 49216 53248 67585 68608 69633 98816 102400 132608 197120 197632 262912 295168 295424
1 4099 4102 8204 8216 12292 16432 16480 24592 28672 32960 33152 49216 53248 67585 68608 69633 102400 131840 132608 164096 229376 328704 394240 458752
1 4099 4102 8204 8216 12292 16432 16480 24592 28672 32960 33152 49216 53248 67585 68608 69633 102400 131840 132608 197632 229376 295168 393472 425984
1 4099 4102 8204 8216 12292 16432 16480 24592 28672 32960 33152 49216 53248 67585 68608 69633 102400 131840 164096 197120 229376 263680 328192 328704
1 4099 4102 8204 8216 12292 16432 16480 24592 28672 32960 33152 49216 53248 67585 68608 69633 102400 131840 164096 197632 229376 263680 393728 394240
1 4099 4102 8204 8216 12292 16432 16480 24592 28672 32960 33152 49216 53248 67585 68608 69633 102400 131840 164096 229376 263680 328704 393728 458752
1 4099 4102 8204 8216 12292 16432 16480 24592 28672 32960 33152 49216 53248 67585 68608 69633 102400 132608 164096 197632 229376 262912 393472 393728
1 4099 4102 8204 8216 12292 16432 16480 24592 28672 32960 33152 49216 53248 67585 68608 69633 102400 132608 164352 197632 229376 262912 295168 295424
1 4099 4102 8204 8216 12292 16432 16480 24592 28672 32960 33152 49216 53248 67585 68608 69633 102400 132608 197632 229376 262912 295168 393728 425984
1 4099 4102 8204 8216 12292 16432 16480 24592 28672 32960 33152 49216 53248 67585 68608 69633 102400 164096 197632 229376 262912 263680 393472 394240
1 4099 4102 8204 8216 12292 16432 16480 24592 28672 32960 33152 49216 53248 67585 68608 69633 102400 164096 229376 262912 263680 328704 393472 458752
1 4099 4102 8204 8216 12292 16432 16480 24592 28672 32960 33152 49216 53248 67585 68608 69633 102400 197632 229376 262912 263680 295168 394240 425984
1 4099 4102 8204 8216 12292 16432 16480 24592 28672 32960 33152 49216 53248 67585 68608 69633 102400 229376 262912 263680 295168 328704 425984 458752
1 4099 4102 8204 8216 12292 16432 16480 24592 28672 32960 33152 49216 53248 67585 68608 102400 131840 132608 164096 197632 229376 266241 327681 331776
1 4099 4102 8204 8216 12292 16432 16480 24592 28672 32960 33152 49216 53248 67585 69633 98816 102400 132608 134144 197120 198656 262912 295168 295424
1 4099 4102 8204 8216 12292 16432 16480 24592 28672 32960 33152 49216 53248 67585 69633 102400 131840 132608 164096 197632 229376 265216 328704 329728
1 4099 4102 8204 8216 12292 16432 16480 24592 28672 32960 33152 49216 53248 67585 69633 102400 131840 132608 164096 198656 229376 265216 394240 395264
1 4099 4102 8204 8216 12292 16432 16480 24592 28672 32960 33152 49216 53248 67585 69633 102400 131840 132608 164096 229376 265216 329728 394240 458752
1 4099 4102 8204 8216 12292 16432 16480 24592 28672 32960 33152 49216 53248 67585 69633 102400 131840 134144 164096 198656 229376 263680 393728 394240
1 4099 4102 8204 8216 12292 16432 16480 24592 28672 32960 33152 49216 53248 67585 69633 102400 131840 164096 197120 229376 263680 265216 328192 329728
1 4099 4102 8204 8216 12292 16432 16480 24592 28672 32960 33152 49216 53248 67585 69633 102400 131840 164096 198656 229376 263680 265216 393728 395264
1 4099 4102 8204 8216 12292 16432 16480 24592 28672 32960 33152 49216 53248 67585 69633 102400 131840 164096 229376 263680 265216 329728 393728 458752
1 4099 4102 8204 8216 12292 16432 16480 24592 28672 32960 33152 49216 53248 67585 69633 102400 132608 134144 164096 198656 229376 262912 393472 393728
1 4099 4102 8204 8216 12292 16432 16480 24592 28672 32960 33152 49216 53248 67585 69633 102400 132608 134144 164352 198656 229376 262912 295168 295424
1 4099 4102 8204 8216 12292 16432 16480 24592 28672 32960 33152 49216 53248 67585 69633 102400 132608 134144 198656 229376 262912 295168 393728 425984
1 4099 4102 8204 8216 12292 16432 16480 24592 28672 32960 33152 49216 53248 67585 69633 102400 134144 164096 198656 229376 262912 263680 393472 394240
1 4099 4102 8204 8216 12292 16432 16480 24592 28672 32960 33152 49216 53248 67585 69633 102400 134144 198656 229376 262912 263680 295168 394240 425984
1 4099 4102 8204 8216 12292 16432 16480 24592 28672 32960 33152 49216 53248 68608 69633 102400 131840 132608 164096 197632 229376 264193 327681 329728
1 4099 4102 8204 8216 12292 16432 16480 24592 28672 32960 33152 49216 53248 68608 71680 98560 102400 131840 132608 196864 197632 264193 266241 268288
1 4099 4102 8204 8216 12292 16432 16480 24592 28672 32960 33152 49216 53248 68608 71680 102400 131840 132608 164096 197632 229376 264193 266241 268288
1 4099 4102 8204 8216 12292 16432 16480 24592 28672 32960 33152 49216 53248 68608 98560 102400 131840 132608 196864 197632 264193 266241 329728 331776
1 4099 4102 8204 8216 12292 16432 16480 24592 28672 32960 33152 49216 53248 68608 102400 131840 132608 164096 197632 229376 264193 266241 329728 331776
1 4099 4102 8204 8216 12292 16432 16480 24592 28672 32960 33152 49216 53248 69633 102400 131840 132608 164096 197632 229376 264193 265216 327681 328704
1 4099 4102 8204 8216 12292 16432 16480 24592 28672 32960 33152 49216 53248 69633 102400 131840 132608 164096 229376 264193 265216 327681 394240 458752
1 4099 4102 8204 8216 12292 16432 16480 24592 28672 32960 33152 49216 53248 69633 102400 133121 134144 196609 229376 262912 263680 295168 394240 425984
1 4099 4102 8204 8216 12292 16432 16480 24592 28672 32960 33152 49216 53248 98560 102400 131840 132608 196864 197632 264193 265216 266241 328704 331776
1 4099 4102 8204 8216 12292 16432 16480 24592 28672 32960 33152 49216 53248 98560 102400 131840 132608 196864 200704 264193 265216 266241 394240 397312
1 4099 4102 8204 8216 12292 16432 16480 24592 28672 32960 33152 49216 53248 98560 102400 131840 132608 196864 264193 265216 266241 331776 394240 458752
1 4099 4102 8204 8216 12292 16432 16480 24592 28672 32960 33152 49216 53248 102400 131840 132608 164096 197632 229376 264193 265216 266241 328704 331776
1 4099 4102 8204 8216 12292 16432 16480 24592 28672 32960 33152 49216 53248 102400 131840 132608 164096 200704 229376 264193 265216 266241 394240 397312
1 4099 4102 8204 8216 12292 16432 16480 24592 28672 32960 33152 49216 53248 102400 131840 132608 164096 229376 264193 265216 266241 331776 394240 458752
1 4099 4102 8204 8216 12292 16432 16480 24592 28672 32960 33152 49216 53248 102400 133121 134144 135169 200704 229376 262912 263680 295168 394240 425984
1 4099 4102 8204 8216 12292 16432 16480 24592 28672 32960 33536 49216 53248 67072 67585 69633 98816 102400 134144 197632 198656 262528 295040 295168
1 4099 4102 8204 8216 12292 16432 16480 24592 28672 32960 33536 49216 53248 67072 68608 69633 98816 102400 133121 196609 198656 262528 295040 295168
1 4099 4102 8204 8216 12292 16432 16480 24592 28672 32960 33536 49216 53248 67072 68608 98816 102400 133121 135169 198656 200704 262528 295040 295168
1 4099 4102 8204 8216 12292 16432 16480 24592 28672 32960 33536 49216 53248 67072 69633 98816 102400 133121 134144 196609 197632 262528 295040 295168
1 4099 4102 8204 8216 12292 16432 16480 24592 28672 32960 33536 49216 53248 67072 98816 102400 133121 134144 135169 197632 200704 262528 295040 295168
1 4099 4102 8204 8216 12292 16432 16480 24592 28672 32960 33536 49216 53248 67585 68608 69633 98816 102400 132608 197120 197632 262528 295040 295168
1 4099 4102 8204 8216 12292 16432 16480 24592 28672 32960 33536 49216 53248 67585 68608 69633 102400 132608 164352 197632 229376 262528 295040 295168
1 4099 4102 8204 8216 12292 16432 16480 24592 28672 32960 33536 49216 53248 67585 69633 98816 102400 132608 134144 197120 198656 262528 295040 295168
1 4099 4102 8204 8216 12292 16432 16480 24592 28672 32960 33536 49216 53248 67585 69633 102400 132608 134144 164352 198656 229376 262528 295040 295168
1 4099 4102 8204 8216 12292 16432 16480 24592 28672 32960 49216 53248 65920 66304 98432 102400 132608 133121 135169 197120 200704 265216 394240 395264
1 4099 4102 8204 8216 12292 16432 16480 24592 28672 32960 49216 53248 65920 66304 98432 102400 132608 134144 135169 197120 200704 264193 393217 395264
1 4099 4102 8204 8216 12292 16432 16480 24592 28672 32960 49216 53248 65920 66304 98432 102400 132608 134144 137216 197120 200704 264193 266241 268288
1 4099 4102 8204 8216 12292 16432 16480 24592 28672 32960 49216 53248 65920 66304 98432 102400 132608 134144 197120 200704 264193 266241 395264 397312
1 4099 4102 8204 8216 12292 16432 16480 24592 28672 32960 49216 53248 65920 66304 98432 102400 132608 134144 197120 264193 266241 331776 395264 458752
1 4099 4102 8204 8216 12292 16432 16480 24592 28672 32960 49216 53248 65920 66304 98432 102400 132608 135169 197120 200704 264193 265216 393217 394240
1 4099 4102 8204 8216 12292 16432 16480 24592 28672 32960 49216 53248 65920 66304 98432 102400 132608 197120 197632 264193 265216 266241 328704 331776
1 4099 4102 8204 8216 12292 16432 16480 24592 28672 32960 49216 53248 65920 66304 98432 102400 132608 197120 200704 264193 265216 266241 394240 397312
1 4099 4102 8204 8216 12292 16432 16480 24592 28672 32960 49216 53248 65920 66304 98432 102400 132608 197120 264193 265216 266241 331776 394240 458752
1 4099 4102 8204 8216 12292 16432 16480 24592 28672 32960 49216 53248 65920 66304 98432 102400 133121 134144 135169 197120 200704 263680 393728 394240
1 4099 4102 8204 8216 12292 16432 16480 24592 28672 32960 49216 53248 65920 66304 98432 102400 133121 135169 197120 200704 263680 265216 393728 395264
1 4099 4102 8204 8216 12292 16432 16480 24592 28672 32960 49216 53248 65920 67072 98432 102400 131840 196864 197120 264193 265216 266241 328704 331776
1 4099 4102 8204 8216 12292 16432 16480 24592 28672 32960 49216 53248 65920 98432 102400 131840 132608 196864 197632 264193 265216 266241 328704 331776
2 4099 4102 8204 8216 12292 16432 16480 24592 28672 32960 49216 53248 65920 98432 102400 131840 132608 196864 200704 264193 265216 266241 394240 397312
1 4099 4102 8204 8216 12292 16432 16480 24592 28672 32960 49216 53248 65920 98432 102400 131840 132608 196864 264193 265216 266241 331776 394240 458752
1 4099 4102 8204 8216 12292 16432 16480 24592 28672 32960 49216 53248 66304 67072 98432 102400 131456 196736 196864 264193 265216 266241 328704 331776
1 4099 4102 8204 8216 12292 16432 16480 24592 28672 32960 49216 53248 66304 67072 98560 102400 133121 134144 135169 197632 200704 262528 295040 295168
1 4099 4102 8204 8216 12292 16432 16480 24592 28672 32960 49216 53248 66304 67072 102400 131456 163968 196864 229376 264193 265216 266241 328704 331776
1 4099 4102 8204 8216 12292 16432 16480 24592 28672 32960 49216 53248 67072 67585 69633 98816 102400 134144 197632 198656 262528 262912 295040 295424
1 4099 4102 8204 8216 12292 16432 16480 24592 28672 32960 49216 53248 67072 67585 69633 102400 131456 131840 163968 197120 229376 265216 328704 329728
1 4099 4102 8204 8216 12292 16432 16480 24592 28672 32960 49216 53248 67072 68608 69633 98816 102400 133121 196609 198656 262528 262912 295040 295424
1 4099 4102 8204 8216 12292 16432 16480 24592 28672 32960 49216 53248 67072 68608 69633 102400 131456 131840 163968 197120 229376 264193 327681 329728
1 4099 4102 8204 8216 12292 16432 16480 24592 28672 32960 49216 53248 67072 68608 71680 102400 131456 131840 163968 197120 229376 264193 266241 268288
1 4099 4102 8204 8216 12292 16432 16480 24592 28672 32960 49216 53248 67072 68608 98816 102400 133121 135169 198656 200704 262528 262912 295040 295424
1 4099 4102 8204 8216 12292 16432 16480 24592 28672 32960 49216 53248 67072 68608 102400 131456 131840 163968 197120 229376 264193 266241 329728 331776
1 4099 4102 8204 8216 12292 16432 16480 24592 28672 32960 49216 53248 67072 69633 98816 102400 133121 134144 196609 197632 262528 262912 295040 295424
1 4099 4102 8204 8216 12292 16432 16480 24592 28672 32960 49216 53248 67072 69633 102400 131456 131840 163968 197120 229376 264193 265216 327681 328704
1 4099 4102 8204 8216 12292 16432 16480 24592 28672 32960 49216 53248 67072 98432 102400 131456 131840 196736 197120 264193 265216 266241 328704 331776
1 4099 4102 8204 8216 12292 16432 16480 24592 28672 32960 49216 53248 67072 98816 102400 133121 134144 135169 197632 200704 262528 262912 295040 295424
1 4099 4102 8204 8216 12292 16432 16480 24592 28672 32960 49216 53248 67072 102400 131456 131840 163968 197120 229376 264193 265216 266241 328704 331776
1 4099 4102 8204 8216 12292 16432 16480 24592 28672 32960 49216 53248 67585 68608 69633 98816 102400 132608 197120 197632 262528 262912 295040 295424
1 4099 4102 8204 8216 12292 16432 16480 24592 28672 32960 49216 53248 67585 68608 69633 102400 131456 131840 163968 197120 229376 263680 328192 328704
1 4099 4102 8204 8216 12292 16432 16480 24592 28672 32960 49216 53248 67585 68608 69633 102400 131456 131840 163968 197632 229376 263680 393728 394240
1 4099 4102 8204 8216 12292 16432 16480 24592 28672 32960 49216 53248 67585 68608 69633 102400 131456 131840 163968 229376 263680 328704 393728 458752
1 4099 4102 8204 8216 12292 16432 16480 24592 28672 32960 49216 53248 67585 68608 69633 102400 131456 132608 163968 197632 229376 262912 393472 393728
1 4099 4102 8204 8216 12292 16432 16480 24592 28672 32960 49216 53248 67585 68608 69633 102400 131456 163968 197632 229376 262912 263680 393472 394240
1 4099 4102 8204 8216 12292 16432 16480 24592 28672 32960 49216 53248 67585 68608 69633 102400 131456 163968 229376 262912 263680 328704 393472 458752
1 4099 4102 8204 8216 12292 16432 16480 24592 28672 32960 49216 53248 67585 68608 69633 102400 131840 132608 163968 197632 229376 262528 393344 393472
1 4099 4102 8204 8216 12292 16432 16480 24592 28672 32960 49216 53248 67585 68608 69633 102400 131840 132608 164096 197632 229376 262528 295040 295168
1 4099 4102 8204 8216 12292 16432 16480 24592 28672 32960 49216 53248 67585 68608 69633 102400 131840 132608 197632 229376 262528 295040 393472 425984
1 4099 4102 8204 8216 12292 16432 16480 24592 28672 32960 49216 53248 67585 68608 69633 102400 132608 163968 197632 229376 262528 262912 393344 393728
1 4099 4102 8204 8216 12292 16432 16480 24592 28672 32960 49216 53248 67585 68608 69633 102400 132608 164352 197632 229376 262528 262912 295040 295424
1 4099 4102 8204 8216 12292 16432 16480 24592 28672 32960 49216 53248 67585 68608 69633 102400 132608 197632 229376 262528 262912 295040 393728 425984
1 4099 4102 8204 8216 12292 16432 16480 24592 28672 32960 49216 53248 67585 69633 98816 102400 132608 134144 197120 198656 262528 262912 295040 295424
1 4099 4102 8204 8216 12292 16432 16480 24592 28672 32960 49216 53248 67585 69633 102400 131456 131840 163968 197120 229376 263680 265216 328192 329728
1 4099 4102 8204 8216 12292 16432 16480 24592 28672 32960 49216 53248 67585 69633 102400 131456 131840 163968 229376 263680 265216 329728 393728 458752
1 4099 4102 8204 8216 12292 16432 16480 24592 28672 32960 49216 53248 67585 69633 102400 132608 134144 164352 198656 229376 262528 262912 295040 295424
1 4099 4102 8204 8216 12292 16432 16480 24592 28672 32960 49216 53248 67585 69633 102400 132608 134144 198656 229376 262528 262912 295040 393728 425984
1 4099 4102 8204 8216 12292 16432 16480 24592 28672 33152 33536 49216 53248 67072 67585 69633 98816 102400 134144 197632 198656 262336 294976 295040
1 4099 4102 8204 8216 12292 16432 16480 24592 28672 33152 33536 49216 53248 67072 68608 69633 98816 102400 133121 196609 198656 262336 294976 295040
1 4099 4102 8204 8216 12292 16432 16480 24592 28672 33152 33536 49216 53248 67072 68608 98816 102400 133121 135169 198656 200704 262336 294976 295040
1 4099 4102 8204 8216 12292 16432 16480 24592 28672 33152 33536 49216 53248 67072 69633 98816 102400 133121 134144 196609 197632 262336 294976 295040
1 4099 4102 8204 8216 12292 16432 16480 24592 28672 33152 33536 49216 53248 67072 98816 102400 133121 134144 135169 197632 200704 262336 294976 295040
1 4099 4102 8204 8216 12292 16432 16480 24592 28672 33152 33536 49216 53248 67585 68608 69633 98816 102400 132608 197120 197632 262336 294976 295040
1 4099 4102 8204 8216 12292 16432 16480 24592 28672 33152 33536 49216 53248 67585 68608 69633 102400 132608 164352 197632 229376 262336 294976 295040
1 4099 4102 8204 8216 12292 16432 16480 24592 28672 33152 33536 49216 53248 67585 69633 98816 102400 132608 134144 197120 198656 262336 294976 295040
1 4099 4102 8204 8216 12292 16432 16480 24592 28672 33152 33536 49216 53248 67585 69633 102400 132608 134144 164352 198656 229376 262336 294976 295040
1 4099 4102 8204 8216 12292 16432 16480 24592 28672 33152 33536 49280 53248 67072 68608 98816 102400 133121 135169 198656 200704 262336 278592 278656
1 4099 4102 8204 8216 12292 16432 16480 24592 28672 33152 33536 49280 53248 67072 98816 102400 133121 134144 135169 197632 200704 262336 278592 278656
1 4099 4102 8204 8216 12292 16432 16480 24592 28672 33152 33536 49280 53248 67585 68608 69633 99328 102400 132608 164352 164864 262336 278592 278656
1 4099 4102 8204 8216 12292 16432 16480 24592 28672 33152 33536 49280 53248 67585 68608 69633 102400 132608 164352 197632 229376 262336 278592 278656
1 4099 4102 8204 8216 12292 16432 16480 24592 28672 33152 33536 49280 53248 67585 69633 102400 132608 134144 164352 198656 229376 262336 278592 278656
1 4099 4102 8204 8216 12292 16432 16480 24592 28672 33152 33536 53248 67072 67585 69633 98816 102400 134144 197632 198656 262336 278592 295040 311296
1 4099 4102 8204 8216 12292 16432 16480 24592 28672 33152 33536 53248 67072 68608 69633 98816 102400 133121 196609 198656 262336 278592 295040 311296
1 4099 4102 8204 8216 12292 16432 16480 24592 28672 33152 33536 53248 67072 68608 71680 98816 102400 133121 135169 137216 262336 278592 295040 311296
1 4099 4102 8204 8216 12292 16432 16480 24592 28672 33152 33536 53248 67072 68608 98816 102400 133121 135169 198656 200704 262336 278592 295040 311296
1 4099 4102 8204 8216 12292 16432 16480 24592 28672 33152 33536 53248 67072 69633 98816 102400 133121 134144 196609 197632 262336 278592 295040 311296
1 4099 4102 8204 8216 12292 16432 16480 24592 28672 33152 33536 53248 67072 98816 102400 133121 134144 135169 197632 200704 262336 278592 295040 311296
1 4099 4102 8204 8216 12292 16432 16480 24592 28672 33152 33536 53248 67585 68608 69633 98816 102400 132608 197120 197632 262336 278592 295040 311296
1 4099 4102 8204 8216 12292 16432 16480 24592 28672 33152 33536 53248 67585 68608 69633 99328 102400 132608 164352 164864 262336 278592 295040 311296
1 4099 4102 8204 8216 12292 16432 16480 24592 28672 33152 33536 53248 67585 68608 69633 102400 132608 164352 197632 229376 262336 278592 295040 311296
1 4099 4102 8204 8216 12292 16432 16480 24592 28672 33152 33536 53248 67585 69633 98816 102400 132608 134144 197120 198656 262336 278592 295040 311296
1 4099 4102 8204 8216 12292 16432 16480 24592 28672 33152 33536 53248 67585 69633 102400 132608 134144 164352 198656 229376 262336 278592 295040 311296
1 4099 4102 8204 8216 12292 16432 16480 24592 28672 33152 34304 49280 53248 67585 68608 69633 99328 102400 131840 164096 164352 262336 278592 278656
1 4099 4102 8204 8216 12292 16432 16480 24592 28672 33152 34304 53248 67585 68608 69633 99328 102400 131840 164096 164352 262336 278592 295040 311296
1 4099 4102 8204 8216 12292 16432 16480 24592 28672 33152 49216 53248 67585 68608 69633 102400 131840 132608 164096 197632 229376 262336 294976 295040
1 4099 4102 8204 8216 12292 16432 16480 24592 28672 33152 49280 53248 67585 68608 69633 99328 102400 131840 132608 164096 164864 262336 278592 278656
1 4099 4102 8204 8216 12292 16432 16480 24592 28672 33152 49280 53248 67585 68608 69633 102400 131840 132608 164096 197632 229376 262336 278592 278656
1 4099 4102 8204 8216 12292 16432 16480 24592 28672 33152 53248 67585 68608 69633 99328 102400 131840 132608 164096 164864 262336 278592 295040 311296
1 4099 4102 8204 8216 12292 16432 16480 24592 28672 33152 53248 67585 68608 69633 102400 131840 132608 164096 197632 229376 262336 278592 295040 311296
2 4099 4102 8204 8216 12292 16432 16480 24592 28672 33536 34304 38912 53248 68608 99328 100352 131264 131456 147520 164096 180224 264193 266241 268288
2 4099 4102 8204 8216 12292 16432 16480 24592 28672 33536 34304 53248 67585 68608 69633 99328 102400 131264 131456 147520 164096 311296 409600 425984
1 4099 4102 8204 8216 12292 16432 16480 24592 28672 33536 34304 53248 67585 68608 69633 99328 102400 131264 131456 164096 180224 278592 393280 409600
1 4099 4102 8204 8216 12292 16432 16480 24592 28672 33536 34304 53248 67585 68608 69633 99328 102400 131264 131456 164096 278592 311296 393280 425984
1 4099 4102 8204 8216 12292 16432 16480 24592 28672 33536 34304 53248 67585 68608 69633 99328 102400 131264 147520 164096 180224 262528 393344 393472
1 4099 4102 8204 8216 12292 16432 16480 24592 28672 33536 34304 53248 67585 68608 69633 99328 102400 131456 147584 164096 180224 262336 278592 278656
1 4099 4102 8204 8216 12292 16432 16480 24592 28672 33536 34304 53248 67585 68608 69633 99328 102400 131456 164096 180224 262336 278592 393344 409600
2 4099 4102 8204 8216 12292 16432 16480 24592 28672 33536 34304 53248 67585 68608 69633 99328 102400 147520 164096 180224 262336 262528 393280 393472
1 4099 4102 8204 8216 12292 16432 16480 24592 28672 33536 38912 53248 67072 68608 98816 100352 131264 131456 147520 164096 180224 264193 266241 268288
1 4099 4102 8204 8216 12292 16432 16480 24592 28672 33536 49216 53248 67072 67585 69633 98816 102400 134144 197632 198656 262336 262528 294976 295168
1 4099 4102 8204 8216 12292 16432 16480 24592 28672 33536 49216 53248 67072 68608 69633 98816 102400 133121 196609 198656 262336 262528 294976 295168
1 4099 4102 8204 8216 12292 16432 16480 24592 28672 33536 49216 53248 67072 68608 98816 102400 133121 135169 198656 200704 262336 262528 294976 295168
1 4099 4102 8204 8216 12292 16432 16480 24592 28672 33536 49216 53248 67072 69633 98816 102400 133121 134144 196609 197632 262336 262528 294976 295168
1 4099 4102 8204 8216 12292 16432 16480 24592 28672 33536 49216 53248 67072 98816 102400 133121 134144 135169 197632 200704 262336 262528 294976 295168
1 4099 4102 8204 8216 12292 16432 16480 24592 28672 33536 49216 53248 67585 68608 69633 98816 102400 132608 197120 197632 262336 262528 294976 295168
1 4099 4102 8204 8216 12292 16432 16480 24592 28672 33536 49216 53248 67585 68608 69633 102400 132608 164352 197632 229376 262336 262528 294976 295168
1 4099 4102 8204 8216 12292 16432 16480 24592 28672 33536 49216 53248 67585 69633 98816 102400 132608 134144 197120 198656 262336 262528 294976 295168
1 4099 4102 8204 8216 12292 16432 16480 24592 28672 33536 49216 53248 67585 69633 102400 132608 134144 164352 198656 229376 262336 262528 294976 295168
1 4099 4102 8204 8216 12292 16432 16480 24592 28672 33536 53248 67072 67585 69633 98816 102400 134144 197632 198656 262336 262528 278592 295168 311296
1 4099 4102 8204 8216 12292 16432 16480 24592 28672 33536 53248 67072 68608 69633 98816 102400 133121 196609 198656 262336 262528 278592 295168 311296
1 4099 4102 8204 8216 12292 16432 16480 24592 28672 33536 53248 67072 68608 71680 98816 102400 133121 135169 137216 262336 262528 278592 295168 311296
1 4099 4102 8204 8216 12292 16432 16480 24592 28672 33536 53248 67072 68608 98816 102400 133121 135169 198656 200704 262336 262528 278592 295168 311296
1 4099 4102 8204 8216 12292 16432 16480 24592 28672 33536 53248 67072 69633 98816 102400 133121 134144 196609 197632 262336 262528 278592 295168 311296
1 4099 4102 8204 8216 12292 16432 16480 24592 28672 33536 53248 67072 98816 102400 133121 134144 135169 197632 200704 262336 262528 278592 295168 311296
1 4099 4102 8204 8216 12292 16432 16480 24592 28672 33536 53248 67585 68608 69633 98816 102400 132608 197120 197632 262336 262528 278592 295168 311296
1 4099 4102 8204 8216 12292 16432 16480 24592 28672 33536 53248 67585 68608 69633 99328 102400 132608 164352 164864 262336 262528 278592 295168 311296
1 4099 4102 8204 8216 12292 16432 16480 24592 28672 33536 53248 67585 68608 69633 102400 132608 164352 197632 229376 262336 262528 278592 295168 311296
1 4099 4102 8204 8216 12292 16432 16480 24592 28672 33536 53248 67585 69633 98816 102400 132608 134144 197120 198656 262336 262528 278592 295168 311296
1 4099 4102 8204 8216 12292 16432 16480 24592 28672 33536 53248 67585 69633 100352 102400 132608 134144 164352 165888 262336 262528 278592 295168 311296
1 4099 4102 8204 8216 12292 16432 16480 24592 28672 33536 53248 67585 69633 102400 132608 134144 164352 198656 229376 262336 262528 278592 295168 311296
2 4099 4102 8204 8216 12292 16432 16480 24592 28672 36865 53248 67585 68608 98305 99328 131840 132608 164864 180224 262336 262528 278592 393472 409600
1 4099 4102 8204 8216 12292 16432 16480 24592 28672 36865 53248 67585 68608 98305 99328 131840 132608 164864 262336 262528 278592 311296 393472 425984
1 4099 4102 8204 8216 12292 16432 16480 24592 28672 36865 53248 67585 68608 98305 131840 132608 180224 197632 229376 262336 262528 278592 393472 409600
1 4099 4102 8204 8216 12292 16432 16480 24592 28672 36865 53248 67585 68608 98305 131840 132608 197632 229376 262336 262528 278592 311296 393472 425984
2 4099 4102 8204 8216 12292 16432 16480 24592 28672 36865 53248 67585 68608 98305 131840 132608 197632 262336 262528 278592 311296 360448 393472 458752
6 4099 4102 8204 8216 12292 16432 16480 24592 28672 53248 66304 67072 102400 114688 131264 131456 147520 196864 212992 264193 265216 266241 328704 331776
2 4099 4102 8204 8216 12292 16432 16480 24592 28672 53248 66304 67072 102400 131264 131456 147520 180224 196864 229376 264193 265216 266241 328704 331776
2 4099 4102 8204 8216 12292 16432 16480 24592 28672 53248 67585 68608 69633 99328 102400 131840 132608 164096 164864 262336 262528 278592 295168 311296
1 4099 4102 8204 8216 12292 16432 16480 24592 28672 53248 67585 68608 69633 99328 102400 131840 132608 164864 262336 262528 278592 311296 393472 425984
4 4099 4102 8204 8216 12292 16432 16480 24592 28672 53248 67585 68608 69633 102400 131264 131456 147520 180224 229376 262912 263680 328704 393472 458752
2 4099 4102 8204 8216 12292 16432 16480 24592 28672 53248 67585 68608 69633 102400 131840 132608 197632 229376 262336 262528 278592 311296 393472 425984
1 4099 4102 8204 8216 12292 16432 16480 24592 32960 33536 45056 49216 57344 65920 98432 98560 132608 133121 135169 164352 167936 265216 394240 395264
1 4099 4102 8204 8216 12292 16432 16480 24592 32960 33536 45056 49216 57344 65920 98432 98560 132608 134144 135169 164352 167936 264193 393217 395264
1 4099 4102 8204 8216 12292 16432 16480 24592 32960 33536 45056 49216 57344 65920 98432 98560 132608 134144 164352 167936 264193 266241 395264 397312
1 4099 4102 8204 8216 12292 16432 16480 24592 32960 33536 45056 49216 57344 65920 98432 98560 132608 134144 164352 264193 266241 299008 395264 425984
1 4099 4102 8204 8216 12292 16432 16480 24592 32960 33536 45056 49216 57344 65920 98432 98560 132608 135169 164352 167936 264193 265216 393217 394240
1 4099 4102 8204 8216 12292 16432 16480 24592 32960 33536 45056 49216 57344 65920 98432 98560 132608 164352 167936 264193 265216 266241 394240 397312
1 4099 4102 8204 8216 12292 16432 16480 24592 32960 33536 45056 49216 57344 65920 98432 98560 132608 164352 264193 265216 266241 299008 394240 425984
1 4099 4102 8204 8216 12292 16432 16480 24592 32960 33536 45056 49216 57344 65920 98432 98560 133121 134144 135169 164352 167936 263680 393728 394240
1 4099 4102 8204 8216 12292 16432 16480 24592 32960 33536 45056 49216 57344 65920 98432 98560 133121 135169 164352 167936 263680 265216 393728 395264
2 4099 4102 8204 8216 12292 16432 16480 24592 32960 33536 49216 57344 65920 98432 98560 132608 133121 135169 143360 164352 172032 265216 394240 395264
1 4099 4102 8204 8216 12292 16432 16480 24592 32960 33536 49216 57344 65920 98432 98560 132608 134144 135169 143360 164352 172032 264193 393217 395264
1 4099 4102 8204 8216 12292 16432 16480 24592 32960 33536 49216 57344 65920 98432 98560 132608 134144 143360 164352 172032 264193 266241 395264 397312
1 4099 4102 8204 8216 12292 16432 16480 24592 32960 33536 49216 57344 65920 98432 98560 132608 134144 164352 172032 264193 266241 274432 395264 401408
1 4099 4102 8204 8216 12292 16432 16480 24592 32960 33536 49216 57344 65920 98432 98560 132608 134144 164352 264193 266241 274432 303104 395264 425984
1 4099 4102 8204 8216 12292 16432 16480 24592 32960 33536 49216 57344 65920 98432 98560 132608 135169 143360 164352 172032 264193 265216 393217 394240
1 4099 4102 8204 8216 12292 16432 16480 24592 32960 33536 49216 57344 65920 98432 98560 132608 143360 164352 172032 264193 265216 266241 394240 397312
1 4099 4102 8204 8216 12292 16432 16480 24592 32960 33536 49216 57344 65920 98432 98560 133121 135169 143360 164352 172032 263680 265216 393728 395264
1 4099 4102 8204 8216 12292 16432 16480 24592 32960 45056 49216 57344 65920 66304 98432 98816 132608 133121 135169 164352 167936 265216 394240 395264
1 4099 4102 8204 8216 12292 16432 16480 24592 32960 45056 49216 57344 65920 66304 98432 98816 132608 134144 135169 164352 167936 264193 393217 395264
1 4099 4102 8204 8216 12292 16432 16480 24592 32960 45056 49216 57344 65920 66304 98432 98816 132608 134144 164352 167936 264193 266241 395264 397312
1 4099 4102 8204 8216 12292 16432 16480 24592 32960 45056 49216 57344 65920 66304 98432 98816 132608 134144 164352 264193 266241 299008 395264 425984
1 4099 4102 8204 8216 12292 16432 16480 24592 32960 45056 49216 57344 65920 66304 98432 98816 132608 135169 164352 167936 264193 265216 393217 394240
1 4099 4102 8204 8216 12292 16432 16480 24592 32960 45056 49216 57344 65920 66304 98432 98816 132608 164352 167936 264193 265216 266241 394240 397312
1 4099 4102 8204 8216 12292 16432 16480 24592 32960 45056 49216 57344 65920 66304 98432 98816 132608 164352 264193 265216 266241 299008 394240 425984
1 4099 4102 8204 8216 12292 16432 16480 24592 32960 45056 49216 57344 65920 66304 98432 98816 133121 134144 135169 164352 167936 263680 393728 394240
1 4099 4102 8204 8216 12292 16432 16480 24592 32960 45056 49216 57344 65920 66304 98432 98816 133121 135169 164352 167936 263680 265216 393728 395264
1 4099 4102 8204 8216 12292 16432 16480 24592 32960 45056 49216 57344 65920 66304 98432 102400 132608 133121 135169 197120 200704 265216 394240 395264
1 4099 4102 8204 8216 12292 16432 16480 24592 32960 45056 49216 57344 65920 66304 98432 102400 132608 134144 135169 197120 200704 264193 393217 395264
1 4099 4102 8204 8216 12292 16432 16480 24592 32960 45056 49216 57344 65920 66304 98432 102400 132608 134144 137216 197120 200704 264193 266241 268288
1 4099 4102 8204 8216 12292 16432 16480 24592 32960 45056 49216 57344 65920 66304 98432 102400 132608 134144 197120 200704 264193 266241 395264 397312
1 4099 4102 8204 8216 12292 16432 16480 24592 32960 45056 49216 57344 65920 66304 98432 102400 132608 135169 197120 200704 264193 265216 393217 394240
1 4099 4102 8204 8216 12292 16432 16480 24592 32960 45056 49216 57344 65920 66304 98432 102400 132608 197120 200704 264193 265216 266241 394240 397312
1 4099 4102 8204 8216 12292 16432 16480 24592 32960 45056 49216 57344 65920 66304 98432 102400 133121 134144 135169 197120 200704 263680 393728 394240
1 4099 4102 8204 8216 12292 16432 16480 24592 32960 45056 49216 57344 65920 66304 98432 102400 133121 134144 135169 197632 200704 263680 328192 328704
1 4099 4102 8204 8216 12292 16432 16480 24592 32960 45056 49216 57344 65920 66304 98432 102400 133121 134144 135169 200704 263680 328192 394240 458752
1 4099 4102 8204 8216 12292 16432 16480 24592 32960 45056 49216 57344 65920 66304 98432 102400 133121 135169 197120 200704 263680 265216 393728 395264
1 4099 4102 8204 8216 12292 16432 16480 24592 32960 45056 49216 57344 65920 66304 98432 102400 133121 135169 200704 263680 265216 328192 395264 458752
1 4099 4102 8204 8216 12292 16432 16480 24592 32960 45056 49216 57344 65920 66304 98432 132608 133121 135169 167936 197120 229376 265216 394240 395264
1 4099 4102 8204 8216 12292 16432 16480 24592 32960 45056 49216 57344 65920 66304 98432 132608 134144 135169 167936 197120 229376 264193 393217 395264
1 4099 4102 8204 8216 12292 16432 16480 24592 32960 45056 49216 57344 65920 66304 98432 132608 134144 137216 167936 197120 229376 264193 266241 268288
1 4099 4102 8204 8216 12292 16432 16480 24592 32960 45056 49216 57344 65920 66304 98432 132608 134144 167936 197120 229376 264193 266241 395264 397312
1 4099 4102 8204 8216 12292 16432 16480 24592 32960 45056 49216 57344 65920 66304 98432 132608 134144 197120 229376 264193 266241 299008 395264 425984
1 4099 4102 8204 8216 12292 16432 16480 24592 32960 45056 49216 57344 65920 66304 98432 132608 135169 167936 197120 229376 264193 265216 393217 394240
1 4099 4102 8204 8216 12292 16432 16480 24592 32960 45056 49216 57344 65920 66304 98432 132608 167936 197120 229376 264193 265216 266241 394240 397312
1 4099 4102 8204 8216 12292 16432 16480 24592 32960 45056 49216 57344 65920 66304 98432 132608 197120 229376 264193 265216 266241 299008 394240 425984
1 4099 4102 8204 8216 12292 16432 16480 24592 32960 45056 49216 57344 65920 66304 98432 133121 134144 135169 167936 197120 229376 263680 393728 394240
1 4099 4102 8204 8216 12292 16432 16480 24592 32960 45056 49216 57344 65920 66304 98432 133121 134144 135169 167936 197632 229376 263680 328192 328704
1 4099 4102 8204 8216 12292 16432 16480 24592 32960 45056 49216 57344 65920 66304 98432 133121 134144 135169 167936 229376 263680 328192 394240 458752
1 4099 4102 8204 8216 12292 16432 16480 24592 32960 45056 49216 57344 65920 66304 98432 133121 135169 167936 197120 229376 263680 265216 393728 395264
1 4099 4102 8204 8216 12292 16432 16480 24592 32960 45056 49216 57344 65920 66304 98432 133121 135169 167936 229376 263680 265216 328192 395264 458752
1 4099 4102 8204 8216 12292 16432 16480 24592 32960 45056 49216 57344 65920 67072 98432 133121 134144 135169 167936 197632 229376 262912 327936 328192
1 4099 4102 8204 8216 12292 16432 16480 24592 32960 45056 49216 57344 65920 98432 98560 131840 132608 164096 264193 265216 266241 299008 394240 425984
1 4099 4102 8204 8216 12292 16432 16480 24592 32960 45056 49216 57344 65920 98432 102400 133121 134144 135169 197632 200704 262912 263680 327936 328704
2 4099 4102 8204 8216 12292 16432 16480 24592 32960 45056 49216 57344 65920 98432 102400 133121 134144 135169 200704 262912 263680 327936 394240 458752
1 4099 4102 8204 8216 12292 16432 16480 24592 32960 45056 49216 57344 65920 98432 131840 132608 196864 229376 264193 265216 266241 299008 394240 425984
1 4099 4102 8204 8216 12292 16432 16480 24592 32960 45056 49216 57344 65920 98432 133121 134144 135169 167936 197632 229376 262912 263680 327936 328704
1 4099 4102 8204 8216 12292 16432 16480 24592 32960 45056 49216 57344 65920 98432 133121 134144 135169 167936 229376 262912 263680 327936 394240 458752
1 4099 4102 8204 8216 12292 16432 16480 24592 32960 45056 49216 57344 66304 67072 98432 133121 134144 135169 167936 197632 229376 262528 327808 327936
1 4099 4102 8204 8216 12292 16432 16480 24592 32960 45056 49216 57344 67072 98432 102400 133121 134144 135169 197632 200704 262528 262912 327808 328192
1 4099 4102 8204 8216 12292 16432 16480 24592 32960 45056 49216 57344 67072 98432 133121 134144 135169 167936 197632 229376 262528 262912 327808 328192
1 4099 4102 8204 8216 12292 16432 16480 24592 32960 49216 57344 65920 66304 77824 98432 106496 132608 133121 135169 197120 200704 265216 394240 395264
1 4099 4102 8204 8216 12292 16432 16480 24592 32960 49216 57344 65920 66304 77824 98432 106496 132608 134144 135169 197120 200704 264193 393217 395264
1 4099 4102 8204 8216 12292 16432 16480 24592 32960 49216 57344 65920 66304 77824 98432 106496 132608 134144 137216 197120 200704 264193 266241 268288
1 4099 4102 8204 8216 12292 16432 16480 24592 32960 49216 57344 65920 66304 77824 98432 106496 132608 134144 197120 200704 264193 266241 395264 397312
1 4099 4102 8204 8216 12292 16432 16480 24592 32960 49216 57344 65920 66304 77824 98432 106496 132608 135169 197120 200704 264193 265216 393217 394240
2 4099 4102 8204 8216 12292 16432 16480 24592 32960 49216 57344 65920 66304 77824 98432 106496 132608 197120 200704 264193 265216 266241 394240 397312
1 4099 4102 8204 8216 12292 16432 16480 24592 32960 49216 57344 65920 66304 77824 98432 106496 133121 134144 135169 197120 200704 263680 393728 394240
1 4099 4102 8204 8216 12292 16432 16480 24592 32960 49216 57344 65920 66304 77824 98432 106496 133121 134144 135169 197632 200704 263680 328192 328704
1 4099 4102 8204 8216 12292 16432 16480 24592 32960 49216 57344 65920 66304 77824 98432 106496 133121 134144 135169 200704 263680 328192 394240 458752
1 4099 4102 8204 8216 12292 16432 16480 24592 32960 49216 57344 65920 66304 77824 98432 106496 133121 135169 197120 200704 263680 265216 393728 395264
1 4099 4102 8204 8216 12292 16432 16480 24592 32960 49216 57344 65920 66304 77824 98432 106496 133121 135169 200704 263680 265216 328192 395264 458752
1 4099 4102 8204 8216 12292 16432 16480 24592 32960 49216 57344 65920 66304 98432 98816 132608 134144 135169 143360 164352 172032 264193 393217 395264
1 4099 4102 8204 8216 12292 16432 16480 24592 32960 49216 57344 65920 66304 98432 98816 132608 134144 143360 164352 172032 264193 266241 395264 397312
1 4099 4102 8204 8216 12292 16432 16480 24592 32960 49216 57344 65920 66304 98432 98816 132608 134144 164352 172032 264193 266241 274432 395264 401408
1 4099 4102 8204 8216 12292 16432 16480 24592 32960 49216 57344 65920 66304 98432 98816 132608 134144 164352 264193 266241 274432 303104 395264 425984
1 4099 4102 8204 8216 12292 16432 16480 24592 32960 49216 57344 65920 66304 98432 98816 132608 135169 143360 164352 172032 264193 265216 393217 394240
2 4099 4102 8204 8216 12292 16432 16480 24592 32960 49216 57344 65920 66304 98432 98816 133121 135169 143360 164352 172032 263680 265216 393728 395264
1 4099 4102 8204 8216 12292 16432 16480 24592 32960 49216 57344 65920 66304 98432 106496 132608 134144 135169 143360 197120 204800 264193 393217 395264
1 4099 4102 8204 8216 12292 16432 16480 24592 32960 49216 57344 65920 66304 98432 106496 132608 134144 137216 143360 197120 204800 264193 266241 268288
1 4099 4102 8204 8216 12292 16432 16480 24592 32960 49216 57344 65920 66304 98432 106496 132608 134144 143360 197120 204800 264193 266241 395264 397312
2 4099 4102 8204 8216 12292 16432 16480 24592 32960 49216 57344 65920 66304 98432 106496 132608 134144 197120 204800 264193 266241 274432 395264 401408
1 4099 4102 8204 8216 12292 16432 16480 24592 32960 49216 57344 65920 66304 98432 106496 132608 135169 143360 197120 204800 264193 265216 393217 394240
1 4099 4102 8204 8216 12292 16432 16480 24592 32960 49216 57344 65920 66304 98432 106496 133121 135169 143360 204800 263680 265216 328192 395264 458752
1 4099 4102 8204 8216 12292 16432 16480 24592 32960 49216 57344 65920 66304 98432 132608 134144 135169 143360 172032 197120 229376 264193 393217 395264
1 4099 4102 8204 8216 12292 16432 16480 24592 32960 49216 57344 65920 66304 98432 132608 134144 137216 143360 172032 197120 229376 264193 266241 268288
1 4099 4102 8204 8216 12292 16432 16480 24592 32960 49216 57344 65920 66304 98432 132608 134144 143360 172032 197120 229376 264193 266241 395264 397312
1 4099 4102 8204 8216 12292 16432 16480 24592 32960 49216 57344 65920 66304 98432 132608 134144 197120 229376 264193 266241 274432 303104 395264 425984
1 4099 4102 8204 8216 12292 16432 16480 24592 32960 49216 57344 65920 66304 98432 132608 135169 143360 172032 197120 229376 264193 265216 393217 394240
1 4099 4102 8204 8216 12292 16432 16480 24592 32960 49216 57344 65920 77824 98432 106496 133121 134144 135169 197632 200704 262912 263680 327936 328704
1 4099 4102 8204 8216 12292 16432 16480 24592 33152 33536 45056 49216 57344 65728 98368 98432 132608 133121 135169 164352 167936 265216 394240 395264
1 4099 4102 8204 8216 12292 16432 16480 24592 33152 33536 45056 49216 57344 65728 98368 98432 132608 134144 135169 164352 167936 264193 393217 395264
1 4099 4102 8204 8216 12292 16432 16480 24592 33152 33536 45056 49216 57344 65728 98368 98432 132608 134144 164352 167936 264193 266241 395264 397312
1 4099 4102 8204 8216 12292 16432 16480 24592 33152 33536 45056 49216 57344 65728 98368 98432 132608 134144 164352 264193 266241 299008 395264 425984
1 4099 4102 8204 8216 12292 16432 16480 24592 33152 33536 45056 49216 57344 65728 98368 98432 132608 135169 164352 167936 264193 265216 393217 394240
1 4099 4102 8204 8216 12292 16432 16480 24592 33152 33536 45056 49216 57344 65728 98368 98432 132608 164352 264193 265216 266241 299008 394240 425984
1 4099 4102 8204 8216 12292 16432 16480 24592 33152 33536 45056 49216 57344 65728 98368 98432 133121 134144 135169 164352 167936 263680 393728 394240
1 4099 4102 8204 8216 12292 16432 16480 24592 33152 33536 45056 49216 57344 65728 98368 98432 133121 135169 164352 167936 263680 265216 393728 395264
1 4099 4102 8204 8216 12292 16432 16480 24592 33152 33536 45056 49280 57344 67072 68608 98816 102400 133121 135169 198656 200704 262336 278592 278656
1 4099 4102 8204 8216 12292 16432 16480 24592 33152 33536 45056 49280 57344 67072 68608 98816 133121 135169 167936 198656 229376 262336 278592 278656
1 4099 4102 8204 8216 12292 16432 16480 24592 33152 33536 45056 49280 57344 67072 98816 133121 134144 135169 167936 197632 229376 262336 278592 278656
1 4099 4102 8204 8216 12292 16432 16480 24592 33152 33536 45056 57344 65728 81984 98432 114688 132608 133121 135169 164352 167936 265216 394240 395264
1 4099 4102 8204 8216 12292 16432 16480 24592 33152 33536 45056 57344 65728 81984 98432 114688 132608 134144 135169 164352 167936 264193 393217 395264
1 4099 4102 8204 8216 12292 16432 16480 24592 33152 33536 45056 57344 65728 81984 98432 114688 132608 134144 137216 164352 167936 264193 266241 268288
1 4099 4102 8204 8216 12292 16432 16480 24592 33152 33536 45056 57344 65728 81984 98432 114688 132608 134144 164352 167936 264193 266241 395264 397312
1 4099 4102 8204 8216 12292 16432 16480 24592 33152 33536 45056 57344 65728 81984 98432 114688 132608 134144 164352 264193 266241 299008 395264 425984
1 4099 4102 8204 8216 12292 16432 16480 24592 33152 33536 45056 57344 65728 81984 98432 114688 132608 135169 164352 167936 264193 265216 393217 394240
2 4099 4102 8204 8216 12292 16432 16480 24592 33152 33536 45056 57344 65728 81984 98432 114688 132608 164352 264193 265216 266241 299008 394240 425984
1 4099 4102 8204 8216 12292 16432 16480 24592 33152 33536 45056 57344 65728 81984 98432 114688 133121 135169 164352 167936 263680 265216 393728 395264
2 4099 4102 8204 8216 12292 16432 16480 24592 33152 33536 49216 57344 65728 98368 98432 132608 134144 135169 143360 164352 172032 264193 393217 395264
1 4099 4102 8204 8216 12292 16432 16480 24592 33152 33536 49216 57344 65728 98368 98432 132608 134144 143360 164352 172032 264193 266241 395264 397312
1 4099 4102 8204 8216 12292 16432 16480 24592 33152 33536 49216 57344 65728 98368 98432 132608 135169 143360 164352 172032 264193 265216 393217 394240
1 4099 4102 8204 8216 12292 16432 16480 24592 33152 33536 49280 57344 67072 68608 77824 98816 106496 133121 135169 198656 200704 262336 278592 278656
2 4099 4102 8204 8216 12292 16432 16480 24592 33152 33536 57344 65728 81984 98432 114688 132608 134144 143360 164352 172032 264193 266241 395264 397312
1 4099 4102 8204 8216 12292 16432 16480 24592 33152 33536 57344 65728 81984 98432 114688 132608 135169 143360 164352 172032 264193 265216 393217 394240
1 4099 4102 8204 8216 12292 16432 16480 24592 33152 45056 49280 57344 66304 67072 98560 99328 133121 134144 135169 164864 167936 262336 278592 278656
1 4099 4102 8204 8216 12292 16432 16480 24592 33152 45056 57344 65728 81984 98432 114688 131840 132608 164096 164864 264193 265216 266241 295936 299008
1 4099 4102 8204 8216 12292 16432 16480 24592 33536 45056 49216 57344 65728 65920 98368 98560 132608 133121 135169 164352 167936 265216 394240 395264
1 4099 4102 8204 8216 12292 16432 16480 24592 33536 45056 49216 57344 65728 65920 98368 98560 132608 134144 135169 164352 167936 264193 393217 395264
1 4099 4102 8204 8216 12292 16432 16480 24592 33536 45056 49216 57344 65728 65920 98368 98560 132608 134144 164352 167936 264193 266241 395264 397312
1 4099 4102 8204 8216 12292 16432 16480 24592 33536 45056 49216 57344 65728 65920 98368 98560 132608 134144 164352 264193 266241 299008 395264 425984
1 4099 4102 8204 8216 12292 16432 16480 24592 33536 45056 49216 57344 65728 65920 98368 98560 132608 135169 164352 167936 264193 265216 393217 394240
1 4099 4102 8204 8216 12292 16432 16480 24592 33536 45056 49216 57344 65728 65920 98368 98560 133121 135169 164352 167936 263680 265216 393728 395264
2 4099 4102 8204 8216 12292 16432 16480 24592 33536 49216 57344 65728 65920 98368 98560 132608 135169 143360 164352 172032 264193 265216 393217 394240
2 4099 4102 8204 8216 12292 16432 16480 24592 36865 45056 57344 65728 65920 81984 114688 131840 132608 164864 196864 229376 264193 265216 294913 295936
2 4099 4102 8204 8216 12292 16432 16480 24592 36865 45056 57344 65728 65920 81984 114688 131840 132608 196864 229376 264193 265216 294913 394240 425984
12 4099 4102 8204 8216 12292 16432 16480 24592 45056 57344 65728 65920 81984 114688 131840 132608 196864 229376 264193 265216 266241 299008 394240 425984
1 4099 4102 8204 8216 12292 16432 16576 24592 28672 33152 33536 49280 53248 67072 68608 98816 102400 133121 135169 198656 200704 262240 278560 278592
1 4099 4102 8204 8216 12292 16432 16576 24592 28672 33152 33536 49280 53248 67585 69633 102400 132608 134144 164352 198656 229376 262240 278560 278592
2 4099 4102 8204 8216 12292 16432 16576 24592 28672 34304 35840 53248 67585 69633 100352 102400 131456 131840 147584 164352 180224 262240 278560 278592
2 4099 4102 8204 8216 12292 16432 16576 24592 28672 34817 36865 53248 67072 68608 100352 114688 131456 131840 147584 197120 212992 262240 278560 278592
1 4099 4102 8204 8216 12292 16432 16576 24592 28672 34817 36865 53248 67072 68608 100352 131456 131840 147584 180224 197120 229376 262240 278560 278592
1 4099 4102 8204 8216 12292 16432 16576 24592 33152 33536 45056 49280 57344 67072 68608 98816 102400 133121 135169 198656 200704 262240 278560 278592
1 4099 4102 8204 8216 12292 16432 16576 24592 33152 33536 45056 49280 57344 67072 68608 98816 133121 135169 167936 198656 229376 262240 278560 278592
2 4099 4102 8204 8216 12292 16432 16576 24592 33152 33536 49280 57344 67072 68608 98816 133121 135169 143360 172032 198656 229376 262240 278560 278592
2 4099 4102 8204 8216 12292 16432 16576 24592 34817 36865 45056 57344 65920 66304 82048 114688 132608 134144 165888 197120 229376 262240 278560 278592
1 4099 4102 8204 8216 12292 16432 24592 28672 32864 32960 49184 53248 65920 66304 98432 102400 132608 135169 197120 200704 264193 265216 393217 394240
1 4099 4102 8204 8216 12292 16432 24592 28672 32864 32960 49184 53248 65920 66304 98432 102400 133121 135169 197120 200704 263680 265216 393728 395264
1 4099 4102 8204 8216 12292 16432 24592 28672 32864 32960 49184 53248 67072 69633 102400 131456 131840 163968 197120 229376 264193 265216 327681 328704
1 4099 4102 8204 8216 12292 16432 24592 28672 32864 32960 49184 53248 67585 69633 102400 131456 131840 163968 197120 229376 263680 265216 328192 329728
1 4099 4102 8204 8216 12292 16432 24592 28672 33152 33536 49280 53248 67072 68608 98816 102400 133121 135169 198656 200704 262240 262336 278560 278656
1 4099 4102 8204 8216 12292 16432 24592 28672 33152 33536 53248 67072 69633 98816 102400 133121 134144 196609 197632 262240 262336 278560 295040 311296
1 4099 4102 8204 8216 12292 16432 24592 28672 34304 35840 53248 67585 69633 100352 102400 131456 131840 147584 164352 180224 262240 262336 278560 278656
1 4099 4102 8204 8216 12292 16432 24592 28672 34304 36865 53248 67585 68608 98305 99328 131456 131840 164352 180224 262240 262336 278560 393344 409600
1 4099 4102 8204 8216 12292 16432 24592 28672 34304 36865 53248 67585 68608 98305 99328 131456 131840 164352 262240 262336 278560 311296 393344 425984
1 4099 4102 8204 8216 12292 16432 24592 28672 34817 36865 53248 67072 68608 98816 100352 131456 131840 164352 262240 262336 278560 311296 393344 425984
1 4099 4102 8204 8216 12292 16432 24592 28672 34817 36865 53248 67072 68608 100352 114688 131456 131840 147584 197120 212992 262240 262336 278560 278656
1 4099 4102 8204 8216 12292 16432 24592 32864 32960 45056 49184 57344 65920 66304 98432 102400 132608 135169 197120 200704 264193 265216 393217 394240
1 4099 4102 8204 8216 12292 16432 24592 32864 32960 45056 49184 57344 65920 66304 98432 102400 133121 135169 197120 200704 263680 265216 393728 395264
1 4099 4102 8204 8216 12292 16432 24592 32864 32960 45056 49184 57344 65920 66304 98432 133121 135169 167936 197120 229376 263680 265216 393728 395264
