1 7 13 56 224 16393 16424 32928 33152 49184 66304 67072 98560 114688 134144 137216 197632 212992 270337 274432 278529 397312 409600
1 7 13 56 224 16393 16424 32928 33152 49184 66304 67072 98560 114688 134144 197632 212992 268288 270337 274432 278529 395264 409600
1 7 13 56 224 16393 16424 32928 33152 49184 66304 67072 98560 114688 137216 139265 143360 147457 212992 265216 328704 395264 458752
1 7 13 56 224 16393 16424 32928 33152 49184 66304 67072 98560 114688 139265 143360 147457 212992 265216 268288 328704 397312 458752
1 7 13 56 224 16393 16424 32928 33152 49184 66304 67072 98560 134144 137216 180224 197632 229376 270337 274432 278529 397312 409600
1 7 13 56 224 16393 16424 32928 33152 49184 66304 67072 98560 134144 137216 197632 229376 270337 274432 278529 311296 397312 425984
1 7 13 56 224 16393 16424 32928 33152 49184 66304 67072 98560 134144 180224 197632 229376 268288 270337 274432 278529 395264 409600
1 7 13 56 224 16393 16424 32928 33152 49184 66304 67072 98560 134144 197632 229376 268288 270337 274432 278529 311296 395264 425984
1 7 13 56 224 16393 16424 32928 33152 49184 66304 67072 98560 137216 139265 143360 147457 180224 229376 265216 328704 395264 458752
1 7 13 56 224 16393 16424 32928 33152 49184 66304 67072 98560 139265 143360 147457 180224 229376 265216 268288 328704 397312 458752
1 7 13 56 224 16393 16424 32928 33152 49184 66304 98560 114688 132608 134144 197120 212992 268288 270337 274432 278529 395264 409600
1 7 13 56 224 16393 16424 32928 33152 49184 66304 98560 114688 137216 139265 143360 147457 212992 263680 265216 328192 395264 458752
1 7 13 56 224 16393 16424 32928 33152 49184 66304 98560 132608 134144 180224 197120 229376 268288 270337 274432 278529 395264 409600
1 7 13 56 224 16393 16424 32928 33152 49184 66304 98560 132608 134144 197120 229376 268288 270337 274432 278529 311296 395264 425984
1 7 13 56 224 16393 16424 32928 33152 49184 66304 98560 137216 139265 143360 147457 180224 229376 263680 265216 328192 395264 458752
1 7 13 56 224 16393 16424 32928 49184 65920 66304 98432 114688 132608 134144 197120 212992 268288 270337 274432 278529 395264 409600
1 7 13 56 224 16393 16424 32928 49184 65920 66304 98432 114688 132608 134144 197120 268288 270337 274432 278529 344064 395264 458752
1 7 13 56 224 16393 16424 32928 49184 65920 66304 98432 132608 134144 180224 197120 229376 268288 270337 274432 278529 395264 409600
1 7 13 56 224 16393 16424 32928 49184 65920 66304 98432 132608 134144 197120 229376 268288 270337 274432 278529 311296 395264 425984
1 7 13 56 224 16393 16424 32928 49184 65920 66304 98432 132608 134144 197120 268288 270337 274432 278529 311296 360448 395264 458752
1 7 13 56 224 16393 24577 32808 32928 49160 65920 66304 98432 114688 132608 134144 197120 212992 268288 274432 286720 395264 409600
1 7 13 56 224 16393 24577 32808 32928 49160 65920 66304 98432 114688 132608 134144 197120 268288 274432 286720 344064 395264 458752
1 7 13 56 224 16393 24577 32808 32928 49160 67072 68608 114688 131456 131840 163968 197120 229376 268288 274432 286720 329728 344064
1 7 13 56 224 16393 24577 32808 32928 49160 71680 77824 90112 114688 131456 131840 163968 229376 263680 265216 329728 393728 458752
1 7 13 56 224 16393 24577 32808 32928 49160 71680 77824 90112 114688 132608 134144 198656 229376 262528 262912 295040 393728 425984
1 7 13 56 224 16393 32808 32928 49160 65920 66304 98432 114688 132608 134144 197120 212992 268288 270337 274432 278529 395264 409600
1 7 13 56 224 16393 32808 32928 49160 65920 66304 98432 114688 132608 134144 197120 268288 270337 274432 278529 344064 395264 458752
1 7 13 56 224 16393 32808 32928 49160 67072 68608 114688 131456 131840 163968 197120 229376 268288 270337 274432 278529 329728 344064
1 7 13 56 224 16393 32808 32928 49160 71680 73729 77824 81921 114688 131456 131840 163968 229376 263680 265216 329728 393728 458752
1 7 13 56 224 16393 32808 32928 49160 71680 73729 77824 81921 114688 132608 134144 198656 229376 262528 262912 295040 393728 425984
1 7 13 56 12289 16393 16424 32864 32960 49184 65920 66304 98432 114688 132608 134144 197120 212992 266241 268288 278529 395264 409600
1 7 13 56 12289 16393 16424 32864 32960 49184 65920 66304 98432 114688 135169 137216 147457 212992 263680 265216 328192 395264 458752
1 7 13 56 12289 16393 16424 32864 32960 49184 65920 66304 98432 132608 134144 180224 197120 229376 266241 268288 278529 395264 409600
1 7 13 56 12289 16393 16424 32864 32960 49184 65920 66304 98432 132608 134144 197120 229376 266241 268288 278529 311296 395264 425984
1 7 13 56 12289 16393 16424 32864 32960 49184 65920 66304 98432 135169 137216 147457 180224 229376 263680 265216 328192 395264 458752
1 7 13 56 12289 16393 20481 32808 32864 49160 65728 65920 98368 114688 131840 132608 196864 212992 265216 268288 282624 394240 409600
1 7 13 56 12289 16393 20481 32808 32864 49160 65728 65920 98368 114688 131840 132608 196864 265216 268288 282624 344064 394240 458752
1 7 13 56 12289 16393 20481 32808 32864 49160 66304 67072 114688 131264 131456 163904 196864 229376 265216 268288 282624 328704 344064
1 7 13 56 12289 16393 20481 32808 32864 49160 68608 71680 86016 114688 131264 131456 163904 229376 262912 263680 328704 393472 458752
1 7 13 56 12289 16393 20481 32808 32864 49160 68608 71680 86016 114688 131840 132608 197632 229376 262336 262528 294976 393472 425984
1 7 13 56 16393 16424 32864 32960 33152 49184 66304 67072 98560 114688 134144 137216 197632 212992 270337 274432 278529 397312 409600
1 7 13 56 16393 16424 32864 32960 33152 49184 66304 67072 98560 114688 134144 137216 197632 270337 274432 278529 344064 397312 458752
1 7 13 56 16393 16424 32864 32960 33152 49184 66304 67072 98560 114688 134144 197632 212992 268288 270337 274432 278529 395264 409600
1 7 13 56 16393 16424 32864 32960 33152 49184 66304 67072 98560 114688 134144 197632 268288 270337 274432 278529 344064 395264 458752
1 7 13 56 16393 16424 32864 32960 33152 49184 66304 67072 98560 134144 137216 180224 197632 229376 270337 274432 278529 397312 409600
1 7 13 56 16393 16424 32864 32960 33152 49184 66304 67072 98560 134144 137216 197632 229376 270337 274432 278529 311296 397312 425984
1 7 13 56 16393 16424 32864 32960 33152 49184 66304 67072 98560 134144 137216 197632 270337 274432 278529 311296 360448 397312 458752
1 7 13 56 16393 16424 32864 32960 33152 49184 66304 67072 98560 134144 180224 197632 229376 268288 270337 274432 278529 395264 409600
1 7 13 56 16393 16424 32864 32960 33152 49184 66304 67072 98560 134144 197632 229376 268288 270337 274432 278529 311296 395264 425984
1 7 13 56 16393 16424 32864 32960 33152 49184 66304 67072 98560 134144 197632 268288 270337 274432 278529 311296 360448 395264 458752
1 7 13 56 16393 16424 32864 32960 33152 49184 66304 98560 114688 132608 134144 197120 212992 268288 270337 274432 278529 395264 409600
1 7 13 56 16393 16424 32864 32960 33152 49184 66304 98560 114688 132608 134144 197120 268288 270337 274432 278529 344064 395264 458752
1 7 13 56 16393 16424 32864 32960 33152 49184 66304 98560 132608 134144 180224 197120 229376 268288 270337 274432 278529 395264 409600
1 7 13 56 16393 16424 32864 32960 33152 49184 66304 98560 132608 134144 197120 229376 268288 270337 274432 278529 311296 395264 425984
1 7 13 56 16393 16424 32864 32960 33152 49184 66304 98560 132608 134144 197120 268288 270337 274432 278529 311296 360448 395264 458752
1 7 13 56 16393 16424 32864 32960 49184 65920 66304 98432 114688 132608 134144 197120 212992 268288 270337 274432 278529 395264 409600
1 7 13 56 16393 16424 32864 32960 49184 65920 66304 98432 114688 137216 139265 143360 147457 212992 263680 265216 328192 395264 458752
1 7 13 56 16393 16424 32864 32960 49184 65920 66304 98432 132608 134144 180224 197120 229376 268288 270337 274432 278529 395264 409600
1 7 13 56 16393 16424 32864 32960 49184 65920 66304 98432 132608 134144 197120 229376 268288 270337 274432 278529 311296 395264 425984
1 7 13 56 16393 16424 32864 32960 49184 65920 66304 98432 137216 139265 143360 147457 180224 229376 263680 265216 328192 395264 458752
1 7 13 56 16393 24577 28672 32808 32864 49160 65728 65920 98368 114688 131840 132608 196864 212992 265216 268288 282624 394240 409600
1 7 13 56 16393 24577 28672 32808 32864 49160 65728 65920 98368 114688 131840 132608 196864 265216 268288 282624 344064 394240 458752
1 7 13 56 16393 24577 28672 32808 32864 49160 66304 67072 114688 131264 131456 163904 196864 229376 265216 268288 282624 328704 344064
1 7 13 56 16393 24577 28672 32808 32864 49160 68608 71680 86016 114688 131264 131456 163904 229376 262912 263680 328704 393472 458752
1 7 13 56 16393 24577 28672 32808 32864 49160 68608 71680 86016 114688 131840 132608 197632 229376 262336 262528 294976 393472 425984
1 7 13 56 16393 24577 32808 32864 32960 49160 65920 66304 98432 114688 132608 134144 197120 212992 268288 274432 286720 395264 409600
1 7 13 56 16393 24577 32808 32864 32960 49160 65920 66304 98432 114688 132608 134144 197120 268288 274432 286720 344064 395264 458752
1 7 13 56 16393 24577 32808 32864 32960 49160 67072 68608 114688 131456 131840 163968 197120 229376 268288 274432 286720 329728 344064
1 7 13 56 16393 24577 32808 32864 32960 49160 71680 77824 90112 114688 131456 131840 163968 229376 263680 265216 329728 393728 458752
1 7 13 56 16393 24577 32808 32864 32960 49160 71680 77824 90112 114688 132608 134144 198656 229376 262528 262912 295040 393728 425984
1 7 13 56 16393 32808 32864 32960 49160 65920 66304 98432 114688 132608 134144 197120 212992 268288 270337 274432 278529 395264 409600
1 7 13 56 16393 32808 32864 32960 49160 65920 66304 98432 114688 132608 134144 197120 268288 270337 274432 278529 344064 395264 458752
1 7 13 56 16393 32808 32864 32960 49160 67072 68608 114688 131456 131840 163968 197120 229376 268288 270337 274432 278529 329728 344064
1 7 13 56 16393 32808 32864 32960 49160 71680 73729 77824 81921 114688 131456 131840 163968 229376 263680 265216 329728 393728 458752
1 7 13 56 16393 32808 32864 32960 49160 71680 73729 77824 81921 114688 132608 134144 198656 229376 262528 262912 295040 393728 425984
1 7 13 112 16393 16408 24577 32848 32960 49168 65920 66304 98432 114688 132608 134144 197120 212992 268288 274432 286720 395264 409600
1 7 13 112 16393 16408 24577 32848 32960 49168 65920 66304 98432 114688 137216 143360 155648 212992 263680 265216 328192 395264 458752
1 7 13 112 16393 16408 24577 32848 32960 49168 65920 66304 98432 132608 134144 180224 197120 229376 268288 274432 286720 395264 409600
1 7 13 112 16393 16408 24577 32848 32960 49168 65920 66304 98432 132608 134144 197120 229376 268288 274432 286720 311296 395264 425984
1 7 13 112 16393 16408 24577 32848 32960 49168 65920 66304 98432 137216 143360 155648 180224 229376 263680 265216 328192 395264 458752
1 7 13 112 16393 16408 32848 32960 49168 65920 66304 98432 114688 132608 134144 197120 212992 268288 270337 274432 278529 395264 409600
1 7 13 112 16393 16408 32848 32960 49168 65920 66304 98432 114688 137216 139265 143360 147457 212992 263680 265216 328192 395264 458752
1 7 13 112 16393 16408 32848 32960 49168 65920 66304 98432 132608 134144 180224 197120 229376 268288 270337 274432 278529 395264 409600
1 7 13 112 16393 16408 32848 32960 49168 65920 66304 98432 132608 134144 197120 229376 268288 270337 274432 278529 311296 395264 425984
1 7 13 112 16393 16408 32848 32960 49168 65920 66304 98432 137216 139265 143360 147457 180224 229376 263680 265216 328192 395264 458752
1 7 13 112 16393 16408 32848 49168 65728 65920 66304 98368 114688 132608 134144 197120 212992 268288 270337 274432 278529 395264 409600
1 7 13 112 16393 16408 32848 49168 65728 65920 66304 98368 114688 132608 134144 197120 268288 270337 274432 278529 344064 395264 458752
1 7 13 112 16393 16408 32848 49168 65728 65920 66304 98368 132608 134144 180224 197120 229376 268288 270337 274432 278529 395264 409600
1 7 13 112 16393 16408 32848 49168 65728 65920 66304 98368 132608 134144 197120 229376 268288 270337 274432 278529 311296 395264 425984
1 7 13 112 16393 16408 32848 49168 65728 65920 66304 98368 132608 134144 197120 268288 270337 274432 278529 311296 360448 395264 458752
1 7 13 112 16393 24577 32792 32848 32960 49160 65920 66304 98432 114688 132608 134144 197120 212992 268288 274432 286720 395264 409600
1 7 13 112 16393 24577 32792 32848 32960 49160 65920 66304 98432 114688 132608 134144 197120 268288 274432 286720 344064 395264 458752
1 7 13 112 16393 24577 32792 32848 32960 49160 67072 68608 114688 131456 131840 163968 197120 229376 268288 274432 286720 329728 344064
1 7 13 112 16393 24577 32792 32848 32960 49160 71680 77824 90112 114688 131456 131840 163968 229376 263680 265216 329728 393728 458752
1 7 13 112 16393 24577 32792 32848 32960 49160 71680 77824 90112 114688 132608 134144 198656 229376 262528 262912 295040 393728 425984
1 7 13 112 16393 24577 32792 32848 49160 65728 65920 66304 98368 114688 132608 134144 197120 212992 268288 274432 286720 395264 409600
1 7 13 112 16393 24577 32792 32848 49160 65728 65920 66304 98368 114688 132608 134144 197120 268288 274432 286720 344064 395264 458752
1 7 13 112 16393 24577 32792 32848 49160 67072 68608 114688 131264 131456 131840 163904 197120 229376 268288 274432 286720 329728 344064
1 7 13 112 16393 24577 32792 32848 49160 71680 77824 90112 114688 131264 131456 131840 163904 229376 263680 265216 329728 393728 458752
1 7 13 112 16393 24577 32792 32848 49160 71680 77824 90112 114688 132608 134144 198656 229376 262336 262528 262912 294976 393728 425984
1 7 13 112 16393 32792 32848 32960 49160 65920 66304 98432 114688 132608 134144 197120 212992 268288 270337 274432 278529 395264 409600
1 7 13 112 16393 32792 32848 32960 49160 65920 66304 98432 114688 132608 134144 197120 268288 270337 274432 278529 344064 395264 458752
1 7 13 112 16393 32792 32848 32960 49160 67072 68608 114688 131456 131840 163968 197120 229376 268288 270337 274432 278529 329728 344064
1 7 13 112 16393 32792 32848 32960 49160 71680 73729 77824 81921 114688 131456 131840 163968 229376 263680 265216 329728 393728 458752
1 7 13 112 16393 32792 32848 32960 49160 71680 73729 77824 81921 114688 132608 134144 198656 229376 262528 262912 295040 393728 425984
1 7 13 112 16393 32792 32848 49160 65728 65920 66304 98368 114688 132608 134144 197120 212992 268288 270337 274432 278529 395264 409600
1 7 13 112 16393 32792 32848 49160 65728 65920 66304 98368 114688 132608 134144 197120 268288 270337 274432 278529 344064 395264 458752
1 7 13 112 16393 32792 32848 49160 67072 68608 114688 131264 131456 131840 163904 197120 229376 268288 270337 274432 278529 329728 344064
1 7 13 112 16393 32792 32848 49160 71680 73729 77824 81921 114688 131264 131456 131840 163904 229376 263680 265216 329728 393728 458752
1 7 13 112 16393 32792 32848 49160 71680 73729 77824 81921 114688 132608 134144 198656 229376 262336 262528 262912 294976 393728 425984
1 7 13 224 16393 16408 16432 32928 33152 49184 66304 67072 98560 114688 134144 137216 197632 212992 270337 274432 278529 397312 409600
1 7 13 224 16393 16408 16432 32928 33152 49184 66304 67072 98560 114688 134144 137216 197632 270337 274432 278529 344064 397312 458752
1 7 13 224 16393 16408 16432 32928 33152 49184 66304 67072 98560 114688 134144 197632 212992 268288 270337 274432 278529 395264 409600
1 7 13 224 16393 16408 16432 32928 33152 49184 66304 67072 98560 114688 134144 197632 268288 270337 274432 278529 344064 395264 458752
1 7 13 224 16393 16408 16432 32928 33152 49184 66304 98560 114688 132608 134144 197120 212992 268288 270337 274432 278529 395264 409600
1 7 13 224 16393 16408 16432 32928 33152 49184 66304 98560 114688 132608 134144 197120 268288 270337 274432 278529 344064 395264 458752
1 7 13 224 16393 16408 16432 32928 33152 49184 67072 68608 114688 131840 164096 197120 229376 268288 270337 274432 278529 329728 344064
1 7 13 224 16393 16408 16432 32928 33152 49184 68608 71680 114688 131840 132608 164096 197632 229376 270337 274432 278529 331776 344064
1 7 13 224 16393 16408 16432 32928 33152 49184 68608 114688 131840 132608 164096 197632 229376 268288 270337 274432 278529 329728 344064
1 7 13 224 16393 16408 16432 32928 33152 49184 71680 73729 77824 81921 114688 131840 132608 164096 229376 265216 329728 394240 458752
1 7 13 224 16393 16408 16432 32928 33152 49184 71680 73729 77824 81921 114688 131840 164096 229376 263680 265216 329728 393728 458752
1 7 13 224 16393 16408 16432 32928 33152 49184 71680 73729 77824 81921 114688 132608 134144 198656 229376 262912 295168 393728 425984
1 7 13 224 16393 16408 16432 32928 33152 49184 71680 73729 77824 81921 114688 134144 198656 229376 262912 263680 295168 394240 425984
1 7 13 224 16393 16408 16432 32928 33152 49184 73729 77824 81921 114688 131840 132608 164096 229376 265216 268288 331776 394240 458752
1 7 13 224 16393 16408 16432 32928 33152 49184 73729 77824 81921 114688 134144 137216 200704 229376 262912 263680 295168 394240 425984
1 7 13 224 16393 16408 16432 32928 49184 65920 66304 98432 114688 132608 134144 197120 212992 268288 270337 274432 278529 395264 409600
1 7 13 224 16393 16408 16432 32928 49184 65920 66304 98432 114688 132608 134144 197120 268288 270337 274432 278529 344064 395264 458752
1 7 13 224 16393 16408 16432 32928 49184 67072 68608 114688 131456 131840 163968 197120 229376 268288 270337 274432 278529 329728 344064
1 7 13 224 16393 16408 16432 32928 49184 71680 73729 77824 81921 114688 131456 131840 163968 229376 263680 265216 329728 393728 458752
1 7 13 224 16393 16408 16432 32928 49184 71680 73729 77824 81921 114688 132608 134144 198656 229376 262528 262912 295040 393728 425984
1 7 13 224 16393 16408 32816 32928 49168 65920 66304 67072 98432 114688 134144 137216 197632 212992 270337 274432 278529 397312 409600
1 7 13 224 16393 16408 32816 32928 49168 65920 66304 67072 98432 114688 134144 197632 212992 268288 270337 274432 278529 395264 409600
1 7 13 224 16393 16408 32816 32928 49168 65920 66304 67072 98432 114688 137216 139265 143360 147457 212992 265216 328704 395264 458752
1 7 13 224 16393 16408 32816 32928 49168 65920 66304 67072 98432 114688 139265 143360 147457 212992 265216 268288 328704 397312 458752
1 7 13 224 16393 16408 32816 32928 49168 65920 66304 67072 98432 134144 137216 180224 197632 229376 270337 274432 278529 397312 409600
1 7 13 224 16393 16408 32816 32928 49168 65920 66304 67072 98432 134144 137216 197632 229376 270337 274432 278529 311296 397312 425984
1 7 13 224 16393 16408 32816 32928 49168 65920 66304 67072 98432 134144 180224 197632 229376 268288 270337 274432 278529 395264 409600
1 7 13 224 16393 16408 32816 32928 49168 65920 66304 67072 98432 134144 197632 229376 268288 270337 274432 278529 311296 395264 425984
1 7 13 224 16393 16408 32816 32928 49168 65920 66304 67072 98432 137216 139265 143360 147457 180224 229376 265216 328704 395264 458752
1 7 13 224 16393 16408 32816 32928 49168 65920 66304 67072 98432 139265 143360 147457 180224 229376 265216 268288 328704 397312 458752
1 7 13 224 16393 16408 32816 32928 49168 65920 66304 98432 114688 132608 134144 197120 212992 268288 270337 274432 278529 395264 409600
1 7 13 224 16393 16408 32816 32928 49168 65920 66304 98432 114688 137216 139265 143360 147457 212992 263680 265216 328192 395264 458752
1 7 13 224 16393 16408 32816 32928 49168 65920 66304 98432 132608 134144 180224 197120 229376 268288 270337 274432 278529 395264 409600
1 7 13 224 16393 16408 32816 32928 49168 65920 66304 98432 132608 134144 197120 229376 268288 270337 274432 278529 311296 395264 425984
1 7 13 224 16393 16408 32816 32928 49168 65920 66304 98432 137216 139265 143360 147457 180224 229376 263680 265216 328192 395264 458752
1 7 13 224 16393 24577 32792 32816 32928 49160 65920 66304 67072 98432 114688 134144 137216 197632 212992 274432 286720 397312 409600
1 7 13 224 16393 24577 32792 32816 32928 49160 65920 66304 67072 98432 114688 134144 137216 197632 274432 286720 344064 397312 458752
1 7 13 224 16393 24577 32792 32816 32928 49160 65920 66304 67072 98432 114688 134144 197632 212992 268288 274432 286720 395264 409600
1 7 13 224 16393 24577 32792 32816 32928 49160 65920 66304 67072 98432 114688 134144 197632 268288 274432 286720 344064 395264 458752
1 7 13 224 16393 24577 32792 32816 32928 49160 65920 66304 98432 114688 132608 134144 197120 212992 268288 274432 286720 395264 409600
1 7 13 224 16393 24577 32792 32816 32928 49160 65920 66304 98432 114688 132608 134144 197120 268288 274432 286720 344064 395264 458752
1 7 13 224 16393 24577 32792 32816 32928 49160 67072 68608 114688 131456 131840 163968 197120 229376 268288 274432 286720 329728 344064
1 7 13 224 16393 24577 32792 32816 32928 49160 68608 71680 114688 131456 131840 132608 163968 197632 229376 274432 286720 331776 344064
1 7 13 224 16393 24577 32792 32816 32928 49160 68608 114688 131456 131840 132608 163968 197632 229376 268288 274432 286720 329728 344064
1 7 13 224 16393 24577 32792 32816 32928 49160 71680 77824 90112 114688 131456 131840 132608 163968 229376 265216 329728 394240 458752
1 7 13 224 16393 24577 32792 32816 32928 49160 71680 77824 90112 114688 131456 131840 163968 229376 263680 265216 329728 393728 458752
1 7 13 224 16393 24577 32792 32816 32928 49160 71680 77824 90112 114688 132608 134144 198656 229376 262528 262912 295040 393728 425984
1 7 13 224 16393 24577 32792 32816 32928 49160 71680 77824 90112 114688 134144 198656 229376 262528 262912 263680 295040 394240 425984
1 7 13 224 16393 24577 32792 32816 32928 49160 77824 90112 114688 131456 131840 132608 163968 229376 265216 268288 331776 394240 458752
1 7 13 224 16393 24577 32792 32816 32928 49160 77824 90112 114688 134144 137216 200704 229376 262528 262912 263680 295040 394240 425984
1 7 13 224 16393 32792 32816 32928 49160 65920 66304 67072 98432 114688 134144 137216 197632 212992 270337 274432 278529 397312 409600
1 7 13 224 16393 32792 32816 32928 49160 65920 66304 67072 98432 114688 134144 137216 197632 270337 274432 278529 344064 397312 458752
1 7 13 224 16393 32792 32816 32928 49160 65920 66304 67072 98432 114688 134144 197632 212992 268288 270337 274432 278529 395264 409600
1 7 13 224 16393 32792 32816 32928 49160 65920 66304 67072 98432 114688 134144 197632 268288 270337 274432 278529 344064 395264 458752
1 7 13 224 16393 32792 32816 32928 49160 65920 66304 98432 114688 132608 134144 197120 212992 268288 270337 274432 278529 395264 409600
1 7 13 224 16393 32792 32816 32928 49160 65920 66304 98432 114688 132608 134144 197120 268288 270337 274432 278529 344064 395264 458752
1 7 13 224 16393 32792 32816 32928 49160 67072 68608 114688 131456 131840 163968 197120 229376 268288 270337 274432 278529 329728 344064
1 7 13 224 16393 32792 32816 32928 49160 68608 71680 114688 131456 131840 132608 163968 197632 229376 270337 274432 278529 331776 344064
1 7 13 224 16393 32792 32816 32928 49160 68608 114688 131456 131840 132608 163968 197632 229376 268288 270337 274432 278529 329728 344064
1 7 13 224 16393 32792 32816 32928 49160 71680 73729 77824 81921 114688 131456 131840 132608 163968 229376 265216 329728 394240 458752
1 7 13 224 16393 32792 32816 32928 49160 71680 73729 77824 81921 114688 131456 131840 163968 229376 263680 265216 329728 393728 458752
1 7 13 224 16393 32792 32816 32928 49160 71680 73729 77824 81921 114688 132608 134144 198656 229376 262528 262912 295040 393728 425984
1 7 13 224 16393 32792 32816 32928 49160 71680 73729 77824 81921 114688 134144 198656 229376 262528 262912 263680 295040 394240 425984
1 7 13 224 16393 32792 32816 32928 49160 73729 77824 81921 114688 131456 131840 132608 163968 229376 265216 268288 331776 394240 458752
1 7 13 224 16393 32792 32816 32928 49160 73729 77824 81921 114688 134144 137216 200704 229376 262528 262912 263680 295040 394240 425984
1 7 13 448 16393 16408 32816 32864 49168 65856 66304 98368 114688 132608 134144 197120 212992 268288 270337 274432 278529 395264 409600
1 7 13 448 16393 16408 32816 32864 49168 65856 66304 98368 114688 137216 139265 143360 147457 212992 263680 265216 328192 395264 458752
1 7 13 448 16393 16408 32816 32864 49168 65856 66304 98368 132608 134144 180224 197120 229376 268288 270337 274432 278529 395264 409600
1 7 13 448 16393 16408 32816 32864 49168 65856 66304 98368 132608 134144 197120 229376 268288 270337 274432 278529 311296 395264 425984
1 7 13 448 16393 16408 32816 32864 49168 65856 66304 98368 137216 139265 143360 147457 180224 229376 263680 265216 328192 395264 458752
1 7 13 448 16393 16408 32816 32864 49168 65856 98368 114688 131840 132608 134144 196864 212992 268288 270337 274432 278529 395264 409600
1 7 13 448 16393 16408 32816 32864 49168 65856 98368 114688 137216 139265 143360 147457 212992 262912 263680 265216 327936 395264 458752
1 7 13 448 16393 16408 32816 32864 49168 65856 98368 131840 132608 134144 180224 196864 229376 268288 270337 274432 278529 395264 409600
1 7 13 448 16393 16408 32816 32864 49168 65856 98368 131840 132608 134144 196864 229376 268288 270337 274432 278529 311296 395264 425984
1 7 13 448 16393 16408 32816 32864 49168 65856 98368 137216 139265 143360 147457 180224 229376 262912 263680 265216 327936 395264 458752
1 7 13 448 16393 16408 32816 49168 65632 65856 98336 114688 131840 132608 134144 196864 212992 268288 270337 274432 278529 395264 409600
1 7 13 448 16393 16408 32816 49168 65632 65856 98336 114688 131840 132608 134144 196864 268288 270337 274432 278529 344064 395264 458752
1 7 13 448 16393 16408 32816 49168 65632 65856 98336 131840 132608 134144 180224 196864 229376 268288 270337 274432 278529 395264 409600
1 7 13 448 16393 16408 32816 49168 65632 65856 98336 131840 132608 134144 196864 229376 268288 270337 274432 278529 311296 395264 425984
1 7 13 448 16393 16408 32816 49168 65632 65856 98336 131840 132608 134144 196864 268288 270337 274432 278529 311296 360448 395264 458752
1 7 13 448 16393 24577 32792 32816 32864 49160 65856 66304 98368 114688 132608 134144 197120 212992 268288 274432 286720 395264 409600
1 7 13 448 16393 24577 32792 32816 32864 49160 65856 66304 98368 114688 132608 134144 197120 268288 274432 286720 344064 395264 458752
1 7 13 448 16393 24577 32792 32816 32864 49160 65856 98368 114688 131840 132608 134144 196864 212992 268288 274432 286720 395264 409600
1 7 13 448 16393 24577 32792 32816 32864 49160 65856 98368 114688 131840 132608 134144 196864 268288 274432 286720 344064 395264 458752
1 7 13 448 16393 24577 32792 32816 32864 49160 66304 67072 68608 114688 131392 163904 196864 229376 268288 274432 286720 329728 344064
1 7 13 448 16393 24577 32792 32816 32864 49160 67072 68608 114688 131392 131840 163904 197120 229376 268288 274432 286720 329728 344064
1 7 13 448 16393 24577 32792 32816 32864 49160 71680 77824 90112 114688 131392 131840 163904 229376 263680 265216 329728 393728 458752
1 7 13 448 16393 24577 32792 32816 32864 49160 71680 77824 90112 114688 131392 163904 229376 262912 263680 265216 329728 393472 458752
1 7 13 448 16393 24577 32792 32816 32864 49160 71680 77824 90112 114688 131840 132608 134144 198656 229376 262464 294976 393472 425984
1 7 13 448 16393 24577 32792 32816 32864 49160 71680 77824 90112 114688 132608 134144 198656 229376 262464 262912 294976 393728 425984
1 7 13 448 16393 24577 32792 32816 49160 65632 65856 98336 114688 131840 132608 134144 196864 212992 268288 274432 286720 395264 409600
1 7 13 448 16393 24577 32792 32816 49160 65632 65856 98336 114688 131840 132608 134144 196864 268288 274432 286720 344064 395264 458752
1 7 13 448 16393 24577 32792 32816 49160 66304 67072 68608 114688 131168 131392 163872 196864 229376 268288 274432 286720 329728 344064
1 7 13 448 16393 24577 32792 32816 49160 71680 77824 90112 114688 131168 131392 163872 229376 262912 263680 265216 329728 393472 458752
1 7 13 448 16393 24577 32792 32816 49160 71680 77824 90112 114688 131840 132608 134144 198656 229376 262240 262464 294944 393472 425984
1 7 13 448 16393 32792 32816 32864 49160 65856 66304 98368 114688 132608 134144 197120 212992 268288 270337 274432 278529 395264 409600
1 7 13 448 16393 32792 32816 32864 49160 65856 66304 98368 114688 132608 134144 197120 268288 270337 274432 278529 344064 395264 458752
1 7 13 448 16393 32792 32816 32864 49160 65856 98368 114688 131840 132608 134144 196864 212992 268288 270337 274432 278529 395264 409600
1 7 13 448 16393 32792 32816 32864 49160 65856 98368 114688 131840 132608 134144 196864 268288 270337 274432 278529 344064 395264 458752
1 7 13 448 16393 32792 32816 32864 49160 66304 67072 68608 114688 131392 163904 196864 229376 268288 270337 274432 278529 329728 344064
1 7 13 448 16393 32792 32816 32864 49160 67072 68608 114688 131392 131840 163904 197120 229376 268288 270337 274432 278529 329728 344064
1 7 13 448 16393 32792 32816 32864 49160 71680 73729 77824 81921 114688 131392 131840 163904 229376 263680 265216 329728 393728 458752
1 7 13 448 16393 32792 32816 32864 49160 71680 73729 77824 81921 114688 131392 163904 229376 262912 263680 265216 329728 393472 458752
1 7 13 448 16393 32792 32816 32864 49160 71680 73729 77824 81921 114688 131840 132608 134144 198656 229376 262464 294976 393472 425984
1 7 13 448 16393 32792 32816 32864 49160 71680 73729 77824 81921 114688 132608 134144 198656 229376 262464 262912 294976 393728 425984
1 7 13 448 16393 32792 32816 49160 65632 65856 98336 114688 131840 132608 134144 196864 212992 268288 270337 274432 278529 395264 409600
1 7 13 448 16393 32792 32816 49160 65632 65856 98336 114688 131840 132608 134144 196864 268288 270337 274432 278529 344064 395264 458752
1 7 13 448 16393 32792 32816 49160 66304 67072 68608 114688 131168 131392 163872 196864 229376 268288 270337 274432 278529 329728 344064
1 7 13 448 16393 32792 32816 49160 71680 73729 77824 81921 114688 131168 131392 163872 229376 262912 263680 265216 329728 393472 458752
1 7 13 448 16393 32792 32816 49160 71680 73729 77824 81921 114688 131840 132608 134144 198656 229376 262240 262464 294944 393472 425984
1 7 13 896 16393 16408 32816 32864 32960 49168 66176 67072 98432 114688 134144 137216 197632 212992 270337 274432 278529 397312 409600
1 7 13 896 16393 16408 32816 32864 32960 49168 66176 67072 98432 114688 134144 137216 197632 270337 274432 278529 344064 397312 458752
1 7 13 896 16393 16408 32816 32864 32960 49168 66176 67072 98432 114688 134144 197632 212992 268288 270337 274432 278529 395264 409600
1 7 13 896 16393 16408 32816 32864 32960 49168 66176 67072 98432 114688 134144 197632 268288 270337 274432 278529 344064 395264 458752
1 7 13 896 16393 16408 32816 32864 32960 49168 66176 67072 98432 134144 137216 180224 197632 229376 270337 274432 278529 397312 409600
1 7 13 896 16393 16408 32816 32864 32960 49168 66176 67072 98432 134144 137216 197632 229376 270337 274432 278529 311296 397312 425984
1 7 13 896 16393 16408 32816 32864 32960 49168 66176 67072 98432 134144 137216 197632 270337 274432 278529 311296 360448 397312 458752
1 7 13 896 16393 16408 32816 32864 32960 49168 66176 67072 98432 134144 180224 197632 229376 268288 270337 274432 278529 395264 409600
1 7 13 896 16393 16408 32816 32864 32960 49168 66176 67072 98432 134144 197632 229376 268288 270337 274432 278529 311296 395264 425984
1 7 13 896 16393 16408 32816 32864 32960 49168 66176 67072 98432 134144 197632 268288 270337 274432 278529 311296 360448 395264 458752
1 7 13 896 16393 16408 32816 32864 32960 49168 66176 98432 114688 132608 134144 197120 212992 268288 270337 274432 278529 395264 409600
1 7 13 896 16393 16408 32816 32864 32960 49168 66176 98432 114688 132608 134144 197120 268288 270337 274432 278529 344064 395264 458752
1 7 13 896 16393 16408 32816 32864 32960 49168 66176 98432 132608 134144 180224 197120 229376 268288 270337 274432 278529 395264 409600
1 7 13 896 16393 16408 32816 32864 32960 49168 66176 98432 132608 134144 197120 229376 268288 270337 274432 278529 311296 395264 425984
1 7 13 896 16393 16408 32816 32864 32960 49168 66176 98432 132608 134144 197120 268288 270337 274432 278529 311296 360448 395264 458752
1 7 13 896 16393 16408 32816 32864 49168 65728 66176 98368 114688 132608 134144 137216 197120 212992 270337 274432 278529 397312 409600
1 7 13 896 16393 16408 32816 32864 49168 65728 66176 98368 114688 132608 134144 197120 212992 268288 270337 274432 278529 395264 409600
1 7 13 896 16393 16408 32816 32864 49168 65728 66176 98368 114688 137216 139265 143360 147457 212992 263680 265216 328192 395264 458752
1 7 13 896 16393 16408 32816 32864 49168 65728 66176 98368 114688 139265 143360 147457 212992 263680 265216 268288 328192 397312 458752
1 7 13 896 16393 16408 32816 32864 49168 65728 66176 98368 132608 134144 137216 180224 197120 229376 270337 274432 278529 397312 409600
1 7 13 896 16393 16408 32816 32864 49168 65728 66176 98368 132608 134144 137216 197120 229376 270337 274432 278529 311296 397312 425984
1 7 13 896 16393 16408 32816 32864 49168 65728 66176 98368 132608 134144 180224 197120 229376 268288 270337 274432 278529 395264 409600
1 7 13 896 16393 16408 32816 32864 49168 65728 66176 98368 132608 134144 197120 229376 268288 270337 274432 278529 311296 395264 425984
1 7 13 896 16393 16408 32816 32864 49168 65728 66176 98368 137216 139265 143360 147457 180224 229376 263680 265216 328192 395264 458752
1 7 13 896 16393 16408 32816 32864 49168 65728 66176 98368 139265 143360 147457 180224 229376 263680 265216 268288 328192 397312 458752
1 7 13 896 16393 24577 32792 32816 32864 32960 49160 66176 67072 98432 114688 134144 137216 197632 212992 274432 286720 397312 409600
1 7 13 896 16393 24577 32792 32816 32864 32960 49160 66176 67072 98432 114688 134144 137216 197632 274432 286720 344064 397312 458752
1 7 13 896 16393 24577 32792 32816 32864 32960 49160 66176 67072 98432 114688 134144 197632 212992 268288 274432 286720 395264 409600
1 7 13 896 16393 24577 32792 32816 32864 32960 49160 66176 67072 98432 114688 134144 197632 268288 274432 286720 344064 395264 458752
1 7 13 896 16393 24577 32792 32816 32864 32960 49160 66176 98432 114688 132608 134144 197120 212992 268288 274432 286720 395264 409600
1 7 13 896 16393 24577 32792 32816 32864 32960 49160 66176 98432 114688 132608 134144 197120 268288 274432 286720 344064 395264 458752
1 7 13 896 16393 24577 32792 32816 32864 32960 49160 67072 68608 114688 131712 163968 197120 229376 268288 274432 286720 329728 344064
1 7 13 896 16393 24577 32792 32816 32864 32960 49160 68608 71680 114688 131712 132608 163968 197632 229376 274432 286720 331776 344064
1 7 13 896 16393 24577 32792 32816 32864 32960 49160 68608 114688 131712 132608 163968 197632 229376 268288 274432 286720 329728 344064
1 7 13 896 16393 24577 32792 32816 32864 32960 49160 71680 77824 90112 114688 131712 132608 163968 229376 265216 329728 394240 458752
1 7 13 896 16393 24577 32792 32816 32864 32960 49160 71680 77824 90112 114688 131712 163968 229376 263680 265216 329728 393728 458752
1 7 13 896 16393 24577 32792 32816 32864 32960 49160 71680 77824 90112 114688 132608 134144 198656 229376 262784 295040 393728 425984
1 7 13 896 16393 24577 32792 32816 32864 32960 49160 71680 77824 90112 114688 134144 198656 229376 262784 263680 295040 394240 425984
1 7 13 896 16393 24577 32792 32816 32864 32960 49160 77824 90112 114688 131712 132608 163968 229376 265216 268288 331776 394240 458752
1 7 13 896 16393 24577 32792 32816 32864 32960 49160 77824 90112 114688 134144 137216 200704 229376 262784 263680 295040 394240 425984
1 7 13 896 16393 24577 32792 32816 32864 49160 65728 66176 98368 114688 132608 134144 137216 197120 212992 274432 286720 397312 409600
1 7 13 896 16393 24577 32792 32816 32864 49160 65728 66176 98368 114688 132608 134144 137216 197120 274432 286720 344064 397312 458752
1 7 13 896 16393 24577 32792 32816 32864 49160 65728 66176 98368 114688 132608 134144 197120 212992 268288 274432 286720 395264 409600
1 7 13 896 16393 24577 32792 32816 32864 49160 65728 66176 98368 114688 132608 134144 197120 268288 274432 286720 344064 395264 458752
1 7 13 896 16393 24577 32792 32816 32864 49160 67072 68608 71680 114688 131264 131712 163904 197120 229376 274432 286720 331776 344064
1 7 13 896 16393 24577 32792 32816 32864 49160 67072 68608 114688 131264 131712 163904 197120 229376 268288 274432 286720 329728 344064
1 7 13 896 16393 24577 32792 32816 32864 49160 71680 77824 90112 114688 131264 131712 163904 229376 263680 265216 329728 393728 458752
1 7 13 896 16393 24577 32792 32816 32864 49160 71680 77824 90112 114688 132608 134144 198656 229376 262336 262784 294976 393728 425984
1 7 13 896 16393 24577 32792 32816 32864 49160 77824 90112 114688 131264 131712 163904 229376 263680 265216 268288 331776 393728 458752
1 7 13 896 16393 24577 32792 32816 32864 49160 77824 90112 114688 132608 134144 137216 200704 229376 262336 262784 294976 393728 425984
1 7 13 896 16393 32792 32816 32864 32960 49160 66176 67072 98432 114688 134144 137216 197632 212992 270337 274432 278529 397312 409600
1 7 13 896 16393 32792 32816 32864 32960 49160 66176 67072 98432 114688 134144 137216 197632 270337 274432 278529 344064 397312 458752
1 7 13 896 16393 32792 32816 32864 32960 49160 66176 67072 98432 114688 134144 197632 212992 268288 270337 274432 278529 395264 409600
1 7 13 896 16393 32792 32816 32864 32960 49160 66176 67072 98432 114688 134144 197632 268288 270337 274432 278529 344064 395264 458752
1 7 13 896 16393 32792 32816 32864 32960 49160 66176 98432 114688 132608 134144 197120 212992 268288 270337 274432 278529 395264 409600
1 7 13 896 16393 32792 32816 32864 32960 49160 66176 98432 114688 132608 134144 197120 268288 270337 274432 278529 344064 395264 458752
1 7 13 896 16393 32792 32816 32864 32960 49160 67072 68608 114688 131712 163968 197120 229376 268288 270337 274432 278529 329728 344064
1 7 13 896 16393 32792 32816 32864 32960 49160 68608 71680 114688 131712 132608 163968 197632 229376 270337 274432 278529 331776 344064
1 7 13 896 16393 32792 32816 32864 32960 49160 68608 114688 131712 132608 163968 197632 229376 268288 270337 274432 278529 329728 344064
1 7 13 896 16393 32792 32816 32864 32960 49160 71680 73729 77824 81921 114688 131712 132608 163968 229376 265216 329728 394240 458752
1 7 13 896 16393 32792 32816 32864 32960 49160 71680 73729 77824 81921 114688 131712 163968 229376 263680 265216 329728 393728 458752
1 7 13 896 16393 32792 32816 32864 32960 49160 71680 73729 77824 81921 114688 132608 134144 198656 229376 262784 295040 393728 425984
1 7 13 896 16393 32792 32816 32864 32960 49160 71680 73729 77824 81921 114688 134144 198656 229376 262784 263680 295040 394240 425984
1 7 13 896 16393 32792 32816 32864 32960 49160 73729 77824 81921 114688 131712 132608 163968 229376 265216 268288 331776 394240 458752
1 7 13 896 16393 32792 32816 32864 32960 49160 73729 77824 81921 114688 134144 137216 200704 229376 262784 263680 295040 394240 425984
1 7 13 896 16393 32792 32816 32864 49160 65728 66176 98368 114688 132608 134144 137216 197120 212992 270337 274432 278529 397312 409600
1 7 13 896 16393 32792 32816 32864 49160 65728 66176 98368 114688 132608 134144 137216 197120 270337 274432 278529 344064 397312 458752
1 7 13 896 16393 32792 32816 32864 49160 65728 66176 98368 114688 132608 134144 197120 212992 268288 270337 274432 278529 395264 409600
1 7 13 896 16393 32792 32816 32864 49160 65728 66176 98368 114688 132608 134144 197120 268288 270337 274432 278529 344064 395264 458752
1 7 13 896 16393 32792 32816 32864 49160 67072 68608 71680 114688 131264 131712 163904 197120 229376 270337 274432 278529 331776 344064
1 7 13 896 16393 32792 32816 32864 49160 67072 68608 114688 131264 131712 163904 197120 229376 268288 270337 274432 278529 329728 344064
1 7 13 896 16393 32792 32816 32864 49160 71680 73729 77824 81921 114688 131264 131712 163904 229376 263680 265216 329728 393728 458752
1 7 13 896 16393 32792 32816 32864 49160 71680 73729 77824 81921 114688 132608 134144 198656 229376 262336 262784 294976 393728 425984
1 7 13 896 16393 32792 32816 32864 49160 73729 77824 81921 114688 131264 131712 163904 229376 263680 265216 268288 331776 393728 458752
1 7 13 896 16393 32792 32816 32864 49160 73729 77824 81921 114688 132608 134144 137216 200704 229376 262336 262784 294976 393728 425984
1 7 13 1792 16393 16408 32816 32864 49168 65728 65920 98368 114688 132352 134144 196864 212992 268288 270337 274432 278529 395264 409600
1 7 13 1792 16393 16408 32816 32864 49168 65728 65920 98368 114688 132352 196864 212992 265216 268288 270337 274432 278529 394240 409600
1 7 13 1792 16393 16408 32816 32864 49168 65728 65920 98368 114688 134144 137216 139265 143360 147457 212992 263424 327936 394240 458752
1 7 13 1792 16393 16408 32816 32864 49168 65728 65920 98368 114688 137216 139265 143360 147457 212992 263424 265216 327936 395264 458752
1 7 13 1792 16393 16408 32816 32864 49168 65728 65920 98368 132352 134144 180224 196864 229376 268288 270337 274432 278529 395264 409600
1 7 13 1792 16393 16408 32816 32864 49168 65728 65920 98368 132352 134144 196864 229376 268288 270337 274432 278529 311296 395264 425984
1 7 13 1792 16393 16408 32816 32864 49168 65728 65920 98368 132352 180224 196864 229376 265216 268288 270337 274432 278529 394240 409600
1 7 13 1792 16393 16408 32816 32864 49168 65728 65920 98368 132352 196864 229376 265216 268288 270337 274432 278529 311296 394240 425984
1 7 13 1792 16393 16408 32816 32864 49168 65728 65920 98368 134144 137216 139265 143360 147457 180224 229376 263424 327936 394240 458752
1 7 13 1792 16393 16408 32816 32864 49168 65728 65920 98368 137216 139265 143360 147457 180224 229376 263424 265216 327936 395264 458752
1 7 13 1792 16393 16408 32816 32864 49168 65728 98368 114688 131456 132352 196736 212992 265216 268288 270337 274432 278529 394240 409600
1 7 13 1792 16393 16408 32816 32864 49168 65728 98368 114688 134144 137216 139265 143360 147457 212992 262528 263424 327808 394240 458752
1 7 13 1792 16393 16408 32816 32864 49168 65728 98368 131456 132352 180224 196736 229376 265216 268288 270337 274432 278529 394240 409600
1 7 13 1792 16393 16408 32816 32864 49168 65728 98368 131456 132352 196736 229376 265216 268288 270337 274432 278529 311296 394240 425984
1 7 13 1792 16393 16408 32816 32864 49168 65728 98368 134144 137216 139265 143360 147457 180224 229376 262528 263424 327808 394240 458752
1 7 13 1792 16393 16408 32816 49168 65632 65728 65920 98336 114688 132352 134144 196864 212992 268288 270337 274432 278529 395264 409600
1 7 13 1792 16393 16408 32816 49168 65632 65728 65920 98336 114688 132352 134144 196864 268288 270337 274432 278529 344064 395264 458752
1 7 13 1792 16393 16408 32816 49168 65632 65728 65920 98336 132352 134144 180224 196864 229376 268288 270337 274432 278529 395264 409600
1 7 13 1792 16393 16408 32816 49168 65632 65728 65920 98336 132352 134144 196864 229376 268288 270337 274432 278529 311296 395264 425984
1 7 13 1792 16393 16408 32816 49168 65632 65728 65920 98336 132352 134144 196864 268288 270337 274432 278529 311296 360448 395264 458752
1 7 13 1792 16393 16408 32816 49168 65632 65728 98336 114688 131456 132352 196736 212992 265216 268288 270337 274432 278529 394240 409600
1 7 13 1792 16393 16408 32816 49168 65632 65728 98336 114688 131456 132352 196736 265216 268288 270337 274432 278529 344064 394240 458752
1 7 13 1792 16393 16408 32816 49168 65632 65728 98336 131456 132352 180224 196736 229376 265216 268288 270337 274432 278529 394240 409600
1 7 13 1792 16393 16408 32816 49168 65632 65728 98336 131456 132352 196736 229376 265216 268288 270337 274432 278529 311296 394240 425984
1 7 13 1792 16393 16408 32816 49168 65632 65728 98336 131456 132352 196736 265216 268288 270337 274432 278529 311296 360448 394240 458752
1 7 13 1792 16393 24577 32792 32816 32864 49160 65728 65920 98368 114688 132352 134144 196864 212992 268288 274432 286720 395264 409600
1 7 13 1792 16393 24577 32792 32816 32864 49160 65728 65920 98368 114688 132352 134144 196864 268288 274432 286720 344064 395264 458752
1 7 13 1792 16393 24577 32792 32816 32864 49160 65728 65920 98368 114688 132352 196864 212992 265216 268288 274432 286720 394240 409600
1 7 13 1792 16393 24577 32792 32816 32864 49160 65728 65920 98368 114688 132352 196864 265216 268288 274432 286720 344064 394240 458752
1 7 13 1792 16393 24577 32792 32816 32864 49160 65728 98368 114688 131456 132352 196736 212992 265216 268288 274432 286720 394240 409600
1 7 13 1792 16393 24577 32792 32816 32864 49160 65728 98368 114688 131456 132352 196736 265216 268288 274432 286720 344064 394240 458752
1 7 13 1792 16393 24577 32792 32816 32864 49160 65920 66816 114688 131264 163904 196736 229376 265216 268288 274432 286720 328704 344064
1 7 13 1792 16393 24577 32792 32816 32864 49160 66816 68608 114688 131264 131456 163904 196864 229376 268288 274432 286720 329728 344064
1 7 13 1792 16393 24577 32792 32816 32864 49160 66816 114688 131264 131456 163904 196864 229376 265216 268288 274432 286720 328704 344064
1 7 13 1792 16393 24577 32792 32816 32864 49160 68608 71680 77824 90112 114688 131264 131456 163904 229376 263424 328704 393472 458752
1 7 13 1792 16393 24577 32792 32816 32864 49160 68608 71680 77824 90112 114688 131264 163904 229376 262528 263424 328704 393344 458752
1 7 13 1792 16393 24577 32792 32816 32864 49160 68608 71680 77824 90112 114688 131456 132352 197632 229376 262336 294976 393344 425984
1 7 13 1792 16393 24577 32792 32816 32864 49160 68608 71680 77824 90112 114688 132352 197632 229376 262336 262528 294976 393472 425984
1 7 13 1792 16393 24577 32792 32816 32864 49160 71680 77824 90112 114688 131264 131456 163904 229376 263424 265216 329728 393472 458752
1 7 13 1792 16393 24577 32792 32816 32864 49160 71680 77824 90112 114688 132352 134144 198656 229376 262336 262528 294976 393472 425984
1 7 13 1792 16393 24577 32792 32816 49160 65632 65728 65920 98336 114688 132352 134144 196864 212992 268288 274432 286720 395264 409600
1 7 13 1792 16393 24577 32792 32816 49160 65632 65728 65920 98336 114688 132352 134144 196864 268288 274432 286720 344064 395264 458752
1 7 13 1792 16393 24577 32792 32816 49160 65632 65728 98336 114688 131456 132352 196736 212992 265216 268288 274432 286720 394240 409600
1 7 13 1792 16393 24577 32792 32816 49160 65632 65728 98336 114688 131456 132352 196736 265216 268288 274432 286720 344064 394240 458752
1 7 13 1792 16393 24577 32792 32816 49160 65920 66816 114688 131168 131264 163872 196736 229376 265216 268288 274432 286720 328704 344064
1 7 13 1792 16393 24577 32792 32816 49160 66816 68608 114688 131168 131264 131456 163872 196864 229376 268288 274432 286720 329728 344064
1 7 13 1792 16393 24577 32792 32816 49160 68608 71680 77824 90112 114688 131168 131264 163872 229376 262528 263424 328704 393344 458752
1 7 13 1792 16393 24577 32792 32816 49160 68608 71680 77824 90112 114688 131456 132352 197632 229376 262240 262336 294944 393344 425984
1 7 13 1792 16393 24577 32792 32816 49160 71680 77824 90112 114688 131168 131264 131456 163872 229376 263424 265216 329728 393472 458752
1 7 13 1792 16393 24577 32792 32816 49160 71680 77824 90112 114688 132352 134144 198656 229376 262240 262336 262528 294944 393472 425984
1 7 13 1792 16393 32792 32816 32864 49160 65728 65920 98368 114688 132352 134144 196864 212992 268288 270337 274432 278529 395264 409600
1 7 13 1792 16393 32792 32816 32864 49160 65728 65920 98368 114688 132352 134144 196864 268288 270337 274432 278529 344064 395264 458752
1 7 13 1792 16393 32792 32816 32864 49160 65728 65920 98368 114688 132352 196864 212992 265216 268288 270337 274432 278529 394240 409600
1 7 13 1792 16393 32792 32816 32864 49160 65728 65920 98368 114688 132352 196864 265216 268288 270337 274432 278529 344064 394240 458752
1 7 13 1792 16393 32792 32816 32864 49160 65728 98368 114688 131456 132352 196736 212992 265216 268288 270337 274432 278529 394240 409600
1 7 13 1792 16393 32792 32816 32864 49160 65728 98368 114688 131456 132352 196736 265216 268288 270337 274432 278529 344064 394240 458752
1 7 13 1792 16393 32792 32816 32864 49160 65920 66816 114688 131264 163904 196736 229376 265216 268288 270337 274432 278529 328704 344064
1 7 13 1792 16393 32792 32816 32864 49160 66816 68608 114688 131264 131456 163904 196864 229376 268288 270337 274432 278529 329728 344064
1 7 13 1792 16393 32792 32816 32864 49160 66816 114688 131264 131456 163904 196864 229376 265216 268288 270337 274432 278529 328704 344064
1 7 13 1792 16393 32792 32816 32864 49160 68608 71680 73729 77824 81921 114688 131264 131456 163904 229376 263424 328704 393472 458752
1 7 13 1792 16393 32792 32816 32864 49160 68608 71680 73729 77824 81921 114688 131264 163904 229376 262528 263424 328704 393344 458752
1 7 13 1792 16393 32792 32816 32864 49160 68608 71680 73729 77824 81921 114688 131456 132352 197632 229376 262336 294976 393344 425984
1 7 13 1792 16393 32792 32816 32864 49160 68608 71680 73729 77824 81921 114688 132352 197632 229376 262336 262528 294976 393472 425984
1 7 13 1792 16393 32792 32816 32864 49160 71680 73729 77824 81921 114688 131264 131456 163904 229376 263424 265216 329728 393472 458752
1 7 13 1792 16393 32792 32816 32864 49160 71680 73729 77824 81921 114688 132352 134144 198656 229376 262336 262528 294976 393472 425984
1 7 13 1792 16393 32792 32816 49160 65632 65728 65920 98336 114688 132352 134144 196864 212992 268288 270337 274432 278529 395264 409600
1 7 13 1792 16393 32792 32816 49160 65632 65728 65920 98336 114688 132352 134144 196864 268288 270337 274432 278529 344064 395264 458752
1 7 13 1792 16393 32792 32816 49160 65632 65728 98336 114688 131456 132352 196736 212992 265216 268288 270337 274432 278529 394240 409600
1 7 13 1792 16393 32792 32816 49160 65632 65728 98336 114688 131456 132352 196736 265216 268288 270337 274432 278529 344064 394240 458752
1 7 13 1792 16393 32792 32816 49160 65920 66816 114688 131168 131264 163872 196736 229376 265216 268288 270337 274432 278529 328704 344064
1 7 13 1792 16393 32792 32816 49160 66816 68608 114688 131168 131264 131456 163872 196864 229376 268288 270337 274432 278529 329728 344064
1 7 13 1792 16393 32792 32816 49160 68608 71680 73729 77824 81921 114688 131168 131264 163872 229376 262528 263424 328704 393344 458752
1 7 13 1792 16393 32792 32816 49160 68608 71680 73729 77824 81921 114688 131456 132352 197632 229376 262240 262336 294944 393344 425984
1 7 13 1792 16393 32792 32816 49160 71680 73729 77824 81921 114688 131168 131264 131456 163872 229376 263424 265216 329728 393472 458752
1 7 13 1792 16393 32792 32816 49160 71680 73729 77824 81921 114688 132352 134144 198656 229376 262240 262336 262528 294944 393472 425984
1 7 13 3584 16393 16408 32816 32864 49168 65728 65920 66304 98368 114688 133632 137216 197120 212992 270337 274432 278529 397312 409600
1 7 13 3584 16393 16408 32816 32864 49168 65728 65920 66304 98368 114688 133632 197120 212992 268288 270337 274432 278529 395264 409600
1 7 13 3584 16393 16408 32816 32864 49168 65728 65920 66304 98368 114688 137216 139265 143360 147457 212992 264704 328192 395264 458752
1 7 13 3584 16393 16408 32816 32864 49168 65728 65920 66304 98368 114688 139265 143360 147457 212992 264704 268288 328192 397312 458752
1 7 13 3584 16393 16408 32816 32864 49168 65728 65920 66304 98368 133632 137216 180224 197120 229376 270337 274432 278529 397312 409600
1 7 13 3584 16393 16408 32816 32864 49168 65728 65920 66304 98368 133632 137216 197120 229376 270337 274432 278529 311296 397312 425984
1 7 13 3584 16393 16408 32816 32864 49168 65728 65920 66304 98368 133632 180224 197120 229376 268288 270337 274432 278529 395264 409600
1 7 13 3584 16393 16408 32816 32864 49168 65728 65920 66304 98368 133632 197120 229376 268288 270337 274432 278529 311296 395264 425984
1 7 13 3584 16393 16408 32816 32864 49168 65728 65920 66304 98368 137216 139265 143360 147457 180224 229376 264704 328192 395264 458752
1 7 13 3584 16393 16408 32816 32864 49168 65728 65920 66304 98368 139265 143360 147457 180224 229376 264704 268288 328192 397312 458752
1 7 13 3584 16393 16408 32816 32864 49168 65728 65920 98368 114688 131840 133632 196864 212992 268288 270337 274432 278529 395264 409600
1 7 13 3584 16393 16408 32816 32864 49168 65728 65920 98368 114688 137216 139265 143360 147457 212992 262912 264704 327936 395264 458752
1 7 13 3584 16393 16408 32816 32864 49168 65728 65920 98368 131840 133632 180224 196864 229376 268288 270337 274432 278529 395264 409600
1 7 13 3584 16393 16408 32816 32864 49168 65728 65920 98368 131840 133632 196864 229376 268288 270337 274432 278529 311296 395264 425984
1 7 13 3584 16393 16408 32816 32864 49168 65728 65920 98368 137216 139265 143360 147457 180224 229376 262912 264704 327936 395264 458752
1 7 13 3584 16393 24577 32792 32816 32864 49160 65728 65920 66304 98368 114688 133632 137216 197120 212992 274432 286720 397312 409600
1 7 13 3584 16393 24577 32792 32816 32864 49160 65728 65920 66304 98368 114688 133632 137216 197120 274432 286720 344064 397312 458752
1 7 13 3584 16393 24577 32792 32816 32864 49160 65728 65920 66304 98368 114688 133632 197120 212992 268288 274432 286720 395264 409600
1 7 13 3584 16393 24577 32792 32816 32864 49160 65728 65920 66304 98368 114688 133632 197120 268288 274432 286720 344064 395264 458752
1 7 13 3584 16393 24577 32792 32816 32864 49160 65728 65920 98368 114688 131840 133632 196864 212992 268288 274432 286720 395264 409600
1 7 13 3584 16393 24577 32792 32816 32864 49160 65728 65920 98368 114688 131840 133632 196864 268288 274432 286720 344064 395264 458752
1 7 13 3584 16393 24577 32792 32816 32864 49160 66304 68096 114688 131264 131456 163904 196864 229376 268288 274432 286720 329728 344064
1 7 13 3584 16393 24577 32792 32816 32864 49160 68096 71680 114688 131264 131456 131840 163904 197120 229376 274432 286720 331776 344064
1 7 13 3584 16393 24577 32792 32816 32864 49160 68096 114688 131264 131456 131840 163904 197120 229376 268288 274432 286720 329728 344064
1 7 13 3584 16393 24577 32792 32816 32864 49160 71680 77824 90112 114688 131264 131456 131840 163904 229376 264704 329728 393728 458752
1 7 13 3584 16393 24577 32792 32816 32864 49160 71680 77824 90112 114688 131264 131456 163904 229376 262912 264704 329728 393472 458752
1 7 13 3584 16393 24577 32792 32816 32864 49160 71680 77824 90112 114688 131840 133632 198656 229376 262336 262528 294976 393472 425984
1 7 13 3584 16393 24577 32792 32816 32864 49160 71680 77824 90112 114688 133632 198656 229376 262336 262528 262912 294976 393728 425984
1 7 13 3584 16393 24577 32792 32816 32864 49160 77824 90112 114688 131264 131456 131840 163904 229376 264704 268288 331776 393728 458752
1 7 13 3584 16393 24577 32792 32816 32864 49160 77824 90112 114688 133632 137216 200704 229376 262336 262528 262912 294976 393728 425984
1 7 13 3584 16393 32792 32816 32864 49160 65728 65920 66304 98368 114688 133632 137216 197120 212992 270337 274432 278529 397312 409600
1 7 13 3584 16393 32792 32816 32864 49160 65728 65920 66304 98368 114688 133632 137216 197120 270337 274432 278529 344064 397312 458752
1 7 13 3584 16393 32792 32816 32864 49160 65728 65920 66304 98368 114688 133632 197120 212992 268288 270337 274432 278529 395264 409600
1 7 13 3584 16393 32792 32816 32864 49160 65728 65920 66304 98368 114688 133632 197120 268288 270337 274432 278529 344064 395264 458752
1 7 13 3584 16393 32792 32816 32864 49160 65728 65920 98368 114688 131840 133632 196864 212992 268288 270337 274432 278529 395264 409600
1 7 13 3584 16393 32792 32816 32864 49160 65728 65920 98368 114688 131840 133632 196864 268288 270337 274432 278529 344064 395264 458752
1 7 13 3584 16393 32792 32816 32864 49160 66304 68096 114688 131264 131456 163904 196864 229376 268288 270337 274432 278529 329728 344064
1 7 13 3584 16393 32792 32816 32864 49160 68096 71680 114688 131264 131456 131840 163904 197120 229376 270337 274432 278529 331776 344064
1 7 13 3584 16393 32792 32816 32864 49160 68096 114688 131264 131456 131840 163904 197120 229376 268288 270337 274432 278529 329728 344064
1 7 13 3584 16393 32792 32816 32864 49160 71680 73729 77824 81921 114688 131264 131456 131840 163904 229376 264704 329728 393728 458752
1 7 13 3584 16393 32792 32816 32864 49160 71680 73729 77824 81921 114688 131264 131456 163904 229376 262912 264704 329728 393472 458752
1 7 13 3584 16393 32792 32816 32864 49160 71680 73729 77824 81921 114688 131840 133632 198656 229376 262336 262528 294976 393472 425984
1 7 13 3584 16393 32792 32816 32864 49160 71680 73729 77824 81921 114688 133632 198656 229376 262336 262528 262912 294976 393728 425984
1 7 13 3584 16393 32792 32816 32864 49160 73729 77824 81921 114688 131264 131456 131840 163904 229376 264704 268288 331776 393728 458752
1 7 13 3584 16393 32792 32816 32864 49160 73729 77824 81921 114688 133632 137216 200704 229376 262336 262528 262912 294976 393728 425984
1 7 13 7168 12289 16393 16408 32816 32864 49168 65728 65920 98368 114688 131840 132608 196864 212992 266241 267264 278529 394240 409600
1 7 13 7168 12289 16393 16408 32816 32864 49168 65728 65920 98368 114688 135169 136192 147457 212992 262912 263680 327936 394240 458752
1 7 13 7168 12289 16393 16408 32816 32864 49168 65728 65920 98368 131840 132608 180224 196864 229376 266241 267264 278529 394240 409600
1 7 13 7168 12289 16393 16408 32816 32864 49168 65728 65920 98368 131840 132608 196864 229376 266241 267264 278529 311296 394240 425984
1 7 13 7168 12289 16393 16408 32816 32864 49168 65728 65920 98368 135169 136192 147457 180224 229376 262912 263680 327936 394240 458752
1 7 13 7168 12289 16393 20481 32792 32816 32864 49160 65728 65920 98368 114688 131840 132608 196864 212992 267264 282624 394240 409600
1 7 13 7168 12289 16393 20481 32792 32816 32864 49160 65728 65920 98368 114688 131840 132608 196864 267264 282624 344064 394240 458752
1 7 13 7168 12289 16393 20481 32792 32816 32864 49160 65728 65920 98368 114688 131840 196864 212992 263680 267264 282624 393728 409600
1 7 13 7168 12289 16393 20481 32792 32816 32864 49160 65728 65920 98368 114688 131840 196864 263680 267264 282624 344064 393728 458752
1 7 13 7168 12289 16393 20481 32792 32816 32864 49160 65728 98368 114688 131456 131840 196736 212992 263680 267264 282624 393728 409600
1 7 13 7168 12289 16393 20481 32792 32816 32864 49160 65728 98368 114688 131456 131840 196736 263680 267264 282624 344064 393728 458752
1 7 13 7168 12289 16393 20481 32792 32816 32864 49160 65920 66304 114688 131264 163904 196736 229376 263680 267264 282624 328192 344064
1 7 13 7168 12289 16393 20481 32792 32816 32864 49160 66304 67072 114688 131264 131456 163904 196864 229376 267264 282624 328704 344064
1 7 13 7168 12289 16393 20481 32792 32816 32864 49160 66304 114688 131264 131456 163904 196864 229376 263680 267264 282624 328192 344064
1 7 13 7168 12289 16393 20481 32792 32816 32864 49160 67072 70656 86016 114688 131264 131456 163904 229376 262912 328192 393472 458752
1 7 13 7168 12289 16393 20481 32792 32816 32864 49160 67072 70656 86016 114688 131264 163904 229376 262528 262912 328192 393344 458752
1 7 13 7168 12289 16393 20481 32792 32816 32864 49160 67072 70656 86016 114688 131456 131840 197120 229376 262336 294976 393344 425984
1 7 13 7168 12289 16393 20481 32792 32816 32864 49160 67072 70656 86016 114688 131840 197120 229376 262336 262528 294976 393472 425984
1 7 13 7168 12289 16393 20481 32792 32816 32864 49160 70656 86016 114688 131264 131456 163904 229376 262912 263680 328704 393472 458752
1 7 13 7168 12289 16393 20481 32792 32816 32864 49160 70656 86016 114688 131840 132608 197632 229376 262336 262528 294976 393472 425984
1 7 13 7168 12289 16393 20481 32792 32816 49160 65632 65728 98336 114688 131456 131840 196736 212992 263680 267264 282624 393728 409600
1 7 13 7168 12289 16393 20481 32792 32816 49160 65632 65728 98336 114688 131456 131840 196736 263680 267264 282624 344064 393728 458752
1 7 13 7168 12289 16393 20481 32792 32816 49160 65920 66304 114688 131168 131264 163872 196736 229376 263680 267264 282624 328192 344064
1 7 13 7168 12289 16393 20481 32792 32816 49160 67072 70656 86016 114688 131168 131264 163872 229376 262528 262912 328192 393344 458752
1 7 13 7168 12289 16393 20481 32792 32816 49160 67072 70656 86016 114688 131456 131840 197120 229376 262240 262336 294944 393344 425984
1 7 13 7168 12289 16393 32792 32816 32864 49160 65728 65920 98368 114688 131840 132608 196864 212992 266241 267264 278529 394240 409600
1 7 13 7168 12289 16393 32792 32816 32864 49160 65728 65920 98368 114688 131840 132608 196864 266241 267264 278529 344064 394240 458752
1 7 13 7168 12289 16393 32792 32816 32864 49160 66304 67072 114688 131264 131456 163904 196864 229376 266241 267264 278529 328704 344064
1 7 13 7168 12289 16393 32792 32816 32864 49160 69633 70656 81921 114688 131264 131456 163904 229376 262912 263680 328704 393472 458752
1 7 13 7168 12289 16393 32792 32816 32864 49160 69633 70656 81921 114688 131840 132608 197632 229376 262336 262528 294976 393472 425984
1 7 13 7168 16393 16408 32816 32864 49168 65728 65920 98368 114688 131840 132608 196864 212992 267264 270337 274432 278529 394240 409600
1 7 13 7168 16393 16408 32816 32864 49168 65728 65920 98368 114688 136192 139265 143360 147457 212992 262912 263680 327936 394240 458752
1 7 13 7168 16393 16408 32816 32864 49168 65728 65920 98368 131840 132608 180224 196864 229376 267264 270337 274432 278529 394240 409600
1 7 13 7168 16393 16408 32816 32864 49168 65728 65920 98368 131840 132608 196864 229376 267264 270337 274432 278529 311296 394240 425984
1 7 13 7168 16393 16408 32816 32864 49168 65728 65920 98368 136192 139265 143360 147457 180224 229376 262912 263680 327936 394240 458752
1 7 13 7168 16393 16408 32816 32864 49168 65728 98368 114688 131456 131840 132608 196736 212992 267264 270337 274432 278529 394240 409600
1 7 13 7168 16393 16408 32816 32864 49168 65728 98368 114688 136192 139265 143360 147457 212992 262528 262912 263680 327808 394240 458752
1 7 13 7168 16393 16408 32816 32864 49168 65728 98368 131456 131840 132608 180224 196736 229376 267264 270337 274432 278529 394240 409600
1 7 13 7168 16393 16408 32816 32864 49168 65728 98368 131456 131840 132608 196736 229376 267264 270337 274432 278529 311296 394240 425984
1 7 13 7168 16393 16408 32816 32864 49168 65728 98368 136192 139265 143360 147457 180224 229376 262528 262912 263680 327808 394240 458752
1 7 13 7168 16393 16408 32816 49168 65632 65728 98336 114688 131456 131840 132608 196736 212992 267264 270337 274432 278529 394240 409600
1 7 13 7168 16393 16408 32816 49168 65632 65728 98336 114688 131456 131840 132608 196736 267264 270337 274432 278529 344064 394240 458752
1 7 13 7168 16393 16408 32816 49168 65632 65728 98336 131456 131840 132608 180224 196736 229376 267264 270337 274432 278529 394240 409600
1 7 13 7168 16393 16408 32816 49168 65632 65728 98336 131456 131840 132608 196736 229376 267264 270337 274432 278529 311296 394240 425984
1 7 13 7168 16393 16408 32816 49168 65632 65728 98336 131456 131840 132608 196736 267264 270337 274432 278529 311296 360448 394240 458752
1 7 13 7168 16393 24577 28672 32792 32816 32864 49160 65728 65920 98368 114688 131840 132608 196864 212992 267264 282624 394240 409600
1 7 13 7168 16393 24577 28672 32792 32816 32864 49160 65728 65920 98368 114688 131840 132608 196864 267264 282624 344064 394240 458752
1 7 13 7168 16393 24577 28672 32792 32816 32864 49160 65728 65920 98368 114688 131840 196864 212992 263680 267264 282624 393728 409600
1 7 13 7168 16393 24577 28672 32792 32816 32864 49160 65728 65920 98368 114688 131840 196864 263680 267264 282624 344064 393728 458752
1 7 13 7168 16393 24577 28672 32792 32816 32864 49160 65728 98368 114688 131456 131840 196736 212992 263680 267264 282624 393728 409600
1 7 13 7168 16393 24577 28672 32792 32816 32864 49160 65728 98368 114688 131456 131840 196736 263680 267264 282624 344064 393728 458752
1 7 13 7168 16393 24577 28672 32792 32816 32864 49160 65920 66304 114688 131264 163904 196736 229376 263680 267264 282624 328192 344064
1 7 13 7168 16393 24577 28672 32792 32816 32864 49160 66304 67072 114688 131264 131456 163904 196864 229376 267264 282624 328704 344064
1 7 13 7168 16393 24577 28672 32792 32816 32864 49160 66304 114688 131264 131456 163904 196864 229376 263680 267264 282624 328192 344064
1 7 13 7168 16393 24577 28672 32792 32816 32864 49160 67072 70656 86016 114688 131264 131456 163904 229376 262912 328192 393472 458752
1 7 13 7168 16393 24577 28672 32792 32816 32864 49160 67072 70656 86016 114688 131264 163904 229376 262528 262912 328192 393344 458752
1 7 13 7168 16393 24577 28672 32792 32816 32864 49160 67072 70656 86016 114688 131456 131840 197120 229376 262336 294976 393344 425984
1 7 13 7168 16393 24577 28672 32792 32816 32864 49160 67072 70656 86016 114688 131840 197120 229376 262336 262528 294976 393472 425984
1 7 13 7168 16393 24577 28672 32792 32816 32864 49160 70656 86016 114688 131264 131456 163904 229376 262912 263680 328704 393472 458752
1 7 13 7168 16393 24577 28672 32792 32816 32864 49160 70656 86016 114688 131840 132608 197632 229376 262336 262528 294976 393472 425984
1 7 13 7168 16393 24577 28672 32792 32816 49160 65632 65728 98336 114688 131456 131840 196736 212992 263680 267264 282624 393728 409600
1 7 13 7168 16393 24577 28672 32792 32816 49160 65632 65728 98336 114688 131456 131840 196736 263680 267264 282624 344064 393728 458752
1 7 13 7168 16393 24577 28672 32792 32816 49160 65920 66304 114688 131168 131264 163872 196736 229376 263680 267264 282624 328192 344064
1 7 13 7168 16393 24577 28672 32792 32816 49160 67072 70656 86016 114688 131168 131264 163872 229376 262528 262912 328192 393344 458752
1 7 13 7168 16393 24577 28672 32792 32816 49160 67072 70656 86016 114688 131456 131840 197120 229376 262240 262336 294944 393344 425984
1 7 13 7168 16393 24577 32792 32816 32864 49160 65728 65920 98368 114688 131840 132608 196864 212992 267264 274432 286720 394240 409600
1 7 13 7168 16393 24577 32792 32816 32864 49160 65728 65920 98368 114688 131840 132608 196864 267264 274432 286720 344064 394240 458752
1 7 13 7168 16393 24577 32792 32816 32864 49160 65728 98368 114688 131456 131840 132608 196736 212992 267264 274432 286720 394240 409600
1 7 13 7168 16393 24577 32792 32816 32864 49160 65728 98368 114688 131456 131840 132608 196736 267264 274432 286720 344064 394240 458752
1 7 13 7168 16393 24577 32792 32816 32864 49160 65920 66304 67072 114688 131264 163904 196736 229376 267264 274432 286720 328704 344064
1 7 13 7168 16393 24577 32792 32816 32864 49160 66304 67072 114688 131264 131456 163904 196864 229376 267264 274432 286720 328704 344064
1 7 13 7168 16393 24577 32792 32816 32864 49160 70656 77824 90112 114688 131264 131456 163904 229376 262912 263680 328704 393472 458752
1 7 13 7168 16393 24577 32792 32816 32864 49160 70656 77824 90112 114688 131264 163904 229376 262528 262912 263680 328704 393344 458752
1 7 13 7168 16393 24577 32792 32816 32864 49160 70656 77824 90112 114688 131456 131840 132608 197632 229376 262336 294976 393344 425984
1 7 13 7168 16393 24577 32792 32816 32864 49160 70656 77824 90112 114688 131840 132608 197632 229376 262336 262528 294976 393472 425984
1 7 13 7168 16393 24577 32792 32816 49160 65632 65728 98336 114688 131456 131840 132608 196736 212992 267264 274432 286720 394240 409600
1 7 13 7168 16393 24577 32792 32816 49160 65632 65728 98336 114688 131456 131840 132608 196736 267264 274432 286720 344064 394240 458752
1 7 13 7168 16393 24577 32792 32816 49160 65920 66304 67072 114688 131168 131264 163872 196736 229376 267264 274432 286720 328704 344064
1 7 13 7168 16393 24577 32792 32816 49160 70656 77824 90112 114688 131168 131264 163872 229376 262528 262912 263680 328704 393344 458752
1 7 13 7168 16393 24577 32792 32816 49160 70656 77824 90112 114688 131456 131840 132608 197632 229376 262240 262336 294944 393344 425984
1 7 13 7168 16393 32792 32816 32864 49160 65728 65920 98368 114688 131840 132608 196864 212992 267264 270337 274432 278529 394240 409600
1 7 13 7168 16393 32792 32816 32864 49160 65728 65920 98368 114688 131840 132608 196864 267264 270337 274432 278529 344064 394240 458752
1 7 13 7168 16393 32792 32816 32864 49160 65728 98368 114688 131456 131840 132608 196736 212992 267264 270337 274432 278529 394240 409600
1 7 13 7168 16393 32792 32816 32864 49160 65728 98368 114688 131456 131840 132608 196736 267264 270337 274432 278529 344064 394240 458752
1 7 13 7168 16393 32792 32816 32864 49160 65920 66304 67072 114688 131264 163904 196736 229376 267264 270337 274432 278529 328704 344064
1 7 13 7168 16393 32792 32816 32864 49160 66304 67072 114688 131264 131456 163904 196864 229376 267264 270337 274432 278529 328704 344064
1 7 13 7168 16393 32792 32816 32864 49160 70656 73729 77824 81921 114688 131264 131456 163904 229376 262912 263680 328704 393472 458752
1 7 13 7168 16393 32792 32816 32864 49160 70656 73729 77824 81921 114688 131264 163904 229376 262528 262912 263680 328704 393344 458752
1 7 13 7168 16393 32792 32816 32864 49160 70656 73729 77824 81921 114688 131456 131840 132608 197632 229376 262336 294976 393344 425984
1 7 13 7168 16393 32792 32816 32864 49160 70656 73729 77824 81921 114688 131840 132608 197632 229376 262336 262528 294976 393472 425984
1 7 13 7168 16393 32792 32816 49160 65632 65728 98336 114688 131456 131840 132608 196736 212992 267264 270337 274432 278529 394240 409600
1 7 13 7168 16393 32792 32816 49160 65632 65728 98336 114688 131456 131840 132608 196736 267264 270337 274432 278529 344064 394240 458752
1 7 13 7168 16393 32792 32816 49160 65920 66304 67072 114688 131168 131264 163872 196736 229376 267264 270337 274432 278529 328704 344064
1 7 13 7168 16393 32792 32816 49160 70656 73729 77824 81921 114688 131168 131264 163872 229376 262528 262912 263680 328704 393344 458752
1 7 13 7168 16393 32792 32816 49160 70656 73729 77824 81921 114688 131456 131840 132608 197632 229376 262240 262336 294944 393344 425984
1 7 13 12289 16393 16408 16432 32864 32960 49184 65920 66304 98432 114688 132608 134144 197120 212992 266241 268288 278529 395264 409600
1 7 13 12289 16393 16408 16432 32864 32960 49184 65920 66304 98432 114688 132608 134144 197120 266241 268288 278529 344064 395264 458752
1 7 13 12289 16393 16408 16432 32864 32960 49184 67072 68608 114688 131456 131840 163968 197120 229376 266241 268288 278529 329728 344064
1 7 13 12289 16393 16408 16432 32864 32960 49184 69633 71680 81921 114688 131456 131840 163968 229376 263680 265216 329728 393728 458752
1 7 13 12289 16393 16408 16432 32864 32960 49184 69633 71680 81921 114688 132608 134144 198656 229376 262528 262912 295040 393728 425984
1 7 13 12289 16393 16408 32816 32864 49168 65728 65920 98368 114688 131840 132608 196864 212992 265216 266241 268288 278529 394240 409600
1 7 13 12289 16393 16408 32816 32864 49168 65728 65920 98368 114688 134144 135169 137216 147457 212992 262912 263680 327936 394240 458752
1 7 13 12289 16393 16408 32816 32864 49168 65728 65920 98368 131840 132608 180224 196864 229376 265216 266241 268288 278529 394240 409600
1 7 13 12289 16393 16408 32816 32864 49168 65728 65920 98368 131840 132608 196864 229376 265216 266241 268288 278529 311296 394240 425984
1 7 13 12289 16393 16408 32816 32864 49168 65728 65920 98368 134144 135169 137216 147457 180224 229376 262912 263680 327936 394240 458752
1 7 13 12289 16393 20481 32792 32816 32864 49160 65728 65920 98368 114688 131840 132608 196864 212992 265216 268288 282624 394240 409600
1 7 13 12289 16393 20481 32792 32816 32864 49160 65728 65920 98368 114688 131840 132608 196864 265216 268288 282624 344064 394240 458752
1 7 13 12289 16393 20481 32792 32816 32864 49160 65728 65920 98368 114688 131840 196864 212992 263680 265216 268288 282624 393728 409600
1 7 13 12289 16393 20481 32792 32816 32864 49160 65728 65920 98368 114688 131840 196864 263680 265216 268288 282624 344064 393728 458752
1 7 13 12289 16393 20481 32792 32816 32864 49160 65728 98368 114688 131456 131840 196736 212992 263680 265216 268288 282624 393728 409600
1 7 13 12289 16393 20481 32792 32816 32864 49160 65728 98368 114688 131456 131840 196736 263680 265216 268288 282624 344064 393728 458752
1 7 13 12289 16393 20481 32792 32816 32864 49160 65920 66304 114688 131264 163904 196736 229376 263680 265216 268288 282624 328192 344064
1 7 13 12289 16393 20481 32792 32816 32864 49160 66304 67072 114688 131264 131456 163904 196864 229376 265216 268288 282624 328704 344064
1 7 13 12289 16393 20481 32792 32816 32864 49160 66304 114688 131264 131456 163904 196864 229376 263680 265216 268288 282624 328192 344064
1 7 13 12289 16393 20481 32792 32816 32864 49160 67072 68608 71680 86016 114688 131264 131456 163904 229376 262912 328192 393472 458752
1 7 13 12289 16393 20481 32792 32816 32864 49160 67072 68608 71680 86016 114688 131264 163904 229376 262528 262912 328192 393344 458752
1 7 13 12289 16393 20481 32792 32816 32864 49160 67072 68608 71680 86016 114688 131456 131840 197120 229376 262336 294976 393344 425984
1 7 13 12289 16393 20481 32792 32816 32864 49160 67072 68608 71680 86016 114688 131840 197120 229376 262336 262528 294976 393472 425984
1 7 13 12289 16393 20481 32792 32816 32864 49160 68608 71680 86016 114688 131264 131456 163904 229376 262912 263680 328704 393472 458752
1 7 13 12289 16393 20481 32792 32816 32864 49160 68608 71680 86016 114688 131840 132608 197632 229376 262336 262528 294976 393472 425984
1 7 13 12289 16393 20481 32792 32816 49160 65632 65728 98336 114688 131456 131840 196736 212992 263680 265216 268288 282624 393728 409600
1 7 13 12289 16393 20481 32792 32816 49160 65632 65728 98336 114688 131456 131840 196736 263680 265216 268288 282624 344064 393728 458752
1 7 13 12289 16393 20481 32792 32816 49160 65920 66304 114688 131168 131264 163872 196736 229376 263680 265216 268288 282624 328192 344064
1 7 13 12289 16393 20481 32792 32816 49160 67072 68608 71680 86016 114688 131168 131264 163872 229376 262528 262912 328192 393344 458752
1 7 13 12289 16393 20481 32792 32816 49160 67072 68608 71680 86016 114688 131456 131840 197120 229376 262240 262336 294944 393344 425984
1 7 13 12289 16393 32792 32816 32864 49160 65728 65920 98368 114688 131840 132608 196864 212992 265216 266241 268288 278529 394240 409600
1 7 13 12289 16393 32792 32816 32864 49160 65728 65920 98368 114688 131840 132608 196864 265216 266241 268288 278529 344064 394240 458752
1 7 13 12289 16393 32792 32816 32864 49160 66304 67072 114688 131264 131456 163904 196864 229376 265216 266241 268288 278529 328704 344064
1 7 13 12289 16393 32792 32816 32864 49160 68608 69633 71680 81921 114688 131264 131456 163904 229376 262912 263680 328704 393472 458752
1 7 13 12289 16393 32792 32816 32864 49160 68608 69633 71680 81921 114688 131840 132608 197632 229376 262336 262528 294976 393472 425984
1 7 13 14336 16393 16408 24577 32816 32864 49168 65728 65920 98368 114688 131840 132608 196864 212992 265216 272384 286720 394240 409600
1 7 13 14336 16393 16408 24577 32816 32864 49168 65728 65920 98368 114688 134144 141312 155648 212992 262912 263680 327936 394240 458752
1 7 13 14336 16393 16408 24577 32816 32864 49168 65728 65920 98368 131840 132608 180224 196864 229376 265216 272384 286720 394240 409600
1 7 13 14336 16393 16408 24577 32816 32864 49168 65728 65920 98368 131840 132608 196864 229376 265216 272384 286720 311296 394240 425984
1 7 13 14336 16393 16408 24577 32816 32864 49168 65728 65920 98368 134144 141312 155648 180224 229376 262912 263680 327936 394240 458752
1 7 13 14336 16393 16408 32816 32864 49168 65728 65920 98368 114688 131840 132608 134144 196864 212992 270337 272384 278529 395264 409600
1 7 13 14336 16393 16408 32816 32864 49168 65728 65920 98368 114688 131840 132608 196864 212992 265216 270337 272384 278529 394240 409600
1 7 13 14336 16393 16408 32816 32864 49168 65728 65920 98368 114688 134144 139265 141312 147457 212992 262912 263680 327936 394240 458752
1 7 13 14336 16393 16408 32816 32864 49168 65728 65920 98368 114688 139265 141312 147457 212992 262912 263680 265216 327936 395264 458752
1 7 13 14336 16393 16408 32816 32864 49168 65728 65920 98368 131840 132608 134144 180224 196864 229376 270337 272384 278529 395264 409600
1 7 13 14336 16393 16408 32816 32864 49168 65728 65920 98368 131840 132608 134144 196864 229376 270337 272384 278529 311296 395264 425984
1 7 13 14336 16393 16408 32816 32864 49168 65728 65920 98368 131840 132608 180224 196864 229376 265216 270337 272384 278529 394240 409600
1 7 13 14336 16393 16408 32816 32864 49168 65728 65920 98368 131840 132608 196864 229376 265216 270337 272384 278529 311296 394240 425984
1 7 13 14336 16393 16408 32816 32864 49168 65728 65920 98368 134144 139265 141312 147457 180224 229376 262912 263680 327936 394240 458752
1 7 13 14336 16393 16408 32816 32864 49168 65728 65920 98368 139265 141312 147457 180224 229376 262912 263680 265216 327936 395264 458752
1 7 13 14336 16393 24577 32792 32816 32864 49160 65728 65920 98368 114688 131840 132608 134144 196864 212992 272384 286720 395264 409600
1 7 13 14336 16393 24577 32792 32816 32864 49160 65728 65920 98368 114688 131840 132608 134144 196864 272384 286720 344064 395264 458752
1 7 13 14336 16393 24577 32792 32816 32864 49160 65728 65920 98368 114688 131840 132608 196864 212992 265216 272384 286720 394240 409600
1 7 13 14336 16393 24577 32792 32816 32864 49160 65728 65920 98368 114688 131840 132608 196864 265216 272384 286720 344064 394240 458752
1 7 13 14336 16393 24577 32792 32816 32864 49160 66304 67072 68608 114688 131264 131456 163904 196864 229376 272384 286720 329728 344064
1 7 13 14336 16393 24577 32792 32816 32864 49160 66304 67072 114688 131264 131456 163904 196864 229376 265216 272384 286720 328704 344064
1 7 13 14336 16393 24577 32792 32816 32864 49160 68608 75776 90112 114688 131264 131456 163904 229376 262912 263680 328704 393472 458752
1 7 13 14336 16393 24577 32792 32816 32864 49160 68608 75776 90112 114688 131840 132608 197632 229376 262336 262528 294976 393472 425984
1 7 13 14336 16393 24577 32792 32816 32864 49160 75776 90112 114688 131264 131456 163904 229376 262912 263680 265216 329728 393472 458752
1 7 13 14336 16393 24577 32792 32816 32864 49160 75776 90112 114688 131840 132608 134144 198656 229376 262336 262528 294976 393472 425984
1 7 13 14336 16393 32792 32816 32864 49160 65728 65920 98368 114688 131840 132608 134144 196864 212992 270337 272384 278529 395264 409600
1 7 13 14336 16393 32792 32816 32864 49160 65728 65920 98368 114688 131840 132608 134144 196864 270337 272384 278529 344064 395264 458752
1 7 13 14336 16393 32792 32816 32864 49160 65728 65920 98368 114688 131840 132608 196864 212992 265216 270337 272384 278529 394240 409600
1 7 13 14336 16393 32792 32816 32864 49160 65728 65920 98368 114688 131840 132608 196864 265216 270337 272384 278529 344064 394240 458752
1 7 13 14336 16393 32792 32816 32864 49160 66304 67072 68608 114688 131264 131456 163904 196864 229376 270337 272384 278529 329728 344064
1 7 13 14336 16393 32792 32816 32864 49160 66304 67072 114688 131264 131456 163904 196864 229376 265216 270337 272384 278529 328704 344064
1 7 13 14336 16393 32792 32816 32864 49160 68608 73729 75776 81921 114688 131264 131456 163904 229376 262912 263680 328704 393472 458752
1 7 13 14336 16393 32792 32816 32864 49160 68608 73729 75776 81921 114688 131840 132608 197632 229376 262336 262528 294976 393472 425984
1 7 13 14336 16393 32792 32816 32864 49160 73729 75776 81921 114688 131264 131456 163904 229376 262912 263680 265216 329728 393472 458752
1 7 13 14336 16393 32792 32816 32864 49160 73729 75776 81921 114688 131840 132608 134144 198656 229376 262336 262528 294976 393472 425984
1 7 13 16393 16408 16432 32864 32960 33152 49184 66304 67072 98560 114688 134144 137216 197632 212992 270337 274432 278529 397312 409600
1 7 13 16393 16408 16432 32864 32960 33152 49184 66304 67072 98560 114688 134144 137216 197632 270337 274432 278529 344064 397312 458752
1 7 13 16393 16408 16432 32864 32960 33152 49184 66304 67072 98560 114688 134144 197632 212992 268288 270337 274432 278529 395264 409600
1 7 13 16393 16408 16432 32864 32960 33152 49184 66304 67072 98560 114688 134144 197632 268288 270337 274432 278529 344064 395264 458752
1 7 13 16393 16408 16432 32864 32960 33152 49184 66304 98560 114688 132608 134144 197120 212992 268288 270337 274432 278529 395264 409600
1 7 13 16393 16408 16432 32864 32960 33152 49184 66304 98560 114688 132608 134144 197120 268288 270337 274432 278529 344064 395264 458752
1 7 13 16393 16408 16432 32864 32960 33152 49184 67072 68608 114688 131840 164096 197120 229376 268288 270337 274432 278529 329728 344064
1 7 13 16393 16408 16432 32864 32960 33152 49184 68608 71680 114688 131840 132608 164096 197632 229376 270337 274432 278529 331776 344064
1 7 13 16393 16408 16432 32864 32960 33152 49184 68608 114688 131840 132608 164096 197632 229376 268288 270337 274432 278529 329728 344064
1 7 13 16393 16408 16432 32864 32960 33152 49184 71680 73729 77824 81921 114688 131840 132608 164096 229376 265216 329728 394240 458752
1 7 13 16393 16408 16432 32864 32960 33152 49184 71680 73729 77824 81921 114688 131840 164096 229376 263680 265216 329728 393728 458752
1 7 13 16393 16408 16432 32864 32960 33152 49184 71680 73729 77824 81921 114688 132608 134144 198656 229376 262912 295168 393728 425984
1 7 13 16393 16408 16432 32864 32960 33152 49184 71680 73729 77824 81921 114688 134144 198656 229376 262912 263680 295168 394240 425984
1 7 13 16393 16408 16432 32864 32960 33152 49184 73729 77824 81921 114688 131840 132608 164096 229376 265216 268288 331776 394240 458752
1 7 13 16393 16408 16432 32864 32960 33152 49184 73729 77824 81921 114688 134144 137216 200704 229376 262912 263680 295168 394240 425984
1 7 13 16393 16408 16432 32864 32960 49184 65920 66304 98432 114688 132608 134144 197120 212992 268288 270337 274432 278529 395264 409600
1 7 13 16393 16408 16432 32864 32960 49184 65920 66304 98432 114688 132608 134144 197120 268288 270337 274432 278529 344064 395264 458752
1 7 13 16393 16408 16432 32864 32960 49184 67072 68608 114688 131456 131840 163968 197120 229376 268288 270337 274432 278529 329728 344064
1 7 13 16393 16408 16432 32864 32960 49184 71680 73729 77824 81921 114688 131456 131840 163968 229376 263680 265216 329728 393728 458752
1 7 13 16393 16408 16432 32864 32960 49184 71680 73729 77824 81921 114688 132608 134144 198656 229376 262528 262912 295040 393728 425984
1 7 13 16393 16408 24577 32816 32864 32960 49168 65920 66304 98432 114688 132608 134144 197120 212992 268288 274432 286720 395264 409600
1 7 13 16393 16408 24577 32816 32864 32960 49168 65920 66304 98432 114688 132608 134144 197120 268288 274432 286720 344064 395264 458752
1 7 13 16393 16408 24577 32816 32864 32960 49168 65920 66304 98432 132608 134144 180224 197120 229376 268288 274432 286720 395264 409600
1 7 13 16393 16408 24577 32816 32864 32960 49168 65920 66304 98432 132608 134144 197120 229376 268288 274432 286720 311296 395264 425984
1 7 13 16393 16408 24577 32816 32864 32960 49168 65920 66304 98432 132608 134144 197120 268288 274432 286720 311296 360448 395264 458752
1 7 13 16393 16408 24577 32816 32864 49168 65728 65920 98368 114688 131840 132608 196864 212992 265216 268288 274432 286720 394240 409600
1 7 13 16393 16408 24577 32816 32864 49168 65728 65920 98368 114688 134144 137216 143360 155648 212992 262912 263680 327936 394240 458752
1 7 13 16393 16408 24577 32816 32864 49168 65728 65920 98368 131840 132608 180224 196864 229376 265216 268288 274432 286720 394240 409600
1 7 13 16393 16408 24577 32816 32864 49168 65728 65920 98368 131840 132608 196864 229376 265216 268288 274432 286720 311296 394240 425984
1 7 13 16393 16408 24577 32816 32864 49168 65728 65920 98368 134144 137216 143360 155648 180224 229376 262912 263680 327936 394240 458752
1 7 13 16393 16408 32816 32864 32960 49168 65920 66304 67072 98432 114688 134144 137216 197632 212992 270337 274432 278529 397312 409600
1 7 13 16393 16408 32816 32864 32960 49168 65920 66304 67072 98432 114688 134144 137216 197632 270337 274432 278529 344064 397312 458752
1 7 13 16393 16408 32816 32864 32960 49168 65920 66304 67072 98432 114688 134144 197632 212992 268288 270337 274432 278529 395264 409600
1 7 13 16393 16408 32816 32864 32960 49168 65920 66304 67072 98432 114688 134144 197632 268288 270337 274432 278529 344064 395264 458752
1 7 13 16393 16408 32816 32864 32960 49168 65920 66304 67072 98432 134144 137216 180224 197632 229376 270337 274432 278529 397312 409600
1 7 13 16393 16408 32816 32864 32960 49168 65920 66304 67072 98432 134144 137216 197632 229376 270337 274432 278529 311296 397312 425984
1 7 13 16393 16408 32816 32864 32960 49168 65920 66304 67072 98432 134144 137216 197632 270337 274432 278529 311296 360448 397312 458752
1 7 13 16393 16408 32816 32864 32960 49168 65920 66304 67072 98432 134144 180224 197632 229376 268288 270337 274432 278529 395264 409600
1 7 13 16393 16408 32816 32864 32960 49168 65920 66304 67072 98432 134144 197632 229376 268288 270337 274432 278529 311296 395264 425984
1 7 13 16393 16408 32816 32864 32960 49168 65920 66304 67072 98432 134144 197632 268288 270337 274432 278529 311296 360448 395264 458752
1 7 13 16393 16408 32816 32864 32960 49168 65920 66304 98432 114688 132608 134144 197120 212992 268288 270337 274432 278529 395264 409600
1 7 13 16393 16408 32816 32864 32960 49168 65920 66304 98432 114688 132608 134144 197120 268288 270337 274432 278529 344064 395264 458752
1 7 13 16393 16408 32816 32864 32960 49168 65920 66304 98432 132608 134144 180224 197120 229376 268288 270337 274432 278529 395264 409600
1 7 13 16393 16408 32816 32864 32960 49168 65920 66304 98432 132608 134144 197120 229376 268288 270337 274432 278529 311296 395264 425984
1 7 13 16393 16408 32816 32864 32960 49168 65920 66304 98432 132608 134144 197120 268288 270337 274432 278529 311296 360448 395264 458752
1 7 13 16393 16408 32816 32864 49168 65728 65920 66304 98368 114688 132608 134144 137216 197120 212992 270337 274432 278529 397312 409600
1 7 13 16393 16408 32816 32864 49168 65728 65920 66304 98368 114688 132608 134144 197120 212992 268288 270337 274432 278529 395264 409600
1 7 13 16393 16408 32816 32864 49168 65728 65920 66304 98368 114688 137216 139265 143360 147457 212992 263680 265216 328192 395264 458752
1 7 13 16393 16408 32816 32864 49168 65728 65920 66304 98368 114688 139265 143360 147457 212992 263680 265216 268288 328192 397312 458752
1 7 13 16393 16408 32816 32864 49168 65728 65920 66304 98368 132608 134144 137216 180224 197120 229376 270337 274432 278529 397312 409600
1 7 13 16393 16408 32816 32864 49168 65728 65920 66304 98368 132608 134144 137216 197120 229376 270337 274432 278529 311296 397312 425984
1 7 13 16393 16408 32816 32864 49168 65728 65920 66304 98368 132608 134144 180224 197120 229376 268288 270337 274432 278529 395264 409600
1 7 13 16393 16408 32816 32864 49168 65728 65920 66304 98368 132608 134144 197120 229376 268288 270337 274432 278529 311296 395264 425984
1 7 13 16393 16408 32816 32864 49168 65728 65920 66304 98368 137216 139265 143360 147457 180224 229376 263680 265216 328192 395264 458752
1 7 13 16393 16408 32816 32864 49168 65728 65920 66304 98368 139265 143360 147457 180224 229376 263680 265216 268288 328192 397312 458752
1 7 13 16393 16408 32816 32864 49168 65728 65920 98368 114688 131840 132608 134144 196864 212992 268288 270337 274432 278529 395264 409600
1 7 13 16393 16408 32816 32864 49168 65728 65920 98368 114688 131840 132608 196864 212992 265216 268288 270337 274432 278529 394240 409600
1 7 13 16393 16408 32816 32864 49168 65728 65920 98368 114688 134144 137216 139265 143360 147457 212992 262912 263680 327936 394240 458752
1 7 13 16393 16408 32816 32864 49168 65728 65920 98368 114688 137216 139265 143360 147457 212992 262912 263680 265216 327936 395264 458752
1 7 13 16393 16408 32816 32864 49168 65728 65920 98368 131840 132608 134144 180224 196864 229376 268288 270337 274432 278529 395264 409600
1 7 13 16393 16408 32816 32864 49168 65728 65920 98368 131840 132608 134144 196864 229376 268288 270337 274432 278529 311296 395264 425984
1 7 13 16393 16408 32816 32864 49168 65728 65920 98368 131840 132608 180224 196864 229376 265216 268288 270337 274432 278529 394240 409600
1 7 13 16393 16408 32816 32864 49168 65728 65920 98368 131840 132608 196864 229376 265216 268288 270337 274432 278529 311296 394240 425984
1 7 13 16393 16408 32816 32864 49168 65728 65920 98368 134144 137216 139265 143360 147457 180224 229376 262912 263680 327936 394240 458752
1 7 13 16393 16408 32816 32864 49168 65728 65920 98368 137216 139265 143360 147457 180224 229376 262912 263680 265216 327936 395264 458752
1 7 13 16393 16408 32816 32864 49168 65728 98368 114688 131456 131840 132608 196736 212992 265216 268288 270337 274432 278529 394240 409600
1 7 13 16393 16408 32816 32864 49168 65728 98368 114688 134144 137216 139265 143360 147457 212992 262528 262912 263680 327808 394240 458752
1 7 13 16393 16408 32816 32864 49168 65728 98368 131456 131840 132608 180224 196736 229376 265216 268288 270337 274432 278529 394240 409600
1 7 13 16393 16408 32816 32864 49168 65728 98368 131456 131840 132608 196736 229376 265216 268288 270337 274432 278529 311296 394240 425984
1 7 13 16393 16408 32816 32864 49168 65728 98368 134144 137216 139265 143360 147457 180224 229376 262528 262912 263680 327808 394240 458752
1 7 13 16393 16408 32816 49168 65632 65728 65920 98336 114688 131840 132608 134144 196864 212992 268288 270337 274432 278529 395264 409600
1 7 13 16393 16408 32816 49168 65632 65728 65920 98336 114688 131840 132608 134144 196864 268288 270337 274432 278529 344064 395264 458752
1 7 13 16393 16408 32816 49168 65632 65728 65920 98336 131840 132608 134144 180224 196864 229376 268288 270337 274432 278529 395264 409600
1 7 13 16393 16408 32816 49168 65632 65728 65920 98336 131840 132608 134144 196864 229376 268288 270337 274432 278529 311296 395264 425984
1 7 13 16393 16408 32816 49168 65632 65728 65920 98336 131840 132608 134144 196864 268288 270337 274432 278529 311296 360448 395264 458752
1 7 13 16393 16408 32816 49168 65632 65728 98336 114688 131456 131840 132608 196736 212992 265216 268288 270337 274432 278529 394240 409600
1 7 13 16393 16408 32816 49168 65632 65728 98336 114688 131456 131840 132608 196736 265216 268288 270337 274432 278529 344064 394240 458752
1 7 13 16393 16408 32816 49168 65632 65728 98336 131456 131840 132608 180224 196736 229376 265216 268288 270337 274432 278529 394240 409600
1 7 13 16393 16408 32816 49168 65632 65728 98336 131456 131840 132608 196736 229376 265216 268288 270337 274432 278529 311296 394240 425984
1 7 13 16393 16408 32816 49168 65632 65728 98336 131456 131840 132608 196736 265216 268288 270337 274432 278529 311296 360448 394240 458752
1 7 13 16393 24577 28672 32792 32816 32864 49160 65728 65920 98368 114688 131840 132608 196864 212992 265216 268288 282624 394240 409600
1 7 13 16393 24577 28672 32792 32816 32864 49160 65728 65920 98368 114688 131840 132608 196864 265216 268288 282624 344064 394240 458752
1 7 13 16393 24577 28672 32792 32816 32864 49160 65728 65920 98368 114688 131840 196864 212992 263680 265216 268288 282624 393728 409600
1 7 13 16393 24577 28672 32792 32816 32864 49160 65728 65920 98368 114688 131840 196864 263680 265216 268288 282624 344064 393728 458752
1 7 13 16393 24577 28672 32792 32816 32864 49160 65728 98368 114688 131456 131840 196736 212992 263680 265216 268288 282624 393728 409600
1 7 13 16393 24577 28672 32792 32816 32864 49160 65728 98368 114688 131456 131840 196736 263680 265216 268288 282624 344064 393728 458752
1 7 13 16393 24577 28672 32792 32816 32864 49160 65920 66304 114688 131264 163904 196736 229376 263680 265216 268288 282624 328192 344064
1 7 13 16393 24577 28672 32792 32816 32864 49160 66304 67072 114688 131264 131456 163904 196864 229376 265216 268288 282624 328704 344064
1 7 13 16393 24577 28672 32792 32816 32864 49160 66304 114688 131264 131456 163904 196864 229376 263680 265216 268288 282624 328192 344064
1 7 13 16393 24577 28672 32792 32816 32864 49160 67072 68608 71680 86016 114688 131264 131456 163904 229376 262912 328192 393472 458752
1 7 13 16393 24577 28672 32792 32816 32864 49160 67072 68608 71680 86016 114688 131264 163904 229376 262528 262912 328192 393344 458752
1 7 13 16393 24577 28672 32792 32816 32864 49160 67072 68608 71680 86016 114688 131456 131840 197120 229376 262336 294976 393344 425984
1 7 13 16393 24577 28672 32792 32816 32864 49160 67072 68608 71680 86016 114688 131840 197120 229376 262336 262528 294976 393472 425984
1 7 13 16393 24577 28672 32792 32816 32864 49160 68608 71680 86016 114688 131264 131456 163904 229376 262912 263680 328704 393472 458752
1 7 13 16393 24577 28672 32792 32816 32864 49160 68608 71680 86016 114688 131840 132608 197632 229376 262336 262528 294976 393472 425984
1 7 13 16393 24577 28672 32792 32816 49160 65632 65728 98336 114688 131456 131840 196736 212992 263680 265216 268288 282624 393728 409600
1 7 13 16393 24577 28672 32792 32816 49160 65632 65728 98336 114688 131456 131840 196736 263680 265216 268288 282624 344064 393728 458752
1 7 13 16393 24577 28672 32792 32816 49160 65920 66304 114688 131168 131264 163872 196736 229376 263680 265216 268288 282624 328192 344064
1 7 13 16393 24577 28672 32792 32816 49160 67072 68608 71680 86016 114688 131168 131264 163872 229376 262528 262912 328192 393344 458752
1 7 13 16393 24577 28672 32792 32816 49160 67072 68608 71680 86016 114688 131456 131840 197120 229376 262240 262336 294944 393344 425984
1 7 13 16393 24577 32792 32816 32864 32960 49160 65920 66304 67072 98432 114688 134144 137216 197632 212992 274432 286720 397312 409600
1 7 13 16393 24577 32792 32816 32864 32960 49160 65920 66304 67072 98432 114688 134144 137216 197632 274432 286720 344064 397312 458752
1 7 13 16393 24577 32792 32816 32864 32960 49160 65920 66304 67072 98432 114688 134144 197632 212992 268288 274432 286720 395264 409600
1 7 13 16393 24577 32792 32816 32864 32960 49160 65920 66304 67072 98432 114688 134144 197632 268288 274432 286720 344064 395264 458752
1 7 13 16393 24577 32792 32816 32864 32960 49160 65920 66304 98432 114688 132608 134144 197120 212992 268288 274432 286720 395264 409600
1 7 13 16393 24577 32792 32816 32864 32960 49160 65920 66304 98432 114688 132608 134144 197120 268288 274432 286720 344064 395264 458752
1 7 13 16393 24577 32792 32816 32864 32960 49160 67072 68608 114688 131456 131840 163968 197120 229376 268288 274432 286720 329728 344064
1 7 13 16393 24577 32792 32816 32864 32960 49160 68608 71680 114688 131456 131840 132608 163968 197632 229376 274432 286720 331776 344064
1 7 13 16393 24577 32792 32816 32864 32960 49160 68608 114688 131456 131840 132608 163968 197632 229376 268288 274432 286720 329728 344064
1 7 13 16393 24577 32792 32816 32864 32960 49160 71680 77824 90112 114688 131456 131840 132608 163968 229376 265216 329728 394240 458752
1 7 13 16393 24577 32792 32816 32864 32960 49160 71680 77824 90112 114688 131456 131840 163968 229376 263680 265216 329728 393728 458752
1 7 13 16393 24577 32792 32816 32864 32960 49160 71680 77824 90112 114688 132608 134144 198656 229376 262528 262912 295040 393728 425984
1 7 13 16393 24577 32792 32816 32864 32960 49160 71680 77824 90112 114688 134144 198656 229376 262528 262912 263680 295040 394240 425984
1 7 13 16393 24577 32792 32816 32864 32960 49160 77824 90112 114688 131456 131840 132608 163968 229376 265216 268288 331776 394240 458752
1 7 13 16393 24577 32792 32816 32864 32960 49160 77824 90112 114688 134144 137216 200704 229376 262528 262912 263680 295040 394240 425984
1 7 13 16393 24577 32792 32816 32864 49160 65728 65920 66304 98368 114688 132608 134144 137216 197120 212992 274432 286720 397312 409600
1 7 13 16393 24577 32792 32816 32864 49160 65728 65920 66304 98368 114688 132608 134144 137216 197120 274432 286720 344064 397312 458752
1 7 13 16393 24577 32792 32816 32864 49160 65728 65920 66304 98368 114688 132608 134144 197120 212992 268288 274432 286720 395264 409600
1 7 13 16393 24577 32792 32816 32864 49160 65728 65920 66304 98368 114688 132608 134144 197120 268288 274432 286720 344064 395264 458752
1 7 13 16393 24577 32792 32816 32864 49160 65728 65920 98368 114688 131840 132608 134144 196864 212992 268288 274432 286720 395264 409600
1 7 13 16393 24577 32792 32816 32864 49160 65728 65920 98368 114688 131840 132608 134144 196864 268288 274432 286720 344064 395264 458752
1 7 13 16393 24577 32792 32816 32864 49160 65728 65920 98368 114688 131840 132608 196864 212992 265216 268288 274432 286720 394240 409600
1 7 13 16393 24577 32792 32816 32864 49160 65728 65920 98368 114688 131840 132608 196864 265216 268288 274432 286720 344064 394240 458752
1 7 13 16393 24577 32792 32816 32864 49160 65728 98368 114688 131456 131840 132608 196736 212992 265216 268288 274432 286720 394240 409600
1 7 13 16393 24577 32792 32816 32864 49160 65728 98368 114688 131456 131840 132608 196736 265216 268288 274432 286720 344064 394240 458752
1 7 13 16393 24577 32792 32816 32864 49160 65920 66304 67072 114688 131264 163904 196736 229376 265216 268288 274432 286720 328704 344064
1 7 13 16393 24577 32792 32816 32864 49160 66304 67072 68608 114688 131264 131456 163904 196864 229376 268288 274432 286720 329728 344064
1 7 13 16393 24577 32792 32816 32864 49160 66304 67072 114688 131264 131456 163904 196864 229376 265216 268288 274432 286720 328704 344064
1 7 13 16393 24577 32792 32816 32864 49160 67072 68608 71680 114688 131264 131456 131840 163904 197120 229376 274432 286720 331776 344064
1 7 13 16393 24577 32792 32816 32864 49160 67072 68608 114688 131264 131456 131840 163904 197120 229376 268288 274432 286720 329728 344064
1 7 13 16393 24577 32792 32816 32864 49160 68608 71680 77824 90112 114688 131264 131456 163904 229376 262912 263680 328704 393472 458752
1 7 13 16393 24577 32792 32816 32864 49160 68608 71680 77824 90112 114688 131264 163904 229376 262528 262912 263680 328704 393344 458752
1 7 13 16393 24577 32792 32816 32864 49160 68608 71680 77824 90112 114688 131456 131840 132608 197632 229376 262336 294976 393344 425984
1 7 13 16393 24577 32792 32816 32864 49160 68608 71680 77824 90112 114688 131840 132608 197632 229376 262336 262528 294976 393472 425984
1 7 13 16393 24577 32792 32816 32864 49160 71680 77824 90112 114688 131264 131456 131840 163904 229376 263680 265216 329728 393728 458752
1 7 13 16393 24577 32792 32816 32864 49160 71680 77824 90112 114688 131264 131456 163904 229376 262912 263680 265216 329728 393472 458752
1 7 13 16393 24577 32792 32816 32864 49160 71680 77824 90112 114688 131840 132608 134144 198656 229376 262336 262528 294976 393472 425984
1 7 13 16393 24577 32792 32816 32864 49160 71680 77824 90112 114688 132608 134144 198656 229376 262336 262528 262912 294976 393728 425984
1 7 13 16393 24577 32792 32816 32864 49160 77824 90112 114688 131264 131456 131840 163904 229376 263680 265216 268288 331776 393728 458752
1 7 13 16393 24577 32792 32816 32864 49160 77824 90112 114688 132608 134144 137216 200704 229376 262336 262528 262912 294976 393728 425984
1 7 13 16393 24577 32792 32816 49160 65632 65728 65920 98336 114688 131840 132608 134144 196864 212992 268288 274432 286720 395264 409600
1 7 13 16393 24577 32792 32816 49160 65632 65728 65920 98336 114688 131840 132608 134144 196864 268288 274432 286720 344064 395264 458752
1 7 13 16393 24577 32792 32816 49160 65632 65728 98336 114688 131456 131840 132608 196736 212992 265216 268288 274432 286720 394240 409600
1 7 13 16393 24577 32792 32816 49160 65632 65728 98336 114688 131456 131840 132608 196736 265216 268288 274432 286720 344064 394240 458752
1 7 13 16393 24577 32792 32816 49160 65920 66304 67072 114688 131168 131264 163872 196736 229376 265216 268288 274432 286720 328704 344064
1 7 13 16393 24577 32792 32816 49160 66304 67072 68608 114688 131168 131264 131456 163872 196864 229376 268288 274432 286720 329728 344064
1 7 13 16393 24577 32792 32816 49160 68608 71680 77824 90112 114688 131168 131264 163872 229376 262528 262912 263680 328704 393344 458752
1 7 13 16393 24577 32792 32816 49160 68608 71680 77824 90112 114688 131456 131840 132608 197632 229376 262240 262336 294944 393344 425984
1 7 13 16393 24577 32792 32816 49160 71680 77824 90112 114688 131168 131264 131456 163872 229376 262912 263680 265216 329728 393472 458752
1 7 13 16393 24577 32792 32816 49160 71680 77824 90112 114688 131840 132608 134144 198656 229376 262240 262336 262528 294944 393472 425984
1 7 13 16393 32792 32816 32864 32960 49160 65920 66304 67072 98432 114688 134144 137216 197632 212992 270337 274432 278529 397312 409600
1 7 13 16393 32792 32816 32864 32960 49160 65920 66304 67072 98432 114688 134144 137216 197632 270337 274432 278529 344064 397312 458752
1 7 13 16393 32792 32816 32864 32960 49160 65920 66304 67072 98432 114688 134144 197632 212992 268288 270337 274432 278529 395264 409600
1 7 13 16393 32792 32816 32864 32960 49160 65920 66304 67072 98432 114688 134144 197632 268288 270337 274432 278529 344064 395264 458752
1 7 13 16393 32792 32816 32864 32960 49160 65920 66304 98432 114688 132608 134144 197120 212992 268288 270337 274432 278529 395264 409600
1 7 13 16393 32792 32816 32864 32960 49160 65920 66304 98432 114688 132608 134144 197120 268288 270337 274432 278529 344064 395264 458752
1 7 13 16393 32792 32816 32864 32960 49160 67072 68608 114688 131456 131840 163968 197120 229376 268288 270337 274432 278529 329728 344064
1 7 13 16393 32792 32816 32864 32960 49160 68608 71680 114688 131456 131840 132608 163968 197632 229376 270337 274432 278529 331776 344064
1 7 13 16393 32792 32816 32864 32960 49160 68608 114688 131456 131840 132608 163968 197632 229376 268288 270337 274432 278529 329728 344064
1 7 13 16393 32792 32816 32864 32960 49160 71680 73729 77824 81921 114688 131456 131840 132608 163968 229376 265216 329728 394240 458752
1 7 13 16393 32792 32816 32864 32960 49160 71680 73729 77824 81921 114688 131456 131840 163968 229376 263680 265216 329728 393728 458752
1 7 13 16393 32792 32816 32864 32960 49160 71680 73729 77824 81921 114688 132608 134144 198656 229376 262528 262912 295040 393728 425984
1 7 13 16393 32792 32816 32864 32960 49160 71680 73729 77824 81921 114688 134144 198656 229376 262528 262912 263680 295040 394240 425984
1 7 13 16393 32792 32816 32864 32960 49160 73729 77824 81921 114688 131456 131840 132608 163968 229376 265216 268288 331776 394240 458752
1 7 13 16393 32792 32816 32864 32960 49160 73729 77824 81921 114688 134144 137216 200704 229376 262528 262912 263680 295040 394240 425984
1 7 13 16393 32792 32816 32864 49160 65728 65920 66304 98368 114688 132608 134144 137216 197120 212992 270337 274432 278529 397312 409600
1 7 13 16393 32792 32816 32864 49160 65728 65920 66304 98368 114688 132608 134144 137216 197120 270337 274432 278529 344064 397312 458752
1 7 13 16393 32792 32816 32864 49160 65728 65920 66304 98368 114688 132608 134144 197120 212992 268288 270337 274432 278529 395264 409600
1 7 13 16393 32792 32816 32864 49160 65728 65920 66304 98368 114688 132608 134144 197120 268288 270337 274432 278529 344064 395264 458752
1 7 13 16393 32792 32816 32864 49160 65728 65920 98368 114688 131840 132608 134144 196864 212992 268288 270337 274432 278529 395264 409600
1 7 13 16393 32792 32816 32864 49160 65728 65920 98368 114688 131840 132608 134144 196864 268288 270337 274432 278529 344064 395264 458752
1 7 13 16393 32792 32816 32864 49160 65728 65920 98368 114688 131840 132608 196864 212992 265216 268288 270337 274432 278529 394240 409600
1 7 13 16393 32792 32816 32864 49160 65728 65920 98368 114688 131840 132608 196864 265216 268288 270337 274432 278529 344064 394240 458752
1 7 13 16393 32792 32816 32864 49160 65728 98368 114688 131456 131840 132608 196736 212992 265216 268288 270337 274432 278529 394240 409600
1 7 13 16393 32792 32816 32864 49160 65728 98368 114688 131456 131840 132608 196736 265216 268288 270337 274432 278529 344064 394240 458752
1 7 13 16393 32792 32816 32864 49160 65920 66304 67072 114688 131264 163904 196736 229376 265216 268288 270337 274432 278529 328704 344064
1 7 13 16393 32792 32816 32864 49160 66304 67072 68608 114688 131264 131456 163904 196864 229376 268288 270337 274432 278529 329728 344064
1 7 13 16393 32792 32816 32864 49160 66304 67072 114688 131264 131456 163904 196864 229376 265216 268288 270337 274432 278529 328704 344064
1 7 13 16393 32792 32816 32864 49160 67072 68608 71680 114688 131264 131456 131840 163904 197120 229376 270337 274432 278529 331776 344064
1 7 13 16393 32792 32816 32864 49160 67072 68608 114688 131264 131456 131840 163904 197120 229376 268288 270337 274432 278529 329728 344064
1 7 13 16393 32792 32816 32864 49160 68608 71680 73729 77824 81921 114688 131264 131456 163904 229376 262912 263680 328704 393472 458752
1 7 13 16393 32792 32816 32864 49160 68608 71680 73729 77824 81921 114688 131264 163904 229376 262528 262912 263680 328704 393344 458752
1 7 13 16393 32792 32816 32864 49160 68608 71680 73729 77824 81921 114688 131456 131840 132608 197632 229376 262336 294976 393344 425984
1 7 13 16393 32792 32816 32864 49160 68608 71680 73729 77824 81921 114688 131840 132608 197632 229376 262336 262528 294976 393472 425984
1 7 13 16393 32792 32816 32864 49160 71680 73729 77824 81921 114688 131264 131456 131840 163904 229376 263680 265216 329728 393728 458752
1 7 13 16393 32792 32816 32864 49160 71680 73729 77824 81921 114688 131264 131456 163904 229376 262912 263680 265216 329728 393472 458752
1 7 13 16393 32792 32816 32864 49160 71680 73729 77824 81921 114688 131840 132608 134144 198656 229376 262336 262528 294976 393472 425984
1 7 13 16393 32792 32816 32864 49160 71680 73729 77824 81921 114688 132608 134144 198656 229376 262336 262528 262912 294976 393728 425984
1 7 13 16393 32792 32816 32864 49160 73729 77824 81921 114688 131264 131456 131840 163904 229376 263680 265216 268288 331776 393728 458752
1 7 13 16393 32792 32816 32864 49160 73729 77824 81921 114688 132608 134144 137216 200704 229376 262336 262528 262912 294976 393728 425984
1 7 13 16393 32792 32816 49160 65632 65728 65920 98336 114688 131840 132608 134144 196864 212992 268288 270337 274432 278529 395264 409600
1 7 13 16393 32792 32816 49160 65632 65728 65920 98336 114688 131840 132608 134144 196864 268288 270337 274432 278529 344064 395264 458752
1 7 13 16393 32792 32816 49160 65632 65728 98336 114688 131456 131840 132608 196736 212992 265216 268288 270337 274432 278529 394240 409600
1 7 13 16393 32792 32816 49160 65632 65728 98336 114688 131456 131840 132608 196736 265216 268288 270337 274432 278529 344064 394240 458752
1 7 13 16393 32792 32816 49160 65920 66304 67072 114688 131168 131264 163872 196736 229376 265216 268288 270337 274432 278529 328704 344064
1 7 13 16393 32792 32816 49160 66304 67072 68608 114688 131168 131264 131456 163872 196864 229376 268288 270337 274432 278529 329728 344064
1 7 13 16393 32792 32816 49160 68608 71680 73729 77824 81921 114688 131168 131264 163872 229376 262528 262912 263680 328704 393344 458752
1 7 13 16393 32792 32816 49160 68608 71680 73729 77824 81921 114688 131456 131840 132608 197632 229376 262240 262336 294944 393344 425984
1 7 13 16393 32792 32816 49160 71680 73729 77824 81921 114688 131168 131264 131456 163872 229376 262912 263680 265216 329728 393472 458752
1 7 13 16393 32792 32816 49160 71680 73729 77824 81921 114688 131840 132608 134144 198656 229376 262240 262336 262528 294944 393472 425984
1 7 28 112 448 16389 16404 38912 40961 45056 49153 65616 65856 81936 114688 131840 132608 134144 165888 229376 327936 393472 458752
1 7 28 112 448 16389 16404 38912 40961 45056 49153 65616 65856 81936 114688 131840 132608 134144 196864 229376 296960 395264 425984
1 7 28 112 448 16389 16404 38912 40961 45056 49153 65616 65856 81936 114688 131840 132608 165888 196864 229376 265216 394240 395264
1 7 28 112 448 16389 16404 38912 40961 45056 49153 65616 65856 81936 114688 131840 132608 196864 229376 265216 296960 394240 425984
1 7 28 112 448 16389 16404 38912 40961 45056 49153 65616 65856 81936 114688 131840 134144 165888 196864 229376 263680 393728 394240
1 7 28 112 448 16389 16404 38912 40961 45056 49153 65616 65856 81936 114688 131840 165888 196864 229376 263680 265216 393728 395264
1 7 28 112 448 16389 16404 38912 40961 45056 49153 65616 65856 81936 114688 131840 196864 229376 263680 265216 296960 393728 425984
1 7 28 112 448 16389 16404 38912 40961 45056 49153 65616 65856 81936 114688 132608 134144 165888 196864 229376 262912 393472 393728
1 7 28 112 448 16389 16404 38912 40961 45056 49153 65616 65856 81936 114688 132608 134144 165888 229376 262912 327936 393728 458752
1 7 28 112 448 16389 16404 38912 40961 45056 49153 65616 65856 81936 114688 134144 165888 196864 229376 262912 263680 393472 394240
1 7 28 112 448 16389 16404 38912 40961 45056 49153 65616 65856 81936 114688 134144 165888 229376 262912 263680 327936 394240 458752
1 7 28 112 448 16389 16404 38912 40961 45056 49153 65616 65856 81936 114688 165888 196864 229376 262912 263680 265216 393472 395264
1 7 28 112 448 16389 16404 38912 40961 45056 49153 65616 65856 81936 114688 165888 229376 262912 263680 265216 327936 395264 458752
1 7 28 112 448 16389 16404 38912 40961 45056 49153 65616 65856 81936 114688 196864 229376 262912 263680 265216 296960 393472 425984
1 7 28 112 448 16389 16404 38912 40961 45056 49153 65616 65856 81936 114688 229376 262912 263680 265216 296960 327936 425984 458752
1 7 28 112 448 16389 16404 38912 40961 45056 49153 65616 65856 114688 131840 132608 134144 165888 196864 229376 278544 327696 344064
1 7 28 112 448 16389 16404 38912 40961 45056 49153 65616 81936 114688 131392 131840 196672 229376 263680 265216 296960 393728 425984
1 7 28 112 448 16389 16404 38912 40961 45056 49153 65616 81936 114688 131392 196672 229376 262912 263680 265216 296960 393472 425984
1 7 28 112 448 16389 16404 38912 40961 45056 49153 65616 81936 114688 131840 132608 134144 165888 196864 229376 262464 327744 327936
1 7 28 112 448 16389 16404 38912 40961 45056 49153 65616 81936 114688 131840 132608 134144 165888 229376 262464 327744 393472 458752
1 7 28 112 448 16389 16404 38912 40961 45056 49153 65616 81936 114688 132608 134144 165888 229376 262464 262912 327744 393728 458752
1 7 28 112 448 16389 16404 38912 40961 45056 49153 65856 66304 114688 132608 134144 165888 197120 229376 262224 278544 327744 344064
1 7 28 112 448 16389 16404 38912 40961 45056 49153 65856 81936 114688 131840 132608 134144 165888 196864 229376 262224 327696 327744
1 7 28 112 448 16389 16404 38912 40961 45056 49153 65856 114688 131840 132608 134144 165888 196864 229376 262224 278544 327744 344064
1 7 28 112 448 16389 16404 38912 40961 45056 49153 66304 67072 68608 100352 114688 131152 131392 147472 196864 344064 409600 458752
1 7 28 112 448 16389 16404 38912 40961 45056 49153 66304 67072 68608 100352 114688 131152 131392 196864 278544 344064 393232 458752
1 7 28 112 448 16389 16404 38912 40961 45056 49153 66304 67072 68608 100352 114688 131152 147472 196864 212992 262464 393280 393472
1 7 28 112 448 16389 16404 38912 40961 45056 49153 66304 67072 68608 100352 114688 131392 147472 196864 212992 262224 393232 393280
1 7 28 112 448 16389 16404 38912 40961 45056 49153 66304 67072 68608 100352 114688 131392 196864 212992 262224 278544 393280 409600
1 7 28 112 448 16389 16404 38912 40961 45056 49153 66304 67072 68608 100352 114688 131392 196864 262224 278544 344064 393280 458752
1 7 28 112 448 16389 16404 38912 40961 45056 49153 66304 67072 68608 100352 114688 147472 196864 212992 262224 262464 393232 393472
1 7 28 112 448 16389 16404 38912 40961 45056 49153 66304 67072 68608 100352 114688 196864 212992 262224 262464 278544 393472 409600
1 7 28 112 448 16389 16404 38912 40961 45056 49153 66304 67072 68608 100352 114688 196864 262224 262464 278544 344064 393472 458752
1 7 28 112 448 16389 16404 38912 40961 45056 49153 66304 67072 100352 114688 134144 197632 198656 262224 262464 278544 327936 344064
1 7 28 112 448 16389 16404 38912 40961 45056 49153 66304 67072 114688 134144 165888 197632 229376 262224 262464 278544 327936 344064
1 7 28 112 448 16389 16404 38912 40961 45056 49153 66304 68608 100352 114688 132608 197120 197632 262224 262464 278544 327936 344064
1 7 28 112 448 16389 16404 38912 40961 45056 49153 66304 100352 114688 132608 134144 197120 198656 262224 262464 278544 327936 344064
1 7 28 112 448 16389 16404 38912 40961 45056 49153 66304 114688 132608 134144 165888 197120 229376 262224 262464 278544 327936 344064
1 7 28 112 448 16389 16404 38912 40961 45056 49153 67072 68608 100352 114688 131392 131840 197120 212992 262224 278544 393280 409600
1 7 28 112 448 16389 16404 38912 40961 45056 49153 67072 68608 100352 114688 131392 131840 197120 262224 278544 344064 393280 458752
1 7 28 112 448 16389 16404 38912 40961 45056 49153 67072 68608 100352 114688 131840 196864 197120 262224 262464 278544 327936 344064
1 7 28 112 448 16389 16404 38912 40961 45056 49153 67072 68608 100352 114688 131840 197120 212992 262224 262464 278544 393472 409600
1 7 28 112 448 16389 16404 38912 40961 45056 49153 67072 68608 100352 114688 131840 197120 262224 262464 278544 344064 393472 458752
1 7 28 112 448 16389 16404 38912 40961 45056 49153 68608 100352 114688 131840 132608 196864 197632 262224 262464 278544 327936 344064
1 7 28 112 448 16389 16404 38912 40961 45056 49153 68608 100352 114688 131840 132608 197632 212992 262224 262464 278544 393472 409600
1 7 28 112 448 16389 16404 38912 40961 45056 49153 68608 100352 114688 131840 132608 197632 262224 262464 278544 344064 393472 458752
1 7 28 112 448 16389 16404 38912 40961 45056 49153 81936 114688 131840 132608 134144 165888 196864 229376 262224 262464 327696 327936
2 7 28 112 448 16389 16404 38912 40961 45056 49153 81936 114688 131840 132608 134144 165888 229376 262224 262464 327696 393472 458752
1 7 28 112 448 16389 16404 38912 40961 45056 49153 100352 114688 131840 132608 134144 196864 198656 262224 262464 278544 327936 344064
2 7 28 112 448 16389 16404 38912 40961 45056 49153 100352 114688 131840 132608 134144 198656 262224 262464 278544 344064 393472 458752
1 7 28 112 448 16389 16404 38912 40961 45056 49153 114688 131840 132608 134144 165888 196864 229376 262224 262464 278544 327936 344064
2 7 28 112 448 16389 16404 38912 40961 45056 49153 114688 131840 132608 134144 165888 229376 262224 262464 278544 344064 393472 458752
1 7 28 112 448 16389 16404 40961 45056 49153 65616 65856 81936 114688 131840 132608 196864 229376 265216 268288 299008 394240 425984
1 7 28 112 448 16389 16404 40961 45056 49153 65616 65856 81936 114688 134144 137216 167936 229376 262912 263680 327936 394240 458752
2 7 28 112 448 16389 16404 40961 45056 49153 68608 71680 102400 114688 131840 132608 197632 262224 262464 278544 344064 393472 458752
1 7 28 112 448 16389 24577 38912 45056 57344 66304 67072 68608 100352 114688 131092 131152 147460 212992 262464 327936 393280 458752
1 7 28 112 448 16389 24577 38912 45056 57344 66304 67072 68608 100352 114688 131392 196864 212992 262164 262224 278532 393280 409600
1 7 28 112 448 16389 24577 38912 45056 57344 66304 67072 68608 100352 131092 131152 147460 180224 229376 262464 327936 393280 458752
1 7 28 112 448 16389 24577 38912 45056 57344 66304 67072 68608 100352 131392 180224 196864 229376 262164 262224 278532 393280 409600
1 7 28 112 448 16389 24577 38912 45056 57344 66304 67072 68608 100352 131392 196864 229376 262164 262224 278532 311296 393280 425984
1 7 28 112 448 16389 24577 38912 45056 57344 67072 68608 100352 114688 131092 131152 147460 212992 262464 262912 328192 393280 458752
1 7 28 112 448 16389 24577 38912 45056 57344 67072 68608 100352 114688 131392 131840 197120 212992 262164 262224 278532 393280 409600
2 7 28 112 448 16389 24577 38912 45056 57344 67072 68608 100352 131092 131152 147460 180224 229376 262464 262912 328192 393280 458752
1 7 28 112 448 16389 38912 40961 45056 49153 65556 65616 81924 114688 131392 196672 229376 262912 263680 265216 296960 393472 425984
2 7 28 112 448 16389 38912 40961 45056 49153 65556 65616 81924 114688 131840 132608 134144 165888 229376 262464 327744 393472 458752
1 7 28 112 448 16389 38912 40961 45056 49153 65856 114688 131840 132608 134144 165888 196864 229376 262164 262224 278532 327744 344064
1 7 28 112 896 16389 16404 40961 45056 49153 65616 65728 81936 114688 131712 132608 196736 229376 265216 268288 299008 394240 425984
1 7 28 112 896 16389 16404 40961 45056 49153 65616 65728 81936 114688 131712 196736 229376 263680 265216 268288 299008 393728 425984
1 7 28 112 896 16389 16404 40961 45056 49153 65616 65728 81936 114688 132608 134144 137216 167936 229376 262784 327808 393728 458752
1 7 28 112 896 16389 16404 40961 45056 49153 65616 65728 81936 114688 134144 137216 167936 229376 262784 263680 327808 394240 458752
1 7 28 112 896 16389 16404 40961 45056 49153 65616 81936 114688 131264 131712 196672 229376 263680 265216 268288 299008 393728 425984
1 7 28 112 896 16389 16404 40961 45056 49153 65616 81936 114688 132608 134144 137216 167936 229376 262336 262784 327744 393728 458752
1 7 28 112 896 16389 16404 40961 45056 49153 65728 66176 114688 132608 134144 137216 167936 197120 229376 262224 278544 327744 344064
1 7 28 112 896 16389 16404 40961 45056 49153 66176 67072 114688 134144 137216 167936 197632 229376 262224 262336 278544 327808 344064
1 7 28 112 896 16389 16404 40961 45056 49153 66176 114688 132608 134144 137216 167936 197120 229376 262224 262336 278544 327808 344064
1 7 28 112 896 16389 16404 40961 45056 49153 67072 68608 71680 102400 114688 131264 131712 197120 212992 262224 278544 393280 409600
1 7 28 112 896 16389 16404 40961 45056 49153 67072 68608 71680 102400 114688 131264 131712 197120 262224 278544 344064 393280 458752
1 7 28 112 896 16389 16404 40961 45056 49153 67072 68608 71680 102400 114688 131712 197120 212992 262224 262336 278544 393344 409600
1 7 28 112 896 16389 16404 40961 45056 49153 67072 68608 71680 102400 114688 131712 197120 262224 262336 278544 344064 393344 458752
1 7 28 112 896 16389 16404 40961 45056 49153 68608 71680 102400 114688 131712 132608 197632 212992 262224 262336 278544 393344 409600
1 7 28 112 896 16389 16404 40961 45056 49153 68608 71680 102400 114688 131712 132608 197632 262224 262336 278544 344064 393344 458752
1 7 28 112 896 16389 24577 38912 45056 57344 67072 68608 100352 114688 131092 131152 131264 147460 212992 262784 328192 393344 458752
1 7 28 112 896 16389 24577 38912 45056 57344 67072 68608 100352 114688 131092 131152 147460 212992 262336 262784 328192 393280 458752
1 7 28 112 896 16389 24577 38912 45056 57344 67072 68608 100352 114688 131264 131712 197120 212992 262164 262224 278532 393280 409600
1 7 28 112 896 16389 24577 38912 45056 57344 67072 68608 100352 114688 131712 197120 212992 262164 262224 262336 278532 393344 409600
1 7 28 112 896 16389 24577 38912 45056 57344 67072 68608 100352 131092 131152 131264 147460 180224 229376 262784 328192 393344 458752
1 7 28 112 896 16389 24577 38912 45056 57344 67072 68608 100352 131092 131152 147460 180224 229376 262336 262784 328192 393280 458752
1 7 28 112 896 16389 24577 38912 45056 57344 67072 68608 100352 131264 131712 180224 197120 229376 262164 262224 278532 393280 409600
1 7 28 112 896 16389 24577 38912 45056 57344 67072 68608 100352 131264 131712 197120 229376 262164 262224 278532 311296 393280 425984
1 7 28 112 896 16389 24577 38912 45056 57344 67072 68608 100352 131712 180224 197120 229376 262164 262224 262336 278532 393344 409600
1 7 28 112 896 16389 24577 38912 45056 57344 67072 68608 100352 131712 197120 229376 262164 262224 262336 278532 311296 393344 425984
1 7 28 112 896 16389 24577 38912 45056 57344 68608 100352 114688 131092 131152 131264 147460 212992 262784 263680 328704 393344 458752
1 7 28 112 896 16389 24577 38912 45056 57344 68608 100352 114688 131712 132608 197632 212992 262164 262224 262336 278532 393344 409600
1 7 28 112 896 16389 24577 38912 45056 57344 68608 100352 131092 131152 131264 147460 180224 229376 262784 263680 328704 393344 458752
1 7 28 112 896 16389 24577 38912 45056 57344 68608 100352 131712 132608 180224 197632 229376 262164 262224 262336 278532 393344 409600
1 7 28 112 896 16389 24577 38912 45056 57344 68608 100352 131712 132608 197632 229376 262164 262224 262336 278532 311296 393344 425984
1 7 28 112 896 16389 24577 45056 57344 67072 68608 71680 102400 114688 131264 131712 197120 212992 262164 262224 278532 393280 409600
1 7 28 112 896 16389 24577 45056 57344 67072 68608 71680 102400 114688 131264 131712 197120 262164 262224 278532 344064 393280 458752
1 7 28 112 896 16389 24577 45056 57344 67072 68608 71680 102400 131264 131712 180224 197120 229376 262164 262224 278532 393280 409600
1 7 28 112 896 16389 24577 45056 57344 67072 68608 71680 102400 131264 131712 197120 229376 262164 262224 278532 311296 393280 425984
1 7 28 112 896 16389 24577 45056 57344 67072 68608 71680 102400 131264 131712 197120 262164 262224 278532 311296 360448 393280 458752
1 7 28 112 896 16389 24577 45056 57344 68608 71680 102400 114688 131712 132608 197632 212992 262164 262224 262336 278532 393344 409600
1 7 28 112 896 16389 24577 45056 57344 68608 71680 102400 114688 131712 132608 197632 262164 262224 262336 278532 344064 393344 458752
1 7 28 112 896 16389 24577 45056 57344 68608 71680 102400 131712 132608 180224 197632 229376 262164 262224 262336 278532 393344 409600
1 7 28 112 896 16389 24577 45056 57344 68608 71680 102400 131712 132608 197632 229376 262164 262224 262336 278532 311296 393344 425984
1 7 28 112 896 16389 24577 45056 57344 68608 71680 102400 131712 132608 197632 262164 262224 262336 278532 311296 360448 393344 458752
1 7 28 112 896 16389 40961 45056 49153 65556 65616 65728 81924 114688 131712 132608 196736 229376 265216 268288 299008 394240 425984
1 7 28 112 896 16389 40961 45056 49153 65556 65616 65728 81924 114688 134144 137216 167936 229376 262784 263680 327808 394240 458752
1 7 28 112 896 16389 40961 45056 49153 65556 65616 81924 114688 131264 131712 196672 229376 263680 265216 268288 299008 393728 425984
1 7 28 112 896 16389 40961 45056 49153 65556 65616 81924 114688 132608 134144 137216 167936 229376 262336 262784 327744 393728 458752
1 7 28 112 896 16389 40961 45056 49153 65728 66176 114688 132608 134144 137216 167936 197120 229376 262164 262224 278532 327744 344064
1 7 28 112 896 16389 40961 45056 49153 66176 67072 114688 134144 137216 167936 197632 229376 262164 262224 262336 278532 327808 344064
1 7 28 112 896 16389 40961 45056 49153 67072 68608 71680 102400 114688 131264 131712 197120 212992 262164 262224 278532 393280 409600
1 7 28 112 896 16389 40961 45056 49153 67072 68608 71680 102400 114688 131264 131712 197120 262164 262224 278532 344064 393280 458752
1 7 28 112 896 16389 40961 45056 49153 68608 71680 102400 114688 131712 132608 197632 212992 262164 262224 262336 278532 393344 409600
1 7 28 112 896 16389 40961 45056 49153 68608 71680 102400 114688 131712 132608 197632 262164 262224 262336 278532 344064 393344 458752
1 7 28 112 1792 16389 16404 40961 45056 49153 65616 65728 65920 81936 114688 132352 134144 196864 229376 268288 299008 395264 425984
1 7 28 112 1792 16389 16404 40961 45056 49153 65616 65728 65920 81936 114688 132352 196864 229376 265216 268288 299008 394240 425984
1 7 28 112 1792 16389 16404 40961 45056 49153 65616 65728 65920 81936 114688 134144 137216 167936 229376 263424 327936 394240 458752
1 7 28 112 1792 16389 16404 40961 45056 49153 65616 65728 65920 81936 114688 137216 167936 229376 263424 265216 327936 395264 458752
1 7 28 112 1792 16389 16404 40961 45056 49153 65616 65728 81936 114688 131456 132352 196736 229376 265216 268288 299008 394240 425984
1 7 28 112 1792 16389 16404 40961 45056 49153 65616 65728 81936 114688 134144 137216 167936 229376 262528 263424 327808 394240 458752
1 7 28 112 1792 16389 16404 40961 45056 49153 65920 66816 114688 134144 137216 167936 197632 229376 262224 262336 278544 327808 344064
1 7 28 112 1792 16389 16404 40961 45056 49153 66816 68608 114688 137216 167936 198656 229376 262224 262336 262528 278544 327936 344064
1 7 28 112 1792 16389 16404 40961 45056 49153 66816 114688 134144 137216 167936 197632 229376 262224 262336 262528 278544 327936 344064
1 7 28 112 1792 16389 16404 40961 45056 49153 68608 71680 102400 114688 131456 132352 197632 212992 262224 262336 278544 393344 409600
1 7 28 112 1792 16389 16404 40961 45056 49153 68608 71680 102400 114688 131456 132352 197632 262224 262336 278544 344064 393344 458752
1 7 28 112 1792 16389 16404 40961 45056 49153 68608 71680 102400 114688 132352 197632 212992 262224 262336 262528 278544 393472 409600
1 7 28 112 1792 16389 16404 40961 45056 49153 68608 71680 102400 114688 132352 197632 262224 262336 262528 278544 344064 393472 458752
1 7 28 112 1792 16389 16404 40961 45056 49153 71680 102400 114688 132352 134144 198656 212992 262224 262336 262528 278544 393472 409600
1 7 28 112 1792 16389 16404 40961 45056 49153 71680 102400 114688 132352 134144 198656 262224 262336 262528 278544 344064 393472 458752
1 7 28 112 1792 16389 16404 40961 49153 65616 65728 65920 81936 114688 132352 134144 196864 229376 268288 274432 303104 395264 425984
1 7 28 112 1792 16389 16404 40961 49153 65616 65728 65920 81936 114688 137216 143360 172032 229376 263424 265216 327936 395264 458752
1 7 28 112 1792 16389 16404 40961 49153 65616 65728 81936 114688 131456 132352 196736 229376 265216 268288 274432 303104 394240 425984
1 7 28 112 1792 16389 16404 40961 49153 65616 65728 81936 114688 134144 137216 143360 172032 229376 262528 263424 327808 394240 458752
1 7 28 112 1792 16389 16404 40961 49153 65920 66816 114688 134144 137216 143360 172032 197632 229376 262224 262336 278544 327808 344064
1 7 28 112 1792 16389 16404 40961 49153 66816 68608 114688 137216 143360 172032 198656 229376 262224 262336 262528 278544 327936 344064
1 7 28 112 1792 16389 16404 40961 49153 68608 71680 77824 106496 114688 131456 132352 197632 212992 262224 262336 278544 393344 409600
1 7 28 112 1792 16389 16404 40961 49153 68608 71680 77824 106496 114688 131456 132352 197632 262224 262336 278544 344064 393344 458752
1 7 28 112 1792 16389 16404 40961 49153 71680 77824 106496 114688 132352 134144 198656 212992 262224 262336 262528 278544 393472 409600
1 7 28 112 1792 16389 16404 40961 49153 71680 77824 106496 114688 132352 134144 198656 262224 262336 262528 278544 344064 393472 458752
1 7 28 112 1792 16389 24577 35840 38912 45056 57344 65920 66816 99328 114688 131152 131264 196736 212992 262164 278532 393232 409600
1 7 28 112 1792 16389 24577 35840 38912 45056 57344 65920 66816 99328 114688 131152 131264 196736 262164 278532 344064 393232 458752
1 7 28 112 1792 16389 24577 35840 38912 45056 57344 65920 66816 99328 114688 131264 196736 212992 262164 262224 278532 393280 409600
1 7 28 112 1792 16389 24577 35840 38912 45056 57344 65920 66816 99328 114688 131264 196736 262164 262224 278532 344064 393280 458752
1 7 28 112 1792 16389 24577 35840 38912 45056 57344 65920 66816 99328 131152 131264 180224 196736 229376 262164 278532 393232 409600
1 7 28 112 1792 16389 24577 35840 38912 45056 57344 65920 66816 99328 131152 131264 196736 229376 262164 278532 311296 393232 425984
1 7 28 112 1792 16389 24577 35840 38912 45056 57344 65920 66816 99328 131152 131264 196736 262164 278532 311296 360448 393232 458752
1 7 28 112 1792 16389 24577 35840 38912 45056 57344 65920 66816 99328 131264 180224 196736 229376 262164 262224 278532 393280 409600
1 7 28 112 1792 16389 24577 35840 38912 45056 57344 65920 66816 99328 131264 196736 229376 262164 262224 278532 311296 393280 425984
1 7 28 112 1792 16389 24577 35840 38912 45056 57344 65920 66816 99328 131264 196736 262164 262224 278532 311296 360448 393280 458752
1 7 28 112 1792 16389 24577 35840 38912 45056 57344 66816 99328 114688 131264 131456 196864 212992 262164 262224 278532 393280 409600
1 7 28 112 1792 16389 24577 35840 38912 45056 57344 66816 99328 114688 131264 131456 196864 262164 262224 278532 344064 393280 458752
1 7 28 112 1792 16389 24577 35840 38912 45056 57344 66816 99328 131264 131456 180224 196864 229376 262164 262224 278532 393280 409600
1 7 28 112 1792 16389 24577 35840 38912 45056 57344 66816 99328 131264 131456 196864 229376 262164 262224 278532 311296 393280 425984
1 7 28 112 1792 16389 24577 35840 38912 45056 57344 66816 99328 131264 131456 196864 262164 262224 278532 311296 360448 393280 458752
1 7 28 112 1792 16389 24577 38912 45056 57344 66816 68608 100352 114688 131092 131152 147460 212992 262336 262528 327936 393280 458752
1 7 28 112 1792 16389 24577 38912 45056 57344 66816 68608 100352 114688 131092 147460 212992 262224 262336 262528 327936 393232 458752
1 7 28 112 1792 16389 24577 38912 45056 57344 66816 68608 100352 114688 131152 131264 131456 196864 212992 262164 278532 393232 409600
1 7 28 112 1792 16389 24577 38912 45056 57344 66816 68608 100352 114688 131264 131456 196864 212992 262164 262224 278532 393280 409600
1 7 28 112 1792 16389 24577 38912 45056 57344 66816 68608 100352 131092 131152 147460 180224 229376 262336 262528 327936 393280 458752
1 7 28 112 1792 16389 24577 38912 45056 57344 66816 68608 100352 131092 147460 180224 229376 262224 262336 262528 327936 393232 458752
1 7 28 112 1792 16389 24577 38912 45056 57344 66816 68608 100352 131152 131264 131456 180224 196864 229376 262164 278532 393232 409600
1 7 28 112 1792 16389 24577 38912 45056 57344 66816 68608 100352 131152 131264 131456 196864 229376 262164 278532 311296 393232 425984
1 7 28 112 1792 16389 24577 38912 45056 57344 66816 68608 100352 131264 131456 180224 196864 229376 262164 262224 278532 393280 409600
1 7 28 112 1792 16389 24577 38912 45056 57344 66816 68608 100352 131264 131456 196864 229376 262164 262224 278532 311296 393280 425984
1 7 28 112 3584 16389 16404 38912 40961 45056 49153 65616 65728 81936 114688 131456 131840 196736 229376 264704 296960 393728 425984
1 7 28 112 3584 16389 16404 38912 40961 45056 49153 65616 65728 81936 114688 131456 196736 229376 262912 264704 296960 393472 425984
1 7 28 112 3584 16389 16404 38912 40961 45056 49153 65616 65728 81936 114688 131840 133632 165888 229376 262528 327808 393472 458752
1 7 28 112 3584 16389 16404 38912 40961 45056 49153 65616 65728 81936 114688 133632 165888 229376 262528 262912 327808 393728 458752
1 7 28 112 3584 16389 16404 38912 40961 45056 49153 65616 81936 114688 131264 131456 131840 196672 229376 264704 296960 393728 425984
1 7 28 112 3584 16389 16404 38912 40961 45056 49153 65616 81936 114688 131264 131456 196672 229376 262912 264704 296960 393472 425984
1 7 28 112 3584 16389 16404 38912 40961 45056 49153 65616 81936 114688 131840 133632 165888 229376 262336 262528 327744 393472 458752
1 7 28 112 3584 16389 16404 38912 40961 45056 49153 65616 81936 114688 133632 165888 229376 262336 262528 262912 327744 393728 458752
1 7 28 112 3584 16389 16404 38912 40961 45056 49153 65728 65920 66304 114688 133632 165888 197120 229376 262224 278544 327744 344064
1 7 28 112 3584 16389 16404 38912 40961 45056 49153 65728 65920 114688 131840 133632 165888 196864 229376 262224 278544 327744 344064
1 7 28 112 3584 16389 16404 38912 40961 45056 49153 65920 66304 114688 133632 165888 197120 229376 262224 262336 278544 327808 344064
1 7 28 112 3584 16389 16404 38912 40961 45056 49153 65920 114688 131840 133632 165888 196864 229376 262224 262336 278544 327808 344064
1 7 28 112 3584 16389 16404 38912 40961 45056 49153 66304 68096 100352 114688 131264 131456 196864 212992 262224 278544 393280 409600
1 7 28 112 3584 16389 16404 38912 40961 45056 49153 66304 68096 100352 114688 131264 131456 196864 262224 278544 344064 393280 458752
1 7 28 112 3584 16389 16404 38912 40961 45056 49153 66304 68096 100352 114688 131456 196864 212992 262224 262336 278544 393344 409600
1 7 28 112 3584 16389 16404 38912 40961 45056 49153 66304 68096 100352 114688 131456 196864 262224 262336 278544 344064 393344 458752
1 7 28 112 3584 16389 16404 38912 40961 45056 49153 68096 100352 114688 131264 131456 131840 197120 212992 262224 278544 393280 409600
1 7 28 112 3584 16389 16404 38912 40961 45056 49153 68096 100352 114688 131264 131456 131840 197120 262224 278544 344064 393280 458752
1 7 28 112 3584 16389 16404 38912 40961 45056 49153 68096 100352 114688 131456 131840 197120 212992 262224 262336 278544 393344 409600
1 7 28 112 3584 16389 16404 38912 40961 45056 49153 68096 100352 114688 131456 131840 197120 262224 262336 278544 344064 393344 458752
1 7 28 112 3584 16389 16404 40961 45056 49153 65616 65728 81936 114688 131456 131840 196736 229376 264704 268288 299008 393728 425984
1 7 28 112 3584 16389 16404 40961 45056 49153 65616 65728 81936 114688 133632 137216 167936 229376 262528 262912 327808 393728 458752
1 7 28 112 3584 16389 16404 40961 45056 49153 65616 81936 114688 131264 131456 131840 196672 229376 264704 268288 299008 393728 425984
1 7 28 112 3584 16389 16404 40961 45056 49153 65616 81936 114688 133632 137216 167936 229376 262336 262528 262912 327744 393728 458752
1 7 28 112 3584 16389 16404 40961 45056 49153 65728 65920 66304 114688 133632 137216 167936 197120 229376 262224 278544 327744 344064
1 7 28 112 3584 16389 16404 40961 45056 49153 65920 66304 114688 133632 137216 167936 197120 229376 262224 262336 278544 327808 344064
1 7 28 112 3584 16389 16404 40961 45056 49153 68096 71680 102400 114688 131264 131456 131840 197120 212992 262224 278544 393280 409600
1 7 28 112 3584 16389 16404 40961 45056 49153 68096 71680 102400 114688 131264 131456 131840 197120 262224 278544 344064 393280 458752
1 7 28 112 3584 16389 16404 40961 45056 49153 68096 71680 102400 114688 131456 131840 197120 212992 262224 262336 278544 393344 409600
1 7 28 112 3584 16389 16404 40961 45056 49153 68096 71680 102400 114688 131456 131840 197120 262224 262336 278544 344064 393344 458752
1 7 28 112 16389 16404 24577 35840 38912 45056 57344 66304 67072 99328 114688 131264 131456 196864 212992 262224 278544 393280 409600
1 7 28 112 16389 16404 24577 35840 38912 45056 57344 66304 67072 99328 114688 131264 131456 196864 262224 278544 344064 393280 458752
1 7 28 112 16389 16404 24577 35840 38912 45056 57344 66304 67072 99328 114688 131456 196864 212992 262224 262336 278544 393344 409600
1 7 28 112 16389 16404 24577 35840 38912 45056 57344 66304 67072 99328 114688 131456 196864 262224 262336 278544 344064 393344 458752
1 7 28 112 16389 16404 24577 35840 38912 45056 57344 66304 67072 99328 131264 131456 180224 196864 229376 262224 278544 393280 409600
1 7 28 112 16389 16404 24577 35840 38912 45056 57344 66304 67072 99328 131264 131456 196864 229376 262224 278544 311296 393280 425984
1 7 28 112 16389 16404 24577 35840 38912 45056 57344 66304 67072 99328 131264 131456 196864 262224 278544 311296 360448 393280 458752
1 7 28 112 16389 16404 24577 35840 38912 45056 57344 66304 67072 99328 131456 180224 196864 229376 262224 262336 278544 393344 409600
1 7 28 112 16389 16404 24577 35840 38912 45056 57344 66304 67072 99328 131456 196864 229376 262224 262336 278544 311296 393344 425984
1 7 28 112 16389 16404 24577 35840 38912 45056 57344 66304 67072 99328 131456 196864 262224 262336 278544 311296 360448 393344 458752
1 7 28 112 16389 16404 24577 35840 38912 45056 57344 67072 99328 114688 131456 131840 197120 212992 262224 262336 278544 393344 409600
1 7 28 112 16389 16404 24577 35840 38912 45056 57344 67072 99328 114688 131456 131840 197120 262224 262336 278544 344064 393344 458752
1 7 28 112 16389 16404 24577 35840 38912 45056 57344 67072 99328 131456 131840 180224 197120 229376 262224 262336 278544 393344 409600
1 7 28 112 16389 16404 24577 35840 38912 45056 57344 67072 99328 131456 131840 197120 229376 262224 262336 278544 311296 393344 425984
1 7 28 112 16389 16404 24577 35840 38912 45056 57344 67072 99328 131456 131840 197120 262224 262336 278544 311296 360448 393344 458752
1 7 28 112 16389 16404 24577 38912 45056 57344 67072 68608 100352 114688 131152 131264 147472 212992 262528 262912 328192 393344 458752
1 7 28 112 16389 16404 24577 38912 45056 57344 67072 68608 100352 114688 131456 131840 197120 212992 262224 262336 278544 393344 409600
1 7 28 112 16389 16404 24577 38912 45056 57344 67072 68608 100352 131152 131264 147472 180224 229376 262528 262912 328192 393344 458752
1 7 28 112 16389 16404 24577 38912 45056 57344 67072 68608 100352 131456 131840 180224 197120 229376 262224 262336 278544 393344 409600
1 7 28 112 16389 16404 24577 38912 45056 57344 67072 68608 100352 131456 131840 197120 229376 262224 262336 278544 311296 393344 425984
1 7 28 112 16389 16404 38912 40961 45056 49153 65616 65728 65920 81936 114688 131840 132608 134144 165888 229376 327936 393472 458752
1 7 28 112 16389 16404 38912 40961 45056 49153 65616 65728 65920 81936 114688 131840 132608 134144 196864 229376 296960 395264 425984
1 7 28 112 16389 16404 38912 40961 45056 49153 65616 65728 65920 81936 114688 131840 132608 165888 196864 229376 265216 394240 395264
1 7 28 112 16389 16404 38912 40961 45056 49153 65616 65728 65920 81936 114688 131840 132608 196864 229376 265216 296960 394240 425984
1 7 28 112 16389 16404 38912 40961 45056 49153 65616 65728 65920 81936 114688 131840 134144 165888 196864 229376 263680 393728 394240
1 7 28 112 16389 16404 38912 40961 45056 49153 65616 65728 65920 81936 114688 131840 165888 196864 229376 263680 265216 393728 395264
1 7 28 112 16389 16404 38912 40961 45056 49153 65616 65728 65920 81936 114688 131840 196864 229376 263680 265216 296960 393728 425984
1 7 28 112 16389 16404 38912 40961 45056 49153 65616 65728 65920 81936 114688 132608 134144 165888 196864 229376 262912 393472 393728
1 7 28 112 16389 16404 38912 40961 45056 49153 65616 65728 65920 81936 114688 132608 134144 165888 229376 262912 327936 393728 458752
1 7 28 112 16389 16404 38912 40961 45056 49153 65616 65728 65920 81936 114688 134144 165888 196864 229376 262912 263680 393472 394240
1 7 28 112 16389 16404 38912 40961 45056 49153 65616 65728 65920 81936 114688 134144 165888 229376 262912 263680 327936 394240 458752
1 7 28 112 16389 16404 38912 40961 45056 49153 65616 65728 65920 81936 114688 165888 196864 229376 262912 263680 265216 393472 395264
1 7 28 112 16389 16404 38912 40961 45056 49153 65616 65728 65920 81936 114688 165888 229376 262912 263680 265216 327936 395264 458752
1 7 28 112 16389 16404 38912 40961 45056 49153 65616 65728 65920 81936 114688 196864 229376 262912 263680 265216 296960 393472 425984
1 7 28 112 16389 16404 38912 40961 45056 49153 65616 65728 65920 81936 114688 229376 262912 263680 265216 296960 327936 425984 458752
1 7 28 112 16389 16404 38912 40961 45056 49153 65616 65728 65920 114688 131840 132608 134144 165888 196864 229376 278544 327696 344064
1 7 28 112 16389 16404 38912 40961 45056 49153 65616 65728 81936 114688 131456 131840 132608 196736 229376 265216 296960 394240 425984
1 7 28 112 16389 16404 38912 40961 45056 49153 65616 65728 81936 114688 131456 131840 196736 229376 263680 265216 296960 393728 425984
1 7 28 112 16389 16404 38912 40961 45056 49153 65616 65728 81936 114688 131456 196736 229376 262912 263680 265216 296960 393472 425984
1 7 28 112 16389 16404 38912 40961 45056 49153 65616 65728 81936 114688 131840 132608 134144 165888 196864 229376 262528 327808 327936
1 7 28 112 16389 16404 38912 40961 45056 49153 65616 65728 81936 114688 131840 132608 134144 165888 229376 262528 327808 393472 458752
1 7 28 112 16389 16404 38912 40961 45056 49153 65616 65728 81936 114688 132608 134144 165888 229376 262528 262912 327808 393728 458752
1 7 28 112 16389 16404 38912 40961 45056 49153 65616 65728 81936 114688 134144 165888 229376 262528 262912 263680 327808 394240 458752
1 7 28 112 16389 16404 38912 40961 45056 49153 65616 65856 81936 114688 131840 132608 134144 165888 196864 229376 262336 262464 262528
1 7 28 112 16389 16404 38912 40961 45056 49153 65616 65920 81936 114688 131840 132608 134144 165888 196864 229376 262336 327744 327808
1 7 28 112 16389 16404 38912 40961 45056 49153 65616 81936 114688 131264 131456 131840 196672 229376 263680 265216 296960 393728 425984
1 7 28 112 16389 16404 38912 40961 45056 49153 65616 81936 114688 131264 131456 196672 229376 262912 263680 265216 296960 393472 425984
1 7 28 112 16389 16404 38912 40961 45056 49153 65616 81936 114688 131840 132608 134144 165888 196864 229376 262336 262528 327744 327936
1 7 28 112 16389 16404 38912 40961 45056 49153 65616 81936 114688 131840 132608 134144 165888 229376 262336 262528 327744 393472 458752
1 7 28 112 16389 16404 38912 40961 45056 49153 65616 81936 114688 132608 134144 165888 229376 262336 262528 262912 327744 393728 458752
1 7 28 112 16389 16404 38912 40961 45056 49153 65728 65920 66304 114688 132608 134144 165888 197120 229376 262224 278544 327744 344064
1 7 28 112 16389 16404 38912 40961 45056 49153 65728 65920 81936 114688 131840 132608 134144 165888 196864 229376 262224 327696 327744
1 7 28 112 16389 16404 38912 40961 45056 49153 65728 65920 114688 131840 132608 134144 165888 196864 229376 262224 278544 327744 344064
1 7 28 112 16389 16404 38912 40961 45056 49153 65920 66304 67072 114688 134144 165888 197632 229376 262224 262336 278544 327808 344064
1 7 28 112 16389 16404 38912 40961 45056 49153 65920 66304 114688 132608 134144 165888 197120 229376 262224 262336 278544 327808 344064
1 7 28 112 16389 16404 38912 40961 45056 49153 65920 81936 114688 131840 132608 134144 165888 196864 229376 262224 262336 327696 327808
1 7 28 112 16389 16404 38912 40961 45056 49153 65920 114688 131840 132608 134144 165888 196864 229376 262224 262336 278544 327808 344064
1 7 28 112 16389 16404 38912 40961 45056 49153 66304 67072 68608 100352 114688 131152 131264 131456 147472 196864 344064 409600 458752
1 7 28 112 16389 16404 38912 40961 45056 49153 66304 67072 68608 100352 114688 131152 131264 131456 196864 212992 278544 393232 409600
1 7 28 112 16389 16404 38912 40961 45056 49153 66304 67072 68608 100352 114688 131152 131264 131456 196864 278544 344064 393232 458752
1 7 28 112 16389 16404 38912 40961 45056 49153 66304 67072 68608 100352 114688 131152 131264 147472 196864 212992 262528 393344 393472
1 7 28 112 16389 16404 38912 40961 45056 49153 66304 67072 68608 100352 114688 131152 131392 147472 196864 212992 262336 262464 262528
1 7 28 112 16389 16404 38912 40961 45056 49153 66304 67072 68608 100352 114688 131152 131456 147472 196864 212992 262336 393280 393344
1 7 28 112 16389 16404 38912 40961 45056 49153 66304 67072 68608 100352 114688 131152 147472 196864 212992 262336 262528 393280 393472
1 7 28 112 16389 16404 38912 40961 45056 49153 66304 67072 68608 100352 114688 131264 131456 147472 196864 212992 262224 393232 393280
1 7 28 112 16389 16404 38912 40961 45056 49153 66304 67072 68608 100352 114688 131264 131456 196864 212992 262224 278544 393280 409600
1 7 28 112 16389 16404 38912 40961 45056 49153 66304 67072 68608 100352 114688 131264 131456 196864 262224 278544 344064 393280 458752
1 7 28 112 16389 16404 38912 40961 45056 49153 66304 67072 68608 100352 114688 131456 147472 196864 212992 262224 262336 393232 393344
1 7 28 112 16389 16404 38912 40961 45056 49153 66304 67072 68608 100352 114688 131456 196864 212992 262224 262336 278544 393344 409600
1 7 28 112 16389 16404 38912 40961 45056 49153 66304 67072 68608 100352 114688 131456 196864 262224 262336 278544 344064 393344 458752
1 7 28 112 16389 16404 38912 40961 45056 49153 66304 67072 68608 100352 114688 147472 196864 212992 262224 262336 262528 393232 393472
1 7 28 112 16389 16404 38912 40961 45056 49153 66304 67072 68608 100352 114688 196864 212992 262224 262336 262528 278544 393472 409600
1 7 28 112 16389 16404 38912 40961 45056 49153 66304 67072 68608 100352 114688 196864 262224 262336 262528 278544 344064 393472 458752
1 7 28 112 16389 16404 38912 40961 45056 49153 66304 67072 68608 114688 165888 198656 229376 262224 262336 262528 278544 327936 344064
1 7 28 112 16389 16404 38912 40961 45056 49153 66304 67072 100352 114688 134144 197632 198656 262224 262336 262528 278544 327936 344064
1 7 28 112 16389 16404 38912 40961 45056 49153 66304 67072 114688 134144 165888 197632 229376 262224 262336 262528 278544 327936 344064
1 7 28 112 16389 16404 38912 40961 45056 49153 66304 68608 100352 114688 132608 197120 197632 262224 262336 262528 278544 327936 344064
1 7 28 112 16389 16404 38912 40961 45056 49153 66304 100352 114688 132608 134144 197120 198656 262224 262336 262528 278544 327936 344064
1 7 28 112 16389 16404 38912 40961 45056 49153 66304 114688 132608 134144 165888 197120 229376 262224 262336 262528 278544 327936 344064
1 7 28 112 16389 16404 38912 40961 45056 49153 67072 68608 100352 114688 131264 131456 131840 197120 212992 262224 278544 393280 409600
1 7 28 112 16389 16404 38912 40961 45056 49153 67072 68608 100352 114688 131264 131456 131840 197120 262224 278544 344064 393280 458752
1 7 28 112 16389 16404 38912 40961 45056 49153 67072 68608 100352 114688 131456 131840 197120 212992 262224 262336 278544 393344 409600
1 7 28 112 16389 16404 38912 40961 45056 49153 67072 68608 100352 114688 131456 131840 197120 262224 262336 278544 344064 393344 458752
1 7 28 112 16389 16404 38912 40961 45056 49153 67072 68608 100352 114688 131840 196864 197120 262224 262336 262528 278544 327936 344064
1 7 28 112 16389 16404 38912 40961 45056 49153 67072 68608 100352 114688 131840 197120 212992 262224 262336 262528 278544 393472 409600
1 7 28 112 16389 16404 38912 40961 45056 49153 67072 68608 100352 114688 131840 197120 262224 262336 262528 278544 344064 393472 458752
1 7 28 112 16389 16404 38912 40961 45056 49153 68608 100352 114688 131456 131840 132608 197632 212992 262224 262336 278544 393344 409600
1 7 28 112 16389 16404 38912 40961 45056 49153 68608 100352 114688 131456 131840 132608 197632 262224 262336 278544 344064 393344 458752
1 7 28 112 16389 16404 38912 40961 45056 49153 68608 100352 114688 131840 132608 196864 197632 262224 262336 262528 278544 327936 344064
1 7 28 112 16389 16404 38912 40961 45056 49153 68608 100352 114688 131840 132608 197632 212992 262224 262336 262528 278544 393472 409600
1 7 28 112 16389 16404 38912 40961 45056 49153 68608 100352 114688 131840 132608 197632 262224 262336 262528 278544 344064 393472 458752
1 7 28 112 16389 16404 38912 40961 45056 49153 81936 114688 131152 131264 131456 196624 229376 262912 263680 265216 296960 393472 425984
1 7 28 112 16389 16404 38912 40961 45056 49153 81936 114688 131840 132608 134144 165888 196864 229376 262224 262336 262528 327696 327936
1 7 28 112 16389 16404 38912 40961 45056 49153 81936 114688 131840 132608 134144 165888 229376 262224 262336 262528 327696 393472 458752
1 7 28 112 16389 16404 38912 40961 45056 49153 100352 114688 131840 132608 134144 196864 198656 262224 262336 262528 278544 327936 344064
1 7 28 112 16389 16404 38912 40961 45056 49153 100352 114688 131840 132608 134144 198656 212992 262224 262336 262528 278544 393472 409600
1 7 28 112 16389 16404 38912 40961 45056 49153 100352 114688 131840 132608 134144 198656 262224 262336 262528 278544 344064 393472 458752
1 7 28 112 16389 16404 38912 40961 45056 49153 114688 131152 131264 131456 147472 212992 229376 262912 263680 265216 296960 393472 425984
1 7 28 112 16389 16404 38912 40961 45056 49153 114688 131840 132608 134144 165888 196864 229376 262224 262336 262528 278544 327936 344064
1 7 28 112 16389 16404 38912 40961 45056 49153 114688 131840 132608 134144 165888 212992 229376 262224 262336 262528 278544 393472 409600
1 7 28 112 16389 16404 38912 40961 45056 49153 114688 131840 132608 134144 165888 229376 262224 262336 262528 278544 344064 393472 458752
1 7 28 112 16389 16404 38912 40961 49153 65616 65728 65920 81936 114688 131840 132608 134144 165888 196864 229376 274432 299008 303104
1 7 28 112 16389 16404 38912 40961 49153 66304 67072 68608 100352 114688 131152 131264 131456 147472 196864 212992 274432 299008 303104
1 7 28 112 16389 16404 38912 45056 49153 65616 65728 65920 81936 114688 131840 132608 134144 165888 196864 229376 270337 294913 303104
1 7 28 112 16389 16404 38912 45056 49153 66304 67072 68608 100352 114688 131152 131264 131456 147472 196864 212992 270337 294913 303104
1 7 28 112 16389 16404 38912 49153 65616 65728 65920 81936 114688 131840 132608 134144 165888 196864 229376 270337 274432 294913 299008
1 7 28 112 16389 16404 38912 49153 66304 67072 68608 100352 114688 131152 131264 131456 147472 196864 212992 270337 274432 294913 299008
1 7 28 112 16389 16404 40961 45056 49153 65616 65728 65920 81936 114688 131840 132608 134144 165888 196864 229376 268288 296960 299008
1 7 28 112 16389 16404 40961 45056 49153 65616 65728 65920 81936 114688 131840 132608 134144 196864 229376 268288 299008 395264 425984
1 7 28 112 16389 16404 40961 45056 49153 65616 65728 65920 81936 114688 131840 132608 196864 229376 265216 268288 299008 394240 425984
1 7 28 112 16389 16404 40961 45056 49153 65616 65728 65920 81936 114688 134144 137216 167936 229376 262912 263680 327936 394240 458752
1 7 28 112 16389 16404 40961 45056 49153 65616 65728 65920 81936 114688 137216 167936 229376 262912 263680 265216 327936 395264 458752
1 7 28 112 16389 16404 40961 45056 49153 65616 65728 81936 114688 131456 131840 132608 196736 229376 265216 268288 299008 394240 425984
1 7 28 112 16389 16404 40961 45056 49153 65616 65728 81936 114688 131456 131840 196736 229376 263680 265216 268288 299008 393728 425984
1 7 28 112 16389 16404 40961 45056 49153 65616 65728 81936 114688 132608 134144 137216 167936 229376 262528 262912 327808 393728 458752
1 7 28 112 16389 16404 40961 45056 49153 65616 65728 81936 114688 134144 137216 167936 229376 262528 262912 263680 327808 394240 458752
1 7 28 112 16389 16404 40961 45056 49153 65616 81936 114688 131264 131456 131840 196672 229376 263680 265216 268288 299008 393728 425984
1 7 28 112 16389 16404 40961 45056 49153 65616 81936 114688 132608 134144 137216 167936 229376 262336 262528 262912 327744 393728 458752
1 7 28 112 16389 16404 40961 45056 49153 65728 65920 66304 114688 132608 134144 137216 167936 197120 229376 262224 278544 327744 344064
1 7 28 112 16389 16404 40961 45056 49153 65920 66304 67072 114688 134144 137216 167936 197632 229376 262224 262336 278544 327808 344064
1 7 28 112 16389 16404 40961 45056 49153 65920 66304 114688 132608 134144 137216 167936 197120 229376 262224 262336 278544 327808 344064
1 7 28 112 16389 16404 40961 45056 49153 66304 67072 68608 100352 114688 131152 131264 131456 147472 196864 212992 268288 296960 299008
1 7 28 112 16389 16404 40961 45056 49153 66304 67072 68608 114688 137216 167936 198656 229376 262224 262336 262528 278544 327936 344064
1 7 28 112 16389 16404 40961 45056 49153 66304 67072 114688 134144 137216 167936 197632 229376 262224 262336 262528 278544 327936 344064
1 7 28 112 16389 16404 40961 45056 49153 67072 68608 71680 102400 114688 131264 131456 131840 197120 212992 262224 278544 393280 409600
1 7 28 112 16389 16404 40961 45056 49153 67072 68608 71680 102400 114688 131264 131456 131840 197120 262224 278544 344064 393280 458752
1 7 28 112 16389 16404 40961 45056 49153 67072 68608 71680 102400 114688 131456 131840 197120 212992 262224 262336 278544 393344 409600
1 7 28 112 16389 16404 40961 45056 49153 67072 68608 71680 102400 114688 131456 131840 197120 262224 262336 278544 344064 393344 458752
1 7 28 112 16389 16404 40961 45056 49153 68608 71680 102400 114688 131456 131840 132608 197632 212992 262224 262336 278544 393344 409600
1 7 28 112 16389 16404 40961 45056 49153 68608 71680 102400 114688 131456 131840 132608 197632 262224 262336 278544 344064 393344 458752
1 7 28 112 16389 16404 40961 45056 49153 68608 71680 102400 114688 131840 132608 197632 212992 262224 262336 262528 278544 393472 409600
1 7 28 112 16389 16404 40961 45056 49153 68608 71680 102400 114688 131840 132608 197632 262224 262336 262528 278544 344064 393472 458752
1 7 28 112 16389 16404 40961 45056 49153 71680 102400 114688 131840 132608 134144 198656 212992 262224 262336 262528 278544 393472 409600
1 7 28 112 16389 16404 40961 45056 49153 71680 102400 114688 131840 132608 134144 198656 262224 262336 262528 278544 344064 393472 458752
1 7 28 112 16389 16404 40961 49153 65616 65728 65920 81936 114688 131840 132608 134144 165888 196864 229376 268288 274432 296960 303104
1 7 28 112 16389 16404 40961 49153 65616 65728 65920 81936 114688 131840 132608 134144 196864 229376 268288 274432 303104 395264 425984
1 7 28 112 16389 16404 40961 49153 65616 65728 65920 81936 114688 137216 143360 172032 229376 262912 263680 265216 327936 395264 458752
1 7 28 112 16389 16404 40961 49153 65616 65728 81936 114688 131456 131840 132608 196736 229376 265216 268288 274432 303104 394240 425984
1 7 28 112 16389 16404 40961 49153 65616 65728 81936 114688 134144 137216 143360 172032 229376 262528 262912 263680 327808 394240 458752
1 7 28 112 16389 16404 40961 49153 65920 66304 67072 114688 134144 137216 143360 172032 197632 229376 262224 262336 278544 327808 344064
1 7 28 112 16389 16404 40961 49153 66304 67072 68608 100352 114688 131152 131264 131456 147472 196864 212992 268288 274432 296960 303104
1 7 28 112 16389 16404 40961 49153 66304 67072 68608 114688 137216 143360 172032 198656 229376 262224 262336 262528 278544 327936 344064
1 7 28 112 16389 16404 40961 49153 68608 71680 77824 106496 114688 131456 131840 132608 197632 212992 262224 262336 278544 393344 409600
1 7 28 112 16389 16404 40961 49153 68608 71680 77824 106496 114688 131456 131840 132608 197632 262224 262336 278544 344064 393344 458752
1 7 28 112 16389 16404 40961 49153 71680 77824 106496 114688 131840 132608 134144 198656 212992 262224 262336 262528 278544 393472 409600
1 7 28 112 16389 16404 40961 49153 71680 77824 106496 114688 131840 132608 134144 198656 262224 262336 262528 278544 344064 393472 458752
1 7 28 112 16389 16404 49153 49168 65616 65728 65920 98320 131840 132608 134144 196864 229376 268288 270337 274432 294913 395264 425984
1 7 28 112 16389 16404 49153 49168 65616 65728 65920 98320 131840 132608 134144 196864 268288 270337 274432 294913 360448 395264 458752
1 7 28 112 16389 16404 49153 65616 65728 65920 81936 114688 131840 132608 134144 165888 196864 229376 268288 270337 274432 294913 296960
1 7 28 112 16389 16404 49153 65616 65728 65920 81936 114688 131840 132608 134144 196864 229376 268288 270337 274432 294913 395264 425984
1 7 28 112 16389 16404 49153 65616 65728 65920 81936 114688 137216 139265 143360 163841 229376 262912 263680 265216 327936 395264 458752
1 7 28 112 16389 16404 49153 66304 67072 68608 100352 114688 131152 131264 131456 147472 196864 212992 268288 270337 274432 294913 296960
1 7 28 112 16389 16404 49153 66304 67072 68608 114688 137216 139265 143360 163841 198656 229376 262224 262336 262528 278544 327936 344064
1 7 28 112 16389 16404 49153 71680 73729 77824 98305 114688 131840 132608 134144 198656 212992 262224 262336 262528 278544 393472 409600
1 7 28 112 16389 16404 49153 71680 73729 77824 98305 114688 131840 132608 134144 198656 262224 262336 262528 278544 344064 393472 458752
1 7 28 112 16389 24577 28672 34304 35840 38912 53248 65556 81924 114688 131152 131264 196624 229376 262528 262912 295424 393344 425984
1 7 28 112 16389 24577 28672 34304 35840 38912 53248 65556 81924 114688 131152 196624 229376 262336 262528 262912 295424 393280 425984
1 7 28 112 16389 24577 28672 34304 35840 38912 53248 65556 81924 114688 131264 131456 131840 164352 196672 229376 262224 327696 327744
1 7 28 112 16389 24577 28672 34304 35840 38912 53248 65556 81924 114688 131264 131456 131840 164352 229376 262224 327696 393280 458752
1 7 28 112 16389 24577 28672 34304 35840 38912 53248 65556 81924 114688 131456 131840 164352 229376 262224 262336 327696 393344 458752
1 7 28 112 16389 24577 28672 34304 35840 38912 53248 65616 65728 114688 131456 131840 164352 196736 229376 262164 278532 327696 344064
1 7 28 112 16389 24577 28672 34304 35840 38912 53248 65616 81924 114688 131264 131456 131840 164352 196672 229376 262164 327684 327696
1 7 28 112 16389 24577 28672 34304 35840 38912 53248 65616 114688 131264 131456 131840 164352 196672 229376 262164 278532 327696 344064
1 7 28 112 16389 24577 28672 34304 35840 38912 53248 65728 65920 66304 98816 114688 131092 147460 196672 212992 262224 393232 393280
1 7 28 112 16389 24577 28672 34304 35840 38912 53248 65728 65920 66304 98816 114688 131152 147460 196672 212992 262164 393220 393232
1 7 28 112 16389 24577 28672 34304 35840 38912 53248 65728 65920 66304 98816 114688 131152 196672 212992 262164 278532 393232 409600
1 7 28 112 16389 24577 28672 34304 35840 38912 53248 65728 65920 66304 98816 114688 131152 196672 262164 278532 344064 393232 458752
1 7 28 112 16389 24577 28672 34304 35840 38912 53248 65920 66304 98816 114688 131152 131264 196736 212992 262164 278532 393232 409600
1 7 28 112 16389 24577 28672 34304 35840 38912 53248 65920 66304 98816 114688 131152 131264 196736 262164 278532 344064 393232 458752
1 7 28 112 16389 24577 35840 38912 45056 57344 65920 66304 67072 99328 114688 131152 131264 196736 212992 262164 278532 393232 409600
1 7 28 112 16389 24577 35840 38912 45056 57344 65920 66304 67072 99328 114688 131152 131264 196736 262164 278532 344064 393232 458752
2 7 28 112 16389 24577 35840 38912 45056 57344 65920 66304 67072 99328 131152 131264 196736 262164 278532 311296 360448 393232 458752
1 7 28 224 16389 16404 16432 38912 40961 45056 49153 65696 65920 81952 114688 131840 132608 196864 229376 265216 296960 394240 425984
1 7 28 224 16389 16404 16432 38912 40961 45056 49153 65696 65920 81952 114688 131840 196864 229376 263680 265216 296960 393728 425984
1 7 28 224 16389 16404 16432 38912 40961 45056 49153 65696 65920 81952 114688 132608 134144 165888 229376 262912 327936 393728 458752
1 7 28 224 16389 16404 16432 38912 40961 45056 49153 65696 65920 81952 114688 134144 165888 229376 262912 263680 327936 394240 458752
1 7 28 224 16389 16404 16432 38912 40961 45056 49153 65696 81952 114688 131456 131840 196736 229376 263680 265216 296960 393728 425984
1 7 28 224 16389 16404 16432 38912 40961 45056 49153 65696 81952 114688 132608 134144 165888 229376 262528 262912 327808 393728 458752
1 7 28 224 16389 16404 16432 38912 40961 45056 49153 65920 66304 114688 132608 134144 165888 197120 229376 262304 278560 327808 344064
1 7 28 224 16389 16404 16432 38912 40961 45056 49153 66304 67072 114688 134144 165888 197632 229376 262304 262528 278560 327936 344064
1 7 28 224 16389 16404 16432 38912 40961 45056 49153 66304 114688 132608 134144 165888 197120 229376 262304 262528 278560 327936 344064
1 7 28 224 16389 16404 16432 38912 40961 45056 49153 67072 68608 100352 114688 131456 131840 197120 212992 262304 278560 393344 409600
1 7 28 224 16389 16404 16432 38912 40961 45056 49153 67072 68608 100352 114688 131456 131840 197120 262304 278560 344064 393344 458752
1 7 28 224 16389 16404 16432 38912 40961 45056 49153 67072 68608 100352 114688 131840 197120 212992 262304 262528 278560 393472 409600
1 7 28 224 16389 16404 16432 38912 40961 45056 49153 67072 68608 100352 114688 131840 197120 262304 262528 278560 344064 393472 458752
1 7 28 224 16389 16404 16432 38912 40961 45056 49153 68608 100352 114688 131840 132608 197632 212992 262304 262528 278560 393472 409600
1 7 28 224 16389 16404 16432 38912 40961 45056 49153 68608 100352 114688 131840 132608 197632 262304 262528 278560 344064 393472 458752
1 7 28 224 16389 16404 16432 40961 45056 49153 65696 65920 81952 114688 131840 132608 196864 229376 265216 268288 299008 394240 425984
1 7 28 224 16389 16404 16432 40961 45056 49153 65696 65920 81952 114688 134144 137216 167936 229376 262912 263680 327936 394240 458752
1 7 28 224 16389 16404 16432 40961 45056 49153 66304 67072 114688 134144 137216 167936 197632 229376 262304 262528 278560 327936 344064
1 7 28 224 16389 16404 16432 40961 45056 49153 68608 71680 102400 114688 131840 132608 197632 212992 262304 262528 278560 393472 409600
1 7 28 224 16389 16404 16432 40961 45056 49153 68608 71680 102400 114688 131840 132608 197632 262304 262528 278560 344064 393472 458752
1 7 28 224 16389 16404 38912 40961 45056 49153 65584 65696 65920 81936 114688 131840 132608 196864 229376 265216 296960 394240 425984
1 7 28 224 16389 16404 38912 40961 45056 49153 65584 65696 65920 81936 114688 131840 196864 229376 263680 265216 296960 393728 425984
1 7 28 224 16389 16404 38912 40961 45056 49153 65584 65696 65920 81936 114688 132608 134144 165888 229376 262912 327936 393728 458752
1 7 28 224 16389 16404 38912 40961 45056 49153 65584 65696 65920 81936 114688 134144 165888 229376 262912 263680 327936 394240 458752
1 7 28 224 16389 16404 38912 40961 45056 49153 65584 65696 81936 114688 131456 131840 132608 196736 229376 265216 296960 394240 425984
1 7 28 224 16389 16404 38912 40961 45056 49153 65584 65696 81936 114688 131456 131840 196736 229376 263680 265216 296960 393728 425984
1 7 28 224 16389 16404 38912 40961 45056 49153 65584 65696 81936 114688 132608 134144 165888 229376 262528 262912 327808 393728 458752
1 7 28 224 16389 16404 38912 40961 45056 49153 65584 65696 81936 114688 134144 165888 229376 262528 262912 263680 327808 394240 458752
1 7 28 224 16389 16404 38912 40961 45056 49153 65920 66304 67072 114688 134144 165888 197632 229376 262192 262304 278544 327808 344064
1 7 28 224 16389 16404 38912 40961 45056 49153 65920 66304 114688 132608 134144 165888 197120 229376 262192 262304 278544 327808 344064
1 7 28 224 16389 16404 38912 40961 45056 49153 66304 67072 114688 134144 165888 197632 229376 262192 262304 262528 278544 327936 344064
1 7 28 224 16389 16404 38912 40961 45056 49153 66304 114688 132608 134144 165888 197120 229376 262192 262304 262528 278544 327936 344064
1 7 28 224 16389 16404 38912 40961 45056 49153 67072 68608 100352 114688 131456 131840 197120 212992 262192 262304 278544 393344 409600
1 7 28 224 16389 16404 38912 40961 45056 49153 67072 68608 100352 114688 131456 131840 197120 262192 262304 278544 344064 393344 458752
1 7 28 224 16389 16404 38912 40961 45056 49153 67072 68608 100352 114688 131840 197120 212992 262192 262304 262528 278544 393472 409600
1 7 28 224 16389 16404 38912 40961 45056 49153 67072 68608 100352 114688 131840 197120 262192 262304 262528 278544 344064 393472 458752
1 7 28 224 16389 16404 38912 40961 45056 49153 68608 100352 114688 131456 131840 132608 197632 212992 262192 262304 278544 393344 409600
1 7 28 224 16389 16404 38912 40961 45056 49153 68608 100352 114688 131456 131840 132608 197632 262192 262304 278544 344064 393344 458752
1 7 28 224 16389 16404 38912 40961 45056 49153 68608 100352 114688 131840 132608 197632 212992 262192 262304 262528 278544 393472 409600
1 7 28 224 16389 16404 38912 40961 45056 49153 68608 100352 114688 131840 132608 197632 262192 262304 262528 278544 344064 393472 458752
1 7 28 224 16389 16404 40961 45056 49153 65584 65696 65920 81936 114688 131840 132608 196864 229376 265216 268288 299008 394240 425984
1 7 28 224 16389 16404 40961 45056 49153 65584 65696 65920 81936 114688 134144 137216 167936 229376 262912 263680 327936 394240 458752
1 7 28 224 16389 16404 40961 45056 49153 65584 65696 81936 114688 131456 131840 132608 196736 229376 265216 268288 299008 394240 425984
1 7 28 224 16389 16404 40961 45056 49153 65584 65696 81936 114688 134144 137216 167936 229376 262528 262912 263680 327808 394240 458752
1 7 28 224 16389 16404 40961 45056 49153 65920 66304 67072 114688 134144 137216 167936 197632 229376 262192 262304 278544 327808 344064
1 7 28 224 16389 16404 40961 45056 49153 66304 67072 114688 134144 137216 167936 197632 229376 262192 262304 262528 278544 327936 344064
1 7 28 224 16389 16404 40961 45056 49153 68608 71680 102400 114688 131456 131840 132608 197632 212992 262192 262304 278544 393344 409600
1 7 28 224 16389 16404 40961 45056 49153 68608 71680 102400 114688 131456 131840 132608 197632 262192 262304 278544 344064 393344 458752
1 7 28 224 16389 16404 40961 45056 49153 68608 71680 102400 114688 131840 132608 197632 212992 262192 262304 262528 278544 393472 409600
1 7 28 224 16389 16404 40961 45056 49153 68608 71680 102400 114688 131840 132608 197632 262192 262304 262528 278544 344064 393472 458752
1 7 28 224 16389 24577 28672 35840 38912 53248 65556 65584 81924 114688 131232 131456 196640 229376 262912 263680 295936 393472 425984
1 7 28 224 16389 24577 28672 35840 38912 53248 65556 65584 81924 114688 131232 196640 229376 262528 262912 263680 295936 393344 425984
1 7 28 224 16389 24577 28672 35840 38912 53248 65556 65584 81924 114688 131456 131840 132608 164864 229376 262304 327712 393344 458752
1 7 28 224 16389 24577 28672 35840 38912 53248 65556 65584 81924 114688 131840 132608 164864 229376 262304 262528 327712 393472 458752
1 7 28 224 16389 24577 28672 35840 38912 53248 65556 81924 114688 131120 131232 196624 229376 262528 262912 263680 295936 393344 425984
1 7 28 224 16389 24577 28672 35840 38912 53248 65556 81924 114688 131456 131840 132608 164864 229376 262192 262304 327696 393344 458752
1 7 28 224 16389 24577 28672 35840 38912 53248 65584 65696 114688 131456 131840 132608 164864 196736 229376 262164 278532 327696 344064
1 7 28 224 16389 24577 28672 35840 38912 53248 65696 65920 114688 131840 132608 164864 196864 229376 262164 262192 278532 327712 344064
1 7 28 224 16389 24577 28672 35840 38912 53248 65696 114688 131456 131840 132608 164864 196736 229376 262164 262192 278532 327712 344064
1 7 28 224 16389 24577 28672 35840 38912 53248 65920 66304 67072 99328 114688 131120 131232 196736 212992 262164 278532 393232 409600
1 7 28 224 16389 24577 28672 35840 38912 53248 65920 66304 67072 99328 114688 131120 131232 196736 262164 278532 344064 393232 458752
1 7 28 224 16389 24577 28672 35840 38912 53248 65920 66304 67072 99328 114688 131232 196736 212992 262164 262192 278532 393248 409600
1 7 28 224 16389 24577 28672 35840 38912 53248 65920 66304 67072 99328 114688 131232 196736 262164 262192 278532 344064 393248 458752
1 7 28 224 16389 24577 28672 35840 38912 53248 66304 67072 99328 114688 131232 131456 196864 212992 262164 262192 278532 393248 409600
1 7 28 224 16389 24577 28672 35840 38912 53248 66304 67072 99328 114688 131232 131456 196864 262164 262192 278532 344064 393248 458752
1 7 28 224 16389 24577 38912 45056 57344 67072 68608 100352 114688 131092 131120 131232 147460 212992 262528 262912 328192 393344 458752
1 7 28 224 16389 24577 38912 45056 57344 67072 68608 100352 114688 131456 131840 197120 212992 262164 262192 262304 278532 393344 409600
1 7 28 224 16389 24577 38912 45056 57344 67072 68608 100352 131092 131120 131232 147460 180224 229376 262528 262912 328192 393344 458752
1 7 28 224 16389 24577 38912 45056 57344 67072 68608 100352 131456 131840 180224 197120 229376 262164 262192 262304 278532 393344 409600
1 7 28 224 16389 24577 38912 45056 57344 67072 68608 100352 131456 131840 197120 229376 262164 262192 262304 278532 311296 393344 425984
1 7 28 224 16389 24577 38912 45056 57344 68608 100352 114688 131092 131120 131232 147460 212992 262528 262912 263680 328704 393344 458752
1 7 28 224 16389 24577 38912 45056 57344 68608 100352 114688 131456 131840 132608 197632 212992 262164 262192 262304 278532 393344 409600
1 7 28 224 16389 24577 38912 45056 57344 68608 100352 131092 131120 131232 147460 180224 229376 262528 262912 263680 328704 393344 458752
1 7 28 224 16389 24577 38912 45056 57344 68608 100352 131456 131840 132608 180224 197632 229376 262164 262192 262304 278532 393344 409600
1 7 28 224 16389 24577 38912 45056 57344 68608 100352 131456 131840 132608 197632 229376 262164 262192 262304 278532 311296 393344 425984
1 7 28 224 16389 24577 45056 57344 68608 71680 102400 114688 131456 131840 132608 197632 212992 262164 262192 262304 278532 393344 409600
1 7 28 224 16389 24577 45056 57344 68608 71680 102400 114688 131456 131840 132608 197632 262164 262192 262304 278532 344064 393344 458752
1 7 28 224 16389 24577 45056 57344 68608 71680 102400 131456 131840 132608 180224 197632 229376 262164 262192 262304 278532 393344 409600
1 7 28 224 16389 24577 45056 57344 68608 71680 102400 131456 131840 132608 197632 229376 262164 262192 262304 278532 311296 393344 425984
1 7 28 224 16389 24577 45056 57344 68608 71680 102400 131456 131840 132608 197632 262164 262192 262304 278532 311296 360448 393344 458752
1 7 28 224 16389 40961 45056 49153 65556 65584 65696 81924 114688 131456 131840 132608 196736 229376 265216 268288 299008 394240 425984
1 7 28 224 16389 40961 45056 49153 65556 65584 65696 81924 114688 134144 137216 167936 229376 262528 262912 263680 327808 394240 458752
1 7 28 224 16389 40961 45056 49153 65920 66304 67072 114688 134144 137216 167936 197632 229376 262164 262192 262304 278532 327808 344064
1 7 28 224 16389 40961 45056 49153 68608 71680 102400 114688 131456 131840 132608 197632 212992 262164 262192 262304 278532 393344 409600
1 7 28 224 16389 40961 45056 49153 68608 71680 102400 114688 131456 131840 132608 197632 262164 262192 262304 278532 344064 393344 458752
1 7 28 448 16389 16404 38912 40961 45056 49153 65584 65632 65856 81936 114688 131840 132608 134144 165888 229376 327936 393472 458752
1 7 28 448 16389 16404 38912 40961 45056 49153 65584 65632 65856 81936 114688 131840 132608 134144 196864 229376 296960 395264 425984
1 7 28 448 16389 16404 38912 40961 45056 49153 65584 65632 65856 81936 114688 131840 132608 165888 196864 229376 265216 394240 395264
1 7 28 448 16389 16404 38912 40961 45056 49153 65584 65632 65856 81936 114688 131840 132608 196864 229376 265216 296960 394240 425984
1 7 28 448 16389 16404 38912 40961 45056 49153 65584 65632 65856 81936 114688 131840 134144 165888 196864 229376 263680 393728 394240
1 7 28 448 16389 16404 38912 40961 45056 49153 65584 65632 65856 81936 114688 131840 165888 196864 229376 263680 265216 393728 395264
1 7 28 448 16389 16404 38912 40961 45056 49153 65584 65632 65856 81936 114688 131840 196864 229376 263680 265216 296960 393728 425984
1 7 28 448 16389 16404 38912 40961 45056 49153 65584 65632 65856 81936 114688 132608 134144 165888 196864 229376 262912 393472 393728
1 7 28 448 16389 16404 38912 40961 45056 49153 65584 65632 65856 81936 114688 132608 134144 165888 229376 262912 327936 393728 458752
1 7 28 448 16389 16404 38912 40961 45056 49153 65584 65632 65856 81936 114688 134144 165888 196864 229376 262912 263680 393472 394240
1 7 28 448 16389 16404 38912 40961 45056 49153 65584 65632 65856 81936 114688 134144 165888 229376 262912 263680 327936 394240 458752
1 7 28 448 16389 16404 38912 40961 45056 49153 65584 65632 65856 81936 114688 165888 196864 229376 262912 263680 265216 393472 395264
1 7 28 448 16389 16404 38912 40961 45056 49153 65584 65632 65856 81936 114688 165888 229376 262912 263680 265216 327936 395264 458752
1 7 28 448 16389 16404 38912 40961 45056 49153 65584 65632 65856 81936 114688 196864 229376 262912 263680 265216 296960 393472 425984
1 7 28 448 16389 16404 38912 40961 45056 49153 65584 65632 65856 81936 114688 229376 262912 263680 265216 296960 327936 425984 458752
1 7 28 448 16389 16404 38912 40961 45056 49153 65584 65632 65856 114688 131840 132608 134144 165888 196864 229376 278544 327696 344064
1 7 28 448 16389 16404 38912 40961 45056 49153 65584 65632 81936 114688 131392 131840 196672 229376 263680 265216 296960 393728 425984
1 7 28 448 16389 16404 38912 40961 45056 49153 65584 65632 81936 114688 131392 196672 229376 262912 263680 265216 296960 393472 425984
1 7 28 448 16389 16404 38912 40961 45056 49153 65584 65632 81936 114688 131840 132608 134144 165888 196864 229376 262464 327744 327936
1 7 28 448 16389 16404 38912 40961 45056 49153 65584 65632 81936 114688 131840 132608 134144 165888 229376 262464 327744 393472 458752
1 7 28 448 16389 16404 38912 40961 45056 49153 65584 65632 81936 114688 132608 134144 165888 229376 262464 262912 327744 393728 458752
1 7 28 448 16389 16404 38912 40961 45056 49153 65584 65856 81936 114688 131840 132608 134144 165888 196864 229376 262240 327712 327744
1 7 28 448 16389 16404 38912 40961 45056 49153 65584 81936 114688 131168 131392 196640 229376 262912 263680 265216 296960 393472 425984
1 7 28 448 16389 16404 38912 40961 45056 49153 65584 81936 114688 131840 132608 134144 165888 196864 229376 262240 262464 327712 327936
1 7 28 448 16389 16404 38912 40961 45056 49153 65584 81936 114688 131840 132608 134144 165888 229376 262240 262464 327712 393472 458752
1 7 28 448 16389 16404 38912 40961 45056 49153 65616 65856 81936 114688 131840 132608 134144 165888 196864 229376 262192 262224 262240
1 7 28 448 16389 16404 38912 40961 45056 49153 65632 65856 81936 114688 131840 132608 134144 165888 196864 229376 262192 327696 327712
1 7 28 448 16389 16404 38912 40961 45056 49153 65632 65856 114688 131840 132608 134144 165888 196864 229376 262192 278544 327712 344064
1 7 28 448 16389 16404 38912 40961 45056 49153 65856 66304 114688 132608 134144 165888 197120 229376 262192 262240 278544 327744 344064
1 7 28 448 16389 16404 38912 40961 45056 49153 65856 81936 114688 131840 132608 134144 165888 196864 229376 262192 262240 327696 327744
1 7 28 448 16389 16404 38912 40961 45056 49153 65856 114688 131840 132608 134144 165888 196864 229376 262192 262240 278544 327744 344064
1 7 28 448 16389 16404 38912 40961 45056 49153 66304 67072 68608 100352 114688 131120 131168 131392 147472 196864 344064 409600 458752
1 7 28 448 16389 16404 38912 40961 45056 49153 66304 67072 68608 100352 114688 131120 131168 131392 196864 212992 278544 393232 409600
1 7 28 448 16389 16404 38912 40961 45056 49153 66304 67072 68608 100352 114688 131120 131168 131392 196864 278544 344064 393232 458752
1 7 28 448 16389 16404 38912 40961 45056 49153 66304 67072 68608 100352 114688 131120 131168 147472 196864 212992 262464 393280 393472
1 7 28 448 16389 16404 38912 40961 45056 49153 66304 67072 68608 100352 114688 131120 131392 147472 196864 212992 262240 393248 393280
1 7 28 448 16389 16404 38912 40961 45056 49153 66304 67072 68608 100352 114688 131120 147472 196864 212992 262240 262464 393248 393472
1 7 28 448 16389 16404 38912 40961 45056 49153 66304 67072 68608 100352 114688 131152 131392 147472 196864 212992 262192 262224 262240
1 7 28 448 16389 16404 38912 40961 45056 49153 66304 67072 68608 100352 114688 131168 131392 147472 196864 212992 262192 393232 393248
1 7 28 448 16389 16404 38912 40961 45056 49153 66304 67072 68608 100352 114688 131168 131392 196864 212992 262192 278544 393248 409600
1 7 28 448 16389 16404 38912 40961 45056 49153 66304 67072 68608 100352 114688 131168 131392 196864 262192 278544 344064 393248 458752
1 7 28 448 16389 16404 38912 40961 45056 49153 66304 67072 68608 100352 114688 131392 147472 196864 212992 262192 262240 393232 393280
1 7 28 448 16389 16404 38912 40961 45056 49153 66304 67072 68608 100352 114688 131392 196864 212992 262192 262240 278544 393280 409600
1 7 28 448 16389 16404 38912 40961 45056 49153 66304 67072 68608 100352 114688 131392 196864 262192 262240 278544 344064 393280 458752
1 7 28 448 16389 16404 38912 40961 45056 49153 66304 67072 68608 100352 114688 147472 196864 212992 262192 262240 262464 393232 393472
1 7 28 448 16389 16404 38912 40961 45056 49153 66304 67072 68608 100352 114688 196864 212992 262192 262240 262464 278544 393472 409600
1 7 28 448 16389 16404 38912 40961 45056 49153 66304 67072 68608 100352 114688 196864 262192 262240 262464 278544 344064 393472 458752
1 7 28 448 16389 16404 38912 40961 45056 49153 66304 67072 68608 114688 165888 198656 229376 262192 262240 262464 278544 327936 344064
1 7 28 448 16389 16404 38912 40961 45056 49153 66304 67072 100352 114688 134144 197632 198656 262192 262240 262464 278544 327936 344064
1 7 28 448 16389 16404 38912 40961 45056 49153 66304 67072 114688 134144 165888 197632 229376 262192 262240 262464 278544 327936 344064
1 7 28 448 16389 16404 38912 40961 45056 49153 66304 68608 100352 114688 132608 197120 197632 262192 262240 262464 278544 327936 344064
1 7 28 448 16389 16404 38912 40961 45056 49153 66304 100352 114688 132608 134144 197120 198656 262192 262240 262464 278544 327936 344064
1 7 28 448 16389 16404 38912 40961 45056 49153 66304 114688 132608 134144 165888 197120 229376 262192 262240 262464 278544 327936 344064
1 7 28 448 16389 16404 38912 40961 45056 49153 67072 68608 100352 114688 131392 131840 197120 212992 262192 262240 278544 393280 409600
1 7 28 448 16389 16404 38912 40961 45056 49153 67072 68608 100352 114688 131392 131840 197120 262192 262240 278544 344064 393280 458752
1 7 28 448 16389 16404 38912 40961 45056 49153 67072 68608 100352 114688 131840 196864 197120 262192 262240 262464 278544 327936 344064
1 7 28 448 16389 16404 38912 40961 45056 49153 67072 68608 100352 114688 131840 197120 212992 262192 262240 262464 278544 393472 409600
1 7 28 448 16389 16404 38912 40961 45056 49153 67072 68608 100352 114688 131840 197120 262192 262240 262464 278544 344064 393472 458752
1 7 28 448 16389 16404 38912 40961 45056 49153 68608 100352 114688 131840 132608 196864 197632 262192 262240 262464 278544 327936 344064
1 7 28 448 16389 16404 38912 40961 45056 49153 68608 100352 114688 131840 132608 197632 212992 262192 262240 262464 278544 393472 409600
1 7 28 448 16389 16404 38912 40961 45056 49153 68608 100352 114688 131840 132608 197632 262192 262240 262464 278544 344064 393472 458752
1 7 28 448 16389 16404 38912 40961 45056 49153 81936 114688 131120 131168 131392 196624 229376 262912 263680 265216 296960 393472 425984
1 7 28 448 16389 16404 38912 40961 45056 49153 81936 114688 131840 132608 134144 165888 196864 229376 262192 262240 262464 327696 327936
1 7 28 448 16389 16404 38912 40961 45056 49153 81936 114688 131840 132608 134144 165888 229376 262192 262240 262464 327696 393472 458752
1 7 28 448 16389 16404 38912 40961 45056 49153 100352 114688 131840 132608 134144 196864 198656 262192 262240 262464 278544 327936 344064
1 7 28 448 16389 16404 38912 40961 45056 49153 100352 114688 131840 132608 134144 198656 212992 262192 262240 262464 278544 393472 409600
1 7 28 448 16389 16404 38912 40961 45056 49153 100352 114688 131840 132608 134144 198656 262192 262240 262464 278544 344064 393472 458752
1 7 28 448 16389 16404 38912 40961 45056 49153 114688 131120 131168 131392 147472 212992 229376 262912 263680 265216 296960 393472 425984
1 7 28 448 16389 16404 38912 40961 45056 49153 114688 131840 132608 134144 165888 196864 229376 262192 262240 262464 278544 327936 344064
1 7 28 448 16389 16404 38912 40961 45056 49153 114688 131840 132608 134144 165888 212992 229376 262192 262240 262464 278544 393472 409600
1 7 28 448 16389 16404 38912 40961 45056 49153 114688 131840 132608 134144 165888 229376 262192 262240 262464 278544 344064 393472 458752
1 7 28 448 16389 16404 38912 40961 49153 65584 65632 65856 81936 114688 131840 132608 134144 165888 196864 229376 274432 299008 303104
1 7 28 448 16389 16404 38912 40961 49153 66304 67072 68608 100352 114688 131120 131168 131392 147472 196864 212992 274432 299008 303104
1 7 28 448 16389 16404 38912 45056 49153 65584 65632 65856 81936 114688 131840 132608 134144 165888 196864 229376 270337 294913 303104
1 7 28 448 16389 16404 38912 45056 49153 66304 67072 68608 100352 114688 131120 131168 131392 147472 196864 212992 270337 294913 303104
1 7 28 448 16389 16404 38912 49153 65584 65632 65856 81936 114688 131840 132608 134144 165888 196864 229376 270337 274432 294913 299008
1 7 28 448 16389 16404 38912 49153 66304 67072 68608 100352 114688 131120 131168 131392 147472 196864 212992 270337 274432 294913 299008
1 7 28 448 16389 16404 40961 45056 49153 65584 65632 65856 81936 114688 131840 132608 134144 165888 196864 229376 268288 296960 299008
1 7 28 448 16389 16404 40961 45056 49153 65584 65632 65856 81936 114688 131840 132608 134144 196864 229376 268288 299008 395264 425984
1 7 28 448 16389 16404 40961 45056 49153 65584 65632 65856 81936 114688 131840 132608 196864 229376 265216 268288 299008 394240 425984
1 7 28 448 16389 16404 40961 45056 49153 65584 65632 65856 81936 114688 134144 137216 167936 229376 262912 263680 327936 394240 458752
1 7 28 448 16389 16404 40961 45056 49153 65584 65632 65856 81936 114688 137216 167936 229376 262912 263680 265216 327936 395264 458752
1 7 28 448 16389 16404 40961 45056 49153 66304 67072 68608 100352 114688 131120 131168 131392 147472 196864 212992 268288 296960 299008
1 7 28 448 16389 16404 40961 45056 49153 66304 67072 68608 114688 137216 167936 198656 229376 262192 262240 262464 278544 327936 344064
1 7 28 448 16389 16404 40961 45056 49153 66304 67072 114688 134144 137216 167936 197632 229376 262192 262240 262464 278544 327936 344064
1 7 28 448 16389 16404 40961 45056 49153 68608 71680 102400 114688 131840 132608 197632 212992 262192 262240 262464 278544 393472 409600
1 7 28 448 16389 16404 40961 45056 49153 68608 71680 102400 114688 131840 132608 197632 262192 262240 262464 278544 344064 393472 458752
1 7 28 448 16389 16404 40961 45056 49153 71680 102400 114688 131840 132608 134144 198656 212992 262192 262240 262464 278544 393472 409600
1 7 28 448 16389 16404 40961 45056 49153 71680 102400 114688 131840 132608 134144 198656 262192 262240 262464 278544 344064 393472 458752
1 7 28 448 16389 16404 40961 49153 65584 65632 65856 81936 114688 131840 132608 134144 165888 196864 229376 268288 274432 296960 303104
1 7 28 448 16389 16404 40961 49153 65584 65632 65856 81936 114688 131840 132608 134144 196864 229376 268288 274432 303104 395264 425984
1 7 28 448 16389 16404 40961 49153 65584 65632 65856 81936 114688 137216 143360 172032 229376 262912 263680 265216 327936 395264 458752
1 7 28 448 16389 16404 40961 49153 66304 67072 68608 100352 114688 131120 131168 131392 147472 196864 212992 268288 274432 296960 303104
1 7 28 448 16389 16404 40961 49153 66304 67072 68608 114688 137216 143360 172032 198656 229376 262192 262240 262464 278544 327936 344064
1 7 28 448 16389 16404 40961 49153 71680 77824 106496 114688 131840 132608 134144 198656 212992 262192 262240 262464 278544 393472 409600
1 7 28 448 16389 16404 40961 49153 71680 77824 106496 114688 131840 132608 134144 198656 262192 262240 262464 278544 344064 393472 458752
1 7 28 448 16389 16404 49153 49168 65584 65632 65856 98320 131840 132608 134144 196864 229376 268288 270337 274432 294913 395264 425984
1 7 28 448 16389 16404 49153 49168 65584 65632 65856 98320 131840 132608 134144 196864 268288 270337 274432 294913 360448 395264 458752
1 7 28 448 16389 16404 49153 65584 65632 65856 81936 114688 131840 132608 134144 165888 196864 229376 268288 270337 274432 294913 296960
1 7 28 448 16389 16404 49153 65584 65632 65856 81936 114688 131840 132608 134144 196864 229376 268288 270337 274432 294913 395264 425984
1 7 28 448 16389 16404 49153 65584 65632 65856 81936 114688 137216 139265 143360 163841 229376 262912 263680 265216 327936 395264 458752
1 7 28 448 16389 16404 49153 66304 67072 68608 100352 114688 131120 131168 131392 147472 196864 212992 268288 270337 274432 294913 296960
1 7 28 448 16389 16404 49153 66304 67072 68608 114688 137216 139265 143360 163841 198656 229376 262192 262240 262464 278544 327936 344064
1 7 28 448 16389 16404 49153 71680 73729 77824 98305 114688 131840 132608 134144 198656 212992 262192 262240 262464 278544 393472 409600
1 7 28 448 16389 16404 49153 71680 73729 77824 98305 114688 131840 132608 134144 198656 262192 262240 262464 278544 344064 393472 458752
1 7 28 448 16389 24577 28672 35840 38912 53248 65556 65584 65632 81924 114688 131392 131840 196672 229376 263680 295936 393728 425984
1 7 28 448 16389 24577 28672 35840 38912 53248 65556 65584 65632 81924 114688 131392 196672 229376 262912 263680 295936 393472 425984
1 7 28 448 16389 24577 28672 35840 38912 53248 65556 65584 65632 81924 114688 131840 132608 164864 229376 262464 327744 393472 458752
1 7 28 448 16389 24577 28672 35840 38912 53248 65556 65584 65632 81924 114688 132608 164864 229376 262464 262912 327744 393728 458752
1 7 28 448 16389 24577 28672 35840 38912 53248 65556 65584 81924 114688 131168 131392 196640 229376 262912 263680 295936 393472 425984
1 7 28 448 16389 24577 28672 35840 38912 53248 65556 65584 81924 114688 131840 132608 164864 229376 262240 262464 327712 393472 458752
1 7 28 448 16389 24577 28672 35840 38912 53248 65632 65856 114688 131840 132608 164864 196864 229376 262164 262192 278532 327712 344064
1 7 28 448 16389 24577 28672 35840 38912 53248 65856 66304 114688 132608 164864 197120 229376 262164 262192 262240 278532 327744 344064
1 7 28 448 16389 24577 28672 35840 38912 53248 65856 114688 131840 132608 164864 196864 229376 262164 262192 262240 278532 327744 344064
1 7 28 448 16389 24577 28672 35840 38912 53248 66304 67072 99328 114688 131168 131392 196864 212992 262164 262192 278532 393248 409600
1 7 28 448 16389 24577 28672 35840 38912 53248 66304 67072 99328 114688 131168 131392 196864 262164 262192 278532 344064 393248 458752
1 7 28 448 16389 24577 28672 35840 38912 53248 66304 67072 99328 114688 131392 196864 212992 262164 262192 262240 278532 393280 409600
1 7 28 448 16389 24577 28672 35840 38912 53248 66304 67072 99328 114688 131392 196864 262164 262192 262240 278532 344064 393280 458752
1 7 28 448 16389 24577 28672 35840 38912 53248 67072 99328 114688 131392 131840 197120 212992 262164 262192 262240 278532 393280 409600
1 7 28 448 16389 24577 28672 35840 38912 53248 67072 99328 114688 131392 131840 197120 262164 262192 262240 278532 344064 393280 458752
1 7 28 448 16389 24577 28672 38912 53248 65556 65584 65632 81924 114688 131392 131840 196672 229376 263680 265216 296960 393728 425984
1 7 28 448 16389 24577 28672 38912 53248 65556 65584 65632 81924 114688 131392 196672 229376 262912 263680 265216 296960 393472 425984
1 7 28 448 16389 24577 28672 38912 53248 65556 65584 65632 81924 114688 131840 132608 134144 165888 229376 262464 327744 393472 458752
1 7 28 448 16389 24577 28672 38912 53248 65556 65584 65632 81924 114688 132608 134144 165888 229376 262464 262912 327744 393728 458752
1 7 28 448 16389 24577 28672 38912 53248 65556 65584 81924 114688 131168 131392 196640 229376 262912 263680 265216 296960 393472 425984
1 7 28 448 16389 24577 28672 38912 53248 65556 65584 81924 114688 131840 132608 134144 165888 229376 262240 262464 327712 393472 458752
1 7 28 448 16389 24577 28672 38912 53248 65632 65856 114688 131840 132608 134144 165888 196864 229376 262164 262192 278532 327712 344064
1 7 28 448 16389 24577 28672 38912 53248 65856 66304 114688 132608 134144 165888 197120 229376 262164 262192 262240 278532 327744 344064
1 7 28 448 16389 24577 28672 38912 53248 65856 114688 131840 132608 134144 165888 196864 229376 262164 262192 262240 278532 327744 344064
1 7 28 448 16389 24577 28672 38912 53248 66304 67072 68608 100352 114688 131168 131392 196864 212992 262164 262192 278532 393248 409600
1 7 28 448 16389 24577 28672 38912 53248 66304 67072 68608 100352 114688 131168 131392 196864 262164 262192 278532 344064 393248 458752
1 7 28 448 16389 24577 28672 38912 53248 66304 67072 68608 100352 114688 131392 196864 212992 262164 262192 262240 278532 393280 409600
1 7 28 448 16389 24577 28672 38912 53248 66304 67072 68608 100352 114688 131392 196864 262164 262192 262240 278532 344064 393280 458752
1 7 28 448 16389 24577 28672 38912 53248 67072 68608 100352 114688 131392 131840 197120 212992 262164 262192 262240 278532 393280 409600
1 7 28 448 16389 24577 28672 38912 53248 67072 68608 100352 114688 131392 131840 197120 262164 262192 262240 278532 344064 393280 458752
1 7 28 448 16389 24577 38912 45056 57344 66304 67072 68608 100352 114688 131092 131120 131168 147460 212992 262464 327936 393280 458752
1 7 28 448 16389 24577 38912 45056 57344 66304 67072 68608 100352 114688 131092 131120 147460 212992 262240 262464 327936 393248 458752
1 7 28 448 16389 24577 38912 45056 57344 66304 67072 68608 100352 114688 131092 147460 212992 262192 262240 262464 327936 393232 458752
1 7 28 448 16389 24577 38912 45056 57344 66304 67072 68608 100352 114688 131120 131168 131392 196864 212992 262164 278532 393232 409600
1 7 28 448 16389 24577 38912 45056 57344 66304 67072 68608 100352 114688 131168 131392 196864 212992 262164 262192 278532 393248 409600
1 7 28 448 16389 24577 38912 45056 57344 66304 67072 68608 100352 114688 131392 196864 212992 262164 262192 262240 278532 393280 409600
1 7 28 448 16389 24577 38912 45056 57344 66304 67072 68608 100352 131092 131120 131168 147460 180224 229376 262464 327936 393280 458752
1 7 28 448 16389 24577 38912 45056 57344 66304 67072 68608 100352 131092 131120 147460 180224 229376 262240 262464 327936 393248 458752
1 7 28 448 16389 24577 38912 45056 57344 66304 67072 68608 100352 131092 147460 180224 229376 262192 262240 262464 327936 393232 458752
1 7 28 448 16389 24577 38912 45056 57344 66304 67072 68608 100352 131120 131168 131392 180224 196864 229376 262164 278532 393232 409600
1 7 28 448 16389 24577 38912 45056 57344 66304 67072 68608 100352 131120 131168 131392 196864 229376 262164 278532 311296 393232 425984
1 7 28 448 16389 24577 38912 45056 57344 66304 67072 68608 100352 131168 131392 180224 196864 229376 262164 262192 278532 393248 409600
1 7 28 448 16389 24577 38912 45056 57344 66304 67072 68608 100352 131168 131392 196864 229376 262164 262192 278532 311296 393248 425984
1 7 28 448 16389 24577 38912 45056 57344 66304 67072 68608 100352 131392 180224 196864 229376 262164 262192 262240 278532 393280 409600
1 7 28 448 16389 24577 38912 45056 57344 66304 67072 68608 100352 131392 196864 229376 262164 262192 262240 278532 311296 393280 425984
1 7 28 448 16389 24577 38912 45056 57344 67072 68608 100352 114688 131092 131120 131168 147460 212992 262464 262912 328192 393280 458752
1 7 28 448 16389 24577 38912 45056 57344 67072 68608 100352 114688 131392 131840 197120 212992 262164 262192 262240 278532 393280 409600
1 7 28 448 16389 24577 38912 45056 57344 67072 68608 100352 131092 131120 131168 147460 180224 229376 262464 262912 328192 393280 458752
1 7 28 448 16389 24577 38912 45056 57344 67072 68608 100352 131392 131840 180224 197120 229376 262164 262192 262240 278532 393280 409600
1 7 28 448 16389 24577 38912 45056 57344 67072 68608 100352 131392 131840 197120 229376 262164 262192 262240 278532 311296 393280 425984
1 7 28 448 16389 32788 49153 49156 65584 65632 65856 98320 131840 132608 134144 196864 229376 268288 270337 274432 294913 395264 425984
1 7 28 448 16389 32788 49153 49156 65584 65632 65856 98320 137216 139265 143360 163841 229376 262912 263680 265216 327936 395264 458752
1 7 28 448 16389 38912 40961 45056 49153 65556 65584 65632 81924 114688 131392 131840 196672 229376 263680 265216 296960 393728 425984
1 7 28 448 16389 38912 40961 45056 49153 65556 65584 65632 81924 114688 131392 196672 229376 262912 263680 265216 296960 393472 425984
1 7 28 448 16389 38912 40961 45056 49153 65556 65584 65632 81924 114688 131840 132608 134144 165888 229376 262464 327744 393472 458752
1 7 28 448 16389 38912 40961 45056 49153 65556 65584 65632 81924 114688 132608 134144 165888 229376 262464 262912 327744 393728 458752
1 7 28 448 16389 38912 40961 45056 49153 65556 65584 81924 114688 131168 131392 196640 229376 262912 263680 265216 296960 393472 425984
1 7 28 448 16389 38912 40961 45056 49153 65556 65584 81924 114688 131840 132608 134144 165888 229376 262240 262464 327712 393472 458752
1 7 28 448 16389 38912 40961 45056 49153 65556 81924 114688 131120 131168 131392 196624 229376 262912 263680 265216 296960 393472 425984
1 7 28 448 16389 38912 40961 45056 49153 65556 81924 114688 131840 132608 134144 165888 229376 262192 262240 262464 327696 393472 458752
1 7 28 448 16389 38912 40961 45056 49153 65584 65632 65856 81936 114688 131840 132608 134144 165888 196864 229376 262164 278532 278544
1 7 28 448 16389 38912 40961 45056 49153 65584 65632 65856 114688 131840 132608 134144 165888 196864 229376 262164 278532 327696 344064
1 7 28 448 16389 38912 40961 45056 49153 65632 65856 114688 131840 132608 134144 165888 196864 229376 262164 262192 278532 327712 344064
1 7 28 448 16389 38912 40961 45056 49153 65856 66304 114688 132608 134144 165888 197120 229376 262164 262192 262240 278532 327744 344064
1 7 28 448 16389 38912 40961 45056 49153 65856 114688 131840 132608 134144 165888 196864 229376 262164 262192 262240 278532 327744 344064
1 7 28 448 16389 38912 40961 45056 49153 66304 67072 68608 100352 114688 131120 131168 131392 147472 196864 212992 262164 278532 278544
1 7 28 448 16389 38912 40961 45056 49153 66304 67072 68608 100352 114688 131120 131168 131392 196864 212992 262164 278532 393232 409600
1 7 28 448 16389 38912 40961 45056 49153 66304 67072 68608 100352 114688 131120 131168 131392 196864 262164 278532 344064 393232 458752
1 7 28 448 16389 38912 40961 45056 49153 66304 67072 68608 100352 114688 131168 131392 196864 212992 262164 262192 278532 393248 409600
1 7 28 448 16389 38912 40961 45056 49153 66304 67072 68608 100352 114688 131168 131392 196864 262164 262192 278532 344064 393248 458752
1 7 28 448 16389 38912 40961 45056 49153 66304 67072 68608 100352 114688 131392 196864 212992 262164 262192 262240 278532 393280 409600
1 7 28 448 16389 38912 40961 45056 49153 66304 67072 68608 100352 114688 131392 196864 262164 262192 262240 278532 344064 393280 458752
1 7 28 448 16389 38912 40961 45056 49153 67072 68608 100352 114688 131392 131840 197120 212992 262164 262192 262240 278532 393280 409600
1 7 28 448 16389 38912 40961 45056 49153 67072 68608 100352 114688 131392 131840 197120 262164 262192 262240 278532 344064 393280 458752
1 7 28 896 16389 16404 38912 40961 45056 49153 65584 65632 65728 81936 114688 131712 132608 196736 229376 265216 296960 394240 425984
1 7 28 896 16389 16404 38912 40961 45056 49153 65584 65632 65728 81936 114688 131712 196736 229376 263680 265216 296960 393728 425984
1 7 28 896 16389 16404 38912 40961 45056 49153 65584 65632 65728 81936 114688 132608 134144 165888 229376 262784 327808 393728 458752
1 7 28 896 16389 16404 38912 40961 45056 49153 65584 65632 65728 81936 114688 134144 165888 229376 262784 263680 327808 394240 458752
1 7 28 896 16389 16404 38912 40961 45056 49153 65584 65632 81936 114688 131264 131712 196672 229376 263680 265216 296960 393728 425984
1 7 28 896 16389 16404 38912 40961 45056 49153 65584 65632 81936 114688 132608 134144 165888 229376 262336 262784 327744 393728 458752
1 7 28 896 16389 16404 38912 40961 45056 49153 65728 66176 114688 132608 134144 165888 197120 229376 262192 262240 278544 327744 344064
1 7 28 896 16389 16404 38912 40961 45056 49153 66176 67072 114688 134144 165888 197632 229376 262192 262240 262336 278544 327808 344064
1 7 28 896 16389 16404 38912 40961 45056 49153 66176 114688 132608 134144 165888 197120 229376 262192 262240 262336 278544 327808 344064
1 7 28 896 16389 16404 38912 40961 45056 49153 67072 68608 100352 114688 131264 131712 197120 212992 262192 262240 278544 393280 409600
1 7 28 896 16389 16404 38912 40961 45056 49153 67072 68608 100352 114688 131264 131712 197120 262192 262240 278544 344064 393280 458752
1 7 28 896 16389 16404 38912 40961 45056 49153 67072 68608 100352 114688 131712 197120 212992 262192 262240 262336 278544 393344 409600
1 7 28 896 16389 16404 38912 40961 45056 49153 67072 68608 100352 114688 131712 197120 262192 262240 262336 278544 344064 393344 458752
1 7 28 896 16389 16404 38912 40961 45056 49153 68608 100352 114688 131712 132608 197632 212992 262192 262240 262336 278544 393344 409600
1 7 28 896 16389 16404 38912 40961 45056 49153 68608 100352 114688 131712 132608 197632 262192 262240 262336 278544 344064 393344 458752
1 7 28 896 16389 16404 40961 45056 49153 65584 65632 65728 81936 114688 131712 132608 196736 229376 265216 268288 299008 394240 425984
1 7 28 896 16389 16404 40961 45056 49153 65584 65632 65728 81936 114688 131712 196736 229376 263680 265216 268288 299008 393728 425984
1 7 28 896 16389 16404 40961 45056 49153 65584 65632 65728 81936 114688 132608 134144 137216 167936 229376 262784 327808 393728 458752
1 7 28 896 16389 16404 40961 45056 49153 65584 65632 65728 81936 114688 134144 137216 167936 229376 262784 263680 327808 394240 458752
1 7 28 896 16389 16404 40961 45056 49153 65584 65632 81936 114688 131264 131712 196672 229376 263680 265216 268288 299008 393728 425984
1 7 28 896 16389 16404 40961 45056 49153 65584 65632 81936 114688 132608 134144 137216 167936 229376 262336 262784 327744 393728 458752
1 7 28 896 16389 16404 40961 45056 49153 65728 66176 114688 132608 134144 137216 167936 197120 229376 262192 262240 278544 327744 344064
1 7 28 896 16389 16404 40961 45056 49153 66176 67072 114688 134144 137216 167936 197632 229376 262192 262240 262336 278544 327808 344064
1 7 28 896 16389 16404 40961 45056 49153 66176 114688 132608 134144 137216 167936 197120 229376 262192 262240 262336 278544 327808 344064
1 7 28 896 16389 16404 40961 45056 49153 67072 68608 71680 102400 114688 131264 131712 197120 212992 262192 262240 278544 393280 409600
1 7 28 896 16389 16404 40961 45056 49153 67072 68608 71680 102400 114688 131264 131712 197120 262192 262240 278544 344064 393280 458752
1 7 28 896 16389 16404 40961 45056 49153 67072 68608 71680 102400 114688 131712 197120 212992 262192 262240 262336 278544 393344 409600
1 7 28 896 16389 16404 40961 45056 49153 67072 68608 71680 102400 114688 131712 197120 262192 262240 262336 278544 344064 393344 458752
1 7 28 896 16389 16404 40961 45056 49153 68608 71680 102400 114688 131712 132608 197632 212992 262192 262240 262336 278544 393344 409600
1 7 28 896 16389 16404 40961 45056 49153 68608 71680 102400 114688 131712 132608 197632 262192 262240 262336 278544 344064 393344 458752
1 7 28 896 16389 24577 28672 34304 35840 38912 53248 65556 65584 81924 114688 131168 131264 196640 229376 262784 295424 393344 425984
1 7 28 896 16389 24577 28672 34304 35840 38912 53248 65556 65584 81924 114688 131168 196640 229376 262336 262784 295424 393280 425984
1 7 28 896 16389 24577 28672 34304 35840 38912 53248 65556 65584 81924 114688 131264 131712 164352 229376 262240 327712 393280 458752
1 7 28 896 16389 24577 28672 34304 35840 38912 53248 65556 65584 81924 114688 131712 164352 229376 262240 262336 327712 393344 458752
1 7 28 896 16389 24577 28672 34304 35840 38912 53248 65556 81924 114688 131120 131168 131264 196624 229376 262784 295424 393344 425984
1 7 28 896 16389 24577 28672 34304 35840 38912 53248 65556 81924 114688 131120 131168 196624 229376 262336 262784 295424 393280 425984
1 7 28 896 16389 24577 28672 34304 35840 38912 53248 65556 81924 114688 131264 131712 164352 229376 262192 262240 327696 393280 458752
1 7 28 896 16389 24577 28672 34304 35840 38912 53248 65556 81924 114688 131712 164352 229376 262192 262240 262336 327696 393344 458752
1 7 28 896 16389 24577 28672 34304 35840 38912 53248 65584 65632 65728 114688 131712 164352 196736 229376 262164 278532 327696 344064
1 7 28 896 16389 24577 28672 34304 35840 38912 53248 65584 65632 114688 131264 131712 164352 196672 229376 262164 278532 327696 344064
1 7 28 896 16389 24577 28672 34304 35840 38912 53248 65632 65728 114688 131712 164352 196736 229376 262164 262192 278532 327712 344064
1 7 28 896 16389 24577 28672 34304 35840 38912 53248 65632 114688 131264 131712 164352 196672 229376 262164 262192 278532 327712 344064
1 7 28 896 16389 24577 28672 34304 35840 38912 53248 65728 66176 98816 114688 131120 131168 196672 212992 262164 278532 393232 409600
1 7 28 896 16389 24577 28672 34304 35840 38912 53248 65728 66176 98816 114688 131120 131168 196672 262164 278532 344064 393232 458752
1 7 28 896 16389 24577 28672 34304 35840 38912 53248 65728 66176 98816 114688 131168 196672 212992 262164 262192 278532 393248 409600
1 7 28 896 16389 24577 28672 34304 35840 38912 53248 65728 66176 98816 114688 131168 196672 262164 262192 278532 344064 393248 458752
1 7 28 896 16389 24577 28672 34304 35840 38912 53248 66176 98816 114688 131120 131168 131264 196736 212992 262164 278532 393232 409600
1 7 28 896 16389 24577 28672 34304 35840 38912 53248 66176 98816 114688 131120 131168 131264 196736 262164 278532 344064 393232 458752
1 7 28 896 16389 24577 28672 34304 35840 38912 53248 66176 98816 114688 131168 131264 196736 212992 262164 262192 278532 393248 409600
1 7 28 896 16389 24577 28672 34304 35840 38912 53248 66176 98816 114688 131168 131264 196736 262164 262192 278532 344064 393248 458752
1 7 28 896 16389 24577 28672 35840 38912 53248 65556 65584 81924 114688 131168 131264 196640 229376 262784 263680 295936 393344 425984
1 7 28 896 16389 24577 28672 35840 38912 53248 65556 65584 81924 114688 131712 132608 164864 229376 262240 262336 327712 393344 458752
1 7 28 896 16389 24577 28672 35840 38912 53248 65556 81924 114688 131120 131168 131264 196624 229376 262784 263680 295936 393344 425984
1 7 28 896 16389 24577 28672 35840 38912 53248 65556 81924 114688 131712 132608 164864 229376 262192 262240 262336 327696 393344 458752
1 7 28 896 16389 24577 28672 35840 38912 53248 65584 65632 65728 114688 131712 132608 164864 196736 229376 262164 278532 327696 344064
1 7 28 896 16389 24577 28672 35840 38912 53248 65632 65728 114688 131712 132608 164864 196736 229376 262164 262192 278532 327712 344064
1 7 28 896 16389 24577 28672 35840 38912 53248 66176 67072 99328 114688 131120 131168 131264 196736 212992 262164 278532 393232 409600
1 7 28 896 16389 24577 28672 35840 38912 53248 66176 67072 99328 114688 131120 131168 131264 196736 262164 278532 344064 393232 458752
1 7 28 896 16389 24577 28672 35840 38912 53248 66176 67072 99328 114688 131168 131264 196736 212992 262164 262192 278532 393248 409600
1 7 28 896 16389 24577 28672 35840 38912 53248 66176 67072 99328 114688 131168 131264 196736 262164 262192 278532 344064 393248 458752
1 7 28 896 16389 24577 38912 45056 57344 67072 68608 100352 114688 131092 131120 131168 131264 147460 212992 262784 328192 393344 458752
1 7 28 896 16389 24577 38912 45056 57344 67072 68608 100352 114688 131092 131120 131168 147460 212992 262336 262784 328192 393280 458752
1 7 28 896 16389 24577 38912 45056 57344 67072 68608 100352 114688 131264 131712 197120 212992 262164 262192 262240 278532 393280 409600
1 7 28 896 16389 24577 38912 45056 57344 67072 68608 100352 114688 131712 197120 212992 262164 262192 262240 262336 278532 393344 409600
1 7 28 896 16389 24577 38912 45056 57344 67072 68608 100352 131092 131120 131168 131264 147460 180224 229376 262784 328192 393344 458752
1 7 28 896 16389 24577 38912 45056 57344 67072 68608 100352 131092 131120 131168 147460 180224 229376 262336 262784 328192 393280 458752
1 7 28 896 16389 24577 38912 45056 57344 67072 68608 100352 131264 131712 180224 197120 229376 262164 262192 262240 278532 393280 409600
1 7 28 896 16389 24577 38912 45056 57344 67072 68608 100352 131264 131712 197120 229376 262164 262192 262240 278532 311296 393280 425984
1 7 28 896 16389 24577 38912 45056 57344 67072 68608 100352 131712 180224 197120 229376 262164 262192 262240 262336 278532 393344 409600
1 7 28 896 16389 24577 38912 45056 57344 67072 68608 100352 131712 197120 229376 262164 262192 262240 262336 278532 311296 393344 425984
1 7 28 896 16389 24577 38912 45056 57344 68608 100352 114688 131092 131120 131168 131264 147460 212992 262784 263680 328704 393344 458752
1 7 28 896 16389 24577 38912 45056 57344 68608 100352 114688 131712 132608 197632 212992 262164 262192 262240 262336 278532 393344 409600
1 7 28 896 16389 24577 38912 45056 57344 68608 100352 131092 131120 131168 131264 147460 180224 229376 262784 263680 328704 393344 458752
1 7 28 896 16389 24577 38912 45056 57344 68608 100352 131712 132608 180224 197632 229376 262164 262192 262240 262336 278532 393344 409600
1 7 28 896 16389 24577 38912 45056 57344 68608 100352 131712 132608 197632 229376 262164 262192 262240 262336 278532 311296 393344 425984
1 7 28 896 16389 24577 45056 57344 67072 68608 71680 102400 114688 131264 131712 197120 212992 262164 262192 262240 278532 393280 409600
1 7 28 896 16389 24577 45056 57344 67072 68608 71680 102400 114688 131264 131712 197120 262164 262192 262240 278532 344064 393280 458752
1 7 28 896 16389 24577 45056 57344 67072 68608 71680 102400 131264 131712 180224 197120 229376 262164 262192 262240 278532 393280 409600
1 7 28 896 16389 24577 45056 57344 67072 68608 71680 102400 131264 131712 197120 229376 262164 262192 262240 278532 311296 393280 425984
1 7 28 896 16389 24577 45056 57344 67072 68608 71680 102400 131264 131712 197120 262164 262192 262240 278532 311296 360448 393280 458752
1 7 28 896 16389 24577 45056 57344 68608 71680 102400 114688 131712 132608 197632 212992 262164 262192 262240 262336 278532 393344 409600
1 7 28 896 16389 24577 45056 57344 68608 71680 102400 114688 131712 132608 197632 262164 262192 262240 262336 278532 344064 393344 458752
1 7 28 896 16389 24577 45056 57344 68608 71680 102400 131712 132608 180224 197632 229376 262164 262192 262240 262336 278532 393344 409600
1 7 28 896 16389 24577 45056 57344 68608 71680 102400 131712 132608 197632 229376 262164 262192 262240 262336 278532 311296 393344 425984
1 7 28 896 16389 24577 45056 57344 68608 71680 102400 131712 132608 197632 262164 262192 262240 262336 278532 311296 360448 393344 458752
1 7 28 896 16389 40961 45056 49153 65556 65584 65632 65728 81924 114688 131712 132608 196736 229376 265216 268288 299008 394240 425984
1 7 28 896 16389 40961 45056 49153 65556 65584 65632 65728 81924 114688 134144 137216 167936 229376 262784 263680 327808 394240 458752
1 7 28 896 16389 40961 45056 49153 65556 65584 65632 81924 114688 131264 131712 196672 229376 263680 265216 268288 299008 393728 425984
1 7 28 896 16389 40961 45056 49153 65556 65584 65632 81924 114688 132608 134144 137216 167936 229376 262336 262784 327744 393728 458752
1 7 28 896 16389 40961 45056 49153 65728 66176 114688 132608 134144 137216 167936 197120 229376 262164 262192 262240 278532 327744 344064
1 7 28 896 16389 40961 45056 49153 66176 67072 114688 134144 137216 167936 197632 229376 262164 262192 262240 262336 278532 327808 344064
1 7 28 896 16389 40961 45056 49153 67072 68608 71680 102400 114688 131264 131712 197120 212992 262164 262192 262240 278532 393280 409600
1 7 28 896 16389 40961 45056 49153 67072 68608 71680 102400 114688 131264 131712 197120 262164 262192 262240 278532 344064 393280 458752
1 7 28 896 16389 40961 45056 49153 68608 71680 102400 114688 131712 132608 197632 212992 262164 262192 262240 262336 278532 393344 409600
1 7 28 896 16389 40961 45056 49153 68608 71680 102400 114688 131712 132608 197632 262164 262192 262240 262336 278532 344064 393344 458752
1 7 28 1792 16389 16404 35840 38912 40961 45056 49153 65584 65632 65728 81936 114688 131456 132352 164864 229376 327808 393344 458752
1 7 28 1792 16389 16404 35840 38912 40961 45056 49153 65584 65632 65728 81936 114688 131456 132352 196736 229376 295936 394240 425984
1 7 28 1792 16389 16404 35840 38912 40961 45056 49153 65584 65632 65728 81936 114688 131456 164864 196736 229376 263424 393472 394240
1 7 28 1792 16389 16404 35840 38912 40961 45056 49153 65584 65632 65728 81936 114688 131456 196736 229376 263424 295936 393472 425984
1 7 28 1792 16389 16404 35840 38912 40961 45056 49153 65584 65632 65728 81936 114688 132352 164864 196736 229376 262528 393344 393472
1 7 28 1792 16389 16404 35840 38912 40961 45056 49153 65584 65632 65728 81936 114688 132352 164864 229376 262528 327808 393472 458752
1 7 28 1792 16389 16404 35840 38912 40961 45056 49153 65584 65632 65728 81936 114688 164864 196736 229376 262528 263424 393344 394240
1 7 28 1792 16389 16404 35840 38912 40961 45056 49153 65584 65632 65728 81936 114688 164864 229376 262528 263424 327808 394240 458752
1 7 28 1792 16389 16404 35840 38912 40961 45056 49153 65584 65632 65728 81936 114688 196736 229376 262528 263424 295936 393344 425984
1 7 28 1792 16389 16404 35840 38912 40961 45056 49153 65584 65632 65728 81936 114688 229376 262528 263424 295936 327808 425984 458752
1 7 28 1792 16389 16404 35840 38912 40961 45056 49153 65584 65632 65728 114688 131456 132352 164864 196736 229376 278544 327696 344064
1 7 28 1792 16389 16404 35840 38912 40961 45056 49153 65584 65632 81936 114688 131264 131456 196672 229376 263424 295936 393472 425984
1 7 28 1792 16389 16404 35840 38912 40961 45056 49153 65584 65632 81936 114688 131264 196672 229376 262528 263424 295936 393344 425984
1 7 28 1792 16389 16404 35840 38912 40961 45056 49153 65584 65632 81936 114688 131456 132352 164864 196736 229376 262336 327744 327808
1 7 28 1792 16389 16404 35840 38912 40961 45056 49153 65584 65632 81936 114688 131456 132352 164864 229376 262336 327744 393344 458752
1 7 28 1792 16389 16404 35840 38912 40961 45056 49153 65584 65632 81936 114688 132352 164864 229376 262336 262528 327744 393472 458752
1 7 28 1792 16389 16404 35840 38912 40961 45056 49153 65584 65728 81936 114688 131456 132352 164864 196736 229376 262240 327712 327744
1 7 28 1792 16389 16404 35840 38912 40961 45056 49153 65584 81936 114688 131168 131264 196640 229376 262528 263424 295936 393344 425984
1 7 28 1792 16389 16404 35840 38912 40961 45056 49153 65584 81936 114688 131456 132352 164864 196736 229376 262240 262336 327712 327808
1 7 28 1792 16389 16404 35840 38912 40961 45056 49153 65584 81936 114688 131456 132352 164864 229376 262240 262336 327712 393344 458752
1 7 28 1792 16389 16404 35840 38912 40961 45056 49153 65632 65728 81936 114688 131456 132352 164864 196736 229376 262192 327696 327712
1 7 28 1792 16389 16404 35840 38912 40961 45056 49153 65632 65728 114688 131456 132352 164864 196736 229376 262192 278544 327712 344064
1 7 28 1792 16389 16404 35840 38912 40961 45056 49153 65728 65920 114688 132352 164864 196864 229376 262192 262240 278544 327744 344064
1 7 28 1792 16389 16404 35840 38912 40961 45056 49153 65728 81936 114688 131456 132352 164864 196736 229376 262192 262240 327696 327744
1 7 28 1792 16389 16404 35840 38912 40961 45056 49153 65728 114688 131456 132352 164864 196736 229376 262192 262240 278544 327744 344064
1 7 28 1792 16389 16404 35840 38912 40961 45056 49153 65920 66816 99328 114688 131120 131168 131264 147472 196736 344064 409600 458752
1 7 28 1792 16389 16404 35840 38912 40961 45056 49153 65920 66816 99328 114688 131120 131168 131264 196736 212992 278544 393232 409600
1 7 28 1792 16389 16404 35840 38912 40961 45056 49153 65920 66816 99328 114688 131120 131168 131264 196736 278544 344064 393232 458752
1 7 28 1792 16389 16404 35840 38912 40961 45056 49153 65920 66816 99328 114688 131120 131168 147472 196736 212992 262336 393280 393344
1 7 28 1792 16389 16404 35840 38912 40961 45056 49153 65920 66816 99328 114688 131120 131264 147472 196736 212992 262240 393248 393280
1 7 28 1792 16389 16404 35840 38912 40961 45056 49153 65920 66816 99328 114688 131120 147472 196736 212992 262240 262336 393248 393344
1 7 28 1792 16389 16404 35840 38912 40961 45056 49153 65920 66816 99328 114688 131168 131264 147472 196736 212992 262192 393232 393248
1 7 28 1792 16389 16404 35840 38912 40961 45056 49153 65920 66816 99328 114688 131168 131264 196736 212992 262192 278544 393248 409600
1 7 28 1792 16389 16404 35840 38912 40961 45056 49153 65920 66816 99328 114688 131168 131264 196736 262192 278544 344064 393248 458752
1 7 28 1792 16389 16404 35840 38912 40961 45056 49153 65920 66816 99328 114688 131264 147472 196736 212992 262192 262240 393232 393280
1 7 28 1792 16389 16404 35840 38912 40961 45056 49153 65920 66816 99328 114688 131264 196736 212992 262192 262240 278544 393280 409600
1 7 28 1792 16389 16404 35840 38912 40961 45056 49153 65920 66816 99328 114688 131264 196736 262192 262240 278544 344064 393280 458752
1 7 28 1792 16389 16404 35840 38912 40961 45056 49153 65920 66816 99328 114688 147472 196736 212992 262192 262240 262336 393232 393344
1 7 28 1792 16389 16404 35840 38912 40961 45056 49153 65920 66816 99328 114688 196736 212992 262192 262240 262336 278544 393344 409600
1 7 28 1792 16389 16404 35840 38912 40961 45056 49153 65920 66816 99328 114688 196736 262192 262240 262336 278544 344064 393344 458752
1 7 28 1792 16389 16404 35840 38912 40961 45056 49153 65920 66816 114688 164864 197632 229376 262192 262240 262336 278544 327808 344064
1 7 28 1792 16389 16404 35840 38912 40961 45056 49153 65920 99328 114688 132352 196864 197632 262192 262240 262336 278544 327808 344064
1 7 28 1792 16389 16404 35840 38912 40961 45056 49153 65920 114688 132352 164864 196864 229376 262192 262240 262336 278544 327808 344064
1 7 28 1792 16389 16404 35840 38912 40961 45056 49153 66816 99328 114688 131264 131456 196864 212992 262192 262240 278544 393280 409600
1 7 28 1792 16389 16404 35840 38912 40961 45056 49153 66816 99328 114688 131264 131456 196864 262192 262240 278544 344064 393280 458752
1 7 28 1792 16389 16404 35840 38912 40961 45056 49153 66816 99328 114688 131456 196736 196864 262192 262240 262336 278544 327808 344064
1 7 28 1792 16389 16404 35840 38912 40961 45056 49153 66816 99328 114688 131456 196864 212992 262192 262240 262336 278544 393344 409600
1 7 28 1792 16389 16404 35840 38912 40961 45056 49153 66816 99328 114688 131456 196864 262192 262240 262336 278544 344064 393344 458752
1 7 28 1792 16389 16404 35840 38912 40961 45056 49153 81936 114688 131120 131168 131264 196624 229376 262528 263424 295936 393344 425984
1 7 28 1792 16389 16404 35840 38912 40961 45056 49153 81936 114688 131456 132352 164864 196736 229376 262192 262240 262336 327696 327808
1 7 28 1792 16389 16404 35840 38912 40961 45056 49153 81936 114688 131456 132352 164864 229376 262192 262240 262336 327696 393344 458752
1 7 28 1792 16389 16404 35840 38912 40961 45056 49153 99328 114688 131456 132352 196736 197632 262192 262240 262336 278544 327808 344064
1 7 28 1792 16389 16404 35840 38912 40961 45056 49153 99328 114688 131456 132352 197632 212992 262192 262240 262336 278544 393344 409600
1 7 28 1792 16389 16404 35840 38912 40961 45056 49153 99328 114688 131456 132352 197632 262192 262240 262336 278544 344064 393344 458752
1 7 28 1792 16389 16404 35840 38912 40961 45056 49153 114688 131120 131168 131264 147472 212992 229376 262528 263424 295936 393344 425984
1 7 28 1792 16389 16404 35840 38912 40961 45056 49153 114688 131456 132352 164864 196736 229376 262192 262240 262336 278544 327808 344064
1 7 28 1792 16389 16404 35840 38912 40961 45056 49153 114688 131456 132352 164864 212992 229376 262192 262240 262336 278544 393344 409600
1 7 28 1792 16389 16404 35840 38912 40961 45056 49153 114688 131456 132352 164864 229376 262192 262240 262336 278544 344064 393344 458752
1 7 28 1792 16389 16404 35840 38912 40961 49153 65584 65632 65728 81936 114688 131456 132352 164864 196736 229376 274432 299008 303104
1 7 28 1792 16389 16404 35840 38912 40961 49153 65920 66816 99328 114688 131120 131168 131264 147472 196736 212992 274432 299008 303104
1 7 28 1792 16389 16404 35840 38912 45056 49153 65584 65632 65728 81936 114688 131456 132352 164864 196736 229376 270337 294913 303104
1 7 28 1792 16389 16404 35840 38912 45056 49153 65920 66816 99328 114688 131120 131168 131264 147472 196736 212992 270337 294913 303104
1 7 28 1792 16389 16404 35840 38912 49153 65584 65632 65728 81936 114688 131456 132352 164864 196736 229376 270337 274432 294913 299008
1 7 28 1792 16389 16404 35840 38912 49153 65920 66816 99328 114688 131120 131168 131264 147472 196736 212992 270337 274432 294913 299008
1 7 28 1792 16389 16404 35840 40961 45056 49153 65584 65632 65728 81936 114688 131456 132352 164864 196736 229376 268288 296960 299008
1 7 28 1792 16389 16404 35840 40961 45056 49153 65920 66816 99328 114688 131120 131168 131264 147472 196736 212992 268288 296960 299008
1 7 28 1792 16389 16404 35840 40961 49153 65584 65632 65728 81936 114688 131456 132352 164864 196736 229376 268288 274432 296960 303104
1 7 28 1792 16389 16404 35840 40961 49153 65920 66816 99328 114688 131120 131168 131264 147472 196736 212992 268288 274432 296960 303104
1 7 28 1792 16389 16404 35840 49153 65584 65632 65728 81936 114688 131456 132352 164864 196736 229376 268288 270337 274432 294913 296960
1 7 28 1792 16389 16404 35840 49153 65920 66816 99328 114688 131120 131168 131264 147472 196736 212992 268288 270337 274432 294913 296960
1 7 28 1792 16389 16404 38912 40961 45056 49153 65584 65632 65728 65920 114688 132352 134144 165888 196864 229376 278544 327696 344064
1 7 28 1792 16389 16404 38912 40961 45056 49153 65584 65632 65728 81936 114688 131456 132352 164864 196736 229376 265216 295936 296960
1 7 28 1792 16389 16404 38912 40961 45056 49153 65584 65632 65728 81936 114688 131456 132352 196736 229376 265216 296960 394240 425984
1 7 28 1792 16389 16404 38912 40961 45056 49153 65584 65632 65728 81936 114688 131456 196736 229376 263424 265216 296960 393472 425984
1 7 28 1792 16389 16404 38912 40961 45056 49153 65584 65632 81936 114688 131264 131456 196672 229376 263424 265216 296960 393472 425984
1 7 28 1792 16389 16404 38912 40961 45056 49153 65584 65632 81936 114688 132352 134144 165888 196864 229376 262336 262528 327744 327936
1 7 28 1792 16389 16404 38912 40961 45056 49153 65584 65632 81936 114688 132352 134144 165888 229376 262336 262528 327744 393472 458752
1 7 28 1792 16389 16404 38912 40961 45056 49153 65584 81936 114688 131168 131264 131456 196640 229376 263424 265216 296960 393472 425984
1 7 28 1792 16389 16404 38912 40961 45056 49153 65584 81936 114688 132352 134144 165888 196864 229376 262240 262336 262528 327712 327936
1 7 28 1792 16389 16404 38912 40961 45056 49153 65584 81936 114688 132352 134144 165888 229376 262240 262336 262528 327712 393472 458752
1 7 28 1792 16389 16404 38912 40961 45056 49153 65632 65728 65920 114688 132352 134144 165888 196864 229376 262192 278544 327712 344064
1 7 28 1792 16389 16404 38912 40961 45056 49153 65728 65920 114688 132352 134144 165888 196864 229376 262192 262240 278544 327744 344064
1 7 28 1792 16389 16404 38912 40961 45056 49153 65920 66816 99328 114688 131120 131168 131264 147472 196736 212992 265216 295936 296960
1 7 28 1792 16389 16404 38912 40961 45056 49153 65920 66816 114688 134144 165888 197632 229376 262192 262240 262336 278544 327808 344064
1 7 28 1792 16389 16404 38912 40961 45056 49153 65920 114688 132352 134144 165888 196864 229376 262192 262240 262336 278544 327808 344064
1 7 28 1792 16389 16404 38912 40961 45056 49153 66816 68608 100352 114688 131120 131168 131264 131456 196864 212992 278544 393232 409600
1 7 28 1792 16389 16404 38912 40961 45056 49153 66816 68608 100352 114688 131120 131168 131264 131456 196864 278544 344064 393232 458752
1 7 28 1792 16389 16404 38912 40961 45056 49153 66816 68608 100352 114688 131120 131168 147472 196864 212992 262336 262528 393280 393472
1 7 28 1792 16389 16404 38912 40961 45056 49153 66816 68608 100352 114688 131120 147472 196864 212992 262240 262336 262528 393248 393472
1 7 28 1792 16389 16404 38912 40961 45056 49153 66816 68608 100352 114688 131168 131264 131456 196864 212992 262192 278544 393248 409600
1 7 28 1792 16389 16404 38912 40961 45056 49153 66816 68608 100352 114688 131168 131264 131456 196864 262192 278544 344064 393248 458752
1 7 28 1792 16389 16404 38912 40961 45056 49153 66816 68608 100352 114688 131264 131456 196864 212992 262192 262240 278544 393280 409600
1 7 28 1792 16389 16404 38912 40961 45056 49153 66816 68608 100352 114688 131264 131456 196864 262192 262240 278544 344064 393280 458752
1 7 28 1792 16389 16404 38912 40961 45056 49153 66816 68608 100352 114688 131456 196864 212992 262192 262240 262336 278544 393344 409600
1 7 28 1792 16389 16404 38912 40961 45056 49153 66816 68608 100352 114688 147472 196864 212992 262192 262240 262336 262528 393232 393472
1 7 28 1792 16389 16404 38912 40961 45056 49153 81936 114688 131120 131168 131264 131456 196624 229376 263424 265216 296960 393472 425984
1 7 28 1792 16389 16404 38912 40961 45056 49153 81936 114688 132352 134144 165888 196864 229376 262192 262240 262336 262528 327696 327936
1 7 28 1792 16389 16404 38912 40961 45056 49153 81936 114688 132352 134144 165888 229376 262192 262240 262336 262528 327696 393472 458752
1 7 28 1792 16389 16404 49153 49168 65584 65632 65728 65920 98320 132352 134144 196864 229376 268288 270337 274432 294913 395264 425984
1 7 28 1792 16389 16404 49153 49168 65584 65632 65728 65920 98320 132352 134144 196864 268288 270337 274432 294913 360448 395264 458752
1 7 28 1792 16389 24577 28672 35840 38912 53248 65556 65584 81924 114688 131168 131264 131456 196640 229376 263424 295936 393472 425984
1 7 28 1792 16389 24577 28672 35840 38912 53248 65556 65584 81924 114688 131168 131264 196640 229376 262528 263424 295936 393344 425984
1 7 28 1792 16389 24577 28672 35840 38912 53248 65556 65584 81924 114688 131456 132352 164864 229376 262240 262336 327712 393344 458752
1 7 28 1792 16389 24577 28672 35840 38912 53248 65556 65584 81924 114688 132352 164864 229376 262240 262336 262528 327712 393472 458752
1 7 28 1792 16389 24577 28672 35840 38912 53248 65632 65728 65920 114688 132352 164864 196864 229376 262164 262192 278532 327712 344064
1 7 28 1792 16389 24577 28672 35840 38912 53248 65632 65728 114688 131456 132352 164864 196736 229376 262164 262192 278532 327712 344064
1 7 28 1792 16389 24577 28672 35840 38912 53248 65920 66816 99328 114688 131168 131264 196736 212992 262164 262192 278532 393248 409600
1 7 28 1792 16389 24577 28672 35840 38912 53248 65920 66816 99328 114688 131168 131264 196736 262164 262192 278532 344064 393248 458752
1 7 28 1792 16389 24577 28672 35840 38912 53248 66816 99328 114688 131168 131264 131456 196864 212992 262164 262192 278532 393248 409600
1 7 28 1792 16389 24577 28672 35840 38912 53248 66816 99328 114688 131168 131264 131456 196864 262164 262192 278532 344064 393248 458752
1 7 28 1792 16389 24577 28672 38912 53248 65556 65584 81924 114688 131168 131264 131456 196640 229376 263424 265216 296960 393472 425984
1 7 28 1792 16389 24577 28672 38912 53248 65556 65584 81924 114688 132352 134144 165888 229376 262240 262336 262528 327712 393472 458752
1 7 28 1792 16389 24577 28672 38912 53248 65632 65728 65920 114688 132352 134144 165888 196864 229376 262164 262192 278532 327712 344064
1 7 28 1792 16389 24577 28672 38912 53248 66816 68608 100352 114688 131168 131264 131456 196864 212992 262164 262192 278532 393248 409600
1 7 28 1792 16389 24577 28672 38912 53248 66816 68608 100352 114688 131168 131264 131456 196864 262164 262192 278532 344064 393248 458752
1 7 28 1792 16389 24577 35840 38912 45056 57344 65920 66816 99328 114688 131120 131168 131264 196736 212992 262164 278532 393232 409600
1 7 28 1792 16389 24577 35840 38912 45056 57344 65920 66816 99328 114688 131120 131168 131264 196736 262164 278532 344064 393232 458752
1 7 28 1792 16389 24577 35840 38912 45056 57344 65920 66816 99328 114688 131168 131264 196736 212992 262164 262192 278532 393248 409600
1 7 28 1792 16389 24577 35840 38912 45056 57344 65920 66816 99328 114688 131168 131264 196736 262164 262192 278532 344064 393248 458752
1 7 28 1792 16389 24577 35840 38912 45056 57344 65920 66816 99328 131120 131168 131264 180224 196736 229376 262164 278532 393232 409600
1 7 28 1792 16389 24577 35840 38912 45056 57344 65920 66816 99328 131120 131168 131264 196736 229376 262164 278532 311296 393232 425984
1 7 28 1792 16389 24577 35840 38912 45056 57344 65920 66816 99328 131120 131168 131264 196736 262164 278532 311296 360448 393232 458752
1 7 28 1792 16389 24577 35840 38912 45056 57344 65920 66816 99328 131168 131264 180224 196736 229376 262164 262192 278532 393248 409600
1 7 28 1792 16389 24577 35840 38912 45056 57344 65920 66816 99328 131168 131264 196736 229376 262164 262192 278532 311296 393248 425984
1 7 28 1792 16389 24577 35840 38912 45056 57344 65920 66816 99328 131168 131264 196736 262164 262192 278532 311296 360448 393248 458752
1 7 28 1792 16389 24577 35840 38912 45056 57344 66816 99328 114688 131168 131264 131456 196864 212992 262164 262192 278532 393248 409600
2 7 28 1792 16389 24577 35840 38912 45056 57344 66816 99328 114688 131168 131264 131456 196864 262164 262192 278532 344064 393248 458752
1 7 28 1792 16389 24577 35840 38912 45056 57344 66816 99328 131168 131264 131456 180224 196864 229376 262164 262192 278532 393248 409600
1 7 28 1792 16389 24577 38912 45056 57344 66816 68608 100352 114688 131092 147460 212992 262192 262240 262336 262528 327936 393232 458752
1 7 28 1792 16389 24577 38912 45056 57344 66816 68608 100352 114688 131120 131168 131264 131456 196864 212992 262164 278532 393232 409600
1 7 28 1792 16389 24577 38912 45056 57344 66816 68608 100352 131092 147460 180224 229376 262192 262240 262336 262528 327936 393232 458752
1 7 28 1792 16389 24577 38912 45056 57344 66816 68608 100352 131120 131168 131264 131456 180224 196864 229376 262164 278532 393232 409600
1 7 28 1792 16389 24577 38912 45056 57344 66816 68608 100352 131120 131168 131264 131456 196864 229376 262164 278532 311296 393232 425984
1 7 28 1792 16389 32788 49153 49156 65584 65632 65728 65920 98320 132352 134144 196864 229376 268288 270337 274432 294913 395264 425984
1 7 28 1792 16389 32788 49153 49156 65584 65632 65728 65920 98320 137216 139265 143360 163841 229376 263424 265216 327936 395264 458752
1 7 28 1792 16389 32788 49153 49156 65584 65632 65728 98320 131456 132352 196736 229376 265216 268288 270337 274432 294913 394240 425984
1 7 28 1792 16389 32788 49153 49156 65584 65632 65728 98320 134144 137216 139265 143360 163841 229376 262528 263424 327808 394240 458752
1 7 28 1792 16389 35840 38912 40961 45056 49153 65556 81924 114688 131120 131168 131264 196624 229376 262528 263424 295936 393344 425984
1 7 28 1792 16389 35840 38912 40961 45056 49153 65556 81924 114688 131456 132352 164864 229376 262192 262240 262336 327696 393344 458752
1 7 28 1792 16389 35840 38912 40961 45056 49153 65584 65632 65728 114688 131456 132352 164864 196736 229376 262164 278532 327696 344064
1 7 28 1792 16389 35840 38912 40961 45056 49153 65920 66816 99328 114688 131120 131168 131264 196736 212992 262164 278532 393232 409600
1 7 28 1792 16389 35840 38912 40961 45056 49153 65920 66816 99328 114688 131120 131168 131264 196736 262164 278532 344064 393232 458752
1 7 28 16389 16404 16432 38912 40961 45056 49153 65632 65728 65920 81952 114688 131840 132608 196864 229376 265216 296960 394240 425984
1 7 28 16389 16404 16432 38912 40961 45056 49153 65632 65728 65920 81952 114688 131840 196864 229376 263680 265216 296960 393728 425984
1 7 28 16389 16404 16432 38912 40961 45056 49153 65632 65728 65920 81952 114688 132608 134144 165888 229376 262912 327936 393728 458752
1 7 28 16389 16404 16432 38912 40961 45056 49153 65632 65728 65920 81952 114688 134144 165888 229376 262912 263680 327936 394240 458752
1 7 28 16389 16404 16432 38912 40961 45056 49153 65632 65728 81952 114688 131456 131840 196736 229376 263680 265216 296960 393728 425984
1 7 28 16389 16404 16432 38912 40961 45056 49153 65632 65728 81952 114688 132608 134144 165888 229376 262528 262912 327808 393728 458752
1 7 28 16389 16404 16432 38912 40961 45056 49153 65920 66304 114688 132608 134144 165888 197120 229376 262240 262336 278560 327808 344064
1 7 28 16389 16404 16432 38912 40961 45056 49153 66304 67072 114688 134144 165888 197632 229376 262240 262336 262528 278560 327936 344064
1 7 28 16389 16404 16432 38912 40961 45056 49153 66304 114688 132608 134144 165888 197120 229376 262240 262336 262528 278560 327936 344064
1 7 28 16389 16404 16432 38912 40961 45056 49153 67072 68608 100352 114688 131456 131840 197120 212992 262240 262336 278560 393344 409600
1 7 28 16389 16404 16432 38912 40961 45056 49153 67072 68608 100352 114688 131456 131840 197120 262240 262336 278560 344064 393344 458752
1 7 28 16389 16404 16432 38912 40961 45056 49153 67072 68608 100352 114688 131840 197120 212992 262240 262336 262528 278560 393472 409600
1 7 28 16389 16404 16432 38912 40961 45056 49153 67072 68608 100352 114688 131840 197120 262240 262336 262528 278560 344064 393472 458752
1 7 28 16389 16404 16432 38912 40961 45056 49153 68608 100352 114688 131840 132608 197632 212992 262240 262336 262528 278560 393472 409600
1 7 28 16389 16404 16432 38912 40961 45056 49153 68608 100352 114688 131840 132608 197632 262240 262336 262528 278560 344064 393472 458752
1 7 28 16389 16404 16432 40961 45056 49153 65632 65728 65920 81952 114688 131840 132608 196864 229376 265216 268288 299008 394240 425984
1 7 28 16389 16404 16432 40961 45056 49153 65632 65728 65920 81952 114688 134144 137216 167936 229376 262912 263680 327936 394240 458752
1 7 28 16389 16404 16432 40961 45056 49153 66304 67072 114688 134144 137216 167936 197632 229376 262240 262336 262528 278560 327936 344064
1 7 28 16389 16404 16432 40961 45056 49153 68608 71680 102400 114688 131840 132608 197632 212992 262240 262336 262528 278560 393472 409600
1 7 28 16389 16404 16432 40961 45056 49153 68608 71680 102400 114688 131840 132608 197632 262240 262336 262528 278560 344064 393472 458752
1 7 28 16389 16404 35840 36865 38912 49153 65584 65632 65728 81936 114688 131456 131840 132608 164864 196736 229376 266241 270337 274432
1 7 28 16389 16404 35840 36865 38912 49153 65920 66304 67072 99328 114688 131120 131168 131264 147472 196736 212992 266241 270337 274432
1 7 28 16389 16404 35840 38912 40961 45056 49153 65584 65632 65728 81936 114688 131456 131840 132608 164864 229376 327808 393344 458752
1 7 28 16389 16404 35840 38912 40961 45056 49153 65584 65632 65728 81936 114688 131456 131840 132608 196736 229376 295936 394240 425984
1 7 28 16389 16404 35840 38912 40961 45056 49153 65584 65632 65728 81936 114688 131456 131840 164864 196736 229376 263680 393728 394240
1 7 28 16389 16404 35840 38912 40961 45056 49153 65584 65632 65728 81936 114688 131456 131840 196736 229376 263680 295936 393728 425984
1 7 28 16389 16404 35840 38912 40961 45056 49153 65584 65632 65728 81936 114688 131456 132352 164864 196736 229376 262912 263424 263680
1 7 28 16389 16404 35840 38912 40961 45056 49153 65584 65632 65728 81936 114688 131456 132608 164864 196736 229376 262912 393472 393728
1 7 28 16389 16404 35840 38912 40961 45056 49153 65584 65632 65728 81936 114688 131456 164864 196736 229376 262912 263680 393472 394240
1 7 28 16389 16404 35840 38912 40961 45056 49153 65584 65632 65728 81936 114688 131456 196736 229376 262912 263680 295936 393472 425984
1 7 28 16389 16404 35840 38912 40961 45056 49153 65584 65632 65728 81936 114688 131840 132608 164864 196736 229376 262528 393344 393472
1 7 28 16389 16404 35840 38912 40961 45056 49153 65584 65632 65728 81936 114688 131840 132608 164864 229376 262528 327808 393472 458752
1 7 28 16389 16404 35840 38912 40961 45056 49153 65584 65632 65728 81936 114688 132608 164864 196736 229376 262528 262912 393344 393728
1 7 28 16389 16404 35840 38912 40961 45056 49153 65584 65632 65728 81936 114688 132608 164864 229376 262528 262912 327808 393728 458752
1 7 28 16389 16404 35840 38912 40961 45056 49153 65584 65632 65728 81936 114688 164864 196736 229376 262528 262912 263680 393344 394240
1 7 28 16389 16404 35840 38912 40961 45056 49153 65584 65632 65728 81936 114688 164864 229376 262528 262912 263680 327808 394240 458752
1 7 28 16389 16404 35840 38912 40961 45056 49153 65584 65632 65728 81936 114688 196736 229376 262528 262912 263680 295936 393344 425984
1 7 28 16389 16404 35840 38912 40961 45056 49153 65584 65632 65728 81936 114688 229376 262528 262912 263680 295936 327808 425984 458752
1 7 28 16389 16404 35840 38912 40961 45056 49153 65584 65632 65728 114688 131456 131840 132608 164864 196736 229376 278544 327696 344064
1 7 28 16389 16404 35840 38912 40961 45056 49153 65584 65632 81936 114688 131264 131456 196672 229376 262912 263680 295936 393472 425984
1 7 28 16389 16404 35840 38912 40961 45056 49153 65584 65632 81936 114688 131264 196672 229376 262528 262912 263680 295936 393344 425984
1 7 28 16389 16404 35840 38912 40961 45056 49153 65584 65632 81936 114688 131456 131840 132608 164864 196736 229376 262336 327744 327808
1 7 28 16389 16404 35840 38912 40961 45056 49153 65584 65632 81936 114688 131456 131840 132608 164864 229376 262336 327744 393344 458752
1 7 28 16389 16404 35840 38912 40961 45056 49153 65584 65632 81936 114688 131840 132608 164864 229376 262336 262528 327744 393472 458752
1 7 28 16389 16404 35840 38912 40961 45056 49153 65584 65728 81936 114688 131456 131840 132608 164864 196736 229376 262240 327712 327744
1 7 28 16389 16404 35840 38912 40961 45056 49153 65584 81936 114688 131168 131264 196640 229376 262528 262912 263680 295936 393344 425984
1 7 28 16389 16404 35840 38912 40961 45056 49153 65584 81936 114688 131456 131840 132608 164864 196736 229376 262240 262336 327712 327808
1 7 28 16389 16404 35840 38912 40961 45056 49153 65584 81936 114688 131456 131840 132608 164864 229376 262240 262336 327712 393344 458752
1 7 28 16389 16404 35840 38912 40961 45056 49153 65632 65728 81936 114688 131456 131840 132608 164864 196736 229376 262192 327696 327712
1 7 28 16389 16404 35840 38912 40961 45056 49153 65632 65728 114688 131456 131840 132608 164864 196736 229376 262192 278544 327712 344064
1 7 28 16389 16404 35840 38912 40961 45056 49153 65728 65920 114688 131840 132608 164864 196864 229376 262192 262240 278544 327744 344064
1 7 28 16389 16404 35840 38912 40961 45056 49153 65728 81936 114688 131456 131840 132608 164864 196736 229376 262192 262240 327696 327744
1 7 28 16389 16404 35840 38912 40961 45056 49153 65728 114688 131456 131840 132608 164864 196736 229376 262192 262240 278544 327744 344064
1 7 28 16389 16404 35840 38912 40961 45056 49153 65920 66304 67072 99328 114688 131120 131168 131264 147472 196736 344064 409600 458752
1 7 28 16389 16404 35840 38912 40961 45056 49153 65920 66304 67072 99328 114688 131120 131168 131264 196736 212992 278544 393232 409600
1 7 28 16389 16404 35840 38912 40961 45056 49153 65920 66304 67072 99328 114688 131120 131168 131264 196736 278544 344064 393232 458752
1 7 28 16389 16404 35840 38912 40961 45056 49153 65920 66304 67072 99328 114688 131120 131168 147472 196736 212992 262336 393280 393344
1 7 28 16389 16404 35840 38912 40961 45056 49153 65920 66304 67072 99328 114688 131120 131264 147472 196736 212992 262240 393248 393280
1 7 28 16389 16404 35840 38912 40961 45056 49153 65920 66304 67072 99328 114688 131120 147472 196736 212992 262240 262336 393248 393344
1 7 28 16389 16404 35840 38912 40961 45056 49153 65920 66304 67072 99328 114688 131168 131264 147472 196736 212992 262192 393232 393248
1 7 28 16389 16404 35840 38912 40961 45056 49153 65920 66304 67072 99328 114688 131168 131264 196736 212992 262192 278544 393248 409600
1 7 28 16389 16404 35840 38912 40961 45056 49153 65920 66304 67072 99328 114688 131168 131264 196736 262192 278544 344064 393248 458752
1 7 28 16389 16404 35840 38912 40961 45056 49153 65920 66304 67072 99328 114688 131264 147472 196736 212992 262192 262240 393232 393280
1 7 28 16389 16404 35840 38912 40961 45056 49153 65920 66304 67072 99328 114688 131264 196736 212992 262192 262240 278544 393280 409600
1 7 28 16389 16404 35840 38912 40961 45056 49153 65920 66304 67072 99328 114688 131264 196736 262192 262240 278544 344064 393280 458752
1 7 28 16389 16404 35840 38912 40961 45056 49153 65920 66304 67072 99328 114688 147472 196736 212992 262192 262240 262336 393232 393344
1 7 28 16389 16404 35840 38912 40961 45056 49153 65920 66304 67072 99328 114688 196736 212992 262192 262240 262336 278544 393344 409600
1 7 28 16389 16404 35840 38912 40961 45056 49153 65920 66304 67072 99328 114688 196736 262192 262240 262336 278544 344064 393344 458752
1 7 28 16389 16404 35840 38912 40961 45056 49153 65920 66304 67072 114688 164864 197632 229376 262192 262240 262336 278544 327808 344064
1 7 28 16389 16404 35840 38912 40961 45056 49153 65920 66304 99328 114688 132608 197120 197632 262192 262240 262336 278544 327808 344064
1 7 28 16389 16404 35840 38912 40961 45056 49153 65920 66304 114688 132608 164864 197120 229376 262192 262240 262336 278544 327808 344064
1 7 28 16389 16404 35840 38912 40961 45056 49153 65920 66816 99328 114688 131840 132352 132608 262192 262240 262336 278544 327808 344064
1 7 28 16389 16404 35840 38912 40961 45056 49153 65920 67072 99328 114688 131840 196864 197120 262192 262240 262336 278544 327808 344064
1 7 28 16389 16404 35840 38912 40961 45056 49153 65920 99328 114688 131840 132608 196864 197632 262192 262240 262336 278544 327808 344064
1 7 28 16389 16404 35840 38912 40961 45056 49153 65920 114688 131840 132608 164864 196864 229376 262192 262240 262336 278544 327808 344064
1 7 28 16389 16404 35840 38912 40961 45056 49153 66304 67072 99328 114688 131264 131456 196864 212992 262192 262240 278544 393280 409600
1 7 28 16389 16404 35840 38912 40961 45056 49153 66304 67072 99328 114688 131264 131456 196864 262192 262240 278544 344064 393280 458752
1 7 28 16389 16404 35840 38912 40961 45056 49153 66304 67072 99328 114688 131456 196736 196864 262192 262240 262336 278544 327808 344064
1 7 28 16389 16404 35840 38912 40961 45056 49153 66304 67072 99328 114688 131456 196864 212992 262192 262240 262336 278544 393344 409600
1 7 28 16389 16404 35840 38912 40961 45056 49153 66304 67072 99328 114688 131456 196864 262192 262240 262336 278544 344064 393344 458752
1 7 28 16389 16404 35840 38912 40961 45056 49153 67072 99328 114688 131456 131840 196736 197120 262192 262240 262336 278544 327808 344064
1 7 28 16389 16404 35840 38912 40961 45056 49153 67072 99328 114688 131456 131840 197120 212992 262192 262240 262336 278544 393344 409600
1 7 28 16389 16404 35840 38912 40961 45056 49153 67072 99328 114688 131456 131840 197120 262192 262240 262336 278544 344064 393344 458752
1 7 28 16389 16404 35840 38912 40961 45056 49153 81936 114688 131120 131168 131264 196624 229376 262528 262912 263680 295936 393344 425984
1 7 28 16389 16404 35840 38912 40961 45056 49153 81936 114688 131456 131840 132608 164864 196736 229376 262192 262240 262336 327696 327808
1 7 28 16389 16404 35840 38912 40961 45056 49153 81936 114688 131456 131840 132608 164864 229376 262192 262240 262336 327696 393344 458752
1 7 28 16389 16404 35840 38912 40961 45056 49153 99328 114688 131456 131840 132608 196736 197632 262192 262240 262336 278544 327808 344064
1 7 28 16389 16404 35840 38912 40961 45056 49153 99328 114688 131456 131840 132608 197632 212992 262192 262240 262336 278544 393344 409600
1 7 28 16389 16404 35840 38912 40961 45056 49153 99328 114688 131456 131840 132608 197632 262192 262240 262336 278544 344064 393344 458752
1 7 28 16389 16404 35840 38912 40961 45056 49153 114688 131120 131168 131264 147472 212992 229376 262528 262912 263680 295936 393344 425984
1 7 28 16389 16404 35840 38912 40961 45056 49153 114688 131456 131840 132608 164864 196736 229376 262192 262240 262336 278544 327808 344064
1 7 28 16389 16404 35840 38912 40961 45056 49153 114688 131456 131840 132608 164864 212992 229376 262192 262240 262336 278544 393344 409600
1 7 28 16389 16404 35840 38912 40961 45056 49153 114688 131456 131840 132608 164864 229376 262192 262240 262336 278544 344064 393344 458752
1 7 28 16389 16404 35840 38912 40961 49153 65584 65632 65728 81936 114688 131456 131840 132608 164864 196736 229376 274432 299008 303104
1 7 28 16389 16404 35840 38912 40961 49153 65920 66304 67072 99328 114688 131120 131168 131264 147472 196736 212992 274432 299008 303104
1 7 28 16389 16404 35840 38912 45056 49153 65584 65632 65728 81936 114688 131456 131840 132608 164864 196736 229376 270337 294913 303104
1 7 28 16389 16404 35840 38912 45056 49153 65920 66304 67072 99328 114688 131120 131168 131264 147472 196736 212992 270337 294913 303104
1 7 28 16389 16404 35840 38912 49153 65584 65632 65728 81936 114688 131456 131840 132608 164864 196736 229376 270337 274432 294913 299008
1 7 28 16389 16404 35840 38912 49153 65920 66304 67072 99328 114688 131120 131168 131264 147472 196736 212992 270337 274432 294913 299008
1 7 28 16389 16404 35840 40961 45056 49153 65584 65632 65728 81936 114688 131456 131840 132608 164864 196736 229376 268288 296960 299008
1 7 28 16389 16404 35840 40961 45056 49153 65920 66304 67072 99328 114688 131120 131168 131264 147472 196736 212992 268288 296960 299008
1 7 28 16389 16404 35840 40961 49153 65584 65632 65728 81936 114688 131456 131840 132608 164864 196736 229376 268288 274432 296960 303104
1 7 28 16389 16404 35840 40961 49153 65920 66304 67072 99328 114688 131120 131168 131264 147472 196736 212992 268288 274432 296960 303104
1 7 28 16389 16404 35840 49153 65584 65632 65728 81936 114688 131456 131840 132608 164864 196736 229376 268288 270337 274432 294913 296960
1 7 28 16389 16404 35840 49153 65920 66304 67072 99328 114688 131120 131168 131264 147472 196736 212992 268288 270337 274432 294913 296960
1 7 28 16389 16404 37888 40961 45056 49153 65584 65632 65728 81936 114688 131456 131840 132608 164864 196736 229376 265216 267264 268288
1 7 28 16389 16404 37888 40961 45056 49153 65920 66304 67072 99328 114688 131120 131168 131264 147472 196736 212992 265216 267264 268288
1 7 28 16389 16404 38912 40961 45056 49153 65584 65632 65728 65920 114688 131840 132608 134144 165888 196864 229376 278544 327696 344064
1 7 28 16389 16404 38912 40961 45056 49153 65584 65632 65728 81936 114688 131456 131840 132608 164864 196736 229376 265216 295936 296960
1 7 28 16389 16404 38912 40961 45056 49153 65584 65632 65728 81936 114688 131456 131840 132608 196736 229376 265216 296960 394240 425984
1 7 28 16389 16404 38912 40961 45056 49153 65584 65632 65728 81936 114688 131456 131840 196736 229376 263680 265216 296960 393728 425984
1 7 28 16389 16404 38912 40961 45056 49153 65584 65632 65728 81936 114688 131456 196736 229376 262912 263680 265216 296960 393472 425984
1 7 28 16389 16404 38912 40961 45056 49153 65584 65632 81936 114688 131264 131456 131840 196672 229376 263680 265216 296960 393728 425984
1 7 28 16389 16404 38912 40961 45056 49153 65584 65632 81936 114688 131264 131456 196672 229376 262912 263680 265216 296960 393472 425984
1 7 28 16389 16404 38912 40961 45056 49153 65584 65632 81936 114688 131840 132608 134144 165888 196864 229376 262336 262528 327744 327936
1 7 28 16389 16404 38912 40961 45056 49153 65584 65632 81936 114688 131840 132608 134144 165888 229376 262336 262528 327744 393472 458752
1 7 28 16389 16404 38912 40961 45056 49153 65584 65632 81936 114688 132608 134144 165888 229376 262336 262528 262912 327744 393728 458752
1 7 28 16389 16404 38912 40961 45056 49153 65584 81936 114688 131168 131264 131456 196640 229376 262912 263680 265216 296960 393472 425984
1 7 28 16389 16404 38912 40961 45056 49153 65584 81936 114688 131840 132608 134144 165888 196864 229376 262240 262336 262528 327712 327936
1 7 28 16389 16404 38912 40961 45056 49153 65584 81936 114688 131840 132608 134144 165888 229376 262240 262336 262528 327712 393472 458752
1 7 28 16389 16404 38912 40961 45056 49153 65632 65728 65920 114688 131840 132608 134144 165888 196864 229376 262192 278544 327712 344064
1 7 28 16389 16404 38912 40961 45056 49153 65728 65920 66304 114688 132608 134144 165888 197120 229376 262192 262240 278544 327744 344064
1 7 28 16389 16404 38912 40961 45056 49153 65728 65920 114688 131840 132608 134144 165888 196864 229376 262192 262240 278544 327744 344064
1 7 28 16389 16404 38912 40961 45056 49153 65920 66304 67072 99328 114688 131120 131168 131264 147472 196736 212992 265216 295936 296960
1 7 28 16389 16404 38912 40961 45056 49153 65920 66304 67072 114688 134144 165888 197632 229376 262192 262240 262336 278544 327808 344064
1 7 28 16389 16404 38912 40961 45056 49153 65920 66304 114688 132608 134144 165888 197120 229376 262192 262240 262336 278544 327808 344064
1 7 28 16389 16404 38912 40961 45056 49153 65920 114688 131840 132608 134144 165888 196864 229376 262192 262240 262336 278544 327808 344064
1 7 28 16389 16404 38912 40961 45056 49153 66304 67072 68608 100352 114688 131120 131168 131264 131456 196864 212992 278544 393232 409600
1 7 28 16389 16404 38912 40961 45056 49153 66304 67072 68608 100352 114688 131120 131168 131264 131456 196864 278544 344064 393232 458752
1 7 28 16389 16404 38912 40961 45056 49153 66304 67072 68608 100352 114688 131120 131168 147472 196864 212992 262336 262528 393280 393472
1 7 28 16389 16404 38912 40961 45056 49153 66304 67072 68608 100352 114688 131120 147472 196864 212992 262240 262336 262528 393248 393472
1 7 28 16389 16404 38912 40961 45056 49153 66304 67072 68608 100352 114688 131168 131264 131456 196864 212992 262192 278544 393248 409600
1 7 28 16389 16404 38912 40961 45056 49153 66304 67072 68608 100352 114688 131168 131264 131456 196864 262192 278544 344064 393248 458752
1 7 28 16389 16404 38912 40961 45056 49153 66304 67072 68608 100352 114688 131264 131456 196864 212992 262192 262240 278544 393280 409600
1 7 28 16389 16404 38912 40961 45056 49153 66304 67072 68608 100352 114688 131264 131456 196864 262192 262240 278544 344064 393280 458752
1 7 28 16389 16404 38912 40961 45056 49153 66304 67072 68608 100352 114688 131456 196864 212992 262192 262240 262336 278544 393344 409600
1 7 28 16389 16404 38912 40961 45056 49153 66304 67072 68608 100352 114688 147472 196864 212992 262192 262240 262336 262528 393232 393472
1 7 28 16389 16404 38912 40961 45056 49153 67072 68608 100352 114688 131264 131456 131840 197120 212992 262192 262240 278544 393280 409600
1 7 28 16389 16404 38912 40961 45056 49153 67072 68608 100352 114688 131264 131456 131840 197120 262192 262240 278544 344064 393280 458752
2 7 28 16389 16404 38912 40961 45056 49153 67072 68608 100352 114688 131456 131840 197120 212992 262192 262240 262336 278544 393344 409600
1 7 28 16389 16404 38912 40961 45056 49153 81936 114688 131120 131168 131264 131456 196624 229376 262912 263680 265216 296960 393472 425984
1 7 28 16389 16404 38912 40961 45056 49153 81936 114688 131840 132608 134144 165888 196864 229376 262192 262240 262336 262528 327696 327936
1 7 28 16389 16404 38912 40961 45056 49153 81936 114688 131840 132608 134144 165888 229376 262192 262240 262336 262528 327696 393472 458752
1 7 28 16389 16404 40961 45056 49153 65584 65632 81936 114688 131264 131456 131840 196672 229376 263680 265216 268288 299008 393728 425984
1 7 28 16389 16404 40961 45056 49153 65728 65920 66304 114688 132608 134144 137216 167936 197120 229376 262192 262240 278544 327744 344064
2 7 28 16389 16404 40961 45056 49153 67072 68608 71680 102400 114688 131264 131456 131840 197120 212992 262192 262240 278544 393280 409600
1 7 28 16389 16404 49153 49168 65584 65632 65728 65920 98320 131840 132608 134144 196864 229376 268288 270337 274432 294913 395264 425984
1 7 28 16389 16404 49153 49168 65584 65632 65728 65920 98320 131840 132608 134144 196864 268288 270337 274432 294913 360448 395264 458752
1 7 28 16389 20481 34304 35840 38912 53248 65728 65920 66304 98816 114688 131092 131120 131168 147460 196672 212992 266241 270337 274432
1 7 28 16389 20481 34304 35840 38912 53248 65728 65920 66304 98816 131092 131120 131168 147460 180224 196672 229376 266241 270337 274432
1 7 28 16389 22528 24577 28672 33536 34304 35840 51200 65728 65920 98560 114688 131120 131168 196672 212992 262164 278532 393232 409600
1 7 28 16389 22528 24577 28672 33536 34304 35840 51200 65728 65920 98560 114688 131120 131168 196672 262164 278532 344064 393232 458752
1 7 28 16389 22528 24577 28672 33536 34304 35840 51200 65728 65920 98560 114688 131168 196672 212992 262164 262192 278532 393248 409600
1 7 28 16389 22528 24577 28672 33536 34304 35840 51200 65728 65920 98560 114688 131168 196672 262164 262192 278532 344064 393248 458752
1 7 28 16389 22528 24577 28672 33536 34304 35840 51200 65728 65920 98560 131120 131168 180224 196672 229376 262164 278532 393232 409600
1 7 28 16389 22528 24577 28672 33536 34304 35840 51200 65728 65920 98560 131120 131168 196672 229376 262164 278532 311296 393232 425984
1 7 28 16389 22528 24577 28672 33536 34304 35840 51200 65728 65920 98560 131120 131168 196672 262164 278532 311296 360448 393232 458752
1 7 28 16389 22528 24577 28672 33536 34304 35840 51200 65728 65920 98560 131168 180224 196672 229376 262164 262192 278532 393248 409600
1 7 28 16389 22528 24577 28672 33536 34304 35840 51200 65728 65920 98560 131168 196672 229376 262164 262192 278532 311296 393248 425984
1 7 28 16389 22528 24577 28672 33536 34304 35840 51200 65728 65920 98560 131168 196672 262164 262192 278532 311296 360448 393248 458752
1 7 28 16389 22528 24577 28672 33536 34304 35840 51200 65920 98560 114688 131168 131264 196736 212992 262164 262192 278532 393248 409600
1 7 28 16389 22528 24577 28672 33536 34304 35840 51200 65920 98560 114688 131168 131264 196736 262164 262192 278532 344064 393248 458752
1 7 28 16389 22528 24577 28672 33536 34304 35840 51200 65920 98560 131168 131264 180224 196736 229376 262164 262192 278532 393248 409600
1 7 28 16389 22528 24577 28672 33536 34304 35840 51200 65920 98560 131168 131264 196736 229376 262164 262192 278532 311296 393248 425984
1 7 28 16389 22528 24577 28672 33536 34304 35840 51200 65920 98560 131168 131264 196736 262164 262192 278532 311296 360448 393248 458752
1 7 28 16389 22528 24577 28672 34304 35840 51200 65920 66304 98816 114688 131092 131120 147460 212992 262240 262336 327808 393248 458752
1 7 28 16389 22528 24577 28672 34304 35840 51200 65920 66304 98816 114688 131168 131264 196736 212992 262164 262192 278532 393248 409600
1 7 28 16389 22528 24577 28672 34304 35840 51200 65920 66304 98816 131092 131120 147460 180224 229376 262240 262336 327808 393248 458752
1 7 28 16389 22528 24577 28672 34304 35840 51200 65920 66304 98816 131168 131264 180224 196736 229376 262164 262192 278532 393248 409600
1 7 28 16389 22528 24577 28672 34304 35840 51200 65920 66304 98816 131168 131264 196736 229376 262164 262192 278532 311296 393248 425984
1 7 28 16389 24577 28672 34304 35840 38912 53248 65556 65584 65632 81924 114688 131264 131456 131840 164352 229376 327744 393280 458752
1 7 28 16389 24577 28672 34304 35840 38912 53248 65556 65584 65632 81924 114688 131264 131456 131840 196672 229376 295424 393728 425984
1 7 28 16389 24577 28672 34304 35840 38912 53248 65556 65584 65632 81924 114688 131264 131456 164352 196672 229376 262912 393472 393728
1 7 28 16389 24577 28672 34304 35840 38912 53248 65556 65584 65632 81924 114688 131264 131456 196672 229376 262912 295424 393472 425984
1 7 28 16389 24577 28672 34304 35840 38912 53248 65556 65584 65632 81924 114688 131264 131840 164352 196672 229376 262528 393344 393472
1 7 28 16389 24577 28672 34304 35840 38912 53248 65556 65584 65632 81924 114688 131264 164352 196672 229376 262528 262912 393344 393728
1 7 28 16389 24577 28672 34304 35840 38912 53248 65556 65584 65632 81924 114688 131264 196672 229376 262528 262912 295424 393344 425984
1 7 28 16389 24577 28672 34304 35840 38912 53248 65556 65584 65632 81924 114688 131456 131840 164352 196672 229376 262336 393280 393344
1 7 28 16389 24577 28672 34304 35840 38912 53248 65556 65584 65632 81924 114688 131456 131840 164352 229376 262336 327744 393344 458752
1 7 28 16389 24577 28672 34304 35840 38912 53248 65556 65584 65632 81924 114688 131840 164352 196672 229376 262336 262528 393280 393472
1 7 28 16389 24577 28672 34304 35840 38912 53248 65556 65584 65632 81924 114688 131840 164352 229376 262336 262528 327744 393472 458752
1 7 28 16389 24577 28672 34304 35840 38912 53248 65556 65584 65632 81924 114688 164352 196672 229376 262336 262528 262912 393280 393728
1 7 28 16389 24577 28672 34304 35840 38912 53248 65556 65584 65632 81924 114688 164352 229376 262336 262528 262912 327744 393728 458752
1 7 28 16389 24577 28672 34304 35840 38912 53248 65556 65584 65632 81924 114688 196672 229376 262336 262528 262912 295424 393280 425984
1 7 28 16389 24577 28672 34304 35840 38912 53248 65556 65584 65632 81924 114688 229376 262336 262528 262912 295424 327744 425984 458752
1 7 28 16389 24577 28672 34304 35840 38912 53248 65556 65584 65632 114688 131264 131456 131840 164352 196672 229376 278532 327684 344064
1 7 28 16389 24577 28672 34304 35840 38912 53248 65556 65584 81924 114688 131168 131264 131456 196640 229376 262912 295424 393472 425984
1 7 28 16389 24577 28672 34304 35840 38912 53248 65556 65584 81924 114688 131168 131264 196640 229376 262528 262912 295424 393344 425984
1 7 28 16389 24577 28672 34304 35840 38912 53248 65556 65584 81924 114688 131168 196640 229376 262336 262528 262912 295424 393280 425984
1 7 28 16389 24577 28672 34304 35840 38912 53248 65556 65584 81924 114688 131264 131456 131840 164352 196672 229376 262240 327712 327744
1 7 28 16389 24577 28672 34304 35840 38912 53248 65556 65584 81924 114688 131264 131456 131840 164352 229376 262240 327712 393280 458752
1 7 28 16389 24577 28672 34304 35840 38912 53248 65556 65584 81924 114688 131456 131840 164352 229376 262240 262336 327712 393344 458752
1 7 28 16389 24577 28672 34304 35840 38912 53248 65556 65584 81924 114688 131840 164352 229376 262240 262336 262528 327712 393472 458752
1 7 28 16389 24577 28672 34304 35840 38912 53248 65556 65632 81924 114688 131264 131456 131840 164352 196672 229376 262192 327696 327712
1 7 28 16389 24577 28672 34304 35840 38912 53248 65556 81924 114688 131120 131168 131264 196624 229376 262528 262912 295424 393344 425984
1 7 28 16389 24577 28672 34304 35840 38912 53248 65556 81924 114688 131120 131168 196624 229376 262336 262528 262912 295424 393280 425984
1 7 28 16389 24577 28672 34304 35840 38912 53248 65556 81924 114688 131264 131456 131840 164352 196672 229376 262192 262240 327696 327744
1 7 28 16389 24577 28672 34304 35840 38912 53248 65556 81924 114688 131264 131456 131840 164352 229376 262192 262240 327696 393280 458752
1 7 28 16389 24577 28672 34304 35840 38912 53248 65556 81924 114688 131456 131840 164352 229376 262192 262240 262336 327696 393344 458752
1 7 28 16389 24577 28672 34304 35840 38912 53248 65584 65632 65728 114688 131456 131840 164352 196736 229376 262164 278532 327696 344064
1 7 28 16389 24577 28672 34304 35840 38912 53248 65584 65632 81924 114688 131264 131456 131840 164352 196672 229376 262164 327684 327696
1 7 28 16389 24577 28672 34304 35840 38912 53248 65584 65632 114688 131264 131456 131840 164352 196672 229376 262164 278532 327696 344064
1 7 28 16389 24577 28672 34304 35840 38912 53248 65632 65728 65920 114688 131840 164352 196864 229376 262164 262192 278532 327712 344064
1 7 28 16389 24577 28672 34304 35840 38912 53248 65632 65728 114688 131456 131840 164352 196736 229376 262164 262192 278532 327712 344064
1 7 28 16389 24577 28672 34304 35840 38912 53248 65632 81924 114688 131264 131456 131840 164352 196672 229376 262164 262192 327684 327712
1 7 28 16389 24577 28672 34304 35840 38912 53248 65632 114688 131264 131456 131840 164352 196672 229376 262164 262192 278532 327712 344064
1 7 28 16389 24577 28672 34304 35840 38912 53248 65728 65920 66304 98816 114688 131092 131120 131168 147460 196672 344064 409600 458752
1 7 28 16389 24577 28672 34304 35840 38912 53248 65728 65920 66304 98816 114688 131092 131120 131168 196672 278532 344064 393220 458752
1 7 28 16389 24577 28672 34304 35840 38912 53248 65728 65920 66304 98816 114688 131092 131120 147460 196672 212992 262240 393248 393280
1 7 28 16389 24577 28672 34304 35840 38912 53248 65728 65920 66304 98816 114688 131092 131168 147460 196672 212992 262192 393232 393248
1 7 28 16389 24577 28672 34304 35840 38912 53248 65728 65920 66304 98816 114688 131092 147460 196672 212992 262192 262240 393232 393280
1 7 28 16389 24577 28672 34304 35840 38912 53248 65728 65920 66304 98816 114688 131120 131168 147460 196672 212992 262164 393220 393232
1 7 28 16389 24577 28672 34304 35840 38912 53248 65728 65920 66304 98816 114688 131120 131168 196672 212992 262164 278532 393232 409600
1 7 28 16389 24577 28672 34304 35840 38912 53248 65728 65920 66304 98816 114688 131120 131168 196672 262164 278532 344064 393232 458752
1 7 28 16389 24577 28672 34304 35840 38912 53248 65728 65920 66304 98816 114688 131168 147460 196672 212992 262164 262192 393220 393248
1 7 28 16389 24577 28672 34304 35840 38912 53248 65728 65920 66304 98816 114688 131168 196672 212992 262164 262192 278532 393248 409600
1 7 28 16389 24577 28672 34304 35840 38912 53248 65728 65920 66304 98816 114688 131168 196672 262164 262192 278532 344064 393248 458752
1 7 28 16389 24577 28672 34304 35840 38912 53248 65728 65920 66304 98816 114688 147460 196672 212992 262164 262192 262240 393220 393280
1 7 28 16389 24577 28672 34304 35840 38912 53248 65728 65920 66304 98816 114688 196672 212992 262164 262192 262240 278532 393280 409600
1 7 28 16389 24577 28672 34304 35840 38912 53248 65728 65920 66304 98816 114688 196672 262164 262192 262240 278532 344064 393280 458752
1 7 28 16389 24577 28672 34304 35840 38912 53248 65728 65920 98816 114688 131840 196864 197120 262164 262192 262240 278532 327744 344064
1 7 28 16389 24577 28672 34304 35840 38912 53248 65728 65920 114688 131840 164352 196864 229376 262164 262192 262240 278532 327744 344064
1 7 28 16389 24577 28672 34304 35840 38912 53248 65728 66304 98816 114688 131456 196736 196864 262164 262192 262240 278532 327744 344064
1 7 28 16389 24577 28672 34304 35840 38912 53248 65728 98816 114688 131456 131840 196736 197120 262164 262192 262240 278532 327744 344064
1 7 28 16389 24577 28672 34304 35840 38912 53248 65728 114688 131456 131840 164352 196736 229376 262164 262192 262240 278532 327744 344064
1 7 28 16389 24577 28672 34304 35840 38912 53248 65920 66304 98816 114688 131120 131168 131264 196736 212992 262164 278532 393232 409600
1 7 28 16389 24577 28672 34304 35840 38912 53248 65920 66304 98816 114688 131120 131168 131264 196736 262164 278532 344064 393232 458752
1 7 28 16389 24577 28672 34304 35840 38912 53248 65920 66304 98816 114688 131168 131264 196736 212992 262164 262192 278532 393248 409600
1 7 28 16389 24577 28672 34304 35840 38912 53248 65920 66304 98816 114688 131168 131264 196736 262164 262192 278532 344064 393248 458752
1 7 28 16389 24577 28672 34304 35840 38912 53248 65920 66304 98816 114688 131264 196672 196736 262164 262192 262240 278532 327744 344064
1 7 28 16389 24577 28672 34304 35840 38912 53248 65920 66304 98816 114688 131264 196736 212992 262164 262192 262240 278532 393280 409600
1 7 28 16389 24577 28672 34304 35840 38912 53248 65920 66304 98816 114688 131264 196736 262164 262192 262240 278532 344064 393280 458752
1 7 28 16389 24577 28672 34304 35840 38912 53248 66304 98816 114688 131168 131264 131456 196864 212992 262164 262192 278532 393248 409600
1 7 28 16389 24577 28672 34304 35840 38912 53248 66304 98816 114688 131168 131264 131456 196864 262164 262192 278532 344064 393248 458752
1 7 28 16389 24577 28672 34304 35840 38912 53248 66304 98816 114688 131264 131456 196672 196864 262164 262192 262240 278532 327744 344064
1 7 28 16389 24577 28672 34304 35840 38912 53248 66304 98816 114688 131264 131456 196864 212992 262164 262192 262240 278532 393280 409600
1 7 28 16389 24577 28672 34304 35840 38912 53248 66304 98816 114688 131264 131456 196864 262164 262192 262240 278532 344064 393280 458752
1 7 28 16389 24577 28672 34304 35840 38912 53248 81924 114688 131264 131456 131840 164352 196672 229376 262164 262192 262240 327684 327744
2 7 28 16389 24577 28672 34304 35840 38912 53248 81924 114688 131264 131456 131840 164352 229376 262164 262192 262240 327684 393280 458752
1 7 28 16389 24577 28672 34304 35840 38912 53248 98816 114688 131264 131456 131840 196672 197120 262164 262192 262240 278532 327744 344064
2 7 28 16389 24577 28672 34304 35840 38912 53248 98816 114688 131264 131456 131840 197120 262164 262192 262240 278532 344064 393280 458752
1 7 28 16389 24577 28672 34304 35840 38912 53248 114688 131264 131456 131840 164352 196672 229376 262164 262192 262240 278532 327744 344064
2 7 28 16389 24577 28672 34304 35840 38912 53248 114688 131264 131456 131840 164352 229376 262164 262192 262240 278532 344064 393280 458752
1 7 28 16389 24577 28672 35840 38912 53248 65556 65584 65632 81924 114688 131264 131456 196672 229376 262912 263680 295936 393472 425984
1 7 28 16389 24577 28672 35840 38912 53248 65556 65584 65632 81924 114688 131264 196672 229376 262528 262912 263680 295936 393344 425984
1 7 28 16389 24577 28672 35840 38912 53248 65556 65584 65632 81924 114688 131456 131840 132608 164864 229376 262336 327744 393344 458752
1 7 28 16389 24577 28672 35840 38912 53248 65556 65584 65632 81924 114688 131840 132608 164864 229376 262336 262528 327744 393472 458752
1 7 28 16389 24577 28672 35840 38912 53248 65556 65584 81924 114688 131168 131264 131456 196640 229376 262912 263680 295936 393472 425984
1 7 28 16389 24577 28672 35840 38912 53248 65556 65584 81924 114688 131168 131264 196640 229376 262528 262912 263680 295936 393344 425984
1 7 28 16389 24577 28672 35840 38912 53248 65556 65584 81924 114688 131456 131840 132608 164864 229376 262240 262336 327712 393344 458752
1 7 28 16389 24577 28672 35840 38912 53248 65556 65584 81924 114688 131840 132608 164864 229376 262240 262336 262528 327712 393472 458752
1 7 28 16389 24577 28672 35840 38912 53248 65556 81924 114688 131120 131168 131264 196624 229376 262528 262912 263680 295936 393344 425984
1 7 28 16389 24577 28672 35840 38912 53248 65556 81924 114688 131456 131840 132608 164864 229376 262192 262240 262336 327696 393344 458752
1 7 28 16389 24577 28672 35840 38912 53248 65584 65632 65728 114688 131456 131840 132608 164864 196736 229376 262164 278532 327696 344064
1 7 28 16389 24577 28672 35840 38912 53248 65632 65728 65920 114688 131840 132608 164864 196864 229376 262164 262192 278532 327712 344064
1 7 28 16389 24577 28672 35840 38912 53248 65632 65728 114688 131456 131840 132608 164864 196736 229376 262164 262192 278532 327712 344064
1 7 28 16389 24577 28672 35840 38912 53248 65728 114688 131456 131840 132608 164864 196736 229376 262164 262192 262240 278532 327744 344064
1 7 28 16389 24577 28672 35840 38912 53248 65920 66304 67072 99328 114688 131120 131168 131264 196736 212992 262164 278532 393232 409600
1 7 28 16389 24577 28672 35840 38912 53248 65920 66304 67072 99328 114688 131120 131168 131264 196736 262164 278532 344064 393232 458752
1 7 28 16389 24577 28672 35840 38912 53248 65920 66304 67072 99328 114688 131168 131264 196736 212992 262164 262192 278532 393248 409600
1 7 28 16389 24577 28672 35840 38912 53248 65920 66304 67072 99328 114688 131168 131264 196736 262164 262192 278532 344064 393248 458752
1 7 28 16389 24577 28672 35840 38912 53248 65920 66304 67072 99328 114688 131264 196736 212992 262164 262192 262240 278532 393280 409600
1 7 28 16389 24577 28672 35840 38912 53248 65920 66304 67072 99328 114688 131264 196736 262164 262192 262240 278532 344064 393280 458752
1 7 28 16389 24577 28672 35840 38912 53248 66304 67072 99328 114688 131168 131264 131456 196864 212992 262164 262192 278532 393248 409600
1 7 28 16389 24577 28672 35840 38912 53248 66304 67072 99328 114688 131168 131264 131456 196864 262164 262192 278532 344064 393248 458752
2 7 28 16389 24577 28672 35840 38912 53248 66304 67072 99328 114688 131264 131456 196864 262164 262192 262240 278532 344064 393280 458752
1 7 28 16389 24577 28672 38912 53248 65556 65584 81924 114688 131168 131264 131456 196640 229376 262912 263680 265216 296960 393472 425984
1 7 28 16389 24577 28672 38912 53248 65556 65584 81924 114688 131840 132608 134144 165888 229376 262240 262336 262528 327712 393472 458752
1 7 28 16389 24577 28672 38912 53248 65632 65728 65920 114688 131840 132608 134144 165888 196864 229376 262164 262192 278532 327712 344064
1 7 28 16389 24577 28672 38912 53248 66304 67072 68608 100352 114688 131168 131264 131456 196864 212992 262164 262192 278532 393248 409600
1 7 28 16389 24577 28672 38912 53248 66304 67072 68608 100352 114688 131168 131264 131456 196864 262164 262192 278532 344064 393248 458752
1 7 28 16389 24577 35840 38912 45056 57344 65920 66304 67072 99328 114688 131120 131168 131264 196736 212992 262164 278532 393232 409600
1 7 28 16389 24577 35840 38912 45056 57344 65920 66304 67072 99328 114688 131120 131168 131264 196736 262164 278532 344064 393232 458752
1 7 28 16389 24577 35840 38912 45056 57344 65920 66304 67072 99328 114688 131168 131264 196736 212992 262164 262192 278532 393248 409600
1 7 28 16389 24577 35840 38912 45056 57344 65920 66304 67072 99328 114688 131168 131264 196736 262164 262192 278532 344064 393248 458752
1 7 28 16389 24577 35840 38912 45056 57344 65920 66304 67072 99328 131120 131168 131264 180224 196736 229376 262164 278532 393232 409600
1 7 28 16389 24577 35840 38912 45056 57344 65920 66304 67072 99328 131120 131168 131264 196736 229376 262164 278532 311296 393232 425984
1 7 28 16389 24577 35840 38912 45056 57344 65920 66304 67072 99328 131120 131168 131264 196736 262164 278532 311296 360448 393232 458752
1 7 28 16389 24577 35840 38912 45056 57344 65920 66304 67072 99328 131168 131264 180224 196736 229376 262164 262192 278532 393248 409600
1 7 28 16389 24577 35840 38912 45056 57344 65920 66304 67072 99328 131168 131264 196736 229376 262164 262192 278532 311296 393248 425984
1 7 28 16389 24577 35840 38912 45056 57344 65920 66304 67072 99328 131168 131264 196736 262164 262192 278532 311296 360448 393248 458752
1 7 28 16389 24577 35840 38912 45056 57344 66304 67072 99328 114688 131168 131264 131456 196864 212992 262164 262192 278532 393248 409600
2 7 28 16389 24577 35840 38912 45056 57344 66304 67072 99328 114688 131168 131264 131456 196864 262164 262192 278532 344064 393248 458752
1 7 28 16389 24577 35840 38912 45056 57344 66304 67072 99328 131168 131264 131456 180224 196864 229376 262164 262192 278532 393248 409600
1 7 28 16389 24577 38912 45056 57344 66304 67072 68608 100352 114688 131092 147460 212992 262192 262240 262336 262528 327936 393232 458752
1 7 28 16389 24577 38912 45056 57344 66304 67072 68608 100352 114688 131120 131168 131264 131456 196864 212992 262164 278532 393232 409600
1 7 28 16389 24577 38912 45056 57344 66304 67072 68608 100352 131092 147460 180224 229376 262192 262240 262336 262528 327936 393232 458752
1 7 28 16389 24577 38912 45056 57344 66304 67072 68608 100352 131120 131168 131264 131456 180224 196864 229376 262164 278532 393232 409600
1 7 28 16389 24577 38912 45056 57344 66304 67072 68608 100352 131120 131168 131264 131456 196864 229376 262164 278532 311296 393232 425984
1 7 28 16389 32788 49153 49156 65584 65632 65728 65920 98320 131840 132608 134144 196864 229376 268288 270337 274432 294913 395264 425984
1 7 28 16389 32788 49153 49156 65584 65632 65728 65920 98320 137216 139265 143360 163841 229376 262912 263680 265216 327936 395264 458752
1 7 28 16389 32788 49153 49156 65584 65632 65728 98320 131456 131840 132608 196736 229376 265216 268288 270337 274432 294913 394240 425984
1 7 28 16389 32788 49153 49156 65584 65632 65728 98320 134144 137216 139265 143360 163841 229376 262528 262912 263680 327808 394240 458752
1 7 28 16389 35840 38912 40961 45056 49153 65556 81924 114688 131120 131168 131264 196624 229376 262528 262912 263680 295936 393344 425984
1 7 28 16389 35840 38912 40961 45056 49153 65556 81924 114688 131456 131840 132608 164864 229376 262192 262240 262336 327696 393344 458752
1 7 28 16389 35840 38912 40961 45056 49153 65584 65632 65728 114688 131456 131840 132608 164864 196736 229376 262164 278532 327696 344064
1 7 28 16389 35840 38912 40961 45056 49153 65920 66304 67072 99328 114688 131120 131168 131264 196736 212992 262164 278532 393232 409600
1 7 28 16389 35840 38912 40961 45056 49153 65920 66304 67072 99328 114688 131120 131168 131264 196736 262164 278532 344064 393232 458752
1 7 56 448 16389 16396 24577 38912 45056 57344 66304 67072 68608 100352 114688 131112 131168 147464 212992 262464 327936 393280 458752
1 7 56 448 16389 16396 24577 38912 45056 57344 66304 67072 68608 100352 114688 131112 147464 212992 262240 262464 327936 393248 458752
1 7 56 448 16389 16396 24577 38912 45056 57344 66304 67072 68608 100352 114688 131168 131392 196864 212992 262184 278536 393248 409600
1 7 56 448 16389 16396 24577 38912 45056 57344 66304 67072 68608 100352 114688 131392 196864 212992 262184 262240 278536 393280 409600
1 7 56 448 16389 16396 24577 38912 45056 57344 66304 67072 68608 100352 131112 131168 147464 180224 229376 262464 327936 393280 458752
1 7 56 448 16389 16396 24577 38912 45056 57344 66304 67072 68608 100352 131112 147464 180224 229376 262240 262464 327936 393248 458752
1 7 56 448 16389 16396 24577 38912 45056 57344 66304 67072 68608 100352 131168 131392 180224 196864 229376 262184 278536 393248 409600
1 7 56 448 16389 16396 24577 38912 45056 57344 66304 67072 68608 100352 131168 131392 196864 229376 262184 278536 311296 393248 425984
1 7 56 448 16389 16396 24577 38912 45056 57344 66304 67072 68608 100352 131392 180224 196864 229376 262184 262240 278536 393280 409600
1 7 56 448 16389 16396 24577 38912 45056 57344 66304 67072 68608 100352 131392 196864 229376 262184 262240 278536 311296 393280 425984
1 7 56 448 16389 16396 24577 38912 45056 57344 67072 68608 100352 114688 131112 131168 147464 212992 262464 262912 328192 393280 458752
1 7 56 448 16389 16396 24577 38912 45056 57344 67072 68608 100352 114688 131392 131840 197120 212992 262184 262240 278536 393280 409600
1 7 56 448 16389 16396 24577 38912 45056 57344 67072 68608 100352 131112 131168 147464 180224 229376 262464 262912 328192 393280 458752
1 7 56 448 16389 16396 24577 38912 45056 57344 67072 68608 100352 131392 131840 180224 197120 229376 262184 262240 278536 393280 409600
1 7 56 448 16389 16396 24577 38912 45056 57344 67072 68608 100352 131392 131840 197120 229376 262184 262240 278536 311296 393280 425984
1 7 56 448 16389 16396 38912 40961 45056 49153 65576 65632 81928 114688 131392 131840 196672 229376 263680 265216 296960 393728 425984
1 7 56 448 16389 16396 38912 40961 45056 49153 65576 65632 81928 114688 131392 196672 229376 262912 263680 265216 296960 393472 425984
1 7 56 448 16389 16396 38912 40961 45056 49153 65576 65632 81928 114688 131840 132608 134144 165888 229376 262464 327744 393472 458752
1 7 56 448 16389 16396 38912 40961 45056 49153 65576 65632 81928 114688 132608 134144 165888 229376 262464 262912 327744 393728 458752
1 7 56 448 16389 16396 38912 40961 45056 49153 65576 81928 114688 131168 131392 196640 229376 262912 263680 265216 296960 393472 425984
2 7 56 448 16389 16396 38912 40961 45056 49153 65576 81928 114688 131840 132608 134144 165888 229376 262240 262464 327712 393472 458752
1 7 56 448 16389 16396 38912 40961 45056 49153 65632 65856 114688 131840 132608 134144 165888 196864 229376 262184 278536 327712 344064
1 7 56 448 16389 16396 38912 40961 45056 49153 65856 66304 114688 132608 134144 165888 197120 229376 262184 262240 278536 327744 344064
1 7 56 448 16389 16396 38912 40961 45056 49153 65856 114688 131840 132608 134144 165888 196864 229376 262184 262240 278536 327744 344064
1 7 56 448 16389 16396 38912 40961 45056 49153 66304 67072 68608 100352 114688 131392 196864 212992 262184 262240 278536 393280 409600
1 7 56 448 16389 16396 38912 40961 45056 49153 66304 67072 68608 100352 114688 131392 196864 262184 262240 278536 344064 393280 458752
1 7 56 448 16389 16396 38912 40961 45056 49153 67072 68608 100352 114688 131392 131840 197120 212992 262184 262240 278536 393280 409600
1 7 56 448 16389 16396 38912 40961 45056 49153 67072 68608 100352 114688 131392 131840 197120 262184 262240 278536 344064 393280 458752
1 7 56 448 16389 24577 38912 45056 57344 66304 67072 68608 100352 114688 131084 131112 131168 147460 212992 262464 327936 393280 458752
1 7 56 448 16389 24577 38912 45056 57344 66304 67072 68608 100352 114688 131392 196864 212992 262156 262184 262240 278532 393280 409600
1 7 56 448 16389 24577 38912 45056 57344 66304 67072 68608 100352 131084 131112 131168 147460 180224 229376 262464 327936 393280 458752
1 7 56 448 16389 24577 38912 45056 57344 66304 67072 68608 100352 131392 180224 196864 229376 262156 262184 262240 278532 393280 409600
1 7 56 448 16389 24577 38912 45056 57344 66304 67072 68608 100352 131392 196864 229376 262156 262184 262240 278532 311296 393280 425984
1 7 56 448 16389 24577 38912 45056 57344 67072 68608 100352 114688 131084 131112 131168 147460 212992 262464 262912 328192 393280 458752
1 7 56 448 16389 24577 38912 45056 57344 67072 68608 100352 114688 131392 131840 197120 212992 262156 262184 262240 278532 393280 409600
2 7 56 448 16389 24577 38912 45056 57344 67072 68608 100352 131084 131112 131168 147460 180224 229376 262464 262912 328192 393280 458752
1 7 56 448 16389 38912 40961 45056 49153 65548 65576 65632 81924 114688 131392 196672 229376 262912 263680 265216 296960 393472 425984
2 7 56 448 16389 38912 40961 45056 49153 65548 65576 65632 81924 114688 131840 132608 134144 165888 229376 262464 327744 393472 458752
1 7 56 448 16389 38912 40961 45056 49153 65856 114688 131840 132608 134144 165888 196864 229376 262156 262184 262240 278532 327744 344064
1 7 56 896 16389 16396 24577 38912 45056 57344 67072 68608 100352 114688 131112 131168 131264 147464 212992 262784 328192 393344 458752
1 7 56 896 16389 16396 24577 38912 45056 57344 67072 68608 100352 114688 131112 131168 147464 212992 262336 262784 328192 393280 458752
1 7 56 896 16389 16396 24577 38912 45056 57344 67072 68608 100352 114688 131264 131712 197120 212992 262184 262240 278536 393280 409600
1 7 56 896 16389 16396 24577 38912 45056 57344 67072 68608 100352 114688 131712 197120 212992 262184 262240 262336 278536 393344 409600
1 7 56 896 16389 16396 24577 38912 45056 57344 67072 68608 100352 131112 131168 131264 147464 180224 229376 262784 328192 393344 458752
1 7 56 896 16389 16396 24577 38912 45056 57344 67072 68608 100352 131112 131168 147464 180224 229376 262336 262784 328192 393280 458752
1 7 56 896 16389 16396 24577 38912 45056 57344 67072 68608 100352 131264 131712 180224 197120 229376 262184 262240 278536 393280 409600
1 7 56 896 16389 16396 24577 38912 45056 57344 67072 68608 100352 131264 131712 197120 229376 262184 262240 278536 311296 393280 425984
1 7 56 896 16389 16396 24577 38912 45056 57344 67072 68608 100352 131712 180224 197120 229376 262184 262240 262336 278536 393344 409600
1 7 56 896 16389 16396 24577 38912 45056 57344 67072 68608 100352 131712 197120 229376 262184 262240 262336 278536 311296 393344 425984
1 7 56 896 16389 16396 24577 38912 45056 57344 68608 100352 114688 131112 131168 131264 147464 212992 262784 263680 328704 393344 458752
1 7 56 896 16389 16396 24577 38912 45056 57344 68608 100352 114688 131712 132608 197632 212992 262184 262240 262336 278536 393344 409600
1 7 56 896 16389 16396 24577 38912 45056 57344 68608 100352 131112 131168 131264 147464 180224 229376 262784 263680 328704 393344 458752
1 7 56 896 16389 16396 24577 38912 45056 57344 68608 100352 131712 132608 180224 197632 229376 262184 262240 262336 278536 393344 409600
1 7 56 896 16389 16396 24577 38912 45056 57344 68608 100352 131712 132608 197632 229376 262184 262240 262336 278536 311296 393344 425984
1 7 56 896 16389 16396 24577 45056 57344 67072 68608 71680 102400 114688 131264 131712 197120 212992 262184 262240 278536 393280 409600
1 7 56 896 16389 16396 24577 45056 57344 67072 68608 71680 102400 114688 131264 131712 197120 262184 262240 278536 344064 393280 458752
1 7 56 896 16389 16396 24577 45056 57344 67072 68608 71680 102400 131264 131712 180224 197120 229376 262184 262240 278536 393280 409600
1 7 56 896 16389 16396 24577 45056 57344 67072 68608 71680 102400 131264 131712 197120 229376 262184 262240 278536 311296 393280 425984
1 7 56 896 16389 16396 24577 45056 57344 67072 68608 71680 102400 131264 131712 197120 262184 262240 278536 311296 360448 393280 458752
1 7 56 896 16389 16396 24577 45056 57344 68608 71680 102400 114688 131712 132608 197632 212992 262184 262240 262336 278536 393344 409600
1 7 56 896 16389 16396 24577 45056 57344 68608 71680 102400 114688 131712 132608 197632 262184 262240 262336 278536 344064 393344 458752
1 7 56 896 16389 16396 24577 45056 57344 68608 71680 102400 131712 132608 180224 197632 229376 262184 262240 262336 278536 393344 409600
1 7 56 896 16389 16396 24577 45056 57344 68608 71680 102400 131712 132608 197632 229376 262184 262240 262336 278536 311296 393344 425984
1 7 56 896 16389 16396 24577 45056 57344 68608 71680 102400 131712 132608 197632 262184 262240 262336 278536 311296 360448 393344 458752
1 7 56 896 16389 16396 38912 40961 45056 49153 65576 65632 65728 81928 114688 131712 132608 196736 229376 265216 296960 394240 425984
1 7 56 896 16389 16396 38912 40961 45056 49153 65576 65632 65728 81928 114688 131712 196736 229376 263680 265216 296960 393728 425984
1 7 56 896 16389 16396 38912 40961 45056 49153 65576 65632 65728 81928 114688 132608 134144 165888 229376 262784 327808 393728 458752
1 7 56 896 16389 16396 38912 40961 45056 49153 65576 65632 65728 81928 114688 134144 165888 229376 262784 263680 327808 394240 458752
1 7 56 896 16389 16396 38912 40961 45056 49153 65576 65632 81928 114688 131264 131712 196672 229376 263680 265216 296960 393728 425984
1 7 56 896 16389 16396 38912 40961 45056 49153 65576 65632 81928 114688 132608 134144 165888 229376 262336 262784 327744 393728 458752
1 7 56 896 16389 16396 38912 40961 45056 49153 65576 81928 114688 131168 131264 131712 196640 229376 263680 265216 296960 393728 425984
1 7 56 896 16389 16396 38912 40961 45056 49153 65576 81928 114688 132608 134144 165888 229376 262240 262336 262784 327712 393728 458752
1 7 56 896 16389 16396 38912 40961 45056 49153 65632 65728 66176 114688 132608 134144 165888 197120 229376 262184 278536 327712 344064
1 7 56 896 16389 16396 38912 40961 45056 49153 65728 66176 114688 132608 134144 165888 197120 229376 262184 262240 278536 327744 344064
1 7 56 896 16389 16396 38912 40961 45056 49153 66176 67072 114688 134144 165888 197632 229376 262184 262240 262336 278536 327808 344064
1 7 56 896 16389 16396 38912 40961 45056 49153 66176 114688 132608 134144 165888 197120 229376 262184 262240 262336 278536 327808 344064
1 7 56 896 16389 16396 38912 40961 45056 49153 67072 68608 100352 114688 131168 131264 131712 197120 212992 262184 278536 393248 409600
1 7 56 896 16389 16396 38912 40961 45056 49153 67072 68608 100352 114688 131168 131264 131712 197120 262184 278536 344064 393248 458752
1 7 56 896 16389 16396 38912 40961 45056 49153 67072 68608 100352 114688 131264 131712 197120 212992 262184 262240 278536 393280 409600
1 7 56 896 16389 16396 38912 40961 45056 49153 67072 68608 100352 114688 131264 131712 197120 262184 262240 278536 344064 393280 458752
1 7 56 896 16389 16396 38912 40961 45056 49153 67072 68608 100352 114688 131712 197120 212992 262184 262240 262336 278536 393344 409600
1 7 56 896 16389 16396 38912 40961 45056 49153 67072 68608 100352 114688 131712 197120 262184 262240 262336 278536 344064 393344 458752
1 7 56 896 16389 16396 38912 40961 45056 49153 68608 100352 114688 131712 132608 197632 212992 262184 262240 262336 278536 393344 409600
1 7 56 896 16389 16396 38912 40961 45056 49153 68608 100352 114688 131712 132608 197632 262184 262240 262336 278536 344064 393344 458752
1 7 56 896 16389 16396 40961 45056 49153 65576 65632 65728 81928 114688 131712 132608 196736 229376 265216 268288 299008 394240 425984
1 7 56 896 16389 16396 40961 45056 49153 65576 65632 65728 81928 114688 134144 137216 167936 229376 262784 263680 327808 394240 458752
1 7 56 896 16389 16396 40961 45056 49153 65576 65632 81928 114688 131264 131712 196672 229376 263680 265216 268288 299008 393728 425984
1 7 56 896 16389 16396 40961 45056 49153 65576 65632 81928 114688 132608 134144 137216 167936 229376 262336 262784 327744 393728 458752
1 7 56 896 16389 16396 40961 45056 49153 65576 81928 114688 131168 131264 131712 196640 229376 263680 265216 268288 299008 393728 425984
1 7 56 896 16389 16396 40961 45056 49153 65576 81928 114688 132608 134144 137216 167936 229376 262240 262336 262784 327712 393728 458752
1 7 56 896 16389 16396 40961 45056 49153 65632 65728 66176 114688 132608 134144 137216 167936 197120 229376 262184 278536 327712 344064
1 7 56 896 16389 16396 40961 45056 49153 65728 66176 114688 132608 134144 137216 167936 197120 229376 262184 262240 278536 327744 344064
1 7 56 896 16389 16396 40961 45056 49153 66176 67072 114688 134144 137216 167936 197632 229376 262184 262240 262336 278536 327808 344064
1 7 56 896 16389 16396 40961 45056 49153 67072 68608 71680 102400 114688 131168 131264 131712 197120 212992 262184 278536 393248 409600
1 7 56 896 16389 16396 40961 45056 49153 67072 68608 71680 102400 114688 131168 131264 131712 197120 262184 278536 344064 393248 458752
1 7 56 896 16389 16396 40961 45056 49153 67072 68608 71680 102400 114688 131264 131712 197120 212992 262184 262240 278536 393280 409600
1 7 56 896 16389 16396 40961 45056 49153 67072 68608 71680 102400 114688 131264 131712 197120 262184 262240 278536 344064 393280 458752
1 7 56 896 16389 16396 40961 45056 49153 68608 71680 102400 114688 131712 132608 197632 212992 262184 262240 262336 278536 393344 409600
1 7 56 896 16389 16396 40961 45056 49153 68608 71680 102400 114688 131712 132608 197632 262184 262240 262336 278536 344064 393344 458752
1 7 56 896 16389 24577 38912 45056 57344 67072 68608 100352 114688 131084 131112 131168 131264 147460 212992 262784 328192 393344 458752
1 7 56 896 16389 24577 38912 45056 57344 67072 68608 100352 114688 131084 131112 131168 147460 212992 262336 262784 328192 393280 458752
1 7 56 896 16389 24577 38912 45056 57344 67072 68608 100352 114688 131084 131112 147460 212992 262240 262336 262784 328192 393248 458752
1 7 56 896 16389 24577 38912 45056 57344 67072 68608 100352 114688 131168 131264 131712 197120 212992 262156 262184 278532 393248 409600
1 7 56 896 16389 24577 38912 45056 57344 67072 68608 100352 114688 131264 131712 197120 212992 262156 262184 262240 278532 393280 409600
1 7 56 896 16389 24577 38912 45056 57344 67072 68608 100352 114688 131712 197120 212992 262156 262184 262240 262336 278532 393344 409600
1 7 56 896 16389 24577 38912 45056 57344 67072 68608 100352 131084 131112 131168 131264 147460 180224 229376 262784 328192 393344 458752
1 7 56 896 16389 24577 38912 45056 57344 67072 68608 100352 131084 131112 131168 147460 180224 229376 262336 262784 328192 393280 458752
1 7 56 896 16389 24577 38912 45056 57344 67072 68608 100352 131084 131112 147460 180224 229376 262240 262336 262784 328192 393248 458752
1 7 56 896 16389 24577 38912 45056 57344 67072 68608 100352 131168 131264 131712 180224 197120 229376 262156 262184 278532 393248 409600
1 7 56 896 16389 24577 38912 45056 57344 67072 68608 100352 131168 131264 131712 197120 229376 262156 262184 278532 311296 393248 425984
1 7 56 896 16389 24577 38912 45056 57344 67072 68608 100352 131264 131712 180224 197120 229376 262156 262184 262240 278532 393280 409600
1 7 56 896 16389 24577 38912 45056 57344 67072 68608 100352 131264 131712 197120 229376 262156 262184 262240 278532 311296 393280 425984
1 7 56 896 16389 24577 38912 45056 57344 67072 68608 100352 131712 180224 197120 229376 262156 262184 262240 262336 278532 393344 409600
1 7 56 896 16389 24577 38912 45056 57344 67072 68608 100352 131712 197120 229376 262156 262184 262240 262336 278532 311296 393344 425984
1 7 56 896 16389 24577 38912 45056 57344 68608 100352 114688 131084 131112 131168 131264 147460 212992 262784 263680 328704 393344 458752
1 7 56 896 16389 24577 38912 45056 57344 68608 100352 114688 131712 132608 197632 212992 262156 262184 262240 262336 278532 393344 409600
1 7 56 896 16389 24577 38912 45056 57344 68608 100352 131084 131112 131168 131264 147460 180224 229376 262784 263680 328704 393344 458752
1 7 56 896 16389 24577 38912 45056 57344 68608 100352 131712 132608 180224 197632 229376 262156 262184 262240 262336 278532 393344 409600
1 7 56 896 16389 24577 38912 45056 57344 68608 100352 131712 132608 197632 229376 262156 262184 262240 262336 278532 311296 393344 425984
1 7 56 896 16389 24577 45056 57344 67072 68608 71680 102400 114688 131168 131264 131712 197120 212992 262156 262184 278532 393248 409600
1 7 56 896 16389 24577 45056 57344 67072 68608 71680 102400 114688 131168 131264 131712 197120 262156 262184 278532 344064 393248 458752
1 7 56 896 16389 24577 45056 57344 67072 68608 71680 102400 114688 131264 131712 197120 212992 262156 262184 262240 278532 393280 409600
1 7 56 896 16389 24577 45056 57344 67072 68608 71680 102400 114688 131264 131712 197120 262156 262184 262240 278532 344064 393280 458752
1 7 56 896 16389 24577 45056 57344 67072 68608 71680 102400 131168 131264 131712 180224 197120 229376 262156 262184 278532 393248 409600
1 7 56 896 16389 24577 45056 57344 67072 68608 71680 102400 131168 131264 131712 197120 229376 262156 262184 278532 311296 393248 425984
1 7 56 896 16389 24577 45056 57344 67072 68608 71680 102400 131168 131264 131712 197120 262156 262184 278532 311296 360448 393248 458752
1 7 56 896 16389 24577 45056 57344 67072 68608 71680 102400 131264 131712 180224 197120 229376 262156 262184 262240 278532 393280 409600
1 7 56 896 16389 24577 45056 57344 67072 68608 71680 102400 131264 131712 197120 229376 262156 262184 262240 278532 311296 393280 425984
1 7 56 896 16389 24577 45056 57344 67072 68608 71680 102400 131264 131712 197120 262156 262184 262240 278532 311296 360448 393280 458752
1 7 56 896 16389 24577 45056 57344 68608 71680 102400 114688 131712 132608 197632 212992 262156 262184 262240 262336 278532 393344 409600
1 7 56 896 16389 24577 45056 57344 68608 71680 102400 114688 131712 132608 197632 262156 262184 262240 262336 278532 344064 393344 458752
1 7 56 896 16389 24577 45056 57344 68608 71680 102400 131712 132608 180224 197632 229376 262156 262184 262240 262336 278532 393344 409600
1 7 56 896 16389 24577 45056 57344 68608 71680 102400 131712 132608 197632 229376 262156 262184 262240 262336 278532 311296 393344 425984
1 7 56 896 16389 24577 45056 57344 68608 71680 102400 131712 132608 197632 262156 262184 262240 262336 278532 311296 360448 393344 458752
1 7 56 896 16389 38912 40961 45056 49153 65548 65576 81924 114688 131168 131264 131712 196640 229376 263680 265216 296960 393728 425984
1 7 56 896 16389 38912 40961 45056 49153 65548 65576 81924 114688 132608 134144 165888 229376 262240 262336 262784 327712 393728 458752
1 7 56 896 16389 38912 40961 45056 49153 65632 65728 66176 114688 132608 134144 165888 197120 229376 262156 262184 278532 327712 344064
1 7 56 896 16389 38912 40961 45056 49153 67072 68608 100352 114688 131168 131264 131712 197120 212992 262156 262184 278532 393248 409600
1 7 56 896 16389 38912 40961 45056 49153 67072 68608 100352 114688 131168 131264 131712 197120 262156 262184 278532 344064 393248 458752
1 7 56 896 16389 40961 45056 49153 65548 65576 65632 65728 81924 114688 131712 132608 196736 229376 265216 268288 299008 394240 425984
1 7 56 896 16389 40961 45056 49153 65548 65576 65632 65728 81924 114688 134144 137216 167936 229376 262784 263680 327808 394240 458752
1 7 56 896 16389 40961 45056 49153 65548 65576 65632 81924 114688 131264 131712 196672 229376 263680 265216 268288 299008 393728 425984
1 7 56 896 16389 40961 45056 49153 65548 65576 65632 81924 114688 132608 134144 137216 167936 229376 262336 262784 327744 393728 458752
1 7 56 896 16389 40961 45056 49153 65548 65576 81924 114688 131168 131264 131712 196640 229376 263680 265216 268288 299008 393728 425984
1 7 56 896 16389 40961 45056 49153 65548 65576 81924 114688 132608 134144 137216 167936 229376 262240 262336 262784 327712 393728 458752
1 7 56 896 16389 40961 45056 49153 65632 65728 66176 114688 132608 134144 137216 167936 197120 229376 262156 262184 278532 327712 344064
1 7 56 896 16389 40961 45056 49153 65728 66176 114688 132608 134144 137216 167936 197120 229376 262156 262184 262240 278532 327744 344064
1 7 56 896 16389 40961 45056 49153 66176 67072 114688 134144 137216 167936 197632 229376 262156 262184 262240 262336 278532 327808 344064
1 7 56 896 16389 40961 45056 49153 67072 68608 71680 102400 114688 131168 131264 131712 197120 212992 262156 262184 278532 393248 409600
1 7 56 896 16389 40961 45056 49153 67072 68608 71680 102400 114688 131168 131264 131712 197120 262156 262184 278532 344064 393248 458752
1 7 56 896 16389 40961 45056 49153 67072 68608 71680 102400 114688 131264 131712 197120 212992 262156 262184 262240 278532 393280 409600
1 7 56 896 16389 40961 45056 49153 67072 68608 71680 102400 114688 131264 131712 197120 262156 262184 262240 278532 344064 393280 458752
1 7 56 896 16389 40961 45056 49153 68608 71680 102400 114688 131712 132608 197632 212992 262156 262184 262240 262336 278532 393344 409600
1 7 56 896 16389 40961 45056 49153 68608 71680 102400 114688 131712 132608 197632 262156 262184 262240 262336 278532 344064 393344 458752
1 7 56 1792 16389 16396 24577 35840 38912 45056 57344 65920 66816 99328 114688 131168 131264 196736 212992 262184 278536 393248 409600
1 7 56 1792 16389 16396 24577 35840 38912 45056 57344 65920 66816 99328 114688 131168 131264 196736 262184 278536 344064 393248 458752
1 7 56 1792 16389 16396 24577 35840 38912 45056 57344 65920 66816 99328 114688 131264 196736 212992 262184 262240 278536 393280 409600
1 7 56 1792 16389 16396 24577 35840 38912 45056 57344 65920 66816 99328 114688 131264 196736 262184 262240 278536 344064 393280 458752
1 7 56 1792 16389 16396 24577 35840 38912 45056 57344 65920 66816 99328 131168 131264 180224 196736 229376 262184 278536 393248 409600
1 7 56 1792 16389 16396 24577 35840 38912 45056 57344 65920 66816 99328 131168 131264 196736 229376 262184 278536 311296 393248 425984
1 7 56 1792 16389 16396 24577 35840 38912 45056 57344 65920 66816 99328 131168 131264 196736 262184 278536 311296 360448 393248 458752
1 7 56 1792 16389 16396 24577 35840 38912 45056 57344 65920 66816 99328 131264 180224 196736 229376 262184 262240 278536 393280 409600
1 7 56 1792 16389 16396 24577 35840 38912 45056 57344 65920 66816 99328 131264 196736 229376 262184 262240 278536 311296 393280 425984
1 7 56 1792 16389 16396 24577 35840 38912 45056 57344 65920 66816 99328 131264 196736 262184 262240 278536 311296 360448 393280 458752
1 7 56 1792 16389 16396 24577 35840 38912 45056 57344 66816 99328 114688 131168 131264 131456 196864 212992 262184 278536 393248 409600
1 7 56 1792 16389 16396 24577 35840 38912 45056 57344 66816 99328 114688 131168 131264 131456 196864 262184 278536 344064 393248 458752
1 7 56 1792 16389 16396 24577 35840 38912 45056 57344 66816 99328 114688 131264 131456 196864 212992 262184 262240 278536 393280 409600
1 7 56 1792 16389 16396 24577 35840 38912 45056 57344 66816 99328 114688 131264 131456 196864 262184 262240 278536 344064 393280 458752
1 7 56 1792 16389 16396 24577 35840 38912 45056 57344 66816 99328 131168 131264 131456 180224 196864 229376 262184 278536 393248 409600
1 7 56 1792 16389 16396 24577 35840 38912 45056 57344 66816 99328 131168 131264 131456 196864 229376 262184 278536 311296 393248 425984
1 7 56 1792 16389 16396 24577 35840 38912 45056 57344 66816 99328 131168 131264 131456 196864 262184 278536 311296 360448 393248 458752
1 7 56 1792 16389 16396 24577 35840 38912 45056 57344 66816 99328 131264 131456 180224 196864 229376 262184 262240 278536 393280 409600
1 7 56 1792 16389 16396 24577 35840 38912 45056 57344 66816 99328 131264 131456 196864 229376 262184 262240 278536 311296 393280 425984
1 7 56 1792 16389 16396 24577 35840 38912 45056 57344 66816 99328 131264 131456 196864 262184 262240 278536 311296 360448 393280 458752
1 7 56 1792 16389 16396 24577 38912 45056 57344 66816 68608 100352 114688 131112 131168 147464 212992 262336 262528 327936 393280 458752
1 7 56 1792 16389 16396 24577 38912 45056 57344 66816 68608 100352 114688 131112 147464 212992 262240 262336 262528 327936 393248 458752
1 7 56 1792 16389 16396 24577 38912 45056 57344 66816 68608 100352 114688 131168 131264 131456 196864 212992 262184 278536 393248 409600
1 7 56 1792 16389 16396 24577 38912 45056 57344 66816 68608 100352 114688 131264 131456 196864 212992 262184 262240 278536 393280 409600
1 7 56 1792 16389 16396 24577 38912 45056 57344 66816 68608 100352 131112 131168 147464 180224 229376 262336 262528 327936 393280 458752
1 7 56 1792 16389 16396 24577 38912 45056 57344 66816 68608 100352 131112 147464 180224 229376 262240 262336 262528 327936 393248 458752
1 7 56 1792 16389 16396 24577 38912 45056 57344 66816 68608 100352 131168 131264 131456 180224 196864 229376 262184 278536 393248 409600
1 7 56 1792 16389 16396 24577 38912 45056 57344 66816 68608 100352 131168 131264 131456 196864 229376 262184 278536 311296 393248 425984
1 7 56 1792 16389 16396 24577 38912 45056 57344 66816 68608 100352 131264 131456 180224 196864 229376 262184 262240 278536 393280 409600
1 7 56 1792 16389 16396 24577 38912 45056 57344 66816 68608 100352 131264 131456 196864 229376 262184 262240 278536 311296 393280 425984
1 7 56 1792 16389 16396 35840 38912 40961 45056 49153 65576 65632 81928 114688 131264 131456 196672 229376 263424 295936 393472 425984
1 7 56 1792 16389 16396 35840 38912 40961 45056 49153 65576 65632 81928 114688 131264 196672 229376 262528 263424 295936 393344 425984
1 7 56 1792 16389 16396 35840 38912 40961 45056 49153 65576 65632 81928 114688 131456 132352 164864 229376 262336 327744 393344 458752
1 7 56 1792 16389 16396 35840 38912 40961 45056 49153 65576 65632 81928 114688 132352 164864 229376 262336 262528 327744 393472 458752
1 7 56 1792 16389 16396 35840 38912 40961 45056 49153 65576 81928 114688 131168 131264 131456 196640 229376 263424 295936 393472 425984
1 7 56 1792 16389 16396 35840 38912 40961 45056 49153 65576 81928 114688 131168 131264 196640 229376 262528 263424 295936 393344 425984
1 7 56 1792 16389 16396 35840 38912 40961 45056 49153 65576 81928 114688 131456 132352 164864 229376 262240 262336 327712 393344 458752
1 7 56 1792 16389 16396 35840 38912 40961 45056 49153 65576 81928 114688 132352 164864 229376 262240 262336 262528 327712 393472 458752
1 7 56 1792 16389 16396 35840 38912 40961 45056 49153 65632 65728 65920 114688 132352 164864 196864 229376 262184 278536 327712 344064
1 7 56 1792 16389 16396 35840 38912 40961 45056 49153 65632 65728 114688 131456 132352 164864 196736 229376 262184 278536 327712 344064
1 7 56 1792 16389 16396 35840 38912 40961 45056 49153 65728 65920 114688 132352 164864 196864 229376 262184 262240 278536 327744 344064
1 7 56 1792 16389 16396 35840 38912 40961 45056 49153 65728 114688 131456 132352 164864 196736 229376 262184 262240 278536 327744 344064
1 7 56 1792 16389 16396 35840 38912 40961 45056 49153 65920 66816 99328 114688 131168 131264 196736 212992 262184 278536 393248 409600
1 7 56 1792 16389 16396 35840 38912 40961 45056 49153 65920 66816 99328 114688 131168 131264 196736 262184 278536 344064 393248 458752
1 7 56 1792 16389 16396 35840 38912 40961 45056 49153 65920 66816 99328 114688 131264 196736 212992 262184 262240 278536 393280 409600
1 7 56 1792 16389 16396 35840 38912 40961 45056 49153 65920 66816 99328 114688 131264 196736 262184 262240 278536 344064 393280 458752
1 7 56 1792 16389 16396 35840 38912 40961 45056 49153 66816 99328 114688 131168 131264 131456 196864 212992 262184 278536 393248 409600
1 7 56 1792 16389 16396 35840 38912 40961 45056 49153 66816 99328 114688 131168 131264 131456 196864 262184 278536 344064 393248 458752
1 7 56 1792 16389 16396 35840 38912 40961 45056 49153 66816 99328 114688 131264 131456 196864 212992 262184 262240 278536 393280 409600
1 7 56 1792 16389 16396 35840 38912 40961 45056 49153 66816 99328 114688 131264 131456 196864 262184 262240 278536 344064 393280 458752
1 7 56 1792 16389 16396 38912 40961 45056 49153 65576 65632 81928 114688 131264 131456 196672 229376 263424 265216 296960 393472 425984
1 7 56 1792 16389 16396 38912 40961 45056 49153 65576 65632 81928 114688 132352 134144 165888 229376 262336 262528 327744 393472 458752
1 7 56 1792 16389 16396 38912 40961 45056 49153 65576 81928 114688 131168 131264 131456 196640 229376 263424 265216 296960 393472 425984
1 7 56 1792 16389 16396 38912 40961 45056 49153 65576 81928 114688 132352 134144 165888 229376 262240 262336 262528 327712 393472 458752
1 7 56 1792 16389 16396 38912 40961 45056 49153 65632 65728 65920 114688 132352 134144 165888 196864 229376 262184 278536 327712 344064
1 7 56 1792 16389 16396 38912 40961 45056 49153 65728 65920 114688 132352 134144 165888 196864 229376 262184 262240 278536 327744 344064
1 7 56 1792 16389 16396 38912 40961 45056 49153 66816 68608 100352 114688 131168 131264 131456 196864 212992 262184 278536 393248 409600
1 7 56 1792 16389 16396 38912 40961 45056 49153 66816 68608 100352 114688 131168 131264 131456 196864 262184 278536 344064 393248 458752
1 7 56 1792 16389 16396 38912 40961 45056 49153 66816 68608 100352 114688 131264 131456 196864 212992 262184 262240 278536 393280 409600
1 7 56 1792 16389 16396 38912 40961 45056 49153 66816 68608 100352 114688 131264 131456 196864 262184 262240 278536 344064 393280 458752
1 7 56 1792 16389 24577 35840 38912 45056 57344 65920 66816 99328 114688 131168 131264 196736 212992 262156 262184 278532 393248 409600
1 7 56 1792 16389 24577 35840 38912 45056 57344 65920 66816 99328 114688 131168 131264 196736 262156 262184 278532 344064 393248 458752
1 7 56 1792 16389 24577 35840 38912 45056 57344 65920 66816 99328 114688 131264 196736 212992 262156 262184 262240 278532 393280 409600
1 7 56 1792 16389 24577 35840 38912 45056 57344 65920 66816 99328 114688 131264 196736 262156 262184 262240 278532 344064 393280 458752
1 7 56 1792 16389 24577 35840 38912 45056 57344 65920 66816 99328 131168 131264 180224 196736 229376 262156 262184 278532 393248 409600
1 7 56 1792 16389 24577 35840 38912 45056 57344 65920 66816 99328 131168 131264 196736 229376 262156 262184 278532 311296 393248 425984
1 7 56 1792 16389 24577 35840 38912 45056 57344 65920 66816 99328 131168 131264 196736 262156 262184 278532 311296 360448 393248 458752
1 7 56 1792 16389 24577 35840 38912 45056 57344 65920 66816 99328 131264 180224 196736 229376 262156 262184 262240 278532 393280 409600
1 7 56 1792 16389 24577 35840 38912 45056 57344 65920 66816 99328 131264 196736 229376 262156 262184 262240 278532 311296 393280 425984
1 7 56 1792 16389 24577 35840 38912 45056 57344 65920 66816 99328 131264 196736 262156 262184 262240 278532 311296 360448 393280 458752
1 7 56 1792 16389 24577 35840 38912 45056 57344 66816 99328 114688 131168 131264 131456 196864 212992 262156 262184 278532 393248 409600
1 7 56 1792 16389 24577 35840 38912 45056 57344 66816 99328 114688 131168 131264 131456 196864 262156 262184 278532 344064 393248 458752
1 7 56 1792 16389 24577 35840 38912 45056 57344 66816 99328 114688 131264 131456 196864 212992 262156 262184 262240 278532 393280 409600
1 7 56 1792 16389 24577 35840 38912 45056 57344 66816 99328 114688 131264 131456 196864 262156 262184 262240 278532 344064 393280 458752
1 7 56 1792 16389 24577 35840 38912 45056 57344 66816 99328 131168 131264 131456 180224 196864 229376 262156 262184 278532 393248 409600
1 7 56 1792 16389 24577 35840 38912 45056 57344 66816 99328 131168 131264 131456 196864 229376 262156 262184 278532 311296 393248 425984
1 7 56 1792 16389 24577 35840 38912 45056 57344 66816 99328 131168 131264 131456 196864 262156 262184 278532 311296 360448 393248 458752
1 7 56 1792 16389 24577 35840 38912 45056 57344 66816 99328 131264 131456 180224 196864 229376 262156 262184 262240 278532 393280 409600
1 7 56 1792 16389 24577 35840 38912 45056 57344 66816 99328 131264 131456 196864 229376 262156 262184 262240 278532 311296 393280 425984
1 7 56 1792 16389 24577 35840 38912 45056 57344 66816 99328 131264 131456 196864 262156 262184 262240 278532 311296 360448 393280 458752
1 7 56 1792 16389 24577 38912 45056 57344 66816 68608 100352 114688 131084 131112 131168 147460 212992 262336 262528 327936 393280 458752
1 7 56 1792 16389 24577 38912 45056 57344 66816 68608 100352 114688 131084 131112 147460 212992 262240 262336 262528 327936 393248 458752
1 7 56 1792 16389 24577 38912 45056 57344 66816 68608 100352 114688 131168 131264 131456 196864 212992 262156 262184 278532 393248 409600
1 7 56 1792 16389 24577 38912 45056 57344 66816 68608 100352 114688 131264 131456 196864 212992 262156 262184 262240 278532 393280 409600
1 7 56 1792 16389 24577 38912 45056 57344 66816 68608 100352 131084 131112 131168 147460 180224 229376 262336 262528 327936 393280 458752
1 7 56 1792 16389 24577 38912 45056 57344 66816 68608 100352 131084 131112 147460 180224 229376 262240 262336 262528 327936 393248 458752
1 7 56 1792 16389 24577 38912 45056 57344 66816 68608 100352 131168 131264 131456 180224 196864 229376 262156 262184 278532 393248 409600
1 7 56 1792 16389 24577 38912 45056 57344 66816 68608 100352 131168 131264 131456 196864 229376 262156 262184 278532 311296 393248 425984
1 7 56 1792 16389 24577 38912 45056 57344 66816 68608 100352 131264 131456 180224 196864 229376 262156 262184 262240 278532 393280 409600
1 7 56 1792 16389 24577 38912 45056 57344 66816 68608 100352 131264 131456 196864 229376 262156 262184 262240 278532 311296 393280 425984
1 7 56 1792 16389 35840 38912 40961 45056 49153 65548 65576 81924 114688 131168 131264 131456 196640 229376 263424 295936 393472 425984
1 7 56 1792 16389 35840 38912 40961 45056 49153 65548 65576 81924 114688 131168 131264 196640 229376 262528 263424 295936 393344 425984
1 7 56 1792 16389 35840 38912 40961 45056 49153 65548 65576 81924 114688 131456 132352 164864 229376 262240 262336 327712 393344 458752
1 7 56 1792 16389 35840 38912 40961 45056 49153 65548 65576 81924 114688 132352 164864 229376 262240 262336 262528 327712 393472 458752
1 7 56 1792 16389 35840 38912 40961 45056 49153 65632 65728 65920 114688 132352 164864 196864 229376 262156 262184 278532 327712 344064
1 7 56 1792 16389 35840 38912 40961 45056 49153 65632 65728 114688 131456 132352 164864 196736 229376 262156 262184 278532 327712 344064
1 7 56 1792 16389 35840 38912 40961 45056 49153 65920 66816 99328 114688 131168 131264 196736 212992 262156 262184 278532 393248 409600
1 7 56 1792 16389 35840 38912 40961 45056 49153 65920 66816 99328 114688 131168 131264 196736 262156 262184 278532 344064 393248 458752
1 7 56 1792 16389 35840 38912 40961 45056 49153 66816 99328 114688 131168 131264 131456 196864 212992 262156 262184 278532 393248 409600
1 7 56 1792 16389 35840 38912 40961 45056 49153 66816 99328 114688 131168 131264 131456 196864 262156 262184 278532 344064 393248 458752
1 7 56 1792 16389 38912 40961 45056 49153 65548 65576 81924 114688 131168 131264 131456 196640 229376 263424 265216 296960 393472 425984
1 7 56 1792 16389 38912 40961 45056 49153 65548 65576 81924 114688 132352 134144 165888 229376 262240 262336 262528 327712 393472 458752
1 7 56 1792 16389 38912 40961 45056 49153 65632 65728 65920 114688 132352 134144 165888 196864 229376 262156 262184 278532 327712 344064
1 7 56 1792 16389 38912 40961 45056 49153 66816 68608 100352 114688 131168 131264 131456 196864 212992 262156 262184 278532 393248 409600
1 7 56 1792 16389 38912 40961 45056 49153 66816 68608 100352 114688 131168 131264 131456 196864 262156 262184 278532 344064 393248 458752
1 7 56 16389 16396 16424 38912 40961 45056 49153 65632 65728 65920 81952 114688 131840 132608 196864 229376 265216 296960 394240 425984
1 7 56 16389 16396 16424 38912 40961 45056 49153 65632 65728 65920 81952 114688 131840 196864 229376 263680 265216 296960 393728 425984
1 7 56 16389 16396 16424 38912 40961 45056 49153 65632 65728 81952 114688 131456 131840 196736 229376 263680 265216 296960 393728 425984
1 7 56 16389 16396 16424 38912 40961 45056 49153 65632 65728 81952 114688 132608 134144 165888 229376 262528 262912 327808 393728 458752
1 7 56 16389 16396 16424 38912 40961 45056 49153 65920 66304 114688 132608 134144 165888 197120 229376 262240 262336 278560 327808 344064
1 7 56 16389 16396 16424 38912 40961 45056 49153 66304 67072 114688 134144 165888 197632 229376 262240 262336 262528 278560 327936 344064
1 7 56 16389 16396 16424 38912 40961 45056 49153 66304 114688 132608 134144 165888 197120 229376 262240 262336 262528 278560 327936 344064
1 7 56 16389 16396 16424 38912 40961 45056 49153 67072 68608 100352 114688 131456 131840 197120 212992 262240 262336 278560 393344 409600
1 7 56 16389 16396 16424 38912 40961 45056 49153 67072 68608 100352 114688 131456 131840 197120 262240 262336 278560 344064 393344 458752
1 7 56 16389 16396 16424 38912 40961 45056 49153 67072 68608 100352 114688 131840 197120 212992 262240 262336 262528 278560 393472 409600
1 7 56 16389 16396 24577 28672 34304 35840 38912 53248 65576 65632 81928 114688 131264 131456 196672 229376 262912 295424 393472 425984
1 7 56 16389 16396 24577 28672 34304 35840 38912 53248 65576 65632 81928 114688 131264 196672 229376 262528 262912 295424 393344 425984
1 7 56 16389 16396 24577 28672 34304 35840 38912 53248 65576 65632 81928 114688 131456 131840 164352 229376 262336 327744 393344 458752
1 7 56 16389 16396 24577 28672 34304 35840 38912 53248 65576 65632 81928 114688 131840 164352 229376 262336 262528 327744 393472 458752
1 7 56 16389 16396 24577 28672 34304 35840 38912 53248 65576 81928 114688 131168 131264 196640 229376 262528 262912 295424 393344 425984
1 7 56 16389 16396 24577 28672 34304 35840 38912 53248 65576 81928 114688 131456 131840 164352 229376 262240 262336 327712 393344 458752
1 7 56 16389 16396 24577 28672 34304 35840 38912 53248 65632 65728 114688 131456 131840 164352 196736 229376 262184 278536 327712 344064
1 7 56 16389 16396 24577 28672 34304 35840 38912 53248 65728 65920 114688 131840 164352 196864 229376 262184 262240 278536 327744 344064
1 7 56 16389 16396 24577 28672 34304 35840 38912 53248 65728 114688 131456 131840 164352 196736 229376 262184 262240 278536 327744 344064
1 7 56 16389 16396 24577 28672 34304 35840 38912 53248 65920 66304 98816 114688 131168 131264 196736 212992 262184 278536 393248 409600
1 7 56 16389 16396 24577 28672 34304 35840 38912 53248 65920 66304 98816 114688 131168 131264 196736 262184 278536 344064 393248 458752
1 7 56 16389 16396 24577 28672 34304 35840 38912 53248 65920 66304 98816 114688 131264 196736 212992 262184 262240 278536 393280 409600
1 7 56 16389 16396 24577 28672 34304 35840 38912 53248 65920 66304 98816 114688 131264 196736 262184 262240 278536 344064 393280 458752
1 7 56 16389 16396 24577 28672 34304 35840 38912 53248 66304 98816 114688 131264 131456 196864 212992 262184 262240 278536 393280 409600
1 7 56 16389 16396 24577 28672 34304 35840 38912 53248 66304 98816 114688 131264 131456 196864 262184 262240 278536 344064 393280 458752
1 7 56 16389 16396 24577 28672 35840 38912 53248 65576 65632 81928 114688 131264 131456 196672 229376 262912 263680 295936 393472 425984
1 7 56 16389 16396 24577 28672 35840 38912 53248 65576 65632 81928 114688 131840 132608 164864 229376 262336 262528 327744 393472 458752
1 7 56 16389 16396 24577 28672 35840 38912 53248 65728 65920 114688 131840 132608 164864 196864 229376 262184 262240 278536 327744 344064
1 7 56 16389 16396 24577 28672 35840 38912 53248 66304 67072 99328 114688 131264 131456 196864 212992 262184 262240 278536 393280 409600
1 7 56 16389 16396 24577 28672 35840 38912 53248 66304 67072 99328 114688 131264 131456 196864 262184 262240 278536 344064 393280 458752
1 7 56 16389 16396 24577 35840 38912 45056 57344 65920 66304 67072 99328 114688 131168 131264 196736 212992 262184 278536 393248 409600
1 7 56 16389 16396 24577 35840 38912 45056 57344 65920 66304 67072 99328 114688 131168 131264 196736 262184 278536 344064 393248 458752
1 7 56 16389 16396 24577 35840 38912 45056 57344 65920 66304 67072 99328 114688 131264 196736 212992 262184 262240 278536 393280 409600
1 7 56 16389 16396 24577 35840 38912 45056 57344 65920 66304 67072 99328 114688 131264 196736 262184 262240 278536 344064 393280 458752
1 7 56 16389 16396 24577 35840 38912 45056 57344 65920 66304 67072 99328 131168 131264 180224 196736 229376 262184 278536 393248 409600
1 7 56 16389 16396 24577 35840 38912 45056 57344 65920 66304 67072 99328 131168 131264 196736 229376 262184 278536 311296 393248 425984
1 7 56 16389 16396 24577 35840 38912 45056 57344 65920 66304 67072 99328 131168 131264 196736 262184 278536 311296 360448 393248 458752
1 7 56 16389 16396 24577 35840 38912 45056 57344 65920 66304 67072 99328 131264 180224 196736 229376 262184 262240 278536 393280 409600
1 7 56 16389 16396 24577 35840 38912 45056 57344 65920 66304 67072 99328 131264 196736 229376 262184 262240 278536 311296 393280 425984
1 7 56 16389 16396 24577 35840 38912 45056 57344 65920 66304 67072 99328 131264 196736 262184 262240 278536 311296 360448 393280 458752
1 7 56 16389 16396 24577 35840 38912 45056 57344 66304 67072 99328 114688 131168 131264 131456 196864 212992 262184 278536 393248 409600
1 7 56 16389 16396 24577 35840 38912 45056 57344 66304 67072 99328 114688 131168 131264 131456 196864 262184 278536 344064 393248 458752
1 7 56 16389 16396 24577 35840 38912 45056 57344 66304 67072 99328 114688 131264 131456 196864 212992 262184 262240 278536 393280 409600
1 7 56 16389 16396 24577 35840 38912 45056 57344 66304 67072 99328 114688 131264 131456 196864 262184 262240 278536 344064 393280 458752
1 7 56 16389 16396 24577 35840 38912 45056 57344 66304 67072 99328 131168 131264 131456 180224 196864 229376 262184 278536 393248 409600
1 7 56 16389 16396 24577 35840 38912 45056 57344 66304 67072 99328 131168 131264 131456 196864 229376 262184 278536 311296 393248 425984
1 7 56 16389 16396 24577 35840 38912 45056 57344 66304 67072 99328 131168 131264 131456 196864 262184 278536 311296 360448 393248 458752
1 7 56 16389 16396 24577 35840 38912 45056 57344 66304 67072 99328 131264 131456 180224 196864 229376 262184 262240 278536 393280 409600
1 7 56 16389 16396 24577 35840 38912 45056 57344 66304 67072 99328 131264 131456 196864 229376 262184 262240 278536 311296 393280 425984
1 7 56 16389 16396 24577 35840 38912 45056 57344 66304 67072 99328 131264 131456 196864 262184 262240 278536 311296 360448 393280 458752
1 7 56 16389 16396 24577 35840 38912 45056 57344 67072 99328 114688 131264 131456 131840 197120 212992 262184 262240 278536 393280 409600
1 7 56 16389 16396 24577 35840 38912 45056 57344 67072 99328 114688 131264 131456 131840 197120 262184 262240 278536 344064 393280 458752
1 7 56 16389 16396 24577 35840 38912 45056 57344 67072 99328 131264 131456 131840 180224 197120 229376 262184 262240 278536 393280 409600
1 7 56 16389 16396 24577 35840 38912 45056 57344 67072 99328 131264 131456 131840 197120 229376 262184 262240 278536 311296 393280 425984
1 7 56 16389 16396 24577 35840 38912 45056 57344 67072 99328 131264 131456 131840 197120 262184 262240 278536 311296 360448 393280 458752
1 7 56 16389 16396 24577 38912 45056 57344 66304 67072 68608 100352 114688 131112 131168 147464 212992 262336 262528 327936 393280 458752
1 7 56 16389 16396 24577 38912 45056 57344 66304 67072 68608 100352 114688 131112 147464 212992 262240 262336 262528 327936 393248 458752
1 7 56 16389 16396 24577 38912 45056 57344 66304 67072 68608 100352 114688 131168 131264 131456 196864 212992 262184 278536 393248 409600
1 7 56 16389 16396 24577 38912 45056 57344 66304 67072 68608 100352 114688 131264 131456 196864 212992 262184 262240 278536 393280 409600
1 7 56 16389 16396 24577 38912 45056 57344 66304 67072 68608 100352 131112 131168 147464 180224 229376 262336 262528 327936 393280 458752
1 7 56 16389 16396 24577 38912 45056 57344 66304 67072 68608 100352 131112 147464 180224 229376 262240 262336 262528 327936 393248 458752
1 7 56 16389 16396 24577 38912 45056 57344 66304 67072 68608 100352 131168 131264 131456 180224 196864 229376 262184 278536 393248 409600
1 7 56 16389 16396 24577 38912 45056 57344 66304 67072 68608 100352 131168 131264 131456 196864 229376 262184 278536 311296 393248 425984
1 7 56 16389 16396 24577 38912 45056 57344 66304 67072 68608 100352 131264 131456 180224 196864 229376 262184 262240 278536 393280 409600
1 7 56 16389 16396 24577 38912 45056 57344 66304 67072 68608 100352 131264 131456 196864 229376 262184 262240 278536 311296 393280 425984
1 7 56 16389 16396 24577 38912 45056 57344 67072 68608 100352 114688 131112 131168 131264 147464 212992 262528 262912 328192 393344 458752
1 7 56 16389 16396 24577 38912 45056 57344 67072 68608 100352 114688 131112 131168 147464 212992 262336 262528 262912 328192 393280 458752
1 7 56 16389 16396 24577 38912 45056 57344 67072 68608 100352 114688 131264 131456 131840 197120 212992 262184 262240 278536 393280 409600
1 7 56 16389 16396 24577 38912 45056 57344 67072 68608 100352 114688 131456 131840 197120 212992 262184 262240 262336 278536 393344 409600
1 7 56 16389 16396 24577 38912 45056 57344 67072 68608 100352 131112 131168 131264 147464 180224 229376 262528 262912 328192 393344 458752
1 7 56 16389 16396 24577 38912 45056 57344 67072 68608 100352 131112 131168 147464 180224 229376 262336 262528 262912 328192 393280 458752
1 7 56 16389 16396 24577 38912 45056 57344 67072 68608 100352 131264 131456 131840 180224 197120 229376 262184 262240 278536 393280 409600
1 7 56 16389 16396 24577 38912 45056 57344 67072 68608 100352 131264 131456 131840 197120 229376 262184 262240 278536 311296 393280 425984
1 7 56 16389 16396 24577 38912 45056 57344 67072 68608 100352 131456 131840 180224 197120 229376 262184 262240 262336 278536 393344 409600
1 7 56 16389 16396 24577 38912 45056 57344 67072 68608 100352 131456 131840 197120 229376 262184 262240 262336 278536 311296 393344 425984
1 7 56 16389 16396 24577 38912 45056 57344 68608 100352 114688 131112 131168 131264 147464 212992 262528 262912 263680 328704 393344 458752
1 7 56 16389 16396 24577 38912 45056 57344 68608 100352 114688 131456 131840 132608 197632 212992 262184 262240 262336 278536 393344 409600
1 7 56 16389 16396 24577 38912 45056 57344 68608 100352 131112 131168 131264 147464 180224 229376 262528 262912 263680 328704 393344 458752
1 7 56 16389 16396 24577 38912 45056 57344 68608 100352 131456 131840 132608 180224 197632 229376 262184 262240 262336 278536 393344 409600
1 7 56 16389 16396 24577 38912 45056 57344 68608 100352 131456 131840 132608 197632 229376 262184 262240 262336 278536 311296 393344 425984
1 7 56 16389 16396 24577 45056 57344 67072 68608 71680 102400 114688 131264 131456 131840 197120 212992 262184 262240 278536 393280 409600
1 7 56 16389 16396 24577 45056 57344 67072 68608 71680 102400 114688 131264 131456 131840 197120 262184 262240 278536 344064 393280 458752
1 7 56 16389 16396 24577 45056 57344 67072 68608 71680 102400 131264 131456 131840 180224 197120 229376 262184 262240 278536 393280 409600
1 7 56 16389 16396 24577 45056 57344 67072 68608 71680 102400 131264 131456 131840 197120 229376 262184 262240 278536 311296 393280 425984
1 7 56 16389 16396 24577 45056 57344 67072 68608 71680 102400 131264 131456 131840 197120 262184 262240 278536 311296 360448 393280 458752
1 7 56 16389 16396 24577 45056 57344 68608 71680 102400 114688 131456 131840 132608 197632 212992 262184 262240 262336 278536 393344 409600
1 7 56 16389 16396 24577 45056 57344 68608 71680 102400 114688 131456 131840 132608 197632 262184 262240 262336 278536 344064 393344 458752
1 7 56 16389 16396 24577 45056 57344 68608 71680 102400 131456 131840 132608 180224 197632 229376 262184 262240 262336 278536 393344 409600
1 7 56 16389 16396 24577 45056 57344 68608 71680 102400 131456 131840 132608 197632 229376 262184 262240 262336 278536 311296 393344 425984
1 7 56 16389 16396 24577 45056 57344 68608 71680 102400 131456 131840 132608 197632 262184 262240 262336 278536 311296 360448 393344 458752
1 7 56 16389 16396 35840 38912 40961 45056 49153 65576 65632 81928 114688 131264 131456 196672 229376 262912 263680 295936 393472 425984
1 7 56 16389 16396 35840 38912 40961 45056 49153 65576 65632 81928 114688 131264 196672 229376 262528 262912 263680 295936 393344 425984
1 7 56 16389 16396 35840 38912 40961 45056 49153 65576 65632 81928 114688 131456 131840 132608 164864 229376 262336 327744 393344 458752
1 7 56 16389 16396 35840 38912 40961 45056 49153 65576 65632 81928 114688 131840 132608 164864 229376 262336 262528 327744 393472 458752
1 7 56 16389 16396 35840 38912 40961 45056 49153 65576 81928 114688 131168 131264 131456 196640 229376 262912 263680 295936 393472 425984
1 7 56 16389 16396 35840 38912 40961 45056 49153 65576 81928 114688 131168 131264 196640 229376 262528 262912 263680 295936 393344 425984
1 7 56 16389 16396 35840 38912 40961 45056 49153 65576 81928 114688 131456 131840 132608 164864 229376 262240 262336 327712 393344 458752
1 7 56 16389 16396 35840 38912 40961 45056 49153 65576 81928 114688 131840 132608 164864 229376 262240 262336 262528 327712 393472 458752
1 7 56 16389 16396 35840 38912 40961 45056 49153 65632 65728 65920 114688 131840 132608 164864 196864 229376 262184 278536 327712 344064
1 7 56 16389 16396 35840 38912 40961 45056 49153 65632 65728 114688 131456 131840 132608 164864 196736 229376 262184 278536 327712 344064
1 7 56 16389 16396 35840 38912 40961 45056 49153 65728 65920 114688 131840 132608 164864 196864 229376 262184 262240 278536 327744 344064
1 7 56 16389 16396 35840 38912 40961 45056 49153 65728 114688 131456 131840 132608 164864 196736 229376 262184 262240 278536 327744 344064
1 7 56 16389 16396 35840 38912 40961 45056 49153 65920 66304 67072 99328 114688 131168 131264 196736 212992 262184 278536 393248 409600
1 7 56 16389 16396 35840 38912 40961 45056 49153 65920 66304 67072 99328 114688 131168 131264 196736 262184 278536 344064 393248 458752
1 7 56 16389 16396 35840 38912 40961 45056 49153 65920 66304 67072 99328 114688 131264 196736 212992 262184 262240 278536 393280 409600
1 7 56 16389 16396 35840 38912 40961 45056 49153 65920 66304 67072 99328 114688 131264 196736 262184 262240 278536 344064 393280 458752
1 7 56 16389 16396 35840 38912 40961 45056 49153 66304 67072 99328 114688 131168 131264 131456 196864 212992 262184 278536 393248 409600
1 7 56 16389 16396 35840 38912 40961 45056 49153 66304 67072 99328 114688 131168 131264 131456 196864 262184 278536 344064 393248 458752
1 7 56 16389 16396 35840 38912 40961 45056 49153 66304 67072 99328 114688 131264 131456 196864 212992 262184 262240 278536 393280 409600
1 7 56 16389 16396 35840 38912 40961 45056 49153 66304 67072 99328 114688 131264 131456 196864 262184 262240 278536 344064 393280 458752
1 7 56 16389 16396 38912 40961 45056 49153 65576 65632 65728 81928 114688 131456 131840 132608 196736 229376 265216 296960 394240 425984
1 7 56 16389 16396 38912 40961 45056 49153 65576 65632 65728 81928 114688 131456 131840 196736 229376 263680 265216 296960 393728 425984
1 7 56 16389 16396 38912 40961 45056 49153 65576 65632 65728 81928 114688 132608 134144 165888 229376 262528 262912 327808 393728 458752
1 7 56 16389 16396 38912 40961 45056 49153 65576 65632 65728 81928 114688 134144 165888 229376 262528 262912 263680 327808 394240 458752
1 7 56 16389 16396 38912 40961 45056 49153 65576 65632 81928 114688 131264 131456 131840 196672 229376 263680 265216 296960 393728 425984
1 7 56 16389 16396 38912 40961 45056 49153 65576 65632 81928 114688 131264 131456 196672 229376 262912 263680 265216 296960 393472 425984
1 7 56 16389 16396 38912 40961 45056 49153 65576 65632 81928 114688 131840 132608 134144 165888 229376 262336 262528 327744 393472 458752
1 7 56 16389 16396 38912 40961 45056 49153 65576 65632 81928 114688 132608 134144 165888 229376 262336 262528 262912 327744 393728 458752
1 7 56 16389 16396 38912 40961 45056 49153 65576 81928 114688 131168 131264 131456 131840 196640 229376 263680 265216 296960 393728 425984
1 7 56 16389 16396 38912 40961 45056 49153 65576 81928 114688 131168 131264 131456 196640 229376 262912 263680 265216 296960 393472 425984
1 7 56 16389 16396 38912 40961 45056 49153 65576 81928 114688 131840 132608 134144 165888 229376 262240 262336 262528 327712 393472 458752
1 7 56 16389 16396 38912 40961 45056 49153 65576 81928 114688 132608 134144 165888 229376 262240 262336 262528 262912 327712 393728 458752
1 7 56 16389 16396 38912 40961 45056 49153 65632 65728 65920 66304 114688 132608 134144 165888 197120 229376 262184 278536 327712 344064
1 7 56 16389 16396 38912 40961 45056 49153 65632 65728 65920 114688 131840 132608 134144 165888 196864 229376 262184 278536 327712 344064
1 7 56 16389 16396 38912 40961 45056 49153 65728 65920 66304 114688 132608 134144 165888 197120 229376 262184 262240 278536 327744 344064
1 7 56 16389 16396 38912 40961 45056 49153 65728 65920 114688 131840 132608 134144 165888 196864 229376 262184 262240 278536 327744 344064
1 7 56 16389 16396 38912 40961 45056 49153 65920 66304 67072 114688 134144 165888 197632 229376 262184 262240 262336 278536 327808 344064
1 7 56 16389 16396 38912 40961 45056 49153 65920 66304 114688 132608 134144 165888 197120 229376 262184 262240 262336 278536 327808 344064
1 7 56 16389 16396 38912 40961 45056 49153 66304 67072 68608 100352 114688 131168 131264 131456 196864 212992 262184 278536 393248 409600
1 7 56 16389 16396 38912 40961 45056 49153 66304 67072 68608 100352 114688 131168 131264 131456 196864 262184 278536 344064 393248 458752
1 7 56 16389 16396 38912 40961 45056 49153 66304 67072 68608 100352 114688 131264 131456 196864 212992 262184 262240 278536 393280 409600
1 7 56 16389 16396 38912 40961 45056 49153 66304 67072 68608 100352 114688 131264 131456 196864 262184 262240 278536 344064 393280 458752
1 7 56 16389 16396 38912 40961 45056 49153 67072 68608 100352 114688 131168 131264 131456 131840 197120 212992 262184 278536 393248 409600
1 7 56 16389 16396 38912 40961 45056 49153 67072 68608 100352 114688 131168 131264 131456 131840 197120 262184 278536 344064 393248 458752
1 7 56 16389 16396 38912 40961 45056 49153 67072 68608 100352 114688 131264 131456 131840 197120 212992 262184 262240 278536 393280 409600
1 7 56 16389 16396 38912 40961 45056 49153 67072 68608 100352 114688 131264 131456 131840 197120 262184 262240 278536 344064 393280 458752
1 7 56 16389 16396 38912 40961 45056 49153 67072 68608 100352 114688 131456 131840 197120 212992 262184 262240 262336 278536 393344 409600
1 7 56 16389 16396 38912 40961 45056 49153 67072 68608 100352 114688 131456 131840 197120 262184 262240 262336 278536 344064 393344 458752
1 7 56 16389 16396 38912 40961 45056 49153 68608 100352 114688 131456 131840 132608 197632 212992 262184 262240 262336 278536 393344 409600
1 7 56 16389 16396 38912 40961 45056 49153 68608 100352 114688 131456 131840 132608 197632 262184 262240 262336 278536 344064 393344 458752
1 7 56 16389 16396 40961 45056 49153 65576 65632 65728 81928 114688 131456 131840 132608 196736 229376 265216 268288 299008 394240 425984
1 7 56 16389 16396 40961 45056 49153 65576 65632 65728 81928 114688 134144 137216 167936 229376 262528 262912 263680 327808 394240 458752
1 7 56 16389 16396 40961 45056 49153 65576 65632 81928 114688 131264 131456 131840 196672 229376 263680 265216 268288 299008 393728 425984
1 7 56 16389 16396 40961 45056 49153 65576 65632 81928 114688 132608 134144 137216 167936 229376 262336 262528 262912 327744 393728 458752
1 7 56 16389 16396 40961 45056 49153 65576 81928 114688 131168 131264 131456 131840 196640 229376 263680 265216 268288 299008 393728 425984
1 7 56 16389 16396 40961 45056 49153 65576 81928 114688 132608 134144 137216 167936 229376 262240 262336 262528 262912 327712 393728 458752
1 7 56 16389 16396 40961 45056 49153 65632 65728 65920 66304 114688 132608 134144 137216 167936 197120 229376 262184 278536 327712 344064
1 7 56 16389 16396 40961 45056 49153 65728 65920 66304 114688 132608 134144 137216 167936 197120 229376 262184 262240 278536 327744 344064
1 7 56 16389 16396 40961 45056 49153 65920 66304 67072 114688 134144 137216 167936 197632 229376 262184 262240 262336 278536 327808 344064
1 7 56 16389 16396 40961 45056 49153 67072 68608 71680 102400 114688 131168 131264 131456 131840 197120 212992 262184 278536 393248 409600
1 7 56 16389 16396 40961 45056 49153 67072 68608 71680 102400 114688 131168 131264 131456 131840 197120 262184 278536 344064 393248 458752
1 7 56 16389 16396 40961 45056 49153 67072 68608 71680 102400 114688 131264 131456 131840 197120 212992 262184 262240 278536 393280 409600
1 7 56 16389 16396 40961 45056 49153 67072 68608 71680 102400 114688 131264 131456 131840 197120 262184 262240 278536 344064 393280 458752
1 7 56 16389 16396 40961 45056 49153 68608 71680 102400 114688 131456 131840 132608 197632 212992 262184 262240 262336 278536 393344 409600
1 7 56 16389 16396 40961 45056 49153 68608 71680 102400 114688 131456 131840 132608 197632 262184 262240 262336 278536 344064 393344 458752
1 7 112 1792 16389 16396 16408 35840 38912 40961 45056 49153 65616 65728 81936 114688 131456 132352 164864 229376 327808 393344 458752
1 7 112 1792 16389 16396 16408 35840 38912 40961 45056 49153 65616 65728 81936 114688 131456 132352 196736 229376 295936 394240 425984
1 7 112 1792 16389 16396 16408 35840 38912 40961 45056 49153 65616 65728 81936 114688 131456 164864 196736 229376 263424 393472 394240
1 7 112 1792 16389 16396 16408 35840 38912 40961 45056 49153 65616 65728 81936 114688 131456 196736 229376 263424 295936 393472 425984
1 7 112 1792 16389 16396 16408 35840 38912 40961 45056 49153 65616 65728 81936 114688 132352 164864 196736 229376 262528 393344 393472
1 7 112 1792 16389 16396 16408 35840 38912 40961 45056 49153 65616 65728 81936 114688 132352 164864 229376 262528 327808 393472 458752
1 7 112 1792 16389 16396 16408 35840 38912 40961 45056 49153 65616 65728 81936 114688 164864 196736 229376 262528 263424 393344 394240
1 7 112 1792 16389 16396 16408 35840 38912 40961 45056 49153 65616 65728 81936 114688 164864 229376 262528 263424 327808 394240 458752
1 7 112 1792 16389 16396 16408 35840 38912 40961 45056 49153 65616 65728 81936 114688 196736 229376 262528 263424 295936 393344 425984
1 7 112 1792 16389 16396 16408 35840 38912 40961 45056 49153 65616 65728 81936 114688 229376 262528 263424 295936 327808 425984 458752
1 7 112 1792 16389 16396 16408 35840 38912 40961 45056 49153 65616 65728 114688 131456 132352 164864 196736 229376 278544 327696 344064
1 7 112 1792 16389 16396 16408 35840 38912 40961 45056 49153 65616 81936 114688 131264 131456 196672 229376 263424 295936 393472 425984
1 7 112 1792 16389 16396 16408 35840 38912 40961 45056 49153 65616 81936 114688 131264 196672 229376 262528 263424 295936 393344 425984
1 7 112 1792 16389 16396 16408 35840 38912 40961 45056 49153 65616 81936 114688 131456 132352 164864 196736 229376 262336 327744 327808
1 7 112 1792 16389 16396 16408 35840 38912 40961 45056 49153 65616 81936 114688 131456 132352 164864 229376 262336 327744 393344 458752
1 7 112 1792 16389 16396 16408 35840 38912 40961 45056 49153 65616 81936 114688 132352 164864 229376 262336 262528 327744 393472 458752
1 7 112 1792 16389 16396 16408 35840 38912 40961 45056 49153 65728 65920 114688 132352 164864 196864 229376 262224 278544 327744 344064
1 7 112 1792 16389 16396 16408 35840 38912 40961 45056 49153 65728 81936 114688 131456 132352 164864 196736 229376 262224 327696 327744
1 7 112 1792 16389 16396 16408 35840 38912 40961 45056 49153 65728 114688 131456 132352 164864 196736 229376 262224 278544 327744 344064
1 7 112 1792 16389 16396 16408 35840 38912 40961 45056 49153 65920 66816 99328 114688 131152 131264 147472 196736 344064 409600 458752
1 7 112 1792 16389 16396 16408 35840 38912 40961 45056 49153 65920 66816 99328 114688 131152 131264 196736 212992 278544 393232 409600
1 7 112 1792 16389 16396 16408 35840 38912 40961 45056 49153 65920 66816 99328 114688 131152 131264 196736 278544 344064 393232 458752
1 7 112 1792 16389 16396 16408 35840 38912 40961 45056 49153 65920 66816 99328 114688 131152 147472 196736 212992 262336 393280 393344
1 7 112 1792 16389 16396 16408 35840 38912 40961 45056 49153 65920 66816 99328 114688 131264 147472 196736 212992 262224 393232 393280
1 7 112 1792 16389 16396 16408 35840 38912 40961 45056 49153 65920 66816 99328 114688 131264 196736 212992 262224 278544 393280 409600
1 7 112 1792 16389 16396 16408 35840 38912 40961 45056 49153 65920 66816 99328 114688 131264 196736 262224 278544 344064 393280 458752
1 7 112 1792 16389 16396 16408 35840 38912 40961 45056 49153 65920 66816 99328 114688 147472 196736 212992 262224 262336 393232 393344
1 7 112 1792 16389 16396 16408 35840 38912 40961 45056 49153 65920 66816 99328 114688 196736 212992 262224 262336 278544 393344 409600
1 7 112 1792 16389 16396 16408 35840 38912 40961 45056 49153 65920 66816 99328 114688 196736 262224 262336 278544 344064 393344 458752
1 7 112 1792 16389 16396 16408 35840 38912 40961 45056 49153 65920 66816 114688 164864 197632 229376 262224 262336 278544 327808 344064
1 7 112 1792 16389 16396 16408 35840 38912 40961 45056 49153 65920 99328 114688 132352 196864 197632 262224 262336 278544 327808 344064
1 7 112 1792 16389 16396 16408 35840 38912 40961 45056 49153 65920 114688 132352 164864 196864 229376 262224 262336 278544 327808 344064
1 7 112 1792 16389 16396 16408 35840 38912 40961 45056 49153 66816 99328 114688 131264 131456 196864 212992 262224 278544 393280 409600
1 7 112 1792 16389 16396 16408 35840 38912 40961 45056 49153 66816 99328 114688 131264 131456 196864 262224 278544 344064 393280 458752
1 7 112 1792 16389 16396 16408 35840 38912 40961 45056 49153 66816 99328 114688 131456 196736 196864 262224 262336 278544 327808 344064
1 7 112 1792 16389 16396 16408 35840 38912 40961 45056 49153 66816 99328 114688 131456 196864 212992 262224 262336 278544 393344 409600
1 7 112 1792 16389 16396 16408 35840 38912 40961 45056 49153 66816 99328 114688 131456 196864 262224 262336 278544 344064 393344 458752
1 7 112 1792 16389 16396 16408 35840 38912 40961 45056 49153 81936 114688 131152 131264 196624 229376 262528 263424 295936 393344 425984
1 7 112 1792 16389 16396 16408 35840 38912 40961 45056 49153 81936 114688 131456 132352 164864 196736 229376 262224 262336 327696 327808
1 7 112 1792 16389 16396 16408 35840 38912 40961 45056 49153 81936 114688 131456 132352 164864 229376 262224 262336 327696 393344 458752
1 7 112 1792 16389 16396 16408 35840 38912 40961 45056 49153 99328 114688 131456 132352 196736 197632 262224 262336 278544 327808 344064
1 7 112 1792 16389 16396 16408 35840 38912 40961 45056 49153 99328 114688 131456 132352 197632 212992 262224 262336 278544 393344 409600
1 7 112 1792 16389 16396 16408 35840 38912 40961 45056 49153 99328 114688 131456 132352 197632 262224 262336 278544 344064 393344 458752
1 7 112 1792 16389 16396 16408 35840 38912 40961 45056 49153 114688 131152 131264 147472 212992 229376 262528 263424 295936 393344 425984
1 7 112 1792 16389 16396 16408 35840 38912 40961 45056 49153 114688 131456 132352 164864 196736 229376 262224 262336 278544 327808 344064
1 7 112 1792 16389 16396 16408 35840 38912 40961 45056 49153 114688 131456 132352 164864 212992 229376 262224 262336 278544 393344 409600
1 7 112 1792 16389 16396 16408 35840 38912 40961 45056 49153 114688 131456 132352 164864 229376 262224 262336 278544 344064 393344 458752
1 7 112 1792 16389 16396 16408 35840 38912 40961 49153 65616 65728 81936 114688 131456 132352 164864 196736 229376 274432 299008 303104
1 7 112 1792 16389 16396 16408 35840 38912 40961 49153 65920 66816 99328 114688 131152 131264 147472 196736 212992 274432 299008 303104
1 7 112 1792 16389 16396 16408 35840 38912 45056 49153 65616 65728 81936 114688 131456 132352 164864 196736 229376 270337 294913 303104
1 7 112 1792 16389 16396 16408 35840 38912 45056 49153 65920 66816 99328 114688 131152 131264 147472 196736 212992 270337 294913 303104
1 7 112 1792 16389 16396 16408 35840 38912 49153 65616 65728 81936 114688 131456 132352 164864 196736 229376 270337 274432 294913 299008
1 7 112 1792 16389 16396 16408 35840 38912 49153 65920 66816 99328 114688 131152 131264 147472 196736 212992 270337 274432 294913 299008
1 7 112 1792 16389 16396 16408 35840 40961 45056 49153 65616 65728 81936 114688 131456 132352 164864 196736 229376 268288 296960 299008
1 7 112 1792 16389 16396 16408 35840 40961 45056 49153 65920 66816 99328 114688 131152 131264 147472 196736 212992 268288 296960 299008
1 7 112 1792 16389 16396 16408 35840 40961 49153 65616 65728 81936 114688 131456 132352 164864 196736 229376 268288 274432 296960 303104
1 7 112 1792 16389 16396 16408 35840 40961 49153 65920 66816 99328 114688 131152 131264 147472 196736 212992 268288 274432 296960 303104
1 7 112 1792 16389 16396 16408 35840 49153 65616 65728 81936 114688 131456 132352 164864 196736 229376 268288 270337 274432 294913 296960
1 7 112 1792 16389 16396 16408 35840 49153 65920 66816 99328 114688 131152 131264 147472 196736 212992 268288 270337 274432 294913 296960
1 7 112 1792 16389 16396 16408 38912 40961 45056 49153 65616 65728 65920 81936 114688 132352 134144 165888 229376 327936 393472 458752
1 7 112 1792 16389 16396 16408 38912 40961 45056 49153 65616 65728 65920 81936 114688 132352 134144 196864 229376 296960 395264 425984
1 7 112 1792 16389 16396 16408 38912 40961 45056 49153 65616 65728 65920 81936 114688 132352 165888 196864 229376 265216 394240 395264
1 7 112 1792 16389 16396 16408 38912 40961 45056 49153 65616 65728 65920 81936 114688 132352 196864 229376 265216 296960 394240 425984
1 7 112 1792 16389 16396 16408 38912 40961 45056 49153 65616 65728 65920 81936 114688 134144 165888 196864 229376 263424 393472 394240
1 7 112 1792 16389 16396 16408 38912 40961 45056 49153 65616 65728 65920 81936 114688 134144 165888 229376 263424 327936 394240 458752
1 7 112 1792 16389 16396 16408 38912 40961 45056 49153 65616 65728 65920 81936 114688 165888 196864 229376 263424 265216 393472 395264
1 7 112 1792 16389 16396 16408 38912 40961 45056 49153 65616 65728 65920 81936 114688 165888 229376 263424 265216 327936 395264 458752
1 7 112 1792 16389 16396 16408 38912 40961 45056 49153 65616 65728 65920 81936 114688 196864 229376 263424 265216 296960 393472 425984
1 7 112 1792 16389 16396 16408 38912 40961 45056 49153 65616 65728 65920 81936 114688 229376 263424 265216 296960 327936 425984 458752
1 7 112 1792 16389 16396 16408 38912 40961 45056 49153 65616 65728 65920 114688 132352 134144 165888 196864 229376 278544 327696 344064
1 7 112 1792 16389 16396 16408 38912 40961 45056 49153 65616 65728 81936 114688 131456 132352 164864 196736 229376 265216 295936 296960
1 7 112 1792 16389 16396 16408 38912 40961 45056 49153 65616 65728 81936 114688 131456 132352 196736 229376 265216 296960 394240 425984
1 7 112 1792 16389 16396 16408 38912 40961 45056 49153 65616 65728 81936 114688 131456 196736 229376 263424 265216 296960 393472 425984
1 7 112 1792 16389 16396 16408 38912 40961 45056 49153 65616 65728 81936 114688 132352 134144 165888 196864 229376 262528 327808 327936
1 7 112 1792 16389 16396 16408 38912 40961 45056 49153 65616 65728 81936 114688 132352 134144 165888 229376 262528 327808 393472 458752
1 7 112 1792 16389 16396 16408 38912 40961 45056 49153 65616 65728 81936 114688 134144 165888 229376 262528 263424 327808 394240 458752
1 7 112 1792 16389 16396 16408 38912 40961 45056 49153 65616 65920 81936 114688 132352 134144 165888 196864 229376 262336 327744 327808
1 7 112 1792 16389 16396 16408 38912 40961 45056 49153 65616 81936 114688 131264 131456 196672 229376 263424 265216 296960 393472 425984
1 7 112 1792 16389 16396 16408 38912 40961 45056 49153 65616 81936 114688 132352 134144 165888 196864 229376 262336 262528 327744 327936
1 7 112 1792 16389 16396 16408 38912 40961 45056 49153 65616 81936 114688 132352 134144 165888 229376 262336 262528 327744 393472 458752
1 7 112 1792 16389 16396 16408 38912 40961 45056 49153 65728 65920 81936 114688 132352 134144 165888 196864 229376 262224 327696 327744
1 7 112 1792 16389 16396 16408 38912 40961 45056 49153 65728 65920 114688 132352 134144 165888 196864 229376 262224 278544 327744 344064
1 7 112 1792 16389 16396 16408 38912 40961 45056 49153 65920 66816 99328 114688 131152 131264 147472 196736 212992 265216 295936 296960
1 7 112 1792 16389 16396 16408 38912 40961 45056 49153 65920 66816 114688 134144 165888 197632 229376 262224 262336 278544 327808 344064
1 7 112 1792 16389 16396 16408 38912 40961 45056 49153 65920 81936 114688 132352 134144 165888 196864 229376 262224 262336 327696 327808
1 7 112 1792 16389 16396 16408 38912 40961 45056 49153 65920 114688 132352 134144 165888 196864 229376 262224 262336 278544 327808 344064
1 7 112 1792 16389 16396 16408 38912 40961 45056 49153 66816 68608 100352 114688 131152 131264 131456 147472 196864 344064 409600 458752
1 7 112 1792 16389 16396 16408 38912 40961 45056 49153 66816 68608 100352 114688 131152 131264 131456 196864 212992 278544 393232 409600
1 7 112 1792 16389 16396 16408 38912 40961 45056 49153 66816 68608 100352 114688 131152 131264 131456 196864 278544 344064 393232 458752
1 7 112 1792 16389 16396 16408 38912 40961 45056 49153 66816 68608 100352 114688 131152 131264 147472 196864 212992 262528 393344 393472
1 7 112 1792 16389 16396 16408 38912 40961 45056 49153 66816 68608 100352 114688 131152 131456 147472 196864 212992 262336 393280 393344
1 7 112 1792 16389 16396 16408 38912 40961 45056 49153 66816 68608 100352 114688 131152 147472 196864 212992 262336 262528 393280 393472
1 7 112 1792 16389 16396 16408 38912 40961 45056 49153 66816 68608 100352 114688 131264 131456 147472 196864 212992 262224 393232 393280
1 7 112 1792 16389 16396 16408 38912 40961 45056 49153 66816 68608 100352 114688 131264 131456 196864 212992 262224 278544 393280 409600
1 7 112 1792 16389 16396 16408 38912 40961 45056 49153 66816 68608 100352 114688 131264 131456 196864 262224 278544 344064 393280 458752
1 7 112 1792 16389 16396 16408 38912 40961 45056 49153 66816 68608 100352 114688 131456 147472 196864 212992 262224 262336 393232 393344
1 7 112 1792 16389 16396 16408 38912 40961 45056 49153 66816 68608 100352 114688 131456 196864 212992 262224 262336 278544 393344 409600
1 7 112 1792 16389 16396 16408 38912 40961 45056 49153 66816 68608 100352 114688 131456 196864 262224 262336 278544 344064 393344 458752
1 7 112 1792 16389 16396 16408 38912 40961 45056 49153 66816 68608 100352 114688 147472 196864 212992 262224 262336 262528 393232 393472
1 7 112 1792 16389 16396 16408 38912 40961 45056 49153 66816 68608 100352 114688 196864 212992 262224 262336 262528 278544 393472 409600
1 7 112 1792 16389 16396 16408 38912 40961 45056 49153 66816 68608 100352 114688 196864 262224 262336 262528 278544 344064 393472 458752
1 7 112 1792 16389 16396 16408 38912 40961 45056 49153 66816 68608 114688 165888 198656 229376 262224 262336 262528 278544 327936 344064
1 7 112 1792 16389 16396 16408 38912 40961 45056 49153 66816 100352 114688 134144 197632 198656 262224 262336 262528 278544 327936 344064
1 7 112 1792 16389 16396 16408 38912 40961 45056 49153 66816 114688 134144 165888 197632 229376 262224 262336 262528 278544 327936 344064
1 7 112 1792 16389 16396 16408 38912 40961 45056 49153 68608 100352 114688 131456 132352 197632 212992 262224 262336 278544 393344 409600
1 7 112 1792 16389 16396 16408 38912 40961 45056 49153 68608 100352 114688 131456 132352 197632 262224 262336 278544 344064 393344 458752
1 7 112 1792 16389 16396 16408 38912 40961 45056 49153 68608 100352 114688 132352 196864 197632 262224 262336 262528 278544 327936 344064
1 7 112 1792 16389 16396 16408 38912 40961 45056 49153 68608 100352 114688 132352 197632 212992 262224 262336 262528 278544 393472 409600
1 7 112 1792 16389 16396 16408 38912 40961 45056 49153 68608 100352 114688 132352 197632 262224 262336 262528 278544 344064 393472 458752
1 7 112 1792 16389 16396 16408 38912 40961 45056 49153 81936 114688 131152 131264 131456 196624 229376 263424 265216 296960 393472 425984
1 7 112 1792 16389 16396 16408 38912 40961 45056 49153 81936 114688 132352 134144 165888 196864 229376 262224 262336 262528 327696 327936
1 7 112 1792 16389 16396 16408 38912 40961 45056 49153 81936 114688 132352 134144 165888 229376 262224 262336 262528 327696 393472 458752
1 7 112 1792 16389 16396 16408 38912 40961 45056 49153 100352 114688 132352 134144 196864 198656 262224 262336 262528 278544 327936 344064
1 7 112 1792 16389 16396 16408 38912 40961 45056 49153 100352 114688 132352 134144 198656 212992 262224 262336 262528 278544 393472 409600
1 7 112 1792 16389 16396 16408 38912 40961 45056 49153 100352 114688 132352 134144 198656 262224 262336 262528 278544 344064 393472 458752
1 7 112 1792 16389 16396 16408 38912 40961 45056 49153 114688 131152 131264 131456 147472 212992 229376 263424 265216 296960 393472 425984
1 7 112 1792 16389 16396 16408 38912 40961 45056 49153 114688 132352 134144 165888 196864 229376 262224 262336 262528 278544 327936 344064
1 7 112 1792 16389 16396 16408 38912 40961 45056 49153 114688 132352 134144 165888 212992 229376 262224 262336 262528 278544 393472 409600
1 7 112 1792 16389 16396 16408 38912 40961 45056 49153 114688 132352 134144 165888 229376 262224 262336 262528 278544 344064 393472 458752
1 7 112 1792 16389 16396 16408 38912 40961 49153 65616 65728 65920 81936 114688 132352 134144 165888 196864 229376 274432 299008 303104
1 7 112 1792 16389 16396 16408 38912 40961 49153 66816 68608 100352 114688 131152 131264 131456 147472 196864 212992 274432 299008 303104
1 7 112 1792 16389 16396 16408 38912 45056 49153 65616 65728 65920 81936 114688 132352 134144 165888 196864 229376 270337 294913 303104
1 7 112 1792 16389 16396 16408 38912 45056 49153 66816 68608 100352 114688 131152 131264 131456 147472 196864 212992 270337 294913 303104
1 7 112 1792 16389 16396 16408 38912 49153 65616 65728 65920 81936 114688 132352 134144 165888 196864 229376 270337 274432 294913 299008
1 7 112 1792 16389 16396 16408 38912 49153 66816 68608 100352 114688 131152 131264 131456 147472 196864 212992 270337 274432 294913 299008
1 7 112 1792 16389 16396 16408 40961 45056 49153 65616 65728 65920 81936 114688 132352 134144 165888 196864 229376 268288 296960 299008
1 7 112 1792 16389 16396 16408 40961 45056 49153 65616 65728 65920 81936 114688 132352 134144 196864 229376 268288 299008 395264 425984
1 7 112 1792 16389 16396 16408 40961 45056 49153 65616 65728 65920 81936 114688 132352 196864 229376 265216 268288 299008 394240 425984
1 7 112 1792 16389 16396 16408 40961 45056 49153 65616 65728 65920 81936 114688 134144 137216 167936 229376 263424 327936 394240 458752
1 7 112 1792 16389 16396 16408 40961 45056 49153 65616 65728 65920 81936 114688 137216 167936 229376 263424 265216 327936 395264 458752
1 7 112 1792 16389 16396 16408 40961 45056 49153 65616 65728 81936 114688 131456 132352 164864 196736 229376 265216 268288 295936 299008
1 7 112 1792 16389 16396 16408 40961 45056 49153 65616 65728 81936 114688 131456 132352 196736 229376 265216 268288 299008 394240 425984
1 7 112 1792 16389 16396 16408 40961 45056 49153 65616 65728 81936 114688 134144 137216 167936 229376 262528 263424 327808 394240 458752
1 7 112 1792 16389 16396 16408 40961 45056 49153 65920 66816 99328 114688 131152 131264 147472 196736 212992 265216 268288 295936 299008
1 7 112 1792 16389 16396 16408 40961 45056 49153 65920 66816 114688 134144 137216 167936 197632 229376 262224 262336 278544 327808 344064
1 7 112 1792 16389 16396 16408 40961 45056 49153 66816 68608 100352 114688 131152 131264 131456 147472 196864 212992 268288 296960 299008
1 7 112 1792 16389 16396 16408 40961 45056 49153 66816 68608 114688 137216 167936 198656 229376 262224 262336 262528 278544 327936 344064
1 7 112 1792 16389 16396 16408 40961 45056 49153 66816 114688 134144 137216 167936 197632 229376 262224 262336 262528 278544 327936 344064
1 7 112 1792 16389 16396 16408 40961 45056 49153 68608 71680 102400 114688 131456 132352 197632 212992 262224 262336 278544 393344 409600
1 7 112 1792 16389 16396 16408 40961 45056 49153 68608 71680 102400 114688 131456 132352 197632 262224 262336 278544 344064 393344 458752
1 7 112 1792 16389 16396 16408 40961 45056 49153 68608 71680 102400 114688 132352 197632 212992 262224 262336 262528 278544 393472 409600
1 7 112 1792 16389 16396 16408 40961 45056 49153 68608 71680 102400 114688 132352 197632 262224 262336 262528 278544 344064 393472 458752
1 7 112 1792 16389 16396 16408 40961 45056 49153 71680 102400 114688 132352 134144 198656 212992 262224 262336 262528 278544 393472 409600
1 7 112 1792 16389 16396 16408 40961 45056 49153 71680 102400 114688 132352 134144 198656 262224 262336 262528 278544 344064 393472 458752
1 7 112 1792 16389 16396 16408 40961 49153 65616 65728 65920 81936 114688 132352 134144 165888 196864 229376 268288 274432 296960 303104
1 7 112 1792 16389 16396 16408 40961 49153 65616 65728 65920 81936 114688 132352 134144 196864 229376 268288 274432 303104 395264 425984
1 7 112 1792 16389 16396 16408 40961 49153 65616 65728 65920 81936 114688 137216 143360 172032 229376 263424 265216 327936 395264 458752
1 7 112 1792 16389 16396 16408 40961 49153 65616 65728 81936 114688 131456 132352 164864 196736 229376 265216 268288 274432 295936 303104
1 7 112 1792 16389 16396 16408 40961 49153 65616 65728 81936 114688 131456 132352 196736 229376 265216 268288 274432 303104 394240 425984
1 7 112 1792 16389 16396 16408 40961 49153 65616 65728 81936 114688 134144 137216 143360 172032 229376 262528 263424 327808 394240 458752
1 7 112 1792 16389 16396 16408 40961 49153 65920 66816 99328 114688 131152 131264 147472 196736 212992 265216 268288 274432 295936 303104
1 7 112 1792 16389 16396 16408 40961 49153 65920 66816 114688 134144 137216 143360 172032 197632 229376 262224 262336 278544 327808 344064
1 7 112 1792 16389 16396 16408 40961 49153 66816 68608 100352 114688 131152 131264 131456 147472 196864 212992 268288 274432 296960 303104
1 7 112 1792 16389 16396 16408 40961 49153 66816 68608 114688 137216 143360 172032 198656 229376 262224 262336 262528 278544 327936 344064
1 7 112 1792 16389 16396 16408 40961 49153 68608 71680 77824 106496 114688 131456 132352 197632 212992 262224 262336 278544 393344 409600
1 7 112 1792 16389 16396 16408 40961 49153 68608 71680 77824 106496 114688 131456 132352 197632 262224 262336 278544 344064 393344 458752
1 7 112 1792 16389 16396 16408 40961 49153 71680 77824 106496 114688 132352 134144 198656 212992 262224 262336 262528 278544 393472 409600
1 7 112 1792 16389 16396 16408 40961 49153 71680 77824 106496 114688 132352 134144 198656 262224 262336 262528 278544 344064 393472 458752
1 7 112 1792 16389 16396 16408 49153 49168 65616 65728 65920 98320 132352 134144 196864 229376 268288 270337 274432 294913 395264 425984
1 7 112 1792 16389 16396 16408 49153 49168 65616 65728 65920 98320 132352 134144 196864 268288 270337 274432 294913 360448 395264 458752
1 7 112 1792 16389 16396 16408 49153 49168 65616 65728 98320 131456 132352 196736 229376 265216 268288 270337 274432 294913 394240 425984
1 7 112 1792 16389 16396 16408 49153 49168 65616 65728 98320 131456 132352 196736 265216 268288 270337 274432 294913 360448 394240 458752
1 7 112 1792 16389 16396 16408 49153 65616 65728 65920 81936 114688 132352 134144 165888 196864 229376 268288 270337 274432 294913 296960
1 7 112 1792 16389 16396 16408 49153 65616 65728 65920 81936 114688 132352 134144 196864 229376 268288 270337 274432 294913 395264 425984
1 7 112 1792 16389 16396 16408 49153 65616 65728 65920 81936 114688 137216 139265 143360 163841 229376 263424 265216 327936 395264 458752
1 7 112 1792 16389 16396 16408 49153 65616 65728 81936 114688 131456 132352 164864 196736 229376 265216 268288 270337 274432 294913 295936
1 7 112 1792 16389 16396 16408 49153 65616 65728 81936 114688 131456 132352 196736 229376 265216 268288 270337 274432 294913 394240 425984
1 7 112 1792 16389 16396 16408 49153 65616 65728 81936 114688 134144 137216 139265 143360 163841 229376 262528 263424 327808 394240 458752
1 7 112 1792 16389 16396 16408 49153 65920 66816 99328 114688 131152 131264 147472 196736 212992 265216 268288 270337 274432 294913 295936
1 7 112 1792 16389 16396 16408 49153 65920 66816 114688 134144 137216 139265 143360 163841 197632 229376 262224 262336 278544 327808 344064
1 7 112 1792 16389 16396 16408 49153 66816 68608 100352 114688 131152 131264 131456 147472 196864 212992 268288 270337 274432 294913 296960
1 7 112 1792 16389 16396 16408 49153 66816 68608 114688 137216 139265 143360 163841 198656 229376 262224 262336 262528 278544 327936 344064
1 7 112 1792 16389 16396 16408 49153 68608 71680 73729 77824 98305 114688 131456 132352 197632 212992 262224 262336 278544 393344 409600
1 7 112 1792 16389 16396 16408 49153 68608 71680 73729 77824 98305 114688 131456 132352 197632 262224 262336 278544 344064 393344 458752
1 7 112 1792 16389 16396 16408 49153 71680 73729 77824 98305 114688 132352 134144 198656 212992 262224 262336 262528 278544 393472 409600
1 7 112 1792 16389 16396 16408 49153 71680 73729 77824 98305 114688 132352 134144 198656 262224 262336 262528 278544 344064 393472 458752
1 7 112 1792 16389 16396 32792 49153 49160 65616 65728 65920 98320 132352 134144 196864 229376 268288 270337 274432 294913 395264 425984
1 7 112 1792 16389 16396 32792 49153 49160 65616 65728 65920 98320 137216 139265 143360 163841 229376 263424 265216 327936 395264 458752
1 7 112 1792 16389 16396 32792 49153 49160 65616 65728 98320 131456 132352 196736 229376 265216 268288 270337 274432 294913 394240 425984
1 7 112 1792 16389 16396 32792 49153 49160 65616 65728 98320 134144 137216 139265 143360 163841 229376 262528 263424 327808 394240 458752
1 7 112 1792 16389 16396 35840 38912 40961 45056 49153 65560 65616 81928 114688 131264 131456 164864 196672 229376 263424 393472 394240
1 7 112 1792 16389 16396 35840 38912 40961 45056 49153 65560 65616 81928 114688 131264 131456 196672 229376 263424 295936 393472 425984
1 7 112 1792 16389 16396 35840 38912 40961 45056 49153 65560 65616 81928 114688 131264 132352 164864 196672 229376 262528 393344 393472
1 7 112 1792 16389 16396 35840 38912 40961 45056 49153 65560 65616 81928 114688 131264 196672 229376 262528 263424 295936 393344 425984
1 7 112 1792 16389 16396 35840 38912 40961 45056 49153 65560 65616 81928 114688 131456 132352 164864 196672 229376 262336 393280 393344
1 7 112 1792 16389 16396 35840 38912 40961 45056 49153 65560 65616 81928 114688 131456 132352 164864 229376 262336 327744 393344 458752
1 7 112 1792 16389 16396 35840 38912 40961 45056 49153 65560 65616 81928 114688 132352 164864 196672 229376 262336 262528 393280 393472
1 7 112 1792 16389 16396 35840 38912 40961 45056 49153 65560 65616 81928 114688 132352 164864 229376 262336 262528 327744 393472 458752
1 7 112 1792 16389 16396 35840 38912 40961 45056 49153 65560 81928 114688 131456 132352 164864 229376 262224 262336 327696 393344 458752
1 7 112 1792 16389 16396 35840 38912 40961 45056 49153 65728 65920 99328 114688 132352 196864 197632 262168 262224 278536 327744 344064
1 7 112 1792 16389 16396 35840 38912 40961 45056 49153 65728 65920 114688 132352 164864 196864 229376 262168 262224 278536 327744 344064
1 7 112 1792 16389 16396 35840 38912 40961 45056 49153 65728 66816 99328 114688 131456 196736 196864 262168 262224 278536 327744 344064
1 7 112 1792 16389 16396 35840 38912 40961 45056 49153 65920 66816 99328 114688 131152 131264 147472 196736 212992 262168 278536 278544
1 7 112 1792 16389 16396 35840 38912 40961 45056 49153 65920 66816 99328 114688 131152 131264 196736 212992 262168 278536 393232 409600
1 7 112 1792 16389 16396 35840 38912 40961 45056 49153 65920 66816 99328 114688 131152 131264 196736 262168 278536 344064 393232 458752
1 7 112 1792 16389 16396 35840 38912 40961 45056 49153 66816 99328 114688 131264 131456 196672 196864 262168 262224 278536 327744 344064
1 7 112 1792 16389 16396 35840 38912 40961 45056 49153 66816 99328 114688 131264 131456 196864 212992 262168 262224 278536 393280 409600
1 7 112 1792 16389 16396 35840 38912 40961 45056 49153 66816 99328 114688 131264 131456 196864 262168 262224 278536 344064 393280 458752
1 7 112 1792 16389 16396 38912 40961 45056 49153 65560 65616 81928 114688 131264 131456 196672 229376 263424 265216 296960 393472 425984
1 7 112 1792 16389 16396 38912 40961 45056 49153 65560 65616 81928 114688 132352 134144 165888 229376 262336 262528 327744 393472 458752
1 7 112 1792 16389 16396 38912 40961 45056 49153 65560 81928 114688 131152 131264 131456 196624 229376 263424 265216 296960 393472 425984
1 7 112 1792 16389 16396 38912 40961 45056 49153 65560 81928 114688 132352 134144 165888 229376 262224 262336 262528 327696 393472 458752
1 7 112 1792 16389 16396 38912 40961 45056 49153 65616 65728 65920 81936 114688 132352 134144 165888 196864 229376 262168 278536 278544
1 7 112 1792 16389 16396 38912 40961 45056 49153 65616 65728 65920 114688 132352 134144 165888 196864 229376 262168 278536 327696 344064
1 7 112 1792 16389 16396 38912 40961 45056 49153 65728 65920 114688 132352 134144 165888 196864 229376 262168 262224 278536 327744 344064
1 7 112 1792 16389 16396 38912 40961 45056 49153 66816 68608 100352 114688 131152 131264 131456 147472 196864 212992 262168 278536 278544
1 7 112 1792 16389 16396 38912 40961 45056 49153 66816 68608 100352 114688 131152 131264 131456 196864 212992 262168 278536 393232 409600
1 7 112 1792 16389 16396 38912 40961 45056 49153 66816 68608 100352 114688 131152 131264 131456 196864 262168 278536 344064 393232 458752
1 7 112 1792 16389 16396 38912 40961 45056 49153 66816 68608 100352 114688 131264 131456 196864 212992 262168 262224 278536 393280 409600
1 7 112 1792 16389 16396 38912 40961 45056 49153 66816 68608 100352 114688 131264 131456 196864 262168 262224 278536 344064 393280 458752
1 7 112 1792 16389 16408 38912 40961 45056 49153 65616 65728 65920 81936 114688 132352 134144 165888 196864 229376 262156 278532 278536
1 7 112 1792 16389 16408 38912 40961 45056 49153 66816 68608 100352 114688 131152 131264 131456 147472 196864 212992 262156 278532 278536
1 7 112 1792 16389 24577 35840 38912 45056 57344 65728 65920 99328 114688 132352 196864 197632 262156 262168 262224 278532 327744 344064
1 7 112 1792 16389 24577 35840 38912 45056 57344 65728 65920 99328 132352 196864 197632 262156 262168 262224 278532 311296 327744 360448
1 7 112 1792 16389 24577 35840 38912 45056 57344 66816 99328 114688 131264 131456 196672 196864 262156 262168 262224 278532 327744 344064
1 7 112 1792 16389 24577 35840 38912 45056 57344 66816 99328 114688 131264 131456 196864 212992 262156 262168 262224 278532 393280 409600
1 7 112 1792 16389 24577 35840 38912 45056 57344 66816 99328 114688 131264 131456 196864 262156 262168 262224 278532 344064 393280 458752
1 7 112 1792 16389 24577 35840 38912 45056 57344 66816 99328 131264 131456 180224 196864 229376 262156 262168 262224 278532 393280 409600
1 7 112 1792 16389 24577 35840 38912 45056 57344 66816 99328 131264 131456 196672 196864 262156 262168 262224 278532 311296 327744 360448
1 7 112 1792 16389 24577 35840 38912 45056 57344 66816 99328 131264 131456 196864 229376 262156 262168 262224 278532 311296 393280 425984
1 7 112 1792 16389 24577 35840 38912 45056 57344 66816 99328 131264 131456 196864 262156 262168 262224 278532 311296 360448 393280 458752
1 7 112 1792 16389 24577 38912 45056 57344 66816 68608 100352 114688 131084 131096 131152 147460 212992 262336 262528 327936 393280 458752
1 7 112 1792 16389 24577 38912 45056 57344 66816 68608 100352 114688 131084 131096 147460 212992 262224 262336 262528 327936 393232 458752
1 7 112 1792 16389 24577 38912 45056 57344 66816 68608 100352 131084 131096 131152 147460 180224 229376 262336 262528 327936 393280 458752
1 7 112 1792 16389 24577 38912 45056 57344 66816 68608 100352 131084 131096 147460 180224 229376 262224 262336 262528 327936 393232 458752
1 7 112 1792 16389 24577 38912 45056 57344 66816 68608 100352 131152 131264 131456 196864 229376 262156 262168 278532 311296 393232 425984
1 7 112 3584 16389 16396 16408 38912 40961 45056 49153 65616 65728 81936 114688 131456 131840 196736 229376 264704 296960 393728 425984
1 7 112 3584 16389 16396 16408 38912 40961 45056 49153 65616 65728 81936 114688 131456 196736 229376 262912 264704 296960 393472 425984
1 7 112 3584 16389 16396 16408 38912 40961 45056 49153 65616 65728 81936 114688 131840 133632 165888 229376 262528 327808 393472 458752
1 7 112 3584 16389 16396 16408 38912 40961 45056 49153 65616 65728 81936 114688 133632 165888 229376 262528 262912 327808 393728 458752
1 7 112 3584 16389 16396 16408 38912 40961 45056 49153 65616 81936 114688 131264 131456 131840 196672 229376 264704 296960 393728 425984
1 7 112 3584 16389 16396 16408 38912 40961 45056 49153 65616 81936 114688 131264 131456 196672 229376 262912 264704 296960 393472 425984
1 7 112 3584 16389 16396 16408 38912 40961 45056 49153 65616 81936 114688 131840 133632 165888 229376 262336 262528 327744 393472 458752
1 7 112 3584 16389 16396 16408 38912 40961 45056 49153 65616 81936 114688 133632 165888 229376 262336 262528 262912 327744 393728 458752
1 7 112 3584 16389 16396 16408 38912 40961 45056 49153 65728 65920 66304 114688 133632 165888 197120 229376 262224 278544 327744 344064
1 7 112 3584 16389 16396 16408 38912 40961 45056 49153 65728 65920 114688 131840 133632 165888 196864 229376 262224 278544 327744 344064
1 7 112 3584 16389 16396 16408 38912 40961 45056 49153 65920 66304 114688 133632 165888 197120 229376 262224 262336 278544 327808 344064
1 7 112 3584 16389 16396 16408 38912 40961 45056 49153 65920 114688 131840 133632 165888 196864 229376 262224 262336 278544 327808 344064
1 7 112 3584 16389 16396 16408 38912 40961 45056 49153 66304 68096 100352 114688 131264 131456 196864 212992 262224 278544 393280 409600
1 7 112 3584 16389 16396 16408 38912 40961 45056 49153 66304 68096 100352 114688 131264 131456 196864 262224 278544 344064 393280 458752
1 7 112 3584 16389 16396 16408 38912 40961 45056 49153 66304 68096 100352 114688 131456 196864 212992 262224 262336 278544 393344 409600
1 7 112 3584 16389 16396 16408 38912 40961 45056 49153 66304 68096 100352 114688 131456 196864 262224 262336 278544 344064 393344 458752
1 7 112 3584 16389 16396 16408 38912 40961 45056 49153 68096 100352 114688 131264 131456 131840 197120 212992 262224 278544 393280 409600
1 7 112 3584 16389 16396 16408 38912 40961 45056 49153 68096 100352 114688 131264 131456 131840 197120 262224 278544 344064 393280 458752
1 7 112 3584 16389 16396 16408 38912 40961 45056 49153 68096 100352 114688 131456 131840 197120 212992 262224 262336 278544 393344 409600
1 7 112 3584 16389 16396 16408 38912 40961 45056 49153 68096 100352 114688 131456 131840 197120 262224 262336 278544 344064 393344 458752
1 7 112 3584 16389 16396 16408 40961 45056 49153 65616 65728 81936 114688 131456 131840 196736 229376 264704 268288 299008 393728 425984
1 7 112 3584 16389 16396 16408 40961 45056 49153 65616 65728 81936 114688 133632 137216 167936 229376 262528 262912 327808 393728 458752
1 7 112 3584 16389 16396 16408 40961 45056 49153 65616 81936 114688 131264 131456 131840 196672 229376 264704 268288 299008 393728 425984
1 7 112 3584 16389 16396 16408 40961 45056 49153 65616 81936 114688 133632 137216 167936 229376 262336 262528 262912 327744 393728 458752
1 7 112 3584 16389 16396 16408 40961 45056 49153 65728 65920 66304 114688 133632 137216 167936 197120 229376 262224 278544 327744 344064
1 7 112 3584 16389 16396 16408 40961 45056 49153 65920 66304 114688 133632 137216 167936 197120 229376 262224 262336 278544 327808 344064
1 7 112 3584 16389 16396 16408 40961 45056 49153 68096 71680 102400 114688 131264 131456 131840 197120 212992 262224 278544 393280 409600
1 7 112 3584 16389 16396 16408 40961 45056 49153 68096 71680 102400 114688 131264 131456 131840 197120 262224 278544 344064 393280 458752
1 7 112 3584 16389 16396 16408 40961 45056 49153 68096 71680 102400 114688 131456 131840 197120 212992 262224 262336 278544 393344 409600
1 7 112 3584 16389 16396 16408 40961 45056 49153 68096 71680 102400 114688 131456 131840 197120 262224 262336 278544 344064 393344 458752
1 7 112 3584 16389 16396 38912 40961 45056 49153 65560 65616 81928 114688 131264 131456 131840 196672 229376 264704 296960 393728 425984
1 7 112 3584 16389 16396 38912 40961 45056 49153 65560 65616 81928 114688 131264 131456 196672 229376 262912 264704 296960 393472 425984
1 7 112 3584 16389 16396 38912 40961 45056 49153 65560 65616 81928 114688 131840 133632 165888 229376 262336 262528 327744 393472 458752
1 7 112 3584 16389 16396 38912 40961 45056 49153 65560 65616 81928 114688 133632 165888 229376 262336 262528 262912 327744 393728 458752
1 7 112 3584 16389 16396 38912 40961 45056 49153 65728 65920 114688 131840 133632 165888 196864 229376 262168 262224 278536 327744 344064
1 7 112 3584 16389 16396 38912 40961 45056 49153 66304 68096 100352 114688 131264 131456 196864 212992 262168 262224 278536 393280 409600
1 7 112 3584 16389 16396 38912 40961 45056 49153 66304 68096 100352 114688 131264 131456 196864 262168 262224 278536 344064 393280 458752
2 7 112 3584 16389 16396 38912 40961 45056 49153 68096 100352 114688 131264 131456 131840 197120 262168 262224 278536 344064 393280 458752
1 7 112 16389 16396 16408 24577 35840 38912 45056 57344 66304 67072 99328 114688 131264 131456 196864 212992 262224 278544 393280 409600
1 7 112 16389 16396 16408 24577 35840 38912 45056 57344 66304 67072 99328 114688 131264 131456 196864 262224 278544 344064 393280 458752
1 7 112 16389 16396 16408 24577 35840 38912 45056 57344 66304 67072 99328 114688 131456 196864 212992 262224 262336 278544 393344 409600
1 7 112 16389 16396 16408 24577 35840 38912 45056 57344 66304 67072 99328 114688 131456 196864 262224 262336 278544 344064 393344 458752
1 7 112 16389 16396 16408 24577 35840 38912 45056 57344 66304 67072 99328 131264 131456 180224 196864 229376 262224 278544 393280 409600
1 7 112 16389 16396 16408 24577 35840 38912 45056 57344 66304 67072 99328 131264 131456 196864 229376 262224 278544 311296 393280 425984
1 7 112 16389 16396 16408 24577 35840 38912 45056 57344 66304 67072 99328 131264 131456 196864 262224 278544 311296 360448 393280 458752
1 7 112 16389 16396 16408 24577 35840 38912 45056 57344 66304 67072 99328 131456 180224 196864 229376 262224 262336 278544 393344 409600
1 7 112 16389 16396 16408 24577 35840 38912 45056 57344 66304 67072 99328 131456 196864 229376 262224 262336 278544 311296 393344 425984
1 7 112 16389 16396 16408 24577 35840 38912 45056 57344 66304 67072 99328 131456 196864 262224 262336 278544 311296 360448 393344 458752
1 7 112 16389 16396 16408 24577 35840 38912 45056 57344 67072 99328 114688 131456 131840 197120 212992 262224 262336 278544 393344 409600
1 7 112 16389 16396 16408 24577 35840 38912 45056 57344 67072 99328 114688 131456 131840 197120 262224 262336 278544 344064 393344 458752
1 7 112 16389 16396 16408 24577 35840 38912 45056 57344 67072 99328 131456 131840 180224 197120 229376 262224 262336 278544 393344 409600
1 7 112 16389 16396 16408 24577 35840 38912 45056 57344 67072 99328 131456 131840 197120 229376 262224 262336 278544 311296 393344 425984
1 7 112 16389 16396 16408 24577 35840 38912 45056 57344 67072 99328 131456 131840 197120 262224 262336 278544 311296 360448 393344 458752
1 7 112 16389 16396 16408 24577 38912 45056 57344 67072 68608 100352 114688 131152 131264 147472 212992 262528 262912 328192 393344 458752
1 7 112 16389 16396 16408 24577 38912 45056 57344 67072 68608 100352 114688 131456 131840 197120 212992 262224 262336 278544 393344 409600
1 7 112 16389 16396 16408 24577 38912 45056 57344 67072 68608 100352 131152 131264 147472 180224 229376 262528 262912 328192 393344 458752
1 7 112 16389 16396 16408 24577 38912 45056 57344 67072 68608 100352 131456 131840 180224 197120 229376 262224 262336 278544 393344 409600
1 7 112 16389 16396 16408 24577 38912 45056 57344 67072 68608 100352 131456 131840 197120 229376 262224 262336 278544 311296 393344 425984
1 7 112 16389 16396 16408 35840 38912 40961 45056 49153 65616 65728 81936 114688 131456 131840 132608 164864 229376 327808 393344 458752
1 7 112 16389 16396 16408 35840 38912 40961 45056 49153 65616 65728 81936 114688 131456 131840 132608 196736 229376 295936 394240 425984
1 7 112 16389 16396 16408 35840 38912 40961 45056 49153 65616 65728 81936 114688 131456 131840 164864 196736 229376 263680 393728 394240
1 7 112 16389 16396 16408 35840 38912 40961 45056 49153 65616 65728 81936 114688 131456 131840 196736 229376 263680 295936 393728 425984
1 7 112 16389 16396 16408 35840 38912 40961 45056 49153 65616 65728 81936 114688 131456 132352 164864 196736 229376 262912 263424 263680
1 7 112 16389 16396 16408 35840 38912 40961 45056 49153 65616 65728 81936 114688 131456 132608 164864 196736 229376 262912 393472 393728
1 7 112 16389 16396 16408 35840 38912 40961 45056 49153 65616 65728 81936 114688 131456 164864 196736 229376 262912 263680 393472 394240
1 7 112 16389 16396 16408 35840 38912 40961 45056 49153 65616 65728 81936 114688 131456 196736 229376 262912 263680 295936 393472 425984
1 7 112 16389 16396 16408 35840 38912 40961 45056 49153 65616 65728 81936 114688 131840 132608 164864 196736 229376 262528 393344 393472
1 7 112 16389 16396 16408 35840 38912 40961 45056 49153 65616 65728 81936 114688 131840 132608 164864 229376 262528 327808 393472 458752
1 7 112 16389 16396 16408 35840 38912 40961 45056 49153 65616 65728 81936 114688 132608 164864 196736 229376 262528 262912 393344 393728
1 7 112 16389 16396 16408 35840 38912 40961 45056 49153 65616 65728 81936 114688 132608 164864 229376 262528 262912 327808 393728 458752
1 7 112 16389 16396 16408 35840 38912 40961 45056 49153 65616 65728 81936 114688 164864 196736 229376 262528 262912 263680 393344 394240
1 7 112 16389 16396 16408 35840 38912 40961 45056 49153 65616 65728 81936 114688 164864 229376 262528 262912 263680 327808 394240 458752
1 7 112 16389 16396 16408 35840 38912 40961 45056 49153 65616 65728 81936 114688 196736 229376 262528 262912 263680 295936 393344 425984
1 7 112 16389 16396 16408 35840 38912 40961 45056 49153 65616 65728 81936 114688 229376 262528 262912 263680 295936 327808 425984 458752
1 7 112 16389 16396 16408 35840 38912 40961 45056 49153 65616 65728 114688 131456 131840 132608 164864 196736 229376 278544 327696 344064
1 7 112 16389 16396 16408 35840 38912 40961 45056 49153 65616 81936 114688 131264 131456 131840 196672 229376 263680 295936 393728 425984
1 7 112 16389 16396 16408 35840 38912 40961 45056 49153 65616 81936 114688 131264 131456 196672 229376 262912 263680 295936 393472 425984
1 7 112 16389 16396 16408 35840 38912 40961 45056 49153 65616 81936 114688 131264 196672 229376 262528 262912 263680 295936 393344 425984
1 7 112 16389 16396 16408 35840 38912 40961 45056 49153 65616 81936 114688 131456 131840 132608 164864 196736 229376 262336 327744 327808
1 7 112 16389 16396 16408 35840 38912 40961 45056 49153 65616 81936 114688 131456 131840 132608 164864 229376 262336 327744 393344 458752
1 7 112 16389 16396 16408 35840 38912 40961 45056 49153 65616 81936 114688 131840 132608 164864 229376 262336 262528 327744 393472 458752
1 7 112 16389 16396 16408 35840 38912 40961 45056 49153 65616 81936 114688 132608 164864 229376 262336 262528 262912 327744 393728 458752
1 7 112 16389 16396 16408 35840 38912 40961 45056 49153 65728 65920 66304 114688 132608 164864 197120 229376 262224 278544 327744 344064
1 7 112 16389 16396 16408 35840 38912 40961 45056 49153 65728 65920 114688 131840 132608 164864 196864 229376 262224 278544 327744 344064
1 7 112 16389 16396 16408 35840 38912 40961 45056 49153 65728 81936 114688 131456 131840 132608 164864 196736 229376 262224 327696 327744
1 7 112 16389 16396 16408 35840 38912 40961 45056 49153 65728 114688 131456 131840 132608 164864 196736 229376 262224 278544 327744 344064
1 7 112 16389 16396 16408 35840 38912 40961 45056 49153 65920 66304 67072 99328 114688 131152 131264 147472 196736 344064 409600 458752
1 7 112 16389 16396 16408 35840 38912 40961 45056 49153 65920 66304 67072 99328 114688 131152 131264 196736 212992 278544 393232 409600
1 7 112 16389 16396 16408 35840 38912 40961 45056 49153 65920 66304 67072 99328 114688 131152 131264 196736 278544 344064 393232 458752
1 7 112 16389 16396 16408 35840 38912 40961 45056 49153 65920 66304 67072 99328 114688 131152 147472 196736 212992 262336 393280 393344
1 7 112 16389 16396 16408 35840 38912 40961 45056 49153 65920 66304 67072 99328 114688 131264 147472 196736 212992 262224 393232 393280
1 7 112 16389 16396 16408 35840 38912 40961 45056 49153 65920 66304 67072 99328 114688 131264 196736 212992 262224 278544 393280 409600
1 7 112 16389 16396 16408 35840 38912 40961 45056 49153 65920 66304 67072 99328 114688 131264 196736 262224 278544 344064 393280 458752
1 7 112 16389 16396 16408 35840 38912 40961 45056 49153 65920 66304 67072 99328 114688 147472 196736 212992 262224 262336 393232 393344
1 7 112 16389 16396 16408 35840 38912 40961 45056 49153 65920 66304 67072 99328 114688 196736 212992 262224 262336 278544 393344 409600
1 7 112 16389 16396 16408 35840 38912 40961 45056 49153 65920 66304 67072 99328 114688 196736 262224 262336 278544 344064 393344 458752
1 7 112 16389 16396 16408 35840 38912 40961 45056 49153 65920 66304 67072 114688 164864 197632 229376 262224 262336 278544 327808 344064
1 7 112 16389 16396 16408 35840 38912 40961 45056 49153 65920 66304 99328 114688 132608 197120 197632 262224 262336 278544 327808 344064
1 7 112 16389 16396 16408 35840 38912 40961 45056 49153 65920 66304 114688 132608 164864 197120 229376 262224 262336 278544 327808 344064
1 7 112 16389 16396 16408 35840 38912 40961 45056 49153 65920 66816 99328 114688 131840 132352 132608 262224 262336 278544 327808 344064
1 7 112 16389 16396 16408 35840 38912 40961 45056 49153 65920 67072 99328 114688 131840 196864 197120 262224 262336 278544 327808 344064
1 7 112 16389 16396 16408 35840 38912 40961 45056 49153 65920 99328 114688 131840 132608 196864 197632 262224 262336 278544 327808 344064
1 7 112 16389 16396 16408 35840 38912 40961 45056 49153 65920 114688 131840 132608 164864 196864 229376 262224 262336 278544 327808 344064
1 7 112 16389 16396 16408 35840 38912 40961 45056 49153 66304 67072 99328 114688 131264 131456 196864 212992 262224 278544 393280 409600
1 7 112 16389 16396 16408 35840 38912 40961 45056 49153 66304 67072 99328 114688 131264 131456 196864 262224 278544 344064 393280 458752
1 7 112 16389 16396 16408 35840 38912 40961 45056 49153 66304 67072 99328 114688 131456 196736 196864 262224 262336 278544 327808 344064
1 7 112 16389 16396 16408 35840 38912 40961 45056 49153 66304 67072 99328 114688 131456 196864 212992 262224 262336 278544 393344 409600
1 7 112 16389 16396 16408 35840 38912 40961 45056 49153 66304 67072 99328 114688 131456 196864 262224 262336 278544 344064 393344 458752
1 7 112 16389 16396 16408 35840 38912 40961 45056 49153 67072 99328 114688 131264 131456 131840 197120 212992 262224 278544 393280 409600
1 7 112 16389 16396 16408 35840 38912 40961 45056 49153 67072 99328 114688 131264 131456 131840 197120 262224 278544 344064 393280 458752
1 7 112 16389 16396 16408 35840 38912 40961 45056 49153 67072 99328 114688 131456 131840 196736 197120 262224 262336 278544 327808 344064
1 7 112 16389 16396 16408 35840 38912 40961 45056 49153 67072 99328 114688 131456 131840 197120 212992 262224 262336 278544 393344 409600
1 7 112 16389 16396 16408 35840 38912 40961 45056 49153 67072 99328 114688 131456 131840 197120 262224 262336 278544 344064 393344 458752
1 7 112 16389 16396 16408 35840 38912 40961 45056 49153 81936 114688 131152 131264 196624 229376 262528 262912 263680 295936 393344 425984
1 7 112 16389 16396 16408 35840 38912 40961 45056 49153 81936 114688 131456 131840 132608 164864 196736 229376 262224 262336 327696 327808
1 7 112 16389 16396 16408 35840 38912 40961 45056 49153 81936 114688 131456 131840 132608 164864 229376 262224 262336 327696 393344 458752
1 7 112 16389 16396 16408 35840 38912 40961 45056 49153 99328 114688 131456 131840 132608 196736 197632 262224 262336 278544 327808 344064
1 7 112 16389 16396 16408 35840 38912 40961 45056 49153 99328 114688 131456 131840 132608 197632 212992 262224 262336 278544 393344 409600
1 7 112 16389 16396 16408 35840 38912 40961 45056 49153 99328 114688 131456 131840 132608 197632 262224 262336 278544 344064 393344 458752
1 7 112 16389 16396 16408 35840 38912 40961 45056 49153 114688 131152 131264 147472 212992 229376 262528 262912 263680 295936 393344 425984
1 7 112 16389 16396 16408 35840 38912 40961 45056 49153 114688 131456 131840 132608 164864 196736 229376 262224 262336 278544 327808 344064
1 7 112 16389 16396 16408 35840 38912 40961 45056 49153 114688 131456 131840 132608 164864 212992 229376 262224 262336 278544 393344 409600
1 7 112 16389 16396 16408 35840 38912 40961 45056 49153 114688 131456 131840 132608 164864 229376 262224 262336 278544 344064 393344 458752
1 7 112 16389 16396 16408 35840 38912 40961 49153 65616 65728 81936 114688 131456 131840 132608 164864 196736 229376 274432 299008 303104
1 7 112 16389 16396 16408 35840 38912 40961 49153 65920 66304 67072 99328 114688 131152 131264 147472 196736 212992 274432 299008 303104
1 7 112 16389 16396 16408 35840 38912 45056 49153 65616 65728 81936 114688 131456 131840 132608 164864 196736 229376 270337 294913 303104
1 7 112 16389 16396 16408 35840 38912 45056 49153 65920 66304 67072 99328 114688 131152 131264 147472 196736 212992 270337 294913 303104
1 7 112 16389 16396 16408 35840 38912 49153 65616 65728 81936 114688 131456 131840 132608 164864 196736 229376 270337 274432 294913 299008
1 7 112 16389 16396 16408 35840 38912 49153 65920 66304 67072 99328 114688 131152 131264 147472 196736 212992 270337 274432 294913 299008
1 7 112 16389 16396 16408 35840 40961 45056 49153 65616 65728 81936 114688 131456 131840 132608 164864 196736 229376 268288 296960 299008
1 7 112 16389 16396 16408 35840 40961 45056 49153 65920 66304 67072 99328 114688 131152 131264 147472 196736 212992 268288 296960 299008
1 7 112 16389 16396 16408 35840 40961 49153 65616 65728 81936 114688 131456 131840 132608 164864 196736 229376 268288 274432 296960 303104
1 7 112 16389 16396 16408 35840 40961 49153 65920 66304 67072 99328 114688 131152 131264 147472 196736 212992 268288 274432 296960 303104
1 7 112 16389 16396 16408 35840 49153 65616 65728 81936 114688 131456 131840 132608 164864 196736 229376 268288 270337 274432 294913 296960
1 7 112 16389 16396 16408 35840 49153 65920 66304 67072 99328 114688 131152 131264 147472 196736 212992 268288 270337 274432 294913 296960
1 7 112 16389 16396 16408 37888 40961 45056 49153 65616 65728 81936 114688 131456 131840 132608 164864 196736 229376 265216 267264 268288
1 7 112 16389 16396 16408 37888 40961 45056 49153 65920 66304 67072 99328 114688 131152 131264 147472 196736 212992 265216 267264 268288
1 7 112 16389 16396 16408 38912 40961 45056 49153 65616 65728 65920 81936 114688 131840 132608 134144 165888 229376 327936 393472 458752
1 7 112 16389 16396 16408 38912 40961 45056 49153 65616 65728 65920 81936 114688 131840 132608 134144 196864 229376 296960 395264 425984
1 7 112 16389 16396 16408 38912 40961 45056 49153 65616 65728 65920 81936 114688 131840 132608 165888 196864 229376 265216 394240 395264
1 7 112 16389 16396 16408 38912 40961 45056 49153 65616 65728 65920 81936 114688 131840 132608 196864 229376 265216 296960 394240 425984
1 7 112 16389 16396 16408 38912 40961 45056 49153 65616 65728 65920 81936 114688 131840 134144 165888 196864 229376 263680 393728 394240
1 7 112 16389 16396 16408 38912 40961 45056 49153 65616 65728 65920 81936 114688 131840 165888 196864 229376 263680 265216 393728 395264
1 7 112 16389 16396 16408 38912 40961 45056 49153 65616 65728 65920 81936 114688 131840 196864 229376 263680 265216 296960 393728 425984
1 7 112 16389 16396 16408 38912 40961 45056 49153 65616 65728 65920 81936 114688 132352 134144 165888 196864 229376 262912 263424 263680
1 7 112 16389 16396 16408 38912 40961 45056 49153 65616 65728 65920 81936 114688 132608 134144 165888 196864 229376 262912 393472 393728
1 7 112 16389 16396 16408 38912 40961 45056 49153 65616 65728 65920 81936 114688 132608 134144 165888 229376 262912 327936 393728 458752
1 7 112 16389 16396 16408 38912 40961 45056 49153 65616 65728 65920 81936 114688 134144 165888 196864 229376 262912 263680 393472 394240
1 7 112 16389 16396 16408 38912 40961 45056 49153 65616 65728 65920 81936 114688 134144 165888 229376 262912 263680 327936 394240 458752
1 7 112 16389 16396 16408 38912 40961 45056 49153 65616 65728 65920 81936 114688 165888 196864 229376 262912 263680 265216 393472 395264
1 7 112 16389 16396 16408 38912 40961 45056 49153 65616 65728 65920 81936 114688 165888 229376 262912 263680 265216 327936 395264 458752
1 7 112 16389 16396 16408 38912 40961 45056 49153 65616 65728 65920 81936 114688 196864 229376 262912 263680 265216 296960 393472 425984
1 7 112 16389 16396 16408 38912 40961 45056 49153 65616 65728 65920 81936 114688 229376 262912 263680 265216 296960 327936 425984 458752
1 7 112 16389 16396 16408 38912 40961 45056 49153 65616 65728 65920 114688 131840 132608 134144 165888 196864 229376 278544 327696 344064
1 7 112 16389 16396 16408 38912 40961 45056 49153 65616 65728 81936 114688 131456 131840 132608 164864 196736 229376 265216 295936 296960
1 7 112 16389 16396 16408 38912 40961 45056 49153 65616 65728 81936 114688 131456 131840 132608 196736 229376 265216 296960 394240 425984
1 7 112 16389 16396 16408 38912 40961 45056 49153 65616 65728 81936 114688 131456 131840 196736 229376 263680 265216 296960 393728 425984
1 7 112 16389 16396 16408 38912 40961 45056 49153 65616 65728 81936 114688 131456 196736 229376 262912 263680 265216 296960 393472 425984
1 7 112 16389 16396 16408 38912 40961 45056 49153 65616 65728 81936 114688 131840 132608 134144 165888 196864 229376 262528 327808 327936
1 7 112 16389 16396 16408 38912 40961 45056 49153 65616 65728 81936 114688 131840 132608 134144 165888 229376 262528 327808 393472 458752
1 7 112 16389 16396 16408 38912 40961 45056 49153 65616 65728 81936 114688 132608 134144 165888 229376 262528 262912 327808 393728 458752
1 7 112 16389 16396 16408 38912 40961 45056 49153 65616 65728 81936 114688 134144 165888 229376 262528 262912 263680 327808 394240 458752
1 7 112 16389 16396 16408 38912 40961 45056 49153 65616 65856 81936 114688 131840 132608 134144 165888 196864 229376 262336 262464 262528
1 7 112 16389 16396 16408 38912 40961 45056 49153 65616 65920 81936 114688 131840 132608 134144 165888 196864 229376 262336 327744 327808
1 7 112 16389 16396 16408 38912 40961 45056 49153 65616 81936 114688 131264 131456 131840 196672 229376 263680 265216 296960 393728 425984
1 7 112 16389 16396 16408 38912 40961 45056 49153 65616 81936 114688 131264 131456 196672 229376 262912 263680 265216 296960 393472 425984
1 7 112 16389 16396 16408 38912 40961 45056 49153 65616 81936 114688 131840 132608 134144 165888 196864 229376 262336 262528 327744 327936
1 7 112 16389 16396 16408 38912 40961 45056 49153 65616 81936 114688 131840 132608 134144 165888 229376 262336 262528 327744 393472 458752
1 7 112 16389 16396 16408 38912 40961 45056 49153 65616 81936 114688 132608 134144 165888 229376 262336 262528 262912 327744 393728 458752
1 7 112 16389 16396 16408 38912 40961 45056 49153 65728 65920 66304 114688 132608 134144 165888 197120 229376 262224 278544 327744 344064
1 7 112 16389 16396 16408 38912 40961 45056 49153 65728 65920 81936 114688 131840 132608 134144 165888 196864 229376 262224 327696 327744
1 7 112 16389 16396 16408 38912 40961 45056 49153 65728 65920 114688 131840 132608 134144 165888 196864 229376 262224 278544 327744 344064
1 7 112 16389 16396 16408 38912 40961 45056 49153 65920 66304 67072 99328 114688 131152 131264 147472 196736 212992 265216 295936 296960
1 7 112 16389 16396 16408 38912 40961 45056 49153 65920 66304 67072 114688 134144 165888 197632 229376 262224 262336 278544 327808 344064
1 7 112 16389 16396 16408 38912 40961 45056 49153 65920 66304 114688 132608 134144 165888 197120 229376 262224 262336 278544 327808 344064
1 7 112 16389 16396 16408 38912 40961 45056 49153 65920 81936 114688 131840 132608 134144 165888 196864 229376 262224 262336 327696 327808
1 7 112 16389 16396 16408 38912 40961 45056 49153 65920 114688 131840 132608 134144 165888 196864 229376 262224 262336 278544 327808 344064
1 7 112 16389 16396 16408 38912 40961 45056 49153 66304 67072 68608 100352 114688 131152 131264 131456 147472 196864 344064 409600 458752
1 7 112 16389 16396 16408 38912 40961 45056 49153 66304 67072 68608 100352 114688 131152 131264 131456 196864 212992 278544 393232 409600
1 7 112 16389 16396 16408 38912 40961 45056 49153 66304 67072 68608 100352 114688 131152 131264 131456 196864 278544 344064 393232 458752
1 7 112 16389 16396 16408 38912 40961 45056 49153 66304 67072 68608 100352 114688 131152 131264 147472 196864 212992 262528 393344 393472
1 7 112 16389 16396 16408 38912 40961 45056 49153 66304 67072 68608 100352 114688 131152 131392 147472 196864 212992 262336 262464 262528
1 7 112 16389 16396 16408 38912 40961 45056 49153 66304 67072 68608 100352 114688 131152 131456 147472 196864 212992 262336 393280 393344
1 7 112 16389 16396 16408 38912 40961 45056 49153 66304 67072 68608 100352 114688 131152 147472 196864 212992 262336 262528 393280 393472
1 7 112 16389 16396 16408 38912 40961 45056 49153 66304 67072 68608 100352 114688 131264 131456 147472 196864 212992 262224 393232 393280
1 7 112 16389 16396 16408 38912 40961 45056 49153 66304 67072 68608 100352 114688 131264 131456 196864 212992 262224 278544 393280 409600
1 7 112 16389 16396 16408 38912 40961 45056 49153 66304 67072 68608 100352 114688 131264 131456 196864 262224 278544 344064 393280 458752
1 7 112 16389 16396 16408 38912 40961 45056 49153 66304 67072 68608 100352 114688 131456 147472 196864 212992 262224 262336 393232 393344
1 7 112 16389 16396 16408 38912 40961 45056 49153 66304 67072 68608 100352 114688 131456 196864 212992 262224 262336 278544 393344 409600
1 7 112 16389 16396 16408 38912 40961 45056 49153 66304 67072 68608 100352 114688 131456 196864 262224 262336 278544 344064 393344 458752
1 7 112 16389 16396 16408 38912 40961 45056 49153 66304 67072 68608 100352 114688 147472 196864 212992 262224 262336 262528 393232 393472
1 7 112 16389 16396 16408 38912 40961 45056 49153 66304 67072 68608 100352 114688 196864 212992 262224 262336 262528 278544 393472 409600
1 7 112 16389 16396 16408 38912 40961 45056 49153 66304 67072 68608 100352 114688 196864 262224 262336 262528 278544 344064 393472 458752
1 7 112 16389 16396 16408 38912 40961 45056 49153 66304 67072 68608 114688 165888 198656 229376 262224 262336 262528 278544 327936 344064
1 7 112 16389 16396 16408 38912 40961 45056 49153 66304 67072 100352 114688 134144 197632 198656 262224 262336 262528 278544 327936 344064
1 7 112 16389 16396 16408 38912 40961 45056 49153 66304 67072 114688 134144 165888 197632 229376 262224 262336 262528 278544 327936 344064
1 7 112 16389 16396 16408 38912 40961 45056 49153 66304 68608 100352 114688 132608 197120 197632 262224 262336 262528 278544 327936 344064
1 7 112 16389 16396 16408 38912 40961 45056 49153 66304 100352 114688 132608 134144 197120 198656 262224 262336 262528 278544 327936 344064
1 7 112 16389 16396 16408 38912 40961 45056 49153 66304 114688 132608 134144 165888 197120 229376 262224 262336 262528 278544 327936 344064
1 7 112 16389 16396 16408 38912 40961 45056 49153 66816 68608 100352 114688 131152 131264 131456 147472 196864 212992 262912 263424 263680
1 7 112 16389 16396 16408 38912 40961 45056 49153 67072 68608 100352 114688 131264 131456 131840 197120 212992 262224 278544 393280 409600
1 7 112 16389 16396 16408 38912 40961 45056 49153 67072 68608 100352 114688 131264 131456 131840 197120 262224 278544 344064 393280 458752
1 7 112 16389 16396 16408 38912 40961 45056 49153 67072 68608 100352 114688 131456 131840 197120 212992 262224 262336 278544 393344 409600
1 7 112 16389 16396 16408 38912 40961 45056 49153 67072 68608 100352 114688 131456 131840 197120 262224 262336 278544 344064 393344 458752
1 7 112 16389 16396 16408 38912 40961 45056 49153 67072 68608 100352 114688 131840 196864 197120 262224 262336 262528 278544 327936 344064
1 7 112 16389 16396 16408 38912 40961 45056 49153 67072 68608 100352 114688 131840 197120 212992 262224 262336 262528 278544 393472 409600
1 7 112 16389 16396 16408 38912 40961 45056 49153 67072 68608 100352 114688 131840 197120 262224 262336 262528 278544 344064 393472 458752
1 7 112 16389 16396 16408 38912 40961 45056 49153 68608 100352 114688 131456 131840 132608 197632 212992 262224 262336 278544 393344 409600
1 7 112 16389 16396 16408 38912 40961 45056 49153 68608 100352 114688 131456 131840 132608 197632 262224 262336 278544 344064 393344 458752
1 7 112 16389 16396 16408 38912 40961 45056 49153 68608 100352 114688 131840 132608 196864 197632 262224 262336 262528 278544 327936 344064
1 7 112 16389 16396 16408 38912 40961 45056 49153 68608 100352 114688 131840 132608 197632 212992 262224 262336 262528 278544 393472 409600
1 7 112 16389 16396 16408 38912 40961 45056 49153 68608 100352 114688 131840 132608 197632 262224 262336 262528 278544 344064 393472 458752
1 7 112 16389 16396 16408 38912 40961 45056 49153 81936 114688 131152 131264 131456 196624 229376 262912 263680 265216 296960 393472 425984
1 7 112 16389 16396 16408 38912 40961 45056 49153 81936 114688 131840 132608 134144 165888 196864 229376 262224 262336 262528 327696 327936
1 7 112 16389 16396 16408 38912 40961 45056 49153 81936 114688 131840 132608 134144 165888 229376 262224 262336 262528 327696 393472 458752
1 7 112 16389 16396 16408 38912 40961 45056 49153 100352 114688 131840 132608 134144 196864 198656 262224 262336 262528 278544 327936 344064
1 7 112 16389 16396 16408 38912 40961 45056 49153 100352 114688 131840 132608 134144 198656 212992 262224 262336 262528 278544 393472 409600
1 7 112 16389 16396 16408 38912 40961 45056 49153 100352 114688 131840 132608 134144 198656 262224 262336 262528 278544 344064 393472 458752
1 7 112 16389 16396 16408 38912 40961 45056 49153 114688 131152 131264 131456 147472 212992 229376 262912 263680 265216 296960 393472 425984
1 7 112 16389 16396 16408 38912 40961 45056 49153 114688 131840 132608 134144 165888 196864 229376 262224 262336 262528 278544 327936 344064
1 7 112 16389 16396 16408 38912 40961 45056 49153 114688 131840 132608 134144 165888 212992 229376 262224 262336 262528 278544 393472 409600
1 7 112 16389 16396 16408 38912 40961 45056 49153 114688 131840 132608 134144 165888 229376 262224 262336 262528 278544 344064 393472 458752
1 7 112 16389 16396 16408 38912 40961 49153 65616 65728 65920 81936 114688 131840 132608 134144 165888 196864 229376 274432 299008 303104
1 7 112 16389 16396 16408 38912 40961 49153 66304 67072 68608 100352 114688 131152 131264 131456 147472 196864 212992 274432 299008 303104
1 7 112 16389 16396 16408 38912 45056 49153 65616 65728 65920 81936 114688 131840 132608 134144 165888 196864 229376 270337 294913 303104
1 7 112 16389 16396 16408 38912 45056 49153 66304 67072 68608 100352 114688 131152 131264 131456 147472 196864 212992 270337 294913 303104
1 7 112 16389 16396 16408 38912 49153 65616 65728 65920 81936 114688 131840 132608 134144 165888 196864 229376 270337 274432 294913 299008
1 7 112 16389 16396 16408 38912 49153 66304 67072 68608 100352 114688 131152 131264 131456 147472 196864 212992 270337 274432 294913 299008
1 7 112 16389 16396 16408 40961 45056 49153 65616 65728 65920 81936 114688 131840 132608 134144 165888 196864 229376 268288 296960 299008
1 7 112 16389 16396 16408 40961 45056 49153 65616 65728 65920 81936 114688 131840 132608 134144 196864 229376 268288 299008 395264 425984
1 7 112 16389 16396 16408 40961 45056 49153 65616 65728 65920 81936 114688 131840 132608 196864 229376 265216 268288 299008 394240 425984
1 7 112 16389 16396 16408 40961 45056 49153 65616 65728 65920 81936 114688 134144 137216 167936 229376 262912 263680 327936 394240 458752
1 7 112 16389 16396 16408 40961 45056 49153 65616 65728 65920 81936 114688 137216 167936 229376 262912 263680 265216 327936 395264 458752
1 7 112 16389 16396 16408 40961 45056 49153 65616 65728 81936 114688 131456 131840 132608 164864 196736 229376 265216 268288 295936 299008
1 7 112 16389 16396 16408 40961 45056 49153 65616 65728 81936 114688 131456 131840 132608 196736 229376 265216 268288 299008 394240 425984
1 7 112 16389 16396 16408 40961 45056 49153 65616 65728 81936 114688 131456 131840 196736 229376 263680 265216 268288 299008 393728 425984
1 7 112 16389 16396 16408 40961 45056 49153 65616 65728 81936 114688 132608 134144 137216 167936 229376 262528 262912 327808 393728 458752
1 7 112 16389 16396 16408 40961 45056 49153 65616 65728 81936 114688 134144 137216 167936 229376 262528 262912 263680 327808 394240 458752
1 7 112 16389 16396 16408 40961 45056 49153 65616 81936 114688 131264 131456 131840 196672 229376 263680 265216 268288 299008 393728 425984
1 7 112 16389 16396 16408 40961 45056 49153 65616 81936 114688 132608 134144 137216 167936 229376 262336 262528 262912 327744 393728 458752
1 7 112 16389 16396 16408 40961 45056 49153 65728 65920 66304 114688 132608 134144 137216 167936 197120 229376 262224 278544 327744 344064
1 7 112 16389 16396 16408 40961 45056 49153 65920 66304 67072 99328 114688 131152 131264 147472 196736 212992 265216 268288 295936 299008
1 7 112 16389 16396 16408 40961 45056 49153 65920 66304 67072 114688 134144 137216 167936 197632 229376 262224 262336 278544 327808 344064
1 7 112 16389 16396 16408 40961 45056 49153 65920 66304 114688 132608 134144 137216 167936 197120 229376 262224 262336 278544 327808 344064
1 7 112 16389 16396 16408 40961 45056 49153 66304 67072 68608 100352 114688 131152 131264 131456 147472 196864 212992 268288 296960 299008
1 7 112 16389 16396 16408 40961 45056 49153 66304 67072 68608 114688 137216 167936 198656 229376 262224 262336 262528 278544 327936 344064
1 7 112 16389 16396 16408 40961 45056 49153 66304 67072 114688 134144 137216 167936 197632 229376 262224 262336 262528 278544 327936 344064
1 7 112 16389 16396 16408 40961 45056 49153 67072 68608 71680 102400 114688 131264 131456 131840 197120 212992 262224 278544 393280 409600
1 7 112 16389 16396 16408 40961 45056 49153 67072 68608 71680 102400 114688 131264 131456 131840 197120 262224 278544 344064 393280 458752
1 7 112 16389 16396 16408 40961 45056 49153 67072 68608 71680 102400 114688 131456 131840 197120 212992 262224 262336 278544 393344 409600
1 7 112 16389 16396 16408 40961 45056 49153 67072 68608 71680 102400 114688 131456 131840 197120 262224 262336 278544 344064 393344 458752
1 7 112 16389 16396 16408 40961 45056 49153 68608 71680 102400 114688 131456 131840 132608 197632 212992 262224 262336 278544 393344 409600
1 7 112 16389 16396 16408 40961 45056 49153 68608 71680 102400 114688 131456 131840 132608 197632 262224 262336 278544 344064 393344 458752
1 7 112 16389 16396 16408 40961 45056 49153 68608 71680 102400 114688 131840 132608 197632 212992 262224 262336 262528 278544 393472 409600
1 7 112 16389 16396 16408 40961 45056 49153 68608 71680 102400 114688 131840 132608 197632 262224 262336 262528 278544 344064 393472 458752
1 7 112 16389 16396 16408 40961 45056 49153 71680 102400 114688 131840 132608 134144 198656 212992 262224 262336 262528 278544 393472 409600
1 7 112 16389 16396 16408 40961 45056 49153 71680 102400 114688 131840 132608 134144 198656 262224 262336 262528 278544 344064 393472 458752
1 7 112 16389 16396 16408 40961 49153 65616 65728 65920 81936 114688 131840 132608 134144 165888 196864 229376 268288 274432 296960 303104
1 7 112 16389 16396 16408 40961 49153 65616 65728 65920 81936 114688 131840 132608 134144 196864 229376 268288 274432 303104 395264 425984
1 7 112 16389 16396 16408 40961 49153 65616 65728 65920 81936 114688 137216 143360 172032 229376 262912 263680 265216 327936 395264 458752
1 7 112 16389 16396 16408 40961 49153 65616 65728 81936 114688 131456 131840 132608 164864 196736 229376 265216 268288 274432 295936 303104
1 7 112 16389 16396 16408 40961 49153 65616 65728 81936 114688 131456 131840 132608 196736 229376 265216 268288 274432 303104 394240 425984
1 7 112 16389 16396 16408 40961 49153 65616 65728 81936 114688 134144 137216 143360 172032 229376 262528 262912 263680 327808 394240 458752
1 7 112 16389 16396 16408 40961 49153 65920 66304 67072 99328 114688 131152 131264 147472 196736 212992 265216 268288 274432 295936 303104
1 7 112 16389 16396 16408 40961 49153 65920 66304 67072 114688 134144 137216 143360 172032 197632 229376 262224 262336 278544 327808 344064
1 7 112 16389 16396 16408 40961 49153 66304 67072 68608 100352 114688 131152 131264 131456 147472 196864 212992 268288 274432 296960 303104
1 7 112 16389 16396 16408 40961 49153 66304 67072 68608 114688 137216 143360 172032 198656 229376 262224 262336 262528 278544 327936 344064
1 7 112 16389 16396 16408 40961 49153 68608 71680 77824 106496 114688 131456 131840 132608 197632 212992 262224 262336 278544 393344 409600
1 7 112 16389 16396 16408 40961 49153 68608 71680 77824 106496 114688 131456 131840 132608 197632 262224 262336 278544 344064 393344 458752
1 7 112 16389 16396 16408 40961 49153 71680 77824 106496 114688 131840 132608 134144 198656 212992 262224 262336 262528 278544 393472 409600
1 7 112 16389 16396 16408 40961 49153 71680 77824 106496 114688 131840 132608 134144 198656 262224 262336 262528 278544 344064 393472 458752
1 7 112 16389 16396 16408 49153 49168 65616 65728 65920 98320 131840 132608 134144 196864 229376 268288 270337 274432 294913 395264 425984
1 7 112 16389 16396 16408 49153 49168 65616 65728 65920 98320 131840 132608 134144 196864 268288 270337 274432 294913 360448 395264 458752
1 7 112 16389 16396 16408 49153 49168 65616 65728 98320 131456 131840 132608 196736 229376 265216 268288 270337 274432 294913 394240 425984
1 7 112 16389 16396 16408 49153 49168 65616 65728 98320 131456 131840 132608 196736 265216 268288 270337 274432 294913 360448 394240 458752
1 7 112 16389 16396 16408 49153 65616 65728 65920 81936 114688 131840 132608 134144 165888 196864 229376 268288 270337 274432 294913 296960
1 7 112 16389 16396 16408 49153 65616 65728 65920 81936 114688 131840 132608 134144 196864 229376 268288 270337 274432 294913 395264 425984
1 7 112 16389 16396 16408 49153 65616 65728 65920 81936 114688 137216 139265 143360 163841 229376 262912 263680 265216 327936 395264 458752
1 7 112 16389 16396 16408 49153 65616 65728 81936 114688 131456 131840 132608 164864 196736 229376 265216 268288 270337 274432 294913 295936
1 7 112 16389 16396 16408 49153 65616 65728 81936 114688 131456 131840 132608 196736 229376 265216 268288 270337 274432 294913 394240 425984
1 7 112 16389 16396 16408 49153 65616 65728 81936 114688 134144 137216 139265 143360 163841 229376 262528 262912 263680 327808 394240 458752
1 7 112 16389 16396 16408 49153 65920 66304 67072 99328 114688 131152 131264 147472 196736 212992 265216 268288 270337 274432 294913 295936
1 7 112 16389 16396 16408 49153 65920 66304 67072 114688 134144 137216 139265 143360 163841 197632 229376 262224 262336 278544 327808 344064
1 7 112 16389 16396 16408 49153 66304 67072 68608 100352 114688 131152 131264 131456 147472 196864 212992 268288 270337 274432 294913 296960
1 7 112 16389 16396 16408 49153 66304 67072 68608 114688 137216 139265 143360 163841 198656 229376 262224 262336 262528 278544 327936 344064
1 7 112 16389 16396 16408 49153 68608 71680 73729 77824 98305 114688 131456 131840 132608 197632 212992 262224 262336 278544 393344 409600
1 7 112 16389 16396 16408 49153 68608 71680 73729 77824 98305 114688 131456 131840 132608 197632 262224 262336 278544 344064 393344 458752
1 7 112 16389 16396 16408 49153 71680 73729 77824 98305 114688 131840 132608 134144 198656 212992 262224 262336 262528 278544 393472 409600
1 7 112 16389 16396 16408 49153 71680 73729 77824 98305 114688 131840 132608 134144 198656 262224 262336 262528 278544 344064 393472 458752
1 7 112 16389 16396 24577 35840 38912 45056 57344 66304 67072 99328 114688 131264 131456 196864 212992 262168 262224 278536 393280 409600
1 7 112 16389 16396 24577 35840 38912 45056 57344 66304 67072 99328 114688 131264 131456 196864 262168 262224 278536 344064 393280 458752
1 7 112 16389 16396 24577 35840 38912 45056 57344 66304 67072 99328 131264 131456 180224 196864 229376 262168 262224 278536 393280 409600
1 7 112 16389 16396 24577 35840 38912 45056 57344 66304 67072 99328 131264 131456 196864 229376 262168 262224 278536 311296 393280 425984
1 7 112 16389 16396 24577 35840 38912 45056 57344 66304 67072 99328 131264 131456 196864 262168 262224 278536 311296 360448 393280 458752
1 7 112 16389 16396 24577 35840 38912 45056 57344 67072 99328 114688 131264 131456 131840 197120 212992 262168 262224 278536 393280 409600
1 7 112 16389 16396 24577 35840 38912 45056 57344 67072 99328 114688 131264 131456 131840 197120 262168 262224 278536 344064 393280 458752
1 7 112 16389 16396 24577 35840 38912 45056 57344 67072 99328 131264 131456 131840 180224 197120 229376 262168 262224 278536 393280 409600
1 7 112 16389 16396 24577 35840 38912 45056 57344 67072 99328 131264 131456 131840 197120 229376 262168 262224 278536 311296 393280 425984
1 7 112 16389 16396 24577 35840 38912 45056 57344 67072 99328 131264 131456 131840 197120 262168 262224 278536 311296 360448 393280 458752
2 7 112 16389 16396 24577 38912 45056 57344 67072 68608 100352 114688 131096 131152 131264 147464 212992 262528 262912 328192 393344 458752
1 7 112 16389 16396 24577 38912 45056 57344 67072 68608 100352 114688 131096 131152 147464 212992 262336 262528 262912 328192 393280 458752
1 7 112 16389 16396 24577 38912 45056 57344 67072 68608 100352 114688 131264 131456 131840 197120 212992 262168 262224 278536 393280 409600
1 7 112 16389 16396 24577 38912 45056 57344 67072 68608 100352 114688 131456 131840 197120 212992 262168 262224 262336 278536 393344 409600
1 7 112 16389 16396 24577 38912 45056 57344 67072 68608 100352 131096 131152 147464 180224 229376 262336 262528 262912 328192 393280 458752
1 7 112 16389 16396 24577 38912 45056 57344 67072 68608 100352 131264 131456 131840 180224 197120 229376 262168 262224 278536 393280 409600
1 7 112 16389 16396 24577 38912 45056 57344 67072 68608 100352 131264 131456 131840 197120 229376 262168 262224 278536 311296 393280 425984
1 7 112 16389 16396 24577 38912 45056 57344 67072 68608 100352 131456 131840 180224 197120 229376 262168 262224 262336 278536 393344 409600
1 7 112 16389 16396 32792 49153 49160 65616 65728 65920 98320 131840 132608 134144 196864 229376 268288 270337 274432 294913 395264 425984
1 7 112 16389 16396 32792 49153 49160 65616 65728 65920 98320 137216 139265 143360 163841 229376 262912 263680 265216 327936 395264 458752
1 7 112 16389 16396 32792 49153 49160 65616 65728 98320 131456 131840 132608 196736 229376 265216 268288 270337 274432 294913 394240 425984
1 7 112 16389 16396 32792 49153 49160 65616 65728 98320 134144 137216 139265 143360 163841 229376 262528 262912 263680 327808 394240 458752
1 7 112 16389 16396 35840 38912 40961 45056 49153 65560 65616 81928 114688 131264 131456 131840 132608 164864 229376 327744 393280 458752
1 7 112 16389 16396 35840 38912 40961 45056 49153 65560 65616 81928 114688 131264 131456 131840 132608 196672 229376 295936 394240 425984
1 7 112 16389 16396 35840 38912 40961 45056 49153 65560 65616 81928 114688 131264 131456 131840 164864 196672 229376 263680 393728 394240
1 7 112 16389 16396 35840 38912 40961 45056 49153 65560 65616 81928 114688 131264 131456 131840 196672 229376 263680 295936 393728 425984
1 7 112 16389 16396 35840 38912 40961 45056 49153 65560 65616 81928 114688 131264 131456 132352 164864 196672 229376 262912 263424 263680
1 7 112 16389 16396 35840 38912 40961 45056 49153 65560 65616 81928 114688 131264 131456 132608 164864 196672 229376 262912 393472 393728
1 7 112 16389 16396 35840 38912 40961 45056 49153 65560 65616 81928 114688 131264 131456 164864 196672 229376 262912 263680 393472 394240
1 7 112 16389 16396 35840 38912 40961 45056 49153 65560 65616 81928 114688 131264 131456 196672 229376 262912 263680 295936 393472 425984
1 7 112 16389 16396 35840 38912 40961 45056 49153 65560 65616 81928 114688 131264 131840 132608 164864 196672 229376 262528 393344 393472
1 7 112 16389 16396 35840 38912 40961 45056 49153 65560 65616 81928 114688 131264 132608 164864 196672 229376 262528 262912 393344 393728
1 7 112 16389 16396 35840 38912 40961 45056 49153 65560 65616 81928 114688 131264 164864 196672 229376 262528 262912 263680 393344 394240
1 7 112 16389 16396 35840 38912 40961 45056 49153 65560 65616 81928 114688 131264 196672 229376 262528 262912 263680 295936 393344 425984
1 7 112 16389 16396 35840 38912 40961 45056 49153 65560 65616 81928 114688 131456 131840 132608 164864 196672 229376 262336 393280 393344
1 7 112 16389 16396 35840 38912 40961 45056 49153 65560 65616 81928 114688 131456 131840 132608 164864 229376 262336 327744 393344 458752
1 7 112 16389 16396 35840 38912 40961 45056 49153 65560 65616 81928 114688 131840 132608 164864 196672 229376 262336 262528 393280 393472
1 7 112 16389 16396 35840 38912 40961 45056 49153 65560 65616 81928 114688 131840 132608 164864 229376 262336 262528 327744 393472 458752
1 7 112 16389 16396 35840 38912 40961 45056 49153 65560 65616 81928 114688 132608 164864 196672 229376 262336 262528 262912 393280 393728
1 7 112 16389 16396 35840 38912 40961 45056 49153 65560 65616 81928 114688 132608 164864 229376 262336 262528 262912 327744 393728 458752
1 7 112 16389 16396 35840 38912 40961 45056 49153 65560 65616 81928 114688 164864 196672 229376 262336 262528 262912 263680 393280 394240
1 7 112 16389 16396 35840 38912 40961 45056 49153 65560 65616 81928 114688 164864 229376 262336 262528 262912 263680 327744 394240 458752
1 7 112 16389 16396 35840 38912 40961 45056 49153 65560 65616 81928 114688 196672 229376 262336 262528 262912 263680 295936 393280 425984
1 7 112 16389 16396 35840 38912 40961 45056 49153 65560 65616 81928 114688 229376 262336 262528 262912 263680 295936 327744 425984 458752
1 7 112 16389 16396 35840 38912 40961 45056 49153 65560 65616 114688 131264 131456 131840 132608 164864 196672 229376 278536 327688 344064
1 7 112 16389 16396 35840 38912 40961 45056 49153 65560 81928 114688 131152 131264 196624 229376 262528 262912 263680 295936 393344 425984
1 7 112 16389 16396 35840 38912 40961 45056 49153 65560 81928 114688 131152 196624 229376 262336 262528 262912 263680 295936 393280 425984
1 7 112 16389 16396 35840 38912 40961 45056 49153 65560 81928 114688 131264 131456 131840 132608 164864 196672 229376 262224 327696 327744
1 7 112 16389 16396 35840 38912 40961 45056 49153 65560 81928 114688 131264 131456 131840 132608 164864 229376 262224 327696 393280 458752
1 7 112 16389 16396 35840 38912 40961 45056 49153 65560 81928 114688 131456 131840 132608 164864 229376 262224 262336 327696 393344 458752
1 7 112 16389 16396 35840 38912 40961 45056 49153 65616 65728 81936 114688 131456 131840 132608 164864 196736 229376 262168 278536 278544
1 7 112 16389 16396 35840 38912 40961 45056 49153 65616 65728 114688 131456 131840 132608 164864 196736 229376 262168 278536 327696 344064
1 7 112 16389 16396 35840 38912 40961 45056 49153 65616 81928 114688 131264 131456 131840 132608 164864 196672 229376 262168 327688 327696
1 7 112 16389 16396 35840 38912 40961 45056 49153 65616 114688 131264 131456 131840 132608 164864 196672 229376 262168 278536 327696 344064
1 7 112 16389 16396 35840 38912 40961 45056 49153 65728 65920 66304 67072 99328 114688 131096 131152 147464 196672 344064 409600 458752
1 7 112 16389 16396 35840 38912 40961 45056 49153 65728 65920 66304 67072 99328 114688 131096 131152 196672 278536 344064 393224 458752
1 7 112 16389 16396 35840 38912 40961 45056 49153 65728 65920 66304 67072 99328 114688 131096 147464 196672 212992 262224 393232 393280
1 7 112 16389 16396 35840 38912 40961 45056 49153 65728 65920 66304 67072 99328 114688 131152 147464 196672 212992 262168 393224 393232
1 7 112 16389 16396 35840 38912 40961 45056 49153 65728 65920 66304 67072 99328 114688 131152 196672 212992 262168 278536 393232 409600
1 7 112 16389 16396 35840 38912 40961 45056 49153 65728 65920 66304 67072 99328 114688 131152 196672 262168 278536 344064 393232 458752
1 7 112 16389 16396 35840 38912 40961 45056 49153 65728 65920 66304 67072 99328 114688 147464 196672 212992 262168 262224 393224 393280
1 7 112 16389 16396 35840 38912 40961 45056 49153 65728 65920 66304 67072 99328 114688 196672 212992 262168 262224 278536 393280 409600
1 7 112 16389 16396 35840 38912 40961 45056 49153 65728 65920 66304 67072 99328 114688 196672 262168 262224 278536 344064 393280 458752
1 7 112 16389 16396 35840 38912 40961 45056 49153 65728 65920 66304 99328 114688 132608 197120 197632 262168 262224 278536 327744 344064
1 7 112 16389 16396 35840 38912 40961 45056 49153 65728 65920 66304 114688 132608 164864 197120 229376 262168 262224 278536 327744 344064
1 7 112 16389 16396 35840 38912 40961 45056 49153 65728 65920 66816 99328 114688 131840 132352 132608 262168 262224 278536 327744 344064
1 7 112 16389 16396 35840 38912 40961 45056 49153 65728 65920 67072 99328 114688 131840 196864 197120 262168 262224 278536 327744 344064
1 7 112 16389 16396 35840 38912 40961 45056 49153 65728 65920 99328 114688 131840 132608 196864 197632 262168 262224 278536 327744 344064
1 7 112 16389 16396 35840 38912 40961 45056 49153 65728 65920 114688 131840 132608 164864 196864 229376 262168 262224 278536 327744 344064
1 7 112 16389 16396 35840 38912 40961 45056 49153 65728 66304 67072 99328 114688 131456 196736 196864 262168 262224 278536 327744 344064
1 7 112 16389 16396 35840 38912 40961 45056 49153 65728 67072 99328 114688 131456 131840 196736 197120 262168 262224 278536 327744 344064
1 7 112 16389 16396 35840 38912 40961 45056 49153 65728 99328 114688 131456 131840 132608 196736 197632 262168 262224 278536 327744 344064
1 7 112 16389 16396 35840 38912 40961 45056 49153 65728 114688 131456 131840 132608 164864 196736 229376 262168 262224 278536 327744 344064
1 7 112 16389 16396 35840 38912 40961 45056 49153 65920 66304 67072 99328 114688 131152 131264 147472 196736 212992 262168 278536 278544
1 7 112 16389 16396 35840 38912 40961 45056 49153 65920 66304 67072 99328 114688 131152 131264 196736 212992 262168 278536 393232 409600
1 7 112 16389 16396 35840 38912 40961 45056 49153 65920 66304 67072 99328 114688 131152 131264 196736 262168 278536 344064 393232 458752
1 7 112 16389 16396 35840 38912 40961 45056 49153 65920 66304 67072 99328 114688 131264 196672 196736 262168 262224 278536 327744 344064
1 7 112 16389 16396 35840 38912 40961 45056 49153 65920 66304 67072 99328 114688 131264 196736 212992 262168 262224 278536 393280 409600
1 7 112 16389 16396 35840 38912 40961 45056 49153 65920 66304 67072 99328 114688 131264 196736 262168 262224 278536 344064 393280 458752
1 7 112 16389 16396 35840 38912 40961 45056 49153 66304 67072 99328 114688 131264 131456 196672 196864 262168 262224 278536 327744 344064
1 7 112 16389 16396 35840 38912 40961 45056 49153 66304 67072 99328 114688 131264 131456 196864 212992 262168 262224 278536 393280 409600
1 7 112 16389 16396 35840 38912 40961 45056 49153 66304 67072 99328 114688 131264 131456 196864 262168 262224 278536 344064 393280 458752
1 7 112 16389 16396 35840 38912 40961 45056 49153 67072 99328 114688 131264 131456 131840 196672 197120 262168 262224 278536 327744 344064
1 7 112 16389 16396 35840 38912 40961 45056 49153 67072 99328 114688 131264 131456 131840 197120 212992 262168 262224 278536 393280 409600
1 7 112 16389 16396 35840 38912 40961 45056 49153 67072 99328 114688 131264 131456 131840 197120 262168 262224 278536 344064 393280 458752
1 7 112 16389 16396 35840 38912 40961 45056 49153 81928 114688 131264 131456 131840 132608 164864 196672 229376 262168 262224 327688 327744
2 7 112 16389 16396 35840 38912 40961 45056 49153 81928 114688 131264 131456 131840 132608 164864 229376 262168 262224 327688 393280 458752
1 7 112 16389 16396 35840 38912 40961 45056 49153 99328 114688 131264 131456 131840 132608 196672 197632 262168 262224 278536 327744 344064
2 7 112 16389 16396 35840 38912 40961 45056 49153 99328 114688 131264 131456 131840 132608 197632 262168 262224 278536 344064 393280 458752
1 7 112 16389 16396 35840 38912 40961 45056 49153 114688 131264 131456 131840 132608 164864 196672 229376 262168 262224 278536 327744 344064
2 7 112 16389 16396 35840 38912 40961 45056 49153 114688 131264 131456 131840 132608 164864 229376 262168 262224 278536 344064 393280 458752
1 7 112 16389 16396 38912 40961 45056 49153 65560 65616 81928 114688 131264 131456 131840 196672 229376 263680 265216 296960 393728 425984
1 7 112 16389 16396 38912 40961 45056 49153 65560 65616 81928 114688 131264 131456 196672 229376 262912 263680 265216 296960 393472 425984
1 7 112 16389 16396 38912 40961 45056 49153 65560 65616 81928 114688 131840 132608 134144 165888 229376 262336 262528 327744 393472 458752
1 7 112 16389 16396 38912 40961 45056 49153 65560 65616 81928 114688 132608 134144 165888 229376 262336 262528 262912 327744 393728 458752
1 7 112 16389 16396 38912 40961 45056 49153 65560 81928 114688 131152 131264 131456 196624 229376 262912 263680 265216 296960 393472 425984
1 7 112 16389 16396 38912 40961 45056 49153 65560 81928 114688 131840 132608 134144 165888 229376 262224 262336 262528 327696 393472 458752
1 7 112 16389 16396 38912 40961 45056 49153 65616 65728 65920 81936 114688 131840 132608 134144 165888 196864 229376 262168 278536 278544
1 7 112 16389 16396 38912 40961 45056 49153 65616 65728 65920 114688 131840 132608 134144 165888 196864 229376 262168 278536 327696 344064
1 7 112 16389 16396 38912 40961 45056 49153 65728 65920 114688 131840 132608 134144 165888 196864 229376 262168 262224 278536 327744 344064
1 7 112 16389 16396 38912 40961 45056 49153 66304 67072 68608 100352 114688 131152 131264 131456 147472 196864 212992 262168 278536 278544
1 7 112 16389 16396 38912 40961 45056 49153 66304 67072 68608 100352 114688 131152 131264 131456 196864 212992 262168 278536 393232 409600
1 7 112 16389 16396 38912 40961 45056 49153 66304 67072 68608 100352 114688 131152 131264 131456 196864 262168 278536 344064 393232 458752
1 7 112 16389 16396 38912 40961 45056 49153 66304 67072 68608 100352 114688 131264 131456 196864 212992 262168 262224 278536 393280 409600
1 7 112 16389 16396 38912 40961 45056 49153 66304 67072 68608 100352 114688 131264 131456 196864 262168 262224 278536 344064 393280 458752
2 7 112 16389 16396 38912 40961 45056 49153 67072 68608 100352 114688 131264 131456 131840 197120 262168 262224 278536 344064 393280 458752
1 7 112 16389 16404 38912 40961 45056 49153 65616 65728 65920 81936 114688 131840 132608 134144 165888 196864 229376 262156 262164 262168
1 7 112 16389 16404 38912 40961 45056 49153 66304 67072 68608 100352 114688 131152 131264 131456 147472 196864 212992 262156 262164 262168
1 7 112 16389 16408 35840 38912 40961 45056 49153 65616 65728 81936 114688 131456 131840 132608 164864 196736 229376 262156 278532 278536
1 7 112 16389 16408 35840 38912 40961 45056 49153 65920 66304 67072 99328 114688 131152 131264 147472 196736 212992 262156 278532 278536
1 7 112 16389 16408 38912 40961 45056 49153 65616 65728 65920 81936 114688 131840 132608 134144 165888 196864 229376 262156 278532 278536
1 7 112 16389 16408 38912 40961 45056 49153 66304 67072 68608 100352 114688 131152 131264 131456 147472 196864 212992 262156 278532 278536
1 7 112 16389 24577 28672 34304 35840 38912 53248 65548 65560 81924 114688 131152 131264 196624 229376 262528 262912 295424 393344 425984
1 7 112 16389 24577 28672 34304 35840 38912 53248 65548 65560 81924 114688 131152 196624 229376 262336 262528 262912 295424 393280 425984
1 7 112 16389 24577 28672 34304 35840 38912 53248 65548 65560 81924 114688 131264 131456 131840 164352 196672 229376 262224 327696 327744
1 7 112 16389 24577 28672 34304 35840 38912 53248 65548 65560 81924 114688 131264 131456 131840 164352 229376 262224 327696 393280 458752
1 7 112 16389 24577 28672 34304 35840 38912 53248 65548 65560 81924 114688 131456 131840 164352 229376 262224 262336 327696 393344 458752
1 7 112 16389 24577 28672 34304 35840 38912 53248 65616 65728 114688 131456 131840 164352 196736 229376 262156 262168 278532 327696 344064
1 7 112 16389 24577 28672 34304 35840 38912 53248 65616 81924 114688 131264 131456 131840 164352 196672 229376 262156 262168 327684 327696
1 7 112 16389 24577 28672 34304 35840 38912 53248 65616 114688 131264 131456 131840 164352 196672 229376 262156 262168 278532 327696 344064
1 7 112 16389 24577 28672 34304 35840 38912 53248 65728 65920 66304 98816 114688 131084 131096 147460 196672 212992 262224 393232 393280
1 7 112 16389 24577 28672 34304 35840 38912 53248 65728 65920 66304 98816 114688 131152 147460 196672 212992 262156 262168 393220 393232
1 7 112 16389 24577 28672 34304 35840 38912 53248 65728 65920 66304 98816 114688 131152 196672 212992 262156 262168 278532 393232 409600
1 7 112 16389 24577 28672 34304 35840 38912 53248 65728 65920 66304 98816 114688 131152 196672 262156 262168 278532 344064 393232 458752
1 7 112 16389 24577 28672 34304 35840 38912 53248 65920 66304 98816 114688 131152 131264 196736 212992 262156 262168 278532 393232 409600
1 7 112 16389 24577 28672 34304 35840 38912 53248 65920 66304 98816 114688 131152 131264 196736 262156 262168 278532 344064 393232 458752
1 7 112 16389 24577 35840 38912 45056 57344 65728 65920 66304 67072 99328 114688 131084 131096 147460 196672 212992 262224 393232 393280
1 7 112 16389 24577 35840 38912 45056 57344 65728 65920 66304 67072 99328 114688 131152 147460 196672 212992 262156 262168 393220 393232
1 7 112 16389 24577 35840 38912 45056 57344 65728 65920 66304 67072 99328 114688 131152 196672 212992 262156 262168 278532 393232 409600
1 7 112 16389 24577 35840 38912 45056 57344 65728 65920 66304 67072 99328 114688 131152 196672 262156 262168 278532 344064 393232 458752
1 7 112 16389 24577 35840 38912 45056 57344 65728 65920 66304 67072 99328 131084 131096 147460 180224 196672 229376 262224 393232 393280
1 7 112 16389 24577 35840 38912 45056 57344 65728 65920 66304 67072 99328 131152 147460 180224 196672 229376 262156 262168 393220 393232
1 7 112 16389 24577 35840 38912 45056 57344 65728 65920 66304 67072 99328 131152 180224 196672 229376 262156 262168 278532 393232 409600
1 7 112 16389 24577 35840 38912 45056 57344 65728 65920 66304 67072 99328 131152 196672 229376 262156 262168 278532 311296 393232 425984
1 7 112 16389 24577 35840 38912 45056 57344 65728 65920 66304 67072 99328 131152 196672 262156 262168 278532 311296 360448 393232 458752
1 7 112 16389 24577 35840 38912 45056 57344 65920 66304 67072 99328 114688 131152 131264 196736 212992 262156 262168 278532 393232 409600
1 7 112 16389 24577 35840 38912 45056 57344 65920 66304 67072 99328 114688 131152 131264 196736 262156 262168 278532 344064 393232 458752
2 7 112 16389 24577 35840 38912 45056 57344 65920 66304 67072 99328 131152 131264 196736 262156 262168 278532 311296 360448 393232 458752
1 7 112 16389 35840 38912 40961 45056 49153 65548 65560 81924 114688 131152 196624 229376 262336 262528 262912 263680 295936 393280 425984
2 7 112 16389 35840 38912 40961 45056 49153 65548 65560 81924 114688 131264 131456 131840 132608 164864 229376 262224 327696 393280 458752
1 7 112 16389 35840 38912 40961 45056 49153 65616 114688 131264 131456 131840 132608 164864 196672 229376 262156 262168 278532 327696 344064
1 7 224 16389 16396 16408 16432 38912 40961 45056 49153 65696 65920 81952 114688 131840 132608 196864 229376 265216 296960 394240 425984
1 7 224 16389 16396 16408 16432 38912 40961 45056 49153 65696 65920 81952 114688 131840 196864 229376 263680 265216 296960 393728 425984
1 7 224 16389 16396 16408 16432 38912 40961 45056 49153 65696 65920 81952 114688 132608 134144 165888 229376 262912 327936 393728 458752
1 7 224 16389 16396 16408 16432 38912 40961 45056 49153 65696 65920 81952 114688 134144 165888 229376 262912 263680 327936 394240 458752
1 7 224 16389 16396 16408 16432 38912 40961 45056 49153 65696 81952 114688 131456 131840 196736 229376 263680 265216 296960 393728 425984
1 7 224 16389 16396 16408 16432 38912 40961 45056 49153 65696 81952 114688 132608 134144 165888 229376 262528 262912 327808 393728 458752
1 7 224 16389 16396 16408 16432 38912 40961 45056 49153 65920 66304 114688 132608 134144 165888 197120 229376 262304 278560 327808 344064
1 7 224 16389 16396 16408 16432 38912 40961 45056 49153 66304 67072 114688 134144 165888 197632 229376 262304 262528 278560 327936 344064
1 7 224 16389 16396 16408 16432 38912 40961 45056 49153 66304 114688 132608 134144 165888 197120 229376 262304 262528 278560 327936 344064
1 7 224 16389 16396 16408 16432 38912 40961 45056 49153 67072 68608 100352 114688 131456 131840 197120 212992 262304 278560 393344 409600
1 7 224 16389 16396 16408 16432 38912 40961 45056 49153 67072 68608 100352 114688 131456 131840 197120 262304 278560 344064 393344 458752
1 7 224 16389 16396 16408 16432 38912 40961 45056 49153 67072 68608 100352 114688 131840 197120 212992 262304 262528 278560 393472 409600
1 7 224 16389 16396 16408 16432 38912 40961 45056 49153 67072 68608 100352 114688 131840 197120 262304 262528 278560 344064 393472 458752
1 7 224 16389 16396 16408 16432 38912 40961 45056 49153 68608 100352 114688 131840 132608 197632 212992 262304 262528 278560 393472 409600
1 7 224 16389 16396 16408 16432 38912 40961 45056 49153 68608 100352 114688 131840 132608 197632 262304 262528 278560 344064 393472 458752
1 7 224 16389 16396 16408 16432 40961 45056 49153 65696 65920 81952 114688 131840 132608 196864 229376 265216 268288 299008 394240 425984
1 7 224 16389 16396 16408 16432 40961 45056 49153 65696 65920 81952 114688 134144 137216 167936 229376 262912 263680 327936 394240 458752
1 7 224 16389 16396 16408 16432 40961 45056 49153 66304 67072 114688 134144 137216 167936 197632 229376 262304 262528 278560 327936 344064
1 7 224 16389 16396 16408 16432 40961 45056 49153 68608 71680 102400 114688 131840 132608 197632 212992 262304 262528 278560 393472 409600
1 7 224 16389 16396 16408 16432 40961 45056 49153 68608 71680 102400 114688 131840 132608 197632 262304 262528 278560 344064 393472 458752
1 7 224 16389 16396 16408 38912 40961 45056 49153 65584 65696 65920 81936 114688 131840 132608 196864 229376 265216 296960 394240 425984
1 7 224 16389 16396 16408 38912 40961 45056 49153 65584 65696 65920 81936 114688 131840 196864 229376 263680 265216 296960 393728 425984
1 7 224 16389 16396 16408 38912 40961 45056 49153 65584 65696 65920 81936 114688 132608 134144 165888 229376 262912 327936 393728 458752
1 7 224 16389 16396 16408 38912 40961 45056 49153 65584 65696 65920 81936 114688 134144 165888 229376 262912 263680 327936 394240 458752
1 7 224 16389 16396 16408 38912 40961 45056 49153 65584 65696 81936 114688 131456 131840 132608 196736 229376 265216 296960 394240 425984
1 7 224 16389 16396 16408 38912 40961 45056 49153 65584 65696 81936 114688 131456 131840 196736 229376 263680 265216 296960 393728 425984
1 7 224 16389 16396 16408 38912 40961 45056 49153 65584 65696 81936 114688 132608 134144 165888 229376 262528 262912 327808 393728 458752
1 7 224 16389 16396 16408 38912 40961 45056 49153 65584 65696 81936 114688 134144 165888 229376 262528 262912 263680 327808 394240 458752
1 7 224 16389 16396 16408 38912 40961 45056 49153 65920 66304 67072 114688 134144 165888 197632 229376 262192 262304 278544 327808 344064
1 7 224 16389 16396 16408 38912 40961 45056 49153 65920 66304 114688 132608 134144 165888 197120 229376 262192 262304 278544 327808 344064
1 7 224 16389 16396 16408 38912 40961 45056 49153 66304 67072 114688 134144 165888 197632 229376 262192 262304 262528 278544 327936 344064
1 7 224 16389 16396 16408 38912 40961 45056 49153 66304 114688 132608 134144 165888 197120 229376 262192 262304 262528 278544 327936 344064
1 7 224 16389 16396 16408 38912 40961 45056 49153 67072 68608 100352 114688 131456 131840 197120 212992 262192 262304 278544 393344 409600
1 7 224 16389 16396 16408 38912 40961 45056 49153 67072 68608 100352 114688 131456 131840 197120 262192 262304 278544 344064 393344 458752
1 7 224 16389 16396 16408 38912 40961 45056 49153 67072 68608 100352 114688 131840 197120 212992 262192 262304 262528 278544 393472 409600
1 7 224 16389 16396 16408 38912 40961 45056 49153 67072 68608 100352 114688 131840 197120 262192 262304 262528 278544 344064 393472 458752
1 7 224 16389 16396 16408 38912 40961 45056 49153 68608 100352 114688 131456 131840 132608 197632 212992 262192 262304 278544 393344 409600
1 7 224 16389 16396 16408 38912 40961 45056 49153 68608 100352 114688 131456 131840 132608 197632 262192 262304 278544 344064 393344 458752
1 7 224 16389 16396 16408 38912 40961 45056 49153 68608 100352 114688 131840 132608 197632 212992 262192 262304 262528 278544 393472 409600
1 7 224 16389 16396 16408 38912 40961 45056 49153 68608 100352 114688 131840 132608 197632 262192 262304 262528 278544 344064 393472 458752
1 7 224 16389 16396 16408 40961 45056 49153 65584 65696 65920 81936 114688 131840 132608 196864 229376 265216 268288 299008 394240 425984
1 7 224 16389 16396 16408 40961 45056 49153 65584 65696 65920 81936 114688 134144 137216 167936 229376 262912 263680 327936 394240 458752
1 7 224 16389 16396 16408 40961 45056 49153 65584 65696 81936 114688 131456 131840 132608 196736 229376 265216 268288 299008 394240 425984
1 7 224 16389 16396 16408 40961 45056 49153 65584 65696 81936 114688 134144 137216 167936 229376 262528 262912 263680 327808 394240 458752
1 7 224 16389 16396 16408 40961 45056 49153 65920 66304 67072 114688 134144 137216 167936 197632 229376 262192 262304 278544 327808 344064
1 7 224 16389 16396 16408 40961 45056 49153 66304 67072 114688 134144 137216 167936 197632 229376 262192 262304 262528 278544 327936 344064
1 7 224 16389 16396 16408 40961 45056 49153 68608 71680 102400 114688 131456 131840 132608 197632 212992 262192 262304 278544 393344 409600
1 7 224 16389 16396 16408 40961 45056 49153 68608 71680 102400 114688 131456 131840 132608 197632 262192 262304 278544 344064 393344 458752
1 7 224 16389 16396 16408 40961 45056 49153 68608 71680 102400 114688 131840 132608 197632 212992 262192 262304 262528 278544 393472 409600
1 7 224 16389 16396 16408 40961 45056 49153 68608 71680 102400 114688 131840 132608 197632 262192 262304 262528 278544 344064 393472 458752
1 7 224 16389 16396 24577 35840 38912 45056 57344 65920 66304 67072 99328 114688 131120 131232 196736 212992 262168 278536 393232 409600
1 7 224 16389 16396 24577 35840 38912 45056 57344 65920 66304 67072 99328 114688 131120 131232 196736 262168 278536 344064 393232 458752
1 7 224 16389 16396 24577 35840 38912 45056 57344 65920 66304 67072 99328 114688 131232 196736 212992 262168 262192 278536 393248 409600
1 7 224 16389 16396 24577 35840 38912 45056 57344 65920 66304 67072 99328 114688 131232 196736 262168 262192 278536 344064 393248 458752
1 7 224 16389 16396 24577 35840 38912 45056 57344 65920 66304 67072 99328 131120 131232 180224 196736 229376 262168 278536 393232 409600
1 7 224 16389 16396 24577 35840 38912 45056 57344 65920 66304 67072 99328 131120 131232 196736 229376 262168 278536 311296 393232 425984
1 7 224 16389 16396 24577 35840 38912 45056 57344 65920 66304 67072 99328 131120 131232 196736 262168 278536 311296 360448 393232 458752
1 7 224 16389 16396 24577 35840 38912 45056 57344 65920 66304 67072 99328 131232 180224 196736 229376 262168 262192 278536 393248 409600
1 7 224 16389 16396 24577 35840 38912 45056 57344 65920 66304 67072 99328 131232 196736 229376 262168 262192 278536 311296 393248 425984
1 7 224 16389 16396 24577 35840 38912 45056 57344 65920 66304 67072 99328 131232 196736 262168 262192 278536 311296 360448 393248 458752
1 7 224 16389 16396 24577 35840 38912 45056 57344 66304 67072 99328 114688 131232 131456 196864 212992 262168 262192 278536 393248 409600
1 7 224 16389 16396 24577 35840 38912 45056 57344 66304 67072 99328 114688 131232 131456 196864 262168 262192 278536 344064 393248 458752
1 7 224 16389 16396 24577 35840 38912 45056 57344 66304 67072 99328 131232 131456 180224 196864 229376 262168 262192 278536 393248 409600
1 7 224 16389 16396 24577 35840 38912 45056 57344 66304 67072 99328 131232 131456 196864 229376 262168 262192 278536 311296 393248 425984
1 7 224 16389 16396 24577 35840 38912 45056 57344 66304 67072 99328 131232 131456 196864 262168 262192 278536 311296 360448 393248 458752
1 7 224 16389 16396 35840 38912 40961 45056 49153 65560 65584 81928 114688 131232 131456 196640 229376 262912 263680 295936 393472 425984
1 7 224 16389 16396 35840 38912 40961 45056 49153 65560 65584 81928 114688 131232 196640 229376 262528 262912 263680 295936 393344 425984
1 7 224 16389 16396 35840 38912 40961 45056 49153 65560 65584 81928 114688 131456 131840 132608 164864 229376 262304 327712 393344 458752
1 7 224 16389 16396 35840 38912 40961 45056 49153 65560 65584 81928 114688 131840 132608 164864 229376 262304 262528 327712 393472 458752
1 7 224 16389 16396 35840 38912 40961 45056 49153 65560 81928 114688 131120 131232 196624 229376 262528 262912 263680 295936 393344 425984
1 7 224 16389 16396 35840 38912 40961 45056 49153 65560 81928 114688 131456 131840 132608 164864 229376 262192 262304 327696 393344 458752
1 7 224 16389 16396 35840 38912 40961 45056 49153 65584 65696 114688 131456 131840 132608 164864 196736 229376 262168 278536 327696 344064
1 7 224 16389 16396 35840 38912 40961 45056 49153 65696 65920 114688 131840 132608 164864 196864 229376 262168 262192 278536 327712 344064
1 7 224 16389 16396 35840 38912 40961 45056 49153 65696 114688 131456 131840 132608 164864 196736 229376 262168 262192 278536 327712 344064
1 7 224 16389 16396 35840 38912 40961 45056 49153 65920 66304 67072 99328 114688 131120 131232 196736 212992 262168 278536 393232 409600
1 7 224 16389 16396 35840 38912 40961 45056 49153 65920 66304 67072 99328 114688 131120 131232 196736 262168 278536 344064 393232 458752
1 7 224 16389 16396 35840 38912 40961 45056 49153 65920 66304 67072 99328 114688 131232 196736 212992 262168 262192 278536 393248 409600
1 7 224 16389 16396 35840 38912 40961 45056 49153 65920 66304 67072 99328 114688 131232 196736 262168 262192 278536 344064 393248 458752
1 7 224 16389 16396 35840 38912 40961 45056 49153 66304 67072 99328 114688 131232 131456 196864 212992 262168 262192 278536 393248 409600
1 7 224 16389 16396 35840 38912 40961 45056 49153 66304 67072 99328 114688 131232 131456 196864 262168 262192 278536 344064 393248 458752
1 7 224 16389 16396 38912 40961 45056 49153 65560 65584 81928 114688 131232 131456 131840 196640 229376 263680 265216 296960 393728 425984
1 7 224 16389 16396 38912 40961 45056 49153 65560 65584 81928 114688 131232 131456 196640 229376 262912 263680 265216 296960 393472 425984
1 7 224 16389 16396 38912 40961 45056 49153 65560 65584 81928 114688 131232 196640 229376 262528 262912 263680 265216 296960 393344 425984
1 7 224 16389 16396 38912 40961 45056 49153 65560 65584 81928 114688 131456 131840 132608 134144 165888 229376 262304 327712 393344 458752
1 7 224 16389 16396 38912 40961 45056 49153 65560 65584 81928 114688 131840 132608 134144 165888 229376 262304 262528 327712 393472 458752
1 7 224 16389 16396 38912 40961 45056 49153 65560 65584 81928 114688 132608 134144 165888 229376 262304 262528 262912 327712 393728 458752
1 7 224 16389 16396 38912 40961 45056 49153 65696 65920 66304 114688 132608 134144 165888 197120 229376 262168 262192 278536 327712 344064
1 7 224 16389 16396 38912 40961 45056 49153 65696 65920 114688 131840 132608 134144 165888 196864 229376 262168 262192 278536 327712 344064
1 7 224 16389 16396 38912 40961 45056 49153 65696 114688 131456 131840 132608 134144 165888 196736 229376 262168 262192 278536 327712 344064
1 7 224 16389 16396 38912 40961 45056 49153 65920 66304 67072 68608 100352 114688 131232 196736 212992 262168 262192 278536 393248 409600
1 7 224 16389 16396 38912 40961 45056 49153 65920 66304 67072 68608 100352 114688 131232 196736 262168 262192 278536 344064 393248 458752
1 7 224 16389 16396 38912 40961 45056 49153 66304 67072 68608 100352 114688 131232 131456 196864 212992 262168 262192 278536 393248 409600
1 7 224 16389 16396 38912 40961 45056 49153 66304 67072 68608 100352 114688 131232 131456 196864 262168 262192 278536 344064 393248 458752
1 7 224 16389 16396 38912 40961 45056 49153 67072 68608 100352 114688 131232 131456 131840 197120 212992 262168 262192 278536 393248 409600
1 7 224 16389 16396 38912 40961 45056 49153 67072 68608 100352 114688 131232 131456 131840 197120 262168 262192 278536 344064 393248 458752
1 7 224 16389 16396 40961 45056 49153 65560 65584 81928 114688 131232 131456 131840 196640 229376 263680 265216 268288 299008 393728 425984
1 7 224 16389 16396 40961 45056 49153 65560 65584 81928 114688 132608 134144 137216 167936 229376 262304 262528 262912 327712 393728 458752
1 7 224 16389 16396 40961 45056 49153 65696 65920 66304 114688 132608 134144 137216 167936 197120 229376 262168 262192 278536 327712 344064
1 7 224 16389 16396 40961 45056 49153 67072 68608 71680 102400 114688 131232 131456 131840 197120 212992 262168 262192 278536 393248 409600
1 7 224 16389 16396 40961 45056 49153 67072 68608 71680 102400 114688 131232 131456 131840 197120 262168 262192 278536 344064 393248 458752
1 7 224 16389 24577 28672 34304 35840 38912 53248 65548 65560 65584 81924 114688 131232 131456 196640 229376 262912 295424 393472 425984
1 7 224 16389 24577 28672 34304 35840 38912 53248 65548 65560 65584 81924 114688 131232 196640 229376 262528 262912 295424 393344 425984
1 7 224 16389 24577 28672 34304 35840 38912 53248 65548 65560 65584 81924 114688 131456 131840 164352 229376 262304 327712 393344 458752
1 7 224 16389 24577 28672 34304 35840 38912 53248 65548 65560 65584 81924 114688 131840 164352 229376 262304 262528 327712 393472 458752
1 7 224 16389 24577 28672 34304 35840 38912 53248 65696 65920 114688 131840 164352 196864 229376 262156 262168 262192 278532 327712 344064
1 7 224 16389 24577 28672 34304 35840 38912 53248 65696 114688 131456 131840 164352 196736 229376 262156 262168 262192 278532 327712 344064
1 7 224 16389 24577 28672 34304 35840 38912 53248 65920 66304 98816 114688 131232 196736 212992 262156 262168 262192 278532 393248 409600
1 7 224 16389 24577 28672 34304 35840 38912 53248 65920 66304 98816 114688 131232 196736 262156 262168 262192 278532 344064 393248 458752
1 7 224 16389 24577 28672 34304 35840 38912 53248 66304 98816 114688 131232 131456 196864 212992 262156 262168 262192 278532 393248 409600
1 7 224 16389 24577 28672 34304 35840 38912 53248 66304 98816 114688 131232 131456 196864 262156 262168 262192 278532 344064 393248 458752
1 7 224 16389 24577 28672 35840 38912 53248 65548 65560 65584 81924 114688 131232 131456 196640 229376 262912 263680 295936 393472 425984
1 7 224 16389 24577 28672 35840 38912 53248 65548 65560 65584 81924 114688 131232 196640 229376 262528 262912 263680 295936 393344 425984
1 7 224 16389 24577 28672 35840 38912 53248 65548 65560 65584 81924 114688 131456 131840 132608 164864 229376 262304 327712 393344 458752
1 7 224 16389 24577 28672 35840 38912 53248 65548 65560 65584 81924 114688 131840 132608 164864 229376 262304 262528 327712 393472 458752
1 7 224 16389 24577 28672 35840 38912 53248 65696 65920 114688 131840 132608 164864 196864 229376 262156 262168 262192 278532 327712 344064
1 7 224 16389 24577 28672 35840 38912 53248 65696 114688 131456 131840 132608 164864 196736 229376 262156 262168 262192 278532 327712 344064
1 7 224 16389 24577 28672 35840 38912 53248 65920 66304 67072 99328 114688 131232 196736 212992 262156 262168 262192 278532 393248 409600
1 7 224 16389 24577 28672 35840 38912 53248 65920 66304 67072 99328 114688 131232 196736 262156 262168 262192 278532 344064 393248 458752
1 7 224 16389 24577 28672 35840 38912 53248 66304 67072 99328 114688 131232 131456 196864 212992 262156 262168 262192 278532 393248 409600
1 7 224 16389 24577 28672 35840 38912 53248 66304 67072 99328 114688 131232 131456 196864 262156 262168 262192 278532 344064 393248 458752
1 7 224 16389 24577 35840 38912 45056 57344 65920 66304 67072 99328 114688 131232 196736 212992 262156 262168 262192 278532 393248 409600
1 7 224 16389 24577 35840 38912 45056 57344 65920 66304 67072 99328 114688 131232 196736 262156 262168 262192 278532 344064 393248 458752
1 7 224 16389 24577 35840 38912 45056 57344 65920 66304 67072 99328 131232 180224 196736 229376 262156 262168 262192 278532 393248 409600
1 7 224 16389 24577 35840 38912 45056 57344 65920 66304 67072 99328 131232 196736 229376 262156 262168 262192 278532 311296 393248 425984
1 7 224 16389 24577 35840 38912 45056 57344 65920 66304 67072 99328 131232 196736 262156 262168 262192 278532 311296 360448 393248 458752
1 7 224 16389 24577 35840 38912 45056 57344 66304 67072 99328 114688 131232 131456 196864 212992 262156 262168 262192 278532 393248 409600
1 7 224 16389 24577 35840 38912 45056 57344 66304 67072 99328 114688 131232 131456 196864 262156 262168 262192 278532 344064 393248 458752
1 7 224 16389 24577 35840 38912 45056 57344 66304 67072 99328 131232 131456 180224 196864 229376 262156 262168 262192 278532 393248 409600
1 7 224 16389 24577 35840 38912 45056 57344 66304 67072 99328 131232 131456 196864 229376 262156 262168 262192 278532 311296 393248 425984
1 7 224 16389 24577 35840 38912 45056 57344 66304 67072 99328 131232 131456 196864 262156 262168 262192 278532 311296 360448 393248 458752
1 7 224 16389 24577 38912 45056 57344 65920 66304 67072 68608 100352 114688 131084 131096 131120 147460 212992 262304 327808 393248 458752
1 7 224 16389 24577 38912 45056 57344 65920 66304 67072 68608 100352 114688 131232 196736 212992 262156 262168 262192 278532 393248 409600
1 7 224 16389 24577 38912 45056 57344 65920 66304 67072 68608 100352 131084 131096 131120 147460 180224 229376 262304 327808 393248 458752
1 7 224 16389 24577 38912 45056 57344 65920 66304 67072 68608 100352 131232 180224 196736 229376 262156 262168 262192 278532 393248 409600
1 7 224 16389 24577 38912 45056 57344 65920 66304 67072 68608 100352 131232 196736 229376 262156 262168 262192 278532 311296 393248 425984
1 7 224 16389 35840 38912 40961 45056 49153 65548 65560 65584 81924 114688 131232 196640 229376 262528 262912 263680 295936 393344 425984
1 7 224 16389 35840 38912 40961 45056 49153 65548 65560 65584 81924 114688 131456 131840 132608 164864 229376 262304 327712 393344 458752
1 7 224 16389 35840 38912 40961 45056 49153 65696 114688 131456 131840 132608 164864 196736 229376 262156 262168 262192 278532 327712 344064
1 7 224 16389 35840 38912 40961 45056 49153 65920 66304 67072 99328 114688 131232 196736 212992 262156 262168 262192 278532 393248 409600
1 7 224 16389 35840 38912 40961 45056 49153 65920 66304 67072 99328 114688 131232 196736 262156 262168 262192 278532 344064 393248 458752
1 7 448 16389 16396 16408 38912 40961 45056 49153 65584 65632 65856 81936 114688 131840 132608 134144 165888 229376 327936 393472 458752
1 7 448 16389 16396 16408 38912 40961 45056 49153 65584 65632 65856 81936 114688 131840 132608 134144 196864 229376 296960 395264 425984
1 7 448 16389 16396 16408 38912 40961 45056 49153 65584 65632 65856 81936 114688 131840 132608 165888 196864 229376 265216 394240 395264
1 7 448 16389 16396 16408 38912 40961 45056 49153 65584 65632 65856 81936 114688 131840 132608 196864 229376 265216 296960 394240 425984
1 7 448 16389 16396 16408 38912 40961 45056 49153 65584 65632 65856 81936 114688 131840 134144 165888 196864 229376 263680 393728 394240
1 7 448 16389 16396 16408 38912 40961 45056 49153 65584 65632 65856 81936 114688 131840 165888 196864 229376 263680 265216 393728 395264
1 7 448 16389 16396 16408 38912 40961 45056 49153 65584 65632 65856 81936 114688 131840 196864 229376 263680 265216 296960 393728 425984
1 7 448 16389 16396 16408 38912 40961 45056 49153 65584 65632 65856 81936 114688 132608 134144 165888 196864 229376 262912 393472 393728
1 7 448 16389 16396 16408 38912 40961 45056 49153 65584 65632 65856 81936 114688 132608 134144 165888 229376 262912 327936 393728 458752
1 7 448 16389 16396 16408 38912 40961 45056 49153 65584 65632 65856 81936 114688 134144 165888 196864 229376 262912 263680 393472 394240
1 7 448 16389 16396 16408 38912 40961 45056 49153 65584 65632 65856 81936 114688 134144 165888 229376 262912 263680 327936 394240 458752
1 7 448 16389 16396 16408 38912 40961 45056 49153 65584 65632 65856 81936 114688 165888 196864 229376 262912 263680 265216 393472 395264
1 7 448 16389 16396 16408 38912 40961 45056 49153 65584 65632 65856 81936 114688 165888 229376 262912 263680 265216 327936 395264 458752
1 7 448 16389 16396 16408 38912 40961 45056 49153 65584 65632 65856 81936 114688 196864 229376 262912 263680 265216 296960 393472 425984
1 7 448 16389 16396 16408 38912 40961 45056 49153 65584 65632 65856 81936 114688 229376 262912 263680 265216 296960 327936 425984 458752
1 7 448 16389 16396 16408 38912 40961 45056 49153 65584 65632 65856 114688 131840 132608 134144 165888 196864 229376 278544 327696 344064
1 7 448 16389 16396 16408 38912 40961 45056 49153 65584 65632 81936 114688 131392 131840 196672 229376 263680 265216 296960 393728 425984
1 7 448 16389 16396 16408 38912 40961 45056 49153 65584 65632 81936 114688 131392 196672 229376 262912 263680 265216 296960 393472 425984
1 7 448 16389 16396 16408 38912 40961 45056 49153 65584 65632 81936 114688 131840 132608 134144 165888 196864 229376 262464 327744 327936
1 7 448 16389 16396 16408 38912 40961 45056 49153 65584 65632 81936 114688 131840 132608 134144 165888 229376 262464 327744 393472 458752
1 7 448 16389 16396 16408 38912 40961 45056 49153 65584 65632 81936 114688 132608 134144 165888 229376 262464 262912 327744 393728 458752
1 7 448 16389 16396 16408 38912 40961 45056 49153 65584 65856 81936 114688 131840 132608 134144 165888 196864 229376 262240 327712 327744
1 7 448 16389 16396 16408 38912 40961 45056 49153 65584 81936 114688 131168 131392 196640 229376 262912 263680 265216 296960 393472 425984
1 7 448 16389 16396 16408 38912 40961 45056 49153 65584 81936 114688 131840 132608 134144 165888 196864 229376 262240 262464 327712 327936
1 7 448 16389 16396 16408 38912 40961 45056 49153 65584 81936 114688 131840 132608 134144 165888 229376 262240 262464 327712 393472 458752
1 7 448 16389 16396 16408 38912 40961 45056 49153 65616 65856 81936 114688 131840 132608 134144 165888 196864 229376 262192 262224 262240
1 7 448 16389 16396 16408 38912 40961 45056 49153 65632 65856 81936 114688 131840 132608 134144 165888 196864 229376 262192 327696 327712
1 7 448 16389 16396 16408 38912 40961 45056 49153 65632 65856 114688 131840 132608 134144 165888 196864 229376 262192 278544 327712 344064
1 7 448 16389 16396 16408 38912 40961 45056 49153 65856 66304 114688 132608 134144 165888 197120 229376 262192 262240 278544 327744 344064
1 7 448 16389 16396 16408 38912 40961 45056 49153 65856 81936 114688 131840 132608 134144 165888 196864 229376 262192 262240 327696 327744
1 7 448 16389 16396 16408 38912 40961 45056 49153 65856 114688 131840 132608 134144 165888 196864 229376 262192 262240 278544 327744 344064
1 7 448 16389 16396 16408 38912 40961 45056 49153 66304 67072 68608 100352 114688 131120 131168 131392 147472 196864 344064 409600 458752
1 7 448 16389 16396 16408 38912 40961 45056 49153 66304 67072 68608 100352 114688 131120 131168 131392 196864 278544 344064 393232 458752
1 7 448 16389 16396 16408 38912 40961 45056 49153 66304 67072 68608 100352 114688 131120 131168 147472 196864 212992 262464 393280 393472
1 7 448 16389 16396 16408 38912 40961 45056 49153 66304 67072 68608 100352 114688 131120 131392 147472 196864 212992 262240 393248 393280
1 7 448 16389 16396 16408 38912 40961 45056 49153 66304 67072 68608 100352 114688 131120 147472 196864 212992 262240 262464 393248 393472
1 7 448 16389 16396 16408 38912 40961 45056 49153 66304 67072 68608 100352 114688 131152 131392 147472 196864 212992 262192 262224 262240
1 7 448 16389 16396 16408 38912 40961 45056 49153 66304 67072 68608 100352 114688 131168 131392 147472 196864 212992 262192 393232 393248
1 7 448 16389 16396 16408 38912 40961 45056 49153 66304 67072 68608 100352 114688 131168 131392 196864 212992 262192 278544 393248 409600
1 7 448 16389 16396 16408 38912 40961 45056 49153 66304 67072 68608 100352 114688 131168 131392 196864 262192 278544 344064 393248 458752
1 7 448 16389 16396 16408 38912 40961 45056 49153 66304 67072 68608 100352 114688 131392 147472 196864 212992 262192 262240 393232 393280
1 7 448 16389 16396 16408 38912 40961 45056 49153 66304 67072 68608 100352 114688 131392 196864 212992 262192 262240 278544 393280 409600
1 7 448 16389 16396 16408 38912 40961 45056 49153 66304 67072 68608 100352 114688 131392 196864 262192 262240 278544 344064 393280 458752
1 7 448 16389 16396 16408 38912 40961 45056 49153 66304 67072 68608 100352 114688 147472 196864 212992 262192 262240 262464 393232 393472
1 7 448 16389 16396 16408 38912 40961 45056 49153 66304 67072 68608 100352 114688 196864 212992 262192 262240 262464 278544 393472 409600
1 7 448 16389 16396 16408 38912 40961 45056 49153 66304 67072 68608 100352 114688 196864 262192 262240 262464 278544 344064 393472 458752
1 7 448 16389 16396 16408 38912 40961 45056 49153 66304 67072 100352 114688 134144 197632 198656 262192 262240 262464 278544 327936 344064
1 7 448 16389 16396 16408 38912 40961 45056 49153 66304 67072 114688 134144 165888 197632 229376 262192 262240 262464 278544 327936 344064
1 7 448 16389 16396 16408 38912 40961 45056 49153 66304 68608 100352 114688 132608 197120 197632 262192 262240 262464 278544 327936 344064
1 7 448 16389 16396 16408 38912 40961 45056 49153 66304 100352 114688 132608 134144 197120 198656 262192 262240 262464 278544 327936 344064
1 7 448 16389 16396 16408 38912 40961 45056 49153 66304 114688 132608 134144 165888 197120 229376 262192 262240 262464 278544 327936 344064
1 7 448 16389 16396 16408 38912 40961 45056 49153 67072 68608 100352 114688 131392 131840 197120 212992 262192 262240 278544 393280 409600
1 7 448 16389 16396 16408 38912 40961 45056 49153 67072 68608 100352 114688 131392 131840 197120 262192 262240 278544 344064 393280 458752
1 7 448 16389 16396 16408 38912 40961 45056 49153 67072 68608 100352 114688 131840 196864 197120 262192 262240 262464 278544 327936 344064
1 7 448 16389 16396 16408 38912 40961 45056 49153 67072 68608 100352 114688 131840 197120 212992 262192 262240 262464 278544 393472 409600
1 7 448 16389 16396 16408 38912 40961 45056 49153 67072 68608 100352 114688 131840 197120 262192 262240 262464 278544 344064 393472 458752
1 7 448 16389 16396 16408 38912 40961 45056 49153 68608 100352 114688 131840 132608 196864 197632 262192 262240 262464 278544 327936 344064
1 7 448 16389 16396 16408 38912 40961 45056 49153 68608 100352 114688 131840 132608 197632 212992 262192 262240 262464 278544 393472 409600
1 7 448 16389 16396 16408 38912 40961 45056 49153 68608 100352 114688 131840 132608 197632 262192 262240 262464 278544 344064 393472 458752
1 7 448 16389 16396 16408 38912 40961 45056 49153 81936 114688 131840 132608 134144 165888 196864 229376 262192 262240 262464 327696 327936
2 7 448 16389 16396 16408 38912 40961 45056 49153 81936 114688 131840 132608 134144 165888 229376 262192 262240 262464 327696 393472 458752
1 7 448 16389 16396 16408 38912 40961 45056 49153 100352 114688 131840 132608 134144 196864 198656 262192 262240 262464 278544 327936 344064
2 7 448 16389 16396 16408 38912 40961 45056 49153 100352 114688 131840 132608 134144 198656 262192 262240 262464 278544 344064 393472 458752
1 7 448 16389 16396 16408 38912 40961 45056 49153 114688 131840 132608 134144 165888 196864 229376 262192 262240 262464 278544 327936 344064
2 7 448 16389 16396 16408 38912 40961 45056 49153 114688 131840 132608 134144 165888 229376 262192 262240 262464 278544 344064 393472 458752
1 7 448 16389 16396 16408 40961 45056 49153 65584 65632 65856 81936 114688 131840 132608 196864 229376 265216 268288 299008 394240 425984
1 7 448 16389 16396 16408 40961 45056 49153 65584 65632 65856 81936 114688 134144 137216 167936 229376 262912 263680 327936 394240 458752
2 7 448 16389 16396 16408 40961 45056 49153 68608 71680 102400 114688 131840 132608 197632 262192 262240 262464 278544 344064 393472 458752
1 7 448 16389 16396 24577 35840 38912 45056 57344 66304 67072 99328 114688 131168 131392 196864 212992 262168 262192 278536 393248 409600
1 7 448 16389 16396 24577 35840 38912 45056 57344 66304 67072 99328 114688 131168 131392 196864 262168 262192 278536 344064 393248 458752
1 7 448 16389 16396 24577 35840 38912 45056 57344 66304 67072 99328 114688 131392 196864 212992 262168 262192 262240 278536 393280 409600
1 7 448 16389 16396 24577 35840 38912 45056 57344 66304 67072 99328 114688 131392 196864 262168 262192 262240 278536 344064 393280 458752
1 7 448 16389 16396 24577 35840 38912 45056 57344 66304 67072 99328 131168 131392 180224 196864 229376 262168 262192 278536 393248 409600
1 7 448 16389 16396 24577 35840 38912 45056 57344 66304 67072 99328 131168 131392 196864 229376 262168 262192 278536 311296 393248 425984
1 7 448 16389 16396 24577 35840 38912 45056 57344 66304 67072 99328 131168 131392 196864 262168 262192 278536 311296 360448 393248 458752
1 7 448 16389 16396 24577 35840 38912 45056 57344 66304 67072 99328 131392 180224 196864 229376 262168 262192 262240 278536 393280 409600
1 7 448 16389 16396 24577 35840 38912 45056 57344 66304 67072 99328 131392 196864 229376 262168 262192 262240 278536 311296 393280 425984
1 7 448 16389 16396 24577 35840 38912 45056 57344 66304 67072 99328 131392 196864 262168 262192 262240 278536 311296 360448 393280 458752
1 7 448 16389 16396 24577 35840 38912 45056 57344 67072 99328 114688 131392 131840 197120 212992 262168 262192 262240 278536 393280 409600
1 7 448 16389 16396 24577 35840 38912 45056 57344 67072 99328 114688 131392 131840 197120 262168 262192 262240 278536 344064 393280 458752
1 7 448 16389 16396 24577 35840 38912 45056 57344 67072 99328 131392 131840 180224 197120 229376 262168 262192 262240 278536 393280 409600
1 7 448 16389 16396 24577 35840 38912 45056 57344 67072 99328 131392 131840 197120 229376 262168 262192 262240 278536 311296 393280 425984
1 7 448 16389 16396 24577 35840 38912 45056 57344 67072 99328 131392 131840 197120 262168 262192 262240 278536 311296 360448 393280 458752
1 7 448 16389 16396 24577 38912 45056 57344 66304 67072 68608 100352 114688 131096 131120 131168 147464 212992 262464 327936 393280 458752
1 7 448 16389 16396 24577 38912 45056 57344 66304 67072 68608 100352 114688 131096 131120 147464 212992 262240 262464 327936 393248 458752
1 7 448 16389 16396 24577 38912 45056 57344 66304 67072 68608 100352 114688 131168 131392 196864 212992 262168 262192 278536 393248 409600
1 7 448 16389 16396 24577 38912 45056 57344 66304 67072 68608 100352 114688 131392 196864 212992 262168 262192 262240 278536 393280 409600
1 7 448 16389 16396 24577 38912 45056 57344 66304 67072 68608 100352 131096 131120 131168 147464 180224 229376 262464 327936 393280 458752
1 7 448 16389 16396 24577 38912 45056 57344 66304 67072 68608 100352 131096 131120 147464 180224 229376 262240 262464 327936 393248 458752
1 7 448 16389 16396 24577 38912 45056 57344 66304 67072 68608 100352 131168 131392 180224 196864 229376 262168 262192 278536 393248 409600
1 7 448 16389 16396 24577 38912 45056 57344 66304 67072 68608 100352 131168 131392 196864 229376 262168 262192 278536 311296 393248 425984
1 7 448 16389 16396 24577 38912 45056 57344 66304 67072 68608 100352 131392 180224 196864 229376 262168 262192 262240 278536 393280 409600
1 7 448 16389 16396 24577 38912 45056 57344 66304 67072 68608 100352 131392 196864 229376 262168 262192 262240 278536 311296 393280 425984
1 7 448 16389 16396 24577 38912 45056 57344 67072 68608 100352 114688 131096 131120 131168 147464 212992 262464 262912 328192 393280 458752
1 7 448 16389 16396 24577 38912 45056 57344 67072 68608 100352 114688 131392 131840 197120 212992 262168 262192 262240 278536 393280 409600
1 7 448 16389 16396 24577 38912 45056 57344 67072 68608 100352 131096 131120 131168 147464 180224 229376 262464 262912 328192 393280 458752
1 7 448 16389 16396 24577 38912 45056 57344 67072 68608 100352 131392 131840 180224 197120 229376 262168 262192 262240 278536 393280 409600
1 7 448 16389 16396 24577 38912 45056 57344 67072 68608 100352 131392 131840 197120 229376 262168 262192 262240 278536 311296 393280 425984
1 7 448 16389 16396 35840 38912 40961 45056 49153 65560 65584 65632 81928 114688 131392 131840 132608 164864 229376 327744 393280 458752
1 7 448 16389 16396 35840 38912 40961 45056 49153 65560 65584 65632 81928 114688 131392 131840 132608 196672 229376 295936 394240 425984
1 7 448 16389 16396 35840 38912 40961 45056 49153 65560 65584 65632 81928 114688 131392 131840 164864 196672 229376 263680 393728 394240
1 7 448 16389 16396 35840 38912 40961 45056 49153 65560 65584 65632 81928 114688 131392 131840 196672 229376 263680 295936 393728 425984
1 7 448 16389 16396 35840 38912 40961 45056 49153 65560 65584 65632 81928 114688 131392 132352 164864 196672 229376 262912 263424 263680
1 7 448 16389 16396 35840 38912 40961 45056 49153 65560 65584 65632 81928 114688 131392 132608 164864 196672 229376 262912 393472 393728
1 7 448 16389 16396 35840 38912 40961 45056 49153 65560 65584 65632 81928 114688 131392 164864 196672 229376 262912 263680 393472 394240
1 7 448 16389 16396 35840 38912 40961 45056 49153 65560 65584 65632 81928 114688 131392 196672 229376 262912 263680 295936 393472 425984
1 7 448 16389 16396 35840 38912 40961 45056 49153 65560 65584 65632 81928 114688 131840 132608 164864 196672 229376 262464 393280 393472
1 7 448 16389 16396 35840 38912 40961 45056 49153 65560 65584 65632 81928 114688 131840 132608 164864 229376 262464 327744 393472 458752
1 7 448 16389 16396 35840 38912 40961 45056 49153 65560 65584 65632 81928 114688 132608 164864 196672 229376 262464 262912 393280 393728
1 7 448 16389 16396 35840 38912 40961 45056 49153 65560 65584 65632 81928 114688 132608 164864 229376 262464 262912 327744 393728 458752
1 7 448 16389 16396 35840 38912 40961 45056 49153 65560 65584 65632 81928 114688 164864 196672 229376 262464 262912 263680 393280 394240
1 7 448 16389 16396 35840 38912 40961 45056 49153 65560 65584 65632 81928 114688 164864 229376 262464 262912 263680 327744 394240 458752
1 7 448 16389 16396 35840 38912 40961 45056 49153 65560 65584 65632 81928 114688 196672 229376 262464 262912 263680 295936 393280 425984
1 7 448 16389 16396 35840 38912 40961 45056 49153 65560 65584 65632 81928 114688 229376 262464 262912 263680 295936 327744 425984 458752
1 7 448 16389 16396 35840 38912 40961 45056 49153 65560 65584 65632 114688 131392 131840 132608 164864 196672 229376 278536 327688 344064
1 7 448 16389 16396 35840 38912 40961 45056 49153 65560 65584 81928 114688 131168 131392 196640 229376 262912 263680 295936 393472 425984
1 7 448 16389 16396 35840 38912 40961 45056 49153 65560 65584 81928 114688 131168 196640 229376 262464 262912 263680 295936 393280 425984
1 7 448 16389 16396 35840 38912 40961 45056 49153 65560 65584 81928 114688 131392 131840 132608 164864 196672 229376 262240 327712 327744
1 7 448 16389 16396 35840 38912 40961 45056 49153 65560 65584 81928 114688 131392 131840 132608 164864 229376 262240 327712 393280 458752
1 7 448 16389 16396 35840 38912 40961 45056 49153 65560 65584 81928 114688 131840 132608 164864 229376 262240 262464 327712 393472 458752
1 7 448 16389 16396 35840 38912 40961 45056 49153 65560 65632 81928 114688 131392 131840 132608 164864 196672 229376 262192 327696 327712
1 7 448 16389 16396 35840 38912 40961 45056 49153 65560 81928 114688 131120 131168 196624 229376 262464 262912 263680 295936 393280 425984
1 7 448 16389 16396 35840 38912 40961 45056 49153 65560 81928 114688 131392 131840 132608 164864 196672 229376 262192 262240 327696 327744
1 7 448 16389 16396 35840 38912 40961 45056 49153 65560 81928 114688 131392 131840 132608 164864 229376 262192 262240 327696 393280 458752
1 7 448 16389 16396 35840 38912 40961 45056 49153 65584 65632 81928 114688 131392 131840 132608 164864 196672 229376 262168 327688 327696
1 7 448 16389 16396 35840 38912 40961 45056 49153 65584 65632 114688 131392 131840 132608 164864 196672 229376 262168 278536 327696 344064
1 7 448 16389 16396 35840 38912 40961 45056 49153 65632 65856 114688 131840 132608 164864 196864 229376 262168 262192 278536 327712 344064
1 7 448 16389 16396 35840 38912 40961 45056 49153 65632 81928 114688 131392 131840 132608 164864 196672 229376 262168 262192 327688 327712
1 7 448 16389 16396 35840 38912 40961 45056 49153 65632 114688 131392 131840 132608 164864 196672 229376 262168 262192 278536 327712 344064
1 7 448 16389 16396 35840 38912 40961 45056 49153 65856 66304 67072 99328 114688 131096 131120 131168 147464 196672 344064 409600 458752
1 7 448 16389 16396 35840 38912 40961 45056 49153 65856 66304 67072 99328 114688 131096 131120 131168 196672 212992 278536 393224 409600
1 7 448 16389 16396 35840 38912 40961 45056 49153 65856 66304 67072 99328 114688 131096 131120 131168 196672 278536 344064 393224 458752
1 7 448 16389 16396 35840 38912 40961 45056 49153 65856 66304 67072 99328 114688 131096 131120 147464 196672 212992 262240 393248 393280
1 7 448 16389 16396 35840 38912 40961 45056 49153 65856 66304 67072 99328 114688 131096 131168 147464 196672 212992 262192 393232 393248
1 7 448 16389 16396 35840 38912 40961 45056 49153 65856 66304 67072 99328 114688 131096 147464 196672 212992 262192 262240 393232 393280
1 7 448 16389 16396 35840 38912 40961 45056 49153 65856 66304 67072 99328 114688 131120 131168 147464 196672 212992 262168 393224 393232
1 7 448 16389 16396 35840 38912 40961 45056 49153 65856 66304 67072 99328 114688 131120 131168 196672 212992 262168 278536 393232 409600
1 7 448 16389 16396 35840 38912 40961 45056 49153 65856 66304 67072 99328 114688 131120 131168 196672 262168 278536 344064 393232 458752
1 7 448 16389 16396 35840 38912 40961 45056 49153 65856 66304 67072 99328 114688 131168 147464 196672 212992 262168 262192 393224 393248
1 7 448 16389 16396 35840 38912 40961 45056 49153 65856 66304 67072 99328 114688 131168 196672 212992 262168 262192 278536 393248 409600
1 7 448 16389 16396 35840 38912 40961 45056 49153 65856 66304 67072 99328 114688 131168 196672 262168 262192 278536 344064 393248 458752
1 7 448 16389 16396 35840 38912 40961 45056 49153 65856 66304 67072 99328 114688 147464 196672 212992 262168 262192 262240 393224 393280
1 7 448 16389 16396 35840 38912 40961 45056 49153 65856 66304 67072 99328 114688 196672 212992 262168 262192 262240 278536 393280 409600
1 7 448 16389 16396 35840 38912 40961 45056 49153 65856 66304 67072 99328 114688 196672 262168 262192 262240 278536 344064 393280 458752
1 7 448 16389 16396 35840 38912 40961 45056 49153 65856 66304 67072 114688 164864 197632 229376 262168 262192 262240 278536 327744 344064
1 7 448 16389 16396 35840 38912 40961 45056 49153 65856 66304 99328 114688 132608 197120 197632 262168 262192 262240 278536 327744 344064
1 7 448 16389 16396 35840 38912 40961 45056 49153 65856 66304 114688 132608 164864 197120 229376 262168 262192 262240 278536 327744 344064
1 7 448 16389 16396 35840 38912 40961 45056 49153 65856 66816 99328 114688 131840 132352 132608 262168 262192 262240 278536 327744 344064
1 7 448 16389 16396 35840 38912 40961 45056 49153 65856 67072 99328 114688 131840 196864 197120 262168 262192 262240 278536 327744 344064
1 7 448 16389 16396 35840 38912 40961 45056 49153 65856 99328 114688 131840 132608 196864 197632 262168 262192 262240 278536 327744 344064
1 7 448 16389 16396 35840 38912 40961 45056 49153 65856 114688 131840 132608 164864 196864 229376 262168 262192 262240 278536 327744 344064
1 7 448 16389 16396 35840 38912 40961 45056 49153 66304 67072 99328 114688 131168 131392 196864 212992 262168 262192 278536 393248 409600
1 7 448 16389 16396 35840 38912 40961 45056 49153 66304 67072 99328 114688 131168 131392 196864 262168 262192 278536 344064 393248 458752
1 7 448 16389 16396 35840 38912 40961 45056 49153 66304 67072 99328 114688 131392 196672 196864 262168 262192 262240 278536 327744 344064
1 7 448 16389 16396 35840 38912 40961 45056 49153 66304 67072 99328 114688 131392 196864 212992 262168 262192 262240 278536 393280 409600
1 7 448 16389 16396 35840 38912 40961 45056 49153 66304 67072 99328 114688 131392 196864 262168 262192 262240 278536 344064 393280 458752
1 7 448 16389 16396 35840 38912 40961 45056 49153 67072 99328 114688 131392 131840 196672 197120 262168 262192 262240 278536 327744 344064
1 7 448 16389 16396 35840 38912 40961 45056 49153 67072 99328 114688 131392 131840 197120 212992 262168 262192 262240 278536 393280 409600
1 7 448 16389 16396 35840 38912 40961 45056 49153 67072 99328 114688 131392 131840 197120 262168 262192 262240 278536 344064 393280 458752
1 7 448 16389 16396 35840 38912 40961 45056 49153 81928 114688 131096 131120 131168 196616 229376 262464 262912 263680 295936 393280 425984
1 7 448 16389 16396 35840 38912 40961 45056 49153 81928 114688 131392 131840 132608 164864 196672 229376 262168 262192 262240 327688 327744
1 7 448 16389 16396 35840 38912 40961 45056 49153 81928 114688 131392 131840 132608 164864 229376 262168 262192 262240 327688 393280 458752
1 7 448 16389 16396 35840 38912 40961 45056 49153 99328 114688 131392 131840 132608 196672 197632 262168 262192 262240 278536 327744 344064
1 7 448 16389 16396 35840 38912 40961 45056 49153 99328 114688 131392 131840 132608 197632 212992 262168 262192 262240 278536 393280 409600
1 7 448 16389 16396 35840 38912 40961 45056 49153 99328 114688 131392 131840 132608 197632 262168 262192 262240 278536 344064 393280 458752
1 7 448 16389 16396 35840 38912 40961 45056 49153 114688 131096 131120 131168 147464 212992 229376 262464 262912 263680 295936 393280 425984
1 7 448 16389 16396 35840 38912 40961 45056 49153 114688 131392 131840 132608 164864 196672 229376 262168 262192 262240 278536 327744 344064
1 7 448 16389 16396 35840 38912 40961 45056 49153 114688 131392 131840 132608 164864 212992 229376 262168 262192 262240 278536 393280 409600
1 7 448 16389 16396 35840 38912 40961 45056 49153 114688 131392 131840 132608 164864 229376 262168 262192 262240 278536 344064 393280 458752
1 7 448 16389 16396 35840 38912 40961 49153 65560 65584 65632 81928 114688 131392 131840 132608 164864 196672 229376 274432 299008 303104
1 7 448 16389 16396 35840 38912 40961 49153 65856 66304 67072 99328 114688 131096 131120 131168 147464 196672 212992 274432 299008 303104
1 7 448 16389 16396 35840 38912 45056 49153 65560 65584 65632 81928 114688 131392 131840 132608 164864 196672 229376 270337 294913 303104
1 7 448 16389 16396 35840 38912 45056 49153 65856 66304 67072 99328 114688 131096 131120 131168 147464 196672 212992 270337 294913 303104
1 7 448 16389 16396 35840 38912 49153 65560 65584 65632 81928 114688 131392 131840 132608 164864 196672 229376 270337 274432 294913 299008
1 7 448 16389 16396 35840 38912 49153 65856 66304 67072 99328 114688 131096 131120 131168 147464 196672 212992 270337 274432 294913 299008
1 7 448 16389 16396 35840 40961 45056 49153 65560 65584 65632 81928 114688 131392 131840 132608 164864 196672 229376 268288 296960 299008
1 7 448 16389 16396 35840 40961 45056 49153 65856 66304 67072 99328 114688 131096 131120 131168 147464 196672 212992 268288 296960 299008
1 7 448 16389 16396 35840 40961 49153 65560 65584 65632 81928 114688 131392 131840 132608 164864 196672 229376 268288 274432 296960 303104
1 7 448 16389 16396 35840 40961 49153 65856 66304 67072 99328 114688 131096 131120 131168 147464 196672 212992 268288 274432 296960 303104
1 7 448 16389 16396 35840 49153 65560 65584 65632 81928 114688 131392 131840 132608 164864 196672 229376 268288 270337 274432 294913 296960
1 7 448 16389 16396 35840 49153 65856 66304 67072 99328 114688 131096 131120 131168 147464 196672 212992 268288 270337 274432 294913 296960
1 7 448 16389 16396 37888 40961 45056 49153 65560 65584 65632 81928 114688 131392 131840 132608 164864 196672 229376 265216 267264 268288
1 7 448 16389 16396 37888 40961 45056 49153 65856 66304 67072 99328 114688 131096 131120 131168 147464 196672 212992 265216 267264 268288
1 7 448 16389 16396 38912 40961 45056 49153 65560 65584 65632 81928 114688 131392 131840 132608 164864 196672 229376 265216 295936 296960
1 7 448 16389 16396 38912 40961 45056 49153 65560 65584 65632 81928 114688 131392 131840 132608 196672 229376 265216 296960 394240 425984
1 7 448 16389 16396 38912 40961 45056 49153 65560 65584 65632 81928 114688 131392 131840 196672 229376 263680 265216 296960 393728 425984
1 7 448 16389 16396 38912 40961 45056 49153 65560 65584 65632 81928 114688 131392 196672 229376 262912 263680 265216 296960 393472 425984
1 7 448 16389 16396 38912 40961 45056 49153 65560 65584 65632 81928 114688 131840 132608 134144 165888 229376 262464 327744 393472 458752
1 7 448 16389 16396 38912 40961 45056 49153 65560 65584 65632 81928 114688 132608 134144 165888 229376 262464 262912 327744 393728 458752
1 7 448 16389 16396 38912 40961 45056 49153 65560 65584 65632 81928 114688 134144 165888 229376 262464 262912 263680 327744 394240 458752
1 7 448 16389 16396 38912 40961 45056 49153 65560 65584 81928 114688 131168 131392 196640 229376 262912 263680 265216 296960 393472 425984
2 7 448 16389 16396 38912 40961 45056 49153 65560 65584 81928 114688 131840 132608 134144 165888 229376 262240 262464 327712 393472 458752
1 7 448 16389 16396 38912 40961 45056 49153 65632 65856 114688 131840 132608 134144 165888 196864 229376 262168 262192 278536 327712 344064
1 7 448 16389 16396 38912 40961 45056 49153 65856 66304 67072 99328 114688 131096 131120 131168 147464 196672 212992 265216 295936 296960
1 7 448 16389 16396 38912 40961 45056 49153 65856 66304 67072 114688 134144 165888 197632 229376 262168 262192 262240 278536 327744 344064
1 7 448 16389 16396 38912 40961 45056 49153 65856 66304 114688 132608 134144 165888 197120 229376 262168 262192 262240 278536 327744 344064
1 7 448 16389 16396 38912 40961 45056 49153 65856 114688 131840 132608 134144 165888 196864 229376 262168 262192 262240 278536 327744 344064
1 7 448 16389 16396 38912 40961 45056 49153 66304 67072 68608 100352 114688 131392 196864 212992 262168 262192 262240 278536 393280 409600
1 7 448 16389 16396 38912 40961 45056 49153 66304 67072 68608 100352 114688 131392 196864 262168 262192 262240 278536 344064 393280 458752
1 7 448 16389 16396 38912 40961 45056 49153 67072 68608 100352 114688 131392 131840 197120 212992 262168 262192 262240 278536 393280 409600
1 7 448 16389 16396 38912 40961 45056 49153 67072 68608 100352 114688 131392 131840 197120 262168 262192 262240 278536 344064 393280 458752
1 7 448 16389 16396 38912 40961 45056 49153 68608 100352 114688 131392 131840 132608 197632 212992 262168 262192 262240 278536 393280 409600
1 7 448 16389 16396 38912 40961 45056 49153 68608 100352 114688 131392 131840 132608 197632 262168 262192 262240 278536 344064 393280 458752
1 7 448 16389 16396 40961 45056 49153 65560 65584 65632 81928 114688 131392 131840 132608 164864 196672 229376 265216 268288 295936 299008
1 7 448 16389 16396 40961 45056 49153 65560 65584 65632 81928 114688 131392 131840 132608 196672 229376 265216 268288 299008 394240 425984
1 7 448 16389 16396 40961 45056 49153 65560 65584 65632 81928 114688 131392 131840 196672 229376 263680 265216 268288 299008 393728 425984
1 7 448 16389 16396 40961 45056 49153 65560 65584 65632 81928 114688 132608 134144 137216 167936 229376 262464 262912 327744 393728 458752
1 7 448 16389 16396 40961 45056 49153 65560 65584 65632 81928 114688 134144 137216 167936 229376 262464 262912 263680 327744 394240 458752
1 7 448 16389 16396 40961 45056 49153 65856 66304 67072 99328 114688 131096 131120 131168 147464 196672 212992 265216 268288 295936 299008
1 7 448 16389 16396 40961 45056 49153 65856 66304 67072 114688 134144 137216 167936 197632 229376 262168 262192 262240 278536 327744 344064
1 7 448 16389 16396 40961 45056 49153 65856 66304 114688 132608 134144 137216 167936 197120 229376 262168 262192 262240 278536 327744 344064
1 7 448 16389 16396 40961 45056 49153 67072 68608 71680 102400 114688 131392 131840 197120 212992 262168 262192 262240 278536 393280 409600
1 7 448 16389 16396 40961 45056 49153 67072 68608 71680 102400 114688 131392 131840 197120 262168 262192 262240 278536 344064 393280 458752
1 7 448 16389 16396 40961 45056 49153 68608 71680 102400 114688 131392 131840 132608 197632 212992 262168 262192 262240 278536 393280 409600
1 7 448 16389 16396 40961 45056 49153 68608 71680 102400 114688 131392 131840 132608 197632 262168 262192 262240 278536 344064 393280 458752
1 7 448 16389 16396 40961 49153 65560 65584 65632 81928 114688 131392 131840 132608 164864 196672 229376 265216 268288 274432 295936 303104
1 7 448 16389 16396 40961 49153 65560 65584 65632 81928 114688 131392 131840 132608 196672 229376 265216 268288 274432 303104 394240 425984
1 7 448 16389 16396 40961 49153 65560 65584 65632 81928 114688 134144 137216 143360 172032 229376 262464 262912 263680 327744 394240 458752
1 7 448 16389 16396 40961 49153 65856 66304 67072 99328 114688 131096 131120 131168 147464 196672 212992 265216 268288 274432 295936 303104
1 7 448 16389 16396 40961 49153 65856 66304 67072 114688 134144 137216 143360 172032 197632 229376 262168 262192 262240 278536 327744 344064
1 7 448 16389 16396 40961 49153 68608 71680 77824 106496 114688 131392 131840 132608 197632 212992 262168 262192 262240 278536 393280 409600
1 7 448 16389 16396 40961 49153 68608 71680 77824 106496 114688 131392 131840 132608 197632 262168 262192 262240 278536 344064 393280 458752
1 7 448 16389 16396 49153 49160 65560 65584 65632 98312 131392 131840 132608 196672 229376 265216 268288 270337 274432 294913 394240 425984
1 7 448 16389 16396 49153 49160 65560 65584 65632 98312 131392 131840 132608 196672 265216 268288 270337 274432 294913 360448 394240 458752
1 7 448 16389 16396 49153 65560 65584 65632 81928 114688 131392 131840 132608 164864 196672 229376 265216 268288 270337 274432 294913 295936
1 7 448 16389 16396 49153 65560 65584 65632 81928 114688 131392 131840 132608 196672 229376 265216 268288 270337 274432 294913 394240 425984
1 7 448 16389 16396 49153 65560 65584 65632 81928 114688 134144 137216 139265 143360 163841 229376 262464 262912 263680 327744 394240 458752
1 7 448 16389 16396 49153 65856 66304 67072 99328 114688 131096 131120 131168 147464 196672 212992 265216 268288 270337 274432 294913 295936
1 7 448 16389 16396 49153 65856 66304 67072 114688 134144 137216 139265 143360 163841 197632 229376 262168 262192 262240 278536 327744 344064
1 7 448 16389 16396 49153 68608 71680 73729 77824 98305 114688 131392 131840 132608 197632 212992 262168 262192 262240 278536 393280 409600
1 7 448 16389 16396 49153 68608 71680 73729 77824 98305 114688 131392 131840 132608 197632 262168 262192 262240 278536 344064 393280 458752
1 7 448 16389 20481 34304 35840 38912 53248 65856 66304 98816 114688 131084 131096 131120 131168 147460 196672 212992 266241 270337 274432
1 7 448 16389 20481 34304 35840 38912 53248 65856 66304 98816 131084 131096 131120 131168 147460 180224 196672 229376 266241 270337 274432
1 7 448 16389 24577 28672 33536 34304 35840 38912 53248 65548 65560 65584 81924 114688 131168 164096 196640 229376 262464 393280 393472
1 7 448 16389 24577 28672 33536 34304 35840 38912 53248 65548 65560 65584 81924 114688 131168 196640 229376 262464 295168 393280 425984
1 7 448 16389 24577 28672 33536 34304 35840 38912 53248 65548 65560 65584 81924 114688 131392 164096 196640 229376 262240 393248 393280
1 7 448 16389 24577 28672 33536 34304 35840 38912 53248 65548 65560 65584 81924 114688 131392 164096 229376 262240 327712 393280 458752
1 7 448 16389 24577 28672 33536 34304 35840 38912 53248 65548 65560 81924 114688 131120 131168 196624 229376 262464 295168 393280 425984
1 7 448 16389 24577 28672 33536 34304 35840 38912 53248 65548 65560 81924 114688 131392 164096 229376 262192 262240 327696 393280 458752
1 7 448 16389 24577 28672 33536 34304 35840 38912 53248 65584 65632 114688 131392 164096 196672 229376 262156 262168 278532 327696 344064
1 7 448 16389 24577 28672 33536 34304 35840 38912 53248 65632 98560 114688 131392 196672 196864 262156 262168 262192 278532 327712 344064
1 7 448 16389 24577 28672 33536 34304 35840 38912 53248 65632 114688 131392 164096 196672 229376 262156 262168 262192 278532 327712 344064
1 7 448 16389 24577 28672 33536 34304 35840 38912 53248 65856 98560 114688 131120 131168 196672 212992 262156 262168 278532 393232 409600
1 7 448 16389 24577 28672 33536 34304 35840 38912 53248 65856 98560 114688 131120 131168 196672 262156 262168 278532 344064 393232 458752
1 7 448 16389 24577 28672 33536 34304 35840 38912 53248 65856 98560 114688 131168 196640 196672 262156 262168 262192 278532 327712 344064
1 7 448 16389 24577 28672 33536 34304 35840 38912 53248 65856 98560 114688 131168 196672 212992 262156 262168 262192 278532 393248 409600
1 7 448 16389 24577 28672 33536 34304 35840 38912 53248 65856 98560 114688 131168 196672 262156 262168 262192 278532 344064 393248 458752
1 7 448 16389 24577 28672 34304 35840 38912 53248 65548 65560 65584 65632 81924 114688 131392 131840 164352 229376 327744 393280 458752
1 7 448 16389 24577 28672 34304 35840 38912 53248 65548 65560 65584 65632 81924 114688 131392 131840 196672 229376 295424 393728 425984
1 7 448 16389 24577 28672 34304 35840 38912 53248 65548 65560 65584 65632 81924 114688 131392 164352 196672 229376 262912 393472 393728
1 7 448 16389 24577 28672 34304 35840 38912 53248 65548 65560 65584 65632 81924 114688 131392 196672 229376 262912 295424 393472 425984
1 7 448 16389 24577 28672 34304 35840 38912 53248 65548 65560 65584 65632 81924 114688 131840 164352 196672 229376 262464 393280 393472
1 7 448 16389 24577 28672 34304 35840 38912 53248 65548 65560 65584 65632 81924 114688 131840 164352 229376 262464 327744 393472 458752
1 7 448 16389 24577 28672 34304 35840 38912 53248 65548 65560 65584 65632 81924 114688 164352 196672 229376 262464 262912 393280 393728
1 7 448 16389 24577 28672 34304 35840 38912 53248 65548 65560 65584 65632 81924 114688 164352 229376 262464 262912 327744 393728 458752
1 7 448 16389 24577 28672 34304 35840 38912 53248 65548 65560 65584 65632 81924 114688 196672 229376 262464 262912 295424 393280 425984
1 7 448 16389 24577 28672 34304 35840 38912 53248 65548 65560 65584 65632 81924 114688 229376 262464 262912 295424 327744 425984 458752
1 7 448 16389 24577 28672 34304 35840 38912 53248 65548 65560 65584 65632 114688 131392 131840 164352 196672 229376 278532 327684 344064
1 7 448 16389 24577 28672 34304 35840 38912 53248 65548 65560 65584 81924 114688 131168 196640 229376 262464 262912 295424 393280 425984
1 7 448 16389 24577 28672 34304 35840 38912 53248 65548 65560 65584 81924 114688 131392 131840 164352 196672 229376 262240 327712 327744
1 7 448 16389 24577 28672 34304 35840 38912 53248 65548 65560 65584 81924 114688 131392 131840 164352 229376 262240 327712 393280 458752
1 7 448 16389 24577 28672 34304 35840 38912 53248 65548 65560 65632 81924 114688 131392 131840 164352 196672 229376 262192 327696 327712
1 7 448 16389 24577 28672 34304 35840 38912 53248 65548 65560 81924 114688 131120 131168 196624 229376 262464 262912 295424 393280 425984
1 7 448 16389 24577 28672 34304 35840 38912 53248 65548 65560 81924 114688 131392 131840 164352 196672 229376 262192 262240 327696 327744
1 7 448 16389 24577 28672 34304 35840 38912 53248 65548 65560 81924 114688 131392 131840 164352 229376 262192 262240 327696 393280 458752
1 7 448 16389 24577 28672 34304 35840 38912 53248 65548 65584 65632 81924 114688 131392 131840 164352 196672 229376 262168 327688 327696
1 7 448 16389 24577 28672 34304 35840 38912 53248 65548 65632 81924 114688 131392 131840 164352 196672 229376 262168 262192 327688 327712
1 7 448 16389 24577 28672 34304 35840 38912 53248 65548 81924 114688 131096 131120 131168 196616 229376 262464 262912 295424 393280 425984
1 7 448 16389 24577 28672 34304 35840 38912 53248 65548 81924 114688 131392 131840 164352 196672 229376 262168 262192 262240 327688 327744
1 7 448 16389 24577 28672 34304 35840 38912 53248 65548 81924 114688 131392 131840 164352 229376 262168 262192 262240 327688 393280 458752
1 7 448 16389 24577 28672 34304 35840 38912 53248 65560 65584 65632 81924 114688 131392 131840 164352 196672 229376 262156 327684 327688
1 7 448 16389 24577 28672 34304 35840 38912 53248 65560 65584 65632 114688 131392 131840 164352 196672 229376 262156 278532 327688 344064
1 7 448 16389 24577 28672 34304 35840 38912 53248 65584 65632 81924 114688 131392 131840 164352 196672 229376 262156 262168 327684 327696
1 7 448 16389 24577 28672 34304 35840 38912 53248 65584 65632 114688 131392 131840 164352 196672 229376 262156 262168 278532 327696 344064
1 7 448 16389 24577 28672 34304 35840 38912 53248 65632 81924 114688 131392 131840 164352 196672 229376 262156 262168 262192 327684 327712
1 7 448 16389 24577 28672 34304 35840 38912 53248 65632 114688 131392 131840 164352 196672 229376 262156 262168 262192 278532 327712 344064
1 7 448 16389 24577 28672 34304 35840 38912 53248 65856 66304 98816 114688 131084 131096 131120 131168 147460 196672 344064 409600 458752
1 7 448 16389 24577 28672 34304 35840 38912 53248 65856 66304 98816 114688 131084 131096 131120 131168 196672 212992 278532 393220 409600
1 7 448 16389 24577 28672 34304 35840 38912 53248 65856 66304 98816 114688 131084 131096 131120 131168 196672 278532 344064 393220 458752
1 7 448 16389 24577 28672 34304 35840 38912 53248 65856 66304 98816 114688 131084 131096 131120 147460 196672 212992 262240 393248 393280
1 7 448 16389 24577 28672 34304 35840 38912 53248 65856 66304 98816 114688 131084 131096 131168 147460 196672 212992 262192 393232 393248
1 7 448 16389 24577 28672 34304 35840 38912 53248 65856 66304 98816 114688 131084 131096 147460 196672 212992 262192 262240 393232 393280
1 7 448 16389 24577 28672 34304 35840 38912 53248 65856 66304 98816 114688 131084 131120 131168 147460 196672 212992 262168 393224 393232
1 7 448 16389 24577 28672 34304 35840 38912 53248 65856 66304 98816 114688 131084 131168 147460 196672 212992 262168 262192 393224 393248
1 7 448 16389 24577 28672 34304 35840 38912 53248 65856 66304 98816 114688 131084 147460 196672 212992 262168 262192 262240 393224 393280
1 7 448 16389 24577 28672 34304 35840 38912 53248 65856 66304 98816 114688 131096 131120 131168 147460 196672 212992 262156 393220 393224
1 7 448 16389 24577 28672 34304 35840 38912 53248 65856 66304 98816 114688 131096 131120 131168 196672 212992 262156 278532 393224 409600
1 7 448 16389 24577 28672 34304 35840 38912 53248 65856 66304 98816 114688 131096 131120 131168 196672 262156 278532 344064 393224 458752
1 7 448 16389 24577 28672 34304 35840 38912 53248 65856 66304 98816 114688 131120 131168 147460 196672 212992 262156 262168 393220 393232
1 7 448 16389 24577 28672 34304 35840 38912 53248 65856 66304 98816 114688 131120 131168 196672 212992 262156 262168 278532 393232 409600
1 7 448 16389 24577 28672 34304 35840 38912 53248 65856 66304 98816 114688 131120 131168 196672 262156 262168 278532 344064 393232 458752
1 7 448 16389 24577 28672 34304 35840 38912 53248 65856 66304 98816 114688 131168 147460 196672 212992 262156 262168 262192 393220 393248
1 7 448 16389 24577 28672 34304 35840 38912 53248 65856 66304 98816 114688 131168 196672 212992 262156 262168 262192 278532 393248 409600
1 7 448 16389 24577 28672 34304 35840 38912 53248 65856 66304 98816 114688 131168 196672 262156 262168 262192 278532 344064 393248 458752
1 7 448 16389 24577 28672 34304 35840 38912 53248 65856 66304 98816 114688 147460 196672 212992 262156 262168 262192 262240 393220 393280
1 7 448 16389 24577 28672 34304 35840 38912 53248 65856 66304 98816 114688 196672 212992 262156 262168 262192 262240 278532 393280 409600
1 7 448 16389 24577 28672 34304 35840 38912 53248 65856 66304 98816 114688 196672 262156 262168 262192 262240 278532 344064 393280 458752
1 7 448 16389 24577 28672 34304 35840 38912 53248 65856 66304 114688 164352 197120 229376 262156 262168 262192 262240 278532 327744 344064
1 7 448 16389 24577 28672 34304 35840 38912 53248 65856 98816 114688 131840 196864 197120 262156 262168 262192 262240 278532 327744 344064
1 7 448 16389 24577 28672 34304 35840 38912 53248 65856 114688 131840 164352 196864 229376 262156 262168 262192 262240 278532 327744 344064
1 7 448 16389 24577 28672 34304 35840 38912 53248 66304 98816 114688 131392 196672 196864 262156 262168 262192 262240 278532 327744 344064
1 7 448 16389 24577 28672 34304 35840 38912 53248 66304 98816 114688 131392 196864 212992 262156 262168 262192 262240 278532 393280 409600
1 7 448 16389 24577 28672 34304 35840 38912 53248 66304 98816 114688 131392 196864 262156 262168 262192 262240 278532 344064 393280 458752
1 7 448 16389 24577 28672 34304 35840 38912 53248 81924 114688 131084 131096 131120 131168 196612 229376 262464 262912 295424 393280 425984
1 7 448 16389 24577 28672 34304 35840 38912 53248 81924 114688 131392 131840 164352 196672 229376 262156 262168 262192 262240 327684 327744
1 7 448 16389 24577 28672 34304 35840 38912 53248 81924 114688 131392 131840 164352 229376 262156 262168 262192 262240 327684 393280 458752
1 7 448 16389 24577 28672 34304 35840 38912 53248 98816 114688 131392 131840 196672 197120 262156 262168 262192 262240 278532 327744 344064
1 7 448 16389 24577 28672 34304 35840 38912 53248 98816 114688 131392 131840 197120 212992 262156 262168 262192 262240 278532 393280 409600
1 7 448 16389 24577 28672 34304 35840 38912 53248 98816 114688 131392 131840 197120 262156 262168 262192 262240 278532 344064 393280 458752
1 7 448 16389 24577 28672 34304 35840 38912 53248 114688 131084 131096 131120 131168 147460 212992 229376 262464 262912 295424 393280 425984
1 7 448 16389 24577 28672 34304 35840 38912 53248 114688 131392 131840 164352 196672 229376 262156 262168 262192 262240 278532 327744 344064
1 7 448 16389 24577 28672 34304 35840 38912 53248 114688 131392 131840 164352 212992 229376 262156 262168 262192 262240 278532 393280 409600
1 7 448 16389 24577 28672 34304 35840 38912 53248 114688 131392 131840 164352 229376 262156 262168 262192 262240 278532 344064 393280 458752
1 7 448 16389 24577 28672 34304 35840 53248 65548 65560 65584 65632 81924 114688 131392 131840 164352 196672 229376 268288 296960 299008
1 7 448 16389 24577 28672 34304 35840 53248 65856 66304 98816 114688 131084 131096 131120 131168 147460 196672 212992 268288 296960 299008
1 7 448 16389 24577 28672 34304 37888 53248 65548 65560 65584 65632 81924 114688 131392 131840 164352 196672 229376 265216 267264 268288
1 7 448 16389 24577 28672 34304 37888 53248 65856 66304 98816 114688 131084 131096 131120 131168 147460 196672 212992 265216 267264 268288
1 7 448 16389 24577 28672 34304 38912 53248 65548 65560 65584 65632 81924 114688 131392 131840 164352 196672 229376 265216 295936 296960
1 7 448 16389 24577 28672 34304 38912 53248 65856 66304 98816 114688 131084 131096 131120 131168 147460 196672 212992 265216 295936 296960
1 7 448 16389 24577 28672 34304 53248 65548 65560 65584 65632 81924 114688 131392 131840 164352 196672 229376 265216 268288 295936 299008
1 7 448 16389 24577 28672 34304 53248 65856 66304 98816 114688 131084 131096 131120 131168 147460 196672 212992 265216 268288 295936 299008
1 7 448 16389 24577 28672 35840 38912 53248 65548 65560 65584 65632 81924 114688 131392 131840 164352 196672 229376 263680 295424 295936
1 7 448 16389 24577 28672 35840 38912 53248 65548 65560 65584 65632 81924 114688 131392 131840 196672 229376 263680 295936 393728 425984
1 7 448 16389 24577 28672 35840 38912 53248 65548 65560 65584 65632 81924 114688 131392 196672 229376 262912 263680 295936 393472 425984
1 7 448 16389 24577 28672 35840 38912 53248 65548 65560 65584 65632 81924 114688 131840 132608 164864 229376 262464 327744 393472 458752
1 7 448 16389 24577 28672 35840 38912 53248 65548 65560 65584 65632 81924 114688 132608 164864 229376 262464 262912 327744 393728 458752
1 7 448 16389 24577 28672 35840 38912 53248 65856 66304 98816 114688 131084 131096 131120 131168 147460 196672 212992 263680 295424 295936
1 7 448 16389 24577 28672 35840 38912 53248 65856 66304 114688 132608 164864 197120 229376 262156 262168 262192 262240 278532 327744 344064
1 7 448 16389 24577 28672 35840 38912 53248 65856 114688 131840 132608 164864 196864 229376 262156 262168 262192 262240 278532 327744 344064
1 7 448 16389 24577 28672 35840 38912 53248 66304 67072 99328 114688 131392 196864 212992 262156 262168 262192 262240 278532 393280 409600
1 7 448 16389 24577 28672 35840 38912 53248 66304 67072 99328 114688 131392 196864 262156 262168 262192 262240 278532 344064 393280 458752
1 7 448 16389 24577 28672 35840 38912 53248 67072 99328 114688 131392 131840 197120 212992 262156 262168 262192 262240 278532 393280 409600
1 7 448 16389 24577 28672 35840 38912 53248 67072 99328 114688 131392 131840 197120 262156 262168 262192 262240 278532 344064 393280 458752
1 7 448 16389 24577 28672 38912 53248 65548 65560 65584 65632 81924 114688 131392 131840 164352 196672 229376 263680 265216 295424 296960
1 7 448 16389 24577 28672 38912 53248 65548 65560 65584 65632 81924 114688 131392 131840 196672 229376 263680 265216 296960 393728 425984
1 7 448 16389 24577 28672 38912 53248 65548 65560 65584 65632 81924 114688 131392 196672 229376 262912 263680 265216 296960 393472 425984
1 7 448 16389 24577 28672 38912 53248 65548 65560 65584 65632 81924 114688 131840 132608 134144 165888 229376 262464 327744 393472 458752
1 7 448 16389 24577 28672 38912 53248 65548 65560 65584 65632 81924 114688 132608 134144 165888 229376 262464 262912 327744 393728 458752
1 7 448 16389 24577 28672 38912 53248 65856 66304 98816 114688 131084 131096 131120 131168 147460 196672 212992 263680 265216 295424 296960
1 7 448 16389 24577 28672 38912 53248 65856 66304 114688 132608 134144 165888 197120 229376 262156 262168 262192 262240 278532 327744 344064
1 7 448 16389 24577 28672 38912 53248 65856 114688 131840 132608 134144 165888 196864 229376 262156 262168 262192 262240 278532 327744 344064
1 7 448 16389 24577 28672 38912 53248 66304 67072 68608 100352 114688 131392 196864 212992 262156 262168 262192 262240 278532 393280 409600
1 7 448 16389 24577 28672 38912 53248 66304 67072 68608 100352 114688 131392 196864 262156 262168 262192 262240 278532 344064 393280 458752
1 7 448 16389 24577 28672 38912 53248 67072 68608 100352 114688 131392 131840 197120 212992 262156 262168 262192 262240 278532 393280 409600
1 7 448 16389 24577 28672 38912 53248 67072 68608 100352 114688 131392 131840 197120 262156 262168 262192 262240 278532 344064 393280 458752
1 7 448 16389 24577 28672 49156 53248 65548 65560 65584 65632 98308 131392 131840 196672 229376 263680 265216 268288 299008 393728 425984
1 7 448 16389 24577 28672 49156 53248 65548 65560 65584 65632 98308 131392 131840 196672 263680 265216 268288 299008 360448 393728 458752
1 7 448 16389 24577 28672 53248 65548 65560 65584 65632 81924 114688 131392 131840 164352 196672 229376 263680 265216 268288 295424 299008
1 7 448 16389 24577 28672 53248 65548 65560 65584 65632 81924 114688 131392 131840 196672 229376 263680 265216 268288 299008 393728 425984
1 7 448 16389 24577 28672 53248 65548 65560 65584 65632 81924 114688 132608 134144 137216 167936 229376 262464 262912 327744 393728 458752
1 7 448 16389 24577 28672 53248 65856 66304 98816 114688 131084 131096 131120 131168 147460 196672 212992 263680 265216 268288 295424 299008
1 7 448 16389 24577 28672 53248 65856 66304 114688 132608 134144 137216 167936 197120 229376 262156 262168 262192 262240 278532 327744 344064
1 7 448 16389 24577 28672 53248 67072 68608 71680 102400 114688 131392 131840 197120 212992 262156 262168 262192 262240 278532 393280 409600
1 7 448 16389 24577 28672 53248 67072 68608 71680 102400 114688 131392 131840 197120 262156 262168 262192 262240 278532 344064 393280 458752
1 7 448 16389 24577 35840 38912 45056 57344 65856 66304 99328 114688 132608 197120 197632 262156 262168 262192 262240 278532 327744 344064
1 7 448 16389 24577 35840 38912 45056 57344 65856 66304 99328 132608 197120 197632 262156 262168 262192 262240 278532 311296 327744 360448
1 7 448 16389 24577 35840 38912 45056 57344 65856 67072 99328 114688 131840 196864 197120 262156 262168 262192 262240 278532 327744 344064
1 7 448 16389 24577 35840 38912 45056 57344 65856 67072 99328 131840 196864 197120 262156 262168 262192 262240 278532 311296 327744 360448
1 7 448 16389 24577 35840 38912 45056 57344 65856 99328 114688 131840 132608 196864 197632 262156 262168 262192 262240 278532 327744 344064
1 7 448 16389 24577 35840 38912 45056 57344 65856 99328 131840 132608 196864 197632 262156 262168 262192 262240 278532 311296 327744 360448
1 7 448 16389 24577 35840 38912 45056 57344 66304 67072 99328 114688 131392 196672 196864 262156 262168 262192 262240 278532 327744 344064
1 7 448 16389 24577 35840 38912 45056 57344 66304 67072 99328 114688 131392 196864 212992 262156 262168 262192 262240 278532 393280 409600
1 7 448 16389 24577 35840 38912 45056 57344 66304 67072 99328 114688 131392 196864 262156 262168 262192 262240 278532 344064 393280 458752
1 7 448 16389 24577 35840 38912 45056 57344 66304 67072 99328 131392 180224 196864 229376 262156 262168 262192 262240 278532 393280 409600
1 7 448 16389 24577 35840 38912 45056 57344 66304 67072 99328 131392 196672 196864 262156 262168 262192 262240 278532 311296 327744 360448
1 7 448 16389 24577 35840 38912 45056 57344 66304 67072 99328 131392 196864 229376 262156 262168 262192 262240 278532 311296 393280 425984
1 7 448 16389 24577 35840 38912 45056 57344 66304 67072 99328 131392 196864 262156 262168 262192 262240 278532 311296 360448 393280 458752
1 7 448 16389 24577 35840 38912 45056 57344 67072 99328 114688 131392 131840 196672 197120 262156 262168 262192 262240 278532 327744 344064
1 7 448 16389 24577 35840 38912 45056 57344 67072 99328 114688 131392 131840 197120 212992 262156 262168 262192 262240 278532 393280 409600
1 7 448 16389 24577 35840 38912 45056 57344 67072 99328 114688 131392 131840 197120 262156 262168 262192 262240 278532 344064 393280 458752
1 7 448 16389 24577 35840 38912 45056 57344 67072 99328 131392 131840 180224 197120 229376 262156 262168 262192 262240 278532 393280 409600
1 7 448 16389 24577 35840 38912 45056 57344 67072 99328 131392 131840 196672 197120 262156 262168 262192 262240 278532 311296 327744 360448
1 7 448 16389 24577 35840 38912 45056 57344 67072 99328 131392 131840 197120 229376 262156 262168 262192 262240 278532 311296 393280 425984
1 7 448 16389 24577 35840 38912 45056 57344 67072 99328 131392 131840 197120 262156 262168 262192 262240 278532 311296 360448 393280 458752
1 7 448 16389 24577 38912 45056 57344 66304 67072 68608 100352 114688 131084 131096 131120 131168 147460 212992 262464 327936 393280 458752
1 7 448 16389 24577 38912 45056 57344 66304 67072 68608 100352 114688 131392 196864 212992 262156 262168 262192 262240 278532 393280 409600
1 7 448 16389 24577 38912 45056 57344 66304 67072 68608 100352 131084 131096 131120 131168 147460 180224 229376 262464 327936 393280 458752
1 7 448 16389 24577 38912 45056 57344 66304 67072 68608 100352 131392 180224 196864 229376 262156 262168 262192 262240 278532 393280 409600
1 7 448 16389 24577 38912 45056 57344 66304 67072 68608 100352 131392 196864 229376 262156 262168 262192 262240 278532 311296 393280 425984
1 7 448 16389 24577 38912 45056 57344 67072 68608 100352 114688 131084 131096 131120 131168 147460 212992 262464 262912 328192 393280 458752
1 7 448 16389 24577 38912 45056 57344 67072 68608 100352 114688 131392 131840 197120 212992 262156 262168 262192 262240 278532 393280 409600
2 7 448 16389 24577 38912 45056 57344 67072 68608 100352 131084 131096 131120 131168 147460 180224 229376 262464 262912 328192 393280 458752
1 7 448 16389 38912 40961 45056 49153 65548 65560 65584 65632 81924 114688 131392 196672 229376 262912 263680 265216 296960 393472 425984
2 7 448 16389 38912 40961 45056 49153 65548 65560 65584 65632 81924 114688 131840 132608 134144 165888 229376 262464 327744 393472 458752
1 7 448 16389 38912 40961 45056 49153 65856 114688 131840 132608 134144 165888 196864 229376 262156 262168 262192 262240 278532 327744 344064
1 7 896 16389 16396 16408 38912 40961 45056 49153 65584 65632 65728 81936 114688 131712 132608 196736 229376 265216 296960 394240 425984
1 7 896 16389 16396 16408 38912 40961 45056 49153 65584 65632 65728 81936 114688 131712 196736 229376 263680 265216 296960 393728 425984
1 7 896 16389 16396 16408 38912 40961 45056 49153 65584 65632 65728 81936 114688 132608 134144 165888 229376 262784 327808 393728 458752
1 7 896 16389 16396 16408 38912 40961 45056 49153 65584 65632 65728 81936 114688 134144 165888 229376 262784 263680 327808 394240 458752
1 7 896 16389 16396 16408 38912 40961 45056 49153 65584 65632 81936 114688 131264 131712 196672 229376 263680 265216 296960 393728 425984
1 7 896 16389 16396 16408 38912 40961 45056 49153 65584 65632 81936 114688 132608 134144 165888 229376 262336 262784 327744 393728 458752
1 7 896 16389 16396 16408 38912 40961 45056 49153 65728 66176 114688 132608 134144 165888 197120 229376 262192 262240 278544 327744 344064
1 7 896 16389 16396 16408 38912 40961 45056 49153 66176 67072 114688 134144 165888 197632 229376 262192 262240 262336 278544 327808 344064
1 7 896 16389 16396 16408 38912 40961 45056 49153 66176 114688 132608 134144 165888 197120 229376 262192 262240 262336 278544 327808 344064
1 7 896 16389 16396 16408 38912 40961 45056 49153 67072 68608 100352 114688 131264 131712 197120 212992 262192 262240 278544 393280 409600
1 7 896 16389 16396 16408 38912 40961 45056 49153 67072 68608 100352 114688 131264 131712 197120 262192 262240 278544 344064 393280 458752
1 7 896 16389 16396 16408 38912 40961 45056 49153 67072 68608 100352 114688 131712 197120 212992 262192 262240 262336 278544 393344 409600
1 7 896 16389 16396 16408 38912 40961 45056 49153 67072 68608 100352 114688 131712 197120 262192 262240 262336 278544 344064 393344 458752
1 7 896 16389 16396 16408 38912 40961 45056 49153 68608 100352 114688 131712 132608 197632 212992 262192 262240 262336 278544 393344 409600
1 7 896 16389 16396 16408 38912 40961 45056 49153 68608 100352 114688 131712 132608 197632 262192 262240 262336 278544 344064 393344 458752
1 7 896 16389 16396 16408 40961 45056 49153 65584 65632 65728 81936 114688 131712 132608 196736 229376 265216 268288 299008 394240 425984
1 7 896 16389 16396 16408 40961 45056 49153 65584 65632 65728 81936 114688 131712 196736 229376 263680 265216 268288 299008 393728 425984
1 7 896 16389 16396 16408 40961 45056 49153 65584 65632 65728 81936 114688 132608 134144 137216 167936 229376 262784 327808 393728 458752
1 7 896 16389 16396 16408 40961 45056 49153 65584 65632 65728 81936 114688 134144 137216 167936 229376 262784 263680 327808 394240 458752
1 7 896 16389 16396 16408 40961 45056 49153 65584 65632 81936 114688 131264 131712 196672 229376 263680 265216 268288 299008 393728 425984
1 7 896 16389 16396 16408 40961 45056 49153 65584 65632 81936 114688 132608 134144 137216 167936 229376 262336 262784 327744 393728 458752
1 7 896 16389 16396 16408 40961 45056 49153 65728 66176 114688 132608 134144 137216 167936 197120 229376 262192 262240 278544 327744 344064
1 7 896 16389 16396 16408 40961 45056 49153 66176 67072 114688 134144 137216 167936 197632 229376 262192 262240 262336 278544 327808 344064
1 7 896 16389 16396 16408 40961 45056 49153 66176 114688 132608 134144 137216 167936 197120 229376 262192 262240 262336 278544 327808 344064
1 7 896 16389 16396 16408 40961 45056 49153 67072 68608 71680 102400 114688 131264 131712 197120 212992 262192 262240 278544 393280 409600
1 7 896 16389 16396 16408 40961 45056 49153 67072 68608 71680 102400 114688 131264 131712 197120 262192 262240 278544 344064 393280 458752
1 7 896 16389 16396 16408 40961 45056 49153 67072 68608 71680 102400 114688 131712 197120 212992 262192 262240 262336 278544 393344 409600
1 7 896 16389 16396 16408 40961 45056 49153 67072 68608 71680 102400 114688 131712 197120 262192 262240 262336 278544 344064 393344 458752
1 7 896 16389 16396 16408 40961 45056 49153 68608 71680 102400 114688 131712 132608 197632 212992 262192 262240 262336 278544 393344 409600
1 7 896 16389 16396 16408 40961 45056 49153 68608 71680 102400 114688 131712 132608 197632 262192 262240 262336 278544 344064 393344 458752
1 7 896 16389 16396 24577 34304 35840 38912 45056 57344 65728 66176 98816 114688 131096 131120 147464 212992 262240 327744 393248 458752
1 7 896 16389 16396 24577 34304 35840 38912 45056 57344 65728 66176 98816 114688 131096 147464 212992 262192 262240 327744 393232 458752
1 7 896 16389 16396 24577 34304 35840 38912 45056 57344 65728 66176 98816 114688 131120 131168 196672 212992 262168 278536 393232 409600
1 7 896 16389 16396 24577 34304 35840 38912 45056 57344 65728 66176 98816 114688 131168 196672 212992 262168 262192 278536 393248 409600
1 7 896 16389 16396 24577 34304 35840 38912 45056 57344 65728 66176 98816 131096 131120 147464 180224 229376 262240 327744 393248 458752
1 7 896 16389 16396 24577 34304 35840 38912 45056 57344 65728 66176 98816 131096 147464 180224 229376 262192 262240 327744 393232 458752
1 7 896 16389 16396 24577 34304 35840 38912 45056 57344 65728 66176 98816 131120 131168 180224 196672 229376 262168 278536 393232 409600
1 7 896 16389 16396 24577 34304 35840 38912 45056 57344 65728 66176 98816 131120 131168 196672 229376 262168 278536 311296 393232 425984
1 7 896 16389 16396 24577 34304 35840 38912 45056 57344 65728 66176 98816 131168 180224 196672 229376 262168 262192 278536 393248 409600
1 7 896 16389 16396 24577 34304 35840 38912 45056 57344 65728 66176 98816 131168 196672 229376 262168 262192 278536 311296 393248 425984
1 7 896 16389 16396 24577 34304 35840 38912 45056 57344 66176 98816 114688 131096 131120 147464 212992 262240 262336 327808 393248 458752
1 7 896 16389 16396 24577 34304 35840 38912 45056 57344 66176 98816 114688 131168 131264 196736 212992 262168 262192 278536 393248 409600
1 7 896 16389 16396 24577 34304 35840 38912 45056 57344 66176 98816 131096 131120 147464 180224 229376 262240 262336 327808 393248 458752
1 7 896 16389 16396 24577 34304 35840 38912 45056 57344 66176 98816 131168 131264 180224 196736 229376 262168 262192 278536 393248 409600
1 7 896 16389 16396 24577 34304 35840 38912 45056 57344 66176 98816 131168 131264 196736 229376 262168 262192 278536 311296 393248 425984
1 7 896 16389 16396 24577 35840 38912 45056 57344 66176 67072 99328 114688 131120 131168 131264 196736 212992 262168 278536 393232 409600
1 7 896 16389 16396 24577 35840 38912 45056 57344 66176 67072 99328 114688 131120 131168 131264 196736 262168 278536 344064 393232 458752
1 7 896 16389 16396 24577 35840 38912 45056 57344 66176 67072 99328 114688 131168 131264 196736 212992 262168 262192 278536 393248 409600
1 7 896 16389 16396 24577 35840 38912 45056 57344 66176 67072 99328 114688 131168 131264 196736 262168 262192 278536 344064 393248 458752
1 7 896 16389 16396 24577 35840 38912 45056 57344 66176 67072 99328 114688 131264 196736 212992 262168 262192 262240 278536 393280 409600
1 7 896 16389 16396 24577 35840 38912 45056 57344 66176 67072 99328 114688 131264 196736 262168 262192 262240 278536 344064 393280 458752
1 7 896 16389 16396 24577 35840 38912 45056 57344 66176 67072 99328 131120 131168 131264 180224 196736 229376 262168 278536 393232 409600
1 7 896 16389 16396 24577 35840 38912 45056 57344 66176 67072 99328 131120 131168 131264 196736 229376 262168 278536 311296 393232 425984
1 7 896 16389 16396 24577 35840 38912 45056 57344 66176 67072 99328 131120 131168 131264 196736 262168 278536 311296 360448 393232 458752
1 7 896 16389 16396 24577 35840 38912 45056 57344 66176 67072 99328 131168 131264 180224 196736 229376 262168 262192 278536 393248 409600
1 7 896 16389 16396 24577 35840 38912 45056 57344 66176 67072 99328 131168 131264 196736 229376 262168 262192 278536 311296 393248 425984
1 7 896 16389 16396 24577 35840 38912 45056 57344 66176 67072 99328 131168 131264 196736 262168 262192 278536 311296 360448 393248 458752
1 7 896 16389 16396 24577 35840 38912 45056 57344 66176 67072 99328 131264 180224 196736 229376 262168 262192 262240 278536 393280 409600
1 7 896 16389 16396 24577 35840 38912 45056 57344 66176 67072 99328 131264 196736 229376 262168 262192 262240 278536 311296 393280 425984
1 7 896 16389 16396 24577 35840 38912 45056 57344 66176 67072 99328 131264 196736 262168 262192 262240 278536 311296 360448 393280 458752
1 7 896 16389 16396 34304 35840 38912 40961 45056 49153 65560 65584 81928 114688 131168 131264 196640 229376 262784 295424 393344 425984
1 7 896 16389 16396 34304 35840 38912 40961 45056 49153 65560 65584 81928 114688 131168 196640 229376 262336 262784 295424 393280 425984
1 7 896 16389 16396 34304 35840 38912 40961 45056 49153 65560 65584 81928 114688 131264 131712 164352 229376 262240 327712 393280 458752
1 7 896 16389 16396 34304 35840 38912 40961 45056 49153 65560 65584 81928 114688 131712 164352 229376 262240 262336 327712 393344 458752
1 7 896 16389 16396 34304 35840 38912 40961 45056 49153 65560 81928 114688 131264 131712 164352 229376 262192 262240 327696 393280 458752
1 7 896 16389 16396 34304 35840 38912 40961 45056 49153 65632 65728 114688 131712 164352 196736 229376 262168 262192 278536 327712 344064
1 7 896 16389 16396 34304 35840 38912 40961 45056 49153 65728 66176 98816 114688 131120 131168 196672 212992 262168 278536 393232 409600
1 7 896 16389 16396 34304 35840 38912 40961 45056 49153 65728 66176 98816 114688 131120 131168 196672 262168 278536 344064 393232 458752
1 7 896 16389 16396 34304 35840 38912 40961 45056 49153 66176 98816 114688 131168 131264 196736 212992 262168 262192 278536 393248 409600
1 7 896 16389 16396 34304 35840 38912 40961 45056 49153 66176 98816 114688 131168 131264 196736 262168 262192 278536 344064 393248 458752
1 7 896 16389 16396 35840 38912 40961 45056 49153 65560 65584 81928 114688 131168 131264 196640 229376 262784 263680 295936 393344 425984
1 7 896 16389 16396 35840 38912 40961 45056 49153 65560 65584 81928 114688 131712 132608 164864 229376 262240 262336 327712 393344 458752
1 7 896 16389 16396 35840 38912 40961 45056 49153 65560 81928 114688 131120 131168 131264 196624 229376 262784 263680 295936 393344 425984
1 7 896 16389 16396 35840 38912 40961 45056 49153 65560 81928 114688 131712 132608 164864 229376 262192 262240 262336 327696 393344 458752
1 7 896 16389 16396 35840 38912 40961 45056 49153 65584 65632 65728 114688 131712 132608 164864 196736 229376 262168 278536 327696 344064
1 7 896 16389 16396 35840 38912 40961 45056 49153 65632 65728 114688 131712 132608 164864 196736 229376 262168 262192 278536 327712 344064
1 7 896 16389 16396 35840 38912 40961 45056 49153 66176 67072 99328 114688 131120 131168 131264 196736 212992 262168 278536 393232 409600
1 7 896 16389 16396 35840 38912 40961 45056 49153 66176 67072 99328 114688 131120 131168 131264 196736 262168 278536 344064 393232 458752
1 7 896 16389 16396 35840 38912 40961 45056 49153 66176 67072 99328 114688 131168 131264 196736 212992 262168 262192 278536 393248 409600
1 7 896 16389 16396 35840 38912 40961 45056 49153 66176 67072 99328 114688 131168 131264 196736 262168 262192 278536 344064 393248 458752
1 7 896 16389 16396 38912 40961 45056 49153 65560 65584 65632 65728 81928 114688 131712 196736 229376 263680 265216 296960 393728 425984
1 7 896 16389 16396 38912 40961 45056 49153 65560 65584 65632 65728 81928 114688 132608 134144 165888 229376 262784 327808 393728 458752
1 7 896 16389 16396 38912 40961 45056 49153 65560 65584 65632 81928 114688 131264 131712 196672 229376 263680 265216 296960 393728 425984
1 7 896 16389 16396 38912 40961 45056 49153 65560 65584 65632 81928 114688 132608 134144 165888 229376 262336 262784 327744 393728 458752
1 7 896 16389 16396 38912 40961 45056 49153 65728 66176 114688 132608 134144 165888 197120 229376 262168 262192 262240 278536 327744 344064
1 7 896 16389 16396 38912 40961 45056 49153 66176 114688 132608 134144 165888 197120 229376 262168 262192 262240 262336 278536 327808 344064
1 7 896 16389 16396 38912 40961 45056 49153 67072 68608 100352 114688 131264 131712 197120 212992 262168 262192 262240 278536 393280 409600
1 7 896 16389 16396 38912 40961 45056 49153 67072 68608 100352 114688 131264 131712 197120 262168 262192 262240 278536 344064 393280 458752
1 7 896 16389 16396 38912 40961 45056 49153 67072 68608 100352 114688 131712 197120 212992 262168 262192 262240 262336 278536 393344 409600
1 7 896 16389 16396 38912 40961 45056 49153 67072 68608 100352 114688 131712 197120 262168 262192 262240 262336 278536 344064 393344 458752
1 7 16389 16396 16408 16432 38912 40961 45056 49153 65632 65728 65920 81952 114688 131840 132608 196864 229376 265216 296960 394240 425984
1 7 16389 16396 16408 16432 38912 40961 45056 49153 65632 65728 65920 81952 114688 131840 196864 229376 263680 265216 296960 393728 425984
1 7 16389 16396 16408 16432 38912 40961 45056 49153 65632 65728 65920 81952 114688 132608 134144 165888 229376 262912 327936 393728 458752
1 7 16389 16396 16408 16432 38912 40961 45056 49153 65632 65728 65920 81952 114688 134144 165888 229376 262912 263680 327936 394240 458752
1 7 16389 16396 16408 16432 38912 40961 45056 49153 65632 65728 81952 114688 131456 131840 196736 229376 263680 265216 296960 393728 425984
1 7 16389 16396 16408 16432 38912 40961 45056 49153 65632 65728 81952 114688 132608 134144 165888 229376 262528 262912 327808 393728 458752
1 7 16389 16396 16408 16432 38912 40961 45056 49153 65920 66304 114688 132608 134144 165888 197120 229376 262240 262336 278560 327808 344064
1 7 16389 16396 16408 16432 38912 40961 45056 49153 66304 67072 114688 134144 165888 197632 229376 262240 262336 262528 278560 327936 344064
1 7 16389 16396 16408 16432 38912 40961 45056 49153 66304 114688 132608 134144 165888 197120 229376 262240 262336 262528 278560 327936 344064
1 7 16389 16396 16408 16432 38912 40961 45056 49153 67072 68608 100352 114688 131456 131840 197120 212992 262240 262336 278560 393344 409600
1 7 16389 16396 16408 16432 38912 40961 45056 49153 67072 68608 100352 114688 131456 131840 197120 262240 262336 278560 344064 393344 458752
1 7 16389 16396 16408 16432 38912 40961 45056 49153 67072 68608 100352 114688 131840 197120 212992 262240 262336 262528 278560 393472 409600
1 7 16389 16396 16408 16432 38912 40961 45056 49153 67072 68608 100352 114688 131840 197120 262240 262336 262528 278560 344064 393472 458752
1 7 16389 16396 16408 16432 38912 40961 45056 49153 68608 100352 114688 131840 132608 197632 212992 262240 262336 262528 278560 393472 409600
1 7 16389 16396 16408 16432 38912 40961 45056 49153 68608 100352 114688 131840 132608 197632 262240 262336 262528 278560 344064 393472 458752
1 7 16389 16396 16408 16432 40961 45056 49153 65632 65728 65920 81952 114688 131840 132608 196864 229376 265216 268288 299008 394240 425984
1 7 16389 16396 16408 16432 40961 45056 49153 65632 65728 65920 81952 114688 134144 137216 167936 229376 262912 263680 327936 394240 458752
1 7 16389 16396 16408 16432 40961 45056 49153 66304 67072 114688 134144 137216 167936 197632 229376 262240 262336 262528 278560 327936 344064
1 7 16389 16396 16408 16432 40961 45056 49153 68608 71680 102400 114688 131840 132608 197632 212992 262240 262336 262528 278560 393472 409600
1 7 16389 16396 16408 16432 40961 45056 49153 68608 71680 102400 114688 131840 132608 197632 262240 262336 262528 278560 344064 393472 458752
1 7 16389 16396 16408 24577 35840 38912 45056 57344 66304 67072 99328 114688 131264 131456 196864 212992 262192 262240 278544 393280 409600
1 7 16389 16396 16408 24577 35840 38912 45056 57344 66304 67072 99328 114688 131264 131456 196864 262192 262240 278544 344064 393280 458752
1 7 16389 16396 16408 24577 35840 38912 45056 57344 66304 67072 99328 114688 131456 196864 212992 262192 262240 262336 278544 393344 409600
1 7 16389 16396 16408 24577 35840 38912 45056 57344 66304 67072 99328 114688 131456 196864 262192 262240 262336 278544 344064 393344 458752
1 7 16389 16396 16408 24577 35840 38912 45056 57344 66304 67072 99328 131264 131456 180224 196864 229376 262192 262240 278544 393280 409600
1 7 16389 16396 16408 24577 35840 38912 45056 57344 66304 67072 99328 131264 131456 196864 229376 262192 262240 278544 311296 393280 425984
1 7 16389 16396 16408 24577 35840 38912 45056 57344 66304 67072 99328 131264 131456 196864 262192 262240 278544 311296 360448 393280 458752
1 7 16389 16396 16408 24577 35840 38912 45056 57344 66304 67072 99328 131456 180224 196864 229376 262192 262240 262336 278544 393344 409600
1 7 16389 16396 16408 24577 35840 38912 45056 57344 66304 67072 99328 131456 196864 229376 262192 262240 262336 278544 311296 393344 425984
1 7 16389 16396 16408 24577 35840 38912 45056 57344 66304 67072 99328 131456 196864 262192 262240 262336 278544 311296 360448 393344 458752
1 7 16389 16396 16408 24577 35840 38912 45056 57344 67072 99328 114688 131456 131840 197120 212992 262192 262240 262336 278544 393344 409600
1 7 16389 16396 16408 24577 35840 38912 45056 57344 67072 99328 114688 131456 131840 197120 262192 262240 262336 278544 344064 393344 458752
1 7 16389 16396 16408 24577 35840 38912 45056 57344 67072 99328 131456 131840 180224 197120 229376 262192 262240 262336 278544 393344 409600
1 7 16389 16396 16408 24577 35840 38912 45056 57344 67072 99328 131456 131840 197120 229376 262192 262240 262336 278544 311296 393344 425984
1 7 16389 16396 16408 24577 35840 38912 45056 57344 67072 99328 131456 131840 197120 262192 262240 262336 278544 311296 360448 393344 458752
1 7 16389 16396 16408 24577 38912 45056 57344 67072 68608 100352 114688 131120 131168 131264 147472 212992 262528 262912 328192 393344 458752
1 7 16389 16396 16408 24577 38912 45056 57344 67072 68608 100352 114688 131456 131840 197120 212992 262192 262240 262336 278544 393344 409600
1 7 16389 16396 16408 24577 38912 45056 57344 67072 68608 100352 131120 131168 131264 147472 180224 229376 262528 262912 328192 393344 458752
1 7 16389 16396 16408 24577 38912 45056 57344 67072 68608 100352 131456 131840 180224 197120 229376 262192 262240 262336 278544 393344 409600
1 7 16389 16396 16408 24577 38912 45056 57344 67072 68608 100352 131456 131840 197120 229376 262192 262240 262336 278544 311296 393344 425984
1 7 16389 16396 16408 35840 36865 38912 49153 65584 65632 65728 81936 114688 131456 131840 132608 164864 196736 229376 266241 270337 274432
1 7 16389 16396 16408 35840 36865 38912 49153 65920 66304 67072 99328 114688 131120 131168 131264 147472 196736 212992 266241 270337 274432
1 7 16389 16396 16408 35840 38912 40961 45056 49153 65584 65632 65728 81936 114688 131456 131840 132608 164864 229376 327808 393344 458752
1 7 16389 16396 16408 35840 38912 40961 45056 49153 65584 65632 65728 81936 114688 131456 131840 132608 196736 229376 295936 394240 425984
1 7 16389 16396 16408 35840 38912 40961 45056 49153 65584 65632 65728 81936 114688 131456 131840 164864 196736 229376 263680 393728 394240
1 7 16389 16396 16408 35840 38912 40961 45056 49153 65584 65632 65728 81936 114688 131456 131840 196736 229376 263680 295936 393728 425984
1 7 16389 16396 16408 35840 38912 40961 45056 49153 65584 65632 65728 81936 114688 131456 132352 164864 196736 229376 262912 263424 263680
1 7 16389 16396 16408 35840 38912 40961 45056 49153 65584 65632 65728 81936 114688 131456 132608 164864 196736 229376 262912 393472 393728
1 7 16389 16396 16408 35840 38912 40961 45056 49153 65584 65632 65728 81936 114688 131456 164864 196736 229376 262912 263680 393472 394240
1 7 16389 16396 16408 35840 38912 40961 45056 49153 65584 65632 65728 81936 114688 131456 196736 229376 262912 263680 295936 393472 425984
1 7 16389 16396 16408 35840 38912 40961 45056 49153 65584 65632 65728 81936 114688 131840 132608 164864 196736 229376 262528 393344 393472
1 7 16389 16396 16408 35840 38912 40961 45056 49153 65584 65632 65728 81936 114688 131840 132608 164864 229376 262528 327808 393472 458752
1 7 16389 16396 16408 35840 38912 40961 45056 49153 65584 65632 65728 81936 114688 132608 164864 196736 229376 262528 262912 393344 393728
1 7 16389 16396 16408 35840 38912 40961 45056 49153 65584 65632 65728 81936 114688 132608 164864 229376 262528 262912 327808 393728 458752
1 7 16389 16396 16408 35840 38912 40961 45056 49153 65584 65632 65728 81936 114688 164864 196736 229376 262528 262912 263680 393344 394240
1 7 16389 16396 16408 35840 38912 40961 45056 49153 65584 65632 65728 81936 114688 164864 229376 262528 262912 263680 327808 394240 458752
1 7 16389 16396 16408 35840 38912 40961 45056 49153 65584 65632 65728 81936 114688 196736 229376 262528 262912 263680 295936 393344 425984
1 7 16389 16396 16408 35840 38912 40961 45056 49153 65584 65632 65728 81936 114688 229376 262528 262912 263680 295936 327808 425984 458752
1 7 16389 16396 16408 35840 38912 40961 45056 49153 65584 65632 65728 114688 131456 131840 132608 164864 196736 229376 278544 327696 344064
1 7 16389 16396 16408 35840 38912 40961 45056 49153 65584 65632 81936 114688 131264 131456 131840 196672 229376 263680 295936 393728 425984
1 7 16389 16396 16408 35840 38912 40961 45056 49153 65584 65632 81936 114688 131264 131456 196672 229376 262912 263680 295936 393472 425984
1 7 16389 16396 16408 35840 38912 40961 45056 49153 65584 65632 81936 114688 131264 196672 229376 262528 262912 263680 295936 393344 425984
1 7 16389 16396 16408 35840 38912 40961 45056 49153 65584 65632 81936 114688 131456 131840 132608 164864 196736 229376 262336 327744 327808
1 7 16389 16396 16408 35840 38912 40961 45056 49153 65584 65632 81936 114688 131456 131840 132608 164864 229376 262336 327744 393344 458752
1 7 16389 16396 16408 35840 38912 40961 45056 49153 65584 65632 81936 114688 131840 132608 164864 229376 262336 262528 327744 393472 458752
1 7 16389 16396 16408 35840 38912 40961 45056 49153 65584 65632 81936 114688 132608 164864 229376 262336 262528 262912 327744 393728 458752
1 7 16389 16396 16408 35840 38912 40961 45056 49153 65584 65728 81936 114688 131456 131840 132608 164864 196736 229376 262240 327712 327744
1 7 16389 16396 16408 35840 38912 40961 45056 49153 65584 81936 114688 131168 131264 131456 196640 229376 262912 263680 295936 393472 425984
1 7 16389 16396 16408 35840 38912 40961 45056 49153 65584 81936 114688 131168 131264 196640 229376 262528 262912 263680 295936 393344 425984
1 7 16389 16396 16408 35840 38912 40961 45056 49153 65584 81936 114688 131456 131840 132608 164864 196736 229376 262240 262336 327712 327808
1 7 16389 16396 16408 35840 38912 40961 45056 49153 65584 81936 114688 131456 131840 132608 164864 229376 262240 262336 327712 393344 458752
1 7 16389 16396 16408 35840 38912 40961 45056 49153 65584 81936 114688 131840 132608 164864 229376 262240 262336 262528 327712 393472 458752
1 7 16389 16396 16408 35840 38912 40961 45056 49153 65616 65728 81936 114688 131456 131840 132608 164864 196736 229376 262192 262224 262240
1 7 16389 16396 16408 35840 38912 40961 45056 49153 65632 65728 65920 114688 131840 132608 164864 196864 229376 262192 278544 327712 344064
1 7 16389 16396 16408 35840 38912 40961 45056 49153 65632 65728 81936 114688 131456 131840 132608 164864 196736 229376 262192 327696 327712
1 7 16389 16396 16408 35840 38912 40961 45056 49153 65632 65728 114688 131456 131840 132608 164864 196736 229376 262192 278544 327712 344064
1 7 16389 16396 16408 35840 38912 40961 45056 49153 65728 65920 66304 114688 132608 164864 197120 229376 262192 262240 278544 327744 344064
1 7 16389 16396 16408 35840 38912 40961 45056 49153 65728 65920 114688 131840 132608 164864 196864 229376 262192 262240 278544 327744 344064
1 7 16389 16396 16408 35840 38912 40961 45056 49153 65728 81936 114688 131456 131840 132608 164864 196736 229376 262192 262240 327696 327744
1 7 16389 16396 16408 35840 38912 40961 45056 49153 65728 114688 131456 131840 132608 164864 196736 229376 262192 262240 278544 327744 344064
1 7 16389 16396 16408 35840 38912 40961 45056 49153 65920 66304 67072 99328 114688 131120 131168 131264 147472 196736 344064 409600 458752
1 7 16389 16396 16408 35840 38912 40961 45056 49153 65920 66304 67072 99328 114688 131120 131168 131264 196736 212992 278544 393232 409600
1 7 16389 16396 16408 35840 38912 40961 45056 49153 65920 66304 67072 99328 114688 131120 131168 131264 196736 278544 344064 393232 458752
1 7 16389 16396 16408 35840 38912 40961 45056 49153 65920 66304 67072 99328 114688 131120 131168 147472 196736 212992 262336 393280 393344
1 7 16389 16396 16408 35840 38912 40961 45056 49153 65920 66304 67072 99328 114688 131120 131264 147472 196736 212992 262240 393248 393280
1 7 16389 16396 16408 35840 38912 40961 45056 49153 65920 66304 67072 99328 114688 131120 147472 196736 212992 262240 262336 393248 393344
1 7 16389 16396 16408 35840 38912 40961 45056 49153 65920 66304 67072 99328 114688 131152 131264 147472 196736 212992 262192 262224 262240
1 7 16389 16396 16408 35840 38912 40961 45056 49153 65920 66304 67072 99328 114688 131168 131264 147472 196736 212992 262192 393232 393248
1 7 16389 16396 16408 35840 38912 40961 45056 49153 65920 66304 67072 99328 114688 131168 131264 196736 212992 262192 278544 393248 409600
1 7 16389 16396 16408 35840 38912 40961 45056 49153 65920 66304 67072 99328 114688 131168 131264 196736 262192 278544 344064 393248 458752
1 7 16389 16396 16408 35840 38912 40961 45056 49153 65920 66304 67072 99328 114688 131264 147472 196736 212992 262192 262240 393232 393280
1 7 16389 16396 16408 35840 38912 40961 45056 49153 65920 66304 67072 99328 114688 131264 196736 212992 262192 262240 278544 393280 409600
1 7 16389 16396 16408 35840 38912 40961 45056 49153 65920 66304 67072 99328 114688 131264 196736 262192 262240 278544 344064 393280 458752
1 7 16389 16396 16408 35840 38912 40961 45056 49153 65920 66304 67072 99328 114688 147472 196736 212992 262192 262240 262336 393232 393344
1 7 16389 16396 16408 35840 38912 40961 45056 49153 65920 66304 67072 99328 114688 196736 212992 262192 262240 262336 278544 393344 409600
1 7 16389 16396 16408 35840 38912 40961 45056 49153 65920 66304 67072 99328 114688 196736 262192 262240 262336 278544 344064 393344 458752
1 7 16389 16396 16408 35840 38912 40961 45056 49153 65920 66304 67072 114688 164864 197632 229376 262192 262240 262336 278544 327808 344064
1 7 16389 16396 16408 35840 38912 40961 45056 49153 65920 66304 99328 114688 132608 197120 197632 262192 262240 262336 278544 327808 344064
1 7 16389 16396 16408 35840 38912 40961 45056 49153 65920 66304 114688 132608 164864 197120 229376 262192 262240 262336 278544 327808 344064
1 7 16389 16396 16408 35840 38912 40961 45056 49153 65920 66816 99328 114688 131840 132352 132608 262192 262240 262336 278544 327808 344064
1 7 16389 16396 16408 35840 38912 40961 45056 49153 65920 67072 99328 114688 131840 196864 197120 262192 262240 262336 278544 327808 344064
1 7 16389 16396 16408 35840 38912 40961 45056 49153 65920 99328 114688 131840 132608 196864 197632 262192 262240 262336 278544 327808 344064
1 7 16389 16396 16408 35840 38912 40961 45056 49153 65920 114688 131840 132608 164864 196864 229376 262192 262240 262336 278544 327808 344064
1 7 16389 16396 16408 35840 38912 40961 45056 49153 66304 67072 99328 114688 131168 131264 131456 196864 212992 262192 278544 393248 409600
1 7 16389 16396 16408 35840 38912 40961 45056 49153 66304 67072 99328 114688 131168 131264 131456 196864 262192 278544 344064 393248 458752
1 7 16389 16396 16408 35840 38912 40961 45056 49153 66304 67072 99328 114688 131264 131456 196864 212992 262192 262240 278544 393280 409600
1 7 16389 16396 16408 35840 38912 40961 45056 49153 66304 67072 99328 114688 131264 131456 196864 262192 262240 278544 344064 393280 458752
1 7 16389 16396 16408 35840 38912 40961 45056 49153 66304 67072 99328 114688 131456 196736 196864 262192 262240 262336 278544 327808 344064
1 7 16389 16396 16408 35840 38912 40961 45056 49153 66304 67072 99328 114688 131456 196864 212992 262192 262240 262336 278544 393344 409600
1 7 16389 16396 16408 35840 38912 40961 45056 49153 66304 67072 99328 114688 131456 196864 262192 262240 262336 278544 344064 393344 458752
1 7 16389 16396 16408 35840 38912 40961 45056 49153 67072 99328 114688 131264 131456 131840 197120 212992 262192 262240 278544 393280 409600
1 7 16389 16396 16408 35840 38912 40961 45056 49153 67072 99328 114688 131264 131456 131840 197120 262192 262240 278544 344064 393280 458752
1 7 16389 16396 16408 35840 38912 40961 45056 49153 67072 99328 114688 131456 131840 196736 197120 262192 262240 262336 278544 327808 344064
1 7 16389 16396 16408 35840 38912 40961 45056 49153 67072 99328 114688 131456 131840 197120 212992 262192 262240 262336 278544 393344 409600
1 7 16389 16396 16408 35840 38912 40961 45056 49153 67072 99328 114688 131456 131840 197120 262192 262240 262336 278544 344064 393344 458752
1 7 16389 16396 16408 35840 38912 40961 45056 49153 81936 114688 131120 131168 131264 196624 229376 262528 262912 263680 295936 393344 425984
1 7 16389 16396 16408 35840 38912 40961 45056 49153 81936 114688 131456 131840 132608 164864 196736 229376 262192 262240 262336 327696 327808
1 7 16389 16396 16408 35840 38912 40961 45056 49153 81936 114688 131456 131840 132608 164864 229376 262192 262240 262336 327696 393344 458752
1 7 16389 16396 16408 35840 38912 40961 45056 49153 99328 114688 131456 131840 132608 196736 197632 262192 262240 262336 278544 327808 344064
1 7 16389 16396 16408 35840 38912 40961 45056 49153 99328 114688 131456 131840 132608 197632 212992 262192 262240 262336 278544 393344 409600
1 7 16389 16396 16408 35840 38912 40961 45056 49153 99328 114688 131456 131840 132608 197632 262192 262240 262336 278544 344064 393344 458752
1 7 16389 16396 16408 35840 38912 40961 45056 49153 114688 131120 131168 131264 147472 212992 229376 262528 262912 263680 295936 393344 425984
1 7 16389 16396 16408 35840 38912 40961 45056 49153 114688 131456 131840 132608 164864 196736 229376 262192 262240 262336 278544 327808 344064
1 7 16389 16396 16408 35840 38912 40961 45056 49153 114688 131456 131840 132608 164864 212992 229376 262192 262240 262336 278544 393344 409600
1 7 16389 16396 16408 35840 38912 40961 45056 49153 114688 131456 131840 132608 164864 229376 262192 262240 262336 278544 344064 393344 458752
1 7 16389 16396 16408 35840 38912 40961 49153 65584 65632 65728 81936 114688 131456 131840 132608 164864 196736 229376 274432 299008 303104
1 7 16389 16396 16408 35840 38912 40961 49153 65920 66304 67072 99328 114688 131120 131168 131264 147472 196736 212992 274432 299008 303104
1 7 16389 16396 16408 35840 38912 45056 49153 65584 65632 65728 81936 114688 131456 131840 132608 164864 196736 229376 270337 294913 303104
1 7 16389 16396 16408 35840 38912 45056 49153 65920 66304 67072 99328 114688 131120 131168 131264 147472 196736 212992 270337 294913 303104
1 7 16389 16396 16408 35840 38912 49153 65584 65632 65728 81936 114688 131456 131840 132608 164864 196736 229376 270337 274432 294913 299008
1 7 16389 16396 16408 35840 38912 49153 65920 66304 67072 99328 114688 131120 131168 131264 147472 196736 212992 270337 274432 294913 299008
1 7 16389 16396 16408 35840 40961 45056 49153 65584 65632 65728 81936 114688 131456 131840 132608 164864 196736 229376 268288 296960 299008
1 7 16389 16396 16408 35840 40961 45056 49153 65920 66304 67072 99328 114688 131120 131168 131264 147472 196736 212992 268288 296960 299008
1 7 16389 16396 16408 35840 40961 49153 65584 65632 65728 81936 114688 131456 131840 132608 164864 196736 229376 268288 274432 296960 303104
1 7 16389 16396 16408 35840 40961 49153 65920 66304 67072 99328 114688 131120 131168 131264 147472 196736 212992 268288 274432 296960 303104
1 7 16389 16396 16408 35840 49153 65584 65632 65728 81936 114688 131456 131840 132608 164864 196736 229376 268288 270337 274432 294913 296960
1 7 16389 16396 16408 35840 49153 65920 66304 67072 99328 114688 131120 131168 131264 147472 196736 212992 268288 270337 274432 294913 296960
1 7 16389 16396 16408 37888 40961 45056 49153 65584 65632 65728 81936 114688 131456 131840 132608 164864 196736 229376 265216 267264 268288
1 7 16389 16396 16408 37888 40961 45056 49153 65920 66304 67072 99328 114688 131120 131168 131264 147472 196736 212992 265216 267264 268288
1 7 16389 16396 16408 38912 40961 45056 49153 65584 65632 65728 65920 81936 114688 131840 132608 134144 165888 229376 327936 393472 458752
1 7 16389 16396 16408 38912 40961 45056 49153 65584 65632 65728 65920 81936 114688 131840 132608 134144 196864 229376 296960 395264 425984
1 7 16389 16396 16408 38912 40961 45056 49153 65584 65632 65728 65920 81936 114688 131840 132608 165888 196864 229376 265216 394240 395264
1 7 16389 16396 16408 38912 40961 45056 49153 65584 65632 65728 65920 81936 114688 131840 132608 196864 229376 265216 296960 394240 425984
1 7 16389 16396 16408 38912 40961 45056 49153 65584 65632 65728 65920 81936 114688 131840 134144 165888 196864 229376 263680 393728 394240
1 7 16389 16396 16408 38912 40961 45056 49153 65584 65632 65728 65920 81936 114688 131840 165888 196864 229376 263680 265216 393728 395264
1 7 16389 16396 16408 38912 40961 45056 49153 65584 65632 65728 65920 81936 114688 131840 196864 229376 263680 265216 296960 393728 425984
1 7 16389 16396 16408 38912 40961 45056 49153 65584 65632 65728 65920 81936 114688 132352 134144 165888 196864 229376 262912 263424 263680
1 7 16389 16396 16408 38912 40961 45056 49153 65584 65632 65728 65920 81936 114688 132608 134144 165888 196864 229376 262912 393472 393728
1 7 16389 16396 16408 38912 40961 45056 49153 65584 65632 65728 65920 81936 114688 132608 134144 165888 229376 262912 327936 393728 458752
1 7 16389 16396 16408 38912 40961 45056 49153 65584 65632 65728 65920 81936 114688 134144 165888 196864 229376 262912 263680 393472 394240
1 7 16389 16396 16408 38912 40961 45056 49153 65584 65632 65728 65920 81936 114688 134144 165888 229376 262912 263680 327936 394240 458752
1 7 16389 16396 16408 38912 40961 45056 49153 65584 65632 65728 65920 81936 114688 165888 196864 229376 262912 263680 265216 393472 395264
1 7 16389 16396 16408 38912 40961 45056 49153 65584 65632 65728 65920 81936 114688 165888 229376 262912 263680 265216 327936 395264 458752
1 7 16389 16396 16408 38912 40961 45056 49153 65584 65632 65728 65920 81936 114688 196864 229376 262912 263680 265216 296960 393472 425984
1 7 16389 16396 16408 38912 40961 45056 49153 65584 65632 65728 65920 81936 114688 229376 262912 263680 265216 296960 327936 425984 458752
1 7 16389 16396 16408 38912 40961 45056 49153 65584 65632 65728 65920 114688 131840 132608 134144 165888 196864 229376 278544 327696 344064
1 7 16389 16396 16408 38912 40961 45056 49153 65584 65632 65728 81936 114688 131456 131840 132608 164864 196736 229376 265216 295936 296960
1 7 16389 16396 16408 38912 40961 45056 49153 65584 65632 65728 81936 114688 131456 131840 132608 196736 229376 265216 296960 394240 425984
1 7 16389 16396 16408 38912 40961 45056 49153 65584 65632 65728 81936 114688 131456 131840 196736 229376 263680 265216 296960 393728 425984
1 7 16389 16396 16408 38912 40961 45056 49153 65584 65632 65728 81936 114688 131456 196736 229376 262912 263680 265216 296960 393472 425984
1 7 16389 16396 16408 38912 40961 45056 49153 65584 65632 65728 81936 114688 131840 132608 134144 165888 196864 229376 262528 327808 327936
1 7 16389 16396 16408 38912 40961 45056 49153 65584 65632 65728 81936 114688 131840 132608 134144 165888 229376 262528 327808 393472 458752
1 7 16389 16396 16408 38912 40961 45056 49153 65584 65632 65728 81936 114688 132608 134144 165888 229376 262528 262912 327808 393728 458752
1 7 16389 16396 16408 38912 40961 45056 49153 65584 65632 65728 81936 114688 134144 165888 229376 262528 262912 263680 327808 394240 458752
1 7 16389 16396 16408 38912 40961 45056 49153 65584 65632 65856 81936 114688 131840 132608 134144 165888 196864 229376 262336 262464 262528
1 7 16389 16396 16408 38912 40961 45056 49153 65584 65632 65920 81936 114688 131840 132608 134144 165888 196864 229376 262336 327744 327808
1 7 16389 16396 16408 38912 40961 45056 49153 65584 65632 81936 114688 131264 131456 131840 196672 229376 263680 265216 296960 393728 425984
1 7 16389 16396 16408 38912 40961 45056 49153 65584 65632 81936 114688 131264 131456 196672 229376 262912 263680 265216 296960 393472 425984
1 7 16389 16396 16408 38912 40961 45056 49153 65584 65632 81936 114688 131840 132608 134144 165888 196864 229376 262336 262528 327744 327936
1 7 16389 16396 16408 38912 40961 45056 49153 65584 65632 81936 114688 131840 132608 134144 165888 229376 262336 262528 327744 393472 458752
1 7 16389 16396 16408 38912 40961 45056 49153 65584 65632 81936 114688 132608 134144 165888 229376 262336 262528 262912 327744 393728 458752
1 7 16389 16396 16408 38912 40961 45056 49153 65584 65728 65920 81936 114688 131840 132608 134144 165888 196864 229376 262240 327712 327744
1 7 16389 16396 16408 38912 40961 45056 49153 65584 65920 81936 114688 131840 132608 134144 165888 196864 229376 262240 262336 327712 327808
1 7 16389 16396 16408 38912 40961 45056 49153 65584 81936 114688 131168 131264 131456 196640 229376 262912 263680 265216 296960 393472 425984
1 7 16389 16396 16408 38912 40961 45056 49153 65584 81936 114688 131840 132608 134144 165888 196864 229376 262240 262336 262528 327712 327936
1 7 16389 16396 16408 38912 40961 45056 49153 65584 81936 114688 131840 132608 134144 165888 229376 262240 262336 262528 327712 393472 458752
1 7 16389 16396 16408 38912 40961 45056 49153 65616 65728 65920 81936 114688 131840 132608 134144 165888 196864 229376 262192 262224 262240
1 7 16389 16396 16408 38912 40961 45056 49153 65632 65728 65920 81936 114688 131840 132608 134144 165888 196864 229376 262192 327696 327712
1 7 16389 16396 16408 38912 40961 45056 49153 65632 65728 65920 114688 131840 132608 134144 165888 196864 229376 262192 278544 327712 344064
1 7 16389 16396 16408 38912 40961 45056 49153 65728 65920 66304 114688 132608 134144 165888 197120 229376 262192 262240 278544 327744 344064
1 7 16389 16396 16408 38912 40961 45056 49153 65728 65920 81936 114688 131840 132608 134144 165888 196864 229376 262192 262240 327696 327744
1 7 16389 16396 16408 38912 40961 45056 49153 65728 65920 114688 131840 132608 134144 165888 196864 229376 262192 262240 278544 327744 344064
1 7 16389 16396 16408 38912 40961 45056 49153 65920 66304 67072 99328 114688 131120 131168 131264 147472 196736 212992 265216 295936 296960
1 7 16389 16396 16408 38912 40961 45056 49153 65920 66304 67072 114688 134144 165888 197632 229376 262192 262240 262336 278544 327808 344064
1 7 16389 16396 16408 38912 40961 45056 49153 65920 66304 114688 132608 134144 165888 197120 229376 262192 262240 262336 278544 327808 344064
1 7 16389 16396 16408 38912 40961 45056 49153 65920 81936 114688 131840 132608 134144 165888 196864 229376 262192 262240 262336 327696 327808
1 7 16389 16396 16408 38912 40961 45056 49153 65920 114688 131840 132608 134144 165888 196864 229376 262192 262240 262336 278544 327808 344064
1 7 16389 16396 16408 38912 40961 45056 49153 66304 67072 68608 100352 114688 131120 131168 131264 131456 147472 196864 344064 409600 458752
1 7 16389 16396 16408 38912 40961 45056 49153 66304 67072 68608 100352 114688 131120 131168 131264 131456 196864 212992 278544 393232 409600
1 7 16389 16396 16408 38912 40961 45056 49153 66304 67072 68608 100352 114688 131120 131168 131264 131456 196864 278544 344064 393232 458752
1 7 16389 16396 16408 38912 40961 45056 49153 66304 67072 68608 100352 114688 131120 131168 131264 147472 196864 212992 262528 393344 393472
1 7 16389 16396 16408 38912 40961 45056 49153 66304 67072 68608 100352 114688 131120 131168 131392 147472 196864 212992 262336 262464 262528
1 7 16389 16396 16408 38912 40961 45056 49153 66304 67072 68608 100352 114688 131120 131168 131456 147472 196864 212992 262336 393280 393344
1 7 16389 16396 16408 38912 40961 45056 49153 66304 67072 68608 100352 114688 131120 131168 147472 196864 212992 262336 262528 393280 393472
1 7 16389 16396 16408 38912 40961 45056 49153 66304 67072 68608 100352 114688 131120 131264 131456 147472 196864 212992 262240 393248 393280
1 7 16389 16396 16408 38912 40961 45056 49153 66304 67072 68608 100352 114688 131120 131456 147472 196864 212992 262240 262336 393248 393344
1 7 16389 16396 16408 38912 40961 45056 49153 66304 67072 68608 100352 114688 131120 147472 196864 212992 262240 262336 262528 393248 393472
1 7 16389 16396 16408 38912 40961 45056 49153 66304 67072 68608 100352 114688 131152 131264 131456 147472 196864 212992 262192 262224 262240
1 7 16389 16396 16408 38912 40961 45056 49153 66304 67072 68608 100352 114688 131168 131264 131456 147472 196864 212992 262192 393232 393248
1 7 16389 16396 16408 38912 40961 45056 49153 66304 67072 68608 100352 114688 131168 131264 131456 196864 212992 262192 278544 393248 409600
1 7 16389 16396 16408 38912 40961 45056 49153 66304 67072 68608 100352 114688 131168 131264 131456 196864 262192 278544 344064 393248 458752
1 7 16389 16396 16408 38912 40961 45056 49153 66304 67072 68608 100352 114688 131264 131456 147472 196864 212992 262192 262240 393232 393280
1 7 16389 16396 16408 38912 40961 45056 49153 66304 67072 68608 100352 114688 131264 131456 196864 212992 262192 262240 278544 393280 409600
1 7 16389 16396 16408 38912 40961 45056 49153 66304 67072 68608 100352 114688 131264 131456 196864 262192 262240 278544 344064 393280 458752
1 7 16389 16396 16408 38912 40961 45056 49153 66304 67072 68608 100352 114688 131456 147472 196864 212992 262192 262240 262336 393232 393344
1 7 16389 16396 16408 38912 40961 45056 49153 66304 67072 68608 100352 114688 131456 196864 212992 262192 262240 262336 278544 393344 409600
1 7 16389 16396 16408 38912 40961 45056 49153 66304 67072 68608 100352 114688 131456 196864 262192 262240 262336 278544 344064 393344 458752
1 7 16389 16396 16408 38912 40961 45056 49153 66304 67072 68608 100352 114688 147472 196864 212992 262192 262240 262336 262528 393232 393472
1 7 16389 16396 16408 38912 40961 45056 49153 66304 67072 68608 100352 114688 196864 212992 262192 262240 262336 262528 278544 393472 409600
1 7 16389 16396 16408 38912 40961 45056 49153 66304 67072 68608 100352 114688 196864 262192 262240 262336 262528 278544 344064 393472 458752
1 7 16389 16396 16408 38912 40961 45056 49153 66304 67072 68608 114688 165888 198656 229376 262192 262240 262336 262528 278544 327936 344064
1 7 16389 16396 16408 38912 40961 45056 49153 66304 67072 100352 114688 134144 197632 198656 262192 262240 262336 262528 278544 327936 344064
1 7 16389 16396 16408 38912 40961 45056 49153 66304 67072 114688 134144 165888 197632 229376 262192 262240 262336 262528 278544 327936 344064
1 7 16389 16396 16408 38912 40961 45056 49153 66304 68608 100352 114688 132608 197120 197632 262192 262240 262336 262528 278544 327936 344064
1 7 16389 16396 16408 38912 40961 45056 49153 66304 100352 114688 132608 134144 197120 198656 262192 262240 262336 262528 278544 327936 344064
1 7 16389 16396 16408 38912 40961 45056 49153 66304 114688 132608 134144 165888 197120 229376 262192 262240 262336 262528 278544 327936 344064
1 7 16389 16396 16408 38912 40961 45056 49153 66816 68608 100352 114688 131120 131168 131264 131456 147472 196864 212992 262912 263424 263680
1 7 16389 16396 16408 38912 40961 45056 49153 67072 68608 100352 114688 131264 131456 131840 197120 212992 262192 262240 278544 393280 409600
1 7 16389 16396 16408 38912 40961 45056 49153 67072 68608 100352 114688 131264 131456 131840 197120 262192 262240 278544 344064 393280 458752
1 7 16389 16396 16408 38912 40961 45056 49153 67072 68608 100352 114688 131456 131840 197120 212992 262192 262240 262336 278544 393344 409600
1 7 16389 16396 16408 38912 40961 45056 49153 67072 68608 100352 114688 131456 131840 197120 262192 262240 262336 278544 344064 393344 458752
1 7 16389 16396 16408 38912 40961 45056 49153 67072 68608 100352 114688 131840 196864 197120 262192 262240 262336 262528 278544 327936 344064
1 7 16389 16396 16408 38912 40961 45056 49153 67072 68608 100352 114688 131840 197120 212992 262192 262240 262336 262528 278544 393472 409600
1 7 16389 16396 16408 38912 40961 45056 49153 67072 68608 100352 114688 131840 197120 262192 262240 262336 262528 278544 344064 393472 458752
1 7 16389 16396 16408 38912 40961 45056 49153 68608 100352 114688 131456 131840 132608 197632 212992 262192 262240 262336 278544 393344 409600
1 7 16389 16396 16408 38912 40961 45056 49153 68608 100352 114688 131456 131840 132608 197632 262192 262240 262336 278544 344064 393344 458752
1 7 16389 16396 16408 38912 40961 45056 49153 68608 100352 114688 131840 132608 196864 197632 262192 262240 262336 262528 278544 327936 344064
1 7 16389 16396 16408 38912 40961 45056 49153 68608 100352 114688 131840 132608 197632 212992 262192 262240 262336 262528 278544 393472 409600
1 7 16389 16396 16408 38912 40961 45056 49153 68608 100352 114688 131840 132608 197632 262192 262240 262336 262528 278544 344064 393472 458752
1 7 16389 16396 16408 38912 40961 45056 49153 81936 114688 131120 131168 131264 131456 196624 229376 262912 263680 265216 296960 393472 425984
1 7 16389 16396 16408 38912 40961 45056 49153 81936 114688 131840 132608 134144 165888 196864 229376 262192 262240 262336 262528 327696 327936
1 7 16389 16396 16408 38912 40961 45056 49153 81936 114688 131840 132608 134144 165888 229376 262192 262240 262336 262528 327696 393472 458752
1 7 16389 16396 16408 38912 40961 45056 49153 100352 114688 131840 132608 134144 196864 198656 262192 262240 262336 262528 278544 327936 344064
1 7 16389 16396 16408 38912 40961 45056 49153 100352 114688 131840 132608 134144 198656 212992 262192 262240 262336 262528 278544 393472 409600
1 7 16389 16396 16408 38912 40961 45056 49153 100352 114688 131840 132608 134144 198656 262192 262240 262336 262528 278544 344064 393472 458752
1 7 16389 16396 16408 38912 40961 45056 49153 114688 131120 131168 131264 131456 147472 212992 229376 262912 263680 265216 296960 393472 425984
1 7 16389 16396 16408 38912 40961 45056 49153 114688 131840 132608 134144 165888 196864 229376 262192 262240 262336 262528 278544 327936 344064
1 7 16389 16396 16408 38912 40961 45056 49153 114688 131840 132608 134144 165888 212992 229376 262192 262240 262336 262528 278544 393472 409600
1 7 16389 16396 16408 38912 40961 45056 49153 114688 131840 132608 134144 165888 229376 262192 262240 262336 262528 278544 344064 393472 458752
1 7 16389 16396 16408 38912 40961 49153 65584 65632 65728 65920 81936 114688 131840 132608 134144 165888 196864 229376 274432 299008 303104
1 7 16389 16396 16408 38912 40961 49153 66304 67072 68608 100352 114688 131120 131168 131264 131456 147472 196864 212992 274432 299008 303104
1 7 16389 16396 16408 38912 45056 49153 65584 65632 65728 65920 81936 114688 131840 132608 134144 165888 196864 229376 270337 294913 303104
1 7 16389 16396 16408 38912 45056 49153 66304 67072 68608 100352 114688 131120 131168 131264 131456 147472 196864 212992 270337 294913 303104
1 7 16389 16396 16408 38912 49153 65584 65632 65728 65920 81936 114688 131840 132608 134144 165888 196864 229376 270337 274432 294913 299008
1 7 16389 16396 16408 38912 49153 66304 67072 68608 100352 114688 131120 131168 131264 131456 147472 196864 212992 270337 274432 294913 299008
1 7 16389 16396 16408 40961 45056 49153 65584 65632 65728 65920 81936 114688 131840 132608 134144 165888 196864 229376 268288 296960 299008
1 7 16389 16396 16408 40961 45056 49153 65584 65632 65728 65920 81936 114688 131840 132608 134144 196864 229376 268288 299008 395264 425984
1 7 16389 16396 16408 40961 45056 49153 65584 65632 65728 65920 81936 114688 131840 132608 196864 229376 265216 268288 299008 394240 425984
1 7 16389 16396 16408 40961 45056 49153 65584 65632 65728 65920 81936 114688 134144 137216 167936 229376 262912 263680 327936 394240 458752
1 7 16389 16396 16408 40961 45056 49153 65584 65632 65728 65920 81936 114688 137216 167936 229376 262912 263680 265216 327936 395264 458752
1 7 16389 16396 16408 40961 45056 49153 65584 65632 65728 81936 114688 131456 131840 132608 164864 196736 229376 265216 268288 295936 299008
1 7 16389 16396 16408 40961 45056 49153 65584 65632 65728 81936 114688 131456 131840 132608 196736 229376 265216 268288 299008 394240 425984
1 7 16389 16396 16408 40961 45056 49153 65584 65632 65728 81936 114688 131456 131840 196736 229376 263680 265216 268288 299008 393728 425984
1 7 16389 16396 16408 40961 45056 49153 65584 65632 65728 81936 114688 132608 134144 137216 167936 229376 262528 262912 327808 393728 458752
1 7 16389 16396 16408 40961 45056 49153 65584 65632 65728 81936 114688 134144 137216 167936 229376 262528 262912 263680 327808 394240 458752
1 7 16389 16396 16408 40961 45056 49153 65584 65632 81936 114688 131264 131456 131840 196672 229376 263680 265216 268288 299008 393728 425984
1 7 16389 16396 16408 40961 45056 49153 65584 65632 81936 114688 132608 134144 137216 167936 229376 262336 262528 262912 327744 393728 458752
1 7 16389 16396 16408 40961 45056 49153 65728 65920 66304 114688 132608 134144 137216 167936 197120 229376 262192 262240 278544 327744 344064
1 7 16389 16396 16408 40961 45056 49153 65920 66304 67072 99328 114688 131120 131168 131264 147472 196736 212992 265216 268288 295936 299008
1 7 16389 16396 16408 40961 45056 49153 65920 66304 67072 114688 134144 137216 167936 197632 229376 262192 262240 262336 278544 327808 344064
1 7 16389 16396 16408 40961 45056 49153 65920 66304 114688 132608 134144 137216 167936 197120 229376 262192 262240 262336 278544 327808 344064
1 7 16389 16396 16408 40961 45056 49153 66304 67072 68608 100352 114688 131120 131168 131264 131456 147472 196864 212992 268288 296960 299008
1 7 16389 16396 16408 40961 45056 49153 66304 67072 68608 114688 137216 167936 198656 229376 262192 262240 262336 262528 278544 327936 344064
1 7 16389 16396 16408 40961 45056 49153 66304 67072 114688 134144 137216 167936 197632 229376 262192 262240 262336 262528 278544 327936 344064
1 7 16389 16396 16408 40961 45056 49153 67072 68608 71680 102400 114688 131264 131456 131840 197120 212992 262192 262240 278544 393280 409600
1 7 16389 16396 16408 40961 45056 49153 67072 68608 71680 102400 114688 131264 131456 131840 197120 262192 262240 278544 344064 393280 458752
1 7 16389 16396 16408 40961 45056 49153 67072 68608 71680 102400 114688 131456 131840 197120 212992 262192 262240 262336 278544 393344 409600
1 7 16389 16396 16408 40961 45056 49153 67072 68608 71680 102400 114688 131456 131840 197120 262192 262240 262336 278544 344064 393344 458752
1 7 16389 16396 16408 40961 45056 49153 68608 71680 102400 114688 131456 131840 132608 197632 212992 262192 262240 262336 278544 393344 409600
1 7 16389 16396 16408 40961 45056 49153 68608 71680 102400 114688 131456 131840 132608 197632 262192 262240 262336 278544 344064 393344 458752
1 7 16389 16396 16408 40961 45056 49153 68608 71680 102400 114688 131840 132608 197632 212992 262192 262240 262336 262528 278544 393472 409600
1 7 16389 16396 16408 40961 45056 49153 68608 71680 102400 114688 131840 132608 197632 262192 262240 262336 262528 278544 344064 393472 458752
1 7 16389 16396 16408 40961 45056 49153 71680 102400 114688 131840 132608 134144 198656 212992 262192 262240 262336 262528 278544 393472 409600
1 7 16389 16396 16408 40961 45056 49153 71680 102400 114688 131840 132608 134144 198656 262192 262240 262336 262528 278544 344064 393472 458752
1 7 16389 16396 16408 40961 49153 65584 65632 65728 65920 81936 114688 131840 132608 134144 165888 196864 229376 268288 274432 296960 303104
1 7 16389 16396 16408 40961 49153 65584 65632 65728 65920 81936 114688 131840 132608 134144 196864 229376 268288 274432 303104 395264 425984
1 7 16389 16396 16408 40961 49153 65584 65632 65728 65920 81936 114688 137216 143360 172032 229376 262912 263680 265216 327936 395264 458752
1 7 16389 16396 16408 40961 49153 65584 65632 65728 81936 114688 131456 131840 132608 164864 196736 229376 265216 268288 274432 295936 303104
1 7 16389 16396 16408 40961 49153 65584 65632 65728 81936 114688 131456 131840 132608 196736 229376 265216 268288 274432 303104 394240 425984
1 7 16389 16396 16408 40961 49153 65584 65632 65728 81936 114688 134144 137216 143360 172032 229376 262528 262912 263680 327808 394240 458752
1 7 16389 16396 16408 40961 49153 65920 66304 67072 99328 114688 131120 131168 131264 147472 196736 212992 265216 268288 274432 295936 303104
1 7 16389 16396 16408 40961 49153 65920 66304 67072 114688 134144 137216 143360 172032 197632 229376 262192 262240 262336 278544 327808 344064
1 7 16389 16396 16408 40961 49153 66304 67072 68608 100352 114688 131120 131168 131264 131456 147472 196864 212992 268288 274432 296960 303104
1 7 16389 16396 16408 40961 49153 66304 67072 68608 114688 137216 143360 172032 198656 229376 262192 262240 262336 262528 278544 327936 344064
1 7 16389 16396 16408 40961 49153 68608 71680 77824 106496 114688 131456 131840 132608 197632 212992 262192 262240 262336 278544 393344 409600
1 7 16389 16396 16408 40961 49153 68608 71680 77824 106496 114688 131456 131840 132608 197632 262192 262240 262336 278544 344064 393344 458752
1 7 16389 16396 16408 40961 49153 71680 77824 106496 114688 131840 132608 134144 198656 212992 262192 262240 262336 262528 278544 393472 409600
1 7 16389 16396 16408 40961 49153 71680 77824 106496 114688 131840 132608 134144 198656 262192 262240 262336 262528 278544 344064 393472 458752
1 7 16389 16396 16408 49153 49168 65584 65632 65728 65920 98320 131840 132608 134144 196864 229376 268288 270337 274432 294913 395264 425984
1 7 16389 16396 16408 49153 49168 65584 65632 65728 65920 98320 131840 132608 134144 196864 268288 270337 274432 294913 360448 395264 458752
1 7 16389 16396 16408 49153 49168 65584 65632 65728 98320 131456 131840 132608 196736 229376 265216 268288 270337 274432 294913 394240 425984
1 7 16389 16396 16408 49153 49168 65584 65632 65728 98320 131456 131840 132608 196736 265216 268288 270337 274432 294913 360448 394240 458752
1 7 16389 16396 16408 49153 65584 65632 65728 65920 81936 114688 131840 132608 134144 165888 196864 229376 268288 270337 274432 294913 296960
1 7 16389 16396 16408 49153 65584 65632 65728 65920 81936 114688 131840 132608 134144 196864 229376 268288 270337 274432 294913 395264 425984
1 7 16389 16396 16408 49153 65584 65632 65728 65920 81936 114688 137216 139265 143360 163841 229376 262912 263680 265216 327936 395264 458752
1 7 16389 16396 16408 49153 65584 65632 65728 81936 114688 131456 131840 132608 164864 196736 229376 265216 268288 270337 274432 294913 295936
1 7 16389 16396 16408 49153 65584 65632 65728 81936 114688 131456 131840 132608 196736 229376 265216 268288 270337 274432 294913 394240 425984
1 7 16389 16396 16408 49153 65584 65632 65728 81936 114688 134144 137216 139265 143360 163841 229376 262528 262912 263680 327808 394240 458752
1 7 16389 16396 16408 49153 65920 66304 67072 99328 114688 131120 131168 131264 147472 196736 212992 265216 268288 270337 274432 294913 295936
1 7 16389 16396 16408 49153 65920 66304 67072 114688 134144 137216 139265 143360 163841 197632 229376 262192 262240 262336 278544 327808 344064
1 7 16389 16396 16408 49153 66304 67072 68608 100352 114688 131120 131168 131264 131456 147472 196864 212992 268288 270337 274432 294913 296960
1 7 16389 16396 16408 49153 66304 67072 68608 114688 137216 139265 143360 163841 198656 229376 262192 262240 262336 262528 278544 327936 344064
1 7 16389 16396 16408 49153 68608 71680 73729 77824 98305 114688 131456 131840 132608 197632 212992 262192 262240 262336 278544 393344 409600
1 7 16389 16396 16408 49153 68608 71680 73729 77824 98305 114688 131456 131840 132608 197632 262192 262240 262336 278544 344064 393344 458752
1 7 16389 16396 16408 49153 71680 73729 77824 98305 114688 131840 132608 134144 198656 212992 262192 262240 262336 262528 278544 393472 409600
1 7 16389 16396 16408 49153 71680 73729 77824 98305 114688 131840 132608 134144 198656 262192 262240 262336 262528 278544 344064 393472 458752
1 7 16389 16396 24577 34304 35840 38912 45056 57344 65728 65920 66304 98816 114688 131096 131120 147464 212992 262240 327744 393248 458752
1 7 16389 16396 24577 34304 35840 38912 45056 57344 65728 65920 66304 98816 114688 131096 147464 212992 262192 262240 327744 393232 458752
1 7 16389 16396 24577 34304 35840 38912 45056 57344 65728 65920 66304 98816 114688 131120 131168 196672 212992 262168 278536 393232 409600
1 7 16389 16396 24577 34304 35840 38912 45056 57344 65728 65920 66304 98816 114688 131168 196672 212992 262168 262192 278536 393248 409600
1 7 16389 16396 24577 34304 35840 38912 45056 57344 65728 65920 66304 98816 131096 131120 147464 180224 229376 262240 327744 393248 458752
1 7 16389 16396 24577 34304 35840 38912 45056 57344 65728 65920 66304 98816 131096 147464 180224 229376 262192 262240 327744 393232 458752
1 7 16389 16396 24577 34304 35840 38912 45056 57344 65728 65920 66304 98816 131120 131168 180224 196672 229376 262168 278536 393232 409600
1 7 16389 16396 24577 34304 35840 38912 45056 57344 65728 65920 66304 98816 131120 131168 196672 229376 262168 278536 311296 393232 425984
1 7 16389 16396 24577 34304 35840 38912 45056 57344 65728 65920 66304 98816 131168 180224 196672 229376 262168 262192 278536 393248 409600
1 7 16389 16396 24577 34304 35840 38912 45056 57344 65728 65920 66304 98816 131168 196672 229376 262168 262192 278536 311296 393248 425984
1 7 16389 16396 24577 34304 35840 38912 45056 57344 65920 66304 98816 114688 131096 131120 147464 212992 262240 262336 327808 393248 458752
1 7 16389 16396 24577 34304 35840 38912 45056 57344 65920 66304 98816 114688 131168 131264 196736 212992 262168 262192 278536 393248 409600
1 7 16389 16396 24577 34304 35840 38912 45056 57344 65920 66304 98816 131096 131120 147464 180224 229376 262240 262336 327808 393248 458752
1 7 16389 16396 24577 34304 35840 38912 45056 57344 65920 66304 98816 131168 131264 180224 196736 229376 262168 262192 278536 393248 409600
1 7 16389 16396 24577 34304 35840 38912 45056 57344 65920 66304 98816 131168 131264 196736 229376 262168 262192 278536 311296 393248 425984
1 7 16389 16396 24577 35840 38912 45056 57344 65920 66304 67072 99328 114688 131120 131168 131264 196736 212992 262168 278536 393232 409600
1 7 16389 16396 24577 35840 38912 45056 57344 65920 66304 67072 99328 114688 131120 131168 131264 196736 262168 278536 344064 393232 458752
1 7 16389 16396 24577 35840 38912 45056 57344 65920 66304 67072 99328 114688 131168 131264 196736 212992 262168 262192 278536 393248 409600
1 7 16389 16396 24577 35840 38912 45056 57344 65920 66304 67072 99328 114688 131168 131264 196736 262168 262192 278536 344064 393248 458752
1 7 16389 16396 24577 35840 38912 45056 57344 65920 66304 67072 99328 114688 131264 196736 212992 262168 262192 262240 278536 393280 409600
1 7 16389 16396 24577 35840 38912 45056 57344 65920 66304 67072 99328 114688 131264 196736 262168 262192 262240 278536 344064 393280 458752
1 7 16389 16396 24577 35840 38912 45056 57344 65920 66304 67072 99328 131120 131168 131264 180224 196736 229376 262168 278536 393232 409600
1 7 16389 16396 24577 35840 38912 45056 57344 65920 66304 67072 99328 131120 131168 131264 196736 229376 262168 278536 311296 393232 425984
1 7 16389 16396 24577 35840 38912 45056 57344 65920 66304 67072 99328 131120 131168 131264 196736 262168 278536 311296 360448 393232 458752
1 7 16389 16396 24577 35840 38912 45056 57344 65920 66304 67072 99328 131168 131264 180224 196736 229376 262168 262192 278536 393248 409600
1 7 16389 16396 24577 35840 38912 45056 57344 65920 66304 67072 99328 131168 131264 196736 229376 262168 262192 278536 311296 393248 425984
1 7 16389 16396 24577 35840 38912 45056 57344 65920 66304 67072 99328 131168 131264 196736 262168 262192 278536 311296 360448 393248 458752
1 7 16389 16396 24577 35840 38912 45056 57344 65920 66304 67072 99328 131264 180224 196736 229376 262168 262192 262240 278536 393280 409600
1 7 16389 16396 24577 35840 38912 45056 57344 65920 66304 67072 99328 131264 196736 229376 262168 262192 262240 278536 311296 393280 425984
1 7 16389 16396 24577 35840 38912 45056 57344 65920 66304 67072 99328 131264 196736 262168 262192 262240 278536 311296 360448 393280 458752
1 7 16389 16396 24577 35840 38912 45056 57344 66304 67072 99328 114688 131168 131264 131456 196864 212992 262168 262192 278536 393248 409600
1 7 16389 16396 24577 35840 38912 45056 57344 66304 67072 99328 114688 131168 131264 131456 196864 262168 262192 278536 344064 393248 458752
2 7 16389 16396 24577 35840 38912 45056 57344 66304 67072 99328 114688 131264 131456 196864 212992 262168 262192 262240 278536 393280 409600
1 7 16389 16396 24577 35840 38912 45056 57344 66304 67072 99328 114688 131264 131456 196864 262168 262192 262240 278536 344064 393280 458752
1 7 16389 16396 24577 35840 38912 45056 57344 66304 67072 99328 131168 131264 131456 180224 196864 229376 262168 262192 278536 393248 409600
1 7 16389 16396 24577 35840 38912 45056 57344 66304 67072 99328 131168 131264 131456 196864 229376 262168 262192 278536 311296 393248 425984
1 7 16389 16396 24577 35840 38912 45056 57344 66304 67072 99328 131168 131264 131456 196864 262168 262192 278536 311296 360448 393248 458752
1 7 16389 16396 24577 35840 38912 45056 57344 66304 67072 99328 131264 131456 196864 229376 262168 262192 262240 278536 311296 393280 425984
1 7 16389 16396 24577 38912 45056 57344 66304 67072 68608 100352 114688 131096 131120 147464 212992 262240 262336 262528 327936 393248 458752
2 7 16389 16396 24577 38912 45056 57344 66304 67072 68608 100352 114688 131168 131264 131456 196864 212992 262168 262192 278536 393248 409600
1 7 16389 16396 24577 38912 45056 57344 66304 67072 68608 100352 131096 131120 147464 180224 229376 262240 262336 262528 327936 393248 458752
1 7 16389 16396 32792 49153 49160 65584 65632 65728 65920 98320 131840 132608 134144 196864 229376 268288 270337 274432 294913 395264 425984
1 7 16389 16396 32792 49153 49160 65584 65632 65728 65920 98320 137216 139265 143360 163841 229376 262912 263680 265216 327936 395264 458752
1 7 16389 16396 32792 49153 49160 65584 65632 65728 98320 131456 131840 132608 196736 229376 265216 268288 270337 274432 294913 394240 425984
1 7 16389 16396 32792 49153 49160 65584 65632 65728 98320 134144 137216 139265 143360 163841 229376 262528 262912 263680 327808 394240 458752
1 7 16389 16396 34304 35840 38912 40961 45056 49153 65560 65584 81928 114688 131168 131264 196640 229376 262528 262912 295424 393344 425984
1 7 16389 16396 34304 35840 38912 40961 45056 49153 65560 65584 81928 114688 131168 196640 229376 262336 262528 262912 295424 393280 425984
1 7 16389 16396 34304 35840 38912 40961 45056 49153 65560 65584 81928 114688 131264 131456 131840 164352 229376 262240 327712 393280 458752
1 7 16389 16396 34304 35840 38912 40961 45056 49153 65560 65584 81928 114688 131456 131840 164352 229376 262240 262336 327712 393344 458752
1 7 16389 16396 34304 35840 38912 40961 45056 49153 65560 81928 114688 131120 131168 196624 229376 262336 262528 262912 295424 393280 425984
1 7 16389 16396 34304 35840 38912 40961 45056 49153 65560 81928 114688 131264 131456 131840 164352 229376 262192 262240 327696 393280 458752
1 7 16389 16396 34304 35840 38912 40961 45056 49153 65584 65632 114688 131264 131456 131840 164352 196672 229376 262168 278536 327696 344064
1 7 16389 16396 34304 35840 38912 40961 45056 49153 65632 65728 114688 131456 131840 164352 196736 229376 262168 262192 278536 327712 344064
1 7 16389 16396 34304 35840 38912 40961 45056 49153 65632 114688 131264 131456 131840 164352 196672 229376 262168 262192 278536 327712 344064
1 7 16389 16396 34304 35840 38912 40961 45056 49153 65728 65920 66304 98816 114688 131120 131168 196672 212992 262168 278536 393232 409600
1 7 16389 16396 34304 35840 38912 40961 45056 49153 65728 65920 66304 98816 114688 131120 131168 196672 262168 278536 344064 393232 458752
1 7 16389 16396 34304 35840 38912 40961 45056 49153 65728 65920 66304 98816 114688 131168 196672 212992 262168 262192 278536 393248 409600
1 7 16389 16396 34304 35840 38912 40961 45056 49153 65728 65920 66304 98816 114688 131168 196672 262168 262192 278536 344064 393248 458752
1 7 16389 16396 34304 35840 38912 40961 45056 49153 65920 66304 98816 114688 131168 131264 196736 212992 262168 262192 278536 393248 409600
1 7 16389 16396 34304 35840 38912 40961 45056 49153 65920 66304 98816 114688 131168 131264 196736 262168 262192 278536 344064 393248 458752
1 7 16389 16396 35840 38912 40961 45056 49153 65560 65584 65632 81928 114688 131264 131456 131840 132608 164864 229376 327744 393280 458752
1 7 16389 16396 35840 38912 40961 45056 49153 65560 65584 65632 81928 114688 131264 131456 131840 132608 196672 229376 295936 394240 425984
1 7 16389 16396 35840 38912 40961 45056 49153 65560 65584 65632 81928 114688 131264 131456 131840 164864 196672 229376 263680 393728 394240
1 7 16389 16396 35840 38912 40961 45056 49153 65560 65584 65632 81928 114688 131264 131456 131840 196672 229376 263680 295936 393728 425984
1 7 16389 16396 35840 38912 40961 45056 49153 65560 65584 65632 81928 114688 131264 131456 132352 164864 196672 229376 262912 263424 263680
1 7 16389 16396 35840 38912 40961 45056 49153 65560 65584 65632 81928 114688 131264 131456 132608 164864 196672 229376 262912 393472 393728
1 7 16389 16396 35840 38912 40961 45056 49153 65560 65584 65632 81928 114688 131264 131456 164864 196672 229376 262912 263680 393472 394240
1 7 16389 16396 35840 38912 40961 45056 49153 65560 65584 65632 81928 114688 131264 131456 196672 229376 262912 263680 295936 393472 425984
1 7 16389 16396 35840 38912 40961 45056 49153 65560 65584 65632 81928 114688 131264 131840 132608 164864 196672 229376 262528 393344 393472
1 7 16389 16396 35840 38912 40961 45056 49153 65560 65584 65632 81928 114688 131264 132608 164864 196672 229376 262528 262912 393344 393728
1 7 16389 16396 35840 38912 40961 45056 49153 65560 65584 65632 81928 114688 131264 164864 196672 229376 262528 262912 263680 393344 394240
1 7 16389 16396 35840 38912 40961 45056 49153 65560 65584 65632 81928 114688 131264 196672 229376 262528 262912 263680 295936 393344 425984
1 7 16389 16396 35840 38912 40961 45056 49153 65560 65584 65632 81928 114688 131392 131840 132608 164864 196672 229376 262336 262464 262528
1 7 16389 16396 35840 38912 40961 45056 49153 65560 65584 65632 81928 114688 131456 131840 132608 164864 196672 229376 262336 393280 393344
1 7 16389 16396 35840 38912 40961 45056 49153 65560 65584 65632 81928 114688 131456 131840 132608 164864 229376 262336 327744 393344 458752
1 7 16389 16396 35840 38912 40961 45056 49153 65560 65584 65632 81928 114688 131840 132608 164864 196672 229376 262336 262528 393280 393472
1 7 16389 16396 35840 38912 40961 45056 49153 65560 65584 65632 81928 114688 131840 132608 164864 229376 262336 262528 327744 393472 458752
1 7 16389 16396 35840 38912 40961 45056 49153 65560 65584 65632 81928 114688 132608 164864 196672 229376 262336 262528 262912 393280 393728
1 7 16389 16396 35840 38912 40961 45056 49153 65560 65584 65632 81928 114688 132608 164864 229376 262336 262528 262912 327744 393728 458752
1 7 16389 16396 35840 38912 40961 45056 49153 65560 65584 65632 81928 114688 164864 196672 229376 262336 262528 262912 263680 393280 394240
1 7 16389 16396 35840 38912 40961 45056 49153 65560 65584 65632 81928 114688 164864 229376 262336 262528 262912 263680 327744 394240 458752
1 7 16389 16396 35840 38912 40961 45056 49153 65560 65584 65632 81928 114688 196672 229376 262336 262528 262912 263680 295936 393280 425984
1 7 16389 16396 35840 38912 40961 45056 49153 65560 65584 65632 81928 114688 229376 262336 262528 262912 263680 295936 327744 425984 458752
1 7 16389 16396 35840 38912 40961 45056 49153 65560 65584 65632 114688 131264 131456 131840 132608 164864 196672 229376 278536 327688 344064
1 7 16389 16396 35840 38912 40961 45056 49153 65560 65584 81928 114688 131168 131264 131456 196640 229376 262912 263680 295936 393472 425984
1 7 16389 16396 35840 38912 40961 45056 49153 65560 65584 81928 114688 131168 131264 196640 229376 262528 262912 263680 295936 393344 425984
1 7 16389 16396 35840 38912 40961 45056 49153 65560 65584 81928 114688 131168 196640 229376 262336 262528 262912 263680 295936 393280 425984
1 7 16389 16396 35840 38912 40961 45056 49153 65560 65584 81928 114688 131264 131456 131840 132608 164864 196672 229376 262240 327712 327744
1 7 16389 16396 35840 38912 40961 45056 49153 65560 65584 81928 114688 131264 131456 131840 132608 164864 229376 262240 327712 393280 458752
1 7 16389 16396 35840 38912 40961 45056 49153 65560 65584 81928 114688 131456 131840 132608 164864 229376 262240 262336 327712 393344 458752
1 7 16389 16396 35840 38912 40961 45056 49153 65560 65584 81928 114688 131840 132608 164864 229376 262240 262336 262528 327712 393472 458752
1 7 16389 16396 35840 38912 40961 45056 49153 65560 65616 81928 114688 131264 131456 131840 132608 164864 196672 229376 262192 262224 262240
1 7 16389 16396 35840 38912 40961 45056 49153 65560 65632 81928 114688 131264 131456 131840 132608 164864 196672 229376 262192 327696 327712
1 7 16389 16396 35840 38912 40961 45056 49153 65560 81928 114688 131120 131168 131264 196624 229376 262528 262912 263680 295936 393344 425984
1 7 16389 16396 35840 38912 40961 45056 49153 65560 81928 114688 131120 131168 196624 229376 262336 262528 262912 263680 295936 393280 425984
1 7 16389 16396 35840 38912 40961 45056 49153 65560 81928 114688 131264 131456 131840 132608 164864 196672 229376 262192 262240 327696 327744
1 7 16389 16396 35840 38912 40961 45056 49153 65560 81928 114688 131264 131456 131840 132608 164864 229376 262192 262240 327696 393280 458752
1 7 16389 16396 35840 38912 40961 45056 49153 65560 81928 114688 131456 131840 132608 164864 229376 262192 262240 262336 327696 393344 458752
1 7 16389 16396 35840 38912 40961 45056 49153 65584 65632 65728 81936 114688 131456 131840 132608 164864 196736 229376 262168 278536 278544
1 7 16389 16396 35840 38912 40961 45056 49153 65584 65632 65728 114688 131456 131840 132608 164864 196736 229376 262168 278536 327696 344064
1 7 16389 16396 35840 38912 40961 45056 49153 65584 65632 81928 114688 131264 131456 131840 132608 164864 196672 229376 262168 327688 327696
1 7 16389 16396 35840 38912 40961 45056 49153 65584 65632 114688 131264 131456 131840 132608 164864 196672 229376 262168 278536 327696 344064
1 7 16389 16396 35840 38912 40961 45056 49153 65632 65728 65920 114688 131840 132608 164864 196864 229376 262168 262192 278536 327712 344064
1 7 16389 16396 35840 38912 40961 45056 49153 65632 65728 114688 131456 131840 132608 164864 196736 229376 262168 262192 278536 327712 344064
1 7 16389 16396 35840 38912 40961 45056 49153 65632 81928 114688 131264 131456 131840 132608 164864 196672 229376 262168 262192 327688 327712
1 7 16389 16396 35840 38912 40961 45056 49153 65632 114688 131264 131456 131840 132608 164864 196672 229376 262168 262192 278536 327712 344064
1 7 16389 16396 35840 38912 40961 45056 49153 65728 65920 66304 67072 99328 114688 131096 131120 131168 147464 196672 344064 409600 458752
1 7 16389 16396 35840 38912 40961 45056 49153 65728 65920 66304 67072 99328 114688 131096 131120 131168 196672 212992 278536 393224 409600
1 7 16389 16396 35840 38912 40961 45056 49153 65728 65920 66304 67072 99328 114688 131096 131120 131168 196672 278536 344064 393224 458752
1 7 16389 16396 35840 38912 40961 45056 49153 65728 65920 66304 67072 99328 114688 131096 131120 147464 196672 212992 262240 393248 393280
1 7 16389 16396 35840 38912 40961 45056 49153 65728 65920 66304 67072 99328 114688 131096 131152 147464 196672 212992 262192 262224 262240
1 7 16389 16396 35840 38912 40961 45056 49153 65728 65920 66304 67072 99328 114688 131096 131168 147464 196672 212992 262192 393232 393248
1 7 16389 16396 35840 38912 40961 45056 49153 65728 65920 66304 67072 99328 114688 131096 147464 196672 212992 262192 262240 393232 393280
1 7 16389 16396 35840 38912 40961 45056 49153 65728 65920 66304 67072 99328 114688 131120 131168 147464 196672 212992 262168 393224 393232
1 7 16389 16396 35840 38912 40961 45056 49153 65728 65920 66304 67072 99328 114688 131120 131168 196672 212992 262168 278536 393232 409600
1 7 16389 16396 35840 38912 40961 45056 49153 65728 65920 66304 67072 99328 114688 131120 131168 196672 262168 278536 344064 393232 458752
1 7 16389 16396 35840 38912 40961 45056 49153 65728 65920 66304 67072 99328 114688 131168 147464 196672 212992 262168 262192 393224 393248
1 7 16389 16396 35840 38912 40961 45056 49153 65728 65920 66304 67072 99328 114688 131168 196672 212992 262168 262192 278536 393248 409600
1 7 16389 16396 35840 38912 40961 45056 49153 65728 65920 66304 67072 99328 114688 131168 196672 262168 262192 278536 344064 393248 458752
1 7 16389 16396 35840 38912 40961 45056 49153 65728 65920 66304 67072 99328 114688 147464 196672 212992 262168 262192 262240 393224 393280
1 7 16389 16396 35840 38912 40961 45056 49153 65728 65920 66304 67072 99328 114688 196672 212992 262168 262192 262240 278536 393280 409600
1 7 16389 16396 35840 38912 40961 45056 49153 65728 65920 66304 67072 99328 114688 196672 262168 262192 262240 278536 344064 393280 458752
1 7 16389 16396 35840 38912 40961 45056 49153 65728 65920 66304 67072 114688 164864 197632 229376 262168 262192 262240 278536 327744 344064
1 7 16389 16396 35840 38912 40961 45056 49153 65728 65920 66304 99328 114688 132608 197120 197632 262168 262192 262240 278536 327744 344064
1 7 16389 16396 35840 38912 40961 45056 49153 65728 65920 66304 114688 132608 164864 197120 229376 262168 262192 262240 278536 327744 344064
1 7 16389 16396 35840 38912 40961 45056 49153 65728 65920 66816 99328 114688 131840 132352 132608 262168 262192 262240 278536 327744 344064
1 7 16389 16396 35840 38912 40961 45056 49153 65728 65920 67072 99328 114688 131840 196864 197120 262168 262192 262240 278536 327744 344064
1 7 16389 16396 35840 38912 40961 45056 49153 65728 65920 99328 114688 131840 132608 196864 197632 262168 262192 262240 278536 327744 344064
1 7 16389 16396 35840 38912 40961 45056 49153 65728 65920 114688 131840 132608 164864 196864 229376 262168 262192 262240 278536 327744 344064
1 7 16389 16396 35840 38912 40961 45056 49153 65728 66304 67072 99328 114688 131456 196736 196864 262168 262192 262240 278536 327744 344064
1 7 16389 16396 35840 38912 40961 45056 49153 65728 67072 99328 114688 131456 131840 196736 197120 262168 262192 262240 278536 327744 344064
1 7 16389 16396 35840 38912 40961 45056 49153 65728 99328 114688 131456 131840 132608 196736 197632 262168 262192 262240 278536 327744 344064
1 7 16389 16396 35840 38912 40961 45056 49153 65728 114688 131456 131840 132608 164864 196736 229376 262168 262192 262240 278536 327744 344064
1 7 16389 16396 35840 38912 40961 45056 49153 65856 66304 67072 99328 114688 131264 131392 131456 262168 262192 262240 278536 327744 344064
1 7 16389 16396 35840 38912 40961 45056 49153 65920 66304 67072 99328 114688 131120 131168 131264 147472 196736 212992 262168 278536 278544
1 7 16389 16396 35840 38912 40961 45056 49153 65920 66304 67072 99328 114688 131120 131168 131264 196736 212992 262168 278536 393232 409600
1 7 16389 16396 35840 38912 40961 45056 49153 65920 66304 67072 99328 114688 131120 131168 131264 196736 262168 278536 344064 393232 458752
1 7 16389 16396 35840 38912 40961 45056 49153 65920 66304 67072 99328 114688 131168 131264 196736 212992 262168 262192 278536 393248 409600
1 7 16389 16396 35840 38912 40961 45056 49153 65920 66304 67072 99328 114688 131168 131264 196736 262168 262192 278536 344064 393248 458752
1 7 16389 16396 35840 38912 40961 45056 49153 65920 66304 67072 99328 114688 131264 196672 196736 262168 262192 262240 278536 327744 344064
1 7 16389 16396 35840 38912 40961 45056 49153 65920 66304 67072 99328 114688 131264 196736 212992 262168 262192 262240 278536 393280 409600
1 7 16389 16396 35840 38912 40961 45056 49153 65920 66304 67072 99328 114688 131264 196736 262168 262192 262240 278536 344064 393280 458752
1 7 16389 16396 35840 38912 40961 45056 49153 66304 67072 99328 114688 131168 131264 131456 196864 212992 262168 262192 278536 393248 409600
1 7 16389 16396 35840 38912 40961 45056 49153 66304 67072 99328 114688 131168 131264 131456 196864 262168 262192 278536 344064 393248 458752
1 7 16389 16396 35840 38912 40961 45056 49153 66304 67072 99328 114688 131264 131456 196672 196864 262168 262192 262240 278536 327744 344064
1 7 16389 16396 35840 38912 40961 45056 49153 66304 67072 99328 114688 131264 131456 196864 212992 262168 262192 262240 278536 393280 409600
1 7 16389 16396 35840 38912 40961 45056 49153 66304 67072 99328 114688 131264 131456 196864 262168 262192 262240 278536 344064 393280 458752
1 7 16389 16396 35840 38912 40961 45056 49153 67072 99328 114688 131264 131456 131840 196672 197120 262168 262192 262240 278536 327744 344064
1 7 16389 16396 35840 38912 40961 45056 49153 67072 99328 114688 131264 131456 131840 197120 212992 262168 262192 262240 278536 393280 409600
1 7 16389 16396 35840 38912 40961 45056 49153 67072 99328 114688 131264 131456 131840 197120 262168 262192 262240 278536 344064 393280 458752
1 7 16389 16396 35840 38912 40961 45056 49153 81928 114688 131096 131120 131168 196616 229376 262336 262528 262912 263680 295936 393280 425984
1 7 16389 16396 35840 38912 40961 45056 49153 81928 114688 131264 131456 131840 132608 164864 196672 229376 262168 262192 262240 327688 327744
1 7 16389 16396 35840 38912 40961 45056 49153 81928 114688 131264 131456 131840 132608 164864 229376 262168 262192 262240 327688 393280 458752
1 7 16389 16396 35840 38912 40961 45056 49153 99328 114688 131264 131456 131840 132608 196672 197632 262168 262192 262240 278536 327744 344064
1 7 16389 16396 35840 38912 40961 45056 49153 99328 114688 131264 131456 131840 132608 197632 212992 262168 262192 262240 278536 393280 409600
1 7 16389 16396 35840 38912 40961 45056 49153 99328 114688 131264 131456 131840 132608 197632 262168 262192 262240 278536 344064 393280 458752
1 7 16389 16396 35840 38912 40961 45056 49153 114688 131096 131120 131168 147464 212992 229376 262336 262528 262912 263680 295936 393280 425984
1 7 16389 16396 35840 38912 40961 45056 49153 114688 131264 131456 131840 132608 164864 196672 229376 262168 262192 262240 278536 327744 344064
1 7 16389 16396 35840 38912 40961 45056 49153 114688 131264 131456 131840 132608 164864 212992 229376 262168 262192 262240 278536 393280 409600
1 7 16389 16396 35840 38912 40961 45056 49153 114688 131264 131456 131840 132608 164864 229376 262168 262192 262240 278536 344064 393280 458752
1 7 16389 16396 35840 38912 40961 49153 65560 65584 65632 81928 114688 131264 131456 131840 132608 164864 196672 229376 274432 299008 303104
1 7 16389 16396 35840 38912 40961 49153 65728 65920 66304 67072 99328 114688 131096 131120 131168 147464 196672 212992 274432 299008 303104
1 7 16389 16396 35840 38912 45056 49153 65560 65584 65632 81928 114688 131264 131456 131840 132608 164864 196672 229376 270337 294913 303104
1 7 16389 16396 35840 38912 45056 49153 65728 65920 66304 67072 99328 114688 131096 131120 131168 147464 196672 212992 270337 294913 303104
1 7 16389 16396 35840 38912 49153 65560 65584 65632 81928 114688 131264 131456 131840 132608 164864 196672 229376 270337 274432 294913 299008
1 7 16389 16396 35840 38912 49153 65728 65920 66304 67072 99328 114688 131096 131120 131168 147464 196672 212992 270337 274432 294913 299008
1 7 16389 16396 35840 40961 45056 49153 65560 65584 65632 81928 114688 131264 131456 131840 132608 164864 196672 229376 268288 296960 299008
1 7 16389 16396 35840 40961 45056 49153 65728 65920 66304 67072 99328 114688 131096 131120 131168 147464 196672 212992 268288 296960 299008
1 7 16389 16396 35840 40961 49153 65560 65584 65632 81928 114688 131264 131456 131840 132608 164864 196672 229376 268288 274432 296960 303104
1 7 16389 16396 35840 40961 49153 65728 65920 66304 67072 99328 114688 131096 131120 131168 147464 196672 212992 268288 274432 296960 303104
1 7 16389 16396 35840 49153 65560 65584 65632 81928 114688 131264 131456 131840 132608 164864 196672 229376 268288 270337 274432 294913 296960
1 7 16389 16396 35840 49153 65728 65920 66304 67072 99328 114688 131096 131120 131168 147464 196672 212992 268288 270337 274432 294913 296960
1 7 16389 16396 37888 40961 45056 49153 65560 65584 65632 81928 114688 131264 131456 131840 132608 164864 196672 229376 265216 267264 268288
1 7 16389 16396 37888 40961 45056 49153 65728 65920 66304 67072 99328 114688 131096 131120 131168 147464 196672 212992 265216 267264 268288
1 7 16389 16396 38912 40961 45056 49153 65560 65584 65632 65728 81928 114688 131456 131840 132608 196736 229376 265216 296960 394240 425984
1 7 16389 16396 38912 40961 45056 49153 65560 65584 65632 65728 81928 114688 131456 131840 196736 229376 263680 265216 296960 393728 425984
1 7 16389 16396 38912 40961 45056 49153 65560 65584 65632 65728 81928 114688 132608 134144 165888 229376 262528 262912 327808 393728 458752
1 7 16389 16396 38912 40961 45056 49153 65560 65584 65632 65728 81928 114688 134144 165888 229376 262528 262912 263680 327808 394240 458752
1 7 16389 16396 38912 40961 45056 49153 65560 65584 65632 81928 114688 131264 131456 131840 132608 164864 196672 229376 265216 295936 296960
1 7 16389 16396 38912 40961 45056 49153 65560 65584 65632 81928 114688 131264 131456 131840 132608 196672 229376 265216 296960 394240 425984
1 7 16389 16396 38912 40961 45056 49153 65560 65584 65632 81928 114688 131264 131456 131840 196672 229376 263680 265216 296960 393728 425984
1 7 16389 16396 38912 40961 45056 49153 65560 65584 65632 81928 114688 131264 131456 196672 229376 262912 263680 265216 296960 393472 425984
1 7 16389 16396 38912 40961 45056 49153 65560 65584 65632 81928 114688 131840 132608 134144 165888 229376 262336 262528 327744 393472 458752
1 7 16389 16396 38912 40961 45056 49153 65560 65584 65632 81928 114688 132608 134144 165888 229376 262336 262528 262912 327744 393728 458752
1 7 16389 16396 38912 40961 45056 49153 65560 65584 65632 81928 114688 134144 165888 229376 262336 262528 262912 263680 327744 394240 458752
1 7 16389 16396 38912 40961 45056 49153 65560 65584 81928 114688 131168 131264 131456 131840 196640 229376 263680 265216 296960 393728 425984
1 7 16389 16396 38912 40961 45056 49153 65560 65584 81928 114688 131168 131264 131456 196640 229376 262912 263680 265216 296960 393472 425984
1 7 16389 16396 38912 40961 45056 49153 65560 65584 81928 114688 131168 131264 196640 229376 262528 262912 263680 265216 296960 393344 425984
1 7 16389 16396 38912 40961 45056 49153 65560 65584 81928 114688 131456 131840 132608 134144 165888 229376 262240 262336 327712 393344 458752
1 7 16389 16396 38912 40961 45056 49153 65560 65584 81928 114688 131840 132608 134144 165888 229376 262240 262336 262528 327712 393472 458752
1 7 16389 16396 38912 40961 45056 49153 65560 65584 81928 114688 132608 134144 165888 229376 262240 262336 262528 262912 327712 393728 458752
1 7 16389 16396 38912 40961 45056 49153 65560 81928 114688 131120 131168 131264 131456 196624 229376 262912 263680 265216 296960 393472 425984
1 7 16389 16396 38912 40961 45056 49153 65560 81928 114688 131120 131168 131264 196624 229376 262528 262912 263680 265216 296960 393344 425984
1 7 16389 16396 38912 40961 45056 49153 65560 81928 114688 131456 131840 132608 134144 165888 229376 262192 262240 262336 327696 393344 458752
1 7 16389 16396 38912 40961 45056 49153 65560 81928 114688 131840 132608 134144 165888 229376 262192 262240 262336 262528 327696 393472 458752
1 7 16389 16396 38912 40961 45056 49153 65584 65632 65728 65920 81936 114688 131840 132608 134144 165888 196864 229376 262168 278536 278544
1 7 16389 16396 38912 40961 45056 49153 65584 65632 65728 65920 114688 131840 132608 134144 165888 196864 229376 262168 278536 327696 344064
1 7 16389 16396 38912 40961 45056 49153 65584 65632 65728 114688 131456 131840 132608 134144 165888 196736 229376 262168 278536 327696 344064
1 7 16389 16396 38912 40961 45056 49153 65632 65728 65920 66304 114688 132608 134144 165888 197120 229376 262168 262192 278536 327712 344064
1 7 16389 16396 38912 40961 45056 49153 65632 65728 65920 114688 131840 132608 134144 165888 196864 229376 262168 262192 278536 327712 344064
1 7 16389 16396 38912 40961 45056 49153 65632 65728 114688 131456 131840 132608 134144 165888 196736 229376 262168 262192 278536 327712 344064
1 7 16389 16396 38912 40961 45056 49153 65728 65920 66304 67072 99328 114688 131096 131120 131168 147464 196672 212992 265216 295936 296960
1 7 16389 16396 38912 40961 45056 49153 65728 65920 66304 67072 114688 134144 165888 197632 229376 262168 262192 262240 278536 327744 344064
1 7 16389 16396 38912 40961 45056 49153 65728 65920 66304 114688 132608 134144 165888 197120 229376 262168 262192 262240 278536 327744 344064
1 7 16389 16396 38912 40961 45056 49153 65728 65920 114688 131840 132608 134144 165888 196864 229376 262168 262192 262240 278536 327744 344064
1 7 16389 16396 38912 40961 45056 49153 65920 66304 67072 68608 100352 114688 131120 131168 131264 196736 212992 262168 278536 393232 409600
1 7 16389 16396 38912 40961 45056 49153 65920 66304 67072 68608 100352 114688 131120 131168 131264 196736 262168 278536 344064 393232 458752
1 7 16389 16396 38912 40961 45056 49153 65920 66304 67072 68608 100352 114688 131168 131264 196736 212992 262168 262192 278536 393248 409600
1 7 16389 16396 38912 40961 45056 49153 65920 66304 67072 68608 100352 114688 131168 131264 196736 262168 262192 278536 344064 393248 458752
1 7 16389 16396 38912 40961 45056 49153 65920 66304 67072 114688 134144 165888 197632 229376 262168 262192 262240 262336 278536 327808 344064
1 7 16389 16396 38912 40961 45056 49153 65920 66304 114688 132608 134144 165888 197120 229376 262168 262192 262240 262336 278536 327808 344064
1 7 16389 16396 38912 40961 45056 49153 66304 67072 68608 100352 114688 131120 131168 131264 131456 147472 196864 212992 262168 278536 278544
1 7 16389 16396 38912 40961 45056 49153 66304 67072 68608 100352 114688 131120 131168 131264 131456 196864 212992 262168 278536 393232 409600
1 7 16389 16396 38912 40961 45056 49153 66304 67072 68608 100352 114688 131120 131168 131264 131456 196864 262168 278536 344064 393232 458752
1 7 16389 16396 38912 40961 45056 49153 66304 67072 68608 100352 114688 131168 131264 131456 196864 212992 262168 262192 278536 393248 409600
1 7 16389 16396 38912 40961 45056 49153 66304 67072 68608 100352 114688 131168 131264 131456 196864 262168 262192 278536 344064 393248 458752
1 7 16389 16396 38912 40961 45056 49153 66304 67072 68608 100352 114688 131264 131456 196864 212992 262168 262192 262240 278536 393280 409600
1 7 16389 16396 38912 40961 45056 49153 66304 67072 68608 100352 114688 131264 131456 196864 262168 262192 262240 278536 344064 393280 458752
1 7 16389 16396 38912 40961 45056 49153 67072 68608 100352 114688 131168 131264 131456 131840 197120 212992 262168 262192 278536 393248 409600
1 7 16389 16396 38912 40961 45056 49153 67072 68608 100352 114688 131168 131264 131456 131840 197120 262168 262192 278536 344064 393248 458752
1 7 16389 16396 38912 40961 45056 49153 67072 68608 100352 114688 131264 131456 131840 197120 212992 262168 262192 262240 278536 393280 409600
1 7 16389 16396 38912 40961 45056 49153 67072 68608 100352 114688 131264 131456 131840 197120 262168 262192 262240 278536 344064 393280 458752
1 7 16389 16396 38912 40961 45056 49153 67072 68608 100352 114688 131456 131840 197120 212992 262168 262192 262240 262336 278536 393344 409600
1 7 16389 16396 38912 40961 45056 49153 67072 68608 100352 114688 131456 131840 197120 262168 262192 262240 262336 278536 344064 393344 458752
1 7 16389 16396 38912 40961 45056 49153 68608 100352 114688 131264 131456 131840 132608 197632 212992 262168 262192 262240 278536 393280 409600
1 7 16389 16396 38912 40961 45056 49153 68608 100352 114688 131264 131456 131840 132608 197632 262168 262192 262240 278536 344064 393280 458752
1 7 16389 16396 38912 40961 45056 49153 68608 100352 114688 131456 131840 132608 197632 212992 262168 262192 262240 262336 278536 393344 409600
1 7 16389 16396 38912 40961 45056 49153 68608 100352 114688 131456 131840 132608 197632 262168 262192 262240 262336 278536 344064 393344 458752
1 7 16389 16396 40961 45056 49153 65560 65584 65632 65728 81928 114688 131456 131840 132608 196736 229376 265216 268288 299008 394240 425984
1 7 16389 16396 40961 45056 49153 65560 65584 65632 65728 81928 114688 134144 137216 167936 229376 262528 262912 263680 327808 394240 458752
1 7 16389 16396 40961 45056 49153 65560 65584 65632 81928 114688 131264 131456 131840 132608 164864 196672 229376 265216 268288 295936 299008
1 7 16389 16396 40961 45056 49153 65560 65584 65632 81928 114688 131264 131456 131840 132608 196672 229376 265216 268288 299008 394240 425984
1 7 16389 16396 40961 45056 49153 65560 65584 65632 81928 114688 131264 131456 131840 196672 229376 263680 265216 268288 299008 393728 425984
1 7 16389 16396 40961 45056 49153 65560 65584 65632 81928 114688 132608 134144 137216 167936 229376 262336 262528 262912 327744 393728 458752
1 7 16389 16396 40961 45056 49153 65560 65584 65632 81928 114688 134144 137216 167936 229376 262336 262528 262912 263680 327744 394240 458752
1 7 16389 16396 40961 45056 49153 65560 65584 81928 114688 131168 131264 131456 131840 196640 229376 263680 265216 268288 299008 393728 425984
1 7 16389 16396 40961 45056 49153 65560 65584 81928 114688 131168 131264 131456 196640 229376 262912 263680 265216 268288 299008 393472 425984
1 7 16389 16396 40961 45056 49153 65560 65584 81928 114688 131840 132608 134144 137216 167936 229376 262240 262336 262528 327712 393472 458752
1 7 16389 16396 40961 45056 49153 65560 65584 81928 114688 132608 134144 137216 167936 229376 262240 262336 262528 262912 327712 393728 458752
1 7 16389 16396 40961 45056 49153 65632 65728 65920 66304 114688 132608 134144 137216 167936 197120 229376 262168 262192 278536 327712 344064
1 7 16389 16396 40961 45056 49153 65632 65728 65920 114688 131840 132608 134144 137216 167936 196864 229376 262168 262192 278536 327712 344064
1 7 16389 16396 40961 45056 49153 65728 65920 66304 67072 99328 114688 131096 131120 131168 147464 196672 212992 265216 268288 295936 299008
1 7 16389 16396 40961 45056 49153 65728 65920 66304 67072 114688 134144 137216 167936 197632 229376 262168 262192 262240 278536 327744 344064
1 7 16389 16396 40961 45056 49153 65728 65920 66304 114688 132608 134144 137216 167936 197120 229376 262168 262192 262240 278536 327744 344064
1 7 16389 16396 40961 45056 49153 65920 66304 67072 114688 134144 137216 167936 197632 229376 262168 262192 262240 262336 278536 327808 344064
1 7 16389 16396 40961 45056 49153 66304 67072 68608 71680 102400 114688 131168 131264 131456 196864 212992 262168 262192 278536 393248 409600
1 7 16389 16396 40961 45056 49153 66304 67072 68608 71680 102400 114688 131168 131264 131456 196864 262168 262192 278536 344064 393248 458752
1 7 16389 16396 40961 45056 49153 67072 68608 71680 102400 114688 131168 131264 131456 131840 197120 212992 262168 262192 278536 393248 409600
1 7 16389 16396 40961 45056 49153 67072 68608 71680 102400 114688 131168 131264 131456 131840 197120 262168 262192 278536 344064 393248 458752
1 7 16389 16396 40961 45056 49153 67072 68608 71680 102400 114688 131264 131456 131840 197120 212992 262168 262192 262240 278536 393280 409600
1 7 16389 16396 40961 45056 49153 67072 68608 71680 102400 114688 131264 131456 131840 197120 262168 262192 262240 278536 344064 393280 458752
1 7 16389 16396 40961 45056 49153 68608 71680 102400 114688 131264 131456 131840 132608 197632 212992 262168 262192 262240 278536 393280 409600
1 7 16389 16396 40961 45056 49153 68608 71680 102400 114688 131264 131456 131840 132608 197632 262168 262192 262240 278536 344064 393280 458752
1 7 16389 16396 40961 45056 49153 68608 71680 102400 114688 131456 131840 132608 197632 212992 262168 262192 262240 262336 278536 393344 409600
1 7 16389 16396 40961 45056 49153 68608 71680 102400 114688 131456 131840 132608 197632 262168 262192 262240 262336 278536 344064 393344 458752
1 7 16389 16396 40961 49153 65560 65584 65632 81928 114688 131264 131456 131840 132608 164864 196672 229376 265216 268288 274432 295936 303104
1 7 16389 16396 40961 49153 65560 65584 65632 81928 114688 131264 131456 131840 132608 196672 229376 265216 268288 274432 303104 394240 425984
1 7 16389 16396 40961 49153 65560 65584 65632 81928 114688 134144 137216 143360 172032 229376 262336 262528 262912 263680 327744 394240 458752
1 7 16389 16396 40961 49153 65728 65920 66304 67072 99328 114688 131096 131120 131168 147464 196672 212992 265216 268288 274432 295936 303104
1 7 16389 16396 40961 49153 65728 65920 66304 67072 114688 134144 137216 143360 172032 197632 229376 262168 262192 262240 278536 327744 344064
1 7 16389 16396 40961 49153 68608 71680 77824 106496 114688 131264 131456 131840 132608 197632 212992 262168 262192 262240 278536 393280 409600
1 7 16389 16396 40961 49153 68608 71680 77824 106496 114688 131264 131456 131840 132608 197632 262168 262192 262240 278536 344064 393280 458752
1 7 16389 16396 49153 49160 65560 65584 65632 98312 131264 131456 131840 132608 196672 229376 265216 268288 270337 274432 294913 394240 425984
1 7 16389 16396 49153 49160 65560 65584 65632 98312 131264 131456 131840 132608 196672 265216 268288 270337 274432 294913 360448 394240 458752
1 7 16389 16396 49153 65560 65584 65632 81928 114688 131264 131456 131840 132608 164864 196672 229376 265216 268288 270337 274432 294913 295936
1 7 16389 16396 49153 65560 65584 65632 81928 114688 131264 131456 131840 132608 196672 229376 265216 268288 270337 274432 294913 394240 425984
1 7 16389 16396 49153 65560 65584 65632 81928 114688 134144 137216 139265 143360 163841 229376 262336 262528 262912 263680 327744 394240 458752
1 7 16389 16396 49153 65728 65920 66304 67072 99328 114688 131096 131120 131168 147464 196672 212992 265216 268288 270337 274432 294913 295936
1 7 16389 16396 49153 65728 65920 66304 67072 114688 134144 137216 139265 143360 163841 197632 229376 262168 262192 262240 278536 327744 344064
1 7 16389 16396 49153 68608 71680 73729 77824 98305 114688 131264 131456 131840 132608 197632 212992 262168 262192 262240 278536 393280 409600
1 7 16389 16396 49153 68608 71680 73729 77824 98305 114688 131264 131456 131840 132608 197632 262168 262192 262240 278536 344064 393280 458752
1 7 16389 16404 35840 38912 40961 45056 49153 65584 65632 65728 81936 114688 131456 131840 132608 164864 196736 229376 262156 262164 262168
1 7 16389 16404 35840 38912 40961 45056 49153 65920 66304 67072 99328 114688 131120 131168 131264 147472 196736 212992 262156 262164 262168
1 7 16389 16404 38912 40961 45056 49153 65584 65632 65728 65920 81936 114688 131840 132608 134144 165888 196864 229376 262156 262164 262168
1 7 16389 16404 38912 40961 45056 49153 66304 67072 68608 100352 114688 131120 131168 131264 131456 147472 196864 212992 262156 262164 262168
1 7 16389 16408 35840 38912 40961 45056 49153 65584 65632 65728 81936 114688 131456 131840 132608 164864 196736 229376 262156 278532 278536
1 7 16389 16408 35840 38912 40961 45056 49153 65920 66304 67072 99328 114688 131120 131168 131264 147472 196736 212992 262156 278532 278536
1 7 16389 16408 38912 40961 45056 49153 65584 65632 65728 65920 81936 114688 131840 132608 134144 165888 196864 229376 262156 278532 278536
1 7 16389 16408 38912 40961 45056 49153 66304 67072 68608 100352 114688 131120 131168 131264 131456 147472 196864 212992 262156 278532 278536
1 7 16389 32780 32792 49153 49156 65584 65632 65728 65920 98320 131840 132608 134144 196864 229376 268288 270337 274432 294913 395264 425984
1 7 16389 32780 32792 49153 49156 65584 65632 65728 65920 98320 131840 132608 134144 196864 268288 270337 274432 294913 360448 395264 458752
1 7 16389 32780 32792 49153 49156 65584 65632 65728 98320 131456 131840 132608 196736 229376 265216 268288 270337 274432 294913 394240 425984
1 7 16389 32780 32792 49153 49156 65584 65632 65728 98320 131456 131840 132608 196736 265216 268288 270337 274432 294913 360448 394240 458752
1 7 16389 32780 49153 49156 65560 65584 65632 98312 131264 131456 131840 132608 196672 229376 265216 268288 270337 274432 294913 394240 425984
1 7 16389 32780 49153 49156 65560 65584 65632 98312 134144 137216 139265 143360 163841 229376 262336 262528 262912 263680 327744 394240 458752
1 7 16389 34304 35840 38912 40961 45056 49153 65548 65560 81924 114688 131120 131168 196624 229376 262336 262528 262912 295424 393280 425984
1 7 16389 34304 35840 38912 40961 45056 49153 65548 65560 81924 114688 131264 131456 131840 164352 229376 262192 262240 327696 393280 458752
1 7 16389 34304 35840 38912 40961 45056 49153 65584 65632 114688 131264 131456 131840 164352 196672 229376 262156 262168 278532 327696 344064
1 7 16389 34304 35840 38912 40961 45056 49153 65728 65920 66304 98816 114688 131120 131168 196672 212992 262156 262168 278532 393232 409600
1 7 16389 34304 35840 38912 40961 45056 49153 65728 65920 66304 98816 114688 131120 131168 196672 262156 262168 278532 344064 393232 458752
1 7 16389 35840 38912 40961 45056 49153 65548 65560 65584 81924 114688 131168 131264 131456 196640 229376 262912 263680 295936 393472 425984
1 7 16389 35840 38912 40961 45056 49153 65548 65560 65584 81924 114688 131168 131264 196640 229376 262528 262912 263680 295936 393344 425984
1 7 16389 35840 38912 40961 45056 49153 65548 65560 65584 81924 114688 131168 196640 229376 262336 262528 262912 263680 295936 393280 425984
1 7 16389 35840 38912 40961 45056 49153 65548 65560 65584 81924 114688 131264 131456 131840 132608 164864 229376 262240 327712 393280 458752
1 7 16389 35840 38912 40961 45056 49153 65548 65560 65584 81924 114688 131456 131840 132608 164864 229376 262240 262336 327712 393344 458752
1 7 16389 35840 38912 40961 45056 49153 65548 65560 65584 81924 114688 131840 132608 164864 229376 262240 262336 262528 327712 393472 458752
1 7 16389 35840 38912 40961 45056 49153 65548 65560 81924 114688 131120 131168 131264 196624 229376 262528 262912 263680 295936 393344 425984
1 7 16389 35840 38912 40961 45056 49153 65548 65560 81924 114688 131120 131168 196624 229376 262336 262528 262912 263680 295936 393280 425984
1 7 16389 35840 38912 40961 45056 49153 65548 65560 81924 114688 131264 131456 131840 132608 164864 229376 262192 262240 327696 393280 458752
1 7 16389 35840 38912 40961 45056 49153 65548 65560 81924 114688 131456 131840 132608 164864 229376 262192 262240 262336 327696 393344 458752
1 7 16389 35840 38912 40961 45056 49153 65548 81924 114688 131096 131120 131168 196616 229376 262336 262528 262912 263680 295936 393280 425984
1 7 16389 35840 38912 40961 45056 49153 65548 81924 114688 131264 131456 131840 132608 164864 229376 262168 262192 262240 327688 393280 458752
1 7 16389 35840 38912 40961 45056 49153 65560 65584 65632 81928 114688 131264 131456 131840 132608 164864 196672 229376 262156 278532 278536
1 7 16389 35840 38912 40961 45056 49153 65560 65584 65632 114688 131264 131456 131840 132608 164864 196672 229376 262156 278532 327688 344064
1 7 16389 35840 38912 40961 45056 49153 65584 65632 65728 81936 114688 131456 131840 132608 164864 196736 229376 262156 262168 278532 278544
1 7 16389 35840 38912 40961 45056 49153 65584 65632 65728 114688 131456 131840 132608 164864 196736 229376 262156 262168 278532 327696 344064
1 7 16389 35840 38912 40961 45056 49153 65584 65632 114688 131264 131456 131840 132608 164864 196672 229376 262156 262168 278532 327696 344064
1 7 16389 35840 38912 40961 45056 49153 65632 65728 65920 114688 131840 132608 164864 196864 229376 262156 262168 262192 278532 327712 344064
1 7 16389 35840 38912 40961 45056 49153 65632 65728 114688 131456 131840 132608 164864 196736 229376 262156 262168 262192 278532 327712 344064
1 7 16389 35840 38912 40961 45056 49153 65632 114688 131264 131456 131840 132608 164864 196672 229376 262156 262168 262192 278532 327712 344064
1 7 16389 35840 38912 40961 45056 49153 65728 65920 66304 67072 99328 114688 131096 131120 131168 147464 196672 212992 262156 278532 278536
1 7 16389 35840 38912 40961 45056 49153 65728 65920 66304 67072 99328 114688 131096 131120 131168 196672 212992 262156 278532 393224 409600
1 7 16389 35840 38912 40961 45056 49153 65728 65920 66304 67072 99328 114688 131096 131120 131168 196672 262156 278532 344064 393224 458752
1 7 16389 35840 38912 40961 45056 49153 65728 65920 66304 67072 99328 114688 131120 131168 196672 212992 262156 262168 278532 393232 409600
1 7 16389 35840 38912 40961 45056 49153 65728 65920 66304 67072 99328 114688 131120 131168 196672 262156 262168 278532 344064 393232 458752
1 7 16389 35840 38912 40961 45056 49153 65728 65920 66304 67072 99328 114688 131168 196672 212992 262156 262168 262192 278532 393248 409600
1 7 16389 35840 38912 40961 45056 49153 65728 65920 66304 67072 99328 114688 131168 196672 262156 262168 262192 278532 344064 393248 458752
1 7 16389 35840 38912 40961 45056 49153 65920 66304 67072 99328 114688 131120 131168 131264 147472 196736 212992 262156 262168 278532 278544
1 7 16389 35840 38912 40961 45056 49153 65920 66304 67072 99328 114688 131120 131168 131264 196736 212992 262156 262168 278532 393232 409600
1 7 16389 35840 38912 40961 45056 49153 65920 66304 67072 99328 114688 131120 131168 131264 196736 262156 262168 278532 344064 393232 458752
1 7 16389 35840 38912 40961 45056 49153 65920 66304 67072 99328 114688 131168 131264 196736 212992 262156 262168 262192 278532 393248 409600
1 7 16389 35840 38912 40961 45056 49153 65920 66304 67072 99328 114688 131168 131264 196736 262156 262168 262192 278532 344064 393248 458752
1 7 16389 35840 38912 40961 45056 49153 66304 67072 99328 114688 131168 131264 131456 196864 212992 262156 262168 262192 278532 393248 409600
1 7 16389 35840 38912 40961 45056 49153 66304 67072 99328 114688 131168 131264 131456 196864 262156 262168 262192 278532 344064 393248 458752
1 7 16389 38912 40961 45056 49153 65548 65560 65584 81924 114688 131168 131264 131456 131840 196640 229376 263680 265216 296960 393728 425984
1 7 16389 38912 40961 45056 49153 65548 65560 65584 81924 114688 131168 131264 131456 196640 229376 262912 263680 265216 296960 393472 425984
1 7 16389 38912 40961 45056 49153 65548 65560 65584 81924 114688 131168 131264 196640 229376 262528 262912 263680 265216 296960 393344 425984
1 7 16389 38912 40961 45056 49153 65548 65560 81924 114688 131120 131168 131264 131456 196624 229376 262912 263680 265216 296960 393472 425984
1 7 16389 38912 40961 45056 49153 65548 65560 81924 114688 131120 131168 131264 196624 229376 262528 262912 263680 265216 296960 393344 425984
1 7 16389 38912 40961 45056 49153 65548 65560 81924 114688 131456 131840 132608 134144 165888 229376 262192 262240 262336 327696 393344 458752
1 7 16389 38912 40961 45056 49153 65548 65560 81924 114688 131840 132608 134144 165888 229376 262192 262240 262336 262528 327696 393472 458752
1 7 16389 38912 40961 45056 49153 65584 65632 65728 65920 81936 114688 131840 132608 134144 165888 196864 229376 262156 262168 278532 278544
1 7 16389 38912 40961 45056 49153 65584 65632 65728 65920 114688 131840 132608 134144 165888 196864 229376 262156 262168 278532 327696 344064
1 7 16389 38912 40961 45056 49153 65584 65632 65728 114688 131456 131840 132608 134144 165888 196736 229376 262156 262168 278532 327696 344064
1 7 16389 38912 40961 45056 49153 65632 65728 65920 66304 114688 132608 134144 165888 197120 229376 262156 262168 262192 278532 327712 344064
1 7 16389 38912 40961 45056 49153 65632 65728 65920 114688 131840 132608 134144 165888 196864 229376 262156 262168 262192 278532 327712 344064
1 7 16389 38912 40961 45056 49153 65632 65728 114688 131456 131840 132608 134144 165888 196736 229376 262156 262168 262192 278532 327712 344064
1 7 16389 38912 40961 45056 49153 65920 66304 67072 68608 100352 114688 131120 131168 131264 196736 212992 262156 262168 278532 393232 409600
1 7 16389 38912 40961 45056 49153 65920 66304 67072 68608 100352 114688 131120 131168 131264 196736 262156 262168 278532 344064 393232 458752
1 7 16389 38912 40961 45056 49153 65920 66304 67072 68608 100352 114688 131168 131264 196736 212992 262156 262168 262192 278532 393248 409600
1 7 16389 38912 40961 45056 49153 66304 67072 68608 100352 114688 131120 131168 131264 131456 147472 196864 212992 262156 262168 278532 278544
1 7 16389 38912 40961 45056 49153 66304 67072 68608 100352 114688 131120 131168 131264 131456 196864 212992 262156 262168 278532 393232 409600
1 7 16389 38912 40961 45056 49153 66304 67072 68608 100352 114688 131120 131168 131264 131456 196864 262156 262168 278532 344064 393232 458752
2 7 16389 38912 40961 45056 49153 66304 67072 68608 100352 114688 131168 131264 131456 196864 212992 262156 262168 262192 278532 393248 409600
1 16387 16389 16390 32773 32780 32792 68608 71680 73729 77824 98305 131120 131168 131264 163856 229376 262528 262912 263680 328704 393344 458752
1 16387 16389 16390 32773 32780 32792 68608 71680 73729 77824 98305 131456 131840 132608 197632 229376 262192 262240 262336 294928 393344 425984
1 16387 16389 16390 32773 32780 32792 71680 73729 77824 98305 131120 131168 131264 131456 163856 229376 262912 263680 265216 329728 393472 458752
1 16387 16389 16390 32773 32780 32792 71680 73729 77824 98305 131840 132608 134144 198656 229376 262192 262240 262336 262528 294928 393472 425984
1 16387 16389 16390 32773 32780 68608 71680 73729 77824 98305 131096 131120 131168 163848 229376 262336 262528 262912 263680 328704 393280 458752
1 16387 16389 16390 32773 32780 68608 71680 73729 77824 98305 131264 131456 131840 132608 197632 229376 262168 262192 262240 294920 393280 425984
1 16387 16390 16396 16408 16432 32864 32960 33152 49184 66304 67072 98560 114688 134144 137216 197632 212992 270337 274432 278529 397312 409600
1 16387 16390 16396 16408 16432 32864 32960 33152 49184 66304 67072 98560 114688 134144 137216 197632 270337 274432 278529 344064 397312 458752
1 16387 16390 16396 16408 16432 32864 32960 33152 49184 66304 67072 98560 114688 134144 197632 212992 268288 270337 274432 278529 395264 409600
1 16387 16390 16396 16408 16432 32864 32960 33152 49184 66304 67072 98560 114688 134144 197632 268288 270337 274432 278529 344064 395264 458752
1 16387 16390 16396 16408 16432 32864 32960 33152 49184 66304 98560 114688 132608 134144 197120 268288 270337 274432 278529 344064 395264 458752
1 16387 16390 16396 16408 16432 32864 32960 33152 49184 68608 71680 114688 131840 132608 164096 197632 229376 270337 274432 278529 331776 344064
1 16387 16390 16396 16408 16432 32864 32960 33152 49184 71680 73729 77824 81921 114688 131840 132608 164096 229376 265216 329728 394240 458752
1 16387 16390 16396 16408 16432 32864 32960 33152 49184 71680 73729 77824 81921 114688 131840 164096 229376 263680 265216 329728 393728 458752
1 16387 16390 16396 16408 16432 32864 32960 33152 49184 73729 77824 81921 114688 131840 132608 164096 229376 265216 268288 331776 394240 458752
1 16387 16390 16396 16408 16432 32864 32960 33152 49184 73729 77824 81921 114688 134144 137216 200704 229376 262912 263680 295168 394240 425984
1 16387 16390 16396 16408 32816 32864 32960 33152 49168 66304 67072 68608 98560 114688 137216 139265 143360 147457 212992 329728 395264 458752
1 16387 16390 16396 16408 32816 32864 32960 33152 49168 66304 67072 68608 98560 114688 137216 139265 143360 198656 212992 278529 393217 409600
1 16387 16390 16396 16408 32816 32864 32960 33152 49168 66304 67072 68608 98560 114688 137216 139265 147457 198656 212992 274432 397312 401408
1 16387 16390 16396 16408 32816 32864 32960 33152 49168 66304 67072 68608 98560 114688 137216 143360 147457 198656 212992 270337 393217 401408
1 16387 16390 16396 16408 32816 32864 32960 33152 49168 66304 67072 68608 98560 114688 137216 143360 198656 212992 270337 278529 401408 409600
1 16387 16390 16396 16408 32816 32864 32960 33152 49168 66304 67072 68608 98560 114688 137216 147457 198656 212992 270337 274432 393217 397312
1 16387 16390 16396 16408 32816 32864 32960 33152 49168 66304 67072 68608 98560 114688 137216 198656 212992 270337 274432 278529 397312 409600
1 16387 16390 16396 16408 32816 32864 32960 33152 49168 66304 67072 68608 98560 114688 139265 143360 147457 198656 212992 268288 395264 397312
1 16387 16390 16396 16408 32816 32864 32960 33152 49168 66304 67072 68608 98560 114688 139265 143360 147457 212992 268288 329728 397312 458752
1 16387 16390 16396 16408 32816 32864 32960 33152 49168 66304 67072 68608 98560 114688 139265 147457 198656 212992 268288 274432 395264 401408
1 16387 16390 16396 16408 32816 32864 32960 33152 49168 66304 67072 68608 98560 114688 139265 147457 212992 268288 274432 329728 401408 458752
1 16387 16390 16396 16408 32816 32864 32960 33152 49168 66304 67072 68608 98560 114688 147457 198656 212992 268288 270337 274432 393217 395264
1 16387 16390 16396 16408 32816 32864 32960 33152 49168 66304 67072 68608 98560 114688 147457 212992 268288 270337 274432 329728 393217 458752
1 16387 16390 16396 16408 32816 32864 32960 33152 49168 66304 67072 68608 98560 114688 198656 212992 268288 270337 274432 278529 395264 409600
1 16387 16390 16396 16408 32816 32864 32960 33152 49168 66304 67072 68608 98560 114688 212992 268288 270337 274432 278529 329728 409600 458752
1 16387 16390 16396 16408 32816 32864 32960 33152 49168 66304 67072 68608 98560 137216 139265 143360 147457 198656 229376 311296 409600 425984
1 16387 16390 16396 16408 32816 32864 32960 33152 49168 66304 67072 68608 98560 137216 139265 143360 180224 198656 229376 278529 393217 409600
1 16387 16390 16396 16408 32816 32864 32960 33152 49168 66304 67072 68608 98560 137216 139265 143360 198656 229376 278529 311296 393217 425984
1 16387 16390 16396 16408 32816 32864 32960 33152 49168 66304 67072 68608 98560 137216 139265 147457 180224 198656 229376 274432 397312 401408
1 16387 16390 16396 16408 32816 32864 32960 33152 49168 66304 67072 68608 98560 137216 143360 147457 180224 198656 229376 270337 393217 401408
1 16387 16390 16396 16408 32816 32864 32960 33152 49168 66304 67072 68608 98560 137216 143360 180224 198656 229376 270337 278529 401408 409600
1 16387 16390 16396 16408 32816 32864 32960 33152 49168 66304 67072 68608 98560 137216 143360 198656 229376 270337 278529 311296 401408 425984
1 16387 16390 16396 16408 32816 32864 32960 33152 49168 66304 67072 68608 98560 137216 147457 180224 198656 229376 270337 274432 393217 397312
1 16387 16390 16396 16408 32816 32864 32960 33152 49168 66304 67072 68608 98560 137216 180224 198656 229376 270337 274432 278529 397312 409600
1 16387 16390 16396 16408 32816 32864 32960 33152 49168 66304 67072 68608 98560 137216 198656 229376 270337 274432 278529 311296 397312 425984
1 16387 16390 16396 16408 32816 32864 32960 33152 49168 66304 67072 68608 98560 139265 143360 147457 180224 198656 229376 268288 395264 397312
1 16387 16390 16396 16408 32816 32864 32960 33152 49168 66304 67072 68608 98560 139265 143360 147457 180224 229376 268288 329728 397312 458752
1 16387 16390 16396 16408 32816 32864 32960 33152 49168 66304 67072 68608 98560 139265 147457 180224 198656 229376 268288 274432 395264 401408
1 16387 16390 16396 16408 32816 32864 32960 33152 49168 66304 67072 68608 98560 139265 147457 180224 229376 268288 274432 329728 401408 458752
1 16387 16390 16396 16408 32816 32864 32960 33152 49168 66304 67072 68608 98560 147457 180224 198656 229376 268288 270337 274432 393217 395264
1 16387 16390 16396 16408 32816 32864 32960 33152 49168 66304 67072 68608 98560 147457 180224 229376 268288 270337 274432 329728 393217 458752
2 16387 16390 16396 16408 32816 32864 32960 33152 49168 66304 67072 68608 98560 180224 198656 229376 268288 270337 274432 278529 395264 409600
2 16387 16390 16396 16408 32816 32864 32960 33152 49168 66304 67072 68608 98560 180224 229376 268288 270337 274432 278529 329728 409600 458752
1 16387 16390 16396 16408 32816 32864 32960 33152 49168 66304 67072 98560 114688 134144 137216 143360 197632 212992 270337 278529 401408 409600
1 16387 16390 16396 16408 32816 32864 32960 33152 49168 66304 67072 98560 114688 134144 137216 197632 212992 270337 274432 278529 397312 409600
1 16387 16390 16396 16408 32816 32864 32960 33152 49168 66304 67072 98560 114688 139265 143360 147457 212992 265216 268288 328704 397312 458752
1 16387 16390 16396 16408 32816 32864 32960 33152 49168 66304 67072 98560 114688 139265 147457 212992 265216 268288 274432 328704 401408 458752
1 16387 16390 16396 16408 32816 32864 32960 33152 49168 66304 67072 98560 134144 137216 143360 180224 197632 229376 270337 278529 401408 409600
1 16387 16390 16396 16408 32816 32864 32960 33152 49168 66304 67072 98560 134144 137216 143360 197632 229376 270337 278529 311296 401408 425984
2 16387 16390 16396 16408 32816 32864 32960 33152 49168 66304 67072 98560 134144 137216 180224 197632 229376 270337 274432 278529 397312 409600
1 16387 16390 16396 16408 32816 32864 32960 33152 49168 66304 67072 98560 139265 147457 180224 229376 265216 268288 274432 328704 401408 458752
1 16387 16390 16396 16408 32816 32864 32960 49168 65920 66304 67072 98432 114688 134144 137216 139265 143360 197632 212992 278529 393217 409600
1 16387 16390 16396 16408 32816 32864 32960 49168 65920 66304 67072 98432 114688 134144 137216 139265 143360 197632 278529 344064 393217 458752
1 16387 16390 16396 16408 32816 32864 32960 49168 65920 66304 67072 98432 114688 134144 137216 139265 147457 197632 212992 274432 397312 401408
1 16387 16390 16396 16408 32816 32864 32960 49168 65920 66304 67072 98432 114688 134144 137216 143360 147457 197632 212992 270337 393217 401408
1 16387 16390 16396 16408 32816 32864 32960 49168 65920 66304 67072 98432 114688 134144 137216 143360 197632 212992 270337 278529 401408 409600
1 16387 16390 16396 16408 32816 32864 32960 49168 65920 66304 67072 98432 114688 134144 137216 143360 197632 270337 278529 344064 401408 458752
1 16387 16390 16396 16408 32816 32864 32960 49168 65920 66304 67072 98432 114688 134144 137216 147457 197632 212992 270337 274432 393217 397312
1 16387 16390 16396 16408 32816 32864 32960 49168 65920 66304 67072 98432 114688 134144 137216 197632 212992 270337 274432 278529 397312 409600
1 16387 16390 16396 16408 32816 32864 32960 49168 65920 66304 67072 98432 114688 134144 137216 197632 270337 274432 278529 344064 397312 458752
1 16387 16390 16396 16408 32816 32864 32960 49168 65920 66304 67072 98432 114688 134144 139265 143360 147457 197632 212992 268288 395264 397312
1 16387 16390 16396 16408 32816 32864 32960 49168 65920 66304 67072 98432 114688 134144 139265 147457 197632 212992 268288 274432 395264 401408
1 16387 16390 16396 16408 32816 32864 32960 49168 65920 66304 67072 98432 114688 134144 147457 197632 212992 268288 270337 274432 393217 395264
1 16387 16390 16396 16408 32816 32864 32960 49168 65920 66304 67072 98432 114688 134144 197632 212992 268288 270337 274432 278529 395264 409600
1 16387 16390 16396 16408 32816 32864 32960 49168 65920 66304 67072 98432 114688 134144 197632 268288 270337 274432 278529 344064 395264 458752
1 16387 16390 16396 16408 32816 32864 32960 49168 65920 66304 67072 98432 114688 137216 139265 143360 147457 197632 212992 265216 394240 395264
1 16387 16390 16396 16408 32816 32864 32960 49168 65920 66304 67072 98432 114688 139265 143360 147457 197632 212992 265216 268288 394240 397312
1 16387 16390 16396 16408 32816 32864 32960 49168 65920 66304 67072 98432 114688 139265 147457 197632 212992 265216 268288 274432 394240 401408
1 16387 16390 16396 16408 32816 32864 32960 49168 65920 66304 67072 98432 114688 147457 197632 212992 265216 268288 270337 274432 393217 394240
2 16387 16390 16396 16408 32816 32864 32960 49168 65920 66304 67072 98432 134144 137216 139265 143360 197632 278529 311296 360448 393217 458752
1 16387 16390 16396 16408 32816 32864 32960 49168 65920 66304 67072 98432 134144 137216 139265 147457 180224 197632 229376 274432 397312 401408
1 16387 16390 16396 16408 32816 32864 32960 49168 65920 66304 67072 98432 134144 137216 143360 147457 180224 197632 229376 270337 393217 401408
1 16387 16390 16396 16408 32816 32864 32960 49168 65920 66304 67072 98432 134144 137216 143360 180224 197632 229376 270337 278529 401408 409600
1 16387 16390 16396 16408 32816 32864 32960 49168 65920 66304 67072 98432 134144 137216 143360 197632 229376 270337 278529 311296 401408 425984
1 16387 16390 16396 16408 32816 32864 32960 49168 65920 66304 67072 98432 134144 137216 143360 197632 270337 278529 311296 360448 401408 458752
1 16387 16390 16396 16408 32816 32864 32960 49168 65920 66304 67072 98432 134144 137216 147457 180224 197632 229376 270337 274432 393217 397312
1 16387 16390 16396 16408 32816 32864 32960 49168 65920 66304 67072 98432 134144 137216 180224 197632 229376 270337 274432 278529 397312 409600
1 16387 16390 16396 16408 32816 32864 32960 49168 65920 66304 67072 98432 134144 137216 197632 229376 270337 274432 278529 311296 397312 425984
1 16387 16390 16396 16408 32816 32864 32960 49168 65920 66304 67072 98432 134144 137216 197632 270337 274432 278529 311296 360448 397312 458752
1 16387 16390 16396 16408 32816 32864 32960 49168 65920 66304 67072 98432 134144 139265 143360 147457 180224 197632 229376 268288 395264 397312
1 16387 16390 16396 16408 32816 32864 32960 49168 65920 66304 67072 98432 134144 139265 147457 180224 197632 229376 268288 274432 395264 401408
1 16387 16390 16396 16408 32816 32864 32960 49168 65920 66304 67072 98432 134144 147457 180224 197632 229376 268288 270337 274432 393217 395264
1 16387 16390 16396 16408 32816 32864 32960 49168 65920 66304 67072 98432 134144 180224 197632 229376 268288 270337 274432 278529 395264 409600
1 16387 16390 16396 16408 32816 32864 32960 49168 65920 66304 67072 98432 134144 197632 229376 268288 270337 274432 278529 311296 395264 425984
1 16387 16390 16396 16408 32816 32864 32960 49168 65920 66304 67072 98432 134144 197632 268288 270337 274432 278529 311296 360448 395264 458752
1 16387 16390 16396 16408 32816 32864 32960 49168 65920 66304 67072 98432 137216 139265 143360 147457 180224 197632 229376 265216 394240 395264
1 16387 16390 16396 16408 32816 32864 32960 49168 65920 66304 67072 98432 139265 143360 147457 180224 197632 229376 265216 268288 394240 397312
1 16387 16390 16396 16408 32816 32864 32960 49168 65920 66304 67072 98432 139265 147457 180224 197632 229376 265216 268288 274432 394240 401408
1 16387 16390 16396 16408 32816 32864 32960 49168 65920 66304 67072 98432 147457 180224 197632 229376 265216 268288 270337 274432 393217 394240
1 16387 16390 16396 16408 32816 32864 32960 49168 65920 66304 98432 114688 132608 134144 137216 197120 212992 270337 274432 278529 397312 409600
1 16387 16390 16396 16408 32816 32864 32960 49168 65920 66304 98432 114688 132608 134144 137216 197120 270337 274432 278529 344064 397312 458752
2 16387 16390 16396 16408 32816 32864 32960 49168 65920 66304 98432 114688 132608 134144 197120 212992 268288 270337 274432 278529 395264 409600
1 16387 16390 16396 16408 32816 32864 32960 49168 65920 66304 98432 114688 132608 134144 197120 268288 270337 274432 278529 344064 395264 458752
1 16387 16390 16396 16408 32816 32864 32960 49168 65920 66304 98432 132608 134144 137216 180224 197120 229376 270337 274432 278529 397312 409600
1 16387 16390 16396 16408 32816 32864 32960 49168 65920 66304 98432 132608 134144 137216 197120 229376 270337 274432 278529 311296 397312 425984
1 16387 16390 16396 16408 32816 32864 32960 49168 65920 66304 98432 132608 134144 137216 197120 270337 274432 278529 311296 360448 397312 458752
1 16387 16390 16396 16408 32816 32864 32960 49168 65920 66304 98432 132608 134144 197120 229376 268288 270337 274432 278529 311296 395264 425984
2 16387 16390 16396 16408 32816 32864 49168 65728 65920 66304 98368 114688 132608 134144 137216 197120 212992 270337 274432 278529 397312 409600
1 16387 16390 16396 16408 32816 32864 49168 65728 65920 66304 98368 114688 139265 143360 147457 212992 263680 265216 268288 328192 397312 458752
1 16387 16390 16396 16408 32816 32864 49168 65728 65920 66304 98368 132608 134144 137216 197120 229376 270337 274432 278529 311296 397312 425984
1 16387 16390 16396 32792 32816 32864 49160 65728 65920 66304 98368 114688 132608 134144 137216 197120 212992 270337 274432 278529 397312 409600
1 16387 16390 16396 32792 32816 32864 49160 65728 65920 66304 98368 114688 132608 134144 137216 197120 270337 274432 278529 344064 397312 458752
2 16387 16390 16396 32792 32816 32864 49160 65728 65920 98368 114688 131840 132608 134144 196864 268288 270337 274432 278529 344064 395264 458752
